batter,player_name,team_recent,total_career_pa,current_l150_xwoba,career_l150_median,career_l150_min,career_l150_max,career_l150_mean,career_percentile,avg_ev,ev90,hard_hit_pct,barrel_pct,xwoba_on_contact,k_pct,bb_pct,chase_pct,sweet_spot_pct,avg_ev_l21d,ev90_l21d,hard_hit_pct_l21d,barrel_pct_l21d,xwoba_on_contact_l21d,k_pct_l21d,bb_pct_l21d,chase_pct_l21d,sweet_spot_pct_l21d,n_pa_l21d,built_at
592518,Manny Machado,SD,7298.0,0.3371032666666666,0.3545084466666667,0.26136600666666665,0.4567827676515729,0.3531443182212969,0.3534005395428085,90.11699999999999,104.97000000000001,0.45,0.15,0.3811,0.2119205298013245,0.11258278145695365,0.3450479233226837,0.3564356435643564,90.99607843137251,104.6,0.49019607843137253,0.17647058823529413,0.4101176470588234,0.22988505747126436,0.1724137931034483,0.3177083333333333,0.39215686274509803,87.0,2026-07-07T13:22:33.296448+00:00
518692,Freddie Freeman,LAD,7134.0,0.39941333999999995,0.39245090666666665,0.2625011756102378,0.5208523356665136,0.39454159622486445,0.5667594899604279,89.21192660550456,104.24,0.44954128440366975,0.10091743119266056,0.42697247706422026,0.14666666666666667,0.11333333333333333,0.27714285714285714,0.4036697247706422,90.23650793650796,104.17999999999999,0.47619047619047616,0.07936507936507936,0.44263492063492066,0.12790697674418605,0.13953488372093023,0.255,0.42857142857142855,86.0,2026-07-07T13:22:33.296448+00:00
502671,Paul Goldschmidt,NYY,7121.0,0.26992366000000007,0.36814046666666667,0.26173032666666673,0.4729384466666666,0.3711490620532252,0.0011704462326261888,84.69285714285718,103.08999999999999,0.33035714285714285,0.08035714285714286,0.3203660714285715,0.21710526315789475,0.046052631578947366,0.36,0.32142857142857145,85.04222222222221,103.54,0.37777777777777777,0.13333333333333333,0.2996444444444445,0.3088235294117647,0.029411764705882353,0.3959731543624161,0.24444444444444444,68.0,2026-07-07T13:22:33.296448+00:00
543760,Marcus Semien,NYM,7077.0,0.3287808133333333,0.3205567,0.23226102295075302,0.42934498,0.32052322859431814,0.611378555798687,85.82815533980587,101.34,0.3300970873786408,0.07766990291262135,0.38604854368932023,0.23333333333333334,0.07333333333333333,0.30324909747292417,0.4077669902912621,84.32,97.64,0.24,0.0,0.27168,0.21621621621621623,0.10810810810810811,0.2839506172839506,0.32,37.0,2026-07-07T13:22:33.296448+00:00
596019,Francisco Lindor,NYM,7002.0,0.3482526,0.3438316665511006,0.26432513333333335,0.46213610000000005,0.349287026128428,0.5405846564772221,92.13302752293578,104.18,0.4954128440366973,0.08256880733944955,0.37500917431192654,0.16666666666666666,0.09333333333333334,0.2804532577903683,0.3211009174311927,94.73714285714284,103.30000000000001,0.6285714285714286,0.05714285714285714,0.3894285714285714,0.13333333333333333,0.06666666666666667,0.2916666666666667,0.3142857142857143,45.0,2026-07-07T13:22:33.296448+00:00
605141,Mookie Betts,LAD,6968.0,0.3454236400000001,0.3579406466666667,0.22522704982317318,0.5261560200000001,0.36535214811288286,0.3898959881129272,90.54435483870962,102.65,0.3951612903225806,0.07258064516129033,0.3557338709677421,0.1111111111111111,0.0784313725490196,0.1821561338289963,0.4435483870967742,92.32142857142858,102.35,0.44285714285714284,0.07142857142857142,0.3682142857142856,0.09523809523809523,0.07142857142857142,0.16417910447761194,0.42857142857142855,84.0,2026-07-07T13:22:33.296448+00:00
571448,Nolan Arenado,AZ,6859.0,0.2424799733333333,0.33013603999999996,0.24100664,0.4145098266666666,0.33054019033172866,0.0003039975680194558,84.83039215686271,98.88000000000001,0.3235294117647059,0.049019607843137254,0.26330392156862736,0.2251655629139073,0.059602649006622516,0.3333333333333333,0.35294117647058826,84.49423076923077,100.85000000000001,0.34615384615384615,0.057692307692307696,0.28225,0.2028985507246377,0.043478260869565216,0.3235294117647059,0.38461538461538464,69.0,2026-07-07T13:22:33.296448+00:00
608070,José Ramírez,CLE,6796.0,0.33916524,0.34826616666666654,0.2497293533333333,0.45801076477695074,0.34827792453188494,0.38873456790123456,90.82857142857145,105.36000000000001,0.4732142857142857,0.03571428571428571,0.35335714285714287,0.1437908496732026,0.1111111111111111,0.27218934911242604,0.4017857142857143,,,,,,,,,,,2026-07-07T13:22:33.296448+00:00
593428,Xander Bogaerts,SD,6767.0,0.29062650000000007,0.3258356933333333,0.24409464,0.43836053333333336,0.3270399973335543,0.14727022480501606,88.31632653061224,103.11,0.40816326530612246,0.04081632653061224,0.2909183673469388,0.19078947368421054,0.125,0.23809523809523808,0.23469387755102042,88.2458333333333,103.84,0.4375,0.020833333333333332,0.2704999999999999,0.1891891891891892,0.14864864864864866,0.2080536912751678,0.20833333333333334,74.0,2026-07-07T13:22:33.296448+00:00
514888,Jose Altuve,HOU,6759.0,0.26759535999999995,0.33544877872531076,0.24244896666666668,0.44699222666666655,0.3358174603898442,0.03542821934688848,85.89090909090906,101.7,0.30303030303030304,0.050505050505050504,0.3130303030303031,0.2549019607843137,0.0784313725490196,0.38484848484848483,0.36363636363636365,85.54035087719302,100.74000000000001,0.2631578947368421,0.05263157894736842,0.2994736842105263,0.21951219512195122,0.08536585365853659,0.39766081871345027,0.3508771929824561,82.0,2026-07-07T13:22:33.296448+00:00
553993,Eugenio Suárez,CIN,6605.0,0.2500104733333333,0.3328569333333334,0.23758532666666668,0.4459693037005481,0.3325561951421503,0.010793054903801032,88.51951219512193,103.19,0.34146341463414637,0.07317073170731707,0.32909756097560966,0.3509933774834437,0.07947019867549669,0.33024691358024694,0.32926829268292684,89.78787878787877,103.5,0.3333333333333333,0.09090909090909091,0.30672727272727274,0.38235294117647056,0.08823529411764706,0.3032258064516129,0.30303030303030304,68.0,2026-07-07T13:22:33.296448+00:00
547180,Bryce Harper,PHI,6564.0,0.39176877333333343,0.38982000666666666,0.29016701123498084,0.5323659354613732,0.3916648787287703,0.5143590566340446,91.79560439560443,105.6,0.5604395604395604,0.07692307692307693,0.4471978021978024,0.23529411764705882,0.16993464052287582,0.3058510638297872,0.3516483516483517,90.9611111111111,106.45,0.5370370370370371,0.09259259259259259,0.4833333333333335,0.23863636363636365,0.14772727272727273,0.33170731707317075,0.3888888888888889,88.0,2026-07-07T13:22:33.296448+00:00
467793,Carlos Santana,AZ,6536.0,0.25771133141025643,0.3449308683011433,0.2518979980769231,0.4686557333333333,0.3458365265476398,0.0009514747859181732,85.5830188679245,101.05000000000001,0.3018867924528302,0.018867924528301886,0.28042759161828745,0.22077922077922077,0.08441558441558442,0.26582278481012656,0.3113207547169811,,,,,,,,,,,2026-07-07T13:22:33.296448+00:00
592206,Nick Castellanos,SD,6484.0,0.28507148666666665,0.34595836666666663,0.2457901255832391,0.46898064000000006,0.34679834688343153,0.08917501192179304,87.82959183673469,101.98,0.37755102040816324,0.07142857142857142,0.3933642857142857,0.3026315789473684,0.046052631578947366,0.4094955489614243,0.4489795918367347,,,,,,,,,,,2026-07-07T13:22:33.296448+00:00
592885,Christian Yelich,MIL,6348.0,0.30383345333333334,0.3628206531438783,0.27321327922909333,0.5602569666666668,0.36499494108182334,0.07406799146000985,87.69529411764704,103.8,0.43529411764705883,0.07058823529411765,0.37186904761904777,0.29605263157894735,0.11842105263157894,0.2084592145015106,0.35294117647058826,88.61190476190478,103.69,0.5476190476190477,0.11904761904761904,0.3791463414634146,0.29333333333333333,0.12,0.21428571428571427,0.30952380952380953,75.0,2026-07-07T13:22:33.296448+00:00
543807,George Springer,TOR,6314.0,0.31977327333333333,0.3588770363091701,0.2739030396427388,0.4890384466666667,0.3611562470052821,0.12553401248767662,89.48673469387758,104.64999999999999,0.3979591836734694,0.07142857142857142,0.3489591836734696,0.20666666666666667,0.11333333333333333,0.22258064516129034,0.37755102040816324,89.42368421052632,105.19,0.42105263157894735,0.05263157894736842,0.34931578947368414,0.25862068965517243,0.06896551724137931,0.20175438596491227,0.39473684210526316,58.0,2026-07-07T13:22:33.296448+00:00
542303,Marcell Ozuna,PIT,6048.0,0.31549620666666667,0.3619944955688545,0.24580747763075095,0.5061731783007376,0.3641672331263462,0.12911522633744857,90.3037037037037,104.7,0.3950617283950617,0.07407407407407407,0.4139876543209876,0.32894736842105265,0.1118421052631579,0.25203252032520324,0.41975308641975306,90.52307692307694,105.58000000000001,0.46153846153846156,0.15384615384615385,0.5993846153846154,0.43333333333333335,0.13333333333333333,0.2625,0.5384615384615384,30.0,2026-07-07T13:22:33.296448+00:00
607208,Trea Turner,PHI,6011.0,0.27743032666666667,0.33895383578687055,0.2528583531220436,0.43239493333333323,0.3360452439081581,0.037618636755823984,87.07454545454543,102.66,0.39090909090909093,0.07272727272727272,0.3421454545454544,0.23529411764705882,0.032679738562091505,0.36769759450171824,0.3181818181818182,88.74677419354836,103.8,0.45161290322580644,0.0967741935483871,0.3734354838709677,0.21428571428571427,0.023809523809523808,0.35443037974683544,0.3225806451612903,84.0,2026-07-07T13:22:33.296448+00:00
457705,Andrew McCutchen,TEX,5981.0,0.2699095715245478,0.3459752625973061,0.2642832666666666,0.4632064200000001,0.3486355639023961,0.0013917884481558804,87.56804123711339,101.58000000000001,0.30927835051546393,0.030927835051546393,0.2817591065292096,0.23333333333333334,0.10666666666666667,0.21428571428571427,0.30927835051546393,,,,,,,,,,,2026-07-07T13:22:33.296448+00:00
656941,Kyle Schwarber,PHI,5785.0,0.36756017333333335,0.36836882374847374,0.28799155880728083,0.5242784304836807,0.3724858212035201,0.49100071994240463,93.72463768115941,108.82000000000001,0.5942028985507246,0.11594202898550725,0.5607971014492754,0.36666666666666664,0.16666666666666666,0.2573099415204678,0.4492753623188406,95.95,109.16,0.6842105263157895,0.13157894736842105,0.5894473684210526,0.36585365853658536,0.17073170731707318,0.22994652406417113,0.42105263157894735,82.0,2026-07-07T13:22:33.296448+00:00
592663,J.T. Realmuto,PHI,5752.0,0.32777348666666667,0.32990813990931084,0.26724248,0.42889482690831643,0.33253593999016745,0.479136690647482,89.43737373737379,103.36,0.36363636363636365,0.0707070707070707,0.36853535353535344,0.23529411764705882,0.08496732026143791,0.31724137931034485,0.35353535353535354,90.63499999999998,102.97,0.375,0.075,0.35012499999999996,0.2459016393442623,0.06557377049180328,0.34234234234234234,0.375,61.0,2026-07-07T13:22:33.296448+00:00
608324,Alex Bregman,CHC,5742.0,0.30686188000000003,0.34610365422422357,0.25819519369176036,0.4265424,0.3470245946266719,0.09479956663055254,85.63113207547168,99.25,0.2830188679245283,0.02830188679245283,0.2613962264150944,0.13157894736842105,0.14473684210526316,0.20504731861198738,0.33962264150943394,86.54716981132077,99.18,0.33962264150943394,0.018867924528301886,0.254811320754717,0.125,0.1875,0.15555555555555556,0.32075471698113206,80.0,2026-07-07T13:22:33.296448+00:00
453568,Charlie Blackmon,COL,5705.0,0.337180978453083,0.34205456666666667,0.24380218983832133,0.45976360666666666,0.3428941806966444,0.4500641378046546,86.151376146789,101.34,0.27522935779816515,0.045871559633027525,0.37350689695378375,0.17333333333333334,0.08666666666666667,0.2579505300353357,0.44036697247706424,,,,,,,,,,,2026-07-07T13:22:33.296448+00:00
521692,Salvador Perez,KC,5667.0,0.29464331333333343,0.3399797933333333,0.23476005614236656,0.44416982118318704,0.3359415151254319,0.1928952696484447,89.59661016949158,105.13,0.4406779661016949,0.11016949152542373,0.34190677966101707,0.18421052631578946,0.019736842105263157,0.4485981308411215,0.3644067796610169,91.16415094339621,103.52,0.49056603773584906,0.1509433962264151,0.35071698113207533,0.22535211267605634,0.0,0.40559440559440557,0.37735849056603776,71.0,2026-07-07T13:22:33.296448+00:00
547989,José Abreu,HOU,5603.0,0.22514719151134585,0.34800504,0.21513874706690136,0.47771644739519825,0.3511626217502765,0.0029750836742283376,87.26574074074075,103.66,0.3333333333333333,0.046296296296296294,0.2550311085805729,0.23529411764705882,0.0392156862745098,0.3605015673981191,0.26851851851851855,,,,,,,,,,,2026-07-07T13:22:33.296448+00:00
621020,Dansby Swanson,CHC,5596.0,0.27003156666666667,0.32748721304913986,0.21720916,0.4276949369893515,0.3272824911028767,0.052445601636600336,89.49895833333339,103.35,0.375,0.07291666666666667,0.30612500000000004,0.26666666666666666,0.08666666666666667,0.2711864406779661,0.2604166666666667,92.86415094339623,103.80000000000001,0.49056603773584906,0.1320754716981132,0.4138679245283018,0.19718309859154928,0.056338028169014086,0.27007299270072993,0.32075471698113206,71.0,2026-07-07T13:22:33.296448+00:00
621566,Matt Olson,ATL,5583.0,0.34755393999999995,0.3709137666666667,0.24578789856975836,0.45665445576968133,0.36687202617420667,0.26689063083240017,92.60476190476187,107.66,0.5333333333333333,0.12380952380952381,0.4161333333333333,0.2222222222222222,0.0784313725490196,0.25588235294117645,0.3238095238095238,90.35384615384616,107.52,0.4807692307692308,0.1346153846153846,0.41163461538461543,0.23076923076923078,0.10256410256410256,0.2459016393442623,0.2692307692307692,78.0,2026-07-07T13:22:33.296448+00:00
518934,DJ LeMahieu,NYY,5548.0,0.2969906332290336,0.34109964,0.25727758852071214,0.44199581999999993,0.3454864312200062,0.05736317472258792,91.56530612244902,104.5,0.5102040816326531,0.05102040816326531,0.3461187447383166,0.23333333333333334,0.09333333333333334,0.24087591240875914,0.29591836734693877,,,,,,,,,,,2026-07-07T13:22:33.296448+00:00
605137,Josh Bell,MIN,5520.0,0.3675094533333333,0.33813277333333325,0.25659308000000003,0.48208753333333343,0.341836765804967,0.7450236966824645,89.79439252336448,105.84,0.4392523364485981,0.12149532710280374,0.4428878504672896,0.2185430463576159,0.06622516556291391,0.31699346405228757,0.35514018691588783,90.56545454545456,105.96000000000001,0.4909090909090909,0.14545454545454545,0.49338181818181814,0.14864864864864866,0.10810810810810811,0.2727272727272727,0.38181818181818183,74.0,2026-07-07T13:22:33.296448+00:00
519203,Anthony Rizzo,NYY,5513.0,0.29693959879142295,0.36144131217016895,0.2592842269156762,0.4579755466666667,0.3620559336061451,0.06260671599317018,85.98181818181818,102.4,0.3181818181818182,0.01818181818181818,0.30383328017012234,0.15894039735099338,0.08609271523178808,0.3215434083601286,0.3090909090909091,,,,,,,,,,,2026-07-07T13:22:33.296448+00:00
621043,Carlos Correa,HOU,5497.0,0.36983808,0.35437623536098306,0.23763299999999993,0.4422459466666667,0.35346902675243125,0.6628723202428382,89.32115384615385,106.84,0.4230769230769231,0.09615384615384616,0.40431730769230756,0.17880794701986755,0.13245033112582782,0.30547550432276654,0.41346153846153844,,,,,,,,,,,2026-07-07T13:22:33.296448+00:00
606466,Ketel Marte,AZ,5477.0,0.3647566533333334,0.35028869999999995,0.22536646,0.46268463963256806,0.344974394251217,0.6240258505987455,92.49145299145306,108.14000000000001,0.5042735042735043,0.11965811965811966,0.38088888888888905,0.11258278145695365,0.07947019867549669,0.2579505300353357,0.36752136752136755,94.24264705882356,108.31,0.5147058823529411,0.14705882352941177,0.38588235294117623,0.07317073170731707,0.07317073170731707,0.24503311258278146,0.36764705882352944,82.0,2026-07-07T13:22:33.296448+00:00
502110,J.D. Martinez,NYM,5414.0,0.3388877268494059,0.38532146721396393,0.28678868213582753,0.4983929333333333,0.3856775504580998,0.1537422839506173,92.2977777777778,106.0,0.4888888888888889,0.14444444444444443,0.4416104558601208,0.3026315789473684,0.09210526315789473,0.2636363636363636,0.4222222222222222,,,,,,,,,,,2026-07-07T13:22:33.296448+00:00
545361,Mike Trout,LAA,5350.0,0.3801408133333333,0.418458254687086,0.2691489953439154,0.5162997733333334,0.4164698348389179,0.15969053759174767,90.02439024390243,108.88000000000001,0.5121951219512195,0.1951219512195122,0.4514756097560974,0.23333333333333334,0.18666666666666668,0.19938650306748465,0.4024390243902439,86.675,106.03999999999999,0.375,0.25,0.56975,0.23076923076923078,0.07692307692307693,0.2727272727272727,0.5,13.0,2026-07-07T13:22:33.296448+00:00
646240,Rafael Devers,SF,5329.0,0.38483106666666667,0.3644092893037999,0.2526282666666667,0.47697510328267007,0.3565874032701673,0.7083660644147682,93.28695652173914,107.27,0.5434782608695652,0.15217391304347827,0.47511956521739135,0.25333333333333335,0.13333333333333333,0.25882352941176473,0.34782608695652173,93.01,106.71,0.56,0.22,0.5538600000000001,0.1891891891891892,0.13513513513513514,0.2621951219512195,0.38,74.0,2026-07-07T13:22:33.296448+00:00
592450,Aaron Judge,NYY,5265.0,0.4061844533333333,0.43568051482733383,0.31850258000000004,0.6106479461972737,0.44224224755619274,0.30658105939004815,95.43214285714286,110.0,0.5952380952380952,0.19047619047619047,0.5210357142857143,0.2631578947368421,0.17105263157894737,0.2668621700879765,0.3333333333333333,,,,,,,,,,,2026-07-07T13:22:33.296448+00:00
457759,Justin Turner,CHC,5257.0,0.2940535541405829,0.3529254466666667,0.27890158387015285,0.47118888,0.3603622067557578,0.021314387211367674,88.3509090909091,101.05000000000003,0.33636363636363636,0.03636363636363636,0.331832419282613,0.19333333333333333,0.07333333333333333,0.28825622775800713,0.39090909090909093,,,,,,,,,,,2026-07-07T13:22:33.296448+00:00
641355,Cody Bellinger,NYY,5149.0,0.30830667333333345,0.32604057263523306,0.24019511293804682,0.5150882066666667,0.3357710525883356,0.3295315682281059,87.53831775700931,102.66,0.32710280373831774,0.056074766355140186,0.3274299065420562,0.17880794701986755,0.10596026490066225,0.37,0.37383177570093457,87.708,102.54,0.36,0.02,0.32502,0.24050632911392406,0.11392405063291139,0.3496932515337423,0.38,79.0,2026-07-07T13:22:33.296448+00:00
516782,Starling Marte,KC,5142.0,0.30879097016317014,0.33658299548686527,0.27865476,0.41506748666666665,0.3371028931113035,0.1327469830231131,88.03061224489795,105.49,0.41836734693877553,0.12244897959183673,0.39280459718852584,0.27631578947368424,0.05263157894736842,0.3175182481751825,0.3333333333333333,84.36428571428571,101.65,0.35714285714285715,0.07142857142857142,0.3591428571428571,0.23809523809523808,0.07142857142857142,0.425,0.35714285714285715,42.0,2026-07-07T13:22:33.296448+00:00
656305,Matt Chapman,SF,5130.0,0.33000136666666674,0.3380550474802209,0.23721898666666671,0.45301514158056533,0.3367095113449349,0.4303643724696356,89.35052631578945,106.92,0.4,0.08421052631578947,0.34510526315789486,0.2,0.12666666666666668,0.2765273311897106,0.3125,87.25357142857145,98.83,0.25,0.03571428571428571,0.2606428571428571,0.3584905660377358,0.09433962264150944,0.2905982905982906,0.2857142857142857,53.0,2026-07-07T13:22:33.296448+00:00
665742,Juan Soto,NYM,5118.0,0.4541938733333335,0.4186335333333332,0.3356644,0.5433791325769242,0.42064398702373523,0.7869932084791109,91.87037037037034,105.78,0.49074074074074076,0.09259259259259259,0.4382777777777778,0.0915032679738562,0.1895424836601307,0.1686046511627907,0.35185185185185186,92.0204081632653,105.08,0.4897959183673469,0.10204081632653061,0.43444897959183676,0.1038961038961039,0.24675324675324675,0.15384615384615385,0.3469387755102041,77.0,2026-07-07T13:22:33.296448+00:00
608369,Corey Seager,TEX,5107.0,0.34423195333333334,0.3795564814658718,0.2803082066666666,0.4746572448057101,0.3810292111551478,0.1778324113911084,90.44891304347826,106.31000000000002,0.43478260869565216,0.15217391304347827,0.412717391304348,0.2662337662337662,0.12337662337662338,0.27927927927927926,0.33695652173913043,87.78,100.3,0.4,0.2,0.323,0.3333333333333333,0.3333333333333333,0.24444444444444444,0.2,15.0,2026-07-07T13:22:33.296448+00:00
643217,Andrew Benintendi,CWS,5065.0,0.3402755400000001,0.3283370710332049,0.2618382675762055,0.43543810000000005,0.32979900748650454,0.7046109510086456,89.0173076923077,102.57,0.4423076923076923,0.10576923076923077,0.38813592233009725,0.18543046357615894,0.09933774834437085,0.2875816993464052,0.36538461538461536,88.75263157894737,102.86999999999999,0.5,0.07894736842105263,0.37594736842105264,0.1568627450980392,0.0784313725490196,0.3137254901960784,0.2894736842105263,51.0,2026-07-07T13:22:33.296448+00:00
595879,Javier Báez,DET,4978.0,0.2723134428115731,0.2933923494589655,0.21026117678231593,0.4156706,0.2982238825500069,0.2145123757139835,85.58272727272725,100.91000000000001,0.32727272727272727,0.03636363636363636,0.33887765837941797,0.2251655629139073,0.019867549668874173,0.5211726384364821,0.36363636363636365,,,,,,,,,,,2026-07-07T13:22:33.296448+00:00
593160,Whit Merrifield,ATL,4873.0,0.3172466658526659,0.31884310000000005,0.20746764444444443,0.3826898866666667,0.3130620706264,0.47946084724005134,83.8247524752475,99.3,0.2871287128712871,0.019801980198019802,0.33912575634242303,0.2052980132450331,0.11920529801324503,0.24157303370786518,0.37623762376237624,,,,,,,,,,,2026-07-07T13:22:33.296448+00:00
545341,Randal Grichuk,CWS,4856.0,0.3754463133723198,0.3240706,0.22636548129032255,0.39866836799178995,0.3203596735248987,0.9697749196141479,91.28918918918917,106.9,0.4864864864864865,0.14414414414414414,0.4690519730256572,0.22,0.03333333333333333,0.31272727272727274,0.45045045045045046,92.22857142857141,107.19999999999999,0.5714285714285714,0.17857142857142858,0.44103571428571425,0.21621621621621623,0.02702702702702703,0.2857142857142857,0.42857142857142855,37.0,2026-07-07T13:22:33.296448+00:00
592626,Joc Pederson,TEX,4856.0,0.37645375333333336,0.34584765999999995,0.2520027273650006,0.45319958380847214,0.3455658559772602,0.8015581043064272,92.12772277227721,105.4,0.504950495049505,0.1485148514851485,0.43473267326732684,0.2052980132450331,0.09271523178807947,0.3086816720257235,0.3465346534653465,93.9325,105.07000000000001,0.6,0.175,0.5104000000000001,0.29850746268656714,0.07462686567164178,0.34210526315789475,0.325,67.0,2026-07-07T13:22:33.296448+00:00
645277,Ozzie Albies,ATL,4855.0,0.29438556000000005,0.3164506021636498,0.24869362479878143,0.41635981333333333,0.3187097221423403,0.18778135048231512,88.52333333333333,100.97000000000001,0.31666666666666665,0.05,0.30591666666666667,0.12418300653594772,0.058823529411764705,0.3759124087591241,0.375,87.74090909090913,98.35,0.24242424242424243,0.030303030303030304,0.2540606060606061,0.125,0.05,0.39416058394160586,0.3333333333333333,80.0,2026-07-07T13:22:33.296448+00:00
502054,Tommy Pham,NYM,4849.0,0.3424150207521056,0.3465330966666667,0.22142925387322707,0.45281455333333337,0.346997391808414,0.45343347639484977,91.78300000000002,108.33,0.5,0.08,0.3748456411281583,0.1986754966887417,0.13245033112582782,0.23076923076923078,0.33,,,,,,,,,,,2026-07-07T13:22:33.296448+00:00
664023,Ian Happ,CHC,4826.0,0.2974529,0.3383929432403334,0.22553423561253558,0.43335845999999995,0.33693292420700244,0.14211438474870017,89.53406593406595,105.8,0.42857142857142855,0.0989010989010989,0.38149450549450553,0.3,0.06666666666666667,0.2508038585209003,0.31868131868131866,86.97380952380954,105.60999999999999,0.2857142857142857,0.07142857142857142,0.33492857142857146,0.3108108108108108,0.08108108108108109,0.24539877300613497,0.30952380952380953,74.0,2026-07-07T13:22:33.296448+00:00
596146,Max Kepler,AZ,4753.0,0.3661293813359949,0.3290127333333333,0.24481094000000003,0.44363563367612696,0.3291481125727212,0.8870366308400965,90.38807339449542,104.42000000000002,0.45871559633027525,0.13761467889908258,0.4311771035899847,0.1986754966887417,0.059602649006622516,0.3127147766323024,0.41284403669724773,88.79999999999998,103.8,0.5,0.16666666666666666,0.46011111111111114,0.21739130434782608,0.0,0.43902439024390244,0.5555555555555556,23.0,2026-07-07T13:22:33.296448+00:00
607043,Brandon Nimmo,TEX,4730.0,0.38983266666666666,0.34071146369365485,0.24234851460317464,0.43941656933951123,0.34302828956146186,0.9314977973568281,93.82211538461534,105.87,0.5480769230769231,0.17307692307692307,0.4807788461538458,0.22666666666666666,0.06666666666666667,0.2748091603053435,0.4423076923076923,94.71956521739129,106.45,0.5434782608695652,0.2391304347826087,0.5411739130434782,0.2153846153846154,0.07692307692307693,0.2905982905982906,0.5434782608695652,65.0,2026-07-07T13:22:33.296448+00:00
624413,Pete Alonso,BAL,4704.0,0.3886966933333334,0.3633726733333334,0.26706467779405785,0.46969102633220594,0.36638122827970215,0.747272322422623,92.22873563218387,107.32000000000001,0.5172413793103449,0.11494252873563218,0.49232183908046,0.26973684210526316,0.13815789473684212,0.2571428571428571,0.3522727272727273,88.75000000000001,106.15,0.4444444444444444,0.1111111111111111,0.4958888888888888,0.33766233766233766,0.16883116883116883,0.25806451612903225,0.40540540540540543,77.0,2026-07-07T13:22:33.296448+00:00
660271,Shohei Ohtani,LAD,4694.0,0.4376712333333333,0.3974524733333334,0.2929404333333333,0.5476344394016863,0.4057641638964817,0.7342372881355932,94.09999999999997,110.08000000000001,0.5684210526315789,0.16842105263157894,0.5433052631578946,0.23026315789473684,0.13157894736842105,0.29073482428115016,0.42105263157894735,93.12745098039217,110.7,0.47058823529411764,0.13725490196078433,0.4675686274509805,0.23376623376623376,0.1038961038961039,0.2847682119205298,0.3137254901960784,77.0,2026-07-07T13:22:33.296448+00:00
458015,Joey Votto,CIN,4687.0,0.2786847073880102,0.3844743878398505,0.2668479928782064,0.5087067133333332,0.38605817531281156,0.0042763898266936756,88.5704081632653,101.93,0.3673469387755102,0.061224489795918366,0.285910592940832,0.22875816993464052,0.10457516339869281,0.24305555555555555,0.24489795918367346,,,,,,,,,,,2026-07-07T13:22:33.296448+00:00
642715,Willy Adames,SF,4663.0,0.2959869066666666,0.3233845533333333,0.2440333666666666,0.42475619953382737,0.3244944440406877,0.1708733526915345,88.17473684210526,101.4,0.43157894736842106,0.08421052631578947,0.3640631578947369,0.27450980392156865,0.0915032679738562,0.30448717948717946,0.4105263157894737,86.05428571428571,101.18,0.34285714285714286,0.08571428571428572,0.3708,0.31666666666666665,0.1,0.3252032520325203,0.42857142857142855,60.0,2026-07-07T13:22:33.296448+00:00
596115,Trevor Story,BOS,4650.0,0.24785942666666666,0.32823569999999996,0.22459047333333335,0.4190748066666667,0.32393939636638813,0.028333708117832247,87.3,102.2,0.3958333333333333,0.020833333333333332,0.32059375000000007,0.3092105263157895,0.05263157894736842,0.42950819672131146,0.28125,,,,,,,,,,,2026-07-07T13:22:33.296448+00:00
519317,Giancarlo Stanton,NYY,4642.0,0.3506480703643725,0.3589031984701719,0.2408698274643874,0.5310183266666667,0.3610361733605471,0.42789223454833597,94.2186046511628,111.0,0.4883720930232558,0.19767441860465115,0.4913942390076263,0.34,0.08666666666666667,0.27741935483870966,0.38372093023255816,,,,,,,,,,,2026-07-07T13:22:33.296448+00:00
462101,Elvis Andrus,CWS,4638.0,0.24826696622228975,0.3029991633333333,0.23844236666666668,0.4017748200000001,0.302971686965936,0.008144796380090498,88.85932203389832,103.59,0.3644067796610169,0.03389830508474576,0.29191044858765647,0.17333333333333334,0.02666666666666667,0.2937062937062937,0.2184873949579832,,,,,,,,,,,2026-07-07T13:22:33.296448+00:00
575929,Willson Contreras,BOS,4637.0,0.3758392400000001,0.3517338466666666,0.2544129666666665,0.4466071044321752,0.3525872399393834,0.7225355289871419,91.00208333333335,109.35,0.4895833333333333,0.125,0.4539166666666667,0.23841059602649006,0.08609271523178808,0.3639344262295082,0.3125,91.2122448979592,111.34,0.5306122448979592,0.14285714285714285,0.46546938775510205,0.25316455696202533,0.11392405063291139,0.34972677595628415,0.30612244897959184,79.0,2026-07-07T13:22:33.296448+00:00
606192,Teoscar Hernández,LAD,4630.0,0.33966244,0.34176978050011175,0.2192777,0.45078488,0.3425002856122272,0.47304582210242585,90.59565217391305,104.07999999999998,0.5108695652173914,0.08695652173913043,0.41052173913043477,0.26666666666666666,0.10666666666666667,0.2413793103448276,0.31521739130434784,92.8111111111111,104.64,0.5,0.05555555555555555,0.3605555555555555,0.3225806451612903,0.0967741935483871,0.2727272727272727,0.1111111111111111,31.0,2026-07-07T13:22:33.296448+00:00
516416,Jean Segura,MIA,4598.0,0.2780089112332112,0.30994629999999995,0.22018457333333336,0.3857140133333334,0.30794238407179253,0.17769635905656056,88.37280000000003,103.84,0.432,0.048,0.2782504534798535,0.11688311688311688,0.06493506493506493,0.3443708609271523,0.20634920634920634,,,,,,,,,,,2026-07-07T13:22:33.296448+00:00
543333,Eric Hosmer,CHC,4596.0,0.2819519069840507,0.32866747333333324,0.21412433333333336,0.44548163999999996,0.3269274609677626,0.10385144429160935,86.19809523809523,105.78,0.38095238095238093,0.0761904761904762,0.32992551473911985,0.22666666666666666,0.06666666666666667,0.3722397476340694,0.2761904761904762,,,,,,,,,,,2026-07-07T13:22:33.296448+00:00
665489,Vladimir Guerrero Jr.,TOR,4584.0,0.32118824,0.37975282334408356,0.2481586466666666,0.5041273688892435,0.37892704277738104,0.0886654478976234,89.25000000000009,107.3,0.4482758620689655,0.0603448275862069,0.3364741379310346,0.13725490196078433,0.0915032679738562,0.3103448275862069,0.2672413793103448,88.27857142857138,106.65,0.4107142857142857,0.08928571428571429,0.3434642857142856,0.18666666666666668,0.06666666666666667,0.28187919463087246,0.2857142857142857,75.0,2026-07-07T13:22:33.296448+00:00
593871,Jorge Polanco,NYM,4577.0,0.3235786660664287,0.3314478688404483,0.21978630666666674,0.40934981935847164,0.32857844253928026,0.4247139588100686,90.12086956521739,104.82000000000001,0.43478260869565216,0.09565217391304348,0.346162753596178,0.152317880794702,0.08609271523178808,0.33126934984520123,0.43478260869565216,,,,,,,,,,,2026-07-07T13:22:33.296448+00:00
624424,Michael Conforto,CHC,4569.0,0.3534532333333333,0.3485284898807843,0.2561460466666666,0.4330208266666667,0.3507587339550222,0.5547662694775435,91.94545454545451,105.12,0.45454545454545453,0.13636363636363635,0.4425454545454545,0.28289473684210525,0.13815789473684212,0.2529411764705882,0.3977272727272727,88.748,102.68,0.28,0.12,0.41012,0.17142857142857143,0.11428571428571428,0.28205128205128205,0.44,35.0,2026-07-07T13:22:33.296448+00:00
592178,Kris Bryant,COL,4559.0,0.28556793645805895,0.3525197533333334,0.2601613708762502,0.46906584000000007,0.3531018396158562,0.07658793854620499,86.14945054945058,102.0,0.3076923076923077,0.054945054945054944,0.34860502712866837,0.3051948051948052,0.07142857142857142,0.26666666666666666,0.45054945054945056,,,,,,,,,,,2026-07-07T13:22:33.296448+00:00
624585,Jorge Soler,LAA,4551.0,0.29041309333333337,0.34558875193988037,0.24590465376041745,0.48445204666666664,0.3491603439192418,0.08134191176470588,88.8896551724138,108.36000000000001,0.40229885057471265,0.10344827586206896,0.3787241379310347,0.2980132450331126,0.09271523178807947,0.2560553633217993,0.367816091954023,91.192,105.96000000000001,0.4,0.08,0.3447599999999999,0.28888888888888886,0.15555555555555556,0.20652173913043478,0.36,45.0,2026-07-07T13:22:33.296448+00:00
514917,César Hernández,WSH,4544.0,0.2908065543424121,0.3099238133333333,0.22824083333333334,0.39344098666666677,0.31025695474677983,0.2575297688536073,85.1309090909091,101.82,0.32727272727272727,0.02727272727272727,0.3254144195578347,0.19607843137254902,0.0718954248366013,0.22491349480968859,0.22727272727272727,,,,,,,,,,,2026-07-07T13:22:33.296448+00:00
443558,Nelson Cruz,SD,4541.0,0.2988280220442983,0.38414584999999996,0.277339581374607,0.5272652866666667,0.3831554091466522,0.041162790697674416,92.40408163265305,107.53,0.47959183673469385,0.09183673469387756,0.4070681459861708,0.3026315789473684,0.039473684210526314,0.3938356164383562,0.35714285714285715,,,,,,,,,,,2026-07-07T13:22:33.296448+00:00
543063,Brandon Crawford,STL,4514.0,0.29169593205331273,0.3102888366666666,0.23865413333333332,0.41426417810987315,0.31431845338034264,0.2296661965209215,90.72134831460674,102.25999999999999,0.449438202247191,0.0898876404494382,0.3505372899774932,0.2866666666666667,0.1,0.27586206896551724,0.34831460674157305,,,,,,,,,,,2026-07-07T13:22:33.296448+00:00
650402,Gleyber Torres,DET,4497.0,0.34223581999999997,0.3380406358394441,0.2521459792802248,0.42596383274515487,0.3386723349487789,0.5458545622973598,85.76190476190474,100.38,0.3333333333333333,0.0761904761904762,0.34741904761904746,0.17532467532467533,0.12987012987012986,0.16265060240963855,0.37142857142857144,,,,,,1.0,0.0,0.5,,1.0,2026-07-07T13:22:33.296448+00:00
668804,Bryan Reynolds,PIT,4399.0,0.3735844,0.3532159815167568,0.2723285752931105,0.43381448489443986,0.35347634900059904,0.766911939235699,91.01354166666668,106.55000000000001,0.53125,0.13541666666666666,0.4400833333333332,0.23376623376623376,0.12987012987012986,0.2360248447204969,0.4166666666666667,90.07037037037038,105.68,0.5370370370370371,0.1111111111111111,0.42905555555555563,0.26744186046511625,0.10465116279069768,0.26857142857142857,0.4444444444444444,86.0,2026-07-07T13:22:33.296448+00:00
592696,Eddie Rosario,ATL,4361.0,0.26163453387720975,0.30239046,0.22343413999852804,0.4047529733333333,0.30365806900427345,0.16352657004830917,91.5,102.4,0.42342342342342343,0.04504504504504504,0.32646050983255864,0.23333333333333334,0.02,0.3805668016194332,0.34234234234234234,,,,,,,,,,,2026-07-07T13:22:33.296448+00:00
624428,Adam Frazier,LAA,4350.0,0.23795217859649123,0.30985429538461545,0.23327449192982455,0.38727374666666664,0.3088905600405387,0.000484613520717228,81.54040404040406,96.9,0.1414141414141414,0.020202020202020204,0.26628985349972867,0.2662337662337662,0.08441558441558442,0.34516129032258064,0.30303030303030304,,,,,,,,,,,2026-07-07T13:22:33.296448+00:00
527038,Wilmer Flores,SF,4337.0,0.2795911298994112,0.30605856641563567,0.22656387999999997,0.3919259080657102,0.304972514555162,0.20702936928261917,87.59357798165132,100.42000000000002,0.3211009174311927,0.05504587155963303,0.31515246316432755,0.21052631578947367,0.05921052631578947,0.3152542372881356,0.3761467889908257,,,,,,,,,,,2026-07-07T13:22:33.296448+00:00
595777,Jurickson Profar,ATL,4327.0,0.33753619434246007,0.3209829539410288,0.26280964,0.4083981475248967,0.324746165520528,0.687939820431934,90.40094339622641,104.6,0.4528301886792453,0.0660377358490566,0.33609077501291496,0.1568627450980392,0.13071895424836602,0.23582089552238805,0.3018867924528302,,,,,,,,,,,2026-07-07T13:22:33.296448+00:00
500871,Eduardo Escobar,LAA,4327.0,0.19754463870932462,0.31720003333333324,0.19559797204265794,0.40562306226412803,0.3165668369407592,0.0014573718727228565,85.92365591397848,98.76,0.2903225806451613,0.021505376344086023,0.24864052479998586,0.30718954248366015,0.058823529411764705,0.3575949367088608,0.26881720430107525,,,,,,,,,,,2026-07-07T13:22:33.296448+00:00
571970,Max Muncy,LAD,4285.0,0.30148559999999996,0.36780381999999995,0.2726002466666667,0.48172680000000007,0.37200456903500906,0.025226549106049472,88.27623762376241,104.0,0.3564356435643564,0.07920792079207921,0.32872277227722757,0.21710526315789475,0.09868421052631579,0.25524475524475526,0.33663366336633666,88.97843137254901,102.5,0.3137254901960784,0.0392156862745098,0.2775882352941176,0.18571428571428572,0.08571428571428572,0.2894736842105263,0.35294117647058826,70.0,2026-07-07T13:22:33.296448+00:00
572233,Christian Walker,HOU,4277.0,0.25643285333333327,0.3403146740544492,0.24126618666666672,0.4135111286025071,0.33980358992223336,0.007568359375,88.27187499999998,104.4,0.3854166666666667,0.0625,0.30516666666666664,0.2733333333333333,0.07333333333333333,0.314540059347181,0.3333333333333333,86.46530612244898,103.69999999999999,0.32653061224489793,0.061224489795918366,0.30326530612244906,0.26582278481012656,0.10126582278481013,0.3055555555555556,0.3877551020408163,79.0,2026-07-07T13:22:33.296448+00:00
444482,David Peralta,SD,4247.0,0.3193812475045681,0.3169694926577522,0.24503761407867497,0.4064565,0.31863318083580605,0.5360138135175135,89.45000000000003,102.87,0.4423076923076923,0.0673076923076923,0.3678783954392807,0.2222222222222222,0.0915032679738562,0.3217665615141956,0.375,,,,,,,,,,,2026-07-07T13:22:33.296448+00:00
641857,Ryan McMahon,NYY,4230.0,0.3191990333333333,0.32101125880390846,0.23968162658802367,0.42738157637868407,0.32324601757280974,0.47266881028938906,89.48144329896905,105.52000000000001,0.4536082474226804,0.1134020618556701,0.44359793814432985,0.30718954248366015,0.0457516339869281,0.31493506493506496,0.35051546391752575,90.04615384615384,106.16000000000001,0.38461538461538464,0.15384615384615385,0.5994615384615384,0.36,0.08,0.27586206896551724,0.46153846153846156,25.0,2026-07-07T13:22:33.296448+00:00
594777,Kole Calhoun,CLE,4212.0,0.29409686458519363,0.33489727,0.23220473333333336,0.4480812333333334,0.329729276658082,0.18288423153692615,86.492380952381,102.44,0.3523809523809524,0.05714285714285714,0.3403199208359908,0.22,0.07333333333333333,0.2791411042944785,0.34285714285714286,,,,,,,,,,,2026-07-07T13:22:33.296448+00:00
578428,Jose Iglesias,SD,4207.0,0.30658266382317634,0.28581059253968255,0.2333796,0.3977139333333333,0.2871778460414578,0.8342555331991952,82.94086956521738,102.02,0.3565217391304348,0.034782608695652174,0.31774210242014556,0.1456953642384106,0.07947019867549669,0.31272727272727274,0.30434782608695654,,,,,,,,,,,2026-07-07T13:22:33.296448+00:00
641487,J.P. Crawford,SEA,4203.0,0.29087209333333336,0.3190519660191218,0.2529799333333334,0.3971813327513542,0.3182906129540938,0.17852684144818975,87.4041666666667,101.0,0.3645833333333333,0.0625,0.3318645833333332,0.26143790849673204,0.0915032679738562,0.23100303951367782,0.3854166666666667,86.61250000000001,100.28,0.375,0.0,0.2646875000000001,0.25333333333333335,0.10666666666666667,0.2073170731707317,0.2916666666666667,75.0,2026-07-07T13:22:33.296448+00:00
607680,Kevin Pillar,TEX,4180.0,0.219613825715571,0.3002732066666666,0.219613825715571,0.3769698,0.30102661303687456,0.0,83.53399999999999,99.01,0.18,0.01,0.2592651985733565,0.26666666666666666,0.04,0.43508771929824563,0.35,,,,,,,,,,,2026-07-07T13:22:33.296448+00:00
518792,Jason Heyward,SD,4172.0,0.25525256509133565,0.31102099333333333,0.25525256509133565,0.4055314533333333,0.31407474008851577,0.0,86.08333333333333,103.49000000000001,0.35294117647058826,0.06862745098039216,0.31379712637327073,0.23178807947019867,0.0728476821192053,0.352112676056338,0.27450980392156865,,,,,,,,,,,2026-07-07T13:22:33.296448+00:00
518626,Josh Donaldson,NYY,4170.0,0.309885758681311,0.37887500333333335,0.2632425086998539,0.47448039333333325,0.37378439783508627,0.10211267605633803,92.22315789473687,105.58000000000001,0.5157894736842106,0.12631578947368421,0.3501127031810172,0.24503311258278146,0.12582781456953643,0.2491349480968858,0.23157894736842105,,,,,,,,,,,2026-07-07T13:22:33.296448+00:00
641313,Tim Anderson,LAA,4152.0,0.2356353670588235,0.2961836846741409,0.21869576710622715,0.39658915999999994,0.2965055213867266,0.04860759493670886,87.12700000000001,101.96000000000001,0.34,0.0,0.3141812834224599,0.29605263157894735,0.019736842105263157,0.344,0.28,,,,,,,,,,,2026-07-07T13:22:33.296448+00:00
500743,Miguel Rojas,LAD,4142.0,0.33534105333333336,0.292523778779347,0.23079114666666659,0.36396648,0.29365869742837325,0.97479633401222,86.25040650406503,101.94,0.3902439024390244,0.07317073170731707,0.336603305785124,0.1,0.06666666666666667,0.31399317406143346,0.34959349593495936,90.72962962962963,102.17999999999999,0.5185185185185185,0.14814814814814814,0.39674074074074067,0.06666666666666667,0.03333333333333333,0.28846153846153844,0.4444444444444444,30.0,2026-07-07T13:22:33.296448+00:00
592192,Mark Canha,KC,4132.0,0.27911276545726027,0.32707789681159427,0.23739376666666667,0.4145607800000001,0.3266055284211085,0.08343868520859671,87.21559633027523,101.67999999999999,0.3486238532110092,0.01834862385321101,0.2943484753998994,0.18421052631578946,0.06578947368421052,0.2916666666666667,0.28440366972477066,,,,,,,,,,,2026-07-07T13:22:33.296448+00:00
650490,Yandy Díaz,TB,4128.0,0.36639242,0.35320387221909866,0.27847359226316165,0.43647268667174993,0.354871613567247,0.6816450875856817,91.24857142857141,107.3,0.5047619047619047,0.047619047619047616,0.38938095238095255,0.16556291390728478,0.11920529801324503,0.25,0.33962264150943394,91.64423076923077,107.78999999999999,0.5576923076923077,0.019230769230769232,0.388923076923077,0.2073170731707317,0.12195121951219512,0.2543352601156069,0.37735849056603776,82.0,2026-07-07T13:22:33.296448+00:00
570731,Jonathan Schoop,DET,4123.0,0.2804488254157828,0.30149647999999996,0.20851646666666665,0.4227613437899828,0.3020606108389299,0.23967570306561944,89.40198019801979,105.8,0.38613861386138615,0.039603960396039604,0.3269364832907666,0.24503311258278146,0.08609271523178808,0.3248407643312102,0.33663366336633666,,,,,,,,,,,2026-07-07T13:22:33.296448+00:00
518735,Yasmani Grandal,PIT,4115.0,0.35864196987100105,0.327289642962963,0.24067252690012078,0.464601080315518,0.3315666341299482,0.7095541401273885,89.95148514851485,104.9,0.45544554455445546,0.10891089108910891,0.3947933785924258,0.18666666666666668,0.14,0.20344827586206896,0.37623762376237624,,,,,,,,,,,2026-07-07T13:22:33.296448+00:00
446334,Evan Longoria,AZ,4091.0,0.33679750187627916,0.33432501333333337,0.2514737333333333,0.43943711999999996,0.33642056470268566,0.5293665042318543,91.58749999999998,105.57,0.5,0.10227272727272728,0.43174285547093033,0.29333333333333333,0.12,0.2686084142394822,0.4090909090909091,,,,,,,,,,,2026-07-07T13:22:33.296448+00:00
642708,Amed Rosario,NYY,4062.0,0.3333454733333333,0.3037626025847701,0.2269008733333334,0.35876379481223386,0.30222393810629056,0.9061855670103093,90.7416666666667,107.63,0.4074074074074074,0.12037037037037036,0.39787962962962975,0.2185430463576159,0.06622516556291391,0.386986301369863,0.37037037037037035,91.71724137931034,105.47999999999999,0.4482758620689655,0.13793103448275862,0.39196551724137924,0.23809523809523808,0.07142857142857142,0.29069767441860467,0.41379310344827586,42.0,2026-07-07T13:22:33.296448+00:00
571771,Enrique Hernández,LAD,4017.0,0.26350596131768783,0.3001278764614655,0.22288833924482163,0.435285415033898,0.306958035560799,0.11145996860282574,89.756862745098,104.17000000000002,0.35294117647058826,0.08823529411764706,0.3400530901730703,0.2781456953642384,0.046357615894039736,0.34576271186440677,0.3627450980392157,,,,,,,,,,,2026-07-07T13:22:33.296448+00:00
596059,Rougned Odor,SD,4014.0,0.31413425914642823,0.301446347777802,0.21652753538904454,0.41581216666666665,0.30338326591665243,0.6234143763213531,89.89684210526315,103.58000000000001,0.37894736842105264,0.07368421052631578,0.3635124302312026,0.24666666666666667,0.10666666666666667,0.2899022801302932,0.3894736842105263,,,,,,,,,,,2026-07-07T13:22:33.296448+00:00
572122,Kyle Seager,SEA,4007.0,0.2834635474287627,0.34558476666666665,0.2590913999999999,0.4484081466666667,0.34435016192163775,0.04141387496702717,86.22095238095241,103.8,0.3047619047619048,0.09523809523809523,0.3180419311379697,0.21333333333333335,0.08,0.2608695652173913,0.3619047619047619,,,,,,,,,,,2026-07-07T13:22:33.296448+00:00
474832,Brandon Belt,TOR,4002.0,0.37653642097751355,0.3663573133333333,0.2421159733333332,0.4497904311111111,0.36279312451440715,0.6081546200688377,85.92439024390242,107.07999999999998,0.3780487804878049,0.2073170731707317,0.5017133554466711,0.31125827814569534,0.1390728476821192,0.17714285714285713,0.4268292682926829,,,,,,,,,,,2026-07-07T13:22:33.296448+00:00
572761,Matt Carpenter,STL,3993.0,0.2898700159229531,0.3590049927902264,0.2658218435401643,0.4819886999999999,0.3649063286408604,0.022988505747126436,84.52650602409638,100.94,0.27710843373493976,0.07228915662650602,0.3736805629129675,0.32450331125827814,0.09933774834437085,0.2079207920792079,0.4939759036144578,,,,,,,,,,,2026-07-07T13:22:33.296448+00:00
408234,Miguel Cabrera,DET,3989.0,0.30304190629100736,0.3492017866666667,0.21949692926406925,0.5440246733333335,0.36197587809125065,0.1926751592356688,89.6575221238938,103.47999999999999,0.4424778761061947,0.04424778761061947,0.347504928704877,0.19736842105263158,0.05263157894736842,0.2847222222222222,0.35398230088495575,,,,,,,,,,,2026-07-07T13:22:33.296448+00:00
656555,Rhys Hoskins,CLE,3983.0,0.26727224,0.34021809999999997,0.24130266718079468,0.4726420968765558,0.340622674939029,0.0326229939489608,87.46447368421049,102.69999999999999,0.3684210526315789,0.10526315789473684,0.30069736842105266,0.3333333333333333,0.1568627450980392,0.20869565217391303,0.3157894736842105,86.84782608695654,99.06000000000002,0.30434782608695654,0.043478260869565216,0.2438695652173913,0.42592592592592593,0.12962962962962962,0.23484848484848486,0.2608695652173913,54.0,2026-07-07T13:22:33.296448+00:00
543685,Anthony Rendon,LAA,3954.0,0.3002115012295697,0.36726148,0.2657227130689382,0.4870285933333334,0.36442315021783683,0.05426356589147287,87.54272727272726,100.71000000000001,0.36363636363636365,0.01818181818181818,0.2777248198585043,0.13245033112582782,0.11258278145695365,0.18149466192170818,0.3181818181818182,,,,,,,,,,,2026-07-07T13:22:33.296448+00:00
650333,Luis Arraez,SF,3912.0,0.30984226,0.33210994890614354,0.25907566505050506,0.39522332504170027,0.33079996549084983,0.22746896923907178,85.53795620437957,98.08000000000001,0.24087591240875914,0.014598540145985401,0.30199259259259276,0.039473684210526314,0.05263157894736842,0.30970149253731344,0.40875912408759124,84.33709677419355,98.14,0.24193548387096775,0.016129032258064516,0.32501639344262295,0.02857142857142857,0.08571428571428572,0.265625,0.3548387096774194,70.0,2026-07-07T13:22:33.296448+00:00
643446,Jeff McNeil,ATH,3907.0,0.2773483666666667,0.3211606252442734,0.2433899974447774,0.38228231333333335,0.3188780631364294,0.10177228786251342,86.39669421487604,99.5,0.3140495867768595,0.008264462809917356,0.2797438016528926,0.11842105263157894,0.07236842105263158,0.35125448028673834,0.34710743801652894,86.41250000000001,99.59,0.3541666666666667,0.0,0.26762500000000006,0.05660377358490566,0.018867924528301886,0.3793103448275862,0.3333333333333333,53.0,2026-07-07T13:22:33.296448+00:00
660670,Ronald Acuña Jr.,ATL,3904.0,0.3711326933333334,0.39668728666666664,0.3134976666666665,0.5149263237033552,0.4033192810980437,0.2678139284753966,91.10454545454546,107.69,0.42045454545454547,0.11363636363636363,0.41789772727272734,0.23178807947019867,0.16556291390728478,0.2507204610951009,0.29545454545454547,,,,,,,,,,,2026-07-07T13:22:33.296448+00:00
543257,Robbie Grossman,TEX,3860.0,0.2956348911951668,0.31874059,0.24704091075087245,0.3945763800000001,0.3209531040726684,0.20365321701199562,86.24623655913977,101.57999999999998,0.2903225806451613,0.043010752688172046,0.32829626536854867,0.24503311258278146,0.13245033112582782,0.15555555555555556,0.2903225806451613,,,,,,,,,,,2026-07-07T13:22:33.296448+00:00
663586,Austin Riley,ATL,3851.0,0.27004154,0.3551140925925811,0.20458928,0.47166201495664506,0.3532813703212722,0.03858695652173913,90.06511627906976,105.7,0.37209302325581395,0.10465116279069768,0.32318604651162797,0.3202614379084967,0.09803921568627451,0.32335329341317365,0.32558139534883723,89.50232558139538,106.26,0.3953488372093023,0.11627906976744186,0.32990697674418606,0.3194444444444444,0.06944444444444445,0.3625,0.3488372093023256,72.0,2026-07-07T13:22:33.296448+00:00
541645,Avisaíl García,MIA,3806.0,0.29766050148298834,0.33203724993240674,0.25855635576742664,0.4394562666666666,0.33362522878197387,0.17715553091211533,88.72,106.52,0.42105263157894735,0.09473684210526316,0.41389337953454297,0.304635761589404,0.033112582781456956,0.37755102040816324,0.30526315789473685,,,,,,,,,,,2026-07-07T13:22:33.296448+00:00
405395,Albert Pujols,STL,3805.0,0.42180493288916227,0.3275321121618207,0.24886460666666668,0.4645977533333334,0.33564292546791274,0.9751812604573341,93.05826086956522,106.3,0.5043478260869565,0.16521739130434782,0.47149272612872095,0.1503267973856209,0.06535947712418301,0.36451612903225805,0.4,,,,,,,,,,,2026-07-07T13:22:33.296448+00:00
543068,C.J. Cron,COL,3792.0,0.3244979651008505,0.3470711505355772,0.25552798805995175,0.4244573200000001,0.3451794114184599,0.253470294280955,85.54684684684688,106.7,0.36936936936936937,0.10810810810810811,0.39084116004619435,0.21428571428571427,0.05844155844155844,0.33554817275747506,0.36036036036036034,,,,,,,,,,,2026-07-07T13:22:33.296448+00:00
543939,Kolten Wong,SEA,3792.0,0.2688263916907654,0.3017648,0.24218968421652415,0.3538504,0.3019555760372086,0.08573853989813243,83.53177570093457,99.86,0.2803738317757009,0.028037383177570093,0.2982515771365869,0.2052980132450331,0.06622516556291391,0.27972027972027974,0.34579439252336447,,,,,,,,,,,2026-07-07T13:22:33.296448+00:00
592669,Hunter Renfroe,KC,3768.0,0.2648592146838346,0.3135345665993266,0.22346290393133378,0.413753316710081,0.3156835985802395,0.08704115684093437,88.94766355140189,105.2,0.3644859813084112,0.08411214953271028,0.31315677759416083,0.23684210526315788,0.05921052631578947,0.2736842105263158,0.2897196261682243,,,,,,,,,,,2026-07-07T13:22:33.296448+00:00
621035,Chris Taylor,LAA,3763.0,0.2902572379379965,0.31529698000000006,0.22470710000000002,0.4102053133333333,0.31580770342968173,0.2590513612124614,84.72222222222221,102.55,0.37777777777777777,0.06666666666666667,0.3818789410077719,0.31333333333333335,0.04666666666666667,0.2235294117647059,0.43333333333333335,,,,,,,,,,,2026-07-07T13:22:33.296448+00:00
572191,Michael A. Taylor,CWS,3762.0,0.2406434598649761,0.2923998361361829,0.22816973838721666,0.3674325613449194,0.2925069313764455,0.020101925254813136,86.3144329896907,103.94,0.3711340206185567,0.07216494845360824,0.3165073189334725,0.3,0.04666666666666667,0.33088235294117646,0.25773195876288657,,,,,,,,,,,2026-07-07T13:22:33.296448+00:00
458731,Brett Gardner,NYY,3759.0,0.31241108216321295,0.3112943466666668,0.25335743050167225,0.38193015333333324,0.31300115807322915,0.5185185185185185,87.14999999999999,103.48,0.3431372549019608,0.029411764705882353,0.33402549440926577,0.18666666666666668,0.10666666666666667,0.17177914110429449,0.3235294117647059,,,,,,,,,,,2026-07-07T13:22:33.296448+00:00
621439,Byron Buxton,MIN,3755.0,0.37191048666666665,0.32875943999999996,0.20040064666666668,0.4520766403579567,0.325685875468016,0.8138222849083215,92.18137254901958,106.98,0.4803921568627451,0.1568627450980392,0.46381372549019606,0.24,0.06666666666666667,0.33112582781456956,0.3431372549019608,90.4239130434783,104.55,0.43478260869565216,0.17391304347826086,0.41908695652173916,0.18032786885245902,0.04918032786885246,0.3089430894308943,0.2826086956521739,61.0,2026-07-07T13:22:33.296448+00:00
493329,Yuli Gurriel,SD,3742.0,0.2690206505820106,0.3013031033333333,0.24166000000000007,0.41175444000000005,0.30540641091519816,0.12106741573033708,88.42673267326735,104.2,0.37623762376237624,0.0297029702970297,0.2848140751217979,0.20666666666666667,0.11333333333333333,0.31419939577039274,0.24509803921568626,,,,,,,,,,,2026-07-07T13:22:33.296448+00:00
666971,Lourdes Gurriel Jr.,AZ,3726.0,0.2823973466666667,0.32608513924957894,0.24746306979239321,0.43982803473695764,0.32662946620885835,0.11367473269555431,86.60173913043478,101.0,0.3391304347826087,0.05217391304347826,0.3035826086956522,0.18181818181818182,0.05844155844155844,0.40327868852459015,0.3217391304347826,85.59600000000002,99.62,0.28,0.02,0.26660000000000006,0.15625,0.03125,0.37168141592920356,0.3,64.0,2026-07-07T13:22:33.296448+00:00
668227,Randy Arozarena,SEA,3719.0,0.3750707266666667,0.31883401030504543,0.2365724859459459,0.4120341353839104,0.3217828079788732,0.9311318092012418,91.40500000000002,104.65,0.45,0.11,0.4271599999999999,0.20666666666666667,0.08,0.3174061433447099,0.44,88.41935483870967,105.2,0.41935483870967744,0.0967741935483871,0.3372903225806451,0.24,0.08,0.32075471698113206,0.3548387096774194,50.0,2026-07-07T13:22:33.296448+00:00
666182,Bo Bichette,NYM,3694.0,0.33970914666666674,0.33887572674560423,0.2692270919569319,0.42096808233609634,0.340887333345052,0.5109406081273089,89.19279279279282,104.9,0.43243243243243246,0.06306306306306306,0.39542342342342346,0.19736842105263158,0.05263157894736842,0.40816326530612246,0.42342342342342343,87.80793650793649,105.28,0.36507936507936506,0.047619047619047616,0.4081904761904762,0.20454545454545456,0.056818181818181816,0.41566265060240964,0.47619047619047616,88.0,2026-07-07T13:22:33.296448+00:00
520471,Freddy Galvis,BAL,3693.0,0.28104885189329193,0.27581126666666667,0.22733846666666666,0.3347965,0.2765954144429407,0.5853375833091857,84.82192982456142,100.2,0.2982456140350877,0.03508771929824561,0.299362226175384,0.17647058823529413,0.06535947712418301,0.3051948051948052,0.3333333333333333,,,,,,,,,,,2026-07-07T13:22:33.296448+00:00
595281,Kevin Kiermaier,TOR,3687.0,0.23418833326890534,0.29658826666666677,0.2211944312815903,0.3521397133333333,0.2924092123176996,0.02130722718111143,83.99898989898992,102.44,0.31313131313131315,0.04040404040404041,0.30989020691581554,0.304635761589404,0.033112582781456956,0.34552845528455284,0.2727272727272727,,,,,,,,,,,2026-07-07T13:22:33.296448+00:00
598265,Jackie Bradley Jr.,KC,3665.0,0.23878750031925194,0.30106868666666664,0.21890327133259882,0.42955283333333333,0.30896761584106236,0.03482014388489209,86.44399999999997,102.41,0.33,0.06,0.28583200048371493,0.25333333333333335,0.05333333333333334,0.31620553359683795,0.23,,,,,,,,,,,2026-07-07T13:22:33.296448+00:00
663993,Nathaniel Lowe,CIN,3655.0,0.3306032666666667,0.32996792645730494,0.2622548954544196,0.4420353391671778,0.3292999835989473,0.5097869890616005,86.5595238095238,106.59,0.3333333333333333,0.08333333333333333,0.42611904761904773,0.29605263157894735,0.125,0.28939828080229224,0.36904761904761907,85.0952380952381,102.3,0.23809523809523808,0.0,0.3823809523809524,0.3953488372093023,0.09302325581395349,0.3486238532110092,0.38095238095238093,43.0,2026-07-07T13:22:33.296448+00:00
594807,Adam Duvall,ATL,3649.0,0.2452308846930847,0.322276407334735,0.23287754000000002,0.40089821370316236,0.31637800360422524,0.01896551724137931,84.80860215053764,104.52,0.3010752688172043,0.08602150537634409,0.33724153445121197,0.33986928104575165,0.0392156862745098,0.3926174496644295,0.23655913978494625,,,,,,,,,,,2026-07-07T13:22:33.296448+00:00
600869,Jeimer Candelario,LAA,3614.0,0.2203223862671212,0.3094286733333333,0.2124808262671212,0.4121211666666667,0.31277667830262607,0.002902757619738752,87.4067415730337,101.38,0.30337078651685395,0.07865168539325842,0.27703886449514803,0.32450331125827814,0.06622516556291391,0.3311897106109325,0.2696629213483146,,,,,,,,,,,2026-07-07T13:22:33.296448+00:00
519058,Mike Moustakas,LAA,3590.0,0.21375961681732158,0.32861961,0.21228361681732155,0.42064389333333335,0.327325649823689,0.000591715976331361,88.86491228070176,103.27,0.3157894736842105,0.02631578947368421,0.2629494168648968,0.22,0.02,0.3900414937759336,0.2631578947368421,,,,,,,,,,,2026-07-07T13:22:33.296448+00:00
606115,Orlando Arcia,MIN,3584.0,0.24601204035451138,0.27707081666666666,0.2089412,0.3707868220363742,0.27845209900906687,0.20378027170702895,88.55585585585587,102.0,0.34234234234234234,0.02702702702702703,0.2948872707493398,0.2236842105263158,0.039473684210526314,0.3533834586466165,0.3153153153153153,,,,,,,,,,,2026-07-07T13:22:33.296448+00:00
660162,Yoán Moncada,LAA,3571.0,0.2626638333333333,0.32319496666666664,0.24428753333333333,0.4273482277823224,0.32082119764368205,0.08444050782403306,90.03066666666663,106.10000000000001,0.41333333333333333,0.09333333333333334,0.32297,0.3466666666666667,0.12,0.22258064516129034,0.3684210526315789,,,,,,,,,,,2026-07-07T13:22:33.296448+00:00
571976,Wil Myers,CIN,3564.0,0.26720664128849975,0.32716998266289954,0.23734539846846814,0.43662717333333345,0.3263245376179233,0.06646884272997032,86.91071428571428,103.00999999999999,0.3333333333333333,0.08333333333333333,0.3739929661840356,0.35294117647058826,0.08496732026143791,0.2876712328767123,0.34523809523809523,,,,,,,,,,,2026-07-07T13:22:33.296448+00:00
544369,Didi Gregorius,PHI,3539.0,0.27671463336729085,0.2938404,0.23057102666666676,0.39684745999999993,0.29369607929071484,0.2595031427716253,84.69495798319325,99.32,0.23529411764705882,0.03361344537815126,0.3003049244125515,0.1568627450980392,0.058823529411764705,0.41379310344827586,0.37815126050420167,,,,,,,,,,,2026-07-07T13:22:33.296448+00:00
664034,Ty France,SD,3532.0,0.2696178066666666,0.3271845317811474,0.2622920634330485,0.4333443629901992,0.32977282109155387,0.005659815311289842,90.98522727272726,104.16,0.4318181818181818,0.07954545454545454,0.3482613636363637,0.3,0.06,0.32507739938080493,0.3977272727272727,90.45625,103.42,0.375,0.08333333333333333,0.32854166666666673,0.2465753424657534,0.0410958904109589,0.3246753246753247,0.4583333333333333,73.0,2026-07-07T13:22:33.296448+00:00
596748,Maikel Franco,WSH,3521.0,0.2517481923099123,0.30367947333333334,0.23513650000000003,0.39350206000000004,0.3019699717818527,0.03749622013909888,85.9396551724138,103.2,0.28448275862068967,0.04310344827586207,0.28936919695247276,0.18543046357615894,0.026490066225165563,0.3904109589041096,0.3418803418803419,,,,,,,,,,,2026-07-07T13:22:33.296448+00:00
656775,Cedric Mullins,TB,3520.0,0.31292185999999994,0.29258223052797483,0.20620854000000002,0.3948709150229811,0.294496618858659,0.7017173847544441,87.78041237113403,102.04,0.3402061855670103,0.061855670103092786,0.3247604166666667,0.2119205298013245,0.11258278145695365,0.2950310559006211,0.30927835051546393,85.95,99.35000000000001,0.2857142857142857,0.047619047619047616,0.3133095238095238,0.2698412698412698,0.06349206349206349,0.36363636363636365,0.30952380952380953,63.0,2026-07-07T13:22:33.296448+00:00
425877,Yadier Molina,STL,3517.0,0.2568829168253968,0.31372977,0.23402930666666663,0.39929710666666673,0.3121498474332229,0.040410132689987936,82.25120000000003,97.72,0.208,0.024,0.2810702361904761,0.14935064935064934,0.01948051948051948,0.42435424354243545,0.36,,,,,,,,,,,2026-07-07T13:22:33.296448+00:00
663656,Kyle Tucker,LAD,3515.0,0.33761043999999996,0.3729630777740177,0.2964568933333334,0.4715219034087628,0.37223831664063894,0.2113526570048309,88.017,102.63,0.34,0.05,0.37079000000000006,0.21568627450980393,0.12418300653594772,0.2598187311178248,0.35,88.68913043478263,103.19999999999999,0.391304347826087,0.06521739130434782,0.43097826086956526,0.18571428571428572,0.15714285714285714,0.23333333333333334,0.3695652173913043,70.0,2026-07-07T13:22:33.296448+00:00
643396,Isiah Kiner-Falefa,BOS,3511.0,0.2963144933333333,0.2870630187542087,0.22444314201529467,0.3360168334666569,0.28622064667077574,0.6724864539434076,81.24608695652174,99.97999999999999,0.2782608695652174,0.02608695652173913,0.3077105263157896,0.1456953642384106,0.07947019867549669,0.354014598540146,0.3565217391304348,83.10000000000001,99.08000000000001,0.2857142857142857,0.0,0.24514285714285713,0.18181818181818182,0.18181818181818182,0.2857142857142857,0.14285714285714285,11.0,2026-07-07T13:22:33.296448+00:00
657557,Paul DeJong,WSH,3502.0,0.27660454870610646,0.3085282124205424,0.19328088727845258,0.4522116133333334,0.3091001619362688,0.16015625,87.78854166666667,105.65,0.40625,0.125,0.3673667636032913,0.3026315789473684,0.05921052631578947,0.37630662020905925,0.3958333333333333,,,,,,,,,,,2026-07-07T13:22:33.296448+00:00
543510,James McCann,AZ,3501.0,0.24999356711255818,0.30699005333333335,0.2064725666666667,0.3916310666666667,0.30629489719725983,0.03169332930878358,90.22407407407408,105.63,0.5,0.07407407407407407,0.3231639720655594,0.2631578947368421,0.013157894736842105,0.3902439024390244,0.2777777777777778,,,,,,,,,,,2026-07-07T13:22:33.296448+00:00
543877,Christian Vázquez,HOU,3500.0,0.22856745999999997,0.280340587405779,0.21597262087855298,0.35062240000000006,0.2824397231001923,0.013264998492613807,83.88000000000002,98.88,0.21739130434782608,0.008695652173913044,0.23165486725663723,0.16447368421052633,0.07894736842105263,0.35034013605442177,0.3130434782608696,84.51176470588234,95.64,0.17647058823529413,0.0,0.25925,0.25,0.041666666666666664,0.3684210526315789,0.4117647058823529,24.0,2026-07-07T13:22:33.296448+00:00
596142,Gary Sánchez,MIL,3481.0,0.3689289266666666,0.34403836508581753,0.2671042817924863,0.4764859533333332,0.3475806898429194,0.7008443908323281,88.26666666666662,105.66,0.36363636363636365,0.08080808080808081,0.3594949494949495,0.16339869281045752,0.17647058823529413,0.19767441860465115,0.2727272727272727,93.74499999999999,105.63,0.55,0.05,0.3841,0.13333333333333333,0.2,0.16176470588235295,0.35,30.0,2026-07-07T13:22:33.296448+00:00
455117,Martín Maldonado,SD,3451.0,0.24817347997467118,0.26988841333333335,0.1997739299950481,0.35128571333333325,0.2716988615766987,0.1890717168581186,80.77640449438202,103.61999999999999,0.2808988764044944,0.10112359550561797,0.37384392766506847,0.3509933774834437,0.052980132450331126,0.3114754098360656,0.29213483146067415,,,,,,,,,,,2026-07-07T13:22:33.296448+00:00
608336,Joey Gallo,WSH,3409.0,0.2997901741082464,0.3346026166569236,0.23334423420377523,0.4760179666666665,0.34201034014029075,0.2383756974581525,89.73132530120479,103.62,0.4457831325301205,0.12048192771084337,0.40026792911128867,0.3333333333333333,0.10666666666666667,0.2318840579710145,0.3493975903614458,,,,,,,,,,,2026-07-07T13:22:33.296448+00:00
542340,Jonathan Villar,CHC,3406.0,0.2423369664799253,0.29536280000000004,0.22370978425770308,0.3870941066666666,0.29681330887584056,0.027315541601255888,88.46494845360826,105.9,0.422680412371134,0.041237113402061855,0.29599067679155,0.2781456953642384,0.06622516556291391,0.28524590163934427,0.25773195876288657,,,,,,,,,,,2026-07-07T13:22:33.296448+00:00
641820,Trey Mancini,LAA,3406.0,0.2663363484249084,0.3377468672131732,0.25032191563460576,0.43147081210161264,0.3365652063287056,0.018908865468071915,88.34444444444445,104.0,0.3888888888888889,0.044444444444444446,0.343040125152625,0.30718954248366015,0.0915032679738562,0.35202492211838005,0.32222222222222224,,,,,,,,,,,2026-07-07T13:22:33.296448+00:00
592743,Andrelton Simmons,CHC,3404.0,0.22017857185185188,0.29408863333333324,0.21032173999999998,0.37731285333333325,0.29350500617793995,0.010025062656641603,81.19322033898304,96.06,0.1440677966101695,0.0,0.2099371980676328,0.13245033112582782,0.06622516556291391,0.31985294117647056,0.2184873949579832,,,,,,,,,,,2026-07-07T13:22:33.296448+00:00
516770,Starlin Castro,WSH,3399.0,0.3492282656028314,0.3037853672823473,0.2358839333333333,0.41876187333333337,0.30562021448761095,0.9090909090909091,88.58288288288287,103.9,0.38738738738738737,0.05405405405405406,0.40338155712094337,0.18831168831168832,0.07792207792207792,0.25862068965517243,0.44144144144144143,,,,,,,,,,,2026-07-07T13:22:33.296448+00:00
456715,Lorenzo Cain,MIL,3398.0,0.235623102010582,0.3372391733333333,0.23026341947089946,0.43517670666666664,0.33749569389280354,0.004054897067997504,88.02803738317758,104.14000000000001,0.3644859813084112,0.0,0.26699147010829255,0.22875816993464052,0.05228758169934641,0.3277591973244147,0.2336448598130841,,,,,,,,,,,2026-07-07T13:22:33.296448+00:00
657077,Alex Verdugo,ATL,3396.0,0.29223979793409727,0.32710538913580256,0.25399709194474007,0.38909913999999995,0.32591652586408576,0.10723192019950124,89.99734513274339,104.0,0.4336283185840708,0.035398230088495575,0.3236010503549964,0.17763157894736842,0.05921052631578947,0.22297297297297297,0.35398230088495575,,,,,,,,,,,2026-07-07T13:22:33.296448+00:00
573262,Mike Yastrzemski,ATL,3390.0,0.3220678999999999,0.31898264974736446,0.24710933520007003,0.40778619238765706,0.32336431164256185,0.5251326881049017,89.6381443298969,102.52000000000001,0.44329896907216493,0.061855670103092786,0.3523711340206185,0.22,0.11333333333333333,0.25073746312684364,0.38144329896907214,86.85333333333332,102.92,0.5,0.1,0.39756666666666673,0.23404255319148937,0.1276595744680851,0.25,0.43333333333333335,47.0,2026-07-07T13:22:33.296448+00:00
666969,Adolis García,PHI,3380.0,0.2836766333333334,0.3167756025722589,0.23150288524216525,0.4246523141488824,0.3195779913931024,0.1860248447204969,91.47951807228914,106.82,0.46987951807228917,0.0963855421686747,0.39310843373493976,0.3576158940397351,0.07947019867549669,0.2916666666666667,0.3855421686746988,,,,,,,,,,,2026-07-07T13:22:33.296448+00:00
664040,Brandon Lowe,PIT,3378.0,0.2990728933333333,0.3406273584211234,0.2358228311111112,0.4488044933333334,0.3442375347647962,0.042692427547522595,92.34315789473685,106.6,0.4421052631578947,0.11578947368421053,0.38371578947368423,0.29605263157894735,0.07894736842105263,0.36585365853658536,0.3157894736842105,93.30357142857144,107.45,0.5,0.16071428571428573,0.44317857142857137,0.28735632183908044,0.06896551724137931,0.38596491228070173,0.32142857142857145,87.0,2026-07-07T13:22:33.296448+00:00
455976,Nick Markakis,ATL,3366.0,0.31312762,0.32862288,0.2574262133333333,0.4063529999999999,0.3301809954325699,0.23282442748091603,89.24196428571429,102.19,0.4375,0.017857142857142856,0.34040178571428575,0.17647058823529413,0.0784313725490196,0.22602739726027396,0.4017857142857143,,,,,,,,,,,2026-07-07T13:22:33.296448+00:00
630105,Jake Cronenworth,SD,3354.0,0.303079278974359,0.32455813249024507,0.24140822141240548,0.4168332400000001,0.3237603812383816,0.2031150667514304,86.5214285714286,103.2,0.32653061224489793,0.061224489795918366,0.3292283901665345,0.22875816993464052,0.10457516339869281,0.25846153846153846,0.336734693877551,85.64444444444445,99.47,0.2777777777777778,0.1111111111111111,0.3818235294117647,0.32142857142857145,0.03571428571428571,0.29411764705882354,0.4444444444444444,28.0,2026-07-07T13:22:33.296448+00:00
457708,Justin Upton,SEA,3340.0,0.25033843629016184,0.34390908908351203,0.2407985429568285,0.47420358,0.34180515782107285,0.004119138149556401,86.20933333333335,104.42,0.28,0.08,0.3244256859136569,0.35526315789473684,0.09210526315789473,0.26143790849673204,0.32,,,,,,,,,,,2026-07-07T13:22:33.296448+00:00
623993,Anthony Santander,TOR,3338.0,0.2629810282608628,0.32703766666666667,0.25635295156195953,0.4143522509694369,0.3286003632694422,0.004727387330601954,88.86853932584266,104.82000000000001,0.4157303370786517,0.0449438202247191,0.3002349802149373,0.2866666666666667,0.11333333333333333,0.3021148036253776,0.30337078651685395,,,,,,,,,,,2026-07-07T13:22:33.296448+00:00
452678,Asdrúbal Cabrera,AZ,3338.0,0.27209198190314654,0.31061040333333334,0.23084582666666667,0.40477169999999996,0.31659301517104027,0.0852959898154042,87.4118811881188,99.0,0.27722772277227725,0.04950495049504951,0.32846232955912835,0.2582781456953642,0.06622516556291391,0.3543859649122807,0.36633663366336633,,,,,,,,,,,2026-07-07T13:22:33.296448+00:00
605113,Nick Ahmed,TEX,3332.0,0.2445275008940566,0.2737430733333333,0.22278143333333333,0.4114859999999999,0.2812806823234047,0.1158908507223114,81.47047619047619,99.32,0.17142857142857143,0.02857142857142857,0.2958697100398883,0.25,0.05921052631578947,0.3803921568627451,0.3238095238095238,,,,,,,,,,,2026-07-07T13:22:33.296448+00:00
665487,Fernando Tatis Jr.,SD,3321.0,0.3621175666666666,0.3764959593047741,0.28418852790283794,0.4751025333333333,0.378473058746624,0.35221126312440343,93.74173913043478,110.62,0.5478260869565217,0.13043478260869565,0.41809565217391276,0.1895424836601307,0.05228758169934641,0.24344569288389514,0.3130434782608696,94.00615384615382,110.06,0.5538461538461539,0.12307692307692308,0.4082615384615385,0.19318181818181818,0.056818181818181816,0.2392638036809816,0.2923076923076923,88.0,2026-07-07T13:22:33.296448+00:00
488726,Michael Brantley,HOU,3314.0,0.34398428548725474,0.34888436666666667,0.28574639333333324,0.42775337604684743,0.3513585753364051,0.40476957782790846,89.84800000000001,102.46000000000001,0.416,0.032,0.34654717458470574,0.08496732026143791,0.0784313725490196,0.22340425531914893,0.36,,,,,,,,,,,2026-07-07T13:22:33.296448+00:00
664761,Alec Bohm,PHI,3305.0,0.31883562,0.32979562200340923,0.24963788525493957,0.4104676122187391,0.3308968003041509,0.3302518329614281,90.12941176470585,103.7,0.3865546218487395,0.07563025210084033,0.33787394957983186,0.13815789473684212,0.05921052631578947,0.26936026936026936,0.31092436974789917,90.9016666666667,103.82000000000001,0.38333333333333336,0.08333333333333333,0.3627333333333334,0.14102564102564102,0.0641025641025641,0.2972972972972973,0.2833333333333333,78.0,2026-07-07T13:22:33.296448+00:00
572041,AJ Pollock,SEA,3291.0,0.2711247120203266,0.3346961866622786,0.2631786786217704,0.41421058,0.3388230432226513,0.0051529790660225444,89.72870370370367,103.4,0.4351851851851852,0.06481481481481481,0.3185701833615648,0.2251655629139073,0.059602649006622516,0.3475409836065574,0.25,,,,,,,,,,,2026-07-07T13:22:33.296448+00:00
663538,Nico Hoerner,CHC,3272.0,0.30178373333333336,0.3165739482119254,0.24692516350189195,0.37736173913877,0.3169176790574909,0.2307443365695793,86.32890624999993,100.2,0.3046875,0.0,0.29317968749999984,0.07947019867549669,0.06622516556291391,0.28832116788321166,0.3515625,84.97500000000005,99.03999999999999,0.25,0.0,0.268734375,0.125,0.0625,0.3055555555555556,0.359375,80.0,2026-07-07T13:22:33.296448+00:00
670541,Yordan Alvarez,HOU,3266.0,0.45854372666666665,0.42567274180940734,0.3001834695372615,0.5336136310050815,0.4252421462248688,0.7734119187950229,95.14699999999999,107.22,0.55,0.19,0.5085500000000001,0.1830065359477124,0.1503267973856209,0.2761627906976744,0.38,95.93454545454544,106.97999999999999,0.5818181818181818,0.21818181818181817,0.48618181818181827,0.18072289156626506,0.1566265060240964,0.27586206896551724,0.2909090909090909,83.0,2026-07-07T13:22:33.296448+00:00
621493,Taylor Ward,BAL,3253.0,0.3336187666666666,0.34269256,0.2619451,0.4397359872772919,0.3418640592696542,0.39384116693679094,89.63917525773194,102.46000000000001,0.422680412371134,0.08247422680412371,0.37790721649484527,0.22727272727272727,0.11038961038961038,0.21014492753623187,0.3917525773195876,88.71090909090908,102.3,0.34545454545454546,0.10909090909090909,0.3632363636363636,0.24691358024691357,0.04938271604938271,0.2440944881889764,0.45454545454545453,81.0,2026-07-07T13:22:33.296448+00:00
572816,Corey Dickerson,WSH,3250.0,0.28915325209035125,0.3092088412874397,0.25538448,0.3839116266666666,0.31276996892513714,0.18354637823664371,87.91565217391307,101.16,0.26956521739130435,0.034782608695652174,0.3347971027265451,0.18543046357615894,0.046357615894039736,0.4852941176470588,0.3448275862068966,,,,,,,,,,,2026-07-07T13:22:33.296448+00:00
429665,Edwin Encarnación,CWS,3242.0,0.29524329333333327,0.37221278,0.28919093999999995,0.5008190066666667,0.37413584530799465,0.00655307994757536,86.26888888888892,105.36,0.35555555555555557,0.14444444444444443,0.3513222222222222,0.28,0.1,0.29190751445086704,0.28888888888888886,,,,,,,,,,,2026-07-07T13:22:33.296448+00:00
647304,Josh Naylor,SEA,3236.0,0.29784138666666665,0.3290280562893134,0.2715568198496241,0.40363392682814075,0.3303838468165643,0.08764415156507413,86.83492063492062,103.1,0.31746031746031744,0.031746031746031744,0.29846031746031754,0.09210526315789473,0.05921052631578947,0.38434163701067614,0.3412698412698413,86.51666666666668,101.51,0.3333333333333333,0.037037037037037035,0.31659259259259265,0.11940298507462686,0.05970149253731343,0.42105263157894735,0.46296296296296297,67.0,2026-07-07T13:22:33.296448+00:00
572821,Brian Dozier,NYM,3233.0,0.35377807333333333,0.3078760966666666,0.23896371333333336,0.4274608000000001,0.3162802301145628,0.7894910773298083,87.87692307692308,102.06,0.2980769230769231,0.057692307692307696,0.37111538461538474,0.17647058823529413,0.1437908496732026,0.21159420289855072,0.3557692307692308,,,,,,,,,,,2026-07-07T13:22:33.296448+00:00
543281,Josh Harrison,PHI,3225.0,0.30157498749051637,0.2916956021078313,0.20683361333333336,0.3762474933333334,0.29851336095338693,0.5736459709379128,87.75897435897437,100.94,0.3162393162393162,0.03418803418803419,0.3211460096032262,0.15789473684210525,0.019736842105263157,0.3445378151260504,0.3333333333333333,,,,,,,,,,,2026-07-07T13:22:33.296448+00:00
622534,Manuel Margot,DET,3216.0,0.2746429010305958,0.29992900802181865,0.24052976,0.38044558296074743,0.300287710248859,0.18973509933774835,85.74957264957261,101.7,0.23931623931623933,0.008547008547008548,0.3074869179993337,0.17333333333333334,0.04,0.3258426966292135,0.29914529914529914,,,,,,,,,,,2026-07-07T13:22:33.296448+00:00
546318,Odúbel Herrera,PHI,3187.0,0.2593086790008842,0.2960642133333333,0.2128100133333333,0.3773055333333333,0.29709437122014387,0.11661611054937647,85.07657657657661,104.5,0.34234234234234234,0.036036036036036036,0.28643118783903254,0.18421052631578946,0.06578947368421052,0.3593220338983051,0.23423423423423423,,,,,,,,,,,2026-07-07T13:22:33.296448+00:00
592273,Brandon Drury,LAA,3164.0,0.2508577025800287,0.3110634102878408,0.24461323368721016,0.37455717333333344,0.30819125027584393,0.012391158740790355,89.10980392156867,103.88000000000001,0.3627450980392157,0.0392156862745098,0.28116500379415993,0.23841059602649006,0.0728476821192053,0.23550724637681159,0.20588235294117646,,,,,,,,,,,2026-07-07T13:22:33.296448+00:00
664056,Harrison Bader,SF,3160.0,0.24944827619047624,0.2950916258402538,0.22009614596949892,0.36096688789572795,0.2945086124849974,0.046511627906976744,88.32900000000001,102.62,0.35,0.06,0.3321057142857143,0.29605263157894735,0.039473684210526314,0.40418118466898956,0.31,,,,,,,,,,,2026-07-07T13:22:33.296448+00:00
457763,Buster Posey,SF,3154.0,0.29946627869639175,0.35164725999999996,0.27551709999999996,0.41454516666666663,0.35007511133880553,0.045097369320122996,86.93490566037732,101.1,0.3018867924528302,0.04716981132075472,0.3329047528722525,0.20915032679738563,0.09803921568627451,0.2651006711409396,0.330188679245283,,,,,,,,,,,2026-07-07T13:22:33.296448+00:00
543228,Yan Gomes,CHC,3138.0,0.28872796983041427,0.30790799666666663,0.23418177333333332,0.3666964741708846,0.30743644039578877,0.22545700744752878,86.69892473118281,102.88,0.40860215053763443,0.11827956989247312,0.39401211385393614,0.31788079470198677,0.039735099337748346,0.40264026402640263,0.41935483870967744,,,,,,,,,,,2026-07-07T13:22:33.296448+00:00
503556,Marwin Gonzalez,NYY,3138.0,0.2932561593678447,0.3078425533333333,0.21756914666666669,0.4110298333333332,0.30781899269195767,0.3039586919104991,84.92699999999999,102.13999999999999,0.33,0.08,0.34491341139357423,0.24503311258278146,0.06622516556291391,0.3853503184713376,0.32673267326732675,,,,,,,,,,,2026-07-07T13:22:33.296448+00:00
669257,Will Smith,LAD,3132.0,0.38602364666666666,0.357635451143121,0.2712368841971812,0.4344280283359914,0.35542735644940576,0.8643895840378762,90.8377358490566,104.69999999999999,0.42452830188679247,0.1320754716981132,0.42608490566037727,0.17333333333333334,0.10666666666666667,0.22508038585209003,0.44339622641509435,,,,,,,,,,,2026-07-07T13:22:33.296448+00:00
543305,Aaron Hicks,LAA,3119.0,0.277321694605888,0.3289409466666667,0.23802543918369223,0.40740513333333334,0.3271236969198798,0.10783978089695309,84.32087912087911,103.0,0.3076923076923077,0.03296703296703297,0.29697717792179334,0.25,0.13815789473684212,0.24166666666666667,0.2717391304347826,,,,,,,,,,,2026-07-07T13:22:33.296448+00:00
663757,Trent Grisham,NYY,3114.0,0.34546034666666664,0.32596975493547853,0.2504417822871995,0.4156311227279499,0.3283560720808754,0.6486855582109935,90.1212962962963,103.56,0.4166666666666667,0.09259259259259259,0.3633333333333333,0.16556291390728478,0.11920529801324503,0.18456375838926176,0.4074074074074074,94.71111111111112,103.68,0.5555555555555556,0.0,0.2914444444444444,0.3333333333333333,0.06666666666666667,0.21428571428571427,0.3333333333333333,15.0,2026-07-07T13:22:33.296448+00:00
453943,Todd Frazier,PIT,3113.0,0.26396409841269847,0.31936476666666663,0.22248038666666664,0.4320512933333333,0.32224926135669907,0.053553038105046344,87.50204081632654,102.86,0.3163265306122449,0.05102040816326531,0.29163678328474246,0.24,0.06,0.2873900293255132,0.2857142857142857,,,,,,,,,,,2026-07-07T13:22:33.296448+00:00
501981,Khris Davis,TEX,3104.0,0.3172370629617962,0.3595998733333333,0.2649569333333333,0.45393271999999996,0.36066504428472057,0.10753424657534247,89.88350515463917,105.4,0.422680412371134,0.10309278350515463,0.38293507674504573,0.2679738562091503,0.0915032679738562,0.24738675958188153,0.3402061855670103,,,,,,,,,,,2026-07-07T13:22:33.296448+00:00
571745,Mitch Haniger,SEA,3102.0,0.2855144514890414,0.33952909545398813,0.27137618666666663,0.4249455333333333,0.33864478285961636,0.039753255654557916,90.95061728395065,105.6,0.4074074074074074,0.08641975308641975,0.3694201675248155,0.34,0.10666666666666667,0.2379421221864952,0.25925925925925924,,,,,,,,,,,2026-07-07T13:22:33.296448+00:00
677951,Bobby Witt Jr.,KC,3099.0,0.40302533333333335,0.3738699323039868,0.2645443538515591,0.45341492381032034,0.37156394849878416,0.8179945054945055,92.73394495412852,107.6,0.5412844036697247,0.12844036697247707,0.4457431192660553,0.15789473684210525,0.09868421052631579,0.3104575163398693,0.44954128440366975,93.91249999999997,107.45,0.6,0.15,0.48187500000000005,0.11320754716981132,0.11320754716981132,0.32142857142857145,0.4,53.0,2026-07-07T13:22:33.296448+00:00
429664,Robinson Canó,NYM,3099.0,0.26790640782576597,0.35557836333333337,0.25523990666666657,0.4268523133333333,0.3511670409313005,0.010013812154696133,87.79017857142857,105.63000000000001,0.41964285714285715,0.07142857142857142,0.3214618854809366,0.2236842105263158,0.03289473684210526,0.44272445820433437,0.29464285714285715,,,,,,,,,,,2026-07-07T13:22:33.296448+00:00
518595,Travis d'Arnaud,LAA,3069.0,0.2686816372031365,0.31700700553629074,0.24293980000000004,0.41462286,0.31631942998606366,0.0769496204278813,86.77395833333333,102.35,0.3125,0.08333333333333333,0.3167944435465675,0.27631578947368424,0.06578947368421052,0.30337078651685395,0.3645833333333333,,,,,,,,,,,2026-07-07T13:22:33.296448+00:00
571466,Tucker Barnhart,TEX,3048.0,0.2335622376651276,0.2866383133333333,0.18076782430921792,0.37407376000000003,0.2843413807122996,0.0955595026642984,81.86951219512194,98.88000000000001,0.2073170731707317,0.036585365853658534,0.27347793312211416,0.3355263157894737,0.11842105263157894,0.2542372881355932,0.35365853658536583,,,,,,,,,,,2026-07-07T13:22:33.296448+00:00
657656,Ramón Laureano,SD,3040.0,0.2946361333333333,0.3293099194242049,0.2521368627500033,0.42341106214702057,0.33003370445802493,0.1590118302018093,87.1604938271605,105.0,0.3950617283950617,0.14814814814814814,0.3993333333333335,0.34415584415584416,0.11038961038961038,0.3227665706051873,0.3950617283950617,,,,,,,,,,,2026-07-07T13:22:33.296448+00:00
430945,Adam Jones,AZ,3033.0,0.2806292133333333,0.3217230766666667,0.24449611999999998,0.40837156666666674,0.320530770503985,0.09036568213783404,84.48761904761905,101.06,0.24761904761904763,0.0380952380952381,0.32937142857142854,0.23529411764705882,0.06535947712418301,0.42996742671009774,0.37142857142857144,,,,,,,,,,,2026-07-07T13:22:33.296448+00:00
570482,Gio Urshela,ATH,3020.0,0.285640313998901,0.3138284921285741,0.24944405127239666,0.41701376666666673,0.31577292689960823,0.1640378548895899,85.7718181818182,102.61,0.32727272727272727,0.01818181818181818,0.3296429091727996,0.2052980132450331,0.06622516556291391,0.40476190476190477,0.42727272727272725,,,,,,,,,,,2026-07-07T13:22:33.296448+00:00
669242,Tommy Edman,LAD,3005.0,0.3176229141824315,0.31496565980768776,0.25716373329857717,0.37522240666666673,0.3154319364879269,0.5584599081596608,88.57964601769912,104.68,0.415929203539823,0.04424778761061947,0.35368304661240657,0.17333333333333334,0.06,0.2896825396825397,0.30973451327433627,87.36749999999999,105.08000000000001,0.375,0.075,0.4143684210526315,0.1864406779661017,0.11864406779661017,0.31666666666666665,0.375,59.0,2026-07-07T13:22:33.296448+00:00
594809,Adam Eaton,CWS,2999.0,0.2516366844200244,0.32401235333333334,0.250823351086691,0.3905539133333334,0.32270919215496546,0.0010924981791697013,84.19999999999997,102.66,0.27184466019417475,0.019417475728155338,0.2852769966961144,0.23333333333333334,0.05333333333333334,0.29431438127090304,0.2815533980582524,,,,,,,,,,,2026-07-07T13:22:33.296448+00:00
444876,Alcides Escobar,WSH,2990.0,0.2433920936363636,0.28048797000000003,0.21988143333333332,0.32794460000000003,0.2747821469363338,0.16630434782608697,80.87647058823529,97.15,0.16666666666666666,0.00980392156862745,0.2897011475044562,0.25165562913907286,0.052980132450331126,0.36394557823129253,0.4117647058823529,,,,,,,,,,,2026-07-07T13:22:33.296448+00:00
677594,Julio Rodríguez,SEA,2979.0,0.38335753999999994,0.34306963428026904,0.27507512272768553,0.42694085047423336,0.34365167147965525,0.900035701535166,90.46481481481482,106.87,0.4722222222222222,0.1111111111111111,0.4412962962962962,0.19078947368421054,0.07894736842105263,0.404320987654321,0.3888888888888889,88.71891891891892,105.56,0.43243243243243246,0.08108108108108109,0.48491891891891903,0.23214285714285715,0.07142857142857142,0.40476190476190477,0.4864864864864865,56.0,2026-07-07T13:22:33.296448+00:00
542255,Ender Inciarte,NYM,2979.0,0.22181830455988452,0.2893492766666666,0.21777704455988456,0.34616685999999997,0.28940574407540587,0.0018221574344023323,79.7548076923077,95.42,0.11538461538461539,0.019230769230769232,0.2505295315245811,0.23841059602649006,0.0728476821192053,0.27124183006535946,0.3269230769230769,,,,,,,,,,,2026-07-07T13:22:33.296448+00:00
502210,Josh Reddick,AZ,2961.0,0.30297066823970337,0.31646455333333334,0.2515910333333333,0.3960061466666666,0.3174077131385491,0.33527696793002915,85.04,100.46000000000001,0.33043478260869563,0.02608695652173913,0.35908954987787417,0.19205298013245034,0.039735099337748346,0.3358208955223881,0.41739130434782606,,,,,,,,,,,2026-07-07T13:22:33.296448+00:00
425783,Shin-Soo Choo,TEX,2959.0,0.35057121999999996,0.35896755333333336,0.28013717333333327,0.45746010000000004,0.36512662649350663,0.36976911976911975,88.34831460674157,104.04,0.3707865168539326,0.11235955056179775,0.4259662921348314,0.26490066225165565,0.13245033112582782,0.20238095238095238,0.39325842696629215,,,,,,,,,,,2026-07-07T13:22:33.296448+00:00
593934,Miguel Sanó,LAA,2958.0,0.31447266436773097,0.33434126666666664,0.22061573333333334,0.43542470666666666,0.3359075438859788,0.3131531531531532,94.09090909090908,108.78,0.5454545454545454,0.1038961038961039,0.4503332422748008,0.36666666666666664,0.1,0.2245508982035928,0.37662337662337664,,,,,,,,,,,2026-07-07T13:22:33.296448+00:00
543401,Jason Kipnis,CHC,2954.0,0.27419701333333324,0.3240476666666666,0.25046441999999997,0.4414674066666667,0.32871256537335286,0.03074670571010249,85.67727272727271,101.95,0.29545454545454547,0.07954545454545454,0.3001477272727272,0.271523178807947,0.12582781456953643,0.2314540059347181,0.29545454545454547,,,,,,,,,,,2026-07-07T13:22:33.296448+00:00
680757,Steven Kwan,CLE,2932.0,0.33826385999999997,0.3143911736829837,0.24814323333333344,0.39354563713210766,0.31690129200240846,0.7912727272727272,81.3521739130435,95.2,0.10434782608695652,0.0,0.29876106194690266,0.08496732026143791,0.13725490196078433,0.20344827586206896,0.4434782608695652,80.23191489361702,96.34,0.14893617021276595,0.0,0.3005869565217391,0.109375,0.125,0.21367521367521367,0.3617021276595745,64.0,2026-07-07T13:22:33.296448+00:00
570256,Gregory Polanco,PIT,2911.0,0.3216916179148427,0.31830423999999996,0.24800549999999996,0.3959170133333334,0.32114760061503184,0.5628010374212671,91.8091836734694,107.03,0.5510204081632653,0.08163265306122448,0.3788351090533308,0.23333333333333334,0.09333333333333334,0.3028391167192429,0.336734693877551,,,,,,,,,,,2026-07-07T13:22:33.296448+00:00
650489,Willi Castro,COL,2900.0,0.3234913733333333,0.3026186250396118,0.24122015792548127,0.37210630417309704,0.30474851845945516,0.7301762114537445,87.15,107.43,0.3673469387755102,0.07142857142857142,0.3605204081632654,0.22,0.08666666666666667,0.3556851311953353,0.35714285714285715,87.85238095238094,107.86000000000001,0.35714285714285715,0.09523809523809523,0.40985714285714275,0.3055555555555556,0.06944444444444445,0.37333333333333335,0.47619047619047616,72.0,2026-07-07T13:22:33.296448+00:00
661388,William Contreras,MIL,2885.0,0.32874571999999985,0.3346976317639307,0.27286704626302677,0.4293344534530134,0.3378045496157141,0.37343173431734317,90.30263157894734,105.87,0.4298245614035088,0.07017543859649122,0.35828070175438587,0.16,0.06666666666666667,0.32142857142857145,0.3508771929824561,93.38035714285718,106.55,0.5178571428571429,0.07142857142857142,0.40307142857142847,0.15584415584415584,0.09090909090909091,0.27205882352941174,0.35714285714285715,77.0,2026-07-07T13:22:33.296448+00:00
553869,Elias Díaz,TEX,2881.0,0.31775121383174254,0.2837036914008214,0.22848607918696773,0.3816989964956226,0.2909016600774049,0.8157311669128509,87.45263157894739,106.08,0.38596491228070173,0.09649122807017543,0.3883836078103697,0.22077922077922077,0.032467532467532464,0.3680297397769517,0.37719298245614036,85.44999999999999,104.65,0.3333333333333333,0.05555555555555555,0.3657222222222222,0.1590909090909091,0.022727272727272728,0.46835443037974683,0.4166666666666667,44.0,2026-07-07T13:22:33.296448+00:00
683734,Andrew Vaughn,MIL,2864.0,0.35752771999999994,0.3297850290776052,0.2454514133333334,0.40531063572036374,0.32770632619322365,0.8718992965568308,89.95575221238938,102.8,0.4247787610619469,0.035398230088495575,0.34970796460176967,0.11764705882352941,0.12418300653594772,0.22442244224422442,0.3893805309734513,90.80312500000001,100.39,0.34375,0.03125,0.3412812499999999,0.14893617021276595,0.1702127659574468,0.24761904761904763,0.375,47.0,2026-07-07T13:22:33.296448+00:00
460086,Alex Gordon,KC,2863.0,0.30354574666666667,0.31828182666666666,0.26209923333333324,0.3887502733333333,0.3203141042111863,0.24078254326561324,80.63465346534653,102.1,0.25742574257425743,0.0297029702970297,0.32568316831683175,0.2052980132450331,0.10596026490066225,0.22972972972972974,0.3564356435643564,,,,,,,,,,,2026-07-07T13:22:33.296448+00:00
663697,Jonathan India,KC,2858.0,0.28159461647409867,0.339308031601084,0.25060567871115697,0.4177766416487851,0.3375521332610787,0.03974739970282318,85.85168539325842,102.34,0.33707865168539325,0.07865168539325842,0.28761189293387407,0.2549019607843137,0.13071895424836602,0.18944099378881987,0.28888888888888886,,,,,,,,,,,2026-07-07T13:22:33.296448+00:00
608385,Jesse Winker,NYM,2858.0,0.3059348355490259,0.3461653333333333,0.2709456413371814,0.44024273746432496,0.3520046455735558,0.07428144830160507,87.35959595959596,104.02,0.3838383838383838,0.08080808080808081,0.33014773062983727,0.2119205298013245,0.11258278145695365,0.19014084507042253,0.30303030303030304,,,,,,,,,,,2026-07-07T13:22:33.296448+00:00
543829,Dee Strange-Gordon,WSH,2846.0,0.2533378696296296,0.2661851333333333,0.19706189333333335,0.32413934,0.2660271679063686,0.27540211847783447,80.38524590163935,95.46000000000001,0.11475409836065574,0.0,0.26642167577413484,0.14935064935064934,0.03896103896103896,0.3992673992673993,0.30327868852459017,,,,,,,,,,,2026-07-07T13:22:33.296448+00:00
665926,Andrés Giménez,TOR,2818.0,0.26949454,0.30380578284543985,0.23317210666666663,0.38430716548853006,0.30242604596083156,0.15320439893818733,84.42673267326731,101.4,0.21782178217821782,0.0297029702970297,0.3037799999999999,0.23529411764705882,0.0457516339869281,0.41823899371069184,0.31683168316831684,84.035,104.13,0.275,0.05,0.3404615384615384,0.2,0.05454545454545454,0.3944954128440367,0.425,55.0,2026-07-07T13:22:33.296448+00:00
605412,Joe Panik,MIA,2816.0,0.26411373682539685,0.3140775733333333,0.23858130666666663,0.3836369399999999,0.314665944897722,0.07311411992263056,86.79826086956524,100.56,0.25217391304347825,0.0,0.26227756892230586,0.1390728476821192,0.07947019867549669,0.1972318339100346,0.33043478260869563,,,,,,,,,,,2026-07-07T13:22:33.296448+00:00
572039,Stephen Piscotty,ATH,2805.0,0.28345593847393225,0.3372407466666666,0.25818873324387587,0.41016779333333325,0.33573990019751426,0.05733944954128441,90.8137931034483,104.14000000000001,0.4827586206896552,0.05747126436781609,0.3853605031159751,0.32450331125827814,0.06622516556291391,0.3803680981595092,0.41379310344827586,,,,,,,,,,,2026-07-07T13:22:33.296448+00:00
448801,Chris Davis,BAL,2798.0,0.2880629866666667,0.3311902733333333,0.22521963333333336,0.4777948199999999,0.33557299989003964,0.22631377061756808,87.86493506493507,100.94,0.2857142857142857,0.07792207792207792,0.35050649350649343,0.34,0.13333333333333333,0.25225225225225223,0.37662337662337664,,,,,,,,,,,2026-07-07T13:22:33.296448+00:00
656811,Ryan O'Hearn,PIT,2798.0,0.29431025333333327,0.33096502629126395,0.2338616333333333,0.4191492843412155,0.33033218616611515,0.13224085365853658,88.7576923076923,102.07,0.4326923076923077,0.0673076923076923,0.377326923076923,0.2582781456953642,0.046357615894039736,0.3694915254237288,0.41346153846153844,88.93666666666667,102.16,0.4166666666666667,0.06666666666666667,0.4039,0.21428571428571427,0.05952380952380952,0.34810126582278483,0.4666666666666667,84.0,2026-07-07T13:22:33.296448+00:00
519048,Mitch Moreland,ATH,2797.0,0.3135796155639873,0.34823371999999997,0.2606947807674341,0.4335693466666666,0.3479896720332073,0.1618828932261768,91.88750000000002,105.31,0.5096153846153846,0.125,0.38547651283267415,0.24,0.06,0.2596491228070175,0.36538461538461536,,,,,,,,,,,2026-07-07T13:22:33.296448+00:00
435622,Ian Desmond,COL,2796.0,0.35032633333333335,0.29786928,0.21003001333333335,0.4096543466666666,0.3027243580934152,0.8426493108728943,89.73523809523809,108.78,0.37142857142857144,0.08571428571428572,0.43007619047619045,0.2185430463576159,0.0728476821192053,0.2838283828382838,0.3333333333333333,,,,,,,,,,,2026-07-07T13:22:33.296448+00:00
543543,Brad Miller,TEX,2793.0,0.2887462379304774,0.3216411966666667,0.23567581549221447,0.45071972000000005,0.32384842027690053,0.1291314373558801,89.37319587628866,103.22000000000001,0.36082474226804123,0.061855670103092786,0.3258113163873361,0.25,0.1118421052631579,0.2919254658385093,0.29896907216494845,,,,,,,,,,,2026-07-07T13:22:33.296448+00:00
435079,Ian Kinsler,SD,2791.0,0.2657645133333334,0.31802431999999997,0.23307340000000007,0.37093934000000006,0.3122172545066459,0.07400306748466258,82.53055555555557,98.17999999999999,0.2222222222222222,0.009259259259259259,0.28763888888888894,0.20394736842105263,0.07236842105263158,0.27796610169491526,0.3611111111111111,,,,,,,,,,,2026-07-07T13:22:33.296448+00:00
451594,Dexter Fowler,LAA,2764.0,0.2914610777777777,0.3300321300000001,0.2195769,0.4105058266666666,0.32900067384489357,0.16032608695652173,85.52528735632181,100.62,0.3103448275862069,0.05747126436781609,0.3662001915708813,0.31125827814569534,0.10596026490066225,0.23661971830985915,0.3448275862068966,,,,,,,,,,,2026-07-07T13:22:33.296448+00:00
607054,Jace Peterson,AZ,2725.0,0.27314153857892426,0.30458432999999996,0.2545443559145339,0.3891512044540645,0.3067377730822285,0.04570747217806041,84.04899999999999,98.64,0.28,0.01,0.29633428067513784,0.22875816993464052,0.1111111111111111,0.22085889570552147,0.32,,,,,,,,,,,2026-07-07T13:22:33.296448+00:00
663728,Cal Raleigh,SEA,2722.0,0.2914845933333333,0.33760685772699645,0.21382344842662213,0.41361150258726065,0.339742079000748,0.06323644933228594,90.3416666666667,105.8,0.34523809523809523,0.13095238095238096,0.3569047619047619,0.3246753246753247,0.12987012987012986,0.3700787401574803,0.32142857142857145,89.74166666666666,104.75,0.3333333333333333,0.08333333333333333,0.3326388888888889,0.3287671232876712,0.1780821917808219,0.34408602150537637,0.3888888888888889,73.0,2026-07-07T13:22:33.296448+00:00
650859,Luis Rengifo,MIL,2721.0,0.31345429333333336,0.30413272486686277,0.24471492666666667,0.3643967530800094,0.30244379458466414,0.7093343836155966,87.0308333333333,102.1,0.35,0.041666666666666664,0.2966525423728814,0.09868421052631579,0.10526315789473684,0.2932098765432099,0.2916666666666667,,,,,,,,,,,2026-07-07T13:22:33.296448+00:00
642086,Dominic Smith,ATL,2711.0,0.27894547333333336,0.3212934786498861,0.23635633999999997,0.4263949999999999,0.3220405368718247,0.07490196078431373,86.83508771929822,101.91,0.3508771929824561,0.05263157894736842,0.2972982456140351,0.15333333333333332,0.07333333333333333,0.27419354838709675,0.30701754385964913,83.44117647058823,101.34,0.35294117647058826,0.029411764705882353,0.24391176470588238,0.19148936170212766,0.0851063829787234,0.2336448598130841,0.20588235294117646,47.0,2026-07-07T13:22:33.296448+00:00
543768,Travis Shaw,BOS,2697.0,0.24816503169459922,0.3186156933333333,0.24816503169459922,0.4212306666666666,0.32167681254483177,0.0,85.4505376344086,103.82,0.34408602150537637,0.07526881720430108,0.3021923269691195,0.2913907284768212,0.08609271523178808,0.25249169435215946,0.3333333333333333,,,,,,,,,,,2026-07-07T13:22:33.296448+00:00
457803,Jay Bruce,NYY,2697.0,0.28851634000000004,0.3374031066666666,0.26177352666666664,0.43833839333333335,0.337862106838019,0.030120481927710843,87.99387755102042,104.19,0.35714285714285715,0.07142857142857142,0.363530612244898,0.271523178807947,0.07947019867549669,0.2727272727272727,0.32653061224489793,,,,,,,,,,,2026-07-07T13:22:33.296448+00:00
608577,Nomar Mazara,SD,2695.0,0.2904347120077972,0.3171989733333333,0.25235153437299834,0.39331649999999996,0.31895062202723024,0.17842981760507534,84.99603960396038,99.9,0.2871287128712871,0.0297029702970297,0.356015384169996,0.25333333333333335,0.06666666666666667,0.29429429429429427,0.39603960396039606,,,,,,,,,,,2026-07-07T13:22:33.296448+00:00
663624,Ryan Mountcastle,BAL,2689.0,0.315257791982712,0.34085982967327644,0.26065512348544906,0.43209522018440527,0.34035741838570077,0.2697029702970297,90.703125,106.25,0.46875,0.09375,0.43591824788965433,0.3202614379084967,0.0392156862745098,0.3864406779661017,0.3958333333333333,,,,,,,,,,,2026-07-07T13:22:33.296448+00:00
665862,Jazz Chisholm Jr.,NYY,2686.0,0.3200918466666666,0.32048386580574134,0.2328993259188292,0.4107578285642865,0.3188582187062502,0.4938467645891227,92.07011494252873,106.02000000000001,0.4827586206896552,0.12643678160919541,0.4009195402298849,0.3,0.11333333333333333,0.3031161473087819,0.26436781609195403,92.38421052631578,104.66,0.4473684210526316,0.10526315789473684,0.3581842105263157,0.3384615384615385,0.07692307692307693,0.3129251700680272,0.21052631578947367,65.0,2026-07-07T13:22:33.296448+00:00
595978,Austin Hedges,CLE,2681.0,0.3080592933333333,0.2468398655731922,0.17193251120772948,0.30817965333333336,0.24714852833088377,0.9991833401388321,84.8981981981982,101.8,0.34234234234234234,0.05405405405405406,0.3233018867924528,0.16556291390728478,0.08609271523178808,0.265993265993266,0.32432432432432434,86.27499999999999,101.69,0.375,0.16666666666666666,0.35817391304347823,0.15625,0.03125,0.33962264150943394,0.3333333333333333,32.0,2026-07-07T13:22:33.296448+00:00
662139,Daulton Varsho,TOR,2678.0,0.2805417733333333,0.30226042341408993,0.20732864841904683,0.36507475465321043,0.30036700947098455,0.24161341853035143,85.75490196078435,104.19,0.39215686274509803,0.06862745098039216,0.3299313725490196,0.24,0.08,0.3732193732193732,0.38235294117647056,85.81470588235292,105.14999999999999,0.38235294117647056,0.08823529411764706,0.32676470588235296,0.29411764705882354,0.0392156862745098,0.4,0.4117647058823529,51.0,2026-07-07T13:22:33.296448+00:00
502517,Daniel Murphy,COL,2677.0,0.2651003666666667,0.35069444,0.2542603666666667,0.45468023999999985,0.3465244256686957,0.01460446247464503,85.08991596638656,100.1,0.2689075630252101,0.05042016806722689,0.30160169491525424,0.16556291390728478,0.046357615894039736,0.3204633204633205,0.35294117647058826,,,,,,,,,,,2026-07-07T13:22:33.296448+00:00
663647,Ke'Bryan Hayes,CIN,2674.0,0.2947979096296296,0.2896557574721575,0.24005938366892365,0.38129486298988685,0.2988891582967714,0.5680449618627057,89.65535714285716,103.08999999999999,0.36607142857142855,0.08928571428571429,0.31827182539682547,0.16447368421052633,0.06578947368421052,0.28515625,0.3893805309734513,,,,,,,,,,,2026-07-07T13:22:33.296448+00:00
466320,Melky Cabrera,PIT,2674.0,0.27240119999999995,0.31778855999999994,0.24533476666666668,0.3744239266666667,0.31738316563854174,0.04077513120710537,86.0906976744186,103.36,0.27906976744186046,0.015503875968992248,0.295341085271318,0.1118421052631579,0.03289473684210526,0.36823104693140796,0.3023255813953488,,,,,,,,,,,2026-07-07T13:22:33.296448+00:00
476704,Jed Lowrie,ATH,2668.0,0.24772114837264103,0.3328445833333333,0.23220114837264105,0.4022667866666666,0.32832781083872725,0.014044943820224719,86.588679245283,100.94999999999999,0.3113207547169811,0.02830188679245283,0.27907536090468055,0.2251655629139073,0.0728476821192053,0.23588039867109634,0.29245283018867924,,,,,,,,,,,2026-07-07T13:22:33.296448+00:00
669720,Austin Hays,CWS,2666.0,0.28207269688266035,0.30693595037537996,0.24459834164759728,0.3690379460975538,0.3056113776758333,0.19303163796555867,88.39433962264152,102.85,0.44339622641509435,0.0660377358490566,0.37306525030565146,0.26143790849673204,0.032679738562091505,0.37293729372937295,0.3113207547169811,,,,,,,,,,,2026-07-07T13:22:33.296448+00:00
571740,Billy Hamilton,CWS,2660.0,0.2137158155555556,0.25798016,0.19144654666666666,0.3064918,0.25642119984626127,0.018029350104821804,78.54523809523809,99.13,0.17857142857142858,0.011904761904761904,0.31663416666666666,0.39072847682119205,0.033112582781456956,0.3807829181494662,0.35714285714285715,,,,,,,,,,,2026-07-07T13:22:33.296448+00:00
460075,Ryan Braun,MIL,2655.0,0.3549891266666667,0.3536436066666667,0.28155858,0.43337850000000006,0.35526096702541066,0.5136567468406034,89.22752293577983,105.92,0.41284403669724773,0.11926605504587157,0.4047706422018348,0.1830065359477124,0.058823529411764705,0.38562091503267976,0.3761467889908257,,,,,,,,,,,2026-07-07T13:22:33.296448+00:00
642133,Rowdy Tellez,ATL,2633.0,0.31840454141916524,0.3316628460431432,0.25211034747474753,0.4232215386261536,0.3302880302407564,0.33877551020408164,90.92291666666665,106.85,0.4166666666666667,0.14583333333333334,0.41786770013411245,0.29605263157894735,0.06578947368421052,0.3115727002967359,0.3854166666666667,95.02000000000001,105.86,0.6,0.4,0.868,0.3333333333333333,0.1111111111111111,0.30434782608695654,0.6,9.0,2026-07-07T13:22:33.296448+00:00
542583,Jesús Aguilar,ATH,2623.0,0.2539482616815448,0.3334310610641637,0.25047322872905226,0.41976107999999984,0.3323996888690231,0.0036855036855036856,86.98061224489794,101.24,0.30612244897959184,0.061224489795918366,0.31609257400236446,0.26,0.06,0.36042402826855124,0.3979591836734694,,,,,,,,,,,2026-07-07T13:22:33.296448+00:00
434158,Curtis Granderson,MIA,2613.0,0.2934054733333333,0.3391706666666666,0.25543183999999985,0.4374866266666667,0.3401662815080349,0.08117016893283889,88.38202247191006,100.72,0.33707865168539325,0.0449438202247191,0.339056179775281,0.271523178807947,0.12582781456953643,0.2177650429799427,0.38202247191011235,,,,,,,,,,,2026-07-07T13:22:33.296448+00:00
671277,Luis García Jr.,WSH,2602.0,0.37989636,0.31525214461698214,0.24540217569023573,0.4039852657072713,0.31886534875874334,0.9436909165639129,91.11596638655463,106.66000000000001,0.46218487394957986,0.14285714285714285,0.4376638655462183,0.16,0.04666666666666667,0.40186915887850466,0.3865546218487395,90.69636363636366,107.46000000000001,0.45454545454545453,0.18181818181818182,0.4939818181818182,0.14285714285714285,0.07142857142857142,0.3939393939393939,0.45454545454545453,70.0,2026-07-07T13:22:33.296448+00:00
670623,Isaac Paredes,HOU,2591.0,0.33806167333333337,0.3113382124262759,0.25748965625730985,0.3628959708938936,0.31128138342950434,0.8945199835187474,86.6373831775701,101.5,0.34579439252336447,0.08411214953271028,0.33058878504672895,0.1513157894736842,0.10526315789473684,0.25722543352601157,0.411214953271028,85.89393939393943,99.8,0.2727272727272727,0.045454545454545456,0.2975,0.11627906976744186,0.08139534883720931,0.25806451612903225,0.36363636363636365,86.0,2026-07-07T13:22:33.296448+00:00
665161,Jeremy Peña,HOU,2588.0,0.34535984000000014,0.31679064052491457,0.22224670798748206,0.3781817554316685,0.31636577244462216,0.850808122668877,87.74722222222218,104.4,0.4074074074074074,0.046296296296296294,0.3882129629629632,0.19205298013245034,0.07947019867549669,0.3538961038961039,0.32407407407407407,91.58285714285716,104.14,0.5142857142857142,0.02857142857142857,0.4071428571428571,0.2830188679245283,0.05660377358490566,0.4095238095238095,0.37142857142857144,53.0,2026-07-07T13:22:33.296448+00:00
673548,Seiya Suzuki,CHC,2577.0,0.33011828666666665,0.34282697312923227,0.26714722034565463,0.43548765883143603,0.3463631572343747,0.2760914760914761,90.00312499999997,106.05,0.40625,0.10416666666666667,0.40668750000000015,0.27450980392156865,0.0915032679738562,0.21700879765395895,0.3854166666666667,89.52040816326534,103.0,0.3877551020408163,0.061224489795918366,0.3470408163265306,0.2716049382716049,0.12345679012345678,0.20212765957446807,0.3877551020408163,81.0,2026-07-07T13:22:33.296448+00:00
681082,Bryson Stott,PHI,2574.0,0.34047482,0.30732955259215544,0.217207668421501,0.36749414612277453,0.3101903068574709,0.8557172557172558,88.13000000000001,103.42,0.38181818181818183,0.08181818181818182,0.36954545454545445,0.17218543046357615,0.09271523178807947,0.3303030303030303,0.33636363636363636,87.01475409836065,103.3,0.3114754098360656,0.06557377049180328,0.3651311475409836,0.16666666666666666,0.09523809523809523,0.32967032967032966,0.29508196721311475,84.0,2026-07-07T13:22:33.296448+00:00
649557,Aledmys Díaz,ATH,2546.0,0.27368052046398045,0.3096200333333334,0.23745377798036468,0.3748363892516808,0.3091191378443186,0.1376535366370182,87.34166666666664,102.72,0.3333333333333333,0.018518518518518517,0.31667590719249605,0.2185430463576159,0.052980132450331126,0.3481781376518219,0.2777777777777778,,,,,,,,,,,2026-07-07T13:22:33.296448+00:00
434778,Kendrys Morales,ATH,2542.0,0.3619775133333333,0.37246924000000003,0.2689916399999999,0.4506989000000001,0.3726613733588112,0.4072186836518047,90.11981981981982,103.9,0.4144144144144144,0.05405405405405406,0.34609009009008995,0.11764705882352941,0.13725490196078433,0.20552147239263804,0.3153153153153153,,,,,,,,,,,2026-07-07T13:22:33.296448+00:00
682928,CJ Abrams,WSH,2537.0,0.28846913333333335,0.31228104786490707,0.22680762336656798,0.3986362866377328,0.31285187730611086,0.2623089983022071,89.63366336633663,104.3,0.4158415841584158,0.07920792079207921,0.3430396039603962,0.24666666666666667,0.05333333333333334,0.4078014184397163,0.31683168316831684,89.086,103.76,0.38,0.08,0.32227999999999996,0.273972602739726,0.0273972602739726,0.44285714285714284,0.24,73.0,2026-07-07T13:22:33.296448+00:00
683002,Gunnar Henderson,BAL,2537.0,0.31919220666666664,0.34969006465643154,0.25830184666666667,0.41716964058458605,0.3479983166113866,0.18887015177065766,89.54128440366972,105.22,0.43119266055045874,0.045871559633027525,0.3123302752293579,0.14473684210526316,0.11842105263157894,0.2770700636942675,0.3119266055045872,89.96229508196723,105.8,0.39344262295081966,0.03278688524590164,0.295655737704918,0.1566265060240964,0.0963855421686747,0.30246913580246915,0.29508196721311475,83.0,2026-07-07T13:22:33.296448+00:00
475253,Justin Smoak,MIL,2536.0,0.27453474666666666,0.3480545533333333,0.25219880666666666,0.4834126533333333,0.3551235040861121,0.05825242718446602,89.83333333333331,104.52,0.3978494623655914,0.043010752688172046,0.34425806451612917,0.3006535947712418,0.0718954248366013,0.2319277108433735,0.34408602150537637,,,,,,,,,,,2026-07-07T13:22:33.296448+00:00
605119,Brian Anderson,ATL,2530.0,0.2922594528016337,0.32252549999999996,0.25974079999999994,0.39436630000000006,0.32479555280130284,0.12885509083227714,90.34204545454548,105.23,0.45454545454545453,0.09090909090909091,0.4029315900027846,0.34210526315789475,0.07236842105263158,0.339041095890411,0.38636363636363635,,,,,,,,,,,2026-07-07T13:22:33.296448+00:00
571875,Jake Lamb,LAA,2525.0,0.3079958693462453,0.33357138999999997,0.24282119999999996,0.4298066533333334,0.33476046949718197,0.20926243567753003,90.73863636363636,104.63,0.4431818181818182,0.10227272727272728,0.406276550022009,0.31333333333333335,0.07333333333333333,0.2507936507936508,0.36363636363636365,,,,,,,,,,,2026-07-07T13:22:33.296448+00:00
672695,Geraldo Perdomo,AZ,2513.0,0.33931870666666675,0.29976289773211606,0.23176735206349208,0.4126545292444134,0.3087673216459271,0.7489139878366637,85.5693693693694,98.6,0.2702702702702703,0.02702702702702703,0.31534545454545465,0.11764705882352941,0.13071895424836602,0.2314540059347181,0.38738738738738737,86.16610169491524,99.02,0.288135593220339,0.05084745762711865,0.29006779661016946,0.1411764705882353,0.15294117647058825,0.22631578947368422,0.3220338983050847,85.0,2026-07-07T13:22:33.296448+00:00
467092,Wilson Ramos,DET,2509.0,0.2982279820864825,0.31757343663193693,0.26006650666666664,0.4131597066666667,0.3231975903965266,0.26669538991813874,88.67339449541282,105.38,0.41284403669724773,0.11009174311926606,0.35963725975204003,0.2185430463576159,0.052980132450331126,0.34334763948497854,0.29357798165137616,,,,,,,,,,,2026-07-07T13:22:33.296448+00:00
622110,Matt Duffy,TEX,2499.0,0.31315694051282056,0.31426653333333326,0.2595561733333333,0.37406509999999993,0.31344116548018014,0.48396880415944543,86.65789473684211,99.97,0.34210526315789475,0.017543859649122806,0.3205161673414304,0.1568627450980392,0.06535947712418301,0.2653061224489796,0.3684210526315789,,,,,,,,,,,2026-07-07T13:22:33.296448+00:00
657041,Lane Thomas,KC,2493.0,0.32289651999999996,0.3089394743759325,0.22939050530432525,0.36981404330997814,0.3057152921008575,0.6786632390745502,89.45050505050506,104.7,0.37373737373737376,0.050505050505050504,0.37010101010101004,0.24183006535947713,0.10457516339869281,0.1942675159235669,0.3838383838383838,90.04909090909094,104.30000000000001,0.41818181818181815,0.05454545454545454,0.39140000000000014,0.22784810126582278,0.0759493670886076,0.1910828025477707,0.38181818181818183,79.0,2026-07-07T13:22:33.296448+00:00
605170,Victor Caratini,MIN,2491.0,0.3360262266666667,0.314377433057981,0.26007545725490194,0.37963751012980684,0.3150451430386942,0.7760484219628189,90.58999999999997,102.27000000000001,0.43,0.11,0.3694600000000001,0.2052980132450331,0.10596026490066225,0.24429967426710097,0.4,90.77368421052631,101.29,0.39473684210526316,0.13157894736842105,0.3526578947368421,0.17857142857142858,0.125,0.22131147540983606,0.3684210526315789,56.0,2026-07-07T13:22:33.296448+00:00
670032,Nicky Lopez,TEX,2489.0,0.2585713333333334,0.27858682,0.20813597333333334,0.3235246426780627,0.2756218994771504,0.15098468271334792,83.16386554621847,98.72,0.24369747899159663,0.0,0.2655982905982906,0.14473684210526316,0.046052631578947366,0.32669322709163345,0.23333333333333334,83.75800000000001,97.9,0.22,0.0,0.28144897959183673,0.1,0.016666666666666666,0.37755102040816324,0.19607843137254902,60.0,2026-07-07T13:22:33.296448+00:00
461314,Matt Kemp,COL,2488.0,0.30965099333333335,0.33952079999999996,0.2440431666666667,0.47203042,0.34375667821485706,0.21107719145224596,85.69010989010988,103.5,0.2967032967032967,0.06593406593406594,0.3960000000000001,0.3006535947712418,0.10457516339869281,0.2796610169491525,0.37362637362637363,,,,,,,,,,,2026-07-07T13:22:33.296448+00:00
680776,Jarren Duran,BOS,2486.0,0.2937007533333334,0.31906587402235054,0.25029048325767417,0.39167739241330407,0.3210450989361334,0.13928417421302286,86.93666666666665,106.63,0.34444444444444444,0.1111111111111111,0.4085280898876404,0.32666666666666666,0.05333333333333334,0.35018050541516244,0.3956043956043956,84.2225,105.23,0.325,0.1,0.38599999999999995,0.3088235294117647,0.08823529411764706,0.3464566929133858,0.325,68.0,2026-07-07T13:22:33.296448+00:00
641933,Tyler O'Neill,BAL,2481.0,0.29421125333333337,0.34351962373625733,0.25638746666666673,0.44459126857209197,0.33978832943333875,0.14612068965517241,89.31758241758243,103.8,0.4065934065934066,0.06593406593406594,0.34585714285714275,0.28104575163398693,0.1111111111111111,0.2688821752265861,0.37362637362637363,96.23333333333333,108.32,0.5833333333333334,0.16666666666666666,0.6102500000000001,0.32,0.2,0.2033898305084746,0.4166666666666667,25.0,2026-07-07T13:22:33.296448+00:00
641598,Mitch Garver,SEA,2478.0,0.30579174605363985,0.32222973984501513,0.23737310349206348,0.4476894913265277,0.3298141073829297,0.34153713298791016,90.1297619047619,104.72000000000001,0.4880952380952381,0.07142857142857142,0.35263314176245203,0.2866666666666667,0.14,0.2195845697329377,0.25,94.45,102.7,0.5,0.16666666666666666,0.5826666666666667,0.4375,0.125,0.18421052631578946,0.6666666666666666,16.0,2026-07-07T13:22:33.296448+00:00
673357,Luis Robert Jr.,NYM,2474.0,0.3203294165567766,0.3301216813711584,0.24370461806036378,0.4649964091191537,0.33123810605951404,0.4150283966797728,89.44513274336282,106.16,0.415929203539823,0.05309734513274336,0.34201342020811043,0.16339869281045752,0.09803921568627451,0.3258064516129032,0.25663716814159293,,,,,,,,,,,2026-07-07T13:22:33.296448+00:00
679529,Spencer Torkelson,DET,2470.0,0.34072544666666665,0.321896308854883,0.24096952777070876,0.4286198944113863,0.3239296929643887,0.7038645245332176,89.80243902439025,103.39000000000001,0.47560975609756095,0.15853658536585366,0.4683170731707318,0.33112582781456956,0.09933774834437085,0.24198250728862974,0.5121951219512195,88.78837209302326,104.8,0.4418604651162791,0.16279069767441862,0.4993953488372093,0.2948717948717949,0.1282051282051282,0.2046783625730994,0.5581395348837209,78.0,2026-07-07T13:22:33.296448+00:00
682998,Corbin Carroll,AZ,2463.0,0.30800290666666674,0.35034198087095164,0.2697933450662075,0.42416569025102113,0.34888713968558305,0.1183691363437089,91.6292929292929,105.92,0.45454545454545453,0.09090909090909091,0.36063636363636375,0.22,0.08,0.31010452961672474,0.2727272727272727,89.85000000000001,105.59,0.36538461538461536,0.057692307692307696,0.32526923076923075,0.25,0.1,0.3254437869822485,0.2692307692307692,80.0,2026-07-07T13:22:33.296448+00:00
682985,Riley Greene,DET,2455.0,0.35394584666666656,0.3455327740709622,0.25021665680801747,0.4561305708511879,0.3456211119942879,0.5773601398601399,93.97473684210527,108.98000000000002,0.5263157894736842,0.15789473684210525,0.44079999999999997,0.26143790849673204,0.11764705882352941,0.24242424242424243,0.3368421052631579,93.82264150943395,109.7,0.5283018867924528,0.16981132075471697,0.46626415094339624,0.21518987341772153,0.11392405063291139,0.2023121387283237,0.3584905660377358,79.0,2026-07-07T13:22:33.296448+00:00
608348,Carson Kelly,CHC,2453.0,0.29224984000000004,0.31388710519829427,0.21321351508677966,0.4321501161948488,0.3142286736952039,0.2842750766535261,86.9088495575221,101.98,0.336283185840708,0.02654867256637168,0.28923008849557535,0.1513157894736842,0.09210526315789473,0.28524590163934427,0.30973451327433627,87.21785714285716,102.17999999999999,0.39285714285714285,0.03571428571428571,0.2908928571428571,0.11904761904761904,0.21428571428571427,0.22115384615384615,0.2857142857142857,42.0,2026-07-07T13:22:33.296448+00:00
471865,Carlos González,CLE,2449.0,0.2774548733333333,0.3170485599999999,0.2369038066666667,0.43264935333333343,0.3209079967230629,0.09661620658949244,87.35465116279066,105.3,0.3372093023255814,0.05813953488372093,0.33983720930232564,0.3092105263157895,0.11842105263157894,0.3434650455927052,0.313953488372093,,,,,,,,,,,2026-07-07T13:22:33.296448+00:00
523253,Logan Forsythe,MIA,2447.0,0.2703313666666667,0.3247699066666666,0.24850043333333333,0.40382665333333334,0.32354736271875906,0.04302019315188762,89.83820224719099,102.60000000000001,0.38202247191011235,0.0449438202247191,0.3357752808988763,0.3092105263157895,0.09868421052631579,0.13522012578616352,0.449438202247191,,,,,,,,,,,2026-07-07T13:22:33.296448+00:00
669016,Brandon Marsh,PHI,2441.0,0.32446116666666663,0.32466759661021116,0.23581988326372968,0.3766891523432048,0.3204536568940795,0.49691358024691357,89.4936170212766,103.74,0.43617021276595747,0.14893617021276595,0.45779787234042546,0.32,0.04666666666666667,0.379746835443038,0.5212765957446809,88.38,103.44,0.41818181818181815,0.18181818181818182,0.4421090909090909,0.33707865168539325,0.0449438202247191,0.4030612244897959,0.509090909090909,89.0,2026-07-07T13:22:33.296448+00:00
664702,Myles Straw,TOR,2436.0,0.28351478666666674,0.28973279819827347,0.24507106027280476,0.3453592591534392,0.28926648401742905,0.38898756660746003,84.84695652173914,101.44,0.26956521739130435,0.034782608695652174,0.2861238938053098,0.14666666666666667,0.08666666666666667,0.18394648829431437,0.2956521739130435,85.16428571428573,100.53,0.25,0.0,0.19767857142857137,0.0625,0.0625,0.2153846153846154,0.2857142857142857,32.0,2026-07-07T13:22:33.296448+00:00
572287,Mike Zunino,CLE,2432.0,0.24918171452325452,0.3030104420677229,0.21471706666666668,0.38745886636569227,0.3032305771529255,0.08259717314487633,86.57536231884059,106.53999999999999,0.36231884057971014,0.08695652173913043,0.36991250983316204,0.4266666666666667,0.10666666666666667,0.3343195266272189,0.2898550724637681,,,,,,,,,,,2026-07-07T13:22:33.296448+00:00
474568,Jordy Mercer,WSH,2429.0,0.28266167285722965,0.2987509933333333,0.24509413333333327,0.3664752999999999,0.3010135310042796,0.22822141560798548,85.74716981132076,102.05,0.3018867924528302,0.02830188679245283,0.3338129804583439,0.23529411764705882,0.0718954248366013,0.24705882352941178,0.37735849056603776,,,,,,,,,,,2026-07-07T13:22:33.296448+00:00
668939,Adley Rutschman,BAL,2417.0,0.33834243999999997,0.3435408612553229,0.27077252627933474,0.42502579328482215,0.34498905438816135,0.4582963620230701,89.57314814814819,103.03,0.4074074074074074,0.05555555555555555,0.34795370370370365,0.15333333333333332,0.11333333333333333,0.2578616352201258,0.4074074074074074,87.3551724137931,97.84,0.2413793103448276,0.0,0.23013793103448268,0.21052631578947367,0.02631578947368421,0.296875,0.5517241379310345,38.0,2026-07-07T13:22:33.296448+00:00
671739,Michael Harris II,ATL,2411.0,0.3516399,0.3430424681524247,0.24921747823152443,0.4550909439825851,0.34308966696552057,0.5797682709447415,89.1972222222222,107.94999999999999,0.4351851851851852,0.09259259259259259,0.41814814814814827,0.2119205298013245,0.052980132450331126,0.46645367412140576,0.3333333333333333,90.4938775510204,107.34,0.46938775510204084,0.08163265306122448,0.40730612244897957,0.22388059701492538,0.04477611940298507,0.4583333333333333,0.30612244897959184,67.0,2026-07-07T13:22:33.296448+00:00
643289,Mauricio Dubón,ATL,2406.0,0.35226377999999997,0.2886129664834882,0.24101726491499695,0.35226377999999997,0.2903791199204818,0.9995523724261415,85.30499999999999,99.94000000000001,0.3416666666666667,0.041666666666666664,0.3598823529411764,0.10596026490066225,0.08609271523178808,0.3695652173913043,0.38333333333333336,85.3136363636364,99.80000000000001,0.3939393939393939,0.015151515151515152,0.3383846153846154,0.0759493670886076,0.08860759493670886,0.30666666666666664,0.36363636363636365,79.0,2026-07-07T13:22:33.296448+00:00
571657,Kyle Farmer,ATL,2405.0,0.3083390944807613,0.30373996657989993,0.24177339286642602,0.39658625407922665,0.30440777521631146,0.5474157303370787,87.58823529411767,101.75999999999999,0.37254901960784315,0.06862745098039216,0.37118160953053136,0.2549019607843137,0.058823529411764705,0.3308270676691729,0.38235294117647056,,,,,,,,,,,2026-07-07T13:22:33.296448+00:00
570560,Yolmer Sánchez,BOS,2402.0,0.26845840666666665,0.27834728,0.2202606733333333,0.33531686666666666,0.2803156616901837,0.35366408739189803,85.85979381443299,98.88,0.29896907216494845,0.030927835051546393,0.29436170212765955,0.23178807947019867,0.10596026490066225,0.27217125382262997,0.3402061855670103,,,,,,,,,,,2026-07-07T13:22:33.296448+00:00
435559,Kurt Suzuki,LAA,2396.0,0.26832677888888884,0.3054932066666667,0.24701104000000004,0.37587071333333344,0.30570378302239815,0.09618874773139746,84.8245283018868,99.25,0.27358490566037735,0.03773584905660377,0.271213626984127,0.18543046357615894,0.09933774834437085,0.2736842105263158,0.3113207547169811,,,,,,,,,,,2026-07-07T13:22:33.296448+00:00
408045,Joe Mauer,MIN,2383.0,0.3196980666666667,0.35265704333333336,0.2888945866666667,0.4237410666666666,0.3545070753860294,0.13373161764705882,92.02363636363637,103.62,0.4727272727272727,0.02727272727272727,0.3770909090909092,0.20915032679738563,0.06535947712418301,0.23389830508474577,0.4090909090909091,,,,,,,,,,,2026-07-07T13:22:33.296448+00:00
450314,Ben Zobrist,CHC,2369.0,0.30059684,0.33027047666666665,0.2893965866666666,0.4424906466666666,0.33630145612803947,0.02631578947368421,85.86785714285716,100.48,0.24107142857142858,0.008928571428571428,0.28987500000000005,0.13725490196078433,0.11764705882352941,0.2231638418079096,0.25892857142857145,,,,,,,,,,,2026-07-07T13:22:33.296448+00:00
475174,Yonder Alonso,CWS,2367.0,0.28302374666666663,0.3290379533333333,0.2545953333333333,0.4649300733333333,0.3324192552856702,0.054995417048579284,86.37980769230762,104.17999999999999,0.3076923076923077,0.038461538461538464,0.3014519230769231,0.2,0.09333333333333334,0.305993690851735,0.3173076923076923,,,,,,,,,,,2026-07-07T13:22:33.296448+00:00
641680,Jonah Heim,ATH,2364.0,0.3116536133333333,0.2923518160372129,0.22052202656630907,0.3948967044849805,0.2936740535251717,0.8092643051771117,87.28928571428573,104.08999999999999,0.30357142857142855,0.08035714285714286,0.3541607142857142,0.18,0.06666666666666667,0.34285714285714286,0.35714285714285715,87.6093023255814,104.22,0.3023255813953488,0.09302325581395349,0.33279069767441855,0.1864406779661017,0.0847457627118644,0.3486238532110092,0.27906976744186046,59.0,2026-07-07T13:22:33.296448+00:00
668942,Josh Rojas,KC,2353.0,0.24992211004439718,0.2934506561800033,0.23687248308802306,0.3606124365397836,0.29352436357550377,0.022119815668202765,88.50535714285716,102.0,0.38392857142857145,0.05357142857142857,0.28166525681675303,0.19607843137254902,0.058823529411764705,0.25,0.32142857142857145,81.17333333333336,99.34,0.2,0.06666666666666667,0.2320666666666667,0.25,0.0,0.46875,0.4,20.0,2026-07-07T13:22:33.296448+00:00
621028,Kevin Newman,LAA,2347.0,0.23616381429528516,0.2852439911594203,0.23017278399225488,0.34246437333333335,0.28789365511566073,0.006493506493506494,85.59152542372884,99.13,0.2796610169491525,0.025423728813559324,0.2845881465324169,0.19205298013245034,0.019867549668874173,0.30739299610894943,0.3474576271186441,,,,,,,,,,,2026-07-07T13:22:33.296448+00:00
621563,Joey Wendle,NYM,2342.0,0.2649049795080482,0.2883875847591069,0.22990445312169314,0.38275020000000004,0.2901377019078662,0.13764434180138568,87.55299145299146,100.06,0.3504273504273504,0.03418803418803419,0.3025411780472409,0.18666666666666668,0.02666666666666667,0.3415492957746479,0.3333333333333333,,,,,,,,,,,2026-07-07T13:22:33.296448+00:00
435522,Neil Walker,PHI,2336.0,0.3080356733333333,0.3355428666666667,0.28070637333333337,0.40769231999999994,0.33646265859063507,0.1070931849791377,85.43904761904764,97.75999999999999,0.2,0.047619047619047616,0.3519714285714286,0.20666666666666667,0.09333333333333334,0.3153153153153153,0.4095238095238095,,,,,,,,,,,2026-07-07T13:22:33.296448+00:00
668715,Spencer Steer,CIN,2333.0,0.2924511666666667,0.3181126181688521,0.24323833820148755,0.41575797333333336,0.3208746262135615,0.21186833565136765,88.22643678160917,102.24,0.41379310344827586,0.10344827586206896,0.3259310344827587,0.25333333333333335,0.11333333333333333,0.2689873417721519,0.2988505747126437,90.34411764705882,102.50999999999999,0.4411764705882353,0.14705882352941177,0.3442058823529412,0.2923076923076923,0.07692307692307693,0.31496062992125984,0.2647058823529412,65.0,2026-07-07T13:22:33.296448+00:00
592325,Ben Gamel,HOU,2326.0,0.3337081116696486,0.30735174592086273,0.22559301333333337,0.38283017548708037,0.30800798073917796,0.8216945996275605,89.09333333333332,103.85,0.37777777777777777,0.08888888888888889,0.3647893083383031,0.23529411764705882,0.17647058823529413,0.1553398058252427,0.43333333333333335,,,,,,,,,,,2026-07-07T13:22:33.296448+00:00
641531,Hunter Dozier,KC,2317.0,0.25564990290975953,0.3133368972689971,0.2339686666666667,0.40403254,0.31341361786511207,0.06157407407407407,86.8532608695652,103.4,0.41304347826086957,0.07608695652173914,0.3340329286572166,0.3223684210526316,0.07236842105263158,0.31210191082802546,0.31521739130434784,,,,,,,,,,,2026-07-07T13:22:33.296448+00:00
667670,Brent Rooker,ATH,2314.0,0.32321738666666666,0.34884724848960214,0.2426902038824558,0.4919183124318634,0.35313979151049013,0.2731503024662634,90.09444444444445,106.13,0.4222222222222222,0.14444444444444443,0.42846666666666666,0.3116883116883117,0.08441558441558442,0.3129251700680272,0.3888888888888889,,,,,,,,,,,2026-07-07T13:22:33.296448+00:00
553882,Omar Narváez,CWS,2313.0,0.267062241724682,0.3044082999999999,0.23660157323794848,0.3753305958314461,0.30587762754281705,0.11048425011753643,85.69821428571427,98.99000000000001,0.26785714285714285,0.03571428571428571,0.2951230114427483,0.19480519480519481,0.07142857142857142,0.2550335570469799,0.4107142857142857,,,,,,,,,,,2026-07-07T13:22:33.296448+00:00
669221,Sean Murphy,ATL,2311.0,0.28769025352479655,0.33960279135874877,0.28439404327181594,0.4662377459623526,0.3467179948339918,0.003251277287505806,87.12857142857145,105.71000000000001,0.40476190476190477,0.09523809523809523,0.34799073843713685,0.3092105263157895,0.1118421052631579,0.24199288256227758,0.20238095238095238,,,,,,,,,,,2026-07-07T13:22:33.296448+00:00
624577,Yasiel Puig,CIN,2305.0,0.33111828000000004,0.33527161000000005,0.26998237999999997,0.41241666,0.33684100863393107,0.43012275731822475,90.90299999999996,107.34,0.44,0.09,0.3632800000000001,0.20915032679738563,0.11764705882352941,0.24437299035369775,0.28,,,,,,,,,,,2026-07-07T13:22:33.296448+00:00
645302,Victor Robles,SEA,2302.0,0.2623221537240537,0.28353472005772007,0.22195575968253972,0.36947690351391,0.28606142130489737,0.21122740247383445,83.71111111111114,98.27,0.21296296296296297,0.037037037037037035,0.29905701906118565,0.2185430463576159,0.046357615894039736,0.3888888888888889,0.3148148148148148,85.66000000000001,95.67,0.13333333333333333,0.0,0.26890000000000003,0.20930232558139536,0.06976744186046512,0.43037974683544306,0.43333333333333335,43.0,2026-07-07T13:22:33.296448+00:00
660821,Jesús Sánchez,TOR,2296.0,0.30196062,0.3371657443497524,0.25874111593526306,0.39221525660627354,0.33305257871131144,0.14929577464788732,89.91333333333331,106.18,0.44761904761904764,0.11428571428571428,0.3769619047619047,0.24503311258278146,0.033112582781456956,0.39666666666666667,0.3142857142857143,87.63076923076922,105.44,0.38461538461538464,0.0,0.2897692307692308,0.3181818181818182,0.045454545454545456,0.4117647058823529,0.15384615384615385,22.0,2026-07-07T13:22:33.296448+00:00
641343,Jake Bauers,MIL,2284.0,0.3632106866666667,0.3073661709821828,0.2504908299071799,0.39014863333333333,0.3154560207322513,0.8884160756501182,92.30526315789471,108.75,0.5526315789473685,0.15789473684210525,0.46671052631578946,0.31333333333333335,0.15333333333333332,0.22126436781609196,0.47368421052631576,92.66666666666666,105.86999999999999,0.47619047619047616,0.11904761904761904,0.45178571428571423,0.32,0.10666666666666667,0.25903614457831325,0.5714285714285714,75.0,2026-07-07T13:22:33.296448+00:00
657757,Gavin Sheets,SD,2280.0,0.31369284000000003,0.31067284,0.2271739800574907,0.38809914186489636,0.3099728022162589,0.5205673758865248,88.06315789473682,102.64000000000001,0.37894736842105264,0.05263157894736842,0.35441052631578956,0.24,0.1,0.30959752321981426,0.3263157894736842,87.7127659574468,104.0,0.3191489361702128,0.06382978723404255,0.400936170212766,0.19402985074626866,0.08955223880597014,0.32075471698113206,0.2978723404255319,67.0,2026-07-07T13:22:33.296448+00:00
430832,José Bautista,NYM,2268.0,0.3340028,0.35229989999999994,0.25095690000000004,0.45032545999999984,0.34883703453708115,0.3311100524059076,89.04756097560978,105.27,0.4268292682926829,0.07317073170731707,0.3740365853658537,0.27450980392156865,0.1568627450980392,0.20652173913043478,0.3170731707317073,,,,,,,,,,,2026-07-07T13:22:33.296448+00:00
467827,Gerardo Parra,WSH,2251.0,0.2800766979520698,0.2955086866666667,0.2496835266666667,0.3627254666666666,0.29840131087938887,0.23790913531998045,87.92499999999998,99.93,0.31,0.04,0.34289645144252984,0.26,0.06,0.30662020905923343,0.35,,,,,,,,,,,2026-07-07T13:22:33.296448+00:00
643393,Tony Kemp,BAL,2250.0,0.2927684315151516,0.286421305350462,0.21721930535046202,0.3699692552548036,0.2886099941265519,0.5397755002440214,83.48916666666668,97.01,0.2,0.008333333333333333,0.2559296814296815,0.08552631578947369,0.1118421052631579,0.24814814814814815,0.35,,,,,,,,,,,2026-07-07T13:22:33.296448+00:00
518960,Jonathan Lucroy,WSH,2248.0,0.28650268571428567,0.3179546,0.25692816,0.38034427333333337,0.31889682623056426,0.16739659367396595,87.30970873786407,101.17999999999999,0.32038834951456313,0.019417475728155338,0.2983347338935576,0.20261437908496732,0.09803921568627451,0.27972027972027974,0.34951456310679613,,,,,,,,,,,2026-07-07T13:22:33.296448+00:00
673490,Ha-Seong Kim,ATL,2243.0,0.25985000084313353,0.3065137037120025,0.2470618756695156,0.3870096108957523,0.30683350726882885,0.03297769156159069,87.82079207920792,102.0,0.33663366336633666,0.039603960396039604,0.2754189319452477,0.2222222222222222,0.10457516339869281,0.21782178217821782,0.297029702970297,87.8111111111111,95.98,0.2222222222222222,0.1111111111111111,0.2185555555555556,0.4,0.15,0.20754716981132076,0.3333333333333333,20.0,2026-07-07T13:22:33.296448+00:00
475582,Ryan Zimmerman,WSH,2227.0,0.30129996573890167,0.3441194,0.26950326666666663,0.46841091999999995,0.3507919348381861,0.1612115290669272,92.02291666666667,106.5,0.4895833333333333,0.09375,0.39152195688370073,0.2866666666666667,0.07333333333333333,0.3119533527696793,0.3333333333333333,,,,,,,,,,,2026-07-07T13:22:33.296448+00:00
663886,Tyler Stephenson,CIN,2224.0,0.3314646133333334,0.31745350399375755,0.26512066016402147,0.36698756919182113,0.31981762734515434,0.7051094890510949,89.58762886597938,104.2,0.422680412371134,0.09278350515463918,0.38857731958762887,0.2251655629139073,0.10596026490066225,0.22297297297297297,0.4639175257731959,93.30967741935483,104.5,0.5806451612903226,0.0967741935483871,0.4335806451612903,0.13953488372093023,0.09302325581395349,0.17045454545454544,0.4838709677419355,43.0,2026-07-07T13:22:33.296448+00:00
608365,Addison Russell,CHC,2215.0,0.2748039866666666,0.29261197333333333,0.23079584000000003,0.3614505133333334,0.29432130937664064,0.2874015748031496,86.26701030927835,101.88,0.25773195876288657,0.061855670103092786,0.33154639175257744,0.26490066225165565,0.0728476821192053,0.3368055555555556,0.38144329896907214,,,,,,,,,,,2026-07-07T13:22:33.296448+00:00
571697,Scooter Gennett,SF,2211.0,0.22185347999999996,0.2885408,0.22185347999999996,0.36823856666666666,0.2900510287964342,0.0,85.45384615384616,97.97,0.2403846153846154,0.019230769230769232,0.2928750000000001,0.28289473684210525,0.013157894736842105,0.45819397993311034,0.3942307692307692,,,,,,,,,,,2026-07-07T13:22:33.296448+00:00
444432,Mark Trumbo,BAL,2208.0,0.31751179999999996,0.33856491999999994,0.23634388666666667,0.43294895999999994,0.33272128066273027,0.3075787401574803,90.94910714285713,104.97,0.42857142857142855,0.07142857142857142,0.3730446428571428,0.19333333333333333,0.05333333333333334,0.3333333333333333,0.32142857142857145,,,,,,,,,,,2026-07-07T13:22:33.296448+00:00
665750,Leody Taveras,BAL,2202.0,0.25530657333333334,0.2825781866666667,0.20449379846586163,0.3915485624392944,0.2894993199382614,0.2048371174728529,80.63749999999997,102.8,0.3020833333333333,0.041666666666666664,0.3185164835164835,0.2733333333333333,0.07333333333333333,0.3058823529411765,0.3020833333333333,86.75625000000001,104.26,0.375,0.0625,0.31878125000000007,0.36065573770491804,0.08196721311475409,0.3443708609271523,0.25,61.0,2026-07-07T13:22:33.296448+00:00
664058,David Fletcher,ATL,2193.0,0.25107654,0.2997352595238095,0.2305778333333333,0.3585855666666665,0.3009859623833261,0.024426719840478565,80.16183206106871,97.2,0.15267175572519084,0.0,0.25204500000000013,0.08496732026143791,0.0457516339869281,0.33636363636363636,0.3106060606060606,,,,,,,,,,,2026-07-07T13:22:33.296448+00:00
643376,Danny Jansen,TEX,2187.0,0.27885354816872426,0.3083405533333333,0.23968780756176855,0.420814765399089,0.31745578124021057,0.1523573200992556,86.55057471264368,101.32,0.3333333333333333,0.05747126436781609,0.291426069480333,0.2733333333333333,0.1,0.23,0.27586206896551724,,,,,,,,,,,2026-07-07T13:22:33.296448+00:00
457727,Cameron Maybin,NYM,2186.0,0.28400953333333334,0.31104498333333336,0.2405835666666667,0.3732697933333333,0.3111674662508318,0.18712574850299402,86.67553191489361,102.47,0.35106382978723405,0.06382978723404255,0.34913829787234046,0.28289473684210525,0.07236842105263158,0.22866894197952217,0.26595744680851063,,,,,,,,,,,2026-07-07T13:22:33.296448+00:00
606299,José Peraza,NYM,2164.0,0.2728166079570349,0.30047793333333334,0.24656104000000004,0.36424003333333327,0.3027867327384623,0.10112936344969199,84.89122807017546,100.07,0.2543859649122807,0.043859649122807015,0.28561615959258985,0.17105263157894737,0.05921052631578947,0.3231939163498099,0.32456140350877194,,,,,,,,,,,2026-07-07T13:22:33.296448+00:00
650391,Eloy Jiménez,TOR,2163.0,0.28816789368908613,0.3317968370545202,0.2701133468181818,0.43374226666666665,0.33741229917053783,0.05697151424287856,91.11284403669723,104.46000000000001,0.47706422018348627,0.05504587155963303,0.33855884452626545,0.2236842105263158,0.046052631578947366,0.3617021276595745,0.30275229357798167,,,,,,,,,,,2026-07-07T13:22:33.296448+00:00
672386,Alejandro Kirk,TOR,2156.0,0.28700152939974455,0.3339235441628505,0.27878361405373336,0.4765850911926563,0.3438036523796823,0.017051153460381142,87.3875,104.19,0.4017857142857143,0.05357142857142857,0.2972426197318008,0.16,0.09333333333333334,0.31629392971246006,0.33035714285714285,83.2595238095238,101.24000000000001,0.2857142857142857,0.023809523809523808,0.21100000000000008,0.16666666666666666,0.05555555555555555,0.32142857142857145,0.2857142857142857,54.0,2026-07-07T13:22:33.296448+00:00
605204,J.D. Davis,LAA,2155.0,0.2688134901496968,0.3544363466666667,0.2566114611594203,0.4136889733333333,0.34388938494933213,0.023629964806435394,88.08686868686871,105.0,0.42424242424242425,0.0707070707070707,0.3161737224490356,0.25165562913907286,0.0728476821192053,0.25,0.24242424242424243,,,,,,,,,,,2026-07-07T13:22:33.296448+00:00
519390,Stephen Vogt,ATH,2142.0,0.2729179537808818,0.30232371999999996,0.24936377333333334,0.3905445066666666,0.3059678302843755,0.07058823529411765,86.8611650485437,99.47999999999999,0.30097087378640774,0.06796116504854369,0.3046583307488569,0.2236842105263158,0.08552631578947369,0.3148148148148148,0.3786407766990291,,,,,,,,,,,2026-07-07T13:22:33.296448+00:00
682829,Elly De La Cruz,CIN,2140.0,0.34558170666666665,0.32433500648689556,0.25291857344410534,0.426101265564229,0.32683744573864354,0.6920716112531969,94.64269662921349,110.72,0.550561797752809,0.14606741573033707,0.46751685393258446,0.3006535947712418,0.0784313725490196,0.29850746268656714,0.43333333333333335,94.45161290322578,110.8,0.4838709677419355,0.12903225806451613,0.4088709677419355,0.2727272727272727,0.12727272727272726,0.29411764705882354,0.3225806451612903,55.0,2026-07-07T13:22:33.296448+00:00
456781,Donovan Solano,SEA,2138.0,0.2771343643667444,0.32441705333333337,0.24548870000000003,0.39608649563250853,0.32562470337886057,0.0817258883248731,88.78148148148149,102.38999999999999,0.4074074074074074,0.037037037037037035,0.3136232560649227,0.21052631578947367,0.05263157894736842,0.33676975945017185,0.35185185185185186,,,,,,,,,,,2026-07-07T13:22:33.296448+00:00
544725,Leury García,CWS,2137.0,0.2711095763451364,0.28006226000000006,0.23311906777776065,0.34708293333333323,0.2835626284960501,0.33024691358024694,85.8765217391304,100.42000000000002,0.33043478260869563,0.017391304347826087,0.3138797408050038,0.19078947368421054,0.03289473684210526,0.3345323741007194,0.2956521739130435,,,,,,,,,,,2026-07-07T13:22:33.296448+00:00
134181,Adrian Beltré,TEX,2133.0,0.3474376666666667,0.3541260233333333,0.2723804,0.4402365133333334,0.3557930218696688,0.41299897645854655,89.30900900900902,103.1,0.3333333333333333,0.10810810810810811,0.39441441441441427,0.18,0.06666666666666667,0.3090277777777778,0.4594594594594595,,,,,,,,,,,2026-07-07T13:22:33.296448+00:00
672580,Maikel Garcia,KC,2129.0,0.30189761333333337,0.32079419451364544,0.26030539913460077,0.3838688849152956,0.32045442861522216,0.14824248599083037,89.88512396694207,105.8,0.38016528925619836,0.024793388429752067,0.31202479338842987,0.13725490196078433,0.0718954248366013,0.24295774647887325,0.3305785123966942,88.825,98.85,0.4166666666666667,0.0,0.18925000000000003,0.13333333333333333,0.06666666666666667,0.3,0.3333333333333333,15.0,2026-07-07T13:22:33.296448+00:00
668930,Brice Turang,MIL,2118.0,0.30042993999999995,0.30914304180133595,0.22788646920634922,0.4269799733333334,0.3170382359685533,0.34930448222565685,89.46960784313727,103.8,0.37254901960784315,0.0784313725490196,0.3906435643564356,0.26973684210526316,0.05263157894736842,0.275974025974026,0.38235294117647056,89.6142857142857,103.28,0.3492063492063492,0.06349206349206349,0.3961290322580646,0.2717391304347826,0.03260869565217391,0.3,0.42857142857142855,92.0,2026-07-07T13:22:33.296448+00:00
592261,Delino DeShields,CIN,2117.0,0.2798516961037485,0.26936345666666667,0.23201446666666664,0.3128006466666667,0.27080112523997346,0.698051948051948,81.95784313725491,98.68,0.28431372549019607,0.0392156862745098,0.32522934449033264,0.23178807947019867,0.09271523178807947,0.19377162629757785,0.3431372549019608,,,,,,,,,,,2026-07-07T13:22:33.296448+00:00
500208,Yangervis Solarte,SF,2113.0,0.2518231666666667,0.2989914266666666,0.23161530000000005,0.3734839666666666,0.29893727883997934,0.03469704816157431,82.79067796610168,101.06,0.23728813559322035,0.01694915254237288,0.27797435897435907,0.16556291390728478,0.046357615894039736,0.3639344262295082,0.3389830508474576,,,,,,,,,,,2026-07-07T13:22:33.296448+00:00
680977,Brendan Donovan,SEA,2110.0,0.3439839228869591,0.3405079999081138,0.2856632205051932,0.4288225310712527,0.3457190650976584,0.5406378600823045,86.95462962962962,101.28999999999999,0.3888888888888889,0.08333333333333333,0.3523575132689249,0.14,0.08666666666666667,0.2765957446808511,0.4166666666666667,,,,,,,,,,,2026-07-07T13:22:33.296448+00:00
649966,Luis Urías,TOR,2105.0,0.2920742607044698,0.3097412036828779,0.24651842164111248,0.3783724215399368,0.3154758425486406,0.16468766133195664,84.7760683760684,100.88,0.27350427350427353,0.02564102564102564,0.28651042825359385,0.13157894736842105,0.07894736842105263,0.2676056338028169,0.3333333333333333,84.8125,100.5,0.25,0.0625,0.300875,0.13636363636363635,0.13636363636363635,0.2978723404255319,0.4375,22.0,2026-07-07T13:22:33.296448+00:00
572008,Chris Owings,PIT,2099.0,0.25037754990615063,0.27724375,0.21162331333333328,0.3319892066666666,0.27723465393094066,0.1326963906581741,82.07974683544305,103.12,0.3037974683544304,0.06329113924050633,0.312624070332341,0.3466666666666667,0.11333333333333333,0.30618892508143325,0.26582278481012656,,,,,,,,,,,2026-07-07T13:22:33.296448+00:00
518618,Derek Dietrich,TEX,2099.0,0.3280548533333334,0.33176271333333335,0.2482529333333333,0.38638678000000015,0.32664504781717035,0.45099061522419187,84.10789473684211,103.65,0.3026315789473684,0.09210526315789473,0.37713157894736843,0.3026315789473684,0.09868421052631579,0.3102409638554217,0.42105263157894735,,,,,,,,,,,2026-07-07T13:22:33.296448+00:00
686469,Vinnie Pasquantino,KC,2093.0,0.31717116000000006,0.33595050505470336,0.25849231529922145,0.4150978243149188,0.33897384722868346,0.27685088633993743,87.80630630630631,101.7,0.36036036036036034,0.04504504504504504,0.3266666666666666,0.14,0.10666666666666667,0.2757475083056478,0.3963963963963964,,,,,,,,,,,2026-07-07T13:22:33.296448+00:00
614177,Franmil Reyes,KC,2082.0,0.2565994942379915,0.3414999630965329,0.24980214761988076,0.42480436666666666,0.33502704445537207,0.005219206680584551,92.89411764705882,108.52,0.4588235294117647,0.09411764705882353,0.3386753310082202,0.33774834437086093,0.08609271523178808,0.2680722891566265,0.27058823529411763,,,,,,,,,,,2026-07-07T13:22:33.296448+00:00
670770,TJ Friedl,CIN,2078.0,0.25182947333333333,0.29065073412719783,0.24297320000000003,0.3456405856661092,0.29069361202404276,0.016324381253291206,84.13106796116504,101.22,0.33980582524271846,0.038834951456310676,0.28564646464646465,0.2222222222222222,0.0457516339869281,0.2777777777777778,0.33980582524271846,82.72000000000001,99.9,0.3333333333333333,0.06666666666666667,0.22849999999999998,0.19047619047619047,0.09523809523809523,0.18421052631578946,0.26666666666666666,21.0,2026-07-07T13:22:33.296448+00:00
669394,Jake Burger,TEX,2071.0,0.3090245399999999,0.33710043718880645,0.25662426,0.443078016713307,0.33691586711258237,0.2755369303300157,89.81505376344086,107.17999999999999,0.44086021505376344,0.0967741935483871,0.3624086021505377,0.2582781456953642,0.10596026490066225,0.33444816053511706,0.26881720430107525,90.35681818181817,106.33,0.45454545454545453,0.09090909090909091,0.35727272727272724,0.24285714285714285,0.1,0.3435114503816794,0.20454545454545456,70.0,2026-07-07T13:22:33.296448+00:00
669127,Shea Langeliers,ATH,2066.0,0.2961445333333333,0.3269398245959241,0.2280953920834285,0.4375504666666667,0.32569671097897807,0.2679978980557015,90.45963302752294,104.34,0.3944954128440367,0.12844036697247707,0.3553119266055046,0.21052631578947367,0.05263157894736842,0.3177257525083612,0.3577981651376147,89.76444444444445,101.42,0.37777777777777777,0.1111111111111111,0.37288888888888877,0.2608695652173913,0.08695652173913043,0.3026315789473684,0.3111111111111111,69.0,2026-07-07T13:22:33.296448+00:00
663457,Lars Nootbaar,STL,2065.0,0.3367391226623377,0.34908179449541477,0.24506936943851643,0.4184302737030096,0.34285988096893005,0.38052631578947366,91.00824742268043,106.08000000000001,0.5154639175257731,0.1134020618556701,0.3807419208265692,0.22727272727272727,0.12987012987012986,0.20270270270270271,0.3469387755102041,89.83488372093022,105.46,0.4883720930232558,0.06976744186046512,0.3576279069767443,0.2153846153846154,0.1076923076923077,0.23684210526315788,0.36363636363636365,65.0,2026-07-07T13:22:33.296448+00:00
678662,Ezequiel Tovar,COL,2061.0,0.25669186000000005,0.29792455059331047,0.23892710158483885,0.40467560641769296,0.2978529920593269,0.06153846153846154,84.01553398058253,102.68,0.2621359223300971,0.07766990291262135,0.31903883495145635,0.26,0.04,0.4731182795698925,0.3300970873786408,80.38163265306123,97.12,0.1836734693877551,0.04081632653061224,0.216673469387755,0.1875,0.046875,0.46153846153846156,0.32653061224489793,64.0,2026-07-07T13:22:33.296448+00:00
660688,Keibert Ruiz,WSH,2049.0,0.30079740000000005,0.30079740000000005,0.21136908192982454,0.39986381526573794,0.3047730605356742,0.49973530968766544,88.96370967741939,101.57,0.4032258064516129,0.056451612903225805,0.32293548387096754,0.12,0.04,0.3803418803418803,0.3387096774193548,86.93684210526315,100.78,0.3684210526315789,0.02631578947368421,0.33152631578947367,0.125,0.0625,0.3855421686746988,0.34210526315789475,48.0,2026-07-07T13:22:33.296448+00:00
400121,Victor Martinez,DET,2041.0,0.3184823666666666,0.33191834000000003,0.2730047333333333,0.4336180933333333,0.3375140709721475,0.2609164420485175,88.40000000000003,100.25,0.3412698412698413,0.047619047619047616,0.33677777777777795,0.10596026490066225,0.046357615894039736,0.3345070422535211,0.38095238095238093,,,,,,,,,,,2026-07-07T13:22:33.296448+00:00
683011,Anthony Volpe,NYY,2036.0,0.30387374000000006,0.30111941689899696,0.22642623768355066,0.3458695220482091,0.29549940048603784,0.5416666666666666,87.8604166666667,102.69999999999999,0.34375,0.041666666666666664,0.3329999999999999,0.22666666666666666,0.12666666666666668,0.2403846153846154,0.34375,91.65714285714283,104.3,0.40476190476190477,0.047619047619047616,0.35040476190476183,0.23076923076923078,0.12307692307692308,0.23622047244094488,0.38095238095238093,65.0,2026-07-07T13:22:33.296448+00:00
455139,Robinson Chirinos,BAL,2036.0,0.25969433679985654,0.31232145999999994,0.21497367291819292,0.38756445999999994,0.30974364350275146,0.11748781808337845,83.93152173913045,102.5,0.358695652173913,0.07608695652173914,0.3289839617580053,0.304635761589404,0.0728476821192053,0.304635761589404,0.33695652173913043,,,,,,,,,,,2026-07-07T13:22:33.296448+00:00
606132,Raimel Tapia,BOS,2029.0,0.29938386610601664,0.28132424578840587,0.23565038666666666,0.3337357333333333,0.28261856646299005,0.8176914778856527,84.71980198019799,102.7,0.3564356435643564,0.0594059405940594,0.3374302991590249,0.22666666666666666,0.09333333333333334,0.4012539184952978,0.32673267326732675,,,,,,,,,,,2026-07-07T13:22:33.296448+00:00
571788,Brock Holt,TEX,2028.0,0.2481489361519345,0.29450637999999996,0.2378475733333333,0.3529412,0.29633127500337797,0.022138228941684664,84.30782608695655,97.24000000000001,0.22608695652173913,0.017391304347826087,0.2636362645460015,0.17218543046357615,0.06622516556291391,0.27208480565371024,0.26956521739130435,,,,,,,,,,,2026-07-07T13:22:33.296448+00:00
576397,Jedd Gyorko,MIL,2021.0,0.34198061333333335,0.31899021999999994,0.22339766666666663,0.38931192666666675,0.3167367589467971,0.7926167209554832,89.21630434782608,102.48,0.45652173913043476,0.14130434782608695,0.43514130434782616,0.2733333333333333,0.10666666666666667,0.25949367088607594,0.33695652173913043,,,,,,,,,,,2026-07-07T13:22:33.296448+00:00
666176,Jo Adell,LAA,2020.0,0.29205793333333335,0.3182874827121026,0.19188608014430014,0.4642623093847758,0.3163001621092825,0.2667748917748918,87.55045871559636,105.32,0.4036697247706422,0.07339449541284404,0.34239449541284406,0.21052631578947367,0.02631578947368421,0.370253164556962,0.3394495412844037,86.67962962962966,103.8,0.37037037037037035,0.05555555555555555,0.2833333333333333,0.2,0.02666666666666667,0.37423312883435583,0.37037037037037035,75.0,2026-07-07T13:22:33.296448+00:00
609280,Miguel Andujar,SD,2013.0,0.30643978,0.29820339380041017,0.22361192,0.3661408,0.29759807788512166,0.6421621621621622,88.40256410256409,106.34,0.3418803418803419,0.05128205128205128,0.3473846153846153,0.15894039735099338,0.039735099337748346,0.44765342960288806,0.29914529914529914,89.412,106.36,0.32,0.04,0.37668000000000007,0.125,0.0625,0.45098039215686275,0.32,32.0,2026-07-07T13:22:33.296448+00:00
431145,Russell Martin,LAD,2011.0,0.28918116,0.32601090666666666,0.2579479466666667,0.3771754266666666,0.32425837686124726,0.10911074740861974,87.94302325581394,103.05000000000001,0.29069767441860467,0.05813953488372093,0.32256976744186044,0.2733333333333333,0.13333333333333333,0.21069182389937108,0.2441860465116279,,,,,,,,,,,2026-07-07T13:22:33.296448+00:00
680777,Ryan Jeffers,MIN,2008.0,0.39480566000000006,0.3210837119596129,0.24191780777613764,0.39480566000000006,0.3211748509151059,0.9994574064026045,91.35865384615384,107.70000000000002,0.4423076923076923,0.15384615384615385,0.4075524475524475,0.1568627450980392,0.1568627450980392,0.22922636103151864,0.38461538461538464,,,,,,,,,,,2026-07-07T13:22:33.296448+00:00
435062,Howie Kendrick,WSH,2004.0,0.39288300666666665,0.33684122666666666,0.27708125333333333,0.44527591333333333,0.34523932057527823,0.8367012561441836,88.7179487179487,104.7,0.38461538461538464,0.08547008547008547,0.43630769230769234,0.1456953642384106,0.0728476821192053,0.34627831715210355,0.4444444444444444,,,,,,,,,,,2026-07-07T13:22:33.296448+00:00
588751,Adeiny Hechavarría,ATL,2001.0,0.28706964,0.28932341999999994,0.23892654666666668,0.34667051333333326,0.2871225645412247,0.4600781686208822,85.90388349514562,102.5,0.3106796116504854,0.038834951456310676,0.336747572815534,0.23333333333333334,0.06666666666666667,0.3467153284671533,0.30097087378640774,,,,,,,,,,,2026-07-07T13:22:33.296448+00:00
666185,Dylan Carlson,CHC,1995.0,0.2848821428676388,0.30411600391534394,0.24097737704509786,0.3638022186267071,0.302657039035109,0.32569558101472995,88.4951923076923,102.03999999999999,0.34615384615384615,0.0673076923076923,0.297858542597556,0.1986754966887417,0.09933774834437085,0.16333333333333333,0.34615384615384615,,,,,,,,,,,2026-07-07T13:22:33.296448+00:00
666158,Gavin Lux,CIN,1988.0,0.29799154149076973,0.31425542619046976,0.23234851090909098,0.38690743531242533,0.3116570642495474,0.3473741794310722,88.18846153846154,101.1,0.34615384615384615,0.038461538461538464,0.33670935791937934,0.2185430463576159,0.09271523178807947,0.20711974110032363,0.375,,,,,,,,,,,2026-07-07T13:22:33.296448+00:00
456488,Eduardo Núñez,NYM,1970.0,0.2588145333333334,0.28463256666666664,0.23828630000000003,0.3517218933333333,0.28417294508860297,0.17291550083939564,88.22295081967212,104.44,0.3360655737704918,0.01639344262295082,0.296016393442623,0.16447368421052633,0.02631578947368421,0.3964285714285714,0.2540983606557377,,,,,,,,,,,2026-07-07T13:22:33.296448+00:00
501896,David Freese,LAD,1969.0,0.37689290666666664,0.3420766533333333,0.2668572800000001,0.41423973333333336,0.3398599121300452,0.9394618834080718,92.47789473684212,104.74000000000001,0.5157894736842106,0.14736842105263157,0.46894736842105267,0.24666666666666667,0.10666666666666667,0.28802588996763756,0.37894736842105264,,,,,,,,,,,2026-07-07T13:22:33.296448+00:00
435263,Brian McCann,ATL,1962.0,0.28865564,0.3223640666666666,0.25217139999999993,0.3725941599999999,0.3192696861918113,0.14862591138530568,89.22761904761907,100.92,0.3523809523809524,0.0380952380952381,0.31347619047619063,0.2052980132450331,0.09271523178807947,0.26875,0.3047619047619048,,,,,,,,,,,2026-07-07T13:22:33.296448+00:00
663898,Brendan Rodgers,HOU,1960.0,0.3005873813571579,0.3125939871925887,0.21498361777777777,0.3827556375266274,0.30999782486561844,0.3470522803114572,89.44761904761909,105.97999999999999,0.4880952380952381,0.13095238095238096,0.41135936389847794,0.3464052287581699,0.09803921568627451,0.2698961937716263,0.4166666666666667,,,,,,,,,,,2026-07-07T13:22:33.296448+00:00
452655,Denard Span,SEA,1959.0,0.31007136666666657,0.3332318166666667,0.25847413333333336,0.38303202000000003,0.3324222051628792,0.12897727272727272,85.92222222222223,100.22,0.23148148148148148,0.027777777777777776,0.3272500000000001,0.17763157894736842,0.07236842105263158,0.2509090909090909,0.3425925925925926,,,,,,,,,,,2026-07-07T13:22:33.296448+00:00
596129,Daniel Vogelbach,TOR,1959.0,0.3845583973137722,0.3432511333333333,0.26932920942666216,0.41740474000000005,0.3427955801408162,0.9041782729805014,91.81397849462367,105.4,0.4946236559139785,0.13978494623655913,0.45217949029103044,0.23178807947019867,0.13245033112582782,0.1930835734870317,0.41935483870967744,,,,,,,,,,,2026-07-07T13:22:33.296448+00:00
656716,Zach McKinstry,DET,1952.0,0.27516786,0.2929894084081946,0.23459930852137248,0.4107012294010958,0.29848958423448324,0.26179775280898876,83.6172727272727,98.9,0.19090909090909092,0.01818181818181818,0.2765925925925925,0.15333333333333332,0.1,0.296551724137931,0.36936936936936937,83.9358490566038,97.96000000000001,0.18867924528301888,0.0,0.30575471698113194,0.16176470588235295,0.058823529411764705,0.3381294964028777,0.4528301886792453,68.0,2026-07-07T13:22:33.296448+00:00
624415,Cavan Biggio,KC,1941.0,0.26548914040478044,0.3114828235671454,0.22055325477124185,0.3724647587940714,0.3064328662831384,0.1527621195039459,82.9,98.4,0.25287356321839083,0.022988505747126436,0.3028743019363502,0.2866666666666667,0.12666666666666668,0.17666666666666667,0.3218390804597701,,,,,,,,,,,2026-07-07T13:22:33.296448+00:00
664238,Dylan Moore,PHI,1940.0,0.20571974912912913,0.30174909946736506,0.20373672246246247,0.36110598666666655,0.30222884523428817,0.0016853932584269663,84.31842105263159,100.85,0.3026315789473684,0.039473684210526314,0.2684716364390707,0.3933333333333333,0.09333333333333334,0.25412541254125415,0.3157894736842105,,,,,,,,,,,2026-07-07T13:22:33.296448+00:00
489149,Logan Morrison,MIL,1938.0,0.3069385866666666,0.34993057666666666,0.2280334466666666,0.4234032066666667,0.34774455487619077,0.10457142857142857,88.0298969072165,104.98,0.36082474226804123,0.1134020618556701,0.38840206185567006,0.27450980392156865,0.06535947712418301,0.30218068535825543,0.32989690721649484,,,,,,,,,,,2026-07-07T13:22:33.296448+00:00
623912,Harold Ramírez,TB,1936.0,0.2603659961772072,0.30396982446610377,0.23781920665744835,0.3713294474182822,0.30632794691342313,0.0327313769751693,88.91181818181816,103.21000000000001,0.36363636363636365,0.02727272727272727,0.31689083115073713,0.22666666666666666,0.02666666666666667,0.43309859154929575,0.3,,,,,,,,,,,2026-07-07T13:22:33.296448+00:00
596103,Austin Slater,MIA,1934.0,0.29006518154004124,0.33360059719104385,0.2388682333333333,0.37720885006420485,0.3261045845786467,0.15302089215132694,88.23870967741932,104.28,0.3333333333333333,0.07526881720430108,0.37942365253281335,0.304635761589404,0.06622516556291391,0.29965156794425085,0.3655913978494624,81.7,102.0,0.4,0.0,0.404,0.2222222222222222,0.2222222222222222,0.06666666666666667,0.2,9.0,2026-07-07T13:22:33.296448+00:00
663616,Trevor Larnach,MIN,1933.0,0.35626423333333335,0.32276892435842874,0.22703017959595964,0.36586416350071455,0.3202411054435545,0.9576749435665914,86.95855855855855,104.4,0.36036036036036034,0.08108108108108109,0.389618181818182,0.17105263157894737,0.08552631578947369,0.31230283911671924,0.44144144144144143,88.03207547169812,104.80000000000001,0.4528301886792453,0.11320754716981132,0.43559615384615386,0.078125,0.09375,0.3028169014084507,0.4528301886792453,64.0,2026-07-07T13:22:33.296448+00:00
643265,Garrett Cooper,BOS,1930.0,0.3338978358034018,0.33751327976403733,0.2616004325692734,0.4338950396213907,0.34236156000868045,0.4645669291338583,86.40106382978723,105.08999999999999,0.3723404255319149,0.09574468085106383,0.43656130181393893,0.2866666666666667,0.07333333333333333,0.35625,0.43617021276595747,,,,,,,,,,,2026-07-07T13:22:33.296448+00:00
664774,LaMonte Wade Jr.,HOU,1930.0,0.28605045845161164,0.3390219308291571,0.26979727193103187,0.4340590675061574,0.34001848802905477,0.05748434832100171,88.17473684210525,102.86000000000001,0.3473684210526316,0.06315789473684211,0.322984369869593,0.2565789473684211,0.09868421052631579,0.2012779552715655,0.3473684210526316,83.38000000000001,95.02,0.2,0.0,0.18159999999999998,0.4,0.1,0.4,0.2,10.0,2026-07-07T13:22:33.296448+00:00
607732,Jacob Stallings,COL,1928.0,0.22076763789473683,0.2963825811278195,0.21498763789473685,0.35197608300514704,0.29340294616886575,0.0005733944954128441,84.29263157894736,98.36000000000001,0.25263157894736843,0.010526315789473684,0.27010610302351623,0.3006535947712418,0.0457516339869281,0.3892857142857143,0.3473684210526316,,,,,,,,,,,2026-07-07T13:22:33.296448+00:00
602104,Ramón Urías,STL,1926.0,0.2889130024517815,0.3115727090778878,0.2433896865157844,0.3827706362598111,0.31108191762927323,0.24858437146092865,89.67843137254903,103.91,0.45098039215686275,0.10784313725490197,0.341609003605561,0.24183006535947713,0.06535947712418301,0.2894736842105263,0.3431372549019608,,,,,,,,,,,2026-07-07T13:22:33.296448+00:00
676475,Alec Burleson,STL,1913.0,0.3785853066666667,0.34219610259278876,0.2556070558394758,0.41038088666666667,0.34605939892707255,0.8034383954154728,92.33250000000002,104.95000000000002,0.49166666666666664,0.10833333333333334,0.4093166666666666,0.1437908496732026,0.058823529411764705,0.328719723183391,0.36666666666666664,92.69491525423727,104.66,0.5254237288135594,0.06779661016949153,0.3831525423728814,0.12162162162162163,0.05405405405405406,0.3698630136986301,0.3050847457627119,74.0,2026-07-07T13:22:33.296448+00:00
572228,Luke Voit,MIL,1912.0,0.264533267454844,0.3554036533333333,0.25337426999999996,0.47795993999999997,0.3603163084489074,0.0221969265793967,86.26666666666668,104.87,0.36904761904761907,0.08333333333333333,0.3891594299788881,0.37748344370860926,0.052980132450331126,0.3238993710691824,0.4642857142857143,,,,,,,,,,,2026-07-07T13:22:33.296448+00:00
570267,Domingo Santana,CLE,1903.0,0.2746462400000001,0.34496753333333324,0.24291146666666663,0.41996384666666664,0.34304222831503994,0.04968226458694396,85.80972222222223,104.76,0.3333333333333333,0.06944444444444445,0.34025000000000005,0.37012987012987014,0.14935064935064934,0.24012158054711247,0.2777777777777778,,,,,,,,,,,2026-07-07T13:22:33.296448+00:00
545350,Jake Marisnick,DET,1896.0,0.2758090999926588,0.26647964999999996,0.18431667999999998,0.34278428,0.26594117946215606,0.609338061465721,84.90700000000001,104.10999999999999,0.4,0.07,0.3549429999887634,0.2781456953642384,0.039735099337748346,0.35447761194029853,0.34,,,,,,,,,,,2026-07-07T13:22:33.296448+00:00
445055,Jon Jay,LAA,1892.0,0.25605658666666664,0.2962963533333334,0.24677117999999998,0.3493866599999999,0.2965982675312981,0.020539906103286387,82.39912280701753,97.89,0.16666666666666666,0.017543859649122806,0.27544144144144145,0.18421052631578946,0.046052631578947366,0.36,0.32456140350877194,,,,,,,,,,,2026-07-07T13:22:33.296448+00:00
687263,Zach Neto,LAA,1884.0,0.28545823333333326,0.32817094736548486,0.25879850738398474,0.3871467969631783,0.32550299096768953,0.0647985989492119,88.80581395348834,103.55000000000001,0.4069767441860465,0.13953488372093023,0.3911976744186044,0.3464052287581699,0.0718954248366013,0.4311377245508982,0.3488372093023256,90.14791666666667,105.67000000000002,0.5,0.1875,0.4564374999999999,0.3291139240506329,0.06329113924050633,0.46842105263157896,0.3333333333333333,79.0,2026-07-07T13:22:33.296448+00:00
594828,Evan Gattis,HOU,1881.0,0.25383533333333325,0.3099361133333333,0.24370866666666663,0.4128646733333333,0.318446975400547,0.010550996483001172,86.16635514018688,103.24,0.3364485981308411,0.037383177570093455,0.2914018691588786,0.2236842105263158,0.07236842105263158,0.2992957746478873,0.24299065420560748,,,,,,,,,,,2026-07-07T13:22:33.296448+00:00
663837,Matt Vierling,DET,1876.0,0.30834027333333336,0.3192706879740663,0.25614156,0.3755579843162613,0.3200919006315362,0.2505854800936768,86.84444444444445,102.88,0.358974358974359,0.06837606837606838,0.33702586206896545,0.15894039735099338,0.059602649006622516,0.37174721189591076,0.36752136752136755,89.69722222222221,103.05,0.4722222222222222,0.027777777777777776,0.33842857142857147,0.1590909090909091,0.022727272727272728,0.4666666666666667,0.3888888888888889,44.0,2026-07-07T13:22:33.296448+00:00
650559,Bryan De La Cruz,ATL,1874.0,0.26164828574934734,0.33066148890380664,0.2331731764016518,0.41851345337120743,0.32775215186999473,0.03733955659276546,90.86767676767677,103.6,0.43434343434343436,0.06060606060606061,0.3569525036606273,0.3092105263157895,0.03289473684210526,0.32142857142857145,0.40404040404040403,,,,,,,,,,,2026-07-07T13:22:33.296448+00:00
642731,Thairo Estrada,COL,1873.0,0.26307880678133244,0.28580101617797615,0.23126637619047619,0.34775835768376534,0.28851764383006195,0.1244886031560491,86.5173553719008,102.1,0.3140495867768595,0.03305785123966942,0.28644256212561886,0.1568627450980392,0.0392156862745098,0.3505535055350554,0.2809917355371901,,,,,,,,,,,2026-07-07T13:22:33.296448+00:00
448602,Mark Reynolds,COL,1872.0,0.27943947999999996,0.30629149333333333,0.23066077333333335,0.3739159733333333,0.3076531089267531,0.11045828437132785,89.75200000000004,104.4,0.4,0.06666666666666667,0.3372133333333333,0.34,0.14666666666666667,0.23006134969325154,0.32,,,,,,,,,,,2026-07-07T13:22:33.296448+00:00
488771,Jason Castro,HOU,1872.0,0.2916660799338076,0.3161789233333333,0.2305314733333333,0.4308017799999999,0.32030492537754895,0.2396694214876033,89.44545454545455,104.4,0.4025974025974026,0.1038961038961039,0.43297701285806656,0.38,0.08666666666666667,0.23961661341853036,0.4155844155844156,,,,,,,,,,,2026-07-07T13:22:33.296448+00:00
519306,Steven Souza Jr.,SEA,1872.0,0.2398139373482726,0.32192516000000004,0.23243611333333333,0.4368008666666666,0.32029086687290537,0.0029394473838918285,87.11756756756756,102.88,0.3918918918918919,0.05405405405405406,0.31697304867893106,0.39473684210526316,0.10526315789473684,0.25297619047619047,0.32432432432432434,,,,,,,,,,,2026-07-07T13:22:33.296448+00:00
571506,Justin Bour,LAA,1870.0,0.2978289733333333,0.33275183333333325,0.26625144666666667,0.44218356666666675,0.33859348493563074,0.18122400475341652,89.32584269662922,106.10000000000001,0.42696629213483145,0.12359550561797752,0.38529213483146063,0.30718954248366015,0.0915032679738562,0.3123123123123123,0.33707865168539325,,,,,,,,,,,2026-07-07T13:22:33.296448+00:00
460576,Carlos Gómez,NYM,1865.0,0.28301532,0.30067632000000005,0.21141963333333333,0.3720108266666666,0.3018957452275012,0.2946482260974143,86.05058823529411,107.74000000000001,0.3176470588235294,0.09411764705882353,0.35298823529411777,0.2980132450331126,0.059602649006622516,0.41724137931034483,0.36470588235294116,,,,,,,,,,,2026-07-07T13:22:33.296448+00:00
502481,Jarrod Dyson,KC,1857.0,0.25304632974186303,0.2867652399999999,0.21221262666666665,0.33418023333333335,0.28121637302805813,0.16932515337423312,78.17592592592591,97.72,0.26851851851851855,0.009259259259259259,0.2881598043931377,0.2236842105263158,0.06578947368421052,0.2633587786259542,0.3148148148148148,,,,,,,,,,,2026-07-07T13:22:33.296448+00:00
641658,Garrett Hampson,AZ,1856.0,0.2215641360784314,0.2731566973509102,0.2215641360784314,0.35638319333333335,0.28049094038398,0.0,82.90777777777778,98.74000000000001,0.23333333333333334,0.022222222222222223,0.25631757944557143,0.2980132450331126,0.09933774834437085,0.25951557093425603,0.28888888888888886,,,,,,,,,,,2026-07-07T13:22:33.296448+00:00
434670,Hanley Ramirez,CLE,1856.0,0.27460436666666665,0.34126790333333334,0.24255464666666668,0.43470637333333323,0.33748999860446544,0.06638755980861244,90.42857142857144,106.24000000000001,0.44761904761904764,0.05714285714285714,0.30657142857142855,0.2185430463576159,0.07947019867549669,0.27009646302250806,0.26666666666666666,,,,,,,,,,,2026-07-07T13:22:33.296448+00:00
596847,Ji Man Choi,PIT,1849.0,0.36623374069508524,0.33955237050929954,0.28415868000000005,0.42045570000000004,0.34063922789777606,0.8238805970149253,93.3340659340659,106.4,0.6043956043956044,0.2087912087912088,0.4813879791677231,0.29411764705882354,0.09803921568627451,0.23224043715846995,0.3956043956043956,,,,,,,,,,,2026-07-07T13:22:33.296448+00:00
666624,Christopher Morel,MIA,1847.0,0.27547079208212905,0.3180465126019183,0.238967560668531,0.4058881995138465,0.31936750461575947,0.12202380952380952,90.40731707317073,107.38000000000001,0.4878048780487805,0.08536585365853659,0.3778561819930545,0.36666666666666664,0.07333333333333333,0.31788079470198677,0.36585365853658536,,,,,,,,,,,2026-07-07T13:22:33.296448+00:00
669289,Santiago Espinal,LAD,1841.0,0.26241627333333334,0.28952433946193756,0.21452638999999996,0.36555575106180205,0.29132344262460647,0.144311377245509,83.95655737704918,99.57999999999998,0.28688524590163933,0.00819672131147541,0.2873949579831933,0.14,0.04,0.29818181818181816,0.4016393442622951,,,,,,,,,,,2026-07-07T13:22:33.296448+00:00
408252,Brandon Phillips,BOS,1839.0,0.28084071999999993,0.29899218000000005,0.2420638733333333,0.38307916000000003,0.3008340293422389,0.24833029751062538,83.60000000000001,100.04,0.20512820512820512,0.017094017094017096,0.3246324786324787,0.17880794701986755,0.039735099337748346,0.3665480427046263,0.3333333333333333,,,,,,,,,,,2026-07-07T13:22:33.296448+00:00
465041,Francisco Cervelli,MIA,1838.0,0.34670300000000004,0.3237039533333334,0.25058304000000003,0.4209321666666666,0.32605513518585527,0.7613019891500904,88.09139784946237,102.68,0.3978494623655914,0.0967741935483871,0.3977934782608695,0.23841059602649006,0.10596026490066225,0.18120805369127516,0.3655913978494624,,,,,,,,,,,2026-07-07T13:22:33.296448+00:00
665833,Oneil Cruz,PIT,1837.0,0.35412382666666664,0.3292699742464553,0.26019147352702965,0.405362552797855,0.33135413807572617,0.7078584283143371,95.90533333333335,110.64,0.5866666666666667,0.10666666666666667,0.49166666666666675,0.3443708609271523,0.13245033112582782,0.3095890410958904,0.3466666666666667,,,,,,,,,,,2026-07-07T13:22:33.296448+00:00
445988,Martín Prado,MIA,1830.0,0.27049573333333343,0.29963514333333335,0.24322786666666668,0.37439392666666665,0.2996225276132689,0.12196601941747573,87.0313559322034,99.26,0.2711864406779661,0.00847457627118644,0.2995897435897436,0.16556291390728478,0.052980132450331126,0.2841726618705036,0.3559322033898305,,,,,,,,,,,2026-07-07T13:22:33.296448+00:00
452254,Hunter Pence,SF,1827.0,0.32749687333333327,0.32246353666666666,0.24031140000000004,0.42520766,0.32830210667883125,0.5498783454987834,89.53039215686275,107.00999999999999,0.4117647058823529,0.0784313725490196,0.3932450980392157,0.24183006535947713,0.0784313725490196,0.3609467455621302,0.37254901960784315,,,,,,,,,,,2026-07-07T13:22:33.296448+00:00
459964,Matt Joyce,PHI,1824.0,0.29735752721178466,0.34475340666666665,0.26760938,0.41382586666666665,0.3408791714531512,0.08748481166464156,87.91363636363639,100.76,0.3409090909090909,0.06818181818181818,0.32154097820190564,0.25333333333333335,0.15333333333333332,0.228125,0.29545454545454547,,,,,,,,,,,2026-07-07T13:22:33.296448+00:00
571980,Tyler Naquin,CWS,1822.0,0.294057066827752,0.32496181333333335,0.26805889999999993,0.39022875333333334,0.32815240980833904,0.11016433353621424,89.19574468085102,105.37,0.425531914893617,0.09574468085106383,0.4176157768527959,0.32666666666666666,0.04,0.41379310344827586,0.43617021276595747,,,,,,,,,,,2026-07-07T13:22:33.296448+00:00
452104,Chase Headley,SD,1817.0,0.25979408666666665,0.31718080000000004,0.24813697999999998,0.39776753333333326,0.3171040069420818,0.015795868772782502,85.45499999999998,100.32,0.23,0.02,0.28529,0.23684210526315788,0.07894736842105263,0.2546583850931677,0.32,,,,,,,,,,,2026-07-07T13:22:33.296448+00:00
669357,Nolan Gorman,STL,1815.0,0.2997655,0.325399402149968,0.21429193108262112,0.40480687548595945,0.3200998997535913,0.2772397094430993,90.61707317073167,107.50999999999999,0.47560975609756095,0.12195121951219512,0.4008048780487807,0.3333333333333333,0.11333333333333333,0.32298136645962733,0.4024390243902439,,,,,,,,,,,2026-07-07T13:22:33.296448+00:00
670764,Taylor Walls,TB,1810.0,0.2835160266666666,0.26417558666666663,0.21491824197022324,0.3387915285441137,0.2652446402203666,0.8153564899451554,82.19247311827961,99.46,0.26881720430107525,0.053763440860215055,0.30795652173913046,0.24,0.12666666666666668,0.22397476340694006,0.3655913978494624,85.4697674418605,101.32000000000002,0.3488372093023256,0.046511627906976744,0.3616666666666667,0.23880597014925373,0.11940298507462686,0.22695035460992907,0.4418604651162791,67.0,2026-07-07T13:22:33.296448+00:00
664913,Seth Brown,ATH,1809.0,0.27578019126197506,0.32032900247442453,0.27003969570641956,0.38481094684889366,0.32156635718010756,0.016403402187120292,89.81326530612246,104.74,0.41836734693877553,0.061224489795918366,0.34386711927853325,0.27450980392156865,0.058823529411764705,0.3164983164983165,0.3469387755102041,,,,,,,,,,,2026-07-07T13:22:33.296448+00:00
643565,Mike Tauchman,CWS,1805.0,0.30193377161406687,0.32486430266602956,0.23855360000000003,0.38156639320438,0.3215482759866498,0.2440657334144857,87.58686868686868,102.5,0.32323232323232326,0.050505050505050504,0.30318735093040444,0.19333333333333333,0.13333333333333333,0.22789115646258504,0.31313131313131315,,,,,,,,,,,2026-07-07T13:22:33.296448+00:00
669004,MJ Melendez,NYM,1802.0,0.2766360199999999,0.325896861170203,0.22726088788697887,0.3788084938679583,0.3204133611094313,0.09829059829059829,93.13026315789475,105.75,0.5394736842105263,0.10526315789473684,0.33763999999999994,0.3443708609271523,0.11258278145695365,0.2982456140350877,0.3026315789473684,95.6625,101.85999999999999,0.5,0.125,0.42300000000000004,0.42857142857142855,0.19047619047619047,0.31746031746031744,0.5,21.0,2026-07-07T13:22:33.296448+00:00
668709,JJ Bleday,CIN,1790.0,0.32923632666666675,0.3069199834997406,0.24990760252999958,0.40087864303030296,0.3100425760653894,0.7060270602706027,86.17575757575761,102.12,0.36363636363636365,0.050505050505050504,0.3531938775510204,0.20261437908496732,0.12418300653594772,0.22185430463576158,0.4444444444444444,84.29111111111109,100.19999999999999,0.3111111111111111,0.0,0.32372727272727275,0.2236842105263158,0.15789473684210525,0.15822784810126583,0.4444444444444444,76.0,2026-07-07T13:22:33.296448+00:00
669701,Josh Smith,TEX,1774.0,0.28077399981924517,0.30744305337822414,0.24660148124183004,0.35783448529022005,0.3079134856459336,0.08603491271820449,86.03365384615387,102.62,0.3173076923076923,0.07692307692307693,0.302643470893142,0.20261437908496732,0.09803921568627451,0.31864406779661014,0.36538461538461536,83.89444444444445,101.43,0.16666666666666666,0.1111111111111111,0.25533333333333336,0.14285714285714285,0.0,0.47058823529411764,0.2777777777777778,21.0,2026-07-07T13:22:33.296448+00:00
621438,Tyrone Taylor,NYM,1770.0,0.30490834598290595,0.3057226503406937,0.2518069580376315,0.3499023271434329,0.3051605269167838,0.48880597014925375,84.03448275862065,103.6,0.33620689655172414,0.06896551724137931,0.3456300531300531,0.18543046357615894,0.039735099337748346,0.3849056603773585,0.3620689655172414,87.95454545454545,104.0,0.2727272727272727,0.18181818181818182,0.5209090909090909,0.2,0.06666666666666667,0.35714285714285715,0.45454545454545453,15.0,2026-07-07T13:22:33.296448+00:00
541650,Hernán Pérez,WSH,1769.0,0.25668964888888884,0.27976786666666653,0.2123635666666667,0.3355405266666667,0.27933082289933847,0.14420062695924765,87.20495049504947,102.5,0.37623762376237624,0.039603960396039604,0.3440286195286196,0.2866666666666667,0.04,0.4043321299638989,0.31683168316831684,,,,,,,,,,,2026-07-07T13:22:33.296448+00:00
542921,Tim Beckham,MIN,1768.0,0.2891632466666667,0.2959765733333334,0.22108207333333335,0.36494388666666655,0.30015477044166683,0.40875,89.10860215053762,104.48,0.3870967741935484,0.07526881720430108,0.38569247311827953,0.3202614379084967,0.058823529411764705,0.28125,0.3118279569892473,,,,,,,,,,,2026-07-07T13:22:33.296448+00:00
608671,Travis Jankowski,TB,1761.0,0.24333102000000006,0.27337275284900275,0.22812011999999995,0.3350283066666667,0.27427078297416724,0.11053984575835475,82.30980392156862,100.25,0.24509803921568626,0.0,0.27851287128712865,0.24503311258278146,0.059602649006622516,0.23715415019762845,0.28431372549019607,,,,,,,,,,,2026-07-07T13:22:33.296448+00:00
605131,Austin Barnes,LAD,1757.0,0.25392057384917294,0.2834854561759909,0.21135086666666666,0.3976196333333333,0.2880156666350789,0.19455006337135614,83.8,101.78,0.2761904761904762,0.01904761904761905,0.3162395347318053,0.2565789473684211,0.05263157894736842,0.21951219512195122,0.3047619047619048,,,,,,,,,,,2026-07-07T13:22:33.296448+00:00
676391,Ernie Clement,TOR,1753.0,0.26676297333333326,0.288062107802635,0.23525742116807166,0.3274914902698606,0.2867750432620944,0.14952681388012617,83.82558139534883,97.44000000000001,0.1937984496124031,0.023255813953488372,0.28341860465116275,0.11842105263157894,0.03289473684210526,0.43722943722943725,0.40310077519379844,84.77358490566037,97.04,0.1320754716981132,0.0,0.29267924528301886,0.0967741935483871,0.04838709677419355,0.4230769230769231,0.4339622641509434,62.0,2026-07-07T13:22:33.296448+00:00
595751,Jorge Alfaro,WSH,1752.0,0.24437881038804743,0.3081937181071747,0.23774547705471405,0.3602945866666667,0.30537093570016044,0.006305170239596469,87.54204545454546,106.55,0.36363636363636365,0.045454545454545456,0.3387151553331616,0.35333333333333333,0.02,0.4907749077490775,0.2727272727272727,,,,,,,,,,,2026-07-07T13:22:33.296448+00:00
452095,Tyler Flowers,ATL,1745.0,0.30706276666666665,0.32649441333333334,0.21638564666666668,0.39658440666666667,0.3196983175010588,0.35514612452350697,93.00434782608697,105.06,0.5072463768115942,0.11594202898550725,0.4235217391304348,0.3815789473684211,0.125,0.2697947214076246,0.4782608695652174,,,,,,,,,,,2026-07-07T13:22:33.296448+00:00
640461,Chad Pinder,ATH,1740.0,0.26845717886740716,0.3302314666666667,0.26251051220074045,0.4038796333333333,0.32934098873238066,0.004455760661998727,85.70392156862748,103.05999999999999,0.3333333333333333,0.058823529411764705,0.3542756159814811,0.28104575163398693,0.0392156862745098,0.3289902280130293,0.3431372549019608,,,,,,,,,,,2026-07-07T13:22:33.296448+00:00
664983,Jake McCarthy,COL,1738.0,0.31775574,0.30375969453652957,0.2531912687179488,0.36730057035876007,0.30508273184227136,0.675224646983312,84.35982905982908,103.10000000000001,0.3162393162393162,0.05982905982905983,0.3637350427350428,0.1830065359477124,0.0457516339869281,0.38671875,0.39316239316239315,83.28648648648651,103.87,0.2972972972972973,0.06756756756756757,0.35495945945945945,0.12359550561797752,0.033707865168539325,0.38405797101449274,0.3783783783783784,89.0,2026-07-07T13:22:33.296448+00:00
673237,Yainer Diaz,HOU,1738.0,0.29446666666666665,0.3347836253418212,0.26595276010582003,0.4032920883698002,0.336248169960849,0.050697084917617236,87.91280000000002,104.82000000000001,0.328,0.056,0.32530399999999987,0.1503267973856209,0.026143790849673203,0.3968871595330739,0.28,87.87857142857145,103.44,0.38095238095238093,0.09523809523809523,0.38842857142857146,0.18181818181818182,0.03636363636363636,0.34831460674157305,0.3333333333333333,55.0,2026-07-07T13:22:33.296448+00:00
493316,Yoenis Cespedes,NYM,1731.0,0.2875953666666667,0.37007105999999995,0.2780468266666666,0.4390608933333333,0.3658913792468256,0.018076178179470628,89.34666666666665,106.6,0.4444444444444444,0.1,0.3944111111111112,0.3333333333333333,0.0718954248366013,0.34951456310679613,0.3888888888888889,,,,,,,,,,,2026-07-07T13:22:33.296448+00:00
542932,Jon Berti,CHC,1727.0,0.29906543233511584,0.31270833857763103,0.25587784666666663,0.36511027333333335,0.3133133713980904,0.2391304347826087,87.13909090909092,103.31,0.35454545454545455,0.02727272727272727,0.33194721682061257,0.18666666666666668,0.06,0.2175732217573222,0.37272727272727274,,,,,,,,,,,2026-07-07T13:22:33.296448+00:00
408236,Adrián González,NYM,1716.0,0.3050259,0.33406311999999994,0.25451976000000004,0.4153025066666667,0.3345671120532987,0.18283093053735255,87.81441441441437,102.5,0.36036036036036034,0.06306306306306306,0.3586486486486486,0.18543046357615894,0.06622516556291391,0.3925233644859813,0.34234234234234234,,,,,,,,,,,2026-07-07T13:22:33.296448+00:00
676694,Jake Meyers,HOU,1710.0,0.25360690666666663,0.30695338913225356,0.21731174468615028,0.3791128367185209,0.29950924880943364,0.09379042690815007,85.54727272727273,100.76,0.2727272727272727,0.06363636363636363,0.2753818181818182,0.1986754966887417,0.06622516556291391,0.3262411347517731,0.2818181818181818,85.95714285714286,102.3,0.3333333333333333,0.047619047619047616,0.28309523809523807,0.25806451612903225,0.06451612903225806,0.32727272727272727,0.3333333333333333,31.0,2026-07-07T13:22:33.296448+00:00
656582,Connor Joe,SEA,1709.0,0.2918045164435075,0.3111189228996744,0.23661232514619882,0.4094514049705256,0.31335630363467465,0.26305609284332687,89.42500000000001,104.84,0.375,0.056818181818181816,0.33344402802870604,0.2733333333333333,0.12,0.22741433021806853,0.36363636363636365,96.65,104.77000000000001,0.5,0.0,0.402,0.6666666666666666,0.0,0.2857142857142857,0.5,6.0,2026-07-07T13:22:33.296448+00:00
446308,Matt Wieters,STL,1708.0,0.3049998266666667,0.30212454666666666,0.2466131333333334,0.40749418,0.308391119403829,0.5352480417754569,86.89411764705879,101.93,0.3235294117647059,0.0784313725490196,0.3562772277227723,0.23178807947019867,0.07947019867549669,0.2785515320334262,0.39215686274509803,,,,,,,,,,,2026-07-07T13:22:33.296448+00:00
446263,Lucas Duda,KC,1706.0,0.3452419066666666,0.3525502533333333,0.27343019999999996,0.4430586466666666,0.35060963998690237,0.4079895219384414,90.88510638297873,105.47000000000001,0.4574468085106383,0.14893617021276595,0.44150000000000006,0.28104575163398693,0.09803921568627451,0.27299703264094954,0.40425531914893614,,,,,,,,,,,2026-07-07T13:22:33.296448+00:00
640457,Austin Meadows,DET,1696.0,0.35058199225816283,0.3378521560521265,0.27428946,0.4473990466666668,0.3401486203525303,0.6531413612565445,88.0294117647059,105.84,0.40336134453781514,0.05042016806722689,0.3485125028464238,0.10526315789473684,0.08552631578947369,0.24516129032258063,0.33613445378151263,,,,,,,,,,,2026-07-07T13:22:33.296448+00:00
664728,Kyle Isbel,KC,1694.0,0.2701021533333334,0.27638282993835933,0.21957888052123972,0.32027757923085565,0.2729835174909846,0.3906146728354263,82.73809523809527,103.14,0.3333333333333333,0.01904761904761905,0.3092772277227723,0.23684210526315788,0.05263157894736842,0.3543859649122807,0.3047619047619048,,,,,,,,,,,2026-07-07T13:22:33.296448+00:00
686668,Brenton Doyle,COL,1694.0,0.23908451555555557,0.2984421632356549,0.20534551093593092,0.39492236290036575,0.29594726569554536,0.14472822527832352,87.65909090909089,104.23,0.3977272727272727,0.056818181818181816,0.3111952651515152,0.32894736842105265,0.07236842105263158,0.34843205574912894,0.2727272727272727,,,,,,,,,,,2026-07-07T13:22:33.296448+00:00
666139,Josh Lowe,LAA,1693.0,0.29090237333333335,0.31168675414604796,0.22685936424242434,0.3962035439261721,0.3073854931564804,0.39041994750656167,88.20865384615384,104.74,0.375,0.08653846153846154,0.37531067961165043,0.26,0.04,0.4234527687296417,0.2980769230769231,93.33636363636366,105.08999999999999,0.5,0.13636363636363635,0.4976818181818183,0.28125,0.03125,0.5517241379310345,0.2727272727272727,32.0,2026-07-07T13:22:33.296448+00:00
592567,Colin Moran,CIN,1692.0,0.3233577783870968,0.32079678999999994,0.27225453333333327,0.3760235666666666,0.32132655747744804,0.5517693315858454,90.19484536082476,102.4,0.41237113402061853,0.08247422680412371,0.36135973977386104,0.2222222222222222,0.13725490196078433,0.30857142857142855,0.29591836734693877,,,,,,,,,,,2026-07-07T13:22:33.296448+00:00
506702,Sandy León,ATL,1681.0,0.16910897942180425,0.24906559333333328,0.16910897942180425,0.3451724333333333,0.24877298213941024,0.0,82.2320987654321,98.2,0.19753086419753085,0.012345679012345678,0.2595027710540587,0.41830065359477125,0.0392156862745098,0.2847682119205298,0.30864197530864196,83.65,89.85000000000001,0.0,0.0,0.064,0.0,0.0,0.4,0.0,2.0,2026-07-07T13:22:33.296448+00:00
547379,Roberto Pérez,SF,1680.0,0.28472505185212893,0.29452227333333325,0.22737015333333332,0.39764547333333333,0.2984318584328179,0.3811780636425186,87.6051282051282,107.32,0.4230769230769231,0.08974358974358974,0.3789682756635742,0.3576158940397351,0.11258278145695365,0.2319277108433735,0.34615384615384615,,,,,,,,,,,2026-07-07T13:22:33.296448+00:00
543309,Kyle Higashioka,TEX,1680.0,0.29011881999999994,0.30574257457763276,0.2390753,0.36792442463040925,0.30676244195809355,0.29098090849242925,86.47604166666667,103.85,0.375,0.08333333333333333,0.3358333333333334,0.2582781456953642,0.09933774834437085,0.30914826498422715,0.3645833333333333,84.90454545454547,103.89000000000001,0.36363636363636365,0.0,0.21440909090909088,0.25,0.1388888888888889,0.3333333333333333,0.22727272727272727,36.0,2026-07-07T13:22:33.296448+00:00
502143,Danny Valencia,BAL,1678.0,0.33136553333333324,0.3298209533333333,0.26432517333333333,0.45953418,0.3370530324529972,0.5096217650962177,89.7666666666667,106.13,0.37962962962962965,0.027777777777777776,0.36412037037037037,0.19333333333333333,0.07333333333333333,0.26262626262626265,0.3425925925925926,,,,,,,,,,,2026-07-07T13:22:33.296448+00:00
673962,Josh Jung,TEX,1675.0,0.32637596666666663,0.3191566595742091,0.26094979059926937,0.4091019306119029,0.32185050953352135,0.5681369321922317,91.39009900990096,102.9,0.5148514851485149,0.0594059405940594,0.37108910891089114,0.2236842105263158,0.09210526315789473,0.2578616352201258,0.4158415841584158,93.60199999999999,103.35000000000001,0.58,0.08,0.38458,0.24358974358974358,0.10256410256410256,0.23353293413173654,0.44,78.0,2026-07-07T13:22:33.296448+00:00
608701,Rob Refsnyder,SEA,1671.0,0.27539613587301587,0.3266484651826042,0.2661092533333333,0.40218538139154847,0.328843532126015,0.016700066800267203,86.74526315789477,103.06,0.3894736842105263,0.07368421052631578,0.324713323201621,0.26666666666666666,0.07333333333333333,0.2315112540192926,0.2708333333333333,77.92,96.44,0.2,0.0,0.16914285714285712,0.15,0.05,0.2682926829268293,0.13333333333333333,20.0,2026-07-07T13:22:33.296448+00:00
605480,Mallex Smith,SEA,1663.0,0.2334548,0.2706514933333333,0.22374868666666667,0.3727290666666667,0.2770423321883655,0.02077562326869806,83.3949494949495,98.3,0.1919191919191919,0.010101010101010102,0.2396565656565657,0.22727272727272727,0.07792207792207792,0.2988929889298893,0.21212121212121213,,,,,,,,,,,2026-07-07T13:22:33.296448+00:00
641584,Jake Fraley,TB,1653.0,0.2759788410043942,0.3118992232791626,0.262512216964517,0.37943387529993694,0.3156337076715306,0.03825503355704698,84.08510638297876,102.58000000000001,0.2553191489361702,0.07446808510638298,0.35806702287935255,0.2980132450331126,0.07947019867549669,0.2516778523489933,0.43617021276595747,,,,,,,,,,,2026-07-07T13:22:33.296448+00:00
547982,Leonys Martin,CLE,1649.0,0.22833299999999998,0.28551991666666665,0.21699338666666668,0.4075937666666667,0.2933545289105237,0.015299026425591099,85.73260869565217,103.47,0.2391304347826087,0.043478260869565216,0.2868260869565218,0.29411764705882354,0.06535947712418301,0.36065573770491804,0.2826086956521739,,,,,,,,,,,2026-07-07T13:22:33.296448+00:00
691026,Masyn Winn,STL,1647.0,0.30885218666666664,0.29359697333333334,0.23841300777746186,0.3471144714543986,0.29259173789427273,0.7686617350369872,88.56090909090912,103.95000000000002,0.39090909090909093,0.03636363636363636,0.3380363636363635,0.18421052631578946,0.07894736842105263,0.23282442748091603,0.36363636363636365,89.43620689655172,104.01,0.3448275862068966,0.034482758620689655,0.3399137931034483,0.125,0.06944444444444445,0.2644628099173554,0.3620689655172414,72.0,2026-07-07T13:22:33.296448+00:00
571431,Matt Adams,COL,1642.0,0.24190754091168093,0.32727480666666664,0.23011609424501425,0.41929874666666656,0.3267102287526879,0.01226158038147139,84.83295454545456,102.03,0.38636363636363635,0.07954545454545454,0.3262903651903652,0.3509933774834437,0.059602649006622516,0.36893203883495146,0.3409090909090909,,,,,,,,,,,2026-07-07T13:22:33.296448+00:00
624431,Jose Trevino,CIN,1641.0,0.276743041005291,0.28078083943466864,0.24183556875952775,0.3379157107193583,0.28106977581148757,0.4059742023082145,84.88943089430896,101.47999999999999,0.36585365853658536,0.032520325203252036,0.3100620756263939,0.1513157894736842,0.02631578947368421,0.3794466403162055,0.34959349593495936,89.472,101.1,0.4,0.04,0.34232,0.07142857142857142,0.0,0.47619047619047616,0.32,28.0,2026-07-07T13:22:33.296448+00:00
501571,Juan Lagares,LAA,1639.0,0.2611536200529992,0.2768585806060606,0.22138580666666666,0.3223261733333333,0.27609169675053313,0.21369294605809128,86.6359223300971,104.1,0.4174757281553398,0.04854368932038835,0.34290687007949877,0.27631578947368424,0.039473684210526314,0.35275080906148865,0.3786407766990291,,,,,,,,,,,2026-07-07T13:22:33.296448+00:00
669222,Nick Senzel,WSH,1638.0,0.2689708632933998,0.30932266557566607,0.2471221116757171,0.3669151807917669,0.3071068863367123,0.048763736263736264,83.09814814814818,98.0,0.2222222222222222,0.046296296296296294,0.2997949298505604,0.21052631578947367,0.07894736842105263,0.2653846153846154,0.37037037037037035,,,,,,,,,,,2026-07-07T13:22:33.296448+00:00
683737,Michael Busch,CHC,1634.0,0.32841991333333337,0.3441893220565173,0.27266865642214577,0.4344478816445811,0.35026958460239543,0.32046070460704607,87.79325842696626,102.1,0.38202247191011235,0.07865168539325842,0.3550000000000001,0.24,0.13333333333333333,0.22580645161290322,0.3595505617977528,86.62708333333335,101.96000000000001,0.3333333333333333,0.08333333333333333,0.31031249999999994,0.23529411764705882,0.15294117647058825,0.19631901840490798,0.3125,85.0,2026-07-07T13:22:33.296448+00:00
686217,Sal Frelick,MIL,1634.0,0.2868472666666667,0.2906470218776671,0.24587436385093164,0.3276899339522546,0.2901742705385778,0.4270047978067169,85.8121951219512,100.17999999999999,0.3089430894308943,0.008130081300813009,0.2890000000000001,0.08666666666666667,0.06,0.25,0.3252032520325203,83.20232558139534,98.56,0.3023255813953488,0.023255813953488372,0.34471428571428564,0.058823529411764705,0.0392156862745098,0.2558139534883721,0.4186046511627907,51.0,2026-07-07T13:22:33.296448+00:00
456078,Welington Castillo,CWS,1633.0,0.2874518,0.3205244033333333,0.24840128666666667,0.41227739333333335,0.32300350873124206,0.13983628922237382,89.87171717171717,105.48,0.41414141414141414,0.12121212121212122,0.3942626262626262,0.3092105263157895,0.039473684210526314,0.25,0.30303030303030304,,,,,,,,,,,2026-07-07T13:22:33.296448+00:00
136860,Carlos Beltrán,HOU,1633.0,0.29481717999999996,0.31569667999999995,0.25493952000000003,0.38375449333333334,0.3211741770289364,0.23444976076555024,87.7017391304348,101.86000000000001,0.3826086956521739,0.034782608695652174,0.3284347826086957,0.16666666666666666,0.06,0.3475177304964539,0.30434782608695654,,,,,,,,,,,2026-07-07T13:22:33.296448+00:00
656976,Pavin Smith,AZ,1622.0,0.2789784777047076,0.31596929777743826,0.2558578377223177,0.43579423246942384,0.3227216381058773,0.05725971370143149,87.61770833333334,104.2,0.3854166666666667,0.07291666666666667,0.32674262141360555,0.26,0.09333333333333334,0.26804123711340205,0.3229166666666667,86.40285714285713,102.68,0.3142857142857143,0.02857142857142857,0.2754285714285714,0.15217391304347827,0.08695652173913043,0.26136363636363635,0.2571428571428571,46.0,2026-07-07T13:22:33.296448+00:00
456030,Dustin Pedroia,BOS,1621.0,0.30348859333333333,0.3212484166666667,0.27477602,0.3791263733333333,0.3219955488213627,0.1781767955801105,84.48347107438016,96.7,0.17355371900826447,0.008264462809917356,0.3051583333333333,0.1346153846153846,0.08974358974358974,0.22364217252396165,0.3416666666666667,,,,,,,,,,,2026-07-07T13:22:33.296448+00:00
408314,José Reyes,NYM,1613.0,0.26019219999999993,0.2763676266666667,0.23576827999999997,0.3300345599999999,0.2781860945424604,0.21665490472829924,84.6336363636364,99.05000000000001,0.23636363636363636,0.045454545454545456,0.2858,0.18421052631578946,0.07236842105263158,0.22614840989399293,0.34545454545454546,,,,,,,,,,,2026-07-07T13:22:33.296448+00:00
592387,Ryon Healy,MIL,1609.0,0.30701247333333337,0.32092550000000003,0.25302388666666675,0.40210637999999993,0.3245290243395791,0.3795975017349063,88.91981132075469,104.05000000000001,0.37735849056603776,0.09433962264150944,0.36905660377358496,0.23178807947019867,0.059602649006622516,0.29965156794425085,0.330188679245283,,,,,,,,,,,2026-07-07T13:22:33.296448+00:00
546991,Albert Almora Jr.,CIN,1606.0,0.27230056708994704,0.28048702,0.19577831904761905,0.3480997999999999,0.2792292338327994,0.3665254237288136,83.692,100.95000000000002,0.26,0.01,0.2873471206349206,0.2119205298013245,0.09933774834437085,0.33687943262411346,0.27,,,,,,,,,,,2026-07-07T13:22:33.296448+00:00
694384,Nolan Schanuel,LAA,1604.0,0.33417050000000004,0.3148662146185997,0.27383348065468577,0.4014359208251224,0.32371665010031586,0.7240418118466899,87.11727272727273,100.1,0.32727272727272727,0.01818181818181818,0.3417454545454547,0.14473684210526316,0.08552631578947369,0.3289036544850498,0.38181818181818183,87.56964285714285,99.30000000000001,0.3392857142857143,0.0,0.29446428571428573,0.1,0.1,0.32,0.30357142857142855,70.0,2026-07-07T13:22:33.296448+00:00
545121,Ildemaro Vargas,AZ,1603.0,0.27684042000000003,0.28818292888888886,0.23006159604938267,0.36395955,0.28710891911906106,0.36554621848739494,86.48809523809524,101.75,0.30158730158730157,0.031746031746031744,0.2675714285714287,0.07894736842105263,0.06578947368421052,0.36330935251798563,0.2619047619047619,86.87567567567567,102.32,0.35135135135135137,0.02702702702702703,0.2555135135135134,0.06666666666666667,0.1111111111111111,0.31645569620253167,0.24324324324324326,45.0,2026-07-07T13:22:33.296448+00:00
435063,Mike Napoli,TEX,1598.0,0.2838807866666666,0.32639136,0.23736394000000005,0.41228398000000005,0.325362853370526,0.10390516039051603,85.55733333333333,103.25999999999999,0.3333333333333333,0.10666666666666667,0.37014666666666673,0.3660130718954248,0.13071895424836602,0.24390243902439024,0.32,,,,,,,,,,,2026-07-07T13:22:33.296448+00:00
600303,Tommy La Stella,SEA,1595.0,0.2539743324137931,0.33603956750425024,0.24249391947261656,0.41061655333333325,0.33488747885575665,0.021892655367231638,86.64955752212387,99.62,0.23008849557522124,0.008849557522123894,0.2635245651510529,0.17218543046357615,0.0728476821192053,0.2792207792207792,0.37168141592920356,,,,,,,,,,,2026-07-07T13:22:33.296448+00:00
446359,Zack Cozart,LAA,1592.0,0.25673544666666664,0.29922897333333326,0.2505354466666666,0.36482729333333336,0.3023094764614296,0.010615711252653927,85.87627118644066,100.33,0.23728813559322035,0.00847457627118644,0.2610254237288136,0.14,0.04666666666666667,0.21138211382113822,0.3220338983050847,,,,,,,,,,,2026-07-07T13:22:33.296448+00:00
678882,Ceddanne Rafaela,BOS,1588.0,0.2573036333333333,0.29069473071225077,0.2284823886031422,0.36783834038856983,0.29066197568982177,0.11983181499649614,84.30420168067226,100.02,0.2689075630252101,0.01680672268907563,0.2973983050847456,0.18421052631578946,0.03289473684210526,0.4858156028368794,0.36134453781512604,82.63015873015877,98.38000000000001,0.23809523809523808,0.0,0.28346774193548385,0.18518518518518517,0.037037037037037035,0.4503311258278146,0.3333333333333333,81.0,2026-07-07T13:22:33.296448+00:00
647351,Abraham Toro,BOS,1585.0,0.3050331786782818,0.30135619223691434,0.23798946688524594,0.37228694710457694,0.30360003440687533,0.5631136044880786,86.17758620689659,101.25,0.33620689655172414,0.034482758620689655,0.3122874810495023,0.13333333333333333,0.06666666666666667,0.3161290322580645,0.31896551724137934,,,,,,,,,,,2026-07-07T13:22:33.296448+00:00
666160,Mickey Moniak,COL,1577.0,0.32728476,0.3112247960472054,0.20098009012739462,0.38069875240284273,0.3060050029521466,0.629498941425547,90.65631067961162,105.41999999999999,0.4563106796116505,0.13592233009708737,0.3912135922330096,0.24675324675324675,0.06493506493506493,0.43010752688172044,0.34951456310679613,91.36206896551724,104.06,0.4827586206896552,0.13793103448275862,0.4025862068965517,0.2727272727272727,0.06818181818181818,0.45454545454545453,0.3103448275862069,44.0,2026-07-07T13:22:33.296448+00:00
676801,Chas McCormick,HOU,1569.0,0.3066387977454121,0.316123568225927,0.2672394880880882,0.3929056501952773,0.3202113788399699,0.3586109142452162,82.70679611650485,103.25999999999999,0.3300970873786408,0.05825242718446602,0.3696241986041598,0.24342105263157895,0.06578947368421052,0.3675496688741722,0.3592233009708738,,,,,,,,,,,2026-07-07T13:22:33.296448+00:00
592348,Niko Goodrum,TB,1568.0,0.2737796964518512,0.2907109368817239,0.2335196666666666,0.3843510666666667,0.2981185787570856,0.23829787234042554,85.52093023255814,102.05,0.3488372093023256,0.08139534883720931,0.38398301726797257,0.3466666666666667,0.06,0.2643312101910828,0.3103448275862069,,,,,,,,,,,2026-07-07T13:22:33.296448+00:00
595909,Jake Cave,COL,1568.0,0.2795092955887095,0.2941864177465285,0.23027945099715097,0.38975852,0.30301586526161994,0.2782918149466192,86.57395833333334,103.1,0.3958333333333333,0.07291666666666667,0.3857833298769095,0.31333333333333335,0.03333333333333333,0.34843205574912894,0.3645833333333333,,,,,,,,,,,2026-07-07T13:22:33.296448+00:00
519299,Eric Sogard,CHC,1567.0,0.23707915787439623,0.30014544666666665,0.22900630073153896,0.36048900000000006,0.2962037324968201,0.02180232558139535,82.16949152542371,96.08000000000001,0.1271186440677966,0.00847457627118644,0.2554248956030458,0.16339869281045752,0.058823529411764705,0.1969111969111969,0.2796610169491525,,,,,,,,,,,2026-07-07T13:22:33.296448+00:00
628338,Guillermo Heredia,ATL,1567.0,0.26938825302915526,0.29067791333333326,0.24785785333333332,0.35951007333333335,0.2934287620112357,0.16486681065514758,85.90454545454544,101.72,0.3181818181818182,0.07954545454545454,0.32640047675424194,0.3026315789473684,0.09868421052631579,0.28823529411764703,0.3522727272727273,,,,,,,,,,,2026-07-07T13:22:33.296448+00:00
672284,Jarred Kelenic,CWS,1558.0,0.3241671673325552,0.30780016397800813,0.2570977175120999,0.4027612804275253,0.3148182220934958,0.6390278770550393,90.72682926829269,106.4,0.4634146341463415,0.1951219512195122,0.4536168670717473,0.3466666666666667,0.10666666666666667,0.27759197324414714,0.3780487804878049,75.16666666666667,86.96000000000001,0.0,0.0,0.26299999999999996,0.5,0.2,0.32142857142857145,0.0,10.0,2026-07-07T13:22:33.296448+00:00
681481,Kerry Carpenter,DET,1552.0,0.3360834466666668,0.3382045759700635,0.27968218350617247,0.41847697421148944,0.34076505771104426,0.4680696661828737,90.04,101.72,0.49473684210526314,0.10526315789473684,0.4117789473684211,0.26666666666666666,0.05333333333333334,0.38170347003154576,0.42105263157894735,90.9404761904762,102.25,0.5714285714285714,0.11904761904761904,0.42159523809523813,0.23809523809523808,0.06349206349206349,0.33070866141732286,0.38095238095238093,63.0,2026-07-07T13:22:33.296448+00:00
641553,Adam Engel,SD,1546.0,0.22204731094017097,0.2555415333333333,0.20324469999999994,0.3559682719810412,0.2650864905487963,0.0440852314474651,85.66145833333333,103.9,0.25,0.020833333333333332,0.3139502670940171,0.33116883116883117,0.025974025974025976,0.30662020905923343,0.34375,,,,,,,,,,,2026-07-07T13:22:33.296448+00:00
622761,Jorge Mateo,ATL,1546.0,0.298352692063492,0.2814693103538336,0.21899587085137084,0.3340857306552924,0.28040908209450743,0.6797671033478894,87.4926315789474,105.86000000000001,0.4631578947368421,0.08421052631578947,0.41183709273182956,0.31333333333333335,0.05333333333333334,0.4012738853503185,0.42105263157894735,85.52941176470588,101.34,0.4117647058823529,0.058823529411764705,0.32964705882352946,0.3448275862068966,0.06896551724137931,0.4915254237288136,0.47058823529411764,29.0,2026-07-07T13:22:33.296448+00:00
678246,Miguel Vargas,CWS,1545.0,0.43073215333333326,0.31674506977339256,0.23198990678728607,0.4413483333333333,0.32201994973765286,0.9682080924855492,91.0742857142857,103.25999999999999,0.4857142857142857,0.1523809523809524,0.48185714285714265,0.16883116883116883,0.13636363636363635,0.26143790849673204,0.45714285714285713,92.29272727272728,103.8,0.509090909090909,0.2,0.504309090909091,0.175,0.125,0.23333333333333334,0.38181818181818183,80.0,2026-07-07T13:22:33.296448+00:00
488862,Yunel Escobar,LAA,1545.0,0.33098110666666664,0.3209702333333333,0.28744746666666665,0.3856620266666667,0.3263663079530446,0.6793837123991195,87.77327586206894,102.55,0.3793103448275862,0.04310344827586207,0.34556034482758624,0.1503267973856209,0.0784313725490196,0.2737226277372263,0.3879310344827586,,,,,,,,,,,2026-07-07T13:22:33.296448+00:00
400284,Chase Utley,LAD,1531.0,0.29021176666666665,0.31255378,0.27768536666666666,0.3599776,0.3140056440306629,0.12759643916913946,87.5683168316832,99.9,0.3465346534653465,0.019801980198019802,0.2937821782178217,0.18543046357615894,0.07947019867549669,0.17391304347826086,0.3465346534653465,,,,,,,,,,,2026-07-07T13:22:33.296448+00:00
472528,Luis Valbuena,LAA,1527.0,0.26796199999999987,0.3153779,0.25283248666666663,0.3979428933333333,0.31632651100740744,0.07407407407407407,90.17654320987654,104.8,0.4444444444444444,0.12345679012345678,0.41109876543209867,0.375,0.07894736842105263,0.33045977011494254,0.35802469135802467,,,,,,,,,,,2026-07-07T13:22:33.296448+00:00
453056,Jacoby Ellsbury,NYY,1524.0,0.33607681999999994,0.3073056466666667,0.25280316666666675,0.34864141999999987,0.30512320929654485,0.9463087248322147,86.41743119266054,100.8,0.27522935779816515,0.01834862385321101,0.33964220183486243,0.14,0.12666666666666668,0.1893687707641196,0.3669724770642202,,,,,,,,,,,2026-07-07T13:22:33.296448+00:00
518614,Daniel Descalso,CHC,1522.0,0.2421993333333333,0.31723701666666665,0.23100403333333333,0.3668593333333332,0.3122584667466268,0.021739130434782608,87.14374999999995,100.34,0.25,0.025,0.25785,0.31333333333333335,0.12,0.21604938271604937,0.2875,,,,,,,,,,,2026-07-07T13:22:33.296448+00:00
467055,Pablo Sandoval,ATL,1521.0,0.305103620560704,0.2943716133333333,0.2440637266666667,0.3857105066666666,0.29892716059156005,0.6246290801186943,92.70439560439561,106.0,0.5164835164835165,0.06593406593406594,0.3573618251000616,0.26666666666666666,0.11333333333333333,0.32386363636363635,0.38461538461538464,,,,,,,,,,,2026-07-07T13:22:33.296448+00:00
621550,Patrick Wisdom,SEA,1520.0,0.29275841450443424,0.3068858060911866,0.25201022783776766,0.37698436477677255,0.30910570972453344,0.24649446494464944,91.57407407407409,107.6,0.5308641975308642,0.19753086419753085,0.4650655271958143,0.39072847682119205,0.046357615894039736,0.30716723549488056,0.25925925925925924,,,,,,,,,,,2026-07-07T13:22:33.296448+00:00
624641,Edmundo Sosa,PHI,1516.0,0.34479782,0.29735428943862385,0.24607787320737742,0.36635964402323445,0.30140573125721276,0.89086859688196,87.46422018348625,105.78,0.4036697247706422,0.08256880733944955,0.4180550458715596,0.21333333333333335,0.02666666666666667,0.5407166123778502,0.3577981651376147,89.4241379310345,106.42,0.4482758620689655,0.10344827586206896,0.4488620689655172,0.16216216216216217,0.02702702702702703,0.5671641791044776,0.3793103448275862,37.0,2026-07-07T13:22:33.296448+00:00
686681,Michael Massey,KC,1514.0,0.30899582,0.300736441723604,0.2314248723449705,0.3679706886042673,0.30222594072379966,0.5756457564575646,88.39344262295081,103.25999999999999,0.39344262295081966,0.04918032786885246,0.33238333333333325,0.1390728476821192,0.052980132450331126,0.38235294117647056,0.3442622950819672,87.19347826086958,102.75,0.32608695652173914,0.021739130434782608,0.3594444444444444,0.14754098360655737,0.09836065573770492,0.3504273504273504,0.391304347826087,61.0,2026-07-07T13:22:33.296448+00:00
671218,Heliot Ramos,SF,1505.0,0.4091142666666666,0.32399128330437527,0.2656743713919741,0.4098965522165331,0.3257479847082008,0.9977628635346756,93.24905660377355,109.1,0.5660377358490566,0.20754716981132076,0.5021226415094339,0.20666666666666667,0.06666666666666667,0.369281045751634,0.4056603773584906,94.75000000000001,110.15,0.6538461538461539,0.3076923076923077,0.6207307692307692,0.17647058823529413,0.058823529411764705,0.29508196721311475,0.5384615384615384,34.0,2026-07-07T13:22:33.296448+00:00
592200,Curt Casali,SF,1500.0,0.2882884679572119,0.28775398591176937,0.2478046733333334,0.3399205333333332,0.29053465737902173,0.5098484848484849,82.5046728971963,97.94,0.19626168224299065,0.009345794392523364,0.2823525787844402,0.17105263157894737,0.10526315789473684,0.1956521739130435,0.3364485981308411,,,,,,,,,,,2026-07-07T13:22:33.296448+00:00
455104,Chris Iannetta,COL,1499.0,0.3097542,0.32074800000000003,0.25360476666666665,0.38402511999999994,0.3202725343519919,0.32829046898638425,91.70722891566264,110.64,0.5060240963855421,0.13253012048192772,0.4259638554216867,0.3333333333333333,0.1,0.15845070422535212,0.3614457831325301,,,,,,,,,,,2026-07-07T13:22:33.296448+00:00
605612,Harold Castro,COL,1488.0,0.2517570597979961,0.30427885450573566,0.22027923333333332,0.3612935365179748,0.3015216072848767,0.04931714719271624,85.33367346938778,99.19,0.2755102040816326,0.04081632653061224,0.33347082622142266,0.3,0.04,0.4171974522292994,0.3877551020408163,,,,,,,,,,,2026-07-07T13:22:33.296448+00:00
677950,Alek Thomas,AZ,1487.0,0.29034819333333334,0.2873148772724222,0.23917966376811597,0.35577600762775874,0.28947745231310623,0.5656795747911921,87.31467889908257,104.25999999999999,0.3853211009174312,0.07339449541284404,0.34802803738317756,0.21710526315789475,0.039473684210526314,0.4037735849056604,0.3211009174311927,,,,,,,,,,,2026-07-07T13:22:33.296448+00:00
434658,Rajai Davis,NYM,1478.0,0.25054000000000004,0.2744626766666667,0.24284537333333328,0.32647271333333333,0.2760409559597521,0.05263157894736842,83.07941176470591,100.58999999999999,0.23529411764705882,0.0196078431372549,0.2999313725490196,0.24836601307189543,0.0457516339869281,0.38047138047138046,0.3431372549019608,,,,,,,,,,,2026-07-07T13:22:33.296448+00:00
593643,Hanser Alberto,CWS,1477.0,0.26019562330933255,0.2791160592263258,0.1816681066666667,0.35473074666666665,0.2758790344931283,0.317092034029389,80.56451612903226,98.03999999999999,0.18548387096774194,0.024193548387096774,0.279854413904917,0.13815789473684212,0.039473684210526314,0.5064377682403434,0.3064516129032258,,,,,,,,,,,2026-07-07T13:22:33.296448+00:00
430947,Erick Aybar,SD,1469.0,0.2787878533333334,0.27880284,0.21706177333333337,0.3272898333333334,0.27582083075976455,0.4983948635634029,83.07217391304346,97.16,0.19130434782608696,0.008695652173913044,0.28413043478260874,0.1456953642384106,0.059602649006622516,0.2894736842105263,0.34782608695652173,,,,,,,,,,,2026-07-07T13:22:33.296448+00:00
677649,Ezequiel Duran,TEX,1468.0,0.29065764666666666,0.2723440042368651,0.22334047526695527,0.40005845926027167,0.28635218102668714,0.6314176245210728,85.07999999999996,103.12,0.3142857142857143,0.047619047619047616,0.34493333333333337,0.22666666666666666,0.06,0.3783783783783784,0.3523809523809524,86.11929824561402,103.44,0.3684210526315789,0.05263157894736842,0.31594736842105264,0.1267605633802817,0.07042253521126761,0.3706293706293706,0.3333333333333333,71.0,2026-07-07T13:22:33.296448+00:00
671732,Lawrence Butler,ATH,1467.0,0.3299006399999999,0.30935665927079986,0.25398539572753304,0.3947796278361075,0.31546176762434797,0.7218390804597701,88.2220930232558,105.30000000000001,0.4418604651162791,0.05813953488372093,0.376511627906977,0.26,0.13333333333333333,0.22712933753943218,0.4186046511627907,87.52647058823533,104.38,0.4411764705882353,0.08823529411764706,0.4029117647058823,0.2786885245901639,0.16393442622950818,0.19858156028368795,0.4117647058823529,61.0,2026-07-07T13:22:33.296448+00:00
670042,Luke Raley,SEA,1467.0,0.3180815066666666,0.3269240037068908,0.24862854271284274,0.40993447526669796,0.32650859237955626,0.4593558282208589,88.03152173913043,104.78999999999999,0.4782608695652174,0.15217391304347827,0.43129999999999974,0.3092105263157895,0.05263157894736842,0.33962264150943394,0.358695652173913,91.78750000000001,105.25,0.5625,0.1875,0.422375,0.3870967741935484,0.06451612903225806,0.37662337662337664,0.5,31.0,2026-07-07T13:22:33.296448+00:00
691718,Pete Crow-Armstrong,CHC,1461.0,0.43064340000000007,0.3186187449031418,0.21548738442965648,0.44687780000000005,0.3223595050817848,0.977431906614786,88.35934065934066,105.4,0.5054945054945055,0.13186813186813187,0.5213076923076922,0.24,0.12666666666666668,0.32432432432432434,0.5054945054945055,85.14444444444443,104.54,0.4888888888888889,0.08888888888888889,0.471888888888889,0.2558139534883721,0.19767441860465115,0.3058252427184466,0.4444444444444444,86.0,2026-07-07T13:22:33.296448+00:00
695578,James Wood,WSH,1460.0,0.41557456666666664,0.38128439048543905,0.24112974047619049,0.4740215066666667,0.37845817889276107,0.7390965732087228,92.68795180722894,110.67999999999999,0.5903614457831325,0.18072289156626506,0.5569397590361446,0.29411764705882354,0.1568627450980392,0.22969187675070027,0.46987951807228917,93.48653846153844,108.99000000000001,0.6538461538461539,0.15384615384615385,0.5277115384615386,0.2872340425531915,0.1595744680851064,0.23671497584541062,0.4423076923076923,94.0,2026-07-07T13:22:33.296448+00:00
681624,Andy Pages,LAD,1456.0,0.30574345999999997,0.3238472105057623,0.2661982475461145,0.3979730960988621,0.325143170386793,0.26040061633281975,87.18431372549023,103.17000000000002,0.39215686274509803,0.049019607843137254,0.3320588235294118,0.21052631578947367,0.09868421052631579,0.27848101265822783,0.3431372549019608,86.41475409836066,104.0,0.3442622950819672,0.04918032786885246,0.32868852459016396,0.1827956989247312,0.12903225806451613,0.2653061224489796,0.36065573770491804,93.0,2026-07-07T13:22:33.296448+00:00
501303,Ehire Adrianza,LAA,1453.0,0.2623904388891729,0.28484303666666666,0.2493458600000001,0.3654857,0.2928406954142147,0.0703001579778831,84.0978723404255,99.06,0.24468085106382978,0.02127659574468085,0.3044149343976163,0.26666666666666666,0.09333333333333334,0.2677966101694915,0.32978723404255317,,,,,,,,,,,2026-07-07T13:22:33.296448+00:00
668901,Mark Vientos,NYM,1441.0,0.2914893733333333,0.32018699638762615,0.27090714206227084,0.414575112920593,0.3238900507473813,0.14186046511627906,89.502752293578,106.12,0.44036697247706424,0.10091743119266056,0.3584770642201834,0.24183006535947713,0.032679738562091505,0.3992673992673993,0.28440366972477066,90.70000000000002,106.1,0.38461538461538464,0.11538461538461539,0.3838846153846154,0.3111111111111111,0.1111111111111111,0.3431372549019608,0.3076923076923077,45.0,2026-07-07T13:22:33.296448+00:00
701538,Jackson Merrill,SD,1437.0,0.30440005333333336,0.343851755265529,0.2911822733333333,0.4466639282653099,0.3522786226434276,0.0920535011801731,88.85631067961165,104.1,0.4563106796116505,0.10679611650485436,0.38608823529411773,0.26,0.04666666666666667,0.36688311688311687,0.3883495145631068,87.93703703703702,102.25999999999999,0.42592592592592593,0.09259259259259259,0.36979245283018863,0.3253012048192771,0.024096385542168676,0.40236686390532544,0.3333333333333333,83.0,2026-07-07T13:22:33.296448+00:00
542454,Danny Santana,BOS,1436.0,0.2747858595746208,0.3071173199999999,0.18785859333333335,0.3914898333333333,0.2941704243657411,0.29935794542536115,87.66138613861388,104.1,0.3465346534653465,0.06930693069306931,0.31862529639795184,0.25,0.07894736842105263,0.3051948051948052,0.2871287128712871,,,,,,,,,,,2026-07-07T13:22:33.296448+00:00
672275,Patrick Bailey,CLE,1433.0,0.27832063999999995,0.28394562540964474,0.23774314853647208,0.38434394336341954,0.2922608693906129,0.3886703383162864,89.24368932038831,103.14,0.3883495145631068,0.06796116504854369,0.34710784313725485,0.2565789473684211,0.05921052631578947,0.33136094674556216,0.3300970873786408,88.64583333333331,101.72999999999999,0.4166666666666667,0.041666666666666664,0.35052173913043483,0.2571428571428571,0.05714285714285714,0.38636363636363635,0.4166666666666667,35.0,2026-07-07T13:22:33.296448+00:00
519346,Eric Thames,WSH,1430.0,0.30575248,0.3218447933333332,0.23928853999999997,0.40597127333333327,0.3230065775106155,0.2961783439490446,88.74565217391304,103.08999999999999,0.4782608695652174,0.05434782608695652,0.37601086956521745,0.2781456953642384,0.09271523178807947,0.3213213213213213,0.32608695652173914,,,,,,,,,,,2026-07-07T13:22:33.296448+00:00
608700,Kevin Plawecki,BOS,1428.0,0.2873184265095895,0.2928851866666667,0.23013595333333323,0.3604477440966801,0.29411882050413773,0.39856801909307876,89.21,103.83,0.37272727272727274,0.0,0.28900605433125837,0.15789473684210525,0.08552631578947369,0.2673992673992674,0.32727272727272727,,,,,,,,,,,2026-07-07T13:22:33.296448+00:00
672640,Otto Lopez,MIA,1424.0,0.3610969466666667,0.328688334780423,0.26925963223797916,0.38064314866686433,0.32642843381572983,0.9050632911392406,87.46406249999998,105.16,0.4140625,0.0703125,0.37902343750000006,0.09803921568627451,0.05228758169934641,0.31802120141342755,0.3488372093023256,87.3985714285714,102.32,0.35714285714285715,0.08571428571428572,0.3706285714285714,0.06172839506172839,0.07407407407407407,0.24324324324324326,0.38571428571428573,81.0,2026-07-07T13:22:33.296448+00:00
457706,Austin Jackson,NYM,1423.0,0.2017082666666667,0.30897563333333333,0.2017082666666667,0.38827317333333333,0.30793608206323714,0.0,85.05176470588235,99.36000000000001,0.24705882352941178,0.011764705882352941,0.2910588235294119,0.37748344370860926,0.046357615894039736,0.22727272727272727,0.3411764705882353,,,,,,,,,,,2026-07-07T13:22:33.296448+00:00
694192,Jackson Chourio,MIL,1419.0,0.3597605733333334,0.3158301220382966,0.24101098557692538,0.4074161358980443,0.32341667357568255,0.8042959427207638,91.98380952380954,107.47999999999999,0.4666666666666667,0.12380952380952381,0.42691428571428564,0.21428571428571427,0.08441558441558442,0.2842465753424658,0.34285714285714286,92.42931034482757,107.66,0.43103448275862066,0.1206896551724138,0.36405172413793113,0.24444444444444444,0.08888888888888889,0.2958579881656805,0.27586206896551724,90.0,2026-07-07T13:22:33.296448+00:00
594988,Scott Schebler,LAA,1415.0,0.228413776068376,0.3380607133333333,0.224893776068376,0.4493336066666666,0.33920013295828316,0.0024154589371980675,85.13246753246754,100.36,0.24675324675324675,0.03896103896103896,0.26264618714618715,0.3355263157894737,0.125,0.3174061433447099,0.2597402597402597,,,,,,,,,,,2026-07-07T13:22:33.296448+00:00
665120,Jared Walsh,TEX,1414.0,0.25482839296456633,0.3140283390596511,0.21266607522209915,0.38279975164868757,0.30617448047896373,0.1476725521669342,84.40000000000002,105.4,0.30864197530864196,0.08641975308641975,0.3690212956133944,0.3841059602649007,0.0728476821192053,0.25901639344262295,0.345679012345679,,,,,,,,,,,2026-07-07T13:22:33.296448+00:00
488671,Alex Avila,WSH,1414.0,0.2874370268783068,0.3450495533333333,0.2480825599999999,0.478399,0.35178525489738316,0.044105854049719326,85.8521739130435,104.0,0.42028985507246375,0.08695652173913043,0.34750435340802993,0.35947712418300654,0.17647058823529413,0.1457725947521866,0.4057971014492754,,,,,,,,,,,2026-07-07T13:22:33.296448+00:00
691023,Jordan Walker,STL,1412.0,0.34595720666666663,0.31301277528955973,0.24161096074993108,0.40934767333333344,0.3155629235682683,0.7250996015936255,93.39500000000004,110.01000000000002,0.51,0.11,0.4389100000000002,0.25333333333333335,0.07333333333333333,0.3413793103448276,0.39,91.7111111111111,109.44,0.4666666666666667,0.15555555555555556,0.42295555555555553,0.25333333333333335,0.13333333333333333,0.3184713375796178,0.37777777777777777,75.0,2026-07-07T13:22:33.296448+00:00
676609,José Caballero,NYY,1412.0,0.2925245666666667,0.28181638280564275,0.2272730668746579,0.34249901491133117,0.2815287414222773,0.6418269230769231,81.79615384615386,101.26,0.23076923076923078,0.04807692307692308,0.3367572815533981,0.2222222222222222,0.0718954248366013,0.3773006134969325,0.3523809523809524,83.93658536585365,101.5,0.21951219512195122,0.07317073170731707,0.326675,0.2878787878787879,0.06060606060606061,0.39416058394160586,0.3170731707317073,66.0,2026-07-07T13:22:33.296448+00:00
681351,Logan O'Hoppe,LAA,1404.0,0.26763879333333324,0.3167208795665857,0.23551489457056335,0.39609228602815205,0.3181530184306958,0.06581059390048154,85.29799999999999,102.34,0.38,0.11,0.3458080808080807,0.2733333333333333,0.04,0.3626760563380282,0.33,84.45142857142858,101.86,0.37142857142857144,0.02857142857142857,0.30065714285714285,0.2653061224489796,0.02040816326530612,0.3972602739726027,0.37142857142857144,49.0,2026-07-07T13:22:33.296448+00:00
571718,Brian Goodwin,CWS,1396.0,0.3327215380744821,0.31441784666666667,0.27002854000000004,0.36152544,0.31323746727898516,0.771801140994295,87.21176470588236,102.75,0.27450980392156865,0.06862745098039216,0.3469337422663955,0.19480519480519481,0.13636363636363635,0.1978021978021978,0.37254901960784315,,,,,,,,,,,2026-07-07T13:22:33.296448+00:00
807799,Masataka Yoshida,BOS,1394.0,0.3041251266666667,0.3165491358286569,0.2619465539285804,0.40225054203310345,0.320253604531585,0.32364810330912025,87.42380952380954,102.9,0.3412698412698413,0.023809523809523808,0.3020396825396825,0.11038961038961038,0.05844155844155844,0.3402777777777778,0.3412698412698413,86.57931034482758,101.1,0.2413793103448276,0.034482758620689655,0.2985862068965517,0.06060606060606061,0.06060606060606061,0.36923076923076925,0.41379310344827586,33.0,2026-07-07T13:22:33.296448+00:00
461235,Brandon Moss,KC,1394.0,0.3635461866666666,0.34242907,0.24367753333333336,0.4273792799999999,0.33726881761904765,0.7963875205254516,90.4423913043478,106.47,0.44565217391304346,0.17391304347826086,0.5023478260869568,0.30666666666666664,0.08,0.26548672566371684,0.391304347826087,,,,,,,,,,,2026-07-07T13:22:33.296448+00:00
663743,Nick Fortes,TB,1391.0,0.2525513866666666,0.2688084953198879,0.22904636063492062,0.34196974381367273,0.270899734966084,0.20888157894736842,84.18780487804878,102.76,0.34146341463414637,0.016260162601626018,0.24919834710743807,0.11842105263157894,0.019736842105263157,0.40304182509505704,0.18699186991869918,81.36176470588234,101.57999999999998,0.23529411764705882,0.029411764705882353,0.1993333333333333,0.07692307692307693,0.02564102564102564,0.4666666666666667,0.11764705882352941,39.0,2026-07-07T13:22:33.296448+00:00
669364,Xavier Edwards,MIA,1391.0,0.3081422066666666,0.3023600266666666,0.25503478101694915,0.3765767066666667,0.3065142619842651,0.601965601965602,85.70176991150446,99.3,0.21238938053097345,0.017699115044247787,0.29123893805309736,0.12337662337662338,0.14285714285714285,0.23076923076923078,0.3805309734513274,85.32586206896552,96.24000000000001,0.15517241379310345,0.0,0.25660344827586207,0.10256410256410256,0.15384615384615385,0.20270270270270271,0.3620689655172414,78.0,2026-07-07T13:22:33.296448+00:00
460026,Nick Hundley,ATH,1389.0,0.2647806733333334,0.29194803,0.24789980000000006,0.3388038133333333,0.2940379942233276,0.04892205638474295,86.50102040816326,102.64,0.30612244897959184,0.01020408163265306,0.3399897959183673,0.26666666666666666,0.04666666666666667,0.26459143968871596,0.35714285714285715,,,,,,,,,,,2026-07-07T13:22:33.296448+00:00
500874,José A. Martínez,TB,1386.0,0.2777979666666667,0.3761404333333333,0.2688777533333334,0.47861566,0.37812396005433274,0.023634881825590873,87.05000000000003,103.71000000000001,0.32222222222222224,0.05555555555555555,0.34456666666666663,0.3,0.09333333333333334,0.3181818181818182,0.34444444444444444,,,,,,,,,,,2026-07-07T13:22:33.296448+00:00
620443,Luis Torrens,NYM,1386.0,0.27514955333333335,0.30195709860459113,0.25564870123839006,0.3802272476200895,0.3115713795375108,0.11914543960558752,87.81683168316832,102.1,0.37623762376237624,0.04950495049504951,0.31357999999999997,0.22,0.06,0.34365325077399383,0.2871287128712871,87.26250000000003,101.97,0.3333333333333333,0.041666666666666664,0.2758749999999999,0.19444444444444445,0.1111111111111111,0.3411764705882353,0.3333333333333333,36.0,2026-07-07T13:22:33.296448+00:00
572365,Ryan Goins,CWS,1381.0,0.2596610466666668,0.25823484,0.22045613333333336,0.33516925999999997,0.26355943620005623,0.5305951383067896,87.03225806451614,100.5,0.3118279569892473,0.021505376344086023,0.2911397849462365,0.26490066225165565,0.09933774834437085,0.23170731707317074,0.25806451612903225,,,,,,,,,,,2026-07-07T13:22:33.296448+00:00
609275,Adalberto Mondesi,KC,1373.0,0.25549727319612925,0.29617051999999994,0.2010344733333333,0.3883725666666667,0.29175147053907596,0.34271099744245526,84.53707865168539,102.24000000000001,0.3595505617977528,0.06741573033707865,0.350311471027809,0.34210526315789475,0.05921052631578947,0.3322784810126582,0.2247191011235955,,,,,,,,,,,2026-07-07T13:22:33.296448+00:00
669261,Jack Suwinski,PIT,1365.0,0.3103387058416615,0.31825719520297496,0.25576458471428354,0.4162769523639071,0.3245571953314066,0.3671940049958368,88.16341463414632,104.99000000000001,0.36585365853658536,0.0975609756097561,0.358453815564015,0.29411764705882354,0.13725490196078433,0.16265060240963855,0.32926829268292684,,,,,,,,,,,2026-07-07T13:22:33.296448+00:00
672515,Gabriel Moreno,AZ,1363.0,0.39647143999999995,0.3371656925107741,0.26002467687185543,0.40413896000000005,0.3343700988126807,0.9858803986710963,89.80000000000001,103.65,0.4528301886792453,0.05660377358490566,0.3775660377358491,0.11764705882352941,0.1503267973856209,0.2680115273775216,0.33962264150943394,89.12200000000001,102.67,0.42,0.02,0.33692,0.07575757575757576,0.15151515151515152,0.23870967741935484,0.24,66.0,2026-07-07T13:22:33.296448+00:00
622666,Johan Camargo,SF,1362.0,0.26759108303030305,0.2881239666666667,0.2351045066666667,0.3529898666666666,0.29102287803144244,0.17794486215538846,84.693,101.35000000000001,0.29,0.02,0.2943491965105601,0.24503311258278146,0.07947019867549669,0.3333333333333333,0.35,,,,,,,,,,,2026-07-07T13:22:33.296448+00:00
453064,Troy Tulowitzki,NYY,1354.0,0.3046835733333333,0.32807958666666664,0.27208372666666664,0.38687699999999997,0.3297654840530626,0.20067739204064353,87.5080357142857,102.98,0.38392857142857145,0.05357142857142857,0.3416071428571428,0.19078947368421054,0.07236842105263158,0.2894736842105263,0.29464285714285715,,,,,,,,,,,2026-07-07T13:22:33.296448+00:00
641432,Willie Calhoun,LAA,1343.0,0.29034352435654415,0.310218292974102,0.24725567661202183,0.35976849092148844,0.3095051245575901,0.19392917369308602,88.14464285714284,103.66,0.3392857142857143,0.03571428571428571,0.25949747012037155,0.12418300653594772,0.13725490196078433,0.1941747572815534,0.23214285714285715,,,,,,,,,,,2026-07-07T13:22:33.296448+00:00
683146,Brett Baty,NYM,1337.0,0.29265387333333337,0.3080531179367387,0.2476902680790967,0.3600536545597676,0.30814879302024717,0.28522920203735147,87.5318681318681,106.4,0.38461538461538464,0.06593406593406594,0.35082417582417585,0.2847682119205298,0.09933774834437085,0.2789115646258503,0.42857142857142855,88.31891891891895,106.68,0.3783783783783784,0.08108108108108109,0.33564864864864863,0.2878787878787879,0.12121212121212122,0.3153846153846154,0.4864864864864865,66.0,2026-07-07T13:22:33.296448+00:00
456665,Steve Pearce,BOS,1329.0,0.2792301399999999,0.3325276666666666,0.26126110666666663,0.44547296666666664,0.33735137449971353,0.03516295025728988,88.27999999999999,102.56,0.3263157894736842,0.06315789473684211,0.32430526315789465,0.25165562913907286,0.09933774834437085,0.27596439169139464,0.3157894736842105,,,,,,,,,,,2026-07-07T13:22:33.296448+00:00
677800,Wilyer Abreu,BOS,1326.0,0.3182403133333333,0.3314006712311622,0.2732280351594341,0.40278040362208933,0.3331587983978986,0.28645383951682485,89.40392156862742,103.53999999999999,0.39215686274509803,0.10784313725490197,0.3629499999999999,0.21333333333333335,0.1,0.3333333333333333,0.38235294117647056,89.84489795918367,105.63999999999999,0.32653061224489793,0.10204081632653061,0.33337500000000014,0.2375,0.15,0.33879781420765026,0.30612244897959184,80.0,2026-07-07T13:22:33.296448+00:00
519184,Ben Revere,LAA,1318.0,0.35055285333333336,0.2843561133333334,0.22219159333333338,0.3509704,0.28317237552592606,0.9982222222222222,83.07751937984499,96.42000000000002,0.16279069767441862,0.007751937984496124,0.3431550387596898,0.06,0.08,0.225,0.4263565891472868,,,,,,,,,,,2026-07-07T13:22:33.296448+00:00
474892,Chris Carter,NYY,1318.0,0.29330098666666665,0.34268713,0.27901428,0.44559193333333336,0.3524529313715284,0.05642361111111111,90.99864864864863,106.54,0.4189189189189189,0.12162162162162163,0.4250405405405406,0.3841059602649007,0.09933774834437085,0.25770308123249297,0.3108108108108108,,,,,,,,,,,2026-07-07T13:22:33.296448+00:00
605486,Cory Spangenberg,MIL,1317.0,0.2421914333333333,0.2896071333333334,0.23227613333333327,0.3416902333333333,0.28941253840120673,0.008144796380090498,85.59315068493149,102.72,0.2876712328767123,0.0547945205479452,0.36275342465753424,0.37333333333333335,0.08666666666666667,0.34448160535117056,0.3150684931506849,,,,,,,,,,,2026-07-07T13:22:33.296448+00:00
621311,David Dahl,PHI,1314.0,0.2828888971749779,0.30979013999801935,0.22558192179558603,0.39296254666666663,0.3117809012723286,0.2510860121633362,87.6204081632653,102.92,0.3163265306122449,0.061224489795918366,0.38366401608414996,0.2980132450331126,0.046357615894039736,0.3841059602649007,0.37755102040816324,,,,,,,,,,,2026-07-07T13:22:33.296448+00:00
691016,Tyler Soderstrom,ATH,1312.0,0.3531410933333333,0.3357576866666666,0.27880965560181153,0.3973712936320594,0.3369335356106321,0.7362924281984334,89.31666666666666,105.08999999999999,0.4215686274509804,0.06862745098039216,0.34926470588235303,0.1390728476821192,0.15894039735099338,0.2070063694267516,0.3137254901960784,89.89375,104.86000000000001,0.40625,0.03125,0.34812499999999996,0.16,0.16,0.20175438596491227,0.40625,50.0,2026-07-07T13:22:33.296448+00:00
642350,Jose Siri,LAA,1311.0,0.2754996524914166,0.29014598544106274,0.2173788396296296,0.3629939161732011,0.28805201148635684,0.35559410234171723,84.63218390804597,104.94,0.367816091954023,0.13793103448275862,0.3955121043966175,0.35294117647058826,0.06535947712418301,0.4263803680981595,0.3448275862068966,88.056,106.08000000000001,0.32,0.08,0.29995999999999995,0.2571428571428571,0.02857142857142857,0.4714285714285714,0.16,35.0,2026-07-07T13:22:33.296448+00:00
457787,Danny Espinosa,LAA,1311.0,0.23628114666666666,0.26968030333333337,0.20690107333333327,0.3840545733333333,0.27645437906172804,0.20185185185185187,86.81756756756756,103.78,0.3108108108108108,0.06756756756756757,0.3564054054054056,0.3881578947368421,0.06578947368421052,0.3140794223826715,0.33783783783783783,,,,,,,,,,,2026-07-07T13:22:33.296448+00:00
571912,Luke Maile,KC,1309.0,0.27087360906562363,0.2683728634304824,0.18024813333333337,0.3241688102117704,0.26829135714135727,0.5457715780296426,83.98488372093023,102.45,0.3023255813953488,0.046511627906976744,0.3316105103595608,0.31125827814569534,0.09933774834437085,0.24584717607973422,0.367816091954023,84.925,94.82,0.25,0.25,0.213,0.0,0.2,0.14285714285714285,0.5,5.0,2026-07-07T13:22:33.296448+00:00
606992,Eric Haase,SF,1308.0,0.2651980564411028,0.29652946968329585,0.22428553149342922,0.3450687916340947,0.29427263797335335,0.13414634146341464,81.60476190476192,103.54,0.25,0.13095238095238096,0.37799358082706774,0.3618421052631579,0.05921052631578947,0.33974358974358976,0.30952380952380953,72.45454545454545,91.8,0.09090909090909091,0.09090909090909091,0.2346666666666667,0.42857142857142855,0.10714285714285714,0.3548387096774194,0.18181818181818182,28.0,2026-07-07T13:22:33.296448+00:00
594694,Wilmer Difo,AZ,1306.0,0.284004394078446,0.2796859262151981,0.24031999999999998,0.3527196,0.28524266937281595,0.5782805429864254,81.6100917431193,102.12,0.21100917431192662,0.045871559633027525,0.3020056982730909,0.19078947368421054,0.09210526315789473,0.27,0.27522935779816515,,,,,,,,,,,2026-07-07T13:22:33.296448+00:00
694671,Wyatt Langford,TEX,1306.0,0.3136971866666666,0.33105640347742804,0.2732782796632996,0.39727630593784286,0.33667506642289935,0.24541484716157205,88.8801801801802,105.6,0.36936936936936937,0.08108108108108109,0.3617567567567566,0.2077922077922078,0.06493506493506493,0.27205882352941174,0.2972972972972973,86.96756756756756,105.80000000000001,0.3783783783783784,0.10810810810810811,0.4011081081081081,0.18,0.06,0.30434782608695654,0.2702702702702703,50.0,2026-07-07T13:22:33.296448+00:00
452252,Adam Lind,WSH,1304.0,0.34205289333333333,0.3444283066666667,0.25160089333333346,0.41347490666666664,0.33577613957333347,0.472,89.5891891891892,104.2,0.4144144144144144,0.07207207207207207,0.39106306306306315,0.16,0.09333333333333334,0.3443223443223443,0.35135135135135137,,,,,,,,,,,2026-07-07T13:22:33.296448+00:00
461858,Trevor Plouffe,PHI,1304.0,0.25013694000000003,0.32615670666666663,0.22687702,0.3723258266666667,0.32161087254038195,0.03700440528634361,85.99368421052628,105.06,0.3263157894736842,0.042105263157894736,0.2871473684210527,0.26,0.09333333333333334,0.2786885245901639,0.24210526315789474,,,,,,,,,,,2026-07-07T13:22:33.296448+00:00
671289,Tyler Freeman,COL,1300.0,0.3103080733333335,0.31297712969146146,0.27103583534391534,0.39114759849812464,0.31645700782211367,0.4224977856510186,86.31150442477879,101.78,0.36283185840707965,0.017699115044247787,0.314318181818182,0.13245033112582782,0.052980132450331126,0.29285714285714287,0.336283185840708,85.06739130434781,101.3,0.30434782608695654,0.0,0.30256818181818185,0.14285714285714285,0.047619047619047616,0.3333333333333333,0.30434782608695654,63.0,2026-07-07T13:22:33.296448+00:00
542364,Rafael Ortega,CWS,1296.0,0.28866277259259265,0.3071317535031177,0.2450305586328534,0.3608840702496205,0.30459455225360094,0.24288256227758007,84.19239130434782,100.55999999999999,0.29347826086956524,0.0,0.29974822954822955,0.24183006535947713,0.1437908496732026,0.22839506172839505,0.31521739130434784,,,,,,,,,,,2026-07-07T13:22:33.296448+00:00
696285,Jacob Young,WSH,1290.0,0.3057054600000001,0.296578342962963,0.2610476533333334,0.3301198337277537,0.2959742848004397,0.7547339945897205,89.30555555555557,104.38999999999999,0.3888888888888889,0.08333333333333333,0.3400277777777779,0.19333333333333333,0.06,0.2746478873239437,0.35185185185185186,85.74411764705883,99.16999999999999,0.2647058823529412,0.029411764705882353,0.2515588235294117,0.1956521739130435,0.06521739130434782,0.2891566265060241,0.2647058823529412,46.0,2026-07-07T13:22:33.296448+00:00
680574,Matt McLain,CIN,1288.0,0.32809565333333324,0.31157446061101207,0.24678101742561603,0.36087558730649133,0.3087988947630502,0.7315555555555555,88.26896551724138,104.03999999999999,0.47126436781609193,0.10344827586206896,0.4086627906976743,0.2913907284768212,0.11258278145695365,0.2668711656441718,0.45977011494252873,88.07647058823528,101.03999999999999,0.35294117647058826,0.0,0.3643125,0.4418604651162791,0.11627906976744186,0.30303030303030304,0.35294117647058826,43.0,2026-07-07T13:22:33.296448+00:00
594824,Greg Garcia,SD,1285.0,0.2900208266666666,0.30044187666666666,0.26314647999999996,0.36561799999999994,0.30555559267152377,0.31693989071038253,79.37142857142857,99.0,0.15384615384615385,0.01098901098901099,0.2733749999999999,0.2185430463576159,0.15894039735099338,0.17207792207792208,0.2857142857142857,,,,,,,,,,,2026-07-07T13:22:33.296448+00:00
622682,Victor Reyes,DET,1284.0,0.31706170513438037,0.2904729144465497,0.24359523402044683,0.3619685133333333,0.29741436151963063,0.7430865298840321,88.53090909090908,103.01,0.34545454545454546,0.045454545454545456,0.3688855342741549,0.20394736842105263,0.046052631578947366,0.4299363057324841,0.34545454545454546,,,,,,,,,,,2026-07-07T13:22:33.296448+00:00
690993,Colt Keith,DET,1281.0,0.30348764666666656,0.3270277753679043,0.26960332000000004,0.3849877548338148,0.32572349312746485,0.21631205673758866,86.17117117117115,102.7,0.36936936936936937,0.08108108108108109,0.3463153153153153,0.19333333333333333,0.05333333333333334,0.24803149606299213,0.45045045045045046,89.64390243902442,103.5,0.4634146341463415,0.0975609756097561,0.4199512195121952,0.1509433962264151,0.03773584905660377,0.25,0.4878048780487805,53.0,2026-07-07T13:22:33.296448+00:00
150029,Jayson Werth,WSH,1274.0,0.30523936000000007,0.3443607333333334,0.2528400333333333,0.4080132666666667,0.3377516205896511,0.18682310469314078,86.75299999999994,103.4,0.4,0.09,0.3474500000000002,0.23026315789473684,0.10526315789473684,0.21839080459770116,0.3,,,,,,,,,,,2026-07-07T13:22:33.296448+00:00
693304,Nick Gonzales,PIT,1273.0,0.31836613333333347,0.3084601143332162,0.24886634665749335,0.3735649066666666,0.3085797913637304,0.605570530098832,84.91441441441441,101.5,0.3333333333333333,0.036036036036036036,0.34736936936936935,0.18181818181818182,0.06493506493506493,0.3333333333333333,0.34234234234234234,87.17358490566038,101.28,0.3584905660377358,0.018867924528301886,0.3162830188679245,0.2,0.0875,0.3546511627906977,0.3018867924528302,80.0,2026-07-07T13:22:33.296448+00:00
687401,Joey Ortiz,MIL,1270.0,0.31495856,0.28020722004709436,0.22676956952380953,0.38455463186967886,0.2889783954869615,0.8386508659981768,86.06106194690264,104.68,0.3185840707964602,0.02654867256637168,0.3304864864864863,0.16339869281045752,0.09803921568627451,0.3010033444816054,0.3185840707964602,87.25625000000001,104.88,0.28125,0.03125,0.37487096774193557,0.2727272727272727,0.0,0.3088235294117647,0.375,44.0,2026-07-07T13:22:33.296448+00:00
519222,Austin Romine,CIN,1270.0,0.20301715583108765,0.28145027999999994,0.18542461567765564,0.35154436666666666,0.2721896829805612,0.10254083484573502,86.34111111111112,103.10999999999999,0.34444444444444444,0.044444444444444446,0.27448807243935386,0.34,0.04,0.37542662116040953,0.24444444444444444,,,,,,,,,,,2026-07-07T13:22:33.296448+00:00
657136,Connor Wong,BOS,1268.0,0.3108284933333334,0.2779860444803563,0.2359591490891892,0.3432177793582523,0.28081737946887864,0.8615384615384616,83.81414141414143,105.8,0.37373737373737376,0.04040404040404041,0.34245360824742266,0.2251655629139073,0.09933774834437085,0.30743243243243246,0.2828282828282828,83.76190476190474,105.4,0.38095238095238093,0.09523809523809523,0.44452380952380954,0.21875,0.125,0.2571428571428571,0.3333333333333333,32.0,2026-07-07T13:22:33.296448+00:00
547172,Tony Wolters,LAD,1268.0,0.2874466333333333,0.27762357666666665,0.2238928133333333,0.31272792000000005,0.274303592962276,0.6883116883116883,80.98539325842697,97.28,0.20224719101123595,0.0,0.3606860465116279,0.30666666666666664,0.09333333333333334,0.2687074829931973,0.4044943820224719,,,,,,,,,,,2026-07-07T13:22:33.296448+00:00
682626,Francisco Alvarez,NYM,1268.0,0.29496032666666666,0.31424011722860135,0.24691703241622576,0.37873212435513465,0.31610416076408077,0.19265232974910393,91.26599999999999,107.64,0.44,0.15,0.38873,0.29411764705882354,0.0457516339869281,0.3556231003039514,0.31,90.91489361702126,107.04,0.48936170212765956,0.1702127659574468,0.4788085106382978,0.2972972972972973,0.05405405405405406,0.3525641025641026,0.3191489361702128,74.0,2026-07-07T13:22:33.296448+00:00
669397,Nick Allen,HOU,1266.0,0.24269140000000003,0.2461941727917834,0.20733159629629627,0.27911825333333334,0.2465220952973543,0.4132231404958678,83.1574074074074,101.11,0.3055555555555556,0.009259259259259259,0.28330188679245283,0.2251655629139073,0.052980132450331126,0.24489795918367346,0.2222222222222222,82.12727272727273,94.2,0.09090909090909091,0.0,0.1869090909090909,0.3157894736842105,0.10526315789473684,0.3170731707317073,0.2727272727272727,19.0,2026-07-07T13:22:33.296448+00:00
452234,Seth Smith,BAL,1264.0,0.3576784066666667,0.35208952,0.3032281266666667,0.4150132,0.3535966258097844,0.6089334548769371,89.15523809523805,106.4,0.4095238095238095,0.05714285714285714,0.3847238095238095,0.17763157894736842,0.1118421052631579,0.26993865030674846,0.3619047619047619,,,,,,,,,,,2026-07-07T13:22:33.296448+00:00
545358,Max Stassi,LAA,1260.0,0.22741248452640123,0.2949205484790939,0.2148956066666667,0.3975404427027453,0.3009043140496838,0.05181818181818182,87.4617021276596,102.41,0.3404255319148936,0.07446808510638298,0.27006429762322776,0.2980132450331126,0.06622516556291391,0.24041811846689895,0.24468085106382978,,,,,,,,,,,2026-07-07T13:22:33.296448+00:00
691406,Junior Caminero,TB,1255.0,0.36935676666666667,0.3474633419557528,0.27923831557988893,0.42446095085111213,0.3463056669438168,0.726605504587156,94.63267326732671,110.4,0.594059405940594,0.13861386138613863,0.4343960396039605,0.2077922077922078,0.12987012987012986,0.29874213836477986,0.3069306930693069,95.08644067796612,111.34,0.576271186440678,0.1694915254237288,0.5048983050847459,0.20930232558139536,0.09302325581395349,0.3220338983050847,0.3389830508474576,86.0,2026-07-07T13:22:33.296448+00:00
677587,Brayan Rocchio,CLE,1247.0,0.2870749266666666,0.29384256794229296,0.24326814205128217,0.3291764,0.29113658416095134,0.40333024976873266,87.19459459459463,100.8,0.3333333333333333,0.018018018018018018,0.31129729729729727,0.18421052631578946,0.05921052631578947,0.3682539682539683,0.40540540540540543,84.78771929824559,99.46000000000001,0.2631578947368421,0.0,0.2917543859649123,0.17105263157894737,0.06578947368421052,0.39473684210526316,0.42105263157894735,76.0,2026-07-07T13:22:33.296448+00:00
581527,Devon Travis,TOR,1247.0,0.33676433333333333,0.3148362000000001,0.25801224,0.38201898,0.3137970694536524,0.8517495395948435,89.31574803149614,103.28,0.4094488188976378,0.07086614173228346,0.37060629921259847,0.12418300653594772,0.032679738562091505,0.31226765799256506,0.3228346456692913,,,,,,,,,,,2026-07-07T13:22:33.296448+00:00
628451,Andy Ibáñez,ATH,1246.0,0.26722150524219673,0.3070910279620779,0.24605330274514767,0.37099363885805636,0.3062585530744972,0.08807339449541285,87.84700854700857,102.5,0.3162393162393162,0.03418803418803419,0.28281807509683354,0.15333333333333332,0.05333333333333334,0.33210332103321033,0.3333333333333333,,,,,,,,,,,2026-07-07T13:22:33.296448+00:00
600474,Pedro Severino,MIL,1245.0,0.2956093711352425,0.3129478529901785,0.21016224,0.39985788000000005,0.3091785295237175,0.3500464252553389,87.47200000000001,105.82,0.37,0.07,0.3671122267028637,0.26973684210526316,0.06578947368421052,0.2571428571428571,0.41,,,,,,,,,,,2026-07-07T13:22:33.296448+00:00
573131,Darin Ruf,MIL,1243.0,0.2900435301555308,0.3464749958187787,0.27720416231211054,0.4123985366611344,0.34425705122870504,0.046875,90.15604395604396,104.5,0.38461538461538464,0.08791208791208792,0.3481062804761496,0.28289473684210525,0.10526315789473684,0.2298507462686567,0.32967032967032966,,,,,,,,,,,2026-07-07T13:22:33.296448+00:00
668904,Royce Lewis,MIN,1243.0,0.30241312000000004,0.3002811629837229,0.24284780656764998,0.4446241173877099,0.3156501893719794,0.5151515151515151,88.96666666666667,106.22,0.40404040404040403,0.12121212121212122,0.3656868686868688,0.2631578947368421,0.07894736842105263,0.3248407643312102,0.35353535353535354,89.4423076923077,105.38000000000001,0.40384615384615385,0.11538461538461539,0.3596346153846154,0.275,0.075,0.3433734939759036,0.36538461538461536,80.0,2026-07-07T13:22:33.296448+00:00
543592,Austin Nola,COL,1243.0,0.28410909670250895,0.30937912373737375,0.2512416589247312,0.3810616,0.3121440070969823,0.13847583643122677,82.87798165137616,99.94,0.3119266055045872,0.009174311926605505,0.2809675144747725,0.16556291390728478,0.09271523178807947,0.2230769230769231,0.3119266055045872,,,,,,,,,,,2026-07-07T13:22:33.296448+00:00
120074,David Ortiz,BOS,1241.0,0.4125124333333333,0.4204954833333333,0.3218982933333333,0.5372062999999999,0.42974745950735777,0.418426103646833,92.94220183486236,106.88,0.46788990825688076,0.1743119266055046,0.46358715596330274,0.15333333333333332,0.1,0.28405797101449276,0.3944954128440367,,,,,,,,,,,2026-07-07T13:22:33.296448+00:00
444489,Manny Piña,ATH,1241.0,0.3315970202755174,0.30531458666666667,0.26505709999999993,0.35495947376868603,0.3061904067111767,0.9360518999073216,86.90280373831777,101.72,0.308411214953271,0.102803738317757,0.3471239630030618,0.16556291390728478,0.08609271523178808,0.24573378839590443,0.34579439252336447,,,,,,,,,,,2026-07-07T13:22:33.296448+00:00
672820,Lenyn Sosa,TOR,1239.0,0.2606435560249915,0.3163449039218047,0.2437369826916582,0.3935627688712477,0.31843055091034494,0.023191094619666047,89.16324786324786,104.28,0.37606837606837606,0.07692307692307693,0.32466851210128217,0.21710526315789475,0.006578947368421052,0.4984984984984985,0.3333333333333333,,,,,,,,,,,2026-07-07T13:22:33.296448+00:00
696100,Hunter Goodman,COL,1238.0,0.38762152000000005,0.31213943103519753,0.2540985480942767,0.38762152000000005,0.3132587749950646,0.9990740740740741,91.48804347826085,107.68,0.45652173913043476,0.20652173913043478,0.4992934782608696,0.27631578947368424,0.10526315789473684,0.3442622950819672,0.34782608695652173,91.02745098039215,107.7,0.4117647058823529,0.19607843137254902,0.44509803921568625,0.2692307692307692,0.07692307692307693,0.36942675159235666,0.27450980392156865,78.0,2026-07-07T13:22:33.296448+00:00
608841,Joey Meneses,ATH,1233.0,0.27507261018980705,0.29572819961471525,0.22730160961373447,0.34875839409808057,0.2944495661713003,0.17039106145251395,89.6814814814815,103.38,0.37962962962962965,0.018518518518518517,0.2886276803318471,0.18666666666666668,0.06,0.37543859649122807,0.25,92.3923076923077,104.12,0.6153846153846154,0.0,0.3220769230769231,0.1111111111111111,0.16666666666666666,0.29411764705882354,0.15384615384615385,18.0,2026-07-07T13:22:33.296448+00:00
493114,Norichika Aoki,HOU,1233.0,0.31633023333333327,0.2856373666666666,0.23061222666666656,0.3315144399999999,0.2823507928122018,0.9065776930409915,86.72436974789912,98.44000000000001,0.2689075630252101,0.01680672268907563,0.31048739495798305,0.1,0.09333333333333334,0.2526690391459075,0.3025210084033613,,,,,,,,,,,2026-07-07T13:22:33.296448+00:00
669707,Jared Triolo,PIT,1225.0,0.2859723066666666,0.3055915005013528,0.25317169655913985,0.3566440157977439,0.3049006943357662,0.29577464788732394,86.26979166666666,102.7,0.3854166666666667,0.020833333333333332,0.33723157894736844,0.25333333333333335,0.08666666666666667,0.2568493150684932,0.3854166666666667,88.09512195121951,103.5,0.4146341463414634,0.04878048780487805,0.3446097560975609,0.1864406779661017,0.0847457627118644,0.2644628099173554,0.43902439024390244,59.0,2026-07-07T13:22:33.296448+00:00
681297,Colton Cowser,BAL,1222.0,0.3407209266666667,0.31080628737117466,0.2616236367520736,0.38560985077291965,0.31462238316897195,0.8048780487804879,85.44545454545454,107.49000000000001,0.32954545454545453,0.125,0.43520454545454557,0.29605263157894735,0.11842105263157894,0.2911764705882353,0.3181818181818182,84.07692307692308,103.55000000000001,0.46153846153846156,0.07692307692307693,0.4166538461538462,0.35294117647058826,0.13725490196078433,0.32075471698113206,0.2692307692307692,51.0,2026-07-07T13:22:33.296448+00:00
666134,Nolan Jones,CLE,1222.0,0.2538717772068076,0.3268189236774568,0.24839844387347426,0.4063592444972414,0.3256557007405109,0.000946969696969697,88.81162790697675,104.30000000000001,0.4883720930232558,0.09302325581395349,0.32147357652350167,0.3246753246753247,0.08441558441558442,0.2760942760942761,0.3023255813953488,,,,,,,,,,,2026-07-07T13:22:33.296448+00:00
623520,David Bote,CHC,1218.0,0.2910555188820593,0.3146786066666667,0.25014721793899314,0.3837404533333333,0.311624291294679,0.23317535545023696,91.4,105.47999999999999,0.5376344086021505,0.06451612903225806,0.40176828851945046,0.31788079470198677,0.039735099337748346,0.3169811320754717,0.3655913978494624,,,,,,,,,,,2026-07-07T13:22:33.296448+00:00
519083,Derek Norris,TB,1216.0,0.31585448000000005,0.2784802133333333,0.20432878666666665,0.3554656466666667,0.2760370705815059,0.9018112488083889,87.78823529411764,102.08999999999999,0.35294117647058826,0.06862745098039216,0.37558823529411767,0.23841059602649006,0.0728476821192053,0.2482758620689655,0.43137254901960786,,,,,,,,,,,2026-07-07T13:22:33.296448+00:00
624512,Reese McGuire,CWS,1213.0,0.2585608641749201,0.26140757380315194,0.22130543719298246,0.30681686115373685,0.26444395384183655,0.46673095467695275,81.50892857142857,101.71000000000001,0.33035714285714285,0.07142857142857142,0.29984248751125453,0.2052980132450331,0.039735099337748346,0.3923076923076923,0.3063063063063063,,,,,,,,,,,2026-07-07T13:22:33.296448+00:00
663698,Joey Bart,PIT,1208.0,0.31628227564879824,0.3040028172421203,0.2387817176843446,0.3737739367892009,0.3038917657214144,0.7119771863117871,87.06153846153845,106.9,0.3956043956043956,0.12087912087912088,0.39647389392659027,0.2913907284768212,0.059602649006622516,0.2983050847457627,0.3626373626373626,86.46666666666665,101.45,0.3333333333333333,0.1111111111111111,0.33605555555555555,0.12,0.04,0.3111111111111111,0.2777777777777778,25.0,2026-07-07T13:22:33.296448+00:00
592444,JaCoby Jones,DET,1199.0,0.2608658178826948,0.29728133999999995,0.2240086,0.38789640666666675,0.2989016820755461,0.1724470134874759,88.92705882352942,104.56,0.38823529411764707,0.08235294117647059,0.38642837273416736,0.38311688311688313,0.05194805194805195,0.3321917808219178,0.4,,,,,,,,,,,2026-07-07T13:22:33.296448+00:00
407812,Matt Holliday,COL,1195.0,0.31790878666666667,0.34896294000000005,0.24396630666666672,0.4064578866666666,0.34548016865892955,0.15860735009671179,89.78426966292136,104.70000000000002,0.42696629213483145,0.06741573033707865,0.3883258426966291,0.2894736842105263,0.125,0.2822822822822823,0.29213483146067415,,,,,,,,,,,2026-07-07T13:22:33.296448+00:00
668670,Jake Rogers,DET,1193.0,0.24159588358629885,0.29571658047755106,0.18744118666666668,0.3624730021096569,0.2950566176868608,0.07774538386783285,87.661797752809,102.66000000000001,0.3707865168539326,0.07865168539325842,0.29972338111300956,0.32,0.06666666666666667,0.27472527472527475,0.30337078651685395,92.09166666666665,102.07000000000001,0.3333333333333333,0.0,0.15566666666666665,0.43478260869565216,0.043478260869565216,0.2702702702702703,0.16666666666666666,23.0,2026-07-07T13:22:33.296448+00:00
656308,Michael Chavis,WSH,1191.0,0.2506398055070108,0.27269312589580014,0.22821383536870204,0.37122912,0.2729838809909267,0.23449612403100775,83.14526315789477,102.76,0.30526315789473685,0.021052631578947368,0.332155113958438,0.3137254901960784,0.06535947712418301,0.3487544483985765,0.35789473684210527,,,,,,,,,,,2026-07-07T13:22:33.296448+00:00
542194,Christian Bethancourt,MIA,1188.0,0.27283560390372313,0.2873870834787349,0.2181313933515782,0.3845227505564664,0.2859260322795331,0.3818359375,86.34953271028034,104.86000000000001,0.42990654205607476,0.07476635514018691,0.34791898652912817,0.24503311258278146,0.033112582781456956,0.4879725085910653,0.27102803738317754,,,,,,,,,,,2026-07-07T13:22:33.296448+00:00
680869,Zack Gelof,ATH,1185.0,0.29736468666666666,0.28150535392025405,0.20769919981076448,0.3703245061537661,0.2853840804660923,0.689453125,87.14950495049506,103.4,0.4158415841584158,0.04950495049504951,0.3498811881188118,0.23178807947019867,0.052980132450331126,0.24642857142857144,0.3465346534653465,88.15555555555557,103.34,0.4444444444444444,0.0,0.35985185185185176,0.1111111111111111,0.08333333333333333,0.19672131147540983,0.37037037037037035,36.0,2026-07-07T13:22:33.296448+00:00
630111,Yasmany Tomás,AZ,1179.0,0.31157956000000003,0.31869440666666665,0.23364247999999999,0.38927930666666666,0.32210823638641617,0.39861523244312563,91.29368421052631,107.28,0.47368421052631576,0.09473684210526316,0.4062315789473684,0.2733333333333333,0.07333333333333333,0.34627831715210355,0.29473684210526313,,,,,,,,,,,2026-07-07T13:22:33.296448+00:00
671056,Iván Herrera,STL,1174.0,0.34871028000000004,0.36302996320340075,0.3182246994996548,0.42642643094717925,0.3681945064218621,0.2718253968253968,89.479381443299,105.34,0.41237113402061853,0.05154639175257732,0.309979381443299,0.14666666666666667,0.10666666666666667,0.2692307692307692,0.28865979381443296,88.17647058823529,105.4,0.39215686274509803,0.0196078431372549,0.2644901960784314,0.18292682926829268,0.0975609756097561,0.26857142857142857,0.2549019607843137,82.0,2026-07-07T13:22:33.296448+00:00
656896,Emmanuel Rivera,BAL,1173.0,0.2951270638247246,0.309838510862426,0.27425001477803235,0.3601743740162938,0.3121523051367274,0.23748773307163887,87.93628318584071,102.14,0.36283185840707965,0.05309734513274336,0.3425544918027318,0.1986754966887417,0.046357615894039736,0.3367003367003367,0.40707964601769914,,,,,,,,,,,2026-07-07T13:22:33.296448+00:00
664068,Scott Kingery,CHC,1164.0,0.24419164962962966,0.28886230666666673,0.22814393333333338,0.3809766466666667,0.2920268505378745,0.034170854271356785,82.04022988505749,101.08000000000001,0.28735632183908044,0.09195402298850575,0.35260981912144695,0.35947712418300654,0.05228758169934641,0.34782608695652173,0.3103448275862069,,,,,,,,,,,2026-07-07T13:22:33.296448+00:00
600524,Renato Núñez,DET,1163.0,0.2830116656790123,0.32181330666666663,0.2610909999999999,0.3812204866666667,0.3190923422212451,0.10286844708209693,85.06702127659575,104.41,0.3404255319148936,0.09574468085106383,0.3616034771473601,0.29333333333333333,0.06,0.42771084337349397,0.32978723404255317,,,,,,,,,,,2026-07-07T13:22:33.296448+00:00
596144,Cheslor Cuthbert,CWS,1161.0,0.3083578466666666,0.27509857666666665,0.22262243333333334,0.32016604666666665,0.27677397748840304,0.9473161033797217,88.45789473684208,105.08,0.35964912280701755,0.03508771929824561,0.327359649122807,0.17532467532467533,0.07142857142857142,0.29449838187702265,0.3508771929824561,,,,,,,,,,,2026-07-07T13:22:33.296448+00:00
666397,Edouard Julien,COL,1158.0,0.3183171133333333,0.329493954607849,0.26260384520063146,0.40027382798880023,0.3278099786666789,0.38308457711442784,91.06206896551727,103.36,0.5517241379310345,0.034482758620689655,0.3547586206896552,0.26,0.15333333333333332,0.18387096774193548,0.4482758620689655,88.67857142857142,101.05000000000001,0.5,0.03571428571428571,0.3169999999999999,0.1875,0.22916666666666666,0.1326530612244898,0.39285714285714285,48.0,2026-07-07T13:22:33.296448+00:00
571437,Aaron Altherr,NYM,1153.0,0.27896460666666667,0.31730808333333327,0.25955259333333336,0.37729444,0.3168857750838362,0.07847082494969819,89.23048780487804,107.57999999999998,0.4024390243902439,0.0975609756097561,0.3914390243902439,0.36423841059602646,0.0728476821192053,0.24028268551236748,0.35365853658536583,,,,,,,,,,,2026-07-07T13:22:33.296448+00:00
621446,Lewis Brinson,SF,1152.0,0.25503588813171046,0.2800816756410256,0.22336945333333333,0.3346090333333334,0.27998098636430735,0.23232323232323232,84.80582524271843,103.76,0.30097087378640774,0.06796116504854369,0.3356042298985798,0.26666666666666666,0.04,0.4281609195402299,0.2815533980582524,,,,,,,,,,,2026-07-07T13:22:33.296448+00:00
502082,Lonnie Chisenhall,CLE,1147.0,0.3132310333333333,0.3013684933333333,0.25242238000000006,0.3663409466666665,0.3050720402484473,0.6180124223602484,85.08773584905663,102.2,0.29245283018867924,0.03773584905660377,0.3472571428571429,0.18666666666666668,0.08,0.3248407643312102,0.37142857142857144,,,,,,,,,,,2026-07-07T13:22:33.296448+00:00
666181,Will Benson,CIN,1145.0,0.3030350447633084,0.3109882098163883,0.22028137480828477,0.3790641130486319,0.3073947311097605,0.4180161943319838,89.89638554216867,105.6,0.42168674698795183,0.13253012048192772,0.3655215387288706,0.3026315789473684,0.11842105263157894,0.24444444444444444,0.3373493975903614,,,,,,,,,,,2026-07-07T13:22:33.296448+00:00
677551,Wander Franco,TB,1144.0,0.39644056488018314,0.35002377735203694,0.27718444776231754,0.4040907450997125,0.344978585253763,0.990909090909091,91.7828828828829,104.8,0.5495495495495496,0.10810810810810811,0.44768775434259006,0.17105263157894737,0.09210526315789473,0.28619528619528617,0.3783783783783784,,,,,,,,,,,2026-07-07T13:22:33.296448+00:00
446386,Brandon Guyer,CLE,1144.0,0.30078033333333326,0.31016287333333337,0.2649709333333333,0.3819906533333333,0.3155577198075599,0.24948453608247423,85.01326530612246,101.26,0.3163265306122449,0.04081632653061224,0.31502040816326526,0.20261437908496732,0.06535947712418301,0.26573426573426573,0.336734693877551,,,,,,,,,,,2026-07-07T13:22:33.296448+00:00
669224,Austin Wells,NYY,1144.0,0.2682366333333333,0.3100457697732948,0.24639326550895493,0.39577910710654285,0.31711571294069896,0.05386178861788618,85.89777777777778,101.41,0.4,0.044444444444444446,0.322179775280899,0.29605263157894735,0.09868421052631579,0.308868501529052,0.32967032967032966,84.5826086956522,100.32000000000001,0.391304347826087,0.0,0.2606818181818181,0.34285714285714286,0.0,0.3709677419354839,0.30434782608695654,35.0,2026-07-07T13:22:33.296448+00:00
429666,J.J. Hardy,BAL,1144.0,0.2803505133333332,0.27002280666666667,0.22206705333333338,0.33598338666666683,0.27520693325835044,0.5971370143149284,86.44224137931032,101.6,0.3103448275862069,0.034482758620689655,0.3097155172413793,0.16666666666666666,0.04666666666666667,0.21660649819494585,0.3448275862068966,,,,,,,,,,,2026-07-07T13:22:33.296448+00:00
668731,Akil Baddoo,DET,1144.0,0.29251936350335656,0.29959390427662846,0.2092292356659765,0.34414644687984786,0.2940464300311984,0.3898477157360406,89.52444444444444,103.89,0.4222222222222222,0.1,0.3727993502833719,0.3137254901960784,0.09803921568627451,0.3127147766323024,0.25555555555555554,,,,,,,,,,,2026-07-07T13:22:33.296448+00:00
669743,Alex Call,LAD,1137.0,0.2869864007407408,0.3081498319957773,0.2560588621179762,0.3407691563747753,0.30676015592197986,0.12989690721649486,84.92980769230766,97.34,0.20192307692307693,0.028846153846153848,0.258600827991453,0.16339869281045752,0.13071895424836602,0.19504643962848298,0.28846153846153844,83.8375,92.7,0.0625,0.0625,0.2383125,0.2222222222222222,0.14814814814814814,0.24074074074074073,0.4375,27.0,2026-07-07T13:22:33.296448+00:00
666018,Jonathan Aranda,TB,1137.0,0.3532430933333333,0.37005825623892163,0.24476154336134456,0.433746732855516,0.3637861210133744,0.30246913580246915,90.70421052631576,104.88,0.4105263157894737,0.06315789473684211,0.37847368421052635,0.2119205298013245,0.11920529801324503,0.2542372881355932,0.3684210526315789,90.40172413793104,103.86,0.3793103448275862,0.017241379310344827,0.34113793103448276,0.1839080459770115,0.09195402298850575,0.25609756097560976,0.39655172413793105,87.0,2026-07-07T13:22:33.296448+00:00
493351,Alexei Ramirez,SD,1135.0,0.25026536666666666,0.26138028666666663,0.23116648666666662,0.3074797266666666,0.26544679613851,0.21720881427072403,84.84838709677418,98.17,0.23387096774193547,0.008064516129032258,0.2487096774193549,0.10596026490066225,0.052980132450331126,0.3010752688172043,0.29838709677419356,,,,,,,,,,,2026-07-07T13:22:33.296448+00:00
666310,Bo Naylor,CLE,1134.0,0.2900001257488025,0.2872796607675585,0.22895580045570918,0.33624362777123623,0.2859735586514016,0.5447070914696814,89.69999999999999,103.88000000000001,0.4444444444444444,0.10185185185185185,0.3474280734796297,0.2251655629139073,0.059602649006622516,0.2724252491694352,0.3611111111111111,,,,,,,,,,,2026-07-07T13:22:33.296448+00:00
687462,Spencer Horwitz,PIT,1132.0,0.35199415333333334,0.3315019020871173,0.27925242984534804,0.3816919767439252,0.3291524698066477,0.8985655737704918,87.45321100917431,102.24,0.4036697247706422,0.12844036697247707,0.3481559633027522,0.1437908496732026,0.1111111111111111,0.24620060790273557,0.3302752293577982,90.74615384615387,103.25,0.38461538461538464,0.15384615384615385,0.36603846153846153,0.08333333333333333,0.16666666666666666,0.20253164556962025,0.38461538461538464,36.0,2026-07-07T13:22:33.296448+00:00
666023,Freddy Fermin,SD,1121.0,0.26661920000000006,0.28472601238095235,0.23390434654917983,0.35191748454364535,0.2838803015267362,0.3193717277486911,82.9346153846154,99.86,0.2403846153846154,0.028846153846153848,0.26545544554455447,0.19205298013245034,0.10596026490066225,0.3292307692307692,0.3173076923076923,80.53571428571426,99.74000000000001,0.21428571428571427,0.0,0.18623076923076926,0.15,0.15,0.2702702702702703,0.21428571428571427,20.0,2026-07-07T13:22:33.296448+00:00
672356,Gabriel Arias,CLE,1116.0,0.29947073032258065,0.29225983490893437,0.24735551847072879,0.33852732457341694,0.29315648707079656,0.6164241164241164,90.92976190476189,107.47,0.5,0.10714285714285714,0.4694050422427035,0.3815789473684211,0.05921052631578947,0.3409090909090909,0.4,91.15384615384617,106.65,0.5384615384615384,0.07692307692307693,0.4881538461538461,0.42,0.06,0.35714285714285715,0.4230769230769231,50.0,2026-07-07T13:22:33.296448+00:00
670242,Matt Wallner,MIN,1109.0,0.2874142592592593,0.340903588685177,0.2716813841167192,0.42400677215400834,0.3415633630399955,0.06282722513089005,87.99999999999999,107.56,0.37662337662337664,0.11688311688311688,0.401920634920635,0.37333333333333335,0.08,0.30914826498422715,0.2727272727272727,,,,,,,,,,,2026-07-07T13:22:33.296448+00:00
808982,Jung Hoo Lee,SF,1106.0,0.32613478666666673,0.3223149749107081,0.2856309368964727,0.36517701978022027,0.3224258933541859,0.6020942408376964,85.49424460431655,99.44000000000001,0.2589928057553957,0.02877697841726619,0.3284604316546763,0.05263157894736842,0.02631578947368421,0.32421875,0.35251798561151076,84.86129032258064,99.9,0.20967741935483872,0.03225806451612903,0.2549677419354838,0.07142857142857142,0.04285714285714286,0.3203125,0.24193548387096775,70.0,2026-07-07T13:22:33.296448+00:00
453923,Grégor Blanco,SF,1106.0,0.24444513333333334,0.29583770666666664,0.24065846666666668,0.36558313333333337,0.2977976211517167,0.01107419712070875,83.80000000000003,97.74000000000001,0.2111111111111111,0.03333333333333333,0.3288777777777777,0.32679738562091504,0.058823529411764705,0.2376237623762376,0.3888888888888889,,,,,,,,,,,2026-07-07T13:22:33.296448+00:00
669374,Keston Hiura,COL,1105.0,0.26690825883088337,0.3213770032685071,0.22427982500514332,0.3931965533333333,0.3210378161726114,0.03719447396386823,87.08536585365853,107.07999999999998,0.34146341463414637,0.08536585365853659,0.3938595344467378,0.38,0.04,0.3466666666666667,0.36585365853658536,,,,,,,,,,,2026-07-07T13:22:33.296448+00:00
669304,Jose Miranda,MIN,1102.0,0.23786612932768983,0.3246316236009749,0.2267340459943565,0.40475775555679006,0.32001543758690454,0.032665964172813484,88.29732142857141,103.38000000000001,0.38392857142857145,0.026785714285714284,0.29380655713529896,0.23026315789473684,0.019736842105263157,0.40070921985815605,0.29464285714285715,,,,,,,,,,,2026-07-07T13:22:33.296448+00:00
642336,Francisco Mejía,TB,1101.0,0.2365979612902173,0.2709272360410831,0.21239599363636366,0.3233166466666667,0.26772891815978395,0.06680805938494168,86.62685185185181,100.14,0.3148148148148148,0.046296296296296294,0.29237545975264095,0.24503311258278146,0.033112582781456956,0.48398576512455516,0.37037037037037035,,,,,,,,,,,2026-07-07T13:22:33.296448+00:00
434636,Ángel Pagán,SF,1096.0,0.28706896,0.30863712,0.23558352666666668,0.35653861333333325,0.3014660152117862,0.37790055248618787,86.13448275862066,99.35,0.21551724137931033,0.02586206896551724,0.2729224137931034,0.09210526315789473,0.07236842105263158,0.21678321678321677,0.3448275862068966,,,,,,,,,,,2026-07-07T13:22:33.296448+00:00
543376,Caleb Joseph,TOR,1093.0,0.2548272466666667,0.27000396666666665,0.1933712866666667,0.3586324933333333,0.2775299969579285,0.27184466019417475,85.27000000000002,100.0,0.2818181818181818,0.01818181818181818,0.30297272727272734,0.2236842105263158,0.03289473684210526,0.30662020905923343,0.42727272727272725,,,,,,,,,,,2026-07-07T13:22:33.296448+00:00
665019,Kody Clemens,MIN,1089.0,0.3641520466666667,0.3144549216685904,0.22536549214302265,0.3840175904345071,0.31003408537730215,0.9709364908503767,93.58648648648644,104.9,0.5225225225225225,0.15315315315315314,0.4400090090090088,0.20394736842105263,0.05263157894736842,0.3219178082191781,0.38738738738738737,93.30370370370372,104.78,0.5555555555555556,0.14814814814814814,0.4403518518518518,0.22077922077922077,0.06493506493506493,0.34545454545454546,0.37037037037037035,77.0,2026-07-07T13:22:33.296448+00:00
458675,Colby Rasmus,BAL,1083.0,0.2992317266666667,0.3033929966666667,0.25882488,0.4332393866666667,0.31502055375824184,0.421978021978022,87.83295454545456,103.99000000000001,0.42045454545454547,0.11363636363636363,0.47048863636363636,0.37254901960784315,0.032679738562091505,0.3493150684931507,0.375,,,,,,,,,,,2026-07-07T13:22:33.296448+00:00
669477,Casey Schmitt,SF,1082.0,0.33845771333333324,0.3272265064322177,0.23487691953365125,0.38462899333333334,0.3210147394634113,0.661987041036717,89.44583333333338,104.11999999999999,0.4166666666666667,0.08333333333333333,0.41100833333333325,0.19736842105263158,0.0,0.3925925925925926,0.44166666666666665,91.6578947368421,104.7,0.5263157894736842,0.12280701754385964,0.46473684210526334,0.18309859154929578,0.0,0.4016393442622951,0.45614035087719296,71.0,2026-07-07T13:22:33.296448+00:00
669065,Kyle Stowers,MIA,1080.0,0.3603387866666667,0.3337846455062747,0.2538897564123977,0.428142120075035,0.3382809247559826,0.6764386536373507,92.309756097561,107.69,0.5975609756097561,0.15853658536585366,0.5081358024691358,0.33774834437086093,0.09271523178807947,0.297029702970297,0.4024390243902439,94.8675,108.63999999999999,0.675,0.225,0.607675,0.34210526315789475,0.10526315789473684,0.2847682119205298,0.475,76.0,2026-07-07T13:22:33.296448+00:00
501659,Abraham Almonte,NYM,1079.0,0.27434810192152076,0.31748344666666667,0.2582131266666667,0.3546709666666667,0.3125194726134073,0.035437430786267994,88.88020833333333,105.94999999999999,0.4375,0.09375,0.34820436758570955,0.28,0.06666666666666667,0.26813880126182965,0.3229166666666667,,,,,,,,,,,2026-07-07T13:22:33.296448+00:00
700250,Ben Rice,NYY,1075.0,0.32813284,0.38024496415458825,0.31096232,0.4648319405513784,0.37985340989961064,0.056768558951965066,90.6621052631579,104.02000000000001,0.3684210526315789,0.10526315789473684,0.385021052631579,0.24666666666666667,0.11333333333333333,0.2676056338028169,0.3684210526315789,91.17636363636366,104.47999999999999,0.4,0.12727272727272726,0.36854545454545456,0.24705882352941178,0.09411764705882353,0.2896551724137931,0.32727272727272727,85.0,2026-07-07T13:22:33.296448+00:00
400085,Ichiro Suzuki,SEA,1075.0,0.30224292,0.27089620000000003,0.19874998,0.35168358000000005,0.2723618698770951,0.823463687150838,80.8607142857143,94.57,0.09821428571428571,0.008928571428571428,0.29025,0.12,0.1,0.259927797833935,0.35714285714285715,,,,,,,,,,,2026-07-07T13:22:33.296448+00:00
669911,Michael Toglia,COL,1068.0,0.26680913370382664,0.3022219604692513,0.22391546456950456,0.3973692381167574,0.31311306696620095,0.17252747252747253,91.1,105.12,0.49333333333333335,0.10666666666666667,0.4059321207409866,0.3933333333333333,0.08666666666666667,0.33766233766233766,0.4533333333333333,,,,,,,,,,,2026-07-07T13:22:33.296448+00:00
573135,Tyler Saladino,MIL,1067.0,0.25984697333333334,0.27698856000000005,0.20531043333333332,0.32609393333333336,0.2734376105251395,0.27262569832402234,90.14117647058822,104.02000000000001,0.4588235294117647,0.058823529411764705,0.35234117647058827,0.3464052287581699,0.0718954248366013,0.20430107526881722,0.35294117647058826,,,,,,,,,,,2026-07-07T13:22:33.296448+00:00
666915,Bobby Dalbec,CWS,1065.0,0.2225507466731667,0.30988373133035385,0.21481680667316672,0.43503020631699124,0.31821153797940954,0.017543859649122806,86.11492537313434,104.46000000000001,0.40298507462686567,0.07462686567164178,0.34784583334810604,0.4533333333333333,0.08666666666666667,0.31384615384615383,0.31343283582089554,,,,,,,,,,,2026-07-07T13:22:33.296448+00:00
425902,Prince Fielder,TEX,1063.0,0.3583068133333333,0.34039793333333335,0.27139054666666673,0.4165350933333333,0.3361517640586245,0.770011273957159,89.47500000000001,107.47,0.34615384615384615,0.07692307692307693,0.37981730769230776,0.16447368421052633,0.09210526315789473,0.24299065420560748,0.375,,,,,,,,,,,2026-07-07T13:22:33.296448+00:00
686797,Brooks Lee,MIN,1062.0,0.28111443999999997,0.27926949877745366,0.22976315680626533,0.34450453577650725,0.2811144021752995,0.5325248070562293,88.6876033057851,102.0,0.3305785123966942,0.03305785123966942,0.28567768595041315,0.13071895424836602,0.0718954248366013,0.3106060606060606,0.32231404958677684,89.11355932203388,102.26,0.3220338983050847,0.01694915254237288,0.30033898305084744,0.14473684210526316,0.06578947368421052,0.28776978417266186,0.3728813559322034,76.0,2026-07-07T13:22:33.296448+00:00
446481,Sean Rodríguez,MIA,1061.0,0.28709502,0.28485933333333324,0.21030525999999997,0.39912406666666667,0.2949850538844236,0.513203214695752,87.16125000000002,104.91000000000001,0.3875,0.05,0.34479487179487184,0.3092105263157895,0.125,0.2457627118644068,0.3,,,,,,,,,,,2026-07-07T13:22:33.296448+00:00
656669,Jordan Luplow,MIN,1061.0,0.2700211810122792,0.30938342833784555,0.2581201674216667,0.37566817333333336,0.3143246620235129,0.03858875413450937,84.4811111111111,102.33,0.28888888888888886,0.03333333333333333,0.29542541279824297,0.24666666666666667,0.13333333333333333,0.24316109422492402,0.2222222222222222,,,,,,,,,,,2026-07-07T13:22:33.296448+00:00
572204,Trayce Thompson,CWS,1061.0,0.24028593948165314,0.33675405999999997,0.20178405333333332,0.41679979511308496,0.32334067706268355,0.06976744186046512,88.02343749999999,103.47000000000001,0.421875,0.0625,0.33435665503512446,0.4407894736842105,0.13157894736842105,0.2054794520547945,0.359375,,,,,,,,,,,2026-07-07T13:22:33.296448+00:00
594838,Phil Gosselin,LAA,1059.0,0.2567591750191719,0.2896912553968255,0.24012684000000006,0.33735683333333344,0.288040784020961,0.06368715083798883,87.34339622641508,100.9,0.3867924528301887,0.018867924528301886,0.30601209962800086,0.23333333333333334,0.04666666666666667,0.3442622950819672,0.32075471698113206,,,,,,,,,,,2026-07-07T13:22:33.296448+00:00
608596,Tom Murphy,SF,1055.0,0.3450552830112967,0.3029280817252029,0.20288630000000002,0.37610775629817234,0.29719501068292925,0.8851727982162765,90.00638297872341,106.47,0.46808510638297873,0.1595744680851064,0.45434616437972863,0.2847682119205298,0.07947019867549669,0.2765957446808511,0.3829787234042553,,,,,,,,,,,2026-07-07T13:22:33.296448+00:00
519237,Cameron Rupp,PHI,1051.0,0.31866614666666665,0.3056375666666667,0.24510334666666667,0.3865282333333333,0.3067793972322778,0.669683257918552,88.32499999999999,105.45,0.47619047619047616,0.13095238095238096,0.4617976190476192,0.35526315789473684,0.09210526315789473,0.27044025157232704,0.34523809523809523,,,,,,,,,,,2026-07-07T13:22:33.296448+00:00
680911,Owen Miller,COL,1033.0,0.25079971369837367,0.29684554832998844,0.2372256246074646,0.3412210003574882,0.29357813574894265,0.06506849315068493,86.59326923076924,102.57,0.2692307692307692,0.019230769230769232,0.3013390005265006,0.24342105263157895,0.05921052631578947,0.30434782608695654,0.3173076923076923,,,,,,,,,,,2026-07-07T13:22:33.296448+00:00
641645,Luis Guillorme,HOU,1032.0,0.28051466218573257,0.2968579355190659,0.23102423033138408,0.34278221999999997,0.29506769114116077,0.25431530494821636,84.64848484848484,98.52000000000001,0.24242424242424243,0.030303030303030304,0.28075727885571294,0.20666666666666667,0.12666666666666668,0.2268370607028754,0.30303030303030304,,,,,,,,,,,2026-07-07T13:22:33.296448+00:00
628356,Jung Ho Kang,PIT,1031.0,0.31650187333333324,0.3551904933333333,0.2622944333333334,0.43774998000000004,0.3531961828870789,0.2724097788125728,93.00967741935482,109.03999999999999,0.4946236559139785,0.13978494623655913,0.4507956989247311,0.33112582781456956,0.046357615894039736,0.31399317406143346,0.3655913978494624,,,,,,,,,,,2026-07-07T13:22:33.296448+00:00
542979,Keon Broxton,BAL,1030.0,0.21763094000000005,0.3112320999999999,0.21068436666666662,0.38347941333333335,0.30546938112524047,0.005780346820809248,84.61000000000003,102.75999999999999,0.25,0.06666666666666667,0.3458813559322034,0.48,0.09333333333333334,0.23841059602649006,0.23333333333333334,,,,,,,,,,,2026-07-07T13:22:33.296448+00:00
476883,Pedro Álvarez,BAL,1028.0,0.3353031600000001,0.3484120133333333,0.29824878666666665,0.39379336000000004,0.3508548629432214,0.15758980301274622,90.44565217391302,109.44,0.45652173913043476,0.14130434782608695,0.4255543478260869,0.27631578947368424,0.11842105263157894,0.2703488372093023,0.2826086956521739,,,,,,,,,,,2026-07-07T13:22:33.296448+00:00
624503,Nick Gordon,MIA,1028.0,0.24938661994573613,0.31733941453596515,0.24456661994573617,0.38750832206712504,0.31671758314169474,0.008036739380022962,84.82330097087376,99.66,0.2621359223300971,0.06796116504854369,0.31742733001806234,0.27450980392156865,0.0392156862745098,0.3986013986013986,0.39805825242718446,,,,,,,,,,,2026-07-07T13:22:33.296448+00:00
676059,Jordan Westburg,BAL,1027.0,0.3308431733348245,0.3348209327903032,0.29810738109057106,0.39444055556641927,0.33880890628486987,0.3922462941847206,89.88018018018018,105.6,0.42342342342342343,0.0990990990990991,0.3846227927948079,0.20394736842105263,0.046052631578947366,0.2974910394265233,0.3333333333333333,,,,,,,,,,,2026-07-07T13:22:33.296448+00:00
571602,Matt Davidson,ATH,1026.0,0.29360085749723147,0.30586782,0.23444003333333321,0.42805340000000003,0.31144683434819,0.3002283105022831,89.88000000000001,104.33,0.4444444444444444,0.1111111111111111,0.3963301402731635,0.32450331125827814,0.06622516556291391,0.310126582278481,0.3111111111111111,,,,,,,,,,,2026-07-07T13:22:33.296448+00:00
425509,Jhonny Peralta,STL,1013.0,0.3352826199999999,0.32656365666666665,0.27029781333333336,0.37214726000000004,0.32494380733812966,0.7014388489208633,87.60454545454546,103.13999999999999,0.35454545454545455,0.02727272727272727,0.36918181818181833,0.17763157894736842,0.08552631578947369,0.2671009771986971,0.39090909090909093,,,,,,,,,,,2026-07-07T13:22:33.296448+00:00
681546,James Outman,MIN,1007.0,0.207750570990991,0.29189288093439963,0.206270570990991,0.38612959108027467,0.29580747181092654,0.0011750881316098707,86.35352112676061,102.6,0.323943661971831,0.07042253521126761,0.31010772744575554,0.4276315789473684,0.07236842105263158,0.2852760736196319,0.29577464788732394,85.64999999999998,102.27,0.25,0.08333333333333333,0.29300000000000004,0.4230769230769231,0.07692307692307693,0.24770642201834864,0.2916666666666667,52.0,2026-07-07T13:22:33.296448+00:00
543105,Alex Dickerson,ATL,1004.0,0.3149829068023701,0.3383347733333333,0.28055704666666664,0.41821709999999995,0.34321953109397113,0.1362559241706161,88.25392156862746,104.07,0.3627450980392157,0.09803921568627451,0.3860647452976032,0.24675324675324675,0.07792207792207792,0.27522935779816515,0.38235294117647056,,,,,,,,,,,2026-07-07T13:22:33.296448+00:00
621466,DJ Stewart,NYM,1002.0,0.31380360317016315,0.32642949120772946,0.2700148066666668,0.3700517066666666,0.32698819403644086,0.2757396449704142,89.31910112359554,104.8,0.38202247191011235,0.0449438202247191,0.3423513986013986,0.24666666666666667,0.14,0.1453900709219858,0.34831460674157305,,,,,,,,,,,2026-07-07T13:22:33.296448+00:00
669256,Nick Solak,SD,997.0,0.3227548307946459,0.3104285056438842,0.23560042921129296,0.37678098648617225,0.3093024068678732,0.6178571428571429,85.10380952380953,104.66,0.3238095238095238,0.05714285714285714,0.33085162133843177,0.16993464052287582,0.0915032679738562,0.24731182795698925,0.26666666666666666,92.60000000000001,98.2,0.6666666666666666,0.3333333333333333,0.4066666666666667,0.0,0.2,0.14285714285714285,0.6666666666666666,5.0,2026-07-07T13:22:33.296448+00:00
624414,Christian Arroyo,BOS,994.0,0.3014820488881857,0.29997181334510553,0.25215846,0.3689944532663209,0.30470033890531534,0.536144578313253,86.95727272727272,102.31,0.36363636363636365,0.06363636363636363,0.3663560212111625,0.21333333333333335,0.03333333333333333,0.4132841328413284,0.4144144144144144,,,,,,,,,,,2026-07-07T13:22:33.296448+00:00
663611,Nick Madrigal,LAA,993.0,0.28067701333333334,0.2876335166666666,0.2569838628571428,0.3282795161904762,0.2913038443233706,0.2669082125603865,85.45123966942151,98.6,0.19834710743801653,0.0,0.2552166666666666,0.08609271523178808,0.0728476821192053,0.3333333333333333,0.2809917355371901,89.14285714285714,92.38,0.0,0.0,0.15771428571428572,0.1111111111111111,0.1111111111111111,0.3125,0.2857142857142857,9.0,2026-07-07T13:22:33.296448+00:00
642180,Tyler Wade,SD,988.0,0.24583136107451328,0.26633018752021564,0.21009456666666673,0.3167030466666667,0.26494326028280185,0.1958128078817734,78.93663366336636,96.3,0.1485148514851485,0.009900990099009901,0.2433262612679914,0.2236842105263158,0.10526315789473684,0.26440677966101694,0.3069306930693069,,,,,,,,,,,2026-07-07T13:22:33.296448+00:00
455759,Chris Young,LAA,988.0,0.25162782666666667,0.30383679999999996,0.24205010666666665,0.3405305866666667,0.2972268445792877,0.07281553398058252,83.12473118279567,103.1,0.27956989247311825,0.06451612903225806,0.3013548387096775,0.2875816993464052,0.0784313725490196,0.2532051282051282,0.3225806451612903,,,,,,,,,,,2026-07-07T13:22:33.296448+00:00
543434,Brett Lawrie,CWS,987.0,0.2837511466666666,0.3068003866666667,0.26287754666666674,0.35021916,0.3033193288888889,0.20512820512820512,89.6628571428571,105.12,0.3619047619047619,0.0380952380952381,0.3658952380952382,0.26490066225165565,0.039735099337748346,0.350210970464135,0.3333333333333333,,,,,,,,,,,2026-07-07T13:22:33.296448+00:00
572073,Joey Rickard,SF,986.0,0.2692533266666666,0.26912791333333336,0.2367474466666667,0.29908911999999993,0.2665244022658488,0.501840490797546,84.84516129032255,97.28,0.1827956989247312,0.021505376344086023,0.3059892473118281,0.26666666666666666,0.09333333333333334,0.27245508982035926,0.3225806451612903,,,,,,,,,,,2026-07-07T13:22:33.296448+00:00
702616,Jackson Holliday,BAL,985.0,0.3120711133333333,0.31047602634653126,0.23378472142122989,0.36192677677005164,0.30611287185461555,0.5222623345367028,86.88297872340426,102.52000000000001,0.3829787234042553,0.09574468085106383,0.34915957446808515,0.24836601307189543,0.13071895424836602,0.22955974842767296,0.40425531914893614,84.67307692307692,100.0,0.2692307692307692,0.07692307692307693,0.30323076923076925,0.2222222222222222,0.17777777777777778,0.2708333333333333,0.4230769230769231,45.0,2026-07-07T13:22:33.296448+00:00
621512,Tomás Nido,DET,984.0,0.273220607125355,0.2664362406366986,0.22341473083461344,0.3205880330535542,0.26894862866867636,0.5818858560794045,85.8392523364486,102.54,0.40186915887850466,0.08411214953271028,0.3607211462990606,0.2582781456953642,0.026490066225165563,0.40823970037453183,0.3644859813084112,,,,,,,,,,,2026-07-07T13:22:33.296448+00:00
672761,Wenceel Pérez,DET,983.0,0.26315636000000003,0.3008277980005203,0.25327727630417257,0.33397634206936194,0.2969682058903426,0.06513872135102533,86.23482142857142,100.99000000000001,0.29464285714285715,0.07142857142857142,0.2770446428571428,0.17880794701986755,0.07947019867549669,0.3079710144927536,0.25,77.63333333333334,82.89999999999999,0.0,0.0,0.105,0.0,0.25,0.36363636363636365,0.0,4.0,2026-07-07T13:22:33.296448+00:00
591720,Ronald Torreyes,PHI,983.0,0.23508803456582636,0.25209190000000004,0.2023459407407407,0.3050161222164343,0.2550301051002357,0.13423645320197045,80.94032258064516,95.45,0.12096774193548387,0.0,0.2528537763466042,0.13333333333333333,0.04,0.3247863247863248,0.29838709677419356,,,,,,,,,,,2026-07-07T13:22:33.296448+00:00
425772,Jeff Mathis,ATL,977.0,0.2125529333333333,0.2322933666666667,0.18832748000000005,0.30758926,0.23349202749691697,0.34525277435265106,85.44874999999999,100.52,0.325,0.0375,0.3289750000000001,0.4,0.06,0.29927007299270075,0.375,,,,,,,,,,,2026-07-07T13:22:33.296448+00:00
668800,Andrew Knizner,SF,976.0,0.26222011184771515,0.27654323529741864,0.22637502567876566,0.3428586502359131,0.27696632707753754,0.18414634146341463,85.18879310344829,103.25,0.27586206896551724,0.017241379310344827,0.2751185806709328,0.15894039735099338,0.052980132450331126,0.4142857142857143,0.2672413793103448,,,,,,,,,,,2026-07-07T13:22:33.296448+00:00
605548,Bradley Zimmer,TOR,976.0,0.26246631664725795,0.29435194,0.24647258000000002,0.34573697999999997,0.296889010802959,0.035758323057953144,85.29036144578312,104.78,0.43373493975903615,0.13253012048192772,0.3678181158181549,0.3618421052631579,0.03289473684210526,0.30742049469964666,0.21686746987951808,,,,,,,,,,,2026-07-07T13:22:33.296448+00:00
640458,Óscar Mercado,STL,975.0,0.2732195411887219,0.29055662,0.2020923442165242,0.35371640666666676,0.28329845969333683,0.3444857496902107,86.14695652173914,101.6,0.30434782608695654,0.05217391304347826,0.32274865372441974,0.2129032258064516,0.03870967741935484,0.323943661971831,0.33043478260869563,,,,,,,,,,,2026-07-07T13:22:33.296448+00:00
700932,Kyle Manzardo,CLE,975.0,0.3074031,0.3191898966761098,0.2519997838095238,0.3974485612129394,0.31904438790432327,0.33008526187576126,88.64499999999995,101.72,0.425,0.1,0.38823750000000007,0.32666666666666666,0.12,0.32679738562091504,0.345679012345679,88.3609756097561,100.8,0.36585365853658536,0.0975609756097561,0.3466829268292682,0.2916666666666667,0.125,0.2803030303030303,0.3170731707317073,72.0,2026-07-07T13:22:33.296448+00:00
621433,Brett Phillips,LAA,972.0,0.2176617261441871,0.27052012253968255,0.18644610730158728,0.30872278461666486,0.26096150771562826,0.09888751545117429,84.39701492537311,99.53999999999999,0.26865671641791045,0.04477611940298507,0.33090992187120105,0.45394736842105265,0.09210526315789473,0.19269102990033224,0.3283582089552239,,,,,,,,,,,2026-07-07T13:22:33.296448+00:00
658668,Edward Olivares,PIT,968.0,0.30126960116402124,0.3378367690423503,0.2739972084920635,0.386014037361802,0.3338735922957056,0.1325153374233129,86.1212962962963,103.38,0.3425925925925926,0.027777777777777776,0.3221421590241036,0.18543046357615894,0.08609271523178808,0.3250883392226148,0.28703703703703703,,,,,,,,,,,2026-07-07T13:22:33.296448+00:00
543484,Mikie Mahtook,DET,967.0,0.3116765,0.3022806733333333,0.21607401333333337,0.37809194,0.3004392038283825,0.5853960396039604,88.04044943820224,104.66,0.33707865168539325,0.11235955056179775,0.3751123595505617,0.28,0.09333333333333334,0.20738636363636365,0.2247191011235955,,,,,,,,,,,2026-07-07T13:22:33.296448+00:00
641856,Billy McKinney,TEX,966.0,0.3043191716562014,0.28952738795806454,0.23400602060947817,0.34817299999999995,0.28884593740269277,0.6274752475247525,87.59518072289156,101.88,0.3373493975903614,0.060240963855421686,0.3818478885353038,0.31333333333333335,0.12,0.2262295081967213,0.39759036144578314,,,,,,,,,,,2026-07-07T13:22:33.296448+00:00
642136,Matt Thaiss,CWS,964.0,0.2894117256944663,0.30643419295247043,0.2643486922875817,0.36176892030113433,0.3077616177564839,0.24257425742574257,87.89318181818179,103.56,0.42045454545454547,0.056818181818181816,0.3150339293582752,0.25333333333333335,0.13333333333333333,0.2099644128113879,0.32954545454545453,,,,,,,,,,,2026-07-07T13:22:33.296448+00:00
665828,Oswaldo Cabrera,NYY,962.0,0.27300331619047613,0.2806958719782614,0.24305068038228705,0.3287372310526993,0.2816554497910886,0.2983770287141074,85.62058823529412,101.77000000000001,0.3431372549019608,0.0,0.31155880230880234,0.23684210526315788,0.07894736842105263,0.29545454545454547,0.29411764705882354,74.87142857142858,98.34,0.42857142857142855,0.0,0.266,0.36363636363636365,0.0,0.2857142857142857,0.14285714285714285,11.0,2026-07-07T13:22:33.296448+00:00
517369,José Pirela,PHI,961.0,0.2616831666666667,0.30604610333333326,0.25885139999999995,0.3774234466666666,0.30673359711055287,0.007537688442211055,85.83425925925927,103.42,0.26851851851851855,0.046296296296296294,0.2993055555555555,0.21052631578947367,0.06578947368421052,0.40217391304347827,0.26851851851851855,,,,,,,,,,,2026-07-07T13:22:33.296448+00:00
425784,René Rivera,CLE,957.0,0.28215408476190484,0.2883502733333334,0.23368878666666665,0.33641252000000005,0.2857545421343531,0.4260204081632653,87.46705882352941,105.25999999999999,0.4117647058823529,0.09411764705882353,0.4216760452961672,0.3684210526315789,0.05921052631578947,0.32608695652173914,0.3411764705882353,,,,,,,,,,,2026-07-07T13:22:33.296448+00:00
572033,Josh Phegley,CHC,955.0,0.2495702333333333,0.28421399333333336,0.2268488333333333,0.34007298666666663,0.28225872338383834,0.1414141414141414,83.30000000000001,99.01,0.19090909090909092,0.01818181818181818,0.2794818181818182,0.20915032679738563,0.05228758169934641,0.33774834437086093,0.38181818181818183,,,,,,,,,,,2026-07-07T13:22:33.296448+00:00
671213,Triston Casas,BOS,954.0,0.3269101203801607,0.34704818177535796,0.2913139278156931,0.43641534860268677,0.35296613431436885,0.3069182389937107,89.128125,105.25,0.46875,0.125,0.38785084434400113,0.23376623376623376,0.12337662337662338,0.21140939597315436,0.3958333333333333,,,,,,,,,,,2026-07-07T13:22:33.296448+00:00
547004,Rio Ruiz,BAL,953.0,0.24890943099952953,0.2828055666666666,0.243380309518048,0.32116375333333336,0.28352620519053073,0.012547051442910916,87.045,101.2,0.28,0.05,0.2882614005043376,0.26143790849673204,0.0784313725490196,0.2983606557377049,0.27,,,,,,,,,,,2026-07-07T13:22:33.296448+00:00
518586,Charlie Culberson,ATL,952.0,0.26187078202020203,0.2737291699999999,0.23414624703703693,0.31026353333333323,0.2717374700303369,0.28205128205128205,83.38691588785048,99.46000000000001,0.29906542056074764,0.018691588785046728,0.332215342747867,0.25165562913907286,0.039735099337748346,0.42700729927007297,0.3177570093457944,,,,,,,,,,,2026-07-07T13:22:33.296448+00:00
444379,John Jaso,PIT,952.0,0.3528822933333333,0.34266008666666664,0.27557380666666653,0.39914764666666663,0.34009296745198436,0.6632522407170295,86.08390804597698,101.82,0.27586206896551724,0.10344827586206896,0.3900000000000002,0.23333333333333334,0.15333333333333332,0.18944099378881987,0.4367816091954023,,,,,,,,,,,2026-07-07T13:22:33.296448+00:00
621002,Daniel Robertson,MIL,946.0,0.28877630784670527,0.2901164399999999,0.25064469999999994,0.37278909999999993,0.2968470204461564,0.4703656998738966,83.5559523809524,101.3,0.21428571428571427,0.03571428571428571,0.337207580445853,0.29333333333333333,0.12,0.23197492163009403,0.44047619047619047,,,,,,,,,,,2026-07-07T13:22:33.296448+00:00
461865,Andrew Romine,CHC,945.0,0.23684805333333325,0.28571489,0.20696792,0.32073435999999994,0.27779673036941593,0.07603092783505154,79.19130434782609,96.67000000000002,0.16304347826086957,0.0,0.3209864130434782,0.32,0.04666666666666667,0.3783783783783784,0.33695652173913043,,,,,,,,,,,2026-07-07T13:22:33.296448+00:00
611177,Adonis García,ATL,944.0,0.28685472000000006,0.3247628233333333,0.25334650666666664,0.4063986333333333,0.32297229660652965,0.15850515463917525,86.5758333333333,102.01,0.325,0.041666666666666664,0.3082666666666667,0.12,0.03333333333333333,0.3531468531468531,0.275,,,,,,,,,,,2026-07-07T13:22:33.296448+00:00
676914,Davis Schneider,TOR,942.0,0.29384491333333335,0.3088793377777778,0.21617412560004004,0.3618838333231216,0.30378995067665404,0.3181242078580482,88.70769230769233,105.27999999999999,0.44871794871794873,0.08974358974358974,0.313961038961039,0.2980132450331126,0.17880794701986755,0.1907514450867052,0.2564102564102564,92.56250000000001,104.30000000000001,0.5625,0.125,0.255625,0.30434782608695654,0.0,0.2857142857142857,0.125,23.0,2026-07-07T13:22:33.296448+00:00
656541,Sam Hilliard,COL,937.0,0.29743395744033746,0.3018407119888879,0.26464410814814815,0.34228709333333335,0.3011650944093342,0.3956185567010309,92.58108108108108,107.38000000000001,0.5675675675675675,0.17567567567567569,0.4407544604938441,0.38666666666666666,0.11333333333333333,0.26461538461538464,0.3108108108108108,,,,,,,,,,,2026-07-07T13:22:33.296448+00:00
640449,Clint Frazier,CWS,930.0,0.29262070054155,0.31843149345134547,0.28572736720821673,0.37770043333333325,0.3220713559031244,0.019280205655526992,83.81499999999998,103.52000000000001,0.325,0.025,0.3228587885154061,0.2980132450331126,0.15894039735099338,0.18618618618618618,0.325,,,,,,,,,,,2026-07-07T13:22:33.296448+00:00
602074,Yonathan Daza,COL,925.0,0.2597622725603865,0.2969887536363637,0.2510355725603865,0.3633247193650794,0.2999476715620746,0.05781865965834428,81.03879310344827,97.25,0.16379310344827586,0.008620689655172414,0.2762009375794559,0.16556291390728478,0.052980132450331126,0.45454545454545453,0.33620689655172414,,,,,,,,,,,2026-07-07T13:22:33.296448+00:00
491676,Gorkys Hernández,BOS,922.0,0.2689863,0.29951846666666676,0.23293176666666668,0.3434745333333332,0.29747106379172233,0.09746328437917223,82.5950980392157,103.27,0.28431372549019607,0.06862745098039216,0.31894059405940595,0.23841059602649006,0.059602649006622516,0.2939297124600639,0.29411764705882354,,,,,,,,,,,2026-07-07T13:22:33.296448+00:00
449181,Paulo Orlando,KC,916.0,0.27416139333333334,0.3133796733333334,0.26369252,0.35185571333333326,0.31011922033198747,0.04441453566621804,88.2734513274336,104.30000000000001,0.34513274336283184,0.035398230088495575,0.3422589285714284,0.23026315789473684,0.019736842105263157,0.37254901960784315,0.3125,,,,,,,,,,,2026-07-07T13:22:33.296448+00:00
608384,Nick Williams,CWS,916.0,0.25393578666666666,0.3354671566666666,0.25393578666666666,0.39860746666666663,0.33341755204188467,0.0,86.21379310344828,106.67999999999999,0.28735632183908044,0.04597701149425287,0.3644137931034483,0.36363636363636365,0.03896103896103896,0.33126934984520123,0.3793103448275862,,,,,,,,,,,2026-07-07T13:22:33.296448+00:00
471083,Miguel Montero,WSH,913.0,0.2739818599999999,0.2910799466666668,0.25127424,0.3774883333333333,0.2988956654822792,0.23149394347240915,83.38210526315791,100.86000000000001,0.2,0.042105263157894736,0.26189473684210524,0.21333333333333335,0.13333333333333333,0.27241379310344827,0.3368421052631579,,,,,,,,,,,2026-07-07T13:22:33.296448+00:00
488721,Peter Bourjos,LAA,910.0,0.2258396666666667,0.2587504733333334,0.211873,0.2991612866666667,0.2584280314840499,0.05131761442441054,87.05263157894737,105.26,0.3157894736842105,0.021052631578947368,0.29793684210526317,0.29605263157894735,0.046052631578947366,0.27177700348432055,0.25263157894736843,,,,,,,,,,,2026-07-07T13:22:33.296448+00:00
693307,Dillon Dingler,DET,905.0,0.3767689000000001,0.37139590913047466,0.274542520873798,0.4320577571539571,0.3638161513833664,0.6034712950600801,90.24553571428571,104.68,0.4642857142857143,0.09821428571428571,0.44356249999999997,0.20261437908496732,0.0457516339869281,0.35034013605442177,0.4375,87.85322580645165,103.47999999999999,0.3709677419354839,0.08064516129032258,0.4082096774193547,0.2073170731707317,0.012195121951219513,0.379746835443038,0.41935483870967744,82.0,2026-07-07T13:22:33.296448+00:00
407893,Mark Teixeira,NYY,903.0,0.35624357999999995,0.3480511533333333,0.24525461999999995,0.4242828933333334,0.336966851423374,0.5238744884038199,90.08700000000005,103.91000000000001,0.46,0.11,0.39593999999999996,0.20915032679738563,0.13071895424836602,0.2811594202898551,0.35,,,,,,,,,,,2026-07-07T13:22:33.296448+00:00
543308,John Hicks,TEX,903.0,0.29352704889426623,0.27748259999999997,0.19151453333333335,0.3644853133333333,0.27648139366593183,0.6403743315508021,86.93564356435644,106.5,0.297029702970297,0.12871287128712872,0.41026611221920734,0.3225806451612903,0.025806451612903226,0.49642857142857144,0.3465346534653465,,,,,,,,,,,2026-07-07T13:22:33.296448+00:00
456422,Michael Bourn,AZ,897.0,0.2898756266666666,0.27569868000000003,0.2184126400000001,0.3257293333333333,0.2713837349170221,0.7738264580369844,82.89619047619048,98.94,0.19047619047619047,0.047619047619047616,0.32362500000000005,0.18543046357615894,0.0728476821192053,0.2553191489361702,0.3619047619047619,,,,,,,,,,,2026-07-07T13:22:33.296448+00:00
682657,Angel Martínez,CLE,896.0,0.2889252466666667,0.2633692700529964,0.22935770952602952,0.3357910133333333,0.26702122324924327,0.824966078697422,86.35555555555554,104.96000000000001,0.35185185185185186,0.06481481481481481,0.35662857142857163,0.23333333333333334,0.02666666666666667,0.45018450184501846,0.35185185185185186,,,,,,,,,,,2026-07-07T13:22:33.296448+00:00
570481,Erik González,MIA,894.0,0.28164177396825396,0.27302897728500086,0.21256589999999997,0.33929566666666666,0.2789327610650295,0.5934065934065934,85.89189189189189,103.2,0.26126126126126126,0.009009009009009009,0.31860349635349633,0.19736842105263158,0.06578947368421052,0.352112676056338,0.3153153153153153,,,,,,,,,,,2026-07-07T13:22:33.296448+00:00
701762,Nick Kurtz,ATH,894.0,0.39375324666666667,0.39237079999999996,0.3260161906548279,0.4561985000649957,0.38952738256022357,0.5199449793672627,94.35066666666665,109.74000000000001,0.6,0.22666666666666666,0.5881200000000001,0.3355263157894737,0.15789473684210525,0.24615384615384617,0.44,95.62702702702701,109.66,0.6756756756756757,0.21621621621621623,0.5827567567567568,0.42168674698795183,0.12048192771084337,0.2756756756756757,0.4864864864864865,83.0,2026-07-07T13:22:33.296448+00:00
542993,Billy Burns,KC,894.0,0.2164130066666667,0.25610068,0.21232634,0.28310774,0.25439003147308803,0.0084985835694051,80.65999999999995,94.84,0.104,0.0,0.2306693548387096,0.12987012987012986,0.01948051948051948,0.296875,0.24,,,,,,,,,,,2026-07-07T13:22:33.296448+00:00
458085,Chris Coghlan,TOR,892.0,0.2990680866666666,0.3089869166666667,0.2468042733333332,0.3571372733333334,0.30548808457865195,0.3960674157303371,85.27934782608696,99.58999999999999,0.30434782608695654,0.021739130434782608,0.3047391304347826,0.19078947368421054,0.125,0.2529411764705882,0.32608695652173914,,,,,,,,,,,2026-07-07T13:22:33.296448+00:00
686823,Will Brennan,SF,891.0,0.26118586000000005,0.3059949653113983,0.2571791933333334,0.34322396133984806,0.30532702509962867,0.01637107776261937,82.6672131147541,100.69,0.26229508196721313,0.0,0.2925959016393442,0.15789473684210525,0.02631578947368421,0.392,0.29508196721311475,,,,,,,,,,,2026-07-07T13:22:33.296448+00:00
682177,Daniel Schneemann,CLE,891.0,0.2646665266666667,0.29702541233890334,0.22673572388557672,0.34063585478094227,0.2912876332831619,0.23035230352303523,86.69583333333333,102.85,0.3645833333333333,0.0625,0.3183020833333333,0.2781456953642384,0.08609271523178808,0.336734693877551,0.3020833333333333,88.41935483870967,103.5,0.3870967741935484,0.12903225806451613,0.34387096774193543,0.3137254901960784,0.0784313725490196,0.3584905660377358,0.22580645161290322,51.0,2026-07-07T13:22:33.296448+00:00
666135,Alex Kirilloff,MIN,886.0,0.30635118315393667,0.3238397655887583,0.2751190060800476,0.39505969991107814,0.3245574078446744,0.16963064295485636,90.8382978723404,104.11,0.40425531914893614,0.10638297872340426,0.3919983348201115,0.29411764705882354,0.0915032679738562,0.2961783439490446,0.24468085106382978,,,,,,,,,,,2026-07-07T13:22:33.296448+00:00
543213,Johnny Giavotella,BAL,882.0,0.2703172066666667,0.29436792,0.2687962000000001,0.3414044799999999,0.296748005251076,0.005738880918220947,83.7666666666667,97.46000000000001,0.17094017094017094,0.0,0.26516239316239315,0.12,0.04,0.2663755458515284,0.2905982905982906,,,,,,,,,,,2026-07-07T13:22:33.296448+00:00
571830,Tommy Joseph,PHI,882.0,0.25857984,0.32623184,0.2453864666666667,0.3703478933333333,0.32099374228965516,0.03586206896551724,88.79619047619046,105.66,0.4095238095238095,0.06666666666666667,0.3368190476190478,0.2565789473684211,0.03289473684210526,0.3707482993197279,0.2857142857142857,,,,,,,,,,,2026-07-07T13:22:33.296448+00:00
595284,Andrew Knapp,SF,880.0,0.2299424698268398,0.2987649766666666,0.2239302587157287,0.36463805999999993,0.29341347882595437,0.02661064425770308,83.07441860465116,101.85,0.313953488372093,0.023255813953488372,0.2887763349885409,0.34,0.06666666666666667,0.3693379790940767,0.26744186046511625,,,,,,,,,,,2026-07-07T13:22:33.296448+00:00
456714,Billy Butler,ATH,876.0,0.38672786666666664,0.35559826000000005,0.25702774000000006,0.42008516666666657,0.3497072784374999,0.7357954545454546,89.69469026548674,104.94,0.40707964601769914,0.05309734513274336,0.40822123893805295,0.14,0.1,0.32407407407407407,0.4336283185840708,,,,,,,,,,,2026-07-07T13:22:33.296448+00:00
663368,Blake Perkins,MIL,875.0,0.2859554406879945,0.2753654209734321,0.24712751703703703,0.3247041477131934,0.27950287695875875,0.6722222222222223,83.06237623762377,101.4,0.31683168316831684,0.039603960396039604,0.31644700103199175,0.22727272727272727,0.09740259740259741,0.24437299035369775,0.3069306930693069,85.96666666666668,100.77000000000001,0.25,0.0,0.24666666666666667,0.13333333333333333,0.06666666666666667,0.21875,0.3333333333333333,15.0,2026-07-07T13:22:33.296448+00:00
805367,Chase Meidroth,CWS,874.0,0.27370780666666666,0.29463256991480136,0.2586676933333334,0.33201928646464635,0.2945339204166714,0.06638418079096045,86.6680412371134,101.2,0.29896907216494845,0.041237113402061855,0.30840625000000005,0.24836601307189543,0.0784313725490196,0.2912621359223301,0.37755102040816324,86.9413043478261,100.95,0.2826086956521739,0.021739130434782608,0.31097826086956526,0.3076923076923077,0.08974358974358974,0.2774566473988439,0.41304347826086957,78.0,2026-07-07T13:22:33.296448+00:00
686527,Dominic Canzone,SEA,871.0,0.38729021999999996,0.3483943856229662,0.2849567958784425,0.4219880284568894,0.3504699692566132,0.827538247566064,91.64615384615382,106.89,0.46153846153846156,0.15384615384615385,0.44125961538461556,0.19736842105263158,0.10526315789473684,0.3271604938271605,0.38461538461538464,92.36451612903228,105.9,0.45161290322580644,0.12903225806451613,0.4286451612903226,0.2549019607843137,0.13725490196078433,0.3185840707964602,0.2903225806451613,51.0,2026-07-07T13:22:33.296448+00:00
429667,Ryan Howard,PHI,867.0,0.3784735266666667,0.3577400266666667,0.27011264,0.41957258000000003,0.35327890157644815,0.7293447293447294,91.2827956989247,102.76,0.4731182795698925,0.1827956989247312,0.5284301075268817,0.304635761589404,0.0728476821192053,0.3961661341853035,0.41935483870967744,,,,,,,,,,,2026-07-07T13:22:33.296448+00:00
121347,Alex Rodriguez,NYY,866.0,0.24894856000000004,0.35991186,0.24226856000000002,0.42444480666666656,0.3491465180047282,0.0070921985815602835,88.61262135922328,104.08,0.36893203883495146,0.038834951456310676,0.3156116504854368,0.26490066225165565,0.046357615894039736,0.36585365853658536,0.2524271844660194,,,,,,,,,,,2026-07-07T13:22:33.296448+00:00
642162,Pat Valaika,BAL,864.0,0.2490082003823178,0.2728744133333333,0.22943842666666664,0.3362828425925926,0.2753544517766076,0.17024320457796852,84.81067961165051,101.47999999999999,0.32038834951456313,0.038834951456310676,0.31542714618784146,0.271523178807947,0.039735099337748346,0.312280701754386,0.39805825242718446,,,,,,,,,,,2026-07-07T13:22:33.296448+00:00
542208,Carlos Pérez,ATH,862.0,0.30224693640706474,0.26001846200607914,0.21898649333333334,0.3189906808515092,0.263270001920788,0.9549418604651163,88.69047619047618,104.46000000000001,0.4095238095238095,0.05714285714285714,0.3413855044332665,0.21710526315789475,0.07236842105263158,0.2852664576802508,0.34285714285714286,,,,,,,,,,,2026-07-07T13:22:33.296448+00:00
687597,Jordan Beck,COL,861.0,0.2555664105115575,0.29799568735282644,0.22163814996804176,0.36251795419457733,0.2951218523952593,0.15864022662889518,83.59591836734691,102.52999999999999,0.2857142857142857,0.061224489795918366,0.34093931200748595,0.2980132450331126,0.046357615894039736,0.39087947882736157,0.3469387755102041,,,,,,,,,,,2026-07-07T13:22:33.296448+00:00
643603,Tyler White,HOU,860.0,0.28712129999999997,0.29122028666666666,0.2376842733333333,0.36354946666666665,0.29399031933046393,0.4490674318507891,86.78210526315785,100.75999999999999,0.30526315789473685,0.031578947368421054,0.30146315789473693,0.23178807947019867,0.1390728476821192,0.23497267759562843,0.2736842105263158,,,,,,,,,,,2026-07-07T13:22:33.296448+00:00
431094,Aaron Hill,SF,860.0,0.29768662666666673,0.31180469666666666,0.2654016400000001,0.33826481333333336,0.309656952471264,0.16235632183908047,87.34,101.42,0.2818181818181818,0.02727272727272727,0.3008272727272728,0.14666666666666667,0.11333333333333333,0.24299065420560748,0.2727272727272727,,,,,,,,,,,2026-07-07T13:22:33.296448+00:00
656180,Riley Adams,WSH,853.0,0.30307386317133106,0.28239171470309155,0.23765112368908825,0.3394993520695117,0.28350364559885577,0.7902298850574713,91.94642857142857,109.43,0.5714285714285714,0.10714285714285714,0.4248268628059482,0.34868421052631576,0.07236842105263158,0.2870967741935484,0.39285714285714285,,,,,,,,,,,2026-07-07T13:22:33.296448+00:00
607345,Kevan Smith,ATL,852.0,0.25662941888888896,0.31321215,0.25583226000000003,0.38552767999999993,0.31453327237475887,0.004335260115606936,86.47362637362636,103.5,0.3516483516483517,0.04395604395604396,0.319702152014652,0.2875816993464052,0.09803921568627451,0.3344155844155844,0.3076923076923077,,,,,,,,,,,2026-07-07T13:22:33.296448+00:00
621453,Steven Duggar,SF,850.0,0.25330671392274867,0.27442703630531784,0.2278500533333334,0.3434724628067214,0.2765589232136914,0.20203488372093023,89.95316455696202,103.48,0.43037974683544306,0.06329113924050633,0.37315460871407974,0.38666666666666666,0.08,0.23157894736842105,0.35443037974683544,,,,,,,,,,,2026-07-07T13:22:33.296448+00:00
682622,Noelvi Marte,CIN,848.0,0.27579827636363635,0.30392043788889983,0.22348121373356203,0.3428520510713828,0.2963498117853952,0.2641509433962264,87.6030303030303,106.06,0.32323232323232326,0.0707070707070707,0.3424620752984389,0.2582781456953642,0.052980132450331126,0.3653250773993808,0.2222222222222222,87.32820512820513,108.34,0.3076923076923077,0.07692307692307693,0.3246153846153846,0.2459016393442623,0.06557377049180328,0.35507246376811596,0.23076923076923078,61.0,2026-07-07T13:22:33.296448+00:00
656185,Greg Allen,BAL,843.0,0.221719381979252,0.28197863971182335,0.21810604864591865,0.3336205666666667,0.2824119922674148,0.002976190476190476,84.11839080459767,100.53999999999999,0.2988505747126437,0.011494252873563218,0.26179789514322643,0.31333333333333335,0.08,0.23793103448275862,0.2413793103448276,,,,,,,,,,,2026-07-07T13:22:33.296448+00:00
805779,Jacob Wilson,ATH,842.0,0.2901275466666666,0.2945065210089323,0.25494285647714604,0.3406571276242047,0.2977045356170494,0.44493392070484583,83.47213114754098,99.58999999999999,0.26229508196721313,0.02459016393442623,0.29320661157024797,0.10666666666666667,0.06666666666666667,0.3829787234042553,0.3442622950819672,85.73214285714286,99.94,0.2857142857142857,0.0,0.3198214285714286,0.13157894736842105,0.10526315789473684,0.3283582089552239,0.35714285714285715,38.0,2026-07-07T13:22:33.296448+00:00
642165,Josh VanMeter,PIT,842.0,0.3170260918670219,0.289009056048026,0.23337492859290165,0.35839094,0.2907364365831164,0.8833819241982507,88.95096153846151,100.77,0.36538461538461536,0.038461538461538464,0.34695447865435847,0.21794871794871795,0.10897435897435898,0.1288135593220339,0.40384615384615385,,,,,,,,,,,2026-07-07T13:22:33.296448+00:00
642851,Austin Wynns,ATH,840.0,0.2807284633161409,0.2570110257515909,0.23033524573295983,0.30992380308625594,0.2631265396867277,0.7378497790868925,86.20190476190479,105.0,0.4,0.0761904761904762,0.36747006308175856,0.26,0.04,0.36293436293436293,0.34285714285714286,,,,,,,,,,,2026-07-07T13:22:33.296448+00:00
701358,Cam Smith,HOU,838.0,0.3516401266666667,0.32632656365591395,0.21088293587177195,0.39079470794833193,0.3165812426851791,0.83601756954612,90.6703703703704,107.29999999999998,0.4722222222222222,0.10185185185185185,0.4107407407407407,0.19333333333333333,0.06666666666666667,0.25,0.3333333333333333,88.64736842105265,106.4,0.42105263157894735,0.08771929824561403,0.39785964912280697,0.1267605633802817,0.04225352112676056,0.2848101265822785,0.3157894736842105,71.0,2026-07-07T13:22:33.296448+00:00
642201,Eli White,ATL,837.0,0.303641827251462,0.27902820311851956,0.23199833930735925,0.33451584826368025,0.27806400765974887,0.8046989720998532,87.70679611650485,104.66,0.3786407766990291,0.08737864077669903,0.38056587463805147,0.26143790849673204,0.05228758169934641,0.2909698996655518,0.3883495145631068,84.80588235294118,99.36,0.17647058823529413,0.0,0.2678235294117647,0.375,0.0625,0.36764705882352944,0.23529411764705882,32.0,2026-07-07T13:22:33.296448+00:00
608597,Ronald Guzmán,NYY,834.0,0.29084229407407397,0.31737702,0.2614819666666667,0.35375683999999996,0.31339648307363566,0.15384615384615385,87.45164835164837,102.9,0.31868131868131866,0.06593406593406594,0.3781330891330892,0.3137254901960784,0.0784313725490196,0.3213213213213213,0.3626373626373626,,,,,,,,,,,2026-07-07T13:22:33.296448+00:00
680779,Henry Davis,PIT,833.0,0.2923067466666667,0.2752034489787532,0.21952081198412698,0.3395020247372912,0.27283491675822147,0.7161961367013373,86.81346153846154,104.64000000000001,0.38461538461538464,0.11538461538461539,0.31534951456310667,0.21052631578947367,0.08552631578947369,0.3148148148148148,0.25,84.03000000000002,102.0,0.45,0.1,0.30179999999999996,0.18518518518518517,0.037037037037037035,0.3877551020408163,0.2,27.0,2026-07-07T13:22:33.296448+00:00
485567,Ezequiel Carrera,TOR,829.0,0.29100098666666674,0.2942681466666667,0.2238152266666666,0.34575509333333326,0.293198565847769,0.46614173228346456,85.17159090909091,100.4,0.29545454545454547,0.03409090909090909,0.3462727272727273,0.28,0.1,0.27741935483870966,0.3409090909090909,,,,,,,,,,,2026-07-07T13:22:33.296448+00:00
459431,Michael Saunders,PHI,828.0,0.27321956,0.3123102466666666,0.26350528,0.37312196666666664,0.3122110133834585,0.04360902255639098,85.29223300970875,102.46000000000001,0.3106796116504854,0.06796116504854369,0.3188737864077669,0.23026315789473684,0.07894736842105263,0.2878338278931751,0.2815533980582524,,,,,,,,,,,2026-07-07T13:22:33.296448+00:00
493596,Gordon Beckham,DET,825.0,0.2358912733333333,0.27119798999999994,0.2176324933333333,0.3519883200000001,0.27713205205050484,0.15151515151515152,83.59423076923073,99.24,0.27884615384615385,0.057692307692307696,0.30012500000000003,0.27631578947368424,0.03289473684210526,0.3722397476340694,0.38461538461538464,,,,,,,,,,,2026-07-07T13:22:33.296448+00:00
593528,Jorge Bonifacio,PHI,820.0,0.2629146866666667,0.31088348666666665,0.2629146866666667,0.37177948,0.311022663202811,0.0,83.86333333333332,100.04,0.2777777777777778,0.05555555555555555,0.32951777777777774,0.304635761589404,0.07947019867549669,0.3023952095808383,0.34444444444444444,,,,,,,,,,,2026-07-07T13:22:33.296448+00:00
663853,Romy Gonzalez,BOS,816.0,0.33046538274198384,0.31743337928300785,0.22883905030847268,0.3866009875929605,0.31403610369631535,0.6842900302114804,91.02090909090911,106.10999999999999,0.5181818181818182,0.07272727272727272,0.40236399464816003,0.22875816993464052,0.0457516339869281,0.3804347826086957,0.33636363636363636,89.24000000000001,103.2,0.4666666666666667,0.06666666666666667,0.4940666666666666,0.25,0.0,0.41025641025641024,0.3333333333333333,20.0,2026-07-07T13:22:33.296448+00:00
681807,David Fry,CLE,808.0,0.26167519333333333,0.2927763672021833,0.19792968941971623,0.390241570920641,0.29402742931771725,0.3323076923076923,85.08452380952382,100.77,0.32142857142857145,0.07142857142857142,0.2994761904761905,0.3092105263157895,0.13815789473684212,0.2742857142857143,0.30952380952380953,80.35217391304347,99.41999999999999,0.30434782608695654,0.08695652173913043,0.2524782608695652,0.2,0.14285714285714285,0.2692307692307692,0.21739130434782608,35.0,2026-07-07T13:22:33.296448+00:00
680700,Richie Palacios,TB,806.0,0.2998552866666666,0.31944734897249727,0.2676219266666667,0.3579961589331916,0.31647804783185024,0.22981366459627328,83.89722222222225,100.55999999999999,0.2222222222222222,0.027777777777777776,0.31236111111111114,0.17333333333333334,0.09333333333333334,0.35843373493975905,0.35185185185185186,80.97179487179487,100.76,0.1794871794871795,0.05128205128205128,0.34117948717948715,0.06521739130434782,0.06521739130434782,0.36470588235294116,0.38461538461538464,46.0,2026-07-07T13:22:33.296448+00:00
687363,Victor Scott II,STL,803.0,0.2751943199999999,0.2824651835590335,0.24244949199801813,0.307734349377194,0.2806520415629657,0.3603174603174603,78.87083333333332,98.65,0.22916666666666666,0.010416666666666666,0.2994888888888888,0.23178807947019867,0.10596026490066225,0.21660649819494585,0.3125,,,,,,,,,,,2026-07-07T13:22:33.296448+00:00
595375,JT Riddle,CIN,798.0,0.25732338,0.2775638233333334,0.24086642666666666,0.32949573333333326,0.2783739441324921,0.18138801261829654,88.37037037037037,101.21,0.3055555555555556,0.06481481481481481,0.3181666666666666,0.23178807947019867,0.033112582781456956,0.37992831541218636,0.2222222222222222,,,,,,,,,,,2026-07-07T13:22:33.296448+00:00
614173,Franchy Cordero,NYY,798.0,0.25755293174425853,0.32062462666666663,0.24130651043956045,0.3858987446515816,0.3155705638575246,0.06279434850863422,87.4657894736842,109.2,0.3815789473684211,0.15789473684210525,0.4258402940761996,0.41721854304635764,0.0728476821192053,0.35986159169550175,0.35526315789473684,,,,,,,,,,,2026-07-07T13:22:33.296448+00:00
702332,Caleb Durbin,BOS,798.0,0.2950399866666666,0.30015210373737367,0.25672335999999996,0.3575820953209825,0.3035874047877919,0.4205607476635514,82.45762711864401,100.28999999999999,0.288135593220339,0.05084745762711865,0.31592241379310343,0.15333333333333332,0.05333333333333334,0.3041958041958042,0.3135593220338983,82.12830188679246,103.70000000000002,0.2830188679245283,0.03773584905660377,0.2896415094339623,0.14492753623188406,0.08695652173913043,0.3333333333333333,0.3018867924528302,69.0,2026-07-07T13:22:33.296448+00:00
666152,David Hamilton,MIL,792.0,0.24923283333333335,0.27447672847173543,0.22417503527509527,0.3248582359657627,0.2731018864574608,0.15384615384615385,80.0910891089109,100.3,0.27722772277227725,0.039603960396039604,0.29621276595744683,0.2582781456953642,0.0728476821192053,0.2857142857142857,0.32673267326732675,80.13846153846151,100.44999999999999,0.2692307692307692,0.038461538461538464,0.3102608695652174,0.3,0.05,0.2804878048780488,0.34615384615384615,40.0,2026-07-07T13:22:33.296448+00:00
672724,Oswald Peraza,LAA,786.0,0.2536196533333334,0.283036955,0.19998519444600563,0.34163852,0.27638999427391703,0.2066772655007949,86.75851063829785,104.67,0.4148936170212766,0.07446808510638298,0.3491276595744681,0.3223684210526316,0.013157894736842105,0.3851851851851852,0.3157894736842105,87.49130434782607,104.34,0.391304347826087,0.043478260869565216,0.3139565217391304,0.43902439024390244,0.0,0.34328358208955223,0.17391304347826086,41.0,2026-07-07T13:22:33.296448+00:00
645801,Mike Ford,CIN,783.0,0.2993036754786875,0.3067172471312504,0.2699000313131313,0.36868125333333324,0.3091269625037367,0.4117647058823529,86.91075268817204,104.68,0.3763440860215054,0.10752688172043011,0.3486068099118616,0.2631578947368421,0.09210526315789473,0.2403846153846154,0.2903225806451613,,,,,,,,,,,2026-07-07T13:22:33.296448+00:00
802415,Chandler Simpson,TB,773.0,0.25982429333333334,0.2876905133333333,0.22518389333333333,0.3252764866666667,0.28192460319078955,0.24835526315789475,81.38240000000002,95.96000000000001,0.12,0.0,0.2545691056910569,0.1038961038961039,0.06493506493506493,0.27125506072874495,0.19047619047619047,80.24909090909091,96.25999999999999,0.14545454545454545,0.0,0.2688867924528302,0.046875,0.0625,0.2616822429906542,0.16071428571428573,64.0,2026-07-07T13:22:33.296448+00:00
665804,Miguel Amaya,CHC,768.0,0.29517018666666667,0.2968339987629664,0.2593716698920747,0.3420197466513458,0.29806230513532056,0.4464579901153213,84.5142857142857,102.0,0.3076923076923077,0.06593406593406594,0.2942000000000001,0.22666666666666666,0.11333333333333333,0.2967914438502674,0.3076923076923077,88.26875000000001,102.45,0.5,0.0,0.31224999999999997,0.3103448275862069,0.10344827586206896,0.32051282051282054,0.375,29.0,2026-07-07T13:22:33.296448+00:00
678554,Curtis Mead,WSH,768.0,0.35782114,0.2984679389172431,0.2623382026262627,0.38587409333333333,0.31247801095086347,0.8256578947368421,88.64711538461539,105.08999999999999,0.4423076923076923,0.1346153846153846,0.42115384615384627,0.21428571428571427,0.07792207792207792,0.25872093023255816,0.37142857142857144,87.01764705882353,105.8,0.45098039215686275,0.11764705882352941,0.42366666666666664,0.23376623376623376,0.06493506493506493,0.2640449438202247,0.28846153846153844,77.0,2026-07-07T13:22:33.296448+00:00
425834,B.J. Upton,SD,767.0,0.24726378666666668,0.31702793333333346,0.2179700533333333,0.38856988666666664,0.3108065405647841,0.07973421926910298,87.57717391304347,101.72,0.31521739130434784,0.043478260869565216,0.298054347826087,0.2980132450331126,0.09271523178807947,0.28294573643410853,0.22826086956521738,,,,,,,,,,,2026-07-07T13:22:33.296448+00:00
686780,Pedro Pagés,STL,766.0,0.2797437466666667,0.26881143942393776,0.2314955837270654,0.3079047445594048,0.2682327697536288,0.7846410684474123,84.54901960784315,103.57999999999998,0.38235294117647056,0.049019607843137254,0.33379591836734696,0.24666666666666667,0.04,0.37579617834394907,0.3333333333333333,86.65625,104.65,0.375,0.0,0.2750625,0.22727272727272727,0.045454545454545456,0.40384615384615385,0.25,22.0,2026-07-07T13:22:33.296448+00:00
681393,Connor Norby,MIA,766.0,0.27556741333333334,0.3097455980800857,0.2669879733333334,0.3492446859328549,0.3095757236161555,0.019543973941368076,86.04578313253009,100.94,0.3614457831325301,0.07228915662650602,0.3182650602409637,0.3157894736842105,0.1118421052631579,0.28852459016393445,0.3132530120481928,84.45555555555556,99.60000000000001,0.3333333333333333,0.0,0.2758888888888889,0.4117647058823529,0.058823529411764705,0.2894736842105263,0.1111111111111111,17.0,2026-07-07T13:22:33.296448+00:00
606157,Aristides Aquino,CIN,764.0,0.27752952987816015,0.27801622637308504,0.2062775762962963,0.35428528,0.279974339886449,0.4974958263772955,87.51612903225808,105.44,0.41935483870967744,0.08602150537634409,0.366185435287355,0.3137254901960784,0.0718954248366013,0.404320987654321,0.2872340425531915,,,,,,,,,,,2026-07-07T13:22:33.296448+00:00
664770,Nathan Lukes,TOR,762.0,0.30782027999999995,0.309131723383726,0.2714896140314798,0.3523177736036309,0.31292932474019447,0.47217537942664417,84.7713043478261,100.4,0.2608695652173913,0.017391304347826087,0.33825892857142853,0.16666666666666666,0.05333333333333334,0.3389261744966443,0.3217391304347826,84.41052631578945,99.74000000000001,0.24561403508771928,0.017543859649122806,0.3101272727272729,0.13043478260869565,0.043478260869565216,0.30158730158730157,0.2807017543859649,69.0,2026-07-07T13:22:33.296448+00:00
454560,A.J. Ellis,SD,760.0,0.32647773333333335,0.32173383333333344,0.24272118,0.4059080333333335,0.3200469245054317,0.5866209262435678,90.61789473684212,102.14000000000001,0.4105263157894737,0.05263157894736842,0.335821052631579,0.17880794701986755,0.152317880794702,0.14333333333333334,0.37894736842105264,,,,,,,,,,,2026-07-07T13:22:33.296448+00:00
425766,James Loney,NYM,756.0,0.28515212,0.29700334666666667,0.25163830000000015,0.3496258133333333,0.29850485604272065,0.27318718381112983,86.35939849624059,101.97999999999999,0.2932330827067669,0.015037593984962405,0.3003909774436091,0.0728476821192053,0.019867549668874173,0.3310580204778157,0.3609022556390977,,,,,,,,,,,2026-07-07T13:22:33.296448+00:00
680718,Addison Barger,TOR,756.0,0.2977941867933724,0.3199114321799711,0.2689417470904534,0.38996319829908493,0.3256648255797306,0.2408026755852843,89.24257425742573,106.2,0.48514851485148514,0.0594059405940594,0.31220611900005785,0.20394736842105263,0.11842105263157894,0.2835820895522388,0.3069306930693069,,,,,,,,,,,2026-07-07T13:22:33.296448+00:00
656537,Derek Hill,CWS,754.0,0.3028878460606061,0.2833508294456268,0.22117108501424496,0.3411510034278266,0.28066405690112045,0.7606112054329371,83.69069767441859,102.9,0.37209302325581395,0.10465116279069768,0.42392891566265056,0.33112582781456956,0.052980132450331126,0.348993288590604,0.4186046511627907,85.15000000000002,108.28999999999999,0.3333333333333333,0.16666666666666666,0.4928235294117646,0.3870967741935484,0.03225806451612903,0.3114754098360656,0.5555555555555556,31.0,2026-07-07T13:22:33.296448+00:00
686555,Isaac Collins,KC,754.0,0.31793303999999994,0.31710341999999997,0.27915390497038056,0.3632920013485953,0.31894331683158145,0.5108877721943048,87.01262135922329,104.84,0.4174757281553398,0.038834951456310676,0.3395247524752474,0.19736842105263158,0.1118421052631579,0.23693379790940766,0.32038834951456313,89.05217391304349,105.80000000000001,0.5,0.021739130434782608,0.36806521739130454,0.15517241379310345,0.034482758620689655,0.26262626262626265,0.2826086956521739,58.0,2026-07-07T13:22:33.296448+00:00
655316,Andruw Monasterio,BOS,741.0,0.27738317333333334,0.2941118494501835,0.26329981999999985,0.3265938138453661,0.29486318912619025,0.08614864864864864,86.7777777777778,101.35999999999999,0.37037037037037035,0.07407407407407407,0.33297222222222217,0.23178807947019867,0.052980132450331126,0.2703583061889251,0.3611111111111111,88.4,101.58,0.3448275862068966,0.10344827586206896,0.3100344827586206,0.21052631578947367,0.02631578947368421,0.3424657534246575,0.3448275862068966,38.0,2026-07-07T13:22:33.296448+00:00
686948,Drake Baldwin,ATL,740.0,0.3598274666666667,0.36398212910304684,0.3182342185635019,0.4237081866666666,0.36487101655980136,0.3864406779661017,91.81318681318683,105.7,0.5054945054945055,0.17582417582417584,0.4522967032967033,0.27631578947368424,0.09210526315789473,0.3557692307692308,0.3626373626373626,86.39574468085107,101.17999999999999,0.3617021276595745,0.06382978723404255,0.3261702127659574,0.3076923076923077,0.038461538461538464,0.3765432098765432,0.2553191489361702,78.0,2026-07-07T13:22:33.296448+00:00
660707,Elehuris Montero,COL,740.0,0.2809619894179333,0.2668934787107337,0.19521009684364166,0.3261918849936512,0.258457461718516,0.7322033898305085,89.93030303030302,107.42000000000002,0.43434343434343436,0.10101010101010101,0.3362282364918181,0.2631578947368421,0.08552631578947369,0.4077669902912621,0.2727272727272727,,,,,,,,,,,2026-07-07T13:22:33.296448+00:00
460077,Drew Butera,LAA,740.0,0.18601074666666673,0.2465957333333334,0.18601074666666673,0.28324784666666664,0.243042042311266,0.0,82.3050505050505,98.54,0.18181818181818182,0.010101010101010102,0.23276578947368423,0.2894736842105263,0.05263157894736842,0.3181818181818182,0.29292929292929293,,,,,,,,,,,2026-07-07T13:22:33.296448+00:00
605125,Cody Asche,CWS,739.0,0.2353221866666667,0.30676271666666666,0.2229410466666667,0.35774905333333334,0.2970552946783626,0.01929824561403509,85.99775280898878,101.63999999999999,0.29213483146067415,0.033707865168539325,0.29613483146067415,0.32679738562091504,0.06535947712418301,0.25477707006369427,0.2808988764044944,,,,,,,,,,,2026-07-07T13:22:33.296448+00:00
695734,Daylen Lile,WSH,736.0,0.29276379333333336,0.3365378402433339,0.26384253999999996,0.38908131795062667,0.33668525968826557,0.10481099656357389,87.47107438016532,102.8,0.30578512396694213,0.06611570247933884,0.3046280991735537,0.1437908496732026,0.0457516339869281,0.3623693379790941,0.371900826446281,87.49999999999997,102.84,0.288135593220339,0.05084745762711865,0.2927118644067797,0.1506849315068493,0.0136986301369863,0.4244604316546763,0.3559322033898305,73.0,2026-07-07T13:22:33.296448+00:00
276519,Jimmy Rollins,CWS,731.0,0.2573519466666666,0.2824310566666667,0.24538378666666663,0.3019211733333333,0.2810004942771804,0.03942652329749104,84.87669902912617,97.38000000000001,0.17475728155339806,0.019417475728155338,0.2675048543689322,0.21568627450980393,0.10457516339869281,0.2774566473988439,0.3300970873786408,,,,,,,,,,,2026-07-07T13:22:33.296448+00:00
527043,Jefry Marte,LAA,730.0,0.2545870666666666,0.29863951333333333,0.24183569999999993,0.3464105333333334,0.2962252998720185,0.031413612565445025,88.20833333333333,105.49,0.3611111111111111,0.037037037037037035,0.2972803738317757,0.2185430463576159,0.046357615894039736,0.2515527950310559,0.2336448598130841,,,,,,,,,,,2026-07-07T13:22:33.296448+00:00
669003,Garrett Mitchell,MIL,729.0,0.39426341333333326,0.31206702093665745,0.2706207763524503,0.39426341333333326,0.31295622258783745,0.9982486865148862,94.08791208791209,109.0,0.5274725274725275,0.18681318681318682,0.533945054945055,0.2980132450331126,0.09271523178807947,0.2608695652173913,0.3516483516483517,95.345,109.17,0.625,0.2,0.5864,0.27692307692307694,0.1076923076923077,0.24087591240875914,0.375,65.0,2026-07-07T13:22:33.296448+00:00
680474,Max Schuemann,NYY,729.0,0.3106361379877112,0.29674922465437786,0.2631111046804184,0.3248289791467081,0.29490091199648105,0.8842105263157894,87.21443298969072,100.62,0.4020618556701031,0.061855670103092786,0.31927894891656045,0.2,0.11333333333333333,0.17684887459807075,0.3917525773195876,95.22999999999999,102.24999999999999,0.5,0.4,0.5261,0.2857142857142857,0.09523809523809523,0.18181818181818182,0.5,21.0,2026-07-07T13:22:33.296448+00:00
665923,Esteury Ruiz,MIA,728.0,0.2801854061136712,0.27187338076893164,0.2307476074074075,0.3153738671087805,0.27246394057707457,0.6578014184397163,82.13411764705882,100.4,0.25882352941176473,0.07058823529411765,0.34825093948869873,0.3157894736842105,0.07894736842105263,0.34796238244514105,0.36470588235294116,80.60434782608694,97.96,0.17391304347826086,0.08695652173913043,0.4084782608695653,0.25,0.075,0.375,0.5652173913043478,40.0,2026-07-07T13:22:33.296448+00:00
475247,Ryan Flaherty,CLE,724.0,0.250382,0.2734265733333333,0.23365422666666666,0.3046106666666667,0.27040849659498156,0.10752688172043011,86.23592233009707,102.48,0.27184466019417475,0.02912621359223301,0.2957524752475248,0.24836601307189543,0.0784313725490196,0.2578616352201258,0.2912621359223301,,,,,,,,,,,2026-07-07T13:22:33.296448+00:00
543302,Chris Herrmann,ATH,716.0,0.3089153666666667,0.3138303533333333,0.2432559,0.3685341066666667,0.31155074199040805,0.4352517985611511,89.49431818181819,103.13,0.42045454545454547,0.07954545454545454,0.4167840909090909,0.3202614379084967,0.0915032679738562,0.24509803921568626,0.375,,,,,,,,,,,2026-07-07T13:22:33.296448+00:00
682663,Agustín Ramírez,MIA,715.0,0.2750246166666666,0.3320880036036643,0.2683286788888889,0.3709095692065071,0.32544798518325685,0.008928571428571428,88.96800000000005,107.71000000000002,0.39,0.05,0.29772,0.22666666666666666,0.09333333333333334,0.2702702702702703,0.28,,,,,,,,,,,2026-07-07T13:22:33.296448+00:00
689414,Liam Hicks,MIA,712.0,0.2777878133333333,0.3155647259130385,0.2685501733333334,0.37421017333333334,0.3171160644952867,0.05434782608695652,81.65166666666667,99.19000000000001,0.20833333333333334,0.016666666666666666,0.2406470588235294,0.09090909090909091,0.11688311688311688,0.25496688741721857,0.23333333333333334,82.19761904761906,98.22999999999999,0.21428571428571427,0.0,0.23117073170731717,0.1,0.06,0.24242424242424243,0.23809523809523808,50.0,2026-07-07T13:22:33.296448+00:00
489267,Adam Rosales,CLE,710.0,0.241605,0.2646975466666666,0.19533472000000002,0.3448123466666667,0.26196262625076444,0.3522935779816514,88.80430107526882,104.28,0.40860215053763443,0.06451612903225806,0.34670652173913047,0.32450331125827814,0.033112582781456956,0.26148409893992935,0.2903225806451613,,,,,,,,,,,2026-07-07T13:22:33.296448+00:00
664059,Sam Haggerty,TEX,709.0,0.2554223245859517,0.28927225980603377,0.2543914445859516,0.3436065377396859,0.29598558866624247,0.001838235294117647,85.28777777777775,101.72,0.3111111111111111,0.0,0.2809408513708514,0.271523178807947,0.08609271523178808,0.3048327137546468,0.2967032967032967,,,,,,,,,,,2026-07-07T13:22:33.296448+00:00
591741,José Osuna,PIT,706.0,0.3226247933333332,0.30604633333333336,0.24330345333333336,0.3699254066666667,0.3057906906594073,0.7731397459165155,87.96608695652176,104.84,0.3826086956521739,0.0782608695652174,0.36649565217391294,0.17218543046357615,0.059602649006622516,0.29225352112676056,0.34782608695652173,,,,,,,,,,,2026-07-07T13:22:33.296448+00:00
694497,Evan Carter,TEX,705.0,0.25898579999999993,0.29677033424020455,0.241422753335761,0.3453946734173039,0.29650013306258627,0.08941605839416059,83.18387096774191,102.98,0.3225806451612903,0.043010752688172046,0.26327472527472523,0.24,0.1,0.19745222929936307,0.22580645161290322,78.80833333333334,103.4,0.25,0.08333333333333333,0.30463636363636365,0.2631578947368421,0.05263157894736842,0.25,0.25,19.0,2026-07-07T13:22:33.296448+00:00
595885,Greg Bird,NYY,702.0,0.26298359999999993,0.32106577999999997,0.2582169333333333,0.39856588666666665,0.32883580115995087,0.005494505494505495,85.74408602150537,102.55999999999999,0.27956989247311825,0.08602150537634409,0.31103225806451623,0.26973684210526316,0.09868421052631579,0.30945558739255014,0.2903225806451613,,,,,,,,,,,2026-07-07T13:22:33.296448+00:00
457477,Alejandro De Aza,WSH,702.0,0.30923664,0.3080221333333333,0.25100774000000003,0.36361531333333336,0.30815000148989924,0.5416666666666666,87.24095238095238,99.92,0.29523809523809524,0.02857142857142857,0.3670666666666667,0.20915032679738563,0.0784313725490196,0.23841059602649006,0.47619047619047616,,,,,,,,,,,2026-07-07T13:22:33.296448+00:00
656413,Stuart Fairchild,CLE,701.0,0.2810244739889218,0.3081324432067234,0.26019526348248445,0.3531504888835594,0.3073292257624807,0.14814814814814814,80.67999999999999,103.3,0.3625,0.125,0.37668701390301607,0.34868421052631576,0.09210526315789473,0.24555160142348753,0.2625,88.9,88.9,0.0,0.0,0.168,0.6666666666666666,0.2222222222222222,0.10526315789473684,1.0,9.0,2026-07-07T13:22:33.296448+00:00
679032,Johan Rojas,PHI,700.0,0.2714743857386548,0.26157568927536234,0.22673744278244626,0.2994774939910703,0.2599021040612657,0.7113207547169811,83.09339622641511,102.7,0.33962264150943394,0.03773584905660377,0.3131426297164875,0.2251655629139073,0.0728476821192053,0.39568345323741005,0.3113207547169811,,,,,,,,,,,2026-07-07T13:22:33.296448+00:00
668885,Austin Martin,MIN,700.0,0.27895184666666667,0.323152217004831,0.2631500533333333,0.38222600510328514,0.32376851824324804,0.1170018281535649,86.7388349514563,98.88,0.24271844660194175,0.019417475728155338,0.2963009708737865,0.20666666666666667,0.08666666666666667,0.22846441947565543,0.32038834951456313,84.49523809523808,98.8,0.23809523809523808,0.0,0.32766666666666666,0.16666666666666666,0.13333333333333333,0.16279069767441862,0.2857142857142857,30.0,2026-07-07T13:22:33.296448+00:00
434563,Carlos Ruiz,SEA,700.0,0.3271733599999999,0.31308014666666667,0.2708823266666667,0.3750652399999999,0.3144945644072,0.664804469273743,87.3358695652174,103.18,0.3804347826086957,0.05434782608695652,0.3835652173913044,0.25333333333333335,0.09333333333333334,0.16883116883116883,0.41304347826086957,,,,,,,,,,,2026-07-07T13:22:33.296448+00:00
452220,Stephen Drew,WSH,699.0,0.3069676333333333,0.2870413266666667,0.22706848666666668,0.38600653333333323,0.2936141253714284,0.6476190476190476,88.52783505154638,99.2,0.24742268041237114,0.030927835051546393,0.3218247422680413,0.18,0.09333333333333334,0.21142857142857144,0.3711340206185567,,,,,,,,,,,2026-07-07T13:22:33.296448+00:00
446381,Darwin Barney,TOR,698.0,0.24662809333333327,0.26350844,0.23569055333333333,0.30326690666666667,0.2660737052354048,0.15819209039548024,80.85213675213674,95.4,0.1111111111111111,0.0,0.2776782608695652,0.17105263157894737,0.02631578947368421,0.376984126984127,0.3076923076923077,,,,,,,,,,,2026-07-07T13:22:33.296448+00:00
596119,Blake Swihart,AZ,696.0,0.2516073733333333,0.2961193333333333,0.25124894000000003,0.33739284666666663,0.29254978476190496,0.0018552875695732839,84.62758620689655,101.84,0.28735632183908044,0.05747126436781609,0.3475977011494252,0.35947712418300654,0.06535947712418301,0.33881578947368424,0.3218390804597701,,,,,,,,,,,2026-07-07T13:22:33.296448+00:00
150229,A.J. Pierzynski,ATL,695.0,0.2762542200000001,0.2958650466666667,0.23350211999999998,0.35309354,0.2941024123613703,0.34579439252336447,87.55114503816793,100.7,0.366412213740458,0.022900763358778626,0.29739694656488547,0.09271523178807947,0.019867549668874173,0.42913385826771655,0.3053435114503817,,,,,,,,,,,2026-07-07T13:22:33.296448+00:00
678009,Parker Meadows,DET,695.0,0.28190405196241985,0.3040434171719382,0.2664835278598557,0.3528757805011045,0.3048287146184909,0.07195571955719557,85.51340206185566,102.78,0.29896907216494845,0.041237113402061855,0.32815418344704106,0.25333333333333335,0.08666666666666667,0.23154362416107382,0.36082474226804123,,,,,,,,,,,2026-07-07T13:22:33.296448+00:00
681146,Jonah Bride,MIN,694.0,0.24277413263159023,0.30206235343607574,0.23880498691730456,0.3265621914290761,0.29596122085157106,0.0148975791433892,87.68461538461536,100.4,0.2967032967032967,0.02197802197802198,0.27326732052160235,0.2866666666666667,0.08666666666666667,0.20766773162939298,0.2857142857142857,,,,,,,,,,,2026-07-07T13:22:33.296448+00:00
460060,Cliff Pennington,CIN,690.0,0.25586825999999996,0.2696251,0.2229459733333333,0.31197999333333326,0.2661319873307294,0.302734375,86.27252747252747,99.4,0.27472527472527475,0.01098901098901099,0.33785714285714286,0.3157894736842105,0.06578947368421052,0.2974683544303797,0.37362637362637363,,,,,,,,,,,2026-07-07T13:22:33.296448+00:00
605509,Kelby Tomlinson,SF,688.0,0.24562746666666668,0.2860217,0.24142228666666662,0.3193355133333333,0.28422757165691986,0.01949317738791423,82.08514851485153,98.2,0.16831683168316833,0.009900990099009901,0.2867128712871287,0.23333333333333334,0.06,0.2720306513409962,0.2871287128712871,,,,,,,,,,,2026-07-07T13:22:33.296448+00:00
605361,Nick Martini,COL,687.0,0.2764804850820368,0.30611185277088504,0.2559800897465109,0.3528808989048305,0.30360386524022936,0.1431261770244821,87.0018348623853,102.22,0.3669724770642202,0.05504587155963303,0.289222474883537,0.17333333333333334,0.08666666666666667,0.25951557093425603,0.29357798165137616,,,,,,,,,,,2026-07-07T13:22:33.296448+00:00
671221,Drew Waters,KC,684.0,0.2579947823219883,0.30157460352489407,0.25397571162393157,0.34267231001067977,0.29923682809840757,0.022556390977443608,85.84141414141412,101.98,0.29292929292929293,0.04040404040404041,0.32413083180099245,0.2733333333333333,0.05333333333333334,0.3345323741007194,0.34,,,,,,,,,,,2026-07-07T13:22:33.296448+00:00
506560,Alexi Amarista,COL,684.0,0.23655305333333332,0.24679373333333335,0.22628654666666667,0.27222830666666664,0.24676331248199085,0.2318271119842829,83.69380530973446,96.72,0.168141592920354,0.008849557522123894,0.2715663716814159,0.20394736842105263,0.046052631578947366,0.3465346534653465,0.4424778761061947,,,,,,,,,,,2026-07-07T13:22:33.296448+00:00
677942,Blaze Alexander,BAL,677.0,0.36182271333333327,0.3038677613570759,0.2343782299617634,0.36182271333333327,0.30006431518008964,0.9980582524271845,89.61495327102799,103.74000000000001,0.4766355140186916,0.08411214953271028,0.4294245283018866,0.19607843137254902,0.06535947712418301,0.2893772893772894,0.45794392523364486,90.29444444444447,101.44999999999999,0.5,0.08333333333333333,0.38066666666666665,0.21428571428571427,0.08928571428571429,0.28846153846153844,0.3888888888888889,56.0,2026-07-07T13:22:33.296448+00:00
607461,Matt Beaty,KC,675.0,0.27662823116809115,0.2973782630510663,0.271829147089947,0.35369118000000005,0.3033059891159303,0.017208413001912046,82.93495145631067,100.52,0.22330097087378642,0.019417475728155338,0.2856991618952784,0.2,0.05333333333333334,0.2939068100358423,0.2912621359223301,,,,,,,,,,,2026-07-07T13:22:33.296448+00:00
425796,Jeff Francoeur,ATL,674.0,0.25496488,0.2960315966666667,0.24389005333333336,0.33939106,0.2925714438242899,0.09689922480620156,85.24044943820228,102.42000000000002,0.2808988764044944,0.0449438202247191,0.332840909090909,0.31333333333333335,0.07333333333333333,0.4471299093655589,0.30337078651685395,,,,,,,,,,,2026-07-07T13:22:33.296448+00:00
407781,Marlon Byrd,CLE,673.0,0.3229008,0.31511563333333337,0.2772012533333334,0.36209288,0.3157521626110007,0.7276341948310139,86.95263157894739,100.70000000000002,0.3684210526315789,0.08421052631578947,0.4090105263157895,0.2781456953642384,0.0728476821192053,0.4160839160839161,0.45263157894736844,,,,,,,,,,,2026-07-07T13:22:33.296448+00:00
676369,Nelson Velázquez,STL,670.0,0.37832296919869235,0.32308179526991065,0.27175567978213055,0.38144354239207007,0.32880379765297973,0.9903474903474904,91.32596153846154,104.74,0.5096153846153846,0.11538461538461539,0.42501349403657557,0.19205298013245034,0.10596026490066225,0.25622775800711745,0.34615384615384615,97.20555555555556,104.38,0.7222222222222222,0.05555555555555555,0.405,0.14814814814814814,0.18518518518518517,0.288135593220339,0.3888888888888889,27.0,2026-07-07T13:22:33.296448+00:00
430637,Kelly Johnson,NYM,669.0,0.31527352666666675,0.30190462,0.25803058,0.3557483533333333,0.3024162053754943,0.7035573122529645,85.95363636363635,102.62,0.3090909090909091,0.06363636363636363,0.3605818181818183,0.19333333333333333,0.06,0.27816901408450706,0.32727272727272727,,,,,,,,,,,2026-07-07T13:22:33.296448+00:00
676116,Ryan Noda,CWS,666.0,0.25216225901355416,0.33012061932032455,0.24012660012098375,0.37166043253747677,0.3155173828432205,0.058823529411764705,85.74,104.0,0.37142857142857144,0.07142857142857142,0.3162043746671469,0.37254901960784315,0.1503267973856209,0.20245398773006135,0.24285714285714285,,,,,,,,,,,2026-07-07T13:22:33.296448+00:00
640447,Phillip Ervin,SEA,661.0,0.28156795333333334,0.29766601333333337,0.25250411333333334,0.35103059999999997,0.29766990231536933,0.3033932135728543,85.14673913043478,101.96000000000001,0.2391304347826087,0.021739130434782608,0.29832608695652174,0.22875816993464052,0.11764705882352941,0.21450151057401812,0.3804347826086957,,,,,,,,,,,2026-07-07T13:22:33.296448+00:00
641525,Brandon Dixon,SD,660.0,0.23605732500813767,0.30941986,0.22785001333333332,0.35076983333333334,0.29950111200247315,0.013779527559055118,86.8336956521739,105.49000000000001,0.29347826086956524,0.06521739130434782,0.33064749729587656,0.34210526315789475,0.019736842105263157,0.30141843971631205,0.29347826086956524,,,,,,,,,,,2026-07-07T13:22:33.296448+00:00
660644,Vidal Bruján,NYM,660.0,0.27076158927516936,0.2519181035264735,0.20509238006006006,0.29764006722222225,0.2514306126375027,0.826,85.2099099099099,99.9,0.2972972972972973,0.009009009009009009,0.29972250355704905,0.19078947368421054,0.06578947368421052,0.268,0.34234234234234234,,,,,,1.0,0.0,0.4,,1.0,2026-07-07T13:22:33.296448+00:00
663968,Jake Mangum,PIT,659.0,0.27983230000000003,0.279205114308943,0.23784530132104456,0.3080474638593252,0.2757398323285977,0.5171717171717172,82.08461538461536,99.32,0.23931623931623933,0.017094017094017096,0.3005603448275861,0.15894039735099338,0.039735099337748346,0.4721311475409836,0.27350427350427353,82.74363636363636,100.22,0.2727272727272727,0.01818181818181818,0.3014363636363635,0.18666666666666668,0.04,0.48148148148148145,0.18181818181818182,75.0,2026-07-07T13:22:33.296448+00:00
664901,Danny Mendick,CWS,658.0,0.26224225548645963,0.26055651450549455,0.2307760452525253,0.2911057291156463,0.26269935096601715,0.54,82.08653846153844,99.24,0.23076923076923078,0.057692307692307696,0.31279943928199855,0.24,0.04666666666666667,0.2846975088967972,0.3076923076923077,,,,,,,,,,,2026-07-07T13:22:33.296448+00:00
346874,Juan Uribe,CLE,656.0,0.3307719133333333,0.32142693666666666,0.27344181999999995,0.36556816666666664,0.3200206522222227,0.5863453815261044,88.89478260869565,104.1,0.4,0.08695652173913043,0.382608695652174,0.18543046357615894,0.033112582781456956,0.3527272727272727,0.3565217391304348,,,,,,,,,,,2026-07-07T13:22:33.296448+00:00
605512,Preston Tucker,ATL,652.0,0.2810435333333334,0.29056966,0.23858072666666663,0.3415621200000001,0.2911230302008031,0.37349397590361444,89.95399999999998,105.91000000000001,0.39,0.03,0.3169100000000001,0.23841059602649006,0.0728476821192053,0.23588039867109634,0.26,,,,,,,,,,,2026-07-07T13:22:33.296448+00:00
670097,Zack Short,DET,651.0,0.25786824980016887,0.27253845660095466,0.20828861143337649,0.3110452807280987,0.2711418106043897,0.19795918367346937,81.88977272727273,100.13,0.2840909090909091,0.056818181818181816,0.274804588928873,0.2894736842105263,0.1118421052631579,0.23209169054441262,0.29545454545454547,71.65,90.63000000000001,0.0,0.0,0.3193333333333333,0.5555555555555556,0.0,0.2777777777777778,0.5,9.0,2026-07-07T13:22:33.296448+00:00
644374,Yu Chang,BOS,650.0,0.29414342360009854,0.2878335408328029,0.24524671929824562,0.332044568816478,0.28395896467214915,0.6177062374245473,86.53655913978494,104.92,0.3978494623655914,0.07526881720430108,0.37508403243713695,0.29333333333333333,0.06,0.32727272727272727,0.34408602150537637,,,,,,,,,,,2026-07-07T13:22:33.296448+00:00
667472,Dane Myers,CIN,649.0,0.37298016156821423,0.3130854011686941,0.23206056471736866,0.38087614823488086,0.3132927121171927,0.9615384615384616,88.31978021978021,104.7,0.4065934065934066,0.08791208791208792,0.44622842583913375,0.24342105263157895,0.1118421052631579,0.19344262295081968,0.4725274725274725,84.36666666666666,98.19,0.25,0.0,0.253,0.25,0.1,0.2619047619047619,0.3333333333333333,20.0,2026-07-07T13:22:33.296448+00:00
691176,Jasson Domínguez,NYY,648.0,0.2948417100025442,0.3051207845733427,0.2638909064516129,0.34651717634906487,0.306403873973739,0.3292929292929293,89.81869158878503,104.7,0.4205607476635514,0.056074766355140186,0.3439304532745947,0.21333333333333335,0.04666666666666667,0.3623693379790941,0.308411214953271,88.83396226415095,105.26,0.37735849056603776,0.07547169811320754,0.3467924528301886,0.25,0.039473684210526314,0.40131578947368424,0.33962264150943394,76.0,2026-07-07T13:22:33.296448+00:00
670712,Mike Brosseau,MIL,647.0,0.27178484952022086,0.2969594371521967,0.25240492750922305,0.32565366853862976,0.2932581457125675,0.18346774193548387,84.67391304347825,100.28,0.2826086956521739,0.08695652173913043,0.34410089595688176,0.304635761589404,0.052980132450331126,0.30363036303630364,0.3695652173913043,,,,,,,,,,,2026-07-07T13:22:33.296448+00:00
669134,Luis Campusano,SD,647.0,0.30246842752603087,0.30523658178757296,0.26592636766541794,0.379602627101984,0.3136573988666029,0.40725806451612906,87.84065934065936,103.4,0.42857142857142855,0.07692307692307693,0.3372505398780728,0.2565789473684211,0.125,0.29253731343283584,0.32967032967032966,93.23333333333333,97.14000000000001,0.6666666666666666,0.0,0.17033333333333334,0.2857142857142857,0.2857142857142857,0.2222222222222222,0.0,7.0,2026-07-07T13:22:33.296448+00:00
607387,Ryan Rua,TEX,647.0,0.252991,0.28270481999999997,0.2325871866666666,0.33559925999999995,0.2829026429508196,0.06557377049180328,90.3797752808989,107.42,0.4044943820224719,0.10112359550561797,0.3811797752808989,0.3618421052631579,0.03289473684210526,0.2815884476534296,0.30337078651685395,,,,,,,,,,,2026-07-07T13:22:33.296448+00:00
628450,Yadiel Hernandez,WSH,645.0,0.3386113758740193,0.3044041617192669,0.2627984302168601,0.3539773020638107,0.3058822270694987,0.9185336048879837,89.46272727272726,102.63,0.4636363636363636,0.09090909090909091,0.4031231034645719,0.2,0.05333333333333334,0.3388704318936877,0.4144144144144144,,,,,,,,,,,2026-07-07T13:22:33.296448+00:00
660294,Yoshi Tsutsugo,PIT,642.0,0.2452051491486291,0.29037272706108713,0.2322653358730159,0.3523231600000001,0.2907350604693797,0.05725971370143149,88.9633663366337,103.2,0.37623762376237624,0.0594059405940594,0.28233509279499375,0.25165562913907286,0.07947019867549669,0.2616279069767442,0.3069306930693069,,,,,,,,,,,2026-07-07T13:22:33.296448+00:00
695657,Colson Montgomery,CWS,641.0,0.34073066666666674,0.3326680633333334,0.2976686482675439,0.36694906666666666,0.3329721790784728,0.6908713692946058,88.35232558139536,106.6,0.4418604651162791,0.1511627906976744,0.4782674418604651,0.3333333333333333,0.07333333333333333,0.3566666666666667,0.37209302325581395,87.06511627906974,106.96000000000001,0.32558139534883723,0.18604651162790697,0.5470000000000002,0.35135135135135137,0.05405405405405406,0.36619718309859156,0.3953488372093023,74.0,2026-07-07T13:22:33.296448+00:00
543238,Anthony Gose,DET,639.0,0.2570440333333333,0.27425057999999997,0.24476603333333335,0.30985058,0.2743974213389713,0.10359408033826638,90.38783783783784,104.8,0.35135135135135137,0.02702702702702703,0.35774324324324325,0.3841059602649007,0.08609271523178808,0.23823529411764705,0.2972972972972973,,,,,,,,,,,2026-07-07T13:22:33.296448+00:00
424825,Coco Crisp,ATH,639.0,0.27029861333333327,0.29421672,0.24791781333333332,0.35075493333333335,0.2959452764189669,0.09129511677282377,84.29999999999995,98.74,0.2692307692307692,0.019230769230769232,0.2863592233009709,0.2052980132450331,0.09271523178807947,0.2582781456953642,0.36538461538461536,,,,,,,,,,,2026-07-07T13:22:33.296448+00:00
666163,Ben Rortvedt,TB,637.0,0.24060039719298237,0.2620437444610035,0.2123982866666666,0.31245969539842877,0.2646097773619793,0.2389937106918239,79.46415094339622,99.8,0.22641509433962265,0.02830188679245283,0.2474338988247317,0.19078947368421054,0.07894736842105263,0.2751677852348993,0.24528301886792453,,,,,,,,,,,2026-07-07T13:22:33.296448+00:00
642423,Magneuris Sierra,LAA,637.0,0.2110275133333333,0.24582578666666668,0.19010429333333334,0.2775387466666667,0.23856987421547385,0.12147505422993492,78.72079207920791,99.2,0.15841584158415842,0.0,0.26999999999999996,0.2847682119205298,0.046357615894039736,0.40808823529411764,0.2376237623762376,,,,,,,,,,,2026-07-07T13:22:33.296448+00:00
676356,Jonny DeLuca,TB,635.0,0.28541304,0.27822440924694525,0.233701219982433,0.3055233541980895,0.27496930561465416,0.6757322175732218,83.08482142857144,102.87,0.2857142857142857,0.03571428571428571,0.3355636363636363,0.1986754966887417,0.052980132450331126,0.3333333333333333,0.3482142857142857,82.14838709677419,102.6,0.2903225806451613,0.06451612903225806,0.3558,0.14285714285714285,0.09523809523809523,0.22077922077922077,0.41935483870967744,42.0,2026-07-07T13:22:33.296448+00:00
491696,Jesús Sucre,BAL,630.0,0.24202420666666669,0.29002028,0.20754549999999997,0.3134893066666667,0.274442039286754,0.2576419213973799,86.1104347826087,100.28,0.25217391304347825,0.0,0.2713805309734514,0.18543046357615894,0.039735099337748346,0.3559322033898305,0.3217391304347826,,,,,,,,,,,2026-07-07T13:22:33.296448+00:00
666801,Rodolfo Castro,PIT,628.0,0.22519339076848904,0.2930456456122381,0.22292005743515575,0.33987750490395946,0.2932638164337949,0.004228329809725159,84.92417582417585,102.4,0.26373626373626374,0.054945054945054944,0.2736051715964106,0.30666666666666664,0.08,0.3006535947712418,0.27472527472527475,,,,,,,,,,,2026-07-07T13:22:33.296448+00:00
571974,John Ryan Murphy,PIT,627.0,0.2582236266666667,0.27834746000000005,0.19160043333333338,0.3272033133333333,0.273369915262779,0.31965442764578833,84.1837837837838,102.21,0.32432432432432434,0.0945945945945946,0.43204166666666666,0.42,0.07333333333333333,0.32974910394265233,0.40540540540540543,,,,,,,,,,,2026-07-07T13:22:33.296448+00:00
622168,Yairo Muñoz,PHI,627.0,0.26598183033138395,0.2883357,0.23688263999999995,0.32521493333333334,0.2823917443989744,0.2878464818763326,86.37027027027025,101.1,0.34234234234234234,0.02702702702702703,0.31901114008745585,0.21333333333333335,0.03333333333333333,0.4788732394366197,0.2882882882882883,,,,,,,,,,,2026-07-07T13:22:33.296448+00:00
665966,Carlos Narváez,BOS,627.0,0.26410086000000005,0.2838957711963655,0.24737986212244403,0.352022540660797,0.2906515953793908,0.1540084388185654,90.14534883720934,103.65,0.4069767441860465,0.06976744186046512,0.3389764705882354,0.3333333333333333,0.07333333333333333,0.34967320261437906,0.37209302325581395,91.66470588235293,106.32,0.4117647058823529,0.11764705882352941,0.39193750000000005,0.40625,0.03125,0.3157894736842105,0.47058823529411764,32.0,2026-07-07T13:22:33.296448+00:00
573627,Kennys Vargas,MIN,627.0,0.29473428,0.30369721999999993,0.2631660066666667,0.3553635866666668,0.3046648464968158,0.34182590233545646,85.8926829268293,107.78,0.35365853658536583,0.08536585365853659,0.3785609756097562,0.32,0.11333333333333333,0.2598870056497175,0.34146341463414637,,,,,,,,,,,2026-07-07T13:22:33.296448+00:00
686611,Dylan Crews,WSH,626.0,0.34971064,0.31461804827453516,0.2741159899580369,0.34971064,0.31345629886526627,0.9978768577494692,91.59811320754714,106.9,0.5,0.09433962264150944,0.4084528301886792,0.21333333333333335,0.04666666666666667,0.3382899628252788,0.33962264150943394,90.80357142857144,107.05,0.4642857142857143,0.08928571428571429,0.39180357142857153,0.2289156626506024,0.07228915662650602,0.3333333333333333,0.3392857142857143,83.0,2026-07-07T13:22:33.296448+00:00
593700,Alen Hanson,TOR,625.0,0.21625673999999998,0.23769051333333327,0.21172393333333334,0.27669794666666664,0.2392715055384616,0.04835164835164835,82.2989247311828,98.52,0.1935483870967742,0.03225806451612903,0.30472043010752686,0.32,0.02666666666666667,0.3857677902621723,0.3225806451612903,,,,,,,,,,,2026-07-07T13:22:33.296448+00:00
623205,Andrew Velazquez,LAA,625.0,0.24390325933013757,0.25692628454408684,0.2060295888723609,0.2964846132915804,0.2523930024083951,0.38293216630196936,78.74939759036143,100.76,0.25301204819277107,0.07228915662650602,0.3131302396922839,0.33774834437086093,0.07947019867549669,0.299625468164794,0.3132530120481928,,,,,,,,,,,2026-07-07T13:22:33.296448+00:00
660757,Oscar Gonzalez,SD,624.0,0.2779667673576869,0.3053047492731713,0.2561412821272184,0.36797415488821833,0.3071332458068334,0.1791044776119403,88.89719626168225,106.44,0.45794392523364486,0.09345794392523364,0.3634590009687198,0.26490066225165565,0.019867549668874173,0.511864406779661,0.32710280373831774,,,,,,,,,,,2026-07-07T13:22:33.296448+00:00
702284,Cole Young,SEA,622.0,0.3414247933333333,0.3286510175757576,0.2808457254241655,0.36110595333333334,0.32453714036678405,0.8838709677419355,87.85609756097558,104.41999999999999,0.35772357723577236,0.04065040650406504,0.3715573770491803,0.13245033112582782,0.033112582781456956,0.3115942028985507,0.34146341463414637,89.20961538461539,104.50999999999999,0.34615384615384615,0.057692307692307696,0.37513461538461557,0.15151515151515152,0.045454545454545456,0.24793388429752067,0.28846153846153844,66.0,2026-07-07T13:22:33.296448+00:00
676572,Eric Wagaman,NYM,622.0,0.34370927307683935,0.3137323801336909,0.25671398463019246,0.36300012158732503,0.31180740601963775,0.8912579957356077,91.65504587155965,108.72,0.46788990825688076,0.09174311926605505,0.39624277946354053,0.20261437908496732,0.0718954248366013,0.2534722222222222,0.3853211009174312,86.74999999999999,104.82,0.2777777777777778,0.05555555555555555,0.29155555555555557,0.15384615384615385,0.11538461538461539,0.23529411764705882,0.3888888888888889,26.0,2026-07-07T13:22:33.296448+00:00
666149,Tyler Fitzgerald,SF,618.0,0.23828857185702731,0.26925522985854883,0.21347846404040405,0.37058007957652883,0.2801201130819526,0.2017353579175705,82.73736263736264,100.5,0.2967032967032967,0.04395604395604396,0.30680736527073665,0.32679738562091504,0.0718954248366013,0.32,0.3516483516483517,,,,,,,,,,,2026-07-07T13:22:33.296448+00:00
595956,Cam Gallagher,CLE,618.0,0.17343624959794016,0.26394712,0.17264958293127347,0.29384582666666664,0.2555514483531219,0.008695652173913044,81.63061224489797,98.98,0.20408163265306123,0.02040816326530612,0.2296512289764391,0.3223684210526316,0.02631578947368421,0.3120567375886525,0.25510204081632654,,,,,,,,,,,2026-07-07T13:22:33.296448+00:00
514913,Rubén Tejada,NYM,618.0,0.29307609333333334,0.31052633333333335,0.25519507999999996,0.36233850000000006,0.30963766408888854,0.23555555555555555,85.38706896551726,99.15,0.2672413793103448,0.008620689655172414,0.2978956521739131,0.1390728476821192,0.06622516556291391,0.23137254901960785,0.35344827586206895,,,,,,,,,,,2026-07-07T13:22:33.296448+00:00
641796,Tim Locastro,NYM,617.0,0.2869414072613821,0.28635134,0.24747515555555558,0.3386464047863248,0.2911191026739481,0.5076252723311547,83.48762886597937,99.78,0.2268041237113402,0.05154639175257732,0.33926515883376124,0.25,0.039473684210526314,0.35968379446640314,0.3711340206185567,,,,,,,,,,,2026-07-07T13:22:33.296448+00:00
433217,Andrés Blanco,PHI,614.0,0.25597285333333325,0.29849494666666665,0.22462359999999995,0.35871936666666676,0.3002724923348017,0.09251101321585903,84.44326923076923,101.16,0.2403846153846154,0.028846153846153848,0.2892307692307693,0.23026315789473684,0.07894736842105263,0.30851063829787234,0.3076923076923077,,,,,,,,,,,2026-07-07T13:22:33.296448+00:00
682641,Luis Matos,MIL,614.0,0.245315058436942,0.280479523903507,0.23211387099778907,0.326483510313567,0.27900707978118655,0.05856832971800434,87.07652173913044,100.75999999999999,0.3565217391304348,0.06086956521739131,0.26583329361340263,0.17880794701986755,0.059602649006622516,0.4020979020979021,0.3217391304347826,,,,,,,,,,,2026-07-07T13:22:33.296448+00:00
666211,Taylor Trammell,HOU,613.0,0.2801413466666667,0.2756751256323887,0.22883926891449757,0.30799477484271737,0.2721825161821095,0.6078431372549019,87.14545454545454,107.66999999999999,0.36363636363636365,0.07954545454545454,0.3699540229885058,0.32666666666666666,0.08,0.286231884057971,0.3068181818181818,88.12608695652172,109.5,0.43478260869565216,0.21739130434782608,0.5169999999999999,0.2972972972972973,0.08108108108108109,0.25,0.34782608695652173,37.0,2026-07-07T13:22:33.296448+00:00
679845,Nick Loftin,KC,613.0,0.31251698666666666,0.2992179352105953,0.254053012807581,0.34226098000000005,0.2960964162898004,0.8257080610021786,86.76216216216217,100.4,0.2882882882882883,0.06306306306306306,0.3037090909090909,0.1390728476821192,0.09933774834437085,0.22727272727272727,0.40540540540540543,88.14423076923077,101.25,0.2692307692307692,0.057692307692307696,0.32517307692307695,0.14492753623188406,0.08695652173913043,0.23703703703703705,0.40384615384615385,69.0,2026-07-07T13:22:33.296448+00:00
665506,Cristian Pache,PHI,610.0,0.2418967545928147,0.2655393188359788,0.23553179769057161,0.32000498579481984,0.2709631428546413,0.039647577092511016,87.07058823529412,103.64000000000001,0.36470588235294116,0.058823529411764705,0.3376949669284964,0.36423841059602646,0.0728476821192053,0.2792207792207792,0.23529411764705882,,,,,,,,,,,2026-07-07T13:22:33.296448+00:00
642082,Chance Sisco,BAL,608.0,0.2653447123809524,0.31173958,0.2653447123809524,0.35344104000000004,0.3101182140022924,0.0,84.06249999999999,99.89,0.2159090909090909,0.045454545454545456,0.29182662337662335,0.2781456953642384,0.08609271523178808,0.2616487455197133,0.3522727272727273,,,,,,,,,,,2026-07-07T13:22:33.296448+00:00
622569,Pablo Reyes,NYY,607.0,0.25099551728313024,0.2736707505187835,0.23434974000000003,0.3311703871930686,0.2785856277097317,0.1759465478841871,86.16601941747574,102.38000000000001,0.32038834951456313,0.038834951456310676,0.2780326528673485,0.23026315789473684,0.07236842105263158,0.21666666666666667,0.27184466019417475,,,,,,,,,,,2026-07-07T13:22:33.296448+00:00
543776,JB Shuck,PIT,606.0,0.26863524000000005,0.26274122,0.2321336,0.28347566,0.26013682722854986,0.621867881548975,85.70555555555556,99.86,0.26851851851851855,0.0,0.2634351851851852,0.14666666666666667,0.10666666666666667,0.27796610169491526,0.26851851851851855,,,,,,,,,,,2026-07-07T13:22:33.296448+00:00
691594,Javier Sanoja,MIA,604.0,0.29047678666666665,0.2745891655481785,0.2501976757589626,0.31553083993414344,0.2768149802677284,0.7718120805369127,85.55833333333335,101.21000000000001,0.3333333333333333,0.015151515151515152,0.2951068702290076,0.07894736842105263,0.046052631578947366,0.403921568627451,0.3308270676691729,87.3301886792453,102.00000000000001,0.39622641509433965,0.018867924528301886,0.33120754716981143,0.05084745762711865,0.05084745762711865,0.3157894736842105,0.33962264150943394,59.0,2026-07-07T13:22:33.296448+00:00
408299,Omar Infante,KC,604.0,0.29455672,0.25888248,0.21998352666666662,0.30169672,0.25602715810185184,0.9768518518518519,85.88672566371682,98.17999999999999,0.23893805309734514,0.0,0.3030796460176993,0.15894039735099338,0.059602649006622516,0.3269230769230769,0.40707964601769914,,,,,,,,,,,2026-07-07T13:22:33.296448+00:00
805300,Jakob Marsee,MIA,603.0,0.31476277333333336,0.304969508524909,0.2742139650980392,0.3686516190448073,0.3086851197237932,0.6345291479820628,83.94193548387098,102.02,0.2903225806451613,0.03225806451612903,0.3300439560439561,0.21333333333333335,0.12,0.22569444444444445,0.3333333333333333,84.43846153846152,102.94999999999999,0.28846153846153844,0.038461538461538464,0.30601999999999996,0.2125,0.0875,0.23529411764705882,0.3076923076923077,80.0,2026-07-07T13:22:33.296448+00:00
519333,Matt Szczur,SD,601.0,0.23109207333333331,0.2829888599999999,0.22589520666666668,0.32961134000000003,0.28390752287490284,0.011655011655011656,83.79,100.56,0.24444444444444444,0.011111111111111112,0.25172222222222224,0.26143790849673204,0.09803921568627451,0.27037037037037037,0.3333333333333333,,,,,,,,,,,2026-07-07T13:22:33.296448+00:00
605421,Michael Pérez,NYM,600.0,0.26984023980255073,0.260544884387582,0.21806537363636366,0.3144663056790124,0.26616560507881987,0.5861297539149888,87.46990291262134,102.8,0.3592233009708738,0.08737864077669903,0.32251842127826097,0.25,0.07236842105263158,0.27697841726618705,0.3592233009708738,,,,,,,,,,,2026-07-07T13:22:33.296448+00:00
596451,Roman Quinn,TB,599.0,0.26677355643567924,0.26507276,0.22899809999999998,0.31060771333333337,0.2663529516557571,0.5486111111111112,82.15454545454544,104.24000000000001,0.35064935064935066,0.03896103896103896,0.3563192527967778,0.36666666666666664,0.08666666666666667,0.20735785953177258,0.33766233766233766,,,,,,,,,,,2026-07-07T13:22:33.296448+00:00
435064,Bobby Wilson,DET,597.0,0.21384593333333327,0.24448065333333338,0.1961816,0.28105720666666667,0.2418234576751346,0.13163972286374134,79.66666666666667,97.72,0.16161616161616163,0.020202020202020204,0.23273469387755097,0.24666666666666667,0.08,0.3425925925925926,0.32323232323232326,,,,,,,,,,,2026-07-07T13:22:33.296448+00:00
449107,Mike Aviles,MIA,595.0,0.2673936666666666,0.2604032133333333,0.23853829333333332,0.3168026866666666,0.2651941218167456,0.6184834123222749,83.09831932773106,98.14,0.19327731092436976,0.0,0.2797033898305086,0.13157894736842105,0.05263157894736842,0.2737642585551331,0.2857142857142857,,,,,,,,,,,2026-07-07T13:22:33.296448+00:00
660766,Juan Yepez,WSH,592.0,0.2870751810102016,0.2931182988218016,0.26766242602227014,0.328225594291453,0.2963767230967476,0.3295194508009153,85.25357142857142,104.95000000000002,0.32142857142857145,0.05357142857142857,0.3071246500137857,0.17333333333333334,0.06666666666666667,0.3470031545741325,0.26548672566371684,,,,,,,,,,,2026-07-07T13:22:33.296448+00:00
663527,Tyler Nevin,ATH,591.0,0.28424271423804287,0.30286064571668614,0.2625458626565156,0.3426150967169294,0.30337239914942593,0.1461187214611872,89.11122448979593,103.73,0.37755102040816324,0.10204081632653061,0.3219202973031268,0.23841059602649006,0.09271523178807947,0.2633333333333333,0.37373737373737376,,,,,,,,,,,2026-07-07T13:22:33.296448+00:00
553902,Willians Astudillo,MIA,589.0,0.2754743827513227,0.2939993331601732,0.25852734009784256,0.36937164000000006,0.3031670253641496,0.1336405529953917,85.63571428571429,101.75,0.29285714285714287,0.02142857142857143,0.26961713151927436,0.039473684210526314,0.02631578947368421,0.47257383966244726,0.35,,,,,,,,,,,2026-07-07T13:22:33.296448+00:00
621514,Christin Stewart,DET,588.0,0.2701630133333333,0.3167494066666666,0.26759634666666665,0.3761497733333334,0.3204981920737331,0.01152073732718894,85.52061855670104,102.44,0.30927835051546393,0.09278350515463918,0.35220618556701033,0.29411764705882354,0.0392156862745098,0.3198757763975155,0.35051546391752575,,,,,,,,,,,2026-07-07T13:22:33.296448+00:00
641319,Carlos Asuaje,SD,588.0,0.2853977,0.28431444,0.24329521333333332,0.31525026666666667,0.28169964783847995,0.5463182897862233,87.7725274725275,99.0,0.26373626373626374,0.04395604395604396,0.32493406593406593,0.23841059602649006,0.10596026490066225,0.25259515570934254,0.3956043956043956,,,,,,,,,,,2026-07-07T13:22:33.296448+00:00
592407,Bryan Holaday,AZ,586.0,0.24579827904761908,0.2586938233333333,0.2182502,0.2890663,0.254656842904091,0.3403755868544601,87.16666666666664,98.87,0.28431372549019607,0.00980392156862745,0.284873949579832,0.24666666666666667,0.05333333333333334,0.25539568345323743,0.3627450980392157,,,,,,,,,,,2026-07-07T13:22:33.296448+00:00
686894,Joey Wiemer,WSH,586.0,0.31390942358446017,0.29437716563160565,0.23969981206739205,0.3483215313362786,0.29189238470998724,0.8816705336426914,89.06315789473685,103.1,0.5,0.11842105263157894,0.43899459917985545,0.35333333333333333,0.1,0.2986577181208054,0.34210526315789475,,,,,,,,,,,2026-07-07T13:22:33.296448+00:00
547957,Hyun Soo Kim,BAL,586.0,0.31979023333333334,0.3294796666666667,0.3003918066666667,0.36730604666666666,0.33265791965811964,0.20745920745920746,89.57920792079207,101.8,0.39603960396039606,0.04950495049504951,0.359960396039604,0.21333333333333335,0.1,0.17684887459807075,0.3564356435643564,,,,,,,,,,,2026-07-07T13:22:33.296448+00:00
592122,Tyler Austin,SF,584.0,0.3280240333333333,0.3326534,0.27984983333333335,0.37851357333333335,0.33253927203100747,0.3674418604651163,91.90933333333332,107.38,0.5066666666666667,0.17333333333333334,0.48117333333333323,0.3660130718954248,0.12418300653594772,0.2631578947368421,0.25333333333333335,,,,,,,,,,,2026-07-07T13:22:33.296448+00:00
519295,Jake Smolinski,ATH,582.0,0.2434855933333333,0.31146831333333336,0.23789892666666665,0.36832248666666667,0.3127737273617693,0.004739336492890996,85.72105263157896,102.4,0.32456140350877194,0.017543859649122806,0.28571681415929207,0.20394736842105263,0.019736842105263157,0.3283018867924528,0.2631578947368421,,,,,,,,,,,2026-07-07T13:22:33.296448+00:00
641786,Kyle Lewis,AZ,580.0,0.30330824405813167,0.33843354000000003,0.2974384507247984,0.3775856950150157,0.3371515234310566,0.039627039627039624,89.88351648351647,105.1,0.31868131868131866,0.13186813186813187,0.40812339130461267,0.3157894736842105,0.06578947368421052,0.27575757575757576,0.3626373626373626,,,,,,,,,,,2026-07-07T13:22:33.296448+00:00
665155,Nick Maton,CWS,579.0,0.2575180751145027,0.29092098355488943,0.23489812516408481,0.33273436884285235,0.2892545978192318,0.0591016548463357,86.91182795698924,100.78,0.3118279569892473,0.053763440860215055,0.281479470295385,0.2582781456953642,0.11258278145695365,0.25892857142857145,0.3010752688172043,,,,,,,,,,,2026-07-07T13:22:33.296448+00:00
641943,Joshua Palacios,CWS,579.0,0.3041374835143057,0.31122991024150115,0.2736981592526676,0.35580006716354134,0.31206064317037285,0.32857142857142857,86.53999999999999,104.84,0.4105263157894737,0.08421052631578947,0.3443203141185729,0.24183006535947713,0.09803921568627451,0.2730496453900709,0.3020833333333333,,,,,,,,,,,2026-07-07T13:22:33.296448+00:00
572138,Jon Singleton,HOU,578.0,0.3090239303794914,0.31512283154351245,0.26916147090715753,0.35268213826299305,0.3131224673719249,0.3583138173302108,88.18297872340425,104.38,0.35106382978723405,0.11702127659574468,0.38353855911620954,0.2875816993464052,0.09803921568627451,0.2476489028213166,0.32978723404255317,,,,,,,,,,,2026-07-07T13:22:33.296448+00:00
519208,Clint Robinson,WSH,577.0,0.29498516,0.34714549333333333,0.2666176066666667,0.3810909666666666,0.3338169005955336,0.12903225806451613,87.09134615384612,104.8,0.34615384615384615,0.04807692307692308,0.3024230769230769,0.1456953642384106,0.07947019867549669,0.2467948717948718,0.3076923076923077,,,,,,,,,,,2026-07-07T13:22:33.296448+00:00
691723,Coby Mayo,BAL,577.0,0.2770972333333334,0.2919750991615161,0.24730019237990683,0.3281167679278161,0.28923016889151726,0.21779859484777517,93.81046511627906,109.8,0.5581395348837209,0.10465116279069768,0.38456976744186055,0.3509933774834437,0.06622516556291391,0.3220858895705521,0.26744186046511625,95.20000000000003,107.0,0.5454545454545454,0.045454545454545456,0.2813181818181818,0.35,0.1,0.3473684210526316,0.22727272727272727,40.0,2026-07-07T13:22:33.296448+00:00
623168,Tyler Heineman,TOR,576.0,0.24087425333333334,0.2798157461538462,0.23154432666666666,0.3193651730158731,0.2773491371759944,0.044009779951100246,79.70982142857142,97.0,0.15178571428571427,0.008928571428571428,0.2577452830188679,0.1895424836601307,0.0457516339869281,0.397212543554007,0.3125,78.41666666666667,97.9,0.16666666666666666,0.0,0.3438333333333334,0.1875,0.0625,0.4,0.5,16.0,2026-07-07T13:22:33.296448+00:00
807713,Matt Shaw,CHC,576.0,0.29886577333333336,0.3049411397346948,0.28531749289142444,0.32160414349130495,0.3045603880333305,0.22641509433962265,85.28679245283017,101.25,0.3584905660377358,0.04716981132075472,0.31896190476190484,0.19205298013245034,0.08609271523178808,0.3498452012383901,0.3584905660377358,85.90833333333335,102.04,0.375,0.041666666666666664,0.2935833333333333,0.20512820512820512,0.15384615384615385,0.3333333333333333,0.25,39.0,2026-07-07T13:22:33.296448+00:00
700337,Edgar Quero,CWS,575.0,0.26993540666666677,0.27767519382763695,0.23632499333333332,0.32523414180825533,0.27647022615890743,0.3919239904988123,89.7090909090909,103.63999999999999,0.3434343434343434,0.030303030303030304,0.302265306122449,0.24183006535947713,0.0718954248366013,0.2709030100334448,0.29292929292929293,92.98666666666668,105.86,0.4666666666666667,0.06666666666666667,0.37453333333333344,0.11764705882352941,0.0,0.17857142857142858,0.2,17.0,2026-07-07T13:22:33.296448+00:00
547170,Nicky Delmonico,CWS,574.0,0.24773188666666665,0.29531820666666664,0.23793668,0.33665404,0.2905959036176938,0.03317535545023697,83.00219780219781,101.4,0.26373626373626374,0.054945054945054944,0.3240989010989011,0.32894736842105265,0.05921052631578947,0.28530259365994237,0.3516483516483517,,,,,,,,,,,2026-07-07T13:22:33.296448+00:00
596105,Dwight Smith Jr.,BAL,569.0,0.26348393333333336,0.28854553333333327,0.23933121333333332,0.3447677733333333,0.29168798713252986,0.14216867469879518,89.64536082474227,106.2,0.4329896907216495,0.030927835051546393,0.29348958333333325,0.25165562913907286,0.08609271523178808,0.2389937106918239,0.23711340206185566,,,,,,,,,,,2026-07-07T13:22:33.296448+00:00
116338,Torii Hunter,MIN,568.0,0.2842352733333333,0.30426107333333335,0.2316110866666667,0.3338046,0.294420023194784,0.34474327628361856,86.57431192660549,101.3,0.28440366972477066,0.027522935779816515,0.32733027522935787,0.21710526315789475,0.046052631578947366,0.3333333333333333,0.3577981651376147,,,,,,,,,,,2026-07-07T13:22:33.296448+00:00
643524,Frank Schwindel,CHC,567.0,0.2895760509792603,0.30390507992820925,0.26291275646086054,0.37137595686591895,0.3066712726867576,0.3829268292682927,89.26972477064218,103.82000000000001,0.4036697247706422,0.045871559633027525,0.31673900069229804,0.17763157894736842,0.08552631578947369,0.35514018691588783,0.32432432432432434,,,,,,,,,,,2026-07-07T13:22:33.296448+00:00
543590,Kirk Nieuwenhuis,MIL,566.0,0.3045978933333333,0.3161633366666667,0.2734749333333334,0.34808732666666664,0.31481459174836607,0.20833333333333334,90.10281690140846,104.8,0.39436619718309857,0.11267605633802817,0.40209859154929584,0.36,0.13333333333333333,0.2611111111111111,0.29577464788732394,,,,,,,,,,,2026-07-07T13:22:33.296448+00:00
645444,Jose Herrera,AZ,562.0,0.2514719775950487,0.24744761333333332,0.2032404777777778,0.2672850866666667,0.2453891300578148,0.6269430051813472,81.43939393939392,98.82000000000001,0.26262626262626265,0.010101010101010102,0.2477095344973329,0.2236842105263158,0.11842105263157894,0.15087719298245614,0.29292929292929293,,,,,,,,,,,2026-07-07T13:22:33.296448+00:00
460269,Chris Gimenez,CHC,561.0,0.31827006,0.29736619666666664,0.25726104666666666,0.3470093066666666,0.2995025874371859,0.8668341708542714,88.82747252747251,103.1,0.38461538461538464,0.03296703296703297,0.34874725274725277,0.24503311258278146,0.13245033112582782,0.21587301587301588,0.3516483516483517,,,,,,,,,,,2026-07-07T13:22:33.296448+00:00
664874,Seby Zavala,SEA,558.0,0.25473456727142857,0.2589766685495981,0.21944945762686283,0.30109551265127443,0.2638633334635106,0.4217171717171717,87.20930232558139,101.9,0.3953488372093023,0.05813953488372093,0.3423199769965575,0.33774834437086093,0.0728476821192053,0.3367003367003367,0.3488372093023256,,,,,,,,,,,2026-07-07T13:22:33.296448+00:00
695506,Jac Caglianone,KC,555.0,0.3897123533333334,0.33147167869936167,0.2998344026618813,0.43311726666666667,0.34324313567978515,0.874384236453202,92.74130434782607,109.94,0.5652173913043478,0.14130434782608695,0.5280108695652173,0.2980132450331126,0.07947019867549669,0.4104938271604938,0.3695652173913043,93.63269230769232,109.94,0.5961538461538461,0.15384615384615385,0.5215961538461539,0.2911392405063291,0.0379746835443038,0.4506172839506173,0.28846153846153844,79.0,2026-07-07T13:22:33.296448+00:00
596117,Garrett Stubbs,PHI,554.0,0.259870540952381,0.23529676220563323,0.20252270666666666,0.2793834648874569,0.23880123076084064,0.7688442211055276,78.8489583333333,97.15,0.14583333333333334,0.0,0.28153236607142856,0.2549019607843137,0.0718954248366013,0.3575757575757576,0.3958333333333333,78.8,96.5,0.16666666666666666,0.0,0.22466666666666668,0.25,0.0,0.42857142857142855,0.16666666666666666,8.0,2026-07-07T13:22:33.296448+00:00
457454,Jarrod Saltalamacchia,DET,553.0,0.21763653333333333,0.3276406833333333,0.2172232,0.4260841333333334,0.3340600003367002,0.005050505050505051,86.29466666666667,100.66,0.22666666666666666,0.06666666666666667,0.2971333333333334,0.40131578947368424,0.09868421052631579,0.2848101265822785,0.28,,,,,,,,,,,2026-07-07T13:22:33.296448+00:00
517370,Jimmy Paredes,PHI,551.0,0.2679178133333333,0.27623653000000004,0.2345065133333334,0.3246926733333334,0.27392413577441055,0.4065656565656566,89.82959183673466,103.09,0.37755102040816324,0.10204081632653061,0.3677959183673468,0.29333333333333333,0.03333333333333333,0.4702194357366771,0.2653061224489796,,,,,,,,,,,2026-07-07T13:22:33.296448+00:00
677588,José Tena,WSH,549.0,0.3289655133333334,0.30094787814814816,0.2376177822320768,0.33521304426166426,0.2961687216415602,0.9695431472081218,93.43820224719101,108.0,0.5842696629213483,0.11235955056179775,0.4517191011235955,0.32,0.08666666666666667,0.30363036303630364,0.38202247191011235,91.17083333333333,105.22999999999999,0.5,0.08333333333333333,0.4797500000000002,0.2564102564102564,0.1282051282051282,0.2911392405063291,0.375,39.0,2026-07-07T13:22:33.296448+00:00
519023,Devin Mesoraco,NYM,546.0,0.27021690000000004,0.30332253333333337,0.25373023333333333,0.33896553333333335,0.301858393589088,0.0639386189258312,85.79622641509434,99.25,0.25471698113207547,0.04716981132075472,0.28385849056603774,0.18,0.1,0.27335640138408307,0.29245283018867924,,,,,,,,,,,2026-07-07T13:22:33.296448+00:00
543216,Conor Gillaspie,SF,545.0,0.27874024666666664,0.28201643,0.2514126266666667,0.32589462,0.2844943663636365,0.43315508021390375,86.51929824561401,100.28999999999999,0.2894736842105263,0.03508771929824561,0.2899912280701754,0.125,0.06578947368421052,0.28368794326241137,0.4298245614035088,,,,,,,,,,,2026-07-07T13:22:33.296448+00:00
687093,Vaughn Grissom,LAA,542.0,0.3241390333333333,0.3081800621303792,0.27025986606687663,0.35543325589743585,0.31346819430419814,0.6368286445012787,88.92920353982296,103.56,0.415929203539823,0.061946902654867256,0.34204424778761067,0.15894039735099338,0.06622516556291391,0.275,0.40707964601769914,81.12000000000002,97.60000000000001,0.12,0.0,0.28315999999999997,0.24324324324324326,0.05405405405405406,0.34615384615384615,0.48,37.0,2026-07-07T13:22:33.296448+00:00
594953,Daniel Palka,CWS,542.0,0.2408383733333333,0.3020157,0.22457797333333337,0.34687493333333336,0.2976577475601377,0.04896907216494845,88.61688311688314,109.18,0.38961038961038963,0.1038961038961039,0.334,0.38,0.09333333333333334,0.36187845303867405,0.24675324675324675,,,,,,,,,,,2026-07-07T13:22:33.296448+00:00
807712,Luke Keaschall,MIN,541.0,0.31672809999999996,0.29482560666666663,0.25514606000000006,0.35639100668547347,0.29595593383348223,0.8431876606683805,84.18623853211014,99.34,0.29357798165137616,0.01834862385321101,0.305532110091743,0.14,0.09333333333333334,0.2178988326848249,0.41284403669724773,82.36888888888888,98.32,0.24444444444444444,0.022222222222222223,0.2968222222222222,0.125,0.125,0.1746031746031746,0.35555555555555557,64.0,2026-07-07T13:22:33.296448+00:00
429711,Franklin Gutierrez,LAD,536.0,0.3495697733333333,0.3708536033333333,0.3362780066666667,0.42180442,0.370346772627866,0.1746031746031746,90.45978260869566,105.54999999999998,0.4891304347826087,0.08695652173913043,0.4496630434782607,0.2781456953642384,0.10596026490066225,0.2553191489361702,0.31521739130434784,,,,,,,,,,,2026-07-07T13:22:33.296448+00:00
657061,Cole Tucker,LAA,536.0,0.2569973253570618,0.26441934535706174,0.20754382229885057,0.29464476,0.2560987581887789,0.3888888888888889,85.42234042553193,100.71000000000001,0.2872340425531915,0.0425531914893617,0.3362709659953113,0.30666666666666664,0.06,0.23659305993690852,0.3723404255319149,,,,,,,,,,,2026-07-07T13:22:33.296448+00:00
572114,Ryan Schimpf,LAA,535.0,0.3015055933333333,0.3376632533333333,0.2736308266666667,0.3841982866666666,0.33342274712401065,0.11345646437994723,86.77333333333334,102.97999999999999,0.36,0.17333333333333334,0.4358,0.38562091503267976,0.09803921568627451,0.19195046439628483,0.37333333333333335,,,,,,,,,,,2026-07-07T13:22:33.296448+00:00
686676,Korey Lee,CWS,532.0,0.25353746338801886,0.24603561038522195,0.21685227113553115,0.30366566653435384,0.2550005968215604,0.5567282321899736,88.08989898989897,103.02,0.3333333333333333,0.0707070707070707,0.3113569031449269,0.2733333333333333,0.06,0.2923076923076923,0.35353535353535354,,,,,,,,,,,2026-07-07T13:22:33.296448+00:00
537953,Daniel Nava,PHI,530.0,0.34290098666666663,0.33698117333333333,0.3045960466666666,0.37251416000000004,0.33533401660444445,0.6666666666666666,86.41388888888885,99.96000000000001,0.26851851851851855,0.046296296296296294,0.37077777777777793,0.18831168831168832,0.09740259740259741,0.20068027210884354,0.4444444444444444,,,,,,,,,,,2026-07-07T13:22:33.296448+00:00
600301,Taylor Motter,STL,529.0,0.24918811991242473,0.2565462666666667,0.23069345333333321,0.3537609333333333,0.2772369675510143,0.35013262599469497,85.35934065934067,105.8,0.42857142857142855,0.06593406593406594,0.3132794174380627,0.3092105263157895,0.07894736842105263,0.2702702702702703,0.34065934065934067,,,,,,,,,,,2026-07-07T13:22:33.296448+00:00
668472,Nick Pratto,KC,528.0,0.20554277475842167,0.2939995203254635,0.20309712809175498,0.35294153214519136,0.2894457950163309,0.015915119363395226,86.97714285714285,102.33,0.4,0.07142857142857142,0.3473347459109034,0.477124183006536,0.05228758169934641,0.3495440729483283,0.34285714285714286,,,,,,,,,,,2026-07-07T13:22:33.296448+00:00
656371,Isan Díaz,SF,528.0,0.23691811043626007,0.2775967560002437,0.23659144376959337,0.3029485134495415,0.2762750597127637,0.008152173913043478,88.40808080808081,103.6,0.40404040404040403,0.030303030303030304,0.28294344454529585,0.2565789473684211,0.09210526315789473,0.2825278810408922,0.21212121212121213,,,,,,,,,,,2026-07-07T13:22:33.296448+00:00
667452,Corey Julks,CWS,528.0,0.2269229289758585,0.2948081686726226,0.22352126230919184,0.3631460499712284,0.29987819699768187,0.005333333333333333,82.74949494949495,101.72,0.2222222222222222,0.020202020202020204,0.2811743469331189,0.2847682119205298,0.059602649006622516,0.29553264604810997,0.29292929292929293,,,,,,,,,,,2026-07-07T13:22:33.296448+00:00
608703,Matt Reynolds,CIN,528.0,0.23617090668534074,0.27103532666666663,0.23617090668534074,0.3127312298908716,0.27280919714754703,0.0,88.07777777777777,102.6,0.345679012345679,0.012345679012345678,0.2982099629975447,0.3509933774834437,0.09271523178807947,0.29721362229102166,0.2962962962962963,,,,,,,,,,,2026-07-07T13:22:33.296448+00:00
430605,Ryan Raburn,WSH,527.0,0.2852354666666666,0.3047851066666667,0.25214726,0.38454734666666673,0.3108904226126127,0.4297297297297297,86.78024691358024,102.9,0.41975308641975306,0.037037037037037035,0.391679012345679,0.35333333333333333,0.1,0.2516778523489933,0.4074074074074074,,,,,,,,,,,2026-07-07T13:22:33.296448+00:00
607385,Tyler Collins,DET,527.0,0.28887261333333325,0.30184713333333335,0.27188478000000005,0.3462066733333334,0.3056518366845879,0.12634408602150538,89.6952380952381,104.74,0.36904761904761907,0.05952380952380952,0.36734523809523806,0.3223684210526316,0.11842105263157894,0.23708206686930092,0.35714285714285715,,,,,,,,,,,2026-07-07T13:22:33.296448+00:00
425900,Dioner Navarro,CWS,526.0,0.21319094000000002,0.2700483533333333,0.21319094000000002,0.3221741066666666,0.27301650096803676,0.0,82.99607843137254,96.2,0.16666666666666666,0.0,0.23124509803921564,0.2251655629139073,0.059602649006622516,0.29354838709677417,0.3333333333333333,,,,,,,,,,,2026-07-07T13:22:33.296448+00:00
663630,Ryan McKenna,SF,525.0,0.27458885452695286,0.2709917104780145,0.2202225239344574,0.30555698826861327,0.26724943820001923,0.589041095890411,87.23510638297869,105.9,0.39361702127659576,0.0851063829787234,0.34579181515431795,0.2913907284768212,0.06622516556291391,0.3115942028985507,0.3191489361702128,,,,,,,,,,,2026-07-07T13:22:33.296448+00:00
553988,Dixon Machado,SF,523.0,0.25528324666666663,0.2864592333333333,0.24886706666666658,0.30947238666666665,0.28422590562271055,0.046703296703296704,81.89532710280375,96.74000000000001,0.16822429906542055,0.009345794392523364,0.28394392523364487,0.21052631578947367,0.05263157894736842,0.30798479087452474,0.3364485981308411,,,,,,,,,,,2026-07-07T13:22:33.296448+00:00
453400,Chris Johnson,MIA,521.0,0.28239352666666667,0.30448128666666663,0.26822791999999995,0.3370188,0.3035369658681523,0.06963788300835655,90.2707865168539,103.9,0.38202247191011235,0.033707865168539325,0.3796516853932584,0.2913907284768212,0.0728476821192053,0.30392156862745096,0.4044943820224719,,,,,,,,,,,2026-07-07T13:22:33.296448+00:00
133380,Aramis Ramirez,MIL,517.0,0.33459868000000004,0.3078934500000001,0.27880212000000004,0.3444226866666667,0.3067585775977651,0.9636871508379888,88.52773109243704,102.9,0.42857142857142855,0.09243697478991597,0.3413025210084034,0.12418300653594772,0.0915032679738562,0.36893203883495146,0.3025210084033613,,,,,,,,,,,2026-07-07T13:22:33.296448+00:00
666198,Carter Kieboom,LAA,517.0,0.24038984658693963,0.2942720155555556,0.22022691127983132,0.3619544461440822,0.2915111626033472,0.17307692307692307,83.86499999999998,100.94000000000001,0.26,0.03,0.2766825398804095,0.25,0.07894736842105263,0.28735632183908044,0.27,,,,,,,,,,,2026-07-07T13:22:33.296448+00:00
678225,Ji Hwan Bae,PIT,514.0,0.26413721690243636,0.26848552065359477,0.24740472825396825,0.2866887295424837,0.26862470632650104,0.3,85.44252873563218,103.08000000000001,0.367816091954023,0.09195402298850575,0.3281470866133961,0.31788079470198677,0.10596026490066225,0.2555205047318612,0.27586206896551724,,,,,,,,,,,2026-07-07T13:22:33.296448+00:00
676701,Alan Trejo,COL,512.0,0.2409517374385356,0.2739662243162597,0.23217840410520235,0.3023823476784654,0.27311402461805395,0.030726256983240222,84.93478260869566,99.52,0.24347826086956523,0.043478260869565216,0.25795831518389684,0.1830065359477124,0.05228758169934641,0.32954545454545453,0.22608695652173913,,,,,,,,,,,2026-07-07T13:22:33.296448+00:00
444843,Andre Ethier,LAD,510.0,0.3376966333333334,0.34663726000000006,0.31192041333333337,0.41409831999999996,0.3513241983527131,0.32848837209302323,86.10980392156861,102.0,0.29411764705882354,0.08823529411764706,0.40802941176470603,0.22666666666666666,0.08666666666666667,0.3028169014084507,0.4019607843137255,,,,,,,,,,,2026-07-07T13:22:33.296448+00:00
642727,Sergio Alcántara,SF,507.0,0.2587802715895801,0.26158933133485884,0.23437492757417516,0.29731308490444447,0.2636984161451818,0.4346590909090909,86.67669902912623,98.6,0.3592233009708738,0.009708737864077669,0.3097391430916214,0.26143790849673204,0.058823529411764705,0.27586206896551724,0.3592233009708738,,,,,,,,,,,2026-07-07T13:22:33.296448+00:00
572863,Dustin Garneau,DET,507.0,0.2968324399568704,0.2770725966666666,0.22846186000000002,0.3215940466666667,0.27320660207285574,0.76,85.93085106382979,103.73,0.35106382978723405,0.0851063829787234,0.37780747819054955,0.2847682119205298,0.08609271523178808,0.24662162162162163,0.30851063829787234,,,,,,,,,,,2026-07-07T13:22:33.296448+00:00
681715,Heriberto Hernández,MIA,503.0,0.38353821333333327,0.34630428161834304,0.2767466343203834,0.38353821333333327,0.33264708572843904,0.997134670487106,93.07019230769234,105.81,0.5288461538461539,0.11538461538461539,0.47187499999999993,0.2251655629139073,0.07947019867549669,0.29545454545454547,0.3942307692307692,93.1073170731707,106.2,0.5121951219512195,0.12195121951219512,0.39907317073170734,0.19672131147540983,0.13114754098360656,0.24603174603174602,0.34146341463414637,61.0,2026-07-07T13:22:33.296448+00:00
810938,Ben Williamson,TB,502.0,0.30165310666666667,0.2776848745341145,0.2333601905050505,0.32379255020979014,0.2771586866512929,0.7225433526011561,88.33333333333337,102.92,0.3619047619047619,0.01904761904761905,0.3285047619047618,0.18666666666666668,0.09333333333333334,0.28052805280528054,0.3238095238095238,85.2758620689655,100.94,0.2413793103448276,0.0,0.26806896551724135,0.1794871794871795,0.07692307692307693,0.2876712328767123,0.3448275862068966,39.0,2026-07-07T13:22:33.296448+00:00
687952,Christian Encarnacion-Strand,CIN,501.0,0.27563496235684826,0.3298542701457613,0.25603483884807615,0.3717334658256611,0.3227834750825487,0.05982905982905983,87.18454545454544,105.34,0.41818181818181815,0.08181818181818182,0.3386185850320655,0.23684210526315788,0.02631578947368421,0.46616541353383456,0.2909090909090909,,,,,,,,,,,2026-07-07T13:22:33.296448+00:00
500135,Ronny Rodríguez,DET,500.0,0.2730518,0.27418983333333335,0.22406589999999998,0.3542557333333332,0.28330095516569187,0.4824561403508772,87.34766355140184,102.34,0.38317757009345793,0.056074766355140186,0.3440747663551402,0.24342105263157895,0.039473684210526314,0.4560260586319218,0.29906542056074764,,,,,,,,,,,2026-07-07T13:22:33.296448+00:00
446653,Jose Lobatón,CHC,498.0,0.2947314333333333,0.3018451099999999,0.25982462,0.3338374866666667,0.3005860561876249,0.3562874251497006,85.68279569892474,101.94,0.3655913978494624,0.043010752688172046,0.3391413043478261,0.25165562913907286,0.11920529801324503,0.23102310231023102,0.33695652173913043,,,,,,,,,,,2026-07-07T13:22:33.296448+00:00
542908,Jett Bandy,MIL,494.0,0.2454365733333333,0.2720785666666668,0.24021349999999997,0.34447958666666667,0.27759929313432846,0.03880597014925373,83.0320987654321,99.0,0.20987654320987653,0.024691358024691357,0.30217283950617285,0.34,0.06666666666666667,0.40372670807453415,0.4444444444444444,,,,,,,,,,,2026-07-07T13:22:33.296448+00:00
656577,Alex Jackson,MIN,493.0,0.2565617522779622,0.22288800564031783,0.20309586451477668,0.27965174248225216,0.23090475280233944,0.8647058823529412,85.78539325842694,106.8,0.4044943820224719,0.10112359550561797,0.3446462117044309,0.34210526315789475,0.03289473684210526,0.3310344827586207,0.33707865168539325,79.35625,100.75,0.4375,0.0625,0.29593749999999996,0.19047619047619047,0.0,0.4594594594594595,0.1875,21.0,2026-07-07T13:22:33.296448+00:00
664057,Andrew Stevenson,MIN,489.0,0.2732773651395899,0.3076391564935065,0.2684593421092868,0.35240900333333336,0.3086432722524364,0.01529051987767584,87.565,104.71000000000001,0.4,0.05,0.33247412770938484,0.25165562913907286,0.059602649006622516,0.32950191570881227,0.29,,,,,,,,,,,2026-07-07T13:22:33.296448+00:00
592859,Stevie Wilkerson,BAL,487.0,0.2404467291774891,0.24515391333333325,0.21770853999999995,0.2753010291774892,0.2453986532776004,0.3592814371257485,85.09772727272725,97.73,0.22727272727272727,0.0,0.28295026564344744,0.304635761589404,0.07947019867549669,0.30313588850174217,0.3409090909090909,,,,,,,,,,,2026-07-07T13:22:33.296448+00:00
694388,Joey Loperfido,HOU,486.0,0.29262905829059827,0.2753006547303998,0.2260819474396627,0.30932682971916964,0.2726032802064752,0.7409638554216867,87.71684210526317,103.12,0.3473684210526316,0.06315789473684211,0.3463392525913802,0.2662337662337662,0.09090909090909091,0.3116883116883117,0.3263157894736842,85.55199999999999,104.12,0.36,0.12,0.41008333333333336,0.23076923076923078,0.10256410256410256,0.3333333333333333,0.36,39.0,2026-07-07T13:22:33.296448+00:00
607776,Mac Williamson,SEA,485.0,0.26166727999999995,0.28662144,0.25233054000000005,0.34073936000000005,0.28618956802431583,0.0851063829787234,85.18139534883723,103.95,0.3372093023255814,0.03488372093023256,0.3192790697674418,0.3157894736842105,0.09868421052631579,0.32463768115942027,0.29069767441860467,,,,,,,,,,,2026-07-07T13:22:33.296448+00:00
606988,Grayson Greiner,AZ,485.0,0.2439953201207938,0.26527272666666674,0.21360464000000004,0.2976834733333333,0.26155601550964236,0.24924924924924924,86.71794871794872,103.09,0.3333333333333333,0.0641025641025641,0.3390322210145333,0.37748344370860926,0.09271523178807947,0.2555205047318612,0.2948717948717949,,,,,,,,,,,2026-07-07T13:22:33.296448+00:00
425560,Adam LaRoche,CWS,484.0,0.28432478,0.2944593533333333,0.24424212000000012,0.34281469999999997,0.2943425531697341,0.44785276073619634,90.39411764705879,104.07,0.4117647058823529,0.0784313725490196,0.3504803921568626,0.2549019607843137,0.058823529411764705,0.2883435582822086,0.27450980392156865,,,,,,,,,,,2026-07-07T13:22:33.296448+00:00
676480,José Barrero,STL,480.0,0.2535650410550257,0.2176485498733061,0.16928617226747109,0.2787961261562403,0.22054686770718165,0.8532110091743119,86.24712643678161,102.94,0.3218390804597701,0.034482758620689655,0.3089463006695844,0.31333333333333335,0.09333333333333334,0.3157894736842105,0.3103448275862069,,,,,,,,,,,2026-07-07T13:22:33.296448+00:00
608686,Jack Mayfield,LAA,476.0,0.24684227951558246,0.2549199977698583,0.19295165777777773,0.2871554646900435,0.24994961344162642,0.409375,84.22500000000001,100.49,0.25,0.046296296296296294,0.2847323789568275,0.22,0.04666666666666667,0.33088235294117646,0.2777777777777778,,,,,,,,,,,2026-07-07T13:22:33.296448+00:00
670156,Miles Mastrobuoni,SEA,475.0,0.2891088264237517,0.31772904715964634,0.2884239664237517,0.3451567422967676,0.31748562897185323,0.006349206349206349,84.89142857142856,100.3,0.3047619047619048,0.01904761904761905,0.3282535342927005,0.21333333333333335,0.08,0.20078740157480315,0.3523809523809524,75.25,97.28,0.25,0.0,0.3916666666666666,0.4444444444444444,0.1111111111111111,0.2,0.75,9.0,2026-07-07T13:22:33.296448+00:00
665839,Enmanuel Valdez,PIT,475.0,0.30860349950959953,0.31853100077957125,0.27764356418752184,0.35216604023580295,0.31698968123120574,0.27414330218068533,89.25462962962959,104.26,0.4074074074074074,0.06481481481481481,0.33266235117073994,0.17880794701986755,0.09933774834437085,0.2579505300353357,0.3425925925925926,,,,,,,,,,,2026-07-07T13:22:33.296448+00:00
663662,Daz Cameron,MIL,472.0,0.2561954129449,0.2903299092988673,0.25198469961156666,0.3410020285187569,0.29211716618891265,0.01238390092879257,90.8887755102041,105.50999999999999,0.42857142857142855,0.061224489795918366,0.34991999940545904,0.30666666666666664,0.04,0.28294573643410853,0.336734693877551,,,,,,,,,,,2026-07-07T13:22:33.296448+00:00
683083,Nasim Nuñez,WSH,469.0,0.26393991333333333,0.278543285193356,0.25174107333333334,0.2980835285266894,0.27880848760698235,0.08,82.04193548387094,100.97999999999999,0.23655913978494625,0.010752688172043012,0.32153846153846155,0.28,0.08666666666666667,0.2651006711409396,0.3617021276595745,81.37837837837839,100.89999999999999,0.24324324324324326,0.02702702702702703,0.33237837837837836,0.27692307692307694,0.13846153846153847,0.22695035460992907,0.3684210526315789,65.0,2026-07-07T13:22:33.296448+00:00
605233,Derek Fisher,MIL,468.0,0.29107204666666664,0.28734008,0.24458580000000002,0.31670796666666673,0.28580812841880354,0.6121794871794872,91.07972972972972,106.82000000000001,0.4189189189189189,0.10810810810810811,0.38422972972972974,0.36,0.14,0.16666666666666666,0.3108108108108108,,,,,,,,,,,2026-07-07T13:22:33.296448+00:00
689172,Brett Wisely,SF,467.0,0.258791696017316,0.2604559964211097,0.21613091834757833,0.2948846874264008,0.2585844270203039,0.42071197411003236,83.86862745098041,99.39000000000001,0.24509803921568626,0.029411764705882353,0.2799494687131051,0.22666666666666666,0.08,0.30742049469964666,0.29411764705882354,,,,,,,,,,,2026-07-07T13:22:33.296448+00:00
687231,Darell Hernaiz,ATH,466.0,0.2658204066666666,0.28799732969252967,0.26363374,0.31762766588300595,0.29006017942010565,0.003205128205128205,83.1109090909091,100.50999999999999,0.23636363636363636,0.00909090909090909,0.26667592592592587,0.17333333333333334,0.08666666666666667,0.37666666666666665,0.32727272727272727,,,,,,,,,,,2026-07-07T13:22:33.296448+00:00
641470,Zack Collins,CLE,466.0,0.3039007940238649,0.3174603151135461,0.2853863768421052,0.3400695223622233,0.31597026254535465,0.18971061093247588,92.085,103.93,0.4375,0.075,0.4054048137947467,0.3355263157894737,0.11842105263157894,0.17210682492581603,0.425,,,,,,,,,,,2026-07-07T13:22:33.296448+00:00
474443,Iván De Jesús Jr.,CIN,465.0,0.29767550666666676,0.2730612866666667,0.24103263999999996,0.34208974,0.2801418402388709,0.7687296416938111,83.70648148148148,98.19,0.21296296296296297,0.0,0.33882242990654204,0.20394736842105263,0.05921052631578947,0.25163398692810457,0.37962962962962965,,,,,,,,,,,2026-07-07T13:22:33.296448+00:00
663845,Alfonso Rivas III,PIT,461.0,0.2968900036688423,0.28121265692671393,0.26420222841269847,0.2993036718007663,0.2817402470409349,0.9868852459016394,87.1714285714286,103.9,0.3626373626373626,0.06593406593406594,0.35528556167029274,0.2781456953642384,0.07947019867549669,0.20440251572327045,0.4175824175824176,,,,,,,,,,,2026-07-07T13:22:33.296448+00:00
641505,Jonathan Davis,MIA,454.0,0.29181637943611943,0.3001469461027861,0.2715306057142857,0.3377716303703704,0.3034467652560625,0.25925925925925924,82.7857142857143,100.3,0.23076923076923078,0.03296703296703297,0.36018088540247634,0.2866666666666667,0.08666666666666667,0.24161073825503357,0.3516483516483517,,,,,,,,,,,2026-07-07T13:22:33.296448+00:00
691720,Kyle Karros,COL,454.0,0.3496389866666666,0.3197900166666666,0.24701985264957269,0.3533719266666666,0.30898973996638207,0.99,89.7495238095238,104.0,0.4857142857142857,0.10476190476190476,0.38139999999999996,0.17763157894736842,0.10526315789473684,0.2453416149068323,0.3904761904761905,91.09736842105262,104.96,0.5,0.13157894736842105,0.4204736842105263,0.21311475409836064,0.13114754098360656,0.2949640287769784,0.39473684210526316,61.0,2026-07-07T13:22:33.296448+00:00
572019,Ben Paulsen,COL,451.0,0.24953984666666665,0.29004805333333333,0.24493576666666664,0.3253607733333334,0.28920631613425934,0.017361111111111112,86.40392156862745,105.35000000000002,0.27450980392156865,0.049019607843137254,0.3196862745098039,0.27450980392156865,0.05228758169934641,0.34210526315789475,0.29411764705882354,,,,,,,,,,,2026-07-07T13:22:33.296448+00:00
691781,Brady House,WSH,451.0,0.31597788666666665,0.283291489427075,0.24929221205053964,0.3287118599999999,0.2850147514600501,0.9733333333333334,88.42061855670103,106.12,0.41237113402061853,0.10309278350515463,0.4083917525773196,0.28289473684210525,0.07236842105263158,0.3344594594594595,0.30927835051546393,,,,,,,,,,,2026-07-07T13:22:33.296448+00:00
681460,Brooks Baldwin,CWS,450.0,0.3359696266081214,0.29502374241294926,0.2556577924987917,0.3461871923127834,0.29859350187223865,0.9796610169491525,89.04230769230769,104.79,0.41346153846153844,0.1346153846153846,0.4047834614540211,0.22666666666666666,0.08,0.3467153284671533,0.40384615384615385,,,,,,,,,,,2026-07-07T13:22:33.296448+00:00
621006,Richie Martin Jr.,BAL,448.0,0.25627650181818185,0.24793319333333333,0.22321468,0.2750848751515151,0.24701203896073817,0.7083333333333334,83.09019607843138,101.45,0.30392156862745096,0.0196078431372549,0.32167227272727267,0.271523178807947,0.046357615894039736,0.2788104089219331,0.3431372549019608,,,,,,,,,,,2026-07-07T13:22:33.296448+00:00
672779,Tucupita Marcano,PIT,447.0,0.2787993327663909,0.2600200198290598,0.20285883777777777,0.32027858815100635,0.2623139558303567,0.5586206896551724,86.01333333333329,101.42,0.325,0.05,0.3143456826246555,0.17105263157894737,0.039473684210526314,0.32098765432098764,0.36666666666666664,,,,,,,,,,,2026-07-07T13:22:33.296448+00:00
700242,Trey Sweeney,DET,446.0,0.2000769969312169,0.2692470573203456,0.1954670169312169,0.3149558774411429,0.26452979961209916,0.04421768707482993,87.19886363636364,102.55,0.3522727272727273,0.06818181818181818,0.25460321067821057,0.3443708609271523,0.0728476821192053,0.28679245283018867,0.26136363636363635,,,,,,,,,,,2026-07-07T13:22:33.296448+00:00
455755,Chris Stewart,ATL,446.0,0.2538806733333333,0.2727255733333333,0.24607616666666668,0.29230878666666665,0.2703212409145608,0.09747292418772563,84.4111111111111,95.69,0.1574074074074074,0.0,0.2597314814814816,0.14666666666666667,0.06666666666666667,0.1843137254901961,0.37962962962962965,,,,,,,,,,,2026-07-07T13:22:33.296448+00:00
701398,Sal Stewart,CIN,446.0,0.3259398333333333,0.3479235600000001,0.30637147333333337,0.43387220683641564,0.3531093606975977,0.15658362989323843,90.97604166666666,104.75,0.4270833333333333,0.125,0.4004479166666666,0.23841059602649006,0.09271523178807947,0.25625,0.3854166666666667,92.11698113207545,106.82000000000001,0.4528301886792453,0.1509433962264151,0.43237735849056597,0.24390243902439024,0.06097560975609756,0.29559748427672955,0.4339622641509434,82.0,2026-07-07T13:22:33.296448+00:00
658069,Joshua Fuentes,COL,445.0,0.23100971910477316,0.24804432222222228,0.2221626288888889,0.27939461021588435,0.25124331476062894,0.07508532423208192,85.97476635514016,102.16000000000001,0.27102803738317754,0.028037383177570093,0.2674086155674391,0.22666666666666666,0.06,0.41883116883116883,0.3177570093457944,,,,,,,,,,,2026-07-07T13:22:33.296448+00:00
595453,Chad Wallach,LAA,443.0,0.27780101910629146,0.28355536241028856,0.23811559555555556,0.3270000063301049,0.2852452043717082,0.4119718309859155,85.40714285714289,102.72,0.32142857142857145,0.09523809523809523,0.3919063032432162,0.35526315789473684,0.07894736842105263,0.3137254901960784,0.35714285714285715,,,,,,,,,,,2026-07-07T13:22:33.296448+00:00
488818,Chase d'Arnaud,SF,442.0,0.23968855333333333,0.26636297999999997,0.22703449999999994,0.31269331999999994,0.2674622299175499,0.06713780918727916,86.2375,99.85000000000001,0.2840909090909091,0.045454545454545456,0.3521590909090909,0.35333333333333333,0.04,0.3711340206185567,0.38636363636363635,,,,,,,,,,,2026-07-07T13:22:33.296448+00:00
453286,Max Scherzer,WSH,437.0,0.12845136666666665,0.19057133333333331,0.12837136666666665,0.21150311999999996,0.18602317632768356,0.00423728813559322,81.01866666666669,100.14,0.21333333333333335,0.0,0.21051428571428574,0.4066666666666667,0.0,0.308,0.25333333333333335,,,,,,,,,,,2026-07-07T13:22:33.296448+00:00
640492,José Azócar,ATL,434.0,0.3024033442368261,0.2887241426443835,0.26668300052287586,0.30967667757015943,0.28731820150320636,0.9090909090909091,83.94857142857143,101.78,0.29523809523809524,0.047619047619047616,0.3467021518012032,0.22,0.06666666666666667,0.45051194539249145,0.3142857142857143,,,,,,1.0,0.0,1.0,,1.0,2026-07-07T13:22:33.296448+00:00
701350,Roman Anthony,BOS,434.0,0.3548767407407407,0.3705478936768176,0.3405645881166272,0.40188951173680026,0.3728080383979501,0.10320284697508897,92.71136363636366,107.02000000000001,0.5113636363636364,0.10227272727272728,0.42781944444444453,0.2631578947368421,0.13815789473684212,0.21474358974358973,0.42045454545454547,,,,,,,,,,,2026-07-07T13:22:33.296448+00:00
695336,Thomas Saggese,STL,429.0,0.29346257565132333,0.2722311289846568,0.23854692163347044,0.3129990739088209,0.27417553824499924,0.8673835125448028,89.39489795918368,104.61999999999999,0.40816326530612246,0.08163265306122448,0.38474865660916846,0.2866666666666667,0.06,0.3609271523178808,0.3979591836734694,,,,,,,,,,,2026-07-07T13:22:33.296448+00:00
452672,Ryan Hanigan,COL,426.0,0.23799204666666668,0.23105871333333336,0.20388484666666667,0.29959900666666667,0.24457255886792456,0.5509433962264151,82.8214285714286,97.07,0.16326530612244897,0.01020408163265306,0.29063265306122454,0.2565789473684211,0.06578947368421052,0.2297872340425532,0.2857142857142857,,,,,,,,,,,2026-07-07T13:22:33.296448+00:00
687859,Troy Johnston,COL,425.0,0.34236135333333334,0.33505242666666657,0.3113347466666666,0.36858642093622895,0.335275473973763,0.7407407407407407,90.02142857142859,103.25999999999999,0.35714285714285715,0.026785714285714284,0.3286964285714287,0.11842105263157894,0.09868421052631579,0.3118279569892473,0.375,90.11562499999998,103.93,0.3125,0.0,0.25837499999999997,0.12244897959183673,0.16326530612244897,0.3118279569892473,0.3125,49.0,2026-07-07T13:22:33.296448+00:00
545338,Nick Franklin,MIL,424.0,0.28763605999999997,0.2766117533333333,0.24802122666666662,0.3042688666666667,0.2772952171929824,0.7744360902255639,83.59532710280372,99.86000000000001,0.27102803738317754,0.018691588785046728,0.3117476635514019,0.19205298013245034,0.0728476821192053,0.2032258064516129,0.3925233644859813,,,,,,,,,,,2026-07-07T13:22:33.296448+00:00
460099,Nolan Reimold,BAL,422.0,0.29097950000000006,0.27898654,0.2592524333333333,0.3065034466666666,0.28076183173533076,0.7715355805243446,86.93870967741935,104.0,0.3655913978494624,0.053763440860215055,0.32809677419354843,0.2631578947368421,0.11842105263157894,0.19003115264797507,0.2903225806451613,,,,,,,,,,,2026-07-07T13:22:33.296448+00:00
642721,Kelvin Gutiérrez,BAL,421.0,0.28235138372886376,0.2610578328774929,0.23829589525188075,0.29220237706219704,0.26205406582282587,0.951310861423221,88.10760869565219,106.02,0.42391304347826086,0.043478260869565216,0.3384742343405387,0.271523178807947,0.09271523178807947,0.2852664576802508,0.30434782608695654,,,,,,,,,,,2026-07-07T13:22:33.296448+00:00
594011,Rosell Herrera,MIA,421.0,0.27265587999999996,0.28576691,0.2659667,0.3088804333333333,0.2859895252985073,0.12313432835820895,87.17476635514019,102.50000000000001,0.2803738317757009,0.037383177570093455,0.3042710280373832,0.20261437908496732,0.0718954248366013,0.25,0.32710280373831774,,,,,,,,,,,2026-07-07T13:22:33.296448+00:00
643418,Shed Long Jr.,SEA,421.0,0.26154322747525377,0.25487282476190476,0.2320485622510823,0.29852964666666665,0.25798529049100655,0.6197718631178707,86.45164835164834,100.8,0.34065934065934067,0.054945054945054944,0.35120454579208976,0.3202614379084967,0.0718954248366013,0.2641509433962264,0.25274725274725274,,,,,,,,,,,2026-07-07T13:22:33.296448+00:00
641914,Sheldon Neuse,ATH,421.0,0.22690928636363633,0.27248264227602903,0.22354928636363633,0.29871106758669264,0.26419655570422634,0.0149812734082397,87.89895833333333,103.45,0.3645833333333333,0.03125,0.27441617660984846,0.271523178807947,0.06622516556291391,0.28975265017667845,0.21875,,,,,,,,,,,2026-07-07T13:22:33.296448+00:00
456124,Erik Kratz,NYY,420.0,0.24766505999999996,0.26825084,0.2296644466666667,0.29684193333333336,0.26537014847117807,0.30451127819548873,86.26380952380953,100.9,0.3238095238095238,0.01904761904761905,0.26699047619047617,0.21333333333333335,0.04666666666666667,0.3345070422535211,0.2761904761904762,,,,,,,,,,,2026-07-07T13:22:33.296448+00:00
656514,Adam Haseley,CWS,420.0,0.28012280691029906,0.2776173533333333,0.24911731999999995,0.3012903533333333,0.27905045948443913,0.5399239543726235,84.79719626168227,100.8,0.3177570093457944,0.018691588785046728,0.3100051336813795,0.19333333333333333,0.08,0.2871287128712871,0.29906542056074764,,,,,,,,,,,2026-07-07T13:22:33.296448+00:00
570799,Christian Villanueva,SD,416.0,0.27712273333333326,0.2686541333333333,0.22912236666666666,0.34428236666666673,0.27896724131274114,0.6177606177606177,86.36571428571428,101.82,0.26666666666666666,0.02857142857142857,0.32494285714285714,0.24675324675324675,0.045454545454545456,0.3556851311953353,0.3904761904761905,,,,,,,,,,,2026-07-07T13:22:33.296448+00:00
425567,Alex Rios,KC,414.0,0.3210812533333333,0.2935523133333333,0.24690612666666667,0.33472125333333336,0.2931849228985507,0.8814229249011858,89.09487179487179,103.53999999999999,0.37606837606837606,0.042735042735042736,0.3695042735042736,0.16447368421052633,0.039473684210526314,0.29856115107913667,0.37606837606837606,,,,,,,,,,,2026-07-07T13:22:33.296448+00:00
475100,Scott Van Slyke,LAD,414.0,0.3285730466666666,0.2875909933333333,0.2477402333333333,0.34458641999999995,0.28907156334630346,0.9571984435797666,85.44631578947366,104.25999999999999,0.35789473684210527,0.07368421052631578,0.39085263157894745,0.24666666666666667,0.08,0.24041811846689895,0.37894736842105264,,,,,,,,,,,2026-07-07T13:22:33.296448+00:00
622194,Bruce Maxwell,ATH,413.0,0.30144004,0.30187669333333333,0.27557253333333337,0.3432972533333334,0.3030479185696042,0.4827586206896552,89.83541666666667,103.80000000000001,0.3958333333333333,0.052083333333333336,0.38690624999999995,0.26666666666666666,0.07333333333333333,0.2108843537414966,0.40625,,,,,,,,,,,2026-07-07T13:22:33.296448+00:00
430001,Rickie Weeks Jr.,TB,412.0,0.27034094666666664,0.35800413999999997,0.27034094666666664,0.40867012666666663,0.3491251140740742,0.0,88.6,104.61000000000001,0.375,0.078125,0.4033593750000001,0.41830065359477125,0.10457516339869281,0.23964497041420119,0.3125,,,,,,,,,,,2026-07-07T13:22:33.296448+00:00
488681,Brandon Barnes,CLE,412.0,0.2617576533333334,0.2671770666666667,0.2297842333333334,0.31844974,0.27028376156206435,0.3723849372384937,85.0989247311828,101.76,0.2903225806451613,0.06451612903225806,0.37476666666666664,0.29605263157894735,0.039473684210526314,0.375886524822695,0.3333333333333333,,,,,,,,,,,2026-07-07T13:22:33.296448+00:00
502273,Mike Freeman,CIN,412.0,0.2382304066666667,0.26544475,0.23731040666666667,0.29871775333333334,0.26850361679790014,0.003937007874015748,82.02444444444447,98.38000000000001,0.2,0.0,0.30388888888888893,0.3157894736842105,0.07236842105263158,0.3357142857142857,0.36666666666666664,,,,,,,,,,,2026-07-07T13:22:33.296448+00:00
502100,Alex Presley,DET,411.0,0.30449972000000003,0.2978400733333333,0.2658437133333333,0.3200862266666667,0.29786398766798416,0.7035573122529645,84.70088495575217,98.62,0.23893805309734514,0.0,0.36127433628318567,0.1986754966887417,0.039735099337748346,0.24475524475524477,0.415929203539823,,,,,,,,,,,2026-07-07T13:22:33.296448+00:00
461416,Will Venable,LAD,410.0,0.2609229466666667,0.2680906066666667,0.24543972666666672,0.2993351533333334,0.27137046332005293,0.199203187250996,86.23232323232321,103.46000000000001,0.32323232323232326,0.0,0.29289795918367345,0.22666666666666666,0.08666666666666667,0.23452768729641693,0.24242424242424243,,,,,,,,,,,2026-07-07T13:22:33.296448+00:00
665482,Gilberto Celestino,MIN,409.0,0.27767655857031864,0.2678975444927536,0.2503077333333333,0.2860011701203066,0.2681685922358543,0.84375,89.14526315789477,101.86000000000001,0.4,0.021052631578947368,0.2933899766899767,0.22666666666666666,0.12666666666666668,0.21710526315789475,0.23958333333333334,,,,,,,,,,,2026-07-07T13:22:33.296448+00:00
150212,Michael Cuddyer,NYM,408.0,0.31374194000000005,0.28622830666666665,0.25123088,0.3292542266666667,0.28713547634408615,0.8790322580645161,86.81261261261258,101.9,0.27927927927927926,0.05405405405405406,0.3560720720720721,0.18543046357615894,0.046357615894039736,0.3446969696969697,0.36036036036036034,,,,,,,,,,,2026-07-07T13:22:33.296448+00:00
592230,Kaleb Cowart,LAA,406.0,0.21412513333333333,0.26882902000000003,0.21315842666666665,0.31067442666666667,0.2635281433731739,0.01593625498007968,86.12643678160919,99.38,0.26436781609195403,0.034482758620689655,0.273712643678161,0.34,0.07333333333333333,0.31353135313531355,0.3448275862068966,,,,,,,,,,,2026-07-07T13:22:33.296448+00:00
489138,Tyler Moore,MIA,403.0,0.2670437666666666,0.27657709999999996,0.2542268733333334,0.30241102000000003,0.2789664963319949,0.1566265060240964,87.7,101.47999999999999,0.2912621359223301,0.05825242718446602,0.3228640776699029,0.2549019607843137,0.058823529411764705,0.32,0.32038834951456313,,,,,,,,,,,2026-07-07T13:22:33.296448+00:00
408047,Justin Morneau,CWS,401.0,0.2575111466666667,0.3132260600000001,0.2529070666666667,0.3394170400000001,0.3059575188888888,0.0375,90.59142857142854,103.0,0.37142857142857144,0.02857142857142857,0.31989523809523807,0.24666666666666667,0.04666666666666667,0.39076923076923076,0.3333333333333333,,,,,,,,,,,2026-07-07T13:22:33.296448+00:00
666165,Blake Sabol,BOS,400.0,0.2691985074764451,0.27593325345447584,0.25514152200117984,0.32151404249484944,0.280440044975364,0.3064516129032258,84.8953488372093,103.9,0.3372093023255814,0.08139534883720931,0.33300381319372657,0.30666666666666664,0.09333333333333334,0.2987012987012987,0.26744186046511625,,,,,,,,,,,2026-07-07T13:22:33.296448+00:00
608475,Dawel Lugo,DET,400.0,0.30078464,0.27420611,0.2521174133333333,0.30113597333333325,0.2763415559733334,0.992,87.94310344827586,102.65,0.4396551724137931,0.06896551724137931,0.36345689655172414,0.19333333333333333,0.03333333333333333,0.4166666666666667,0.3706896551724138,,,,,,,,,,,2026-07-07T13:22:33.296448+00:00
592620,Jarrett Parker,LAA,397.0,0.2767964133333334,0.30271971999999997,0.26579915333333337,0.4069399266666667,0.31342675267489695,0.10699588477366255,86.01684210526314,105.14,0.29473684210526313,0.08421052631578947,0.35664210526315804,0.29605263157894735,0.07236842105263158,0.2080536912751678,0.3368421052631579,,,,,,,,,,,2026-07-07T13:22:33.296448+00:00
453203,Shane Robinson,NYY,397.0,0.24521898000000003,0.26021916,0.22587348666666665,0.29220935333333337,0.25848094982019343,0.1908713692946058,83.57107438016531,97.6,0.17355371900826447,0.008264462809917356,0.24093388429752066,0.10666666666666667,0.06666666666666667,0.2868525896414343,0.3140495867768595,,,,,,,,,,,2026-07-07T13:22:33.296448+00:00
694212,Samuel Basallo,BAL,395.0,0.34355731999999994,0.33091079333333334,0.26543040570086834,0.39588086666666666,0.33216470728010733,0.6502057613168725,89.65102040816329,107.44999999999999,0.40816326530612246,0.1326530612244898,0.4328061224489794,0.2582781456953642,0.09271523178807947,0.4307692307692308,0.3979591836734694,89.16499999999999,103.81,0.375,0.1,0.41847500000000004,0.25806451612903225,0.0967741935483871,0.4154929577464789,0.4,62.0,2026-07-07T13:22:33.296448+00:00
669236,Jeremiah Jackson,BAL,394.0,0.2692527066666666,0.2979043580141152,0.26471937333333334,0.31484107587061544,0.2952417567252314,0.012448132780082987,90.00588235294121,105.44000000000001,0.4117647058823529,0.05042016806722689,0.3156554621848741,0.18543046357615894,0.026490066225165563,0.3686274509803922,0.2773109243697479,88.7,99.78000000000002,0.22727272727272727,0.0,0.2858181818181818,0.18518518518518517,0.0,0.42857142857142855,0.2727272727272727,27.0,2026-07-07T13:22:33.296448+00:00
499624,Chris Colabello,TOR,393.0,0.29425633999999995,0.33251458666666667,0.2942312133333333,0.37907022000000007,0.3349945840387274,0.004149377593360996,89.4882978723404,103.52000000000001,0.3617021276595745,0.09574468085106383,0.38379787234042545,0.2894736842105263,0.05263157894736842,0.27848101265822783,0.35106382978723405,,,,,,,,,,,2026-07-07T13:22:33.296448+00:00
691777,Max Muncy,ATH,392.0,0.28945544,0.2838866215151515,0.2562523734600854,0.31237437333333334,0.28435154245836214,0.6099585062240664,90.24767441860467,106.45,0.46511627906976744,0.09302325581395349,0.37229069767441864,0.3223684210526316,0.07894736842105263,0.330188679245283,0.3023255813953488,85.2708333333333,103.54999999999998,0.3333333333333333,0.08333333333333333,0.3908333333333333,0.3617021276595745,0.1276595744680851,0.3177570093457944,0.3333333333333333,47.0,2026-07-07T13:22:33.296448+00:00
663330,Jahmai Jones,DET,390.0,0.3445029726450743,0.3621157469503985,0.24855301767916732,0.39978693305429464,0.34525056625206113,0.3807531380753138,90.97865168539325,108.4,0.48314606741573035,0.10112359550561797,0.4518654932220352,0.3006535947712418,0.11764705882352941,0.2703583061889251,0.3595505617977528,86.97999999999999,106.1,0.4,0.0,0.32839999999999997,0.5384615384615384,0.07692307692307693,0.35714285714285715,0.2,13.0,2026-07-07T13:22:33.296448+00:00
695600,Carter Jensen,KC,389.0,0.30243528000000003,0.2840714533333333,0.21851491333333334,0.40400577373737373,0.2918765840947288,0.6680672268907563,91.64150943396223,106.55000000000001,0.44339622641509435,0.09433962264150944,0.37639622641509446,0.24836601307189543,0.05228758169934641,0.22761194029850745,0.36792452830188677,91.71176470588236,106.2,0.45098039215686275,0.09803921568627451,0.4424901960784314,0.24324324324324326,0.06756756756756757,0.18253968253968253,0.43137254901960786,74.0,2026-07-07T13:22:33.296448+00:00
805808,Kevin McGonigle,DET,389.0,0.36469466,0.3537496866666667,0.3185920866666667,0.4008493733333333,0.35441172458509157,0.6497890295358649,88.39901960784313,102.5,0.39215686274509803,0.058823529411764705,0.3552156862745098,0.1456953642384106,0.15894039735099338,0.16776315789473684,0.3137254901960784,89.1949152542373,101.14000000000001,0.423728813559322,0.06779661016949153,0.39423728813559317,0.13793103448275862,0.1724137931034483,0.15517241379310345,0.3389830508474576,87.0,2026-07-07T13:22:33.296448+00:00
461815,David Murphy,CLE,389.0,0.26774914666666677,0.27145153666666666,0.24438496,0.3392970666666667,0.28524344478260877,0.391304347826087,86.68571428571425,100.75,0.29365079365079366,0.031746031746031744,0.2940793650793651,0.125,0.019736842105263157,0.36394557823129253,0.2777777777777778,,,,,,,,,,,2026-07-07T13:22:33.296448+00:00
518516,Madison Bumgarner,AZ,388.0,0.20789241481481482,0.23590567333333326,0.19609204814814815,0.2805453333333333,0.2360440015979298,0.1091703056768559,86.55918367346938,104.78000000000002,0.4489795918367347,0.061224489795918366,0.3552570048309178,0.5266666666666666,0.12,0.2680115273775216,0.2857142857142857,,,,,,,,,,,2026-07-07T13:22:33.296448+00:00
424325,David Ross,CHC,387.0,0.3056001066666667,0.3085841866666666,0.2168582933333333,0.3478230933333334,0.296779177057903,0.4835680751173709,86.85308641975313,101.4,0.30864197530864196,0.1111111111111111,0.4057594936708861,0.2980132450331126,0.1456953642384106,0.22697368421052633,0.4567901234567901,,,,,,,,,,,2026-07-07T13:22:33.296448+00:00
682848,Endy Rodríguez,PIT,385.0,0.34985373636363637,0.29588199385866853,0.2762121204634719,0.34985373636363637,0.3036642757549244,0.9956896551724138,92.647311827957,103.86,0.4946236559139785,0.10752688172043011,0.3983929618768327,0.23684210526315788,0.14473684210526316,0.23776223776223776,0.41935483870967744,92.19411764705882,106.09,0.5294117647058824,0.11764705882352941,0.4583235294117648,0.24074074074074073,0.12962962962962962,0.2604166666666667,0.35294117647058826,54.0,2026-07-07T13:22:33.296448+00:00
680728,Adrian Del Castillo,AZ,384.0,0.27199768,0.2723043066666666,0.22489726784861208,0.29964707500609766,0.26827135598804996,0.4890829694323144,89.4778947368421,101.5,0.4,0.07368421052631578,0.3355789473684211,0.27631578947368424,0.07894736842105263,0.28307692307692306,0.35789473684210527,91.15238095238094,102.5,0.38095238095238093,0.09523809523809523,0.3148095238095238,0.15384615384615385,0.038461538461538464,0.2830188679245283,0.2857142857142857,26.0,2026-07-07T13:22:33.296448+00:00
802139,JJ Wetherholt,STL,384.0,0.3504268266666667,0.35897794000000005,0.33353534666666673,0.38336902000000006,0.35869265464337696,0.25327510917030566,89.60932203389834,101.53,0.4576271186440678,0.06779661016949153,0.3581355932203391,0.12,0.07333333333333333,0.21323529411764705,0.3813559322033898,87.92941176470586,101.1,0.4117647058823529,0.058823529411764705,0.3645735294117647,0.125,0.06818181818181818,0.2077922077922078,0.4411764705882353,88.0,2026-07-07T13:22:33.296448+00:00
430910,Brayan Peña,STL,384.0,0.2522479933333334,0.28081031,0.24883361333333334,0.29270935333333337,0.2782328873765432,0.009259259259259259,85.9570247933884,97.8,0.1652892561983471,0.0,0.25492561983471074,0.11842105263157894,0.05921052631578947,0.30111524163568776,0.2644628099173554,,,,,,,,,,,2026-07-07T13:22:33.296448+00:00
672279,Michael Siani,BAL,384.0,0.25504054000000004,0.24454655394383396,0.22291496888888893,0.26863584061050066,0.24539603564815288,0.7601809954751131,80.18953488372092,99.65,0.2441860465116279,0.0,0.30749999999999994,0.3,0.1,0.2881944444444444,0.29069767441860467,79.9,79.9,0.0,0.0,0.292,0.0,0.0,0.25,0.0,1.0,2026-07-07T13:22:33.296448+00:00
681584,David Villar,SF,383.0,0.3011812123392152,0.3000901055755858,0.27812607990765326,0.3242575740697703,0.30109153061466976,0.5213675213675214,86.86741573033706,103.6,0.34831460674157305,0.11235955056179775,0.4052612230436211,0.32450331125827814,0.06622516556291391,0.25622775800711745,0.38202247191011235,,,,,,,,,,,2026-07-07T13:22:33.296448+00:00
682668,Luisangel Acuña,CWS,383.0,0.27830268666666663,0.2689401777288901,0.23417502656889147,0.3042599701032873,0.2668957574303691,0.875,87.5061403508772,104.34,0.39473684210526316,0.043859649122807015,0.31466071428571424,0.17880794701986755,0.046357615894039736,0.3381294964028777,0.23684210526315788,84.445,104.61999999999999,0.4,0.1,0.4077368421052632,0.23076923076923078,0.0,0.35,0.35,26.0,2026-07-07T13:22:33.296448+00:00
602922,José Rondon,STL,382.0,0.3108505814179519,0.26116408,0.22177050666666667,0.3112125480846186,0.26256015532294574,0.991304347826087,86.49074074074078,102.99000000000001,0.35185185185185186,0.046296296296296294,0.3354894927101186,0.18421052631578946,0.09210526315789473,0.27384615384615385,0.3888888888888889,,,,,,,,,,,2026-07-07T13:22:33.296448+00:00
502226,Craig Gentry,BAL,381.0,0.28950669999999995,0.2929353066666667,0.23617886666666663,0.30827836666666664,0.2855003524848484,0.42727272727272725,83.49166666666667,96.83,0.21296296296296297,0.018518518518518517,0.31692592592592594,0.1830065359477124,0.0718954248366013,0.23711340206185566,0.3611111111111111,,,,,,,,,,,2026-07-07T13:22:33.296448+00:00
452657,Jon Lester,WSH,380.0,0.20905877326164873,0.20813418329749106,0.18094796666666665,0.23154417333333333,0.20711998092239023,0.5459183673469388,85.71038961038961,102.34,0.33766233766233766,0.03896103896103896,0.3257356182795698,0.40131578947368424,0.046052631578947366,0.183206106870229,0.35064935064935066,,,,,,,,,,,2026-07-07T13:22:33.296448+00:00
666150,Dominic Fletcher,CWS,377.0,0.24154741080047795,0.2585720082439336,0.222852357037037,0.2817951708894363,0.256255759851295,0.19457013574660634,85.44736842105264,101.48,0.2807017543859649,0.017543859649122806,0.28292622672629814,0.19333333333333333,0.03333333333333333,0.3707865168539326,0.3333333333333333,,,,,,,,,,,2026-07-07T13:22:33.296448+00:00
596143,Luis Sardinas,BAL,377.0,0.20619247999999998,0.24607669999999998,0.20619247999999998,0.2729453666666667,0.24171597028301894,0.0,83.61346153846155,96.77,0.15384615384615385,0.0,0.23000961538461537,0.21052631578947367,0.07236842105263158,0.30714285714285716,0.2980769230769231,,,,,,,,,,,2026-07-07T13:22:33.296448+00:00
664247,Kyle Garlick,MIN,375.0,0.2657158922814267,0.3386547967969988,0.26535589228142675,0.39609488843951074,0.3449102970919474,0.0044444444444444444,89.3989247311828,104.38000000000001,0.46236559139784944,0.11827956989247312,0.3833082133571399,0.3443708609271523,0.026490066225165563,0.34657039711191334,0.3763440860215054,,,,,,,,,,,2026-07-07T13:22:33.296448+00:00
543294,Kyle Hendricks,CHC,374.0,0.12958199999999997,0.11635367333333335,0.10460761333333334,0.13340866666666665,0.11704558099447515,0.9558011049723757,74.6159420289855,97.66,0.15942028985507245,0.0,0.2366440677966102,0.44,0.03333333333333333,0.29411764705882354,0.15942028985507245,,,,,,,,,,,2026-07-07T13:22:33.296448+00:00
571918,Deven Marrero,NYM,374.0,0.24454708666666666,0.25271960000000004,0.22146481999999998,0.2805538133333334,0.25365984582945755,0.2372093023255814,84.37011494252873,100.5,0.2413793103448276,0.04597701149425287,0.3208477011494253,0.3333333333333333,0.08,0.2724358974358974,0.367816091954023,,,,,,,,,,,2026-07-07T13:22:33.296448+00:00
605353,Vimael Machín,BAL,374.0,0.3145759366534074,0.29853640202303144,0.26960226158730155,0.3473389448015556,0.30273573459874537,0.6126126126126126,89.34,103.43,0.39,0.06,0.35443520498011116,0.22,0.10666666666666667,0.260233918128655,0.42,,,,,,,,,,,2026-07-07T13:22:33.296448+00:00
641511,Jason Delay,PIT,373.0,0.24485664,0.25327255591180625,0.21120724810035846,0.28258611146736184,0.2505898964260893,0.3150684931506849,82.097,98.43,0.24,0.01,0.26075673469387756,0.24183006535947713,0.0915032679738562,0.31153846153846154,0.29,,,,,,,,,,,2026-07-07T13:22:33.296448+00:00
594798,Jacob deGrom,NYM,370.0,0.21643846666666672,0.21168662,0.19797798666666658,0.23579255333333327,0.21448816770293605,0.6528497409326425,83.00106382978723,98.61000000000001,0.22340425531914893,0.010638297872340425,0.2933936170212766,0.28,0.04,0.39183673469387753,0.32978723404255317,,,,,,,,,,,2026-07-07T13:22:33.296448+00:00
518568,Christian Colón,CIN,369.0,0.20965915333333338,0.24692754666666666,0.20629115999999997,0.27983356666666664,0.24546631288461537,0.04807692307692308,83.20283018867924,99.1,0.2358490566037736,0.009433962264150943,0.20361904761904762,0.18,0.05333333333333334,0.30115830115830117,0.1792452830188679,,,,,,,,,,,2026-07-07T13:22:33.296448+00:00
474233,Hank Conger,TB,368.0,0.23554896,0.2728020133333333,0.21476787333333333,0.31815326666666666,0.2705522163693272,0.107981220657277,88.2817204301075,102.34,0.34408602150537637,0.043010752688172046,0.2887204301075269,0.2847682119205298,0.07947019867549669,0.3333333333333333,0.27956989247311825,,,,,,,,,,,2026-07-07T13:22:33.296448+00:00
673451,Shogo Akiyama,CIN,367.0,0.29057431047068877,0.31282190666666665,0.27687660986462814,0.33718101653129473,0.31007497484341073,0.12796208530805686,85.5262626262626,102.24,0.31313131313131315,0.010101010101010102,0.32855389357758474,0.2236842105263158,0.07894736842105263,0.2823529411764706,0.32323232323232326,,,,,,,,,,,2026-07-07T13:22:33.296448+00:00
621573,Austin Dean,SF,366.0,0.34360584888888884,0.2813453166666666,0.2550372666666666,0.34371918222222214,0.29108707910695747,0.9906542056074766,89.48617021276597,105.74,0.4148936170212766,0.0851063829787234,0.4159397163120567,0.24666666666666667,0.12,0.3217665615141956,0.39361702127659576,,,,,,,,,,,2026-07-07T13:22:33.296448+00:00
691785,Marcelo Mayer,BOS,365.0,0.24798112666666663,0.2659225600000001,0.2401277933333333,0.2856917966666667,0.266028867900831,0.028169014084507043,85.10917431192658,104.1,0.3394495412844037,0.03669724770642202,0.2691559633027523,0.20394736842105263,0.06578947368421052,0.31186440677966104,0.25688073394495414,82.04117647058823,103.36,0.29411764705882354,0.058823529411764705,0.3035294117647058,0.2857142857142857,0.10714285714285714,0.32857142857142857,0.23529411764705882,28.0,2026-07-07T13:22:33.296448+00:00
670768,Luis González,SF,364.0,0.2464559933908748,0.2736451327262034,0.24202564856328854,0.30976036231117005,0.27433286078681224,0.07075471698113207,84.22626262626265,102.1,0.30303030303030304,0.030303030303030304,0.2700711617033457,0.23333333333333334,0.08666666666666667,0.2634920634920635,0.2222222222222222,,,,,,,,,,,2026-07-07T13:22:33.296448+00:00
665877,José Fermín,STL,363.0,0.28582636000000006,0.28701799979797976,0.2675326737373737,0.3023644604040404,0.28694877734667257,0.46411483253588515,85.18898305084747,99.23,0.3050847457627119,0.01694915254237288,0.30007692307692313,0.1390728476821192,0.0728476821192053,0.23452768729641693,0.3305084745762712,83.7820512820513,99.6,0.28205128205128205,0.02564102564102564,0.3425263157894737,0.08695652173913043,0.06521739130434782,0.2345679012345679,0.46153846153846156,46.0,2026-07-07T13:22:33.296448+00:00
477165,Brett Wallace,SD,363.0,0.24513776666666662,0.3438013533333333,0.24411776666666668,0.40565874666666674,0.33272029461538477,0.004807692307692308,84.95875,105.14999999999999,0.2875,0.075,0.32824999999999976,0.36666666666666664,0.06666666666666667,0.2706552706552707,0.3,,,,,,,,,,,2026-07-07T13:22:33.296448+00:00
656448,Stone Garrett,WSH,361.0,0.39350113212685806,0.3080317669412633,0.26729688548038644,0.39350113212685806,0.31191713718506997,0.9951219512195122,91.2114942528736,107.91999999999999,0.47126436781609193,0.14942528735632185,0.5022065956210197,0.26973684210526316,0.13815789473684212,0.2886297376093295,0.41379310344827586,,,,,,,,,,,2026-07-07T13:22:33.296448+00:00
681198,TJ Rumfield,COL,361.0,0.28954567333333336,0.32714279999999996,0.28431697333333333,0.35322982,0.32309481275080915,0.04854368932038835,81.97798165137615,98.82000000000001,0.1926605504587156,0.01834862385321101,0.2597339449541284,0.13245033112582782,0.10596026490066225,0.2909698996655518,0.3486238532110092,81.04516129032258,98.44,0.16129032258064516,0.03225806451612903,0.30230645161290315,0.13253012048192772,0.08433734939759036,0.296969696969697,0.3709677419354839,83.0,2026-07-07T13:22:33.296448+00:00
701807,Carson Benge,NYM,361.0,0.37494359999999993,0.36611111,0.29773854666666666,0.39524901333333334,0.3611330890476189,0.7333333333333333,89.32616822429902,103.32,0.4205607476635514,0.08411214953271028,0.4598411214953272,0.2222222222222222,0.058823529411764705,0.2677966101694915,0.4485981308411215,88.52352941176471,102.5,0.39705882352941174,0.058823529411764705,0.4135588235294117,0.1935483870967742,0.053763440860215055,0.2857142857142857,0.4264705882352941,93.0,2026-07-07T13:22:33.296448+00:00
672960,Kazuma Okamoto,TOR,359.0,0.3367956266666666,0.33382398,0.2767402466666666,0.38173466,0.3303039064126984,0.5190476190476191,89.25333333333336,106.80999999999999,0.4222222222222222,0.15555555555555556,0.43666666666666654,0.30718954248366015,0.0718954248366013,0.27531645569620256,0.3333333333333333,89.00000000000001,106.71000000000001,0.4318181818181818,0.1590909090909091,0.44545454545454566,0.2777777777777778,0.08333333333333333,0.27972027972027974,0.2727272727272727,72.0,2026-07-07T13:22:33.296448+00:00
677870,Leo Jiménez,MIA,358.0,0.30833472111111104,0.31156983444444436,0.2869245851194921,0.34875610111111105,0.31512882962245914,0.33170731707317075,91.08585858585859,104.2,0.46464646464646464,0.06060606060606061,0.34083448129251703,0.2185430463576159,0.0728476821192053,0.2515151515151515,0.29292929292929293,92.62727272727273,104.18,0.5454545454545454,0.045454545454545456,0.3225909090909091,0.24324324324324326,0.08108108108108109,0.2235294117647059,0.4090909090909091,37.0,2026-07-07T13:22:33.296448+00:00
669234,Justyn-Henry Malloy,DET,357.0,0.29302947249809624,0.28024588545314,0.2536967097016812,0.304129370464808,0.28020391987077886,0.8701923076923077,87.7835294117647,101.97999999999999,0.35294117647058826,0.047058823529411764,0.3212204455848758,0.2781456953642384,0.1456953642384106,0.2,0.3764705882352941,,,,,,,,,,,2026-07-07T13:22:33.296448+00:00
696030,Alejandro Osuna,TEX,357.0,0.3026010800000001,0.3252143271080139,0.29312774666666674,0.36294250340066136,0.32563699651453626,0.06153846153846154,86.45135135135133,101.0,0.27927927927927926,0.0,0.2958909090909091,0.12,0.05333333333333334,0.319672131147541,0.33035714285714285,86.6137254901961,100.8,0.2549019607843137,0.0,0.3080196078431372,0.13636363636363635,0.030303030303030304,0.3391304347826087,0.37254901960784315,66.0,2026-07-07T13:22:33.296448+00:00
431171,Casey McGehee,DET,356.0,0.2590484933333333,0.28591587000000007,0.2458060066666666,0.32275554,0.28424364290429044,0.19306930693069307,89.15877192982457,104.6,0.35964912280701755,0.017543859649122806,0.29828070175438604,0.19205298013245034,0.039735099337748346,0.2644628099173554,0.2894736842105263,,,,,,,,,,,2026-07-07T13:22:33.296448+00:00
624513,Dom Nuñez,CLE,355.0,0.27987400389194655,0.24015675966025118,0.21320676525676938,0.2873062838919465,0.24680152909207712,0.9253731343283582,83.66744186046515,100.85,0.26744186046511625,0.08139534883720931,0.31140889050920917,0.27631578947368424,0.1513157894736842,0.20987654320987653,0.37209302325581395,,,,,,,,,,,2026-07-07T13:22:33.296448+00:00
595943,Phillip Evans,PIT,355.0,0.2958561444444444,0.32537697444444447,0.2861296532948533,0.3642253313756613,0.3233684041368648,0.10837438423645321,86.009,104.27000000000001,0.36,0.02,0.3059586666666667,0.20915032679738563,0.13071895424836602,0.2664576802507837,0.27,,,,,,,,,,,2026-07-07T13:22:33.296448+00:00
571578,Patrick Corbin,WSH,354.0,0.14098024,0.15296606000000004,0.13328879333333332,0.18912110000000001,0.15510770051282055,0.20118343195266272,77.50481927710842,97.48,0.1566265060240964,0.0,0.19480263157894737,0.3815789473684211,0.039473684210526314,0.3807531380753138,0.13253012048192772,,,,,,,,,,,2026-07-07T13:22:33.296448+00:00
542436,Cristhian Adames,SF,352.0,0.25158408666666665,0.26802455333333336,0.23877696,0.28829232,0.26570968778359516,0.14136125654450263,84.67052631578946,99.68,0.24210526315789474,0.021052631578947368,0.28685263157894736,0.24503311258278146,0.07947019867549669,0.2842809364548495,0.2631578947368421,,,,,,,,,,,2026-07-07T13:22:33.296448+00:00
605244,Aramis Garcia,AZ,351.0,0.23884281969696972,0.2348667085858586,0.21223332396825392,0.25510103303030296,0.23523398318037508,0.6256410256410256,86.27857142857144,103.38999999999999,0.35714285714285715,0.030612244897959183,0.32818575994318183,0.31125827814569534,0.019867549668874173,0.3152542372881356,0.3469387755102041,,,,,,,,,,,2026-07-07T13:22:33.296448+00:00
678877,Jhonkensy Noel,CLE,351.0,0.20517820696157643,0.26300282634535055,0.17894726407557351,0.36202562292652324,0.26281678913754264,0.2871287128712871,90.2783505154639,109.64000000000001,0.41237113402061853,0.061855670103092786,0.2907602375694481,0.33986928104575165,0.026143790849673203,0.49201277955271566,0.25773195876288657,,,,,,,,,,,2026-07-07T13:22:33.296448+00:00
477132,Clayton Kershaw,LAD,350.0,0.20425810666666672,0.20392512000000002,0.17873711333333334,0.2194419866666667,0.20208272121212115,0.525974025974026,75.01494252873563,97.4,0.13793103448275862,0.0,0.229890243902439,0.23178807947019867,0.059602649006622516,0.31275720164609055,0.22988505747126436,,,,,,,,,,,2026-07-07T13:22:33.296448+00:00
663897,Luke Williams,ATL,350.0,0.19646226587301588,0.2319573523483924,0.1850690006349206,0.27525916450956456,0.23287609644374135,0.15151515151515152,85.99780219780219,100.5,0.25274725274725274,0.02197802197802198,0.2487182208994709,0.32666666666666666,0.04666666666666667,0.2971887550200803,0.27472527472527475,,,,,,,,,,,2026-07-07T13:22:33.296448+00:00
687221,Dalton Rushing,LAD,348.0,0.31349273999999994,0.3347868150903468,0.2716158110357174,0.36596910166666663,0.3309733789450047,0.21608040201005024,88.575,105.19999999999999,0.4270833333333333,0.10416666666666667,0.37744791666666666,0.2679738562091503,0.0915032679738562,0.3311036789297659,0.3854166666666667,92.74324324324324,105.86,0.5675675675675675,0.16216216216216217,0.41032432432432425,0.2807017543859649,0.07017543859649122,0.34615384615384615,0.43243243243243246,57.0,2026-07-07T13:22:33.296448+00:00
453562,Jake Arrieta,CHC,347.0,0.1639283,0.18667001333333333,0.14775056,0.23309527333333335,0.18707964222222234,0.3611111111111111,79.20151515151515,102.1,0.25757575757575757,0.0,0.3047241379310345,0.48344370860927155,0.046357615894039736,0.23776223776223776,0.2878787878787879,,,,,,,,,,,2026-07-07T13:22:33.296448+00:00
606213,Yermín Mercedes,SF,346.0,0.2948777883133308,0.2908890359751004,0.26553527120946,0.36122167179539255,0.295250596880777,0.6122448979591837,87.53904761904764,102.78,0.2857142857142857,0.05714285714285714,0.322420707114282,0.2052980132450331,0.09271523178807947,0.35082872928176795,0.42857142857142855,,,,,,,,,,,2026-07-07T13:22:33.296448+00:00
656252,Bobby Bradley,CLE,346.0,0.2941904646018173,0.33185023614963993,0.29185713126848395,0.36387699685534564,0.33006995571203374,0.015384615384615385,87.65060240963855,105.56,0.42168674698795183,0.12048192771084337,0.44723800831653726,0.38,0.04666666666666667,0.31851851851851853,0.40963855421686746,,,,,,,,,,,2026-07-07T13:22:33.296448+00:00
672478,Jordan Diaz,ATH,345.0,0.26840583758161324,0.2928325980598239,0.26279917091494653,0.339583574711519,0.29899543517953137,0.030927835051546393,89.59207920792075,106.7,0.38613861386138615,0.0594059405940594,0.2991250820734247,0.24,0.07333333333333333,0.37373737373737376,0.25742574257425743,,,,,,,,,,,2026-07-07T13:22:33.296448+00:00
434567,Geovany Soto,CWS,345.0,0.3587940666666666,0.3453943133333333,0.3152248666666667,0.3735940666666666,0.3461689514594596,0.8864864864864865,88.51666666666665,103.0,0.3627450980392157,0.08823529411764706,0.4375,0.2236842105263158,0.07236842105263158,0.23809523809523808,0.4411764705882353,,,,,,,,,,,2026-07-07T13:22:33.296448+00:00
650331,Lewin Díaz,MIA,344.0,0.21456107458997462,0.2672875328040558,0.21456107458997462,0.29980740671828976,0.26201779582593393,0.0,87.17187500000004,100.94999999999999,0.2604166666666667,0.052083333333333336,0.27070829363016863,0.3092105263157895,0.05263157894736842,0.34411764705882353,0.3020833333333333,,,,,,,,,,,2026-07-07T13:22:33.296448+00:00
608061,T.J. Rivera,NYM,344.0,0.2899681333333333,0.29064893333333336,0.2780229333333334,0.3151521799999999,0.29257283834196895,0.48704663212435234,85.36456692913387,100.48,0.2677165354330709,0.031496062992125984,0.32494488188976384,0.14285714285714285,0.01948051948051948,0.3870967741935484,0.4015748031496063,,,,,,,,,,,2026-07-07T13:22:33.296448+00:00
691019,Kyle Teel,CWS,343.0,0.30924306472241603,0.3362789707070158,0.2975497313890827,0.36447458522327897,0.33470227611531655,0.09326424870466321,86.5012987012987,104.18,0.4155844155844156,0.12987012987012986,0.394135671537174,0.33774834437086093,0.13245033112582782,0.24347826086956523,0.45454545454545453,86.22608695652174,104.22,0.5217391304347826,0.17391304347826086,0.4738260869565217,0.391304347826087,0.08695652173913043,0.2909090909090909,0.4782608695652174,46.0,2026-07-07T13:22:33.296448+00:00
677595,Ronny Mauricio,NYM,342.0,0.23699231513208308,0.2842925031701632,0.23647898179874977,0.31429611357068143,0.28338944397692184,0.005263157894736842,90.46236559139783,107.25999999999999,0.3978494623655914,0.08602150537634409,0.3242835297829296,0.32450331125827814,0.052980132450331126,0.46598639455782315,0.26881720430107525,90.20833333333333,108.12,0.3333333333333333,0.08333333333333333,0.2549166666666666,0.3333333333333333,0.0,0.68,0.25,18.0,2026-07-07T13:22:33.296448+00:00
668952,Ryan Kreidler,MIN,341.0,0.2972978125925926,0.26453163075028185,0.22115356858811963,0.31997205989418004,0.2641809769978787,0.7914438502673797,86.16990291262138,104.28,0.3106796116504854,0.07766990291262135,0.3305544554455446,0.2185430463576159,0.09271523178807947,0.2602739726027397,0.2815533980582524,87.06744186046512,100.74000000000001,0.32558139534883723,0.09302325581395349,0.29327906976744167,0.16363636363636364,0.05454545454545454,0.2524271844660194,0.20930232558139536,55.0,2026-07-07T13:22:33.296448+00:00
669450,Cooper Hummel,HOU,341.0,0.31404024058020974,0.27301066176696986,0.24457650770835865,0.3174246850246542,0.27563700921371975,0.9893617021276596,90.96705882352941,105.70000000000002,0.4,0.11764705882352941,0.3949279177027556,0.3026315789473684,0.1118421052631579,0.2123076923076923,0.32941176470588235,,,,,,,,,,,2026-07-07T13:22:33.296448+00:00
431151,David Wright,NYM,340.0,0.38567070666666664,0.37687989333333344,0.35327490666666667,0.4170611600000001,0.37935138789189204,0.7621621621621621,92.49189189189188,106.91,0.5,0.20270270270270271,0.5433513513513514,0.33774834437086093,0.152317880794702,0.1686046511627907,0.5,,,,,,,,,,,2026-07-07T13:22:33.296448+00:00
519025,Will Middlebrooks,TEX,340.0,0.2677552333333333,0.2909450433333333,0.2503731799999999,0.32372496,0.2902682713768116,0.11413043478260869,88.25154639175257,104.44,0.36082474226804123,0.07216494845360824,0.3626597938144331,0.30666666666666664,0.04,0.2983050847457627,0.30927835051546393,,,,,,,,,,,2026-07-07T13:22:33.296448+00:00
458913,Eric Young Jr.,LAA,340.0,0.2560172866666666,0.26583487333333333,0.24653434666666665,0.2858052733333333,0.2658070201550387,0.13953488372093023,85.44356435643563,100.3,0.27722772277227725,0.009900990099009901,0.30910891089108905,0.2549019607843137,0.0392156862745098,0.25882352941176473,0.2871287128712871,,,,,,,,,,,2026-07-07T13:22:33.296448+00:00
463610,Gregorio Petit,MIN,337.0,0.2541005066666666,0.27144387333333336,0.24329697333333328,0.2957561133333333,0.26981858181481466,0.19444444444444445,86.12549019607845,100.92,0.28431372549019607,0.029411764705882353,0.2789509803921568,0.23026315789473684,0.09210526315789473,0.3686131386861314,0.28431372549019607,,,,,,,,,,,2026-07-07T13:22:33.296448+00:00
425844,Zack Greinke,HOU,336.0,0.27915861999999997,0.2678352866666666,0.2515044866666667,0.2831766866666666,0.2686486883544304,0.9050632911392406,85.76960784313728,102.77,0.3333333333333333,0.06862745098039216,0.3450816326530613,0.23333333333333334,0.03333333333333333,0.38738738738738737,0.3235294117647059,,,,,,,,,,,2026-07-07T13:22:33.296448+00:00
621458,Edwin Rios,CIN,336.0,0.27986348365790625,0.3224601822969215,0.27223461032457286,0.402750047762557,0.3250834689176695,0.04891304347826087,88.30684931506849,104.06,0.3698630136986301,0.1095890410958904,0.44104155546145113,0.4105960264900662,0.07947019867549669,0.3163265306122449,0.4246575342465753,,,,,,,,,,,2026-07-07T13:22:33.296448+00:00
457775,Desmond Jennings,TB,334.0,0.30352528,0.26732920000000004,0.22621450666666665,0.30812528,0.26681094729281785,0.9723756906077348,88.3691489361702,104.14999999999999,0.3723404255319149,0.07446808510638298,0.3667978723404256,0.25165562913907286,0.10596026490066225,0.2078853046594982,0.2872340425531915,,,,,,,,,,,2026-07-07T13:22:33.296448+00:00
675656,Kevin Smith,ATH,334.0,0.23779537702403744,0.2333536711357923,0.21698692284846194,0.25602668575028853,0.23369395935933743,0.6477272727272727,84.73846153846155,102.4,0.3516483516483517,0.08791208791208792,0.34354998318146057,0.3466666666666667,0.04,0.41818181818181815,0.31868131868131866,,,,,,,,,,,2026-07-07T13:22:33.296448+00:00
554429,Dustin Ackley,NYY,334.0,0.31048178666666665,0.31790171333333334,0.2834226866666667,0.34632226666666666,0.3177508856554308,0.33707865168539325,89.1025,103.02,0.35,0.041666666666666664,0.3204583333333334,0.13157894736842105,0.07894736842105263,0.20860927152317882,0.35833333333333334,,,,,,,,,,,2026-07-07T13:22:33.296448+00:00
570717,Ramón Flores,LAA,333.0,0.26049182666666665,0.26680378666666665,0.24779501999999995,0.28380527999999994,0.2664850406706115,0.31952662721893493,84.6528846153846,100.14,0.22115384615384615,0.019230769230769232,0.2723076923076925,0.17880794701986755,0.09271523178807947,0.23867069486404835,0.25,,,,,,,,,,,2026-07-07T13:22:33.296448+00:00
518542,Juan Centeno,BOS,328.0,0.27393844000000006,0.2798471066666666,0.2526612866666666,0.3076909,0.2798840237698413,0.34523809523809523,85.57142857142858,98.68,0.23809523809523808,0.01904761904761905,0.30509523809523814,0.19205298013245034,0.0728476821192053,0.27759197324414714,0.3904761904761905,,,,,,,,,,,2026-07-07T13:22:33.296448+00:00
453539,Sam Fuld,ATH,326.0,0.25549183333333336,0.25564146,0.23985850000000003,0.27073270000000005,0.2554551142857144,0.4906832298136646,84.17299999999999,98.05000000000001,0.22,0.03,0.26367,0.18666666666666668,0.08,0.20382165605095542,0.23,,,,,,,,,,,2026-07-07T13:22:33.296448+00:00
665561,Rafael Marchán,PHI,325.0,0.22890564095238095,0.29360363942077605,0.21480908095238097,0.339669933853518,0.27864998390615664,0.21965317919075145,84.70330578512396,99.2,0.2231404958677686,0.024793388429752067,0.23858214285714283,0.14,0.03333333333333333,0.3017543859649123,0.30578512396694213,81.80000000000001,97.60000000000001,0.2222222222222222,0.0,0.3383333333333333,0.09090909090909091,0.09090909090909091,0.3125,0.5555555555555556,11.0,2026-07-07T13:22:33.296448+00:00
518466,Jabari Blash,LAA,325.0,0.29649206666666666,0.32848227333333335,0.28927516,0.3709808266666666,0.3316028769171483,0.046242774566473986,89.55671641791044,107.94,0.417910447761194,0.11940298507462686,0.4552537313432837,0.41333333333333333,0.12,0.19732441471571907,0.4626865671641791,,,,,,,,,,,2026-07-07T13:22:33.296448+00:00
666126,Carlos Cortes,ATH,321.0,0.2905471866666666,0.38085867333333334,0.28991238666666663,0.4006556482076128,0.3721178740013932,0.005952380952380952,88.75585585585581,103.8,0.3333333333333333,0.04504504504504504,0.2907027027027027,0.1513157894736842,0.09210526315789473,0.24610591900311526,0.35135135135135137,90.28571428571429,102.8,0.38095238095238093,0.047619047619047616,0.2507142857142857,0.3225806451612903,0.0,0.3148148148148148,0.38095238095238093,31.0,2026-07-07T13:22:33.296448+00:00
656248,Sean Bouchard,COL,321.0,0.24182777614160036,0.3150943999678325,0.23921112947493375,0.37070520827067666,0.3113466351684451,0.029239766081871343,87.86309523809524,102.17,0.3333333333333333,0.023809523809523808,0.30324561953301266,0.33774834437086093,0.09271523178807947,0.22916666666666666,0.2857142857142857,,,,,,,,,,,2026-07-07T13:22:33.296448+00:00
592680,Yadiel Rivera,TEX,320.0,0.22643260000000007,0.2442263333333334,0.21786593333333337,0.2761837466666666,0.2455699431469979,0.062111801242236024,89.25666666666667,103.71000000000001,0.3111111111111111,0.03333333333333333,0.2918111111111111,0.31333333333333335,0.06666666666666667,0.34177215189873417,0.23333333333333334,,,,,,,,,,,2026-07-07T13:22:33.296448+00:00
430203,David DeJesus,TB,319.0,0.25123404666666665,0.33217442,0.2444207133333334,0.34924355333333335,0.3104166718292681,0.07317073170731707,83.8342857142857,99.0,0.20952380952380953,0.0,0.25715238095238085,0.19333333333333333,0.06666666666666667,0.26595744680851063,0.2761904761904762,,,,,,,,,,,2026-07-07T13:22:33.296448+00:00
605400,Aaron Nola,PHI,318.0,0.1446660940350877,0.11404804666666667,0.09805328666666667,0.1454327607017544,0.11613116582804534,0.9858156028368794,74.10677966101694,96.61999999999999,0.15254237288135594,0.0,0.24875684210526317,0.5,0.08,0.11020408163265306,0.2711864406779661,,,,,,,,,,,2026-07-07T13:22:33.296448+00:00
493193,Dae-Ho Lee,SEA,317.0,0.30866504,0.31861972666666666,0.27502912,0.3465126399999999,0.3145387678189302,0.3271604938271605,88.13368421052633,103.16,0.37894736842105264,0.07368421052631578,0.36833684210526313,0.26490066225165565,0.0728476821192053,0.3269230769230769,0.3684210526315789,,,,,,,,,,,2026-07-07T13:22:33.296448+00:00
660844,Leo Rivas,SEA,317.0,0.24282349391304342,0.2667708711857708,0.2377580805797101,0.3168049436711947,0.27368578065197813,0.04878048780487805,85.31547619047622,97.07,0.15476190476190477,0.023809523809523808,0.22861068398727463,0.2875816993464052,0.1437908496732026,0.14803625377643503,0.2976190476190476,,,,,,,,,,,2026-07-07T13:22:33.296448+00:00
527054,Julio Teheran,ATL,316.0,0.16246095333333335,0.19227273999999997,0.16221428666666665,0.2047260733333333,0.18716142518518517,0.009259259259259259,83.22413793103448,97.86,0.22988505747126436,0.0,0.23199999999999998,0.26666666666666666,0.006666666666666667,0.38028169014084506,0.22988505747126436,,,,,,,,,,,2026-07-07T13:22:33.296448+00:00
678894,Liover Peguero,PIT,315.0,0.23239707738086124,0.2615076283228843,0.22479655262951653,0.3050635207670128,0.2636188814668146,0.13496932515337423,87.21648351648355,103.8,0.38461538461538464,0.054945054945054944,0.30630984183658455,0.32450331125827814,0.052980132450331126,0.27241379310344827,0.25,,,,,,,,,,,2026-07-07T13:22:33.296448+00:00
641513,Travis Demeritte,ATL,315.0,0.2632991593864107,0.26428665938641066,0.24326537271974402,0.2997502666666667,0.26746130114669003,0.43636363636363634,89.75357142857145,106.02,0.40476190476190477,0.05952380952380952,0.3623539036662095,0.3618421052631579,0.07236842105263158,0.24615384615384617,0.32142857142857145,,,,,,,,,,,2026-07-07T13:22:33.296448+00:00
677008,Heston Kjerstad,BAL,314.0,0.30227267670735536,0.30192766780403646,0.2817373506467493,0.33663305464332877,0.30312081949070285,0.5,88.53714285714287,104.3,0.4,0.08571428571428572,0.37664811910574564,0.2549019607843137,0.0392156862745098,0.3806228373702422,0.41904761904761906,,,,,,,,,,,2026-07-07T13:22:33.296448+00:00
451089,Shane Peterson,TB,313.0,0.27948177333333335,0.3061207733333334,0.26208234,0.3279997266666666,0.29736949238709676,0.2967741935483871,85.85728155339805,103.56,0.30097087378640774,0.06796116504854369,0.32289215686274503,0.24675324675324675,0.07142857142857142,0.29595015576323985,0.33980582524271846,,,,,,,,,,,2026-07-07T13:22:33.296448+00:00
688363,Graham Pauley,MIA,313.0,0.2533312730431016,0.2784622893393978,0.24897123304310165,0.31062894950199954,0.2808087842203797,0.055900621118012424,85.2245283018868,101.8,0.2830188679245283,0.04716981132075472,0.2689171710139546,0.2052980132450331,0.09271523178807947,0.23974763406940064,0.330188679245283,90.62,98.8,0.8,0.2,0.5958,0.16666666666666666,0.0,0.38461538461538464,0.8,6.0,2026-07-07T13:22:33.296448+00:00
690976,Alex Freeland,LAD,312.0,0.2764896600000001,0.28468014202656444,0.2575603463122787,0.3014029933333333,0.28379162650665235,0.18354430379746836,85.5388888888889,102.04,0.34444444444444444,0.03333333333333333,0.31911363636363654,0.2733333333333333,0.11333333333333333,0.2268370607028754,0.36666666666666664,82.57142857142856,101.77000000000001,0.25,0.0,0.32582142857142854,0.3888888888888889,0.09259259259259259,0.24390243902439024,0.42857142857142855,54.0,2026-07-07T13:22:33.296448+00:00
622268,Donovan Walton,LAA,312.0,0.29256623555555555,0.25639638540404036,0.24162001601271527,0.29256623555555555,0.2595418309390903,0.9936305732484076,85.690990990991,102.0,0.35135135135135137,0.04504504504504504,0.3414643939393938,0.2052980132450331,0.046357615894039736,0.29056603773584905,0.3963963963963964,90.51724137931033,100.8,0.41379310344827586,0.034482758620689655,0.37968965517241376,0.20512820512820512,0.05128205128205128,0.26865671641791045,0.5172413793103449,39.0,2026-07-07T13:22:33.296448+00:00
687551,Drew Gilbert,SF,308.0,0.29959758,0.2732023002521008,0.24387304,0.29959758,0.2703451876946428,0.9933333333333333,83.1,101.47000000000001,0.3173076923076923,0.009615384615384616,0.30224271844660194,0.15894039735099338,0.10596026490066225,0.24642857142857144,0.36538461538461536,84.30322580645162,98.5,0.2903225806451613,0.0,0.3451612903225807,0.07317073170731707,0.12195121951219512,0.14473684210526316,0.5483870967741935,41.0,2026-07-07T13:22:33.296448+00:00
518653,Jake Elmore,PIT,307.0,0.28286695333333334,0.25670988666666666,0.23484023333333331,0.28515362,0.2595449774603174,0.9659863945578231,82.7372549019608,95.19,0.12745098039215685,0.0,0.27416831683168313,0.16339869281045752,0.13071895424836602,0.19314641744548286,0.3333333333333333,,,,,,,,,,,2026-07-07T13:22:33.296448+00:00
642215,Weston Wilson,BAL,307.0,0.29741780038443727,0.3266577091002843,0.29741780038443727,0.34701591576695096,0.3262937094464142,0.0,87.57157894736844,102.98,0.3684210526315789,0.07368421052631578,0.3611399899751659,0.2631578947368421,0.08552631578947369,0.26688102893890675,0.3684210526315789,83.25555555555556,94.56,0.1111111111111111,0.0,0.24666666666666665,0.35714285714285715,0.0,0.28,0.3333333333333333,14.0,2026-07-07T13:22:33.296448+00:00
800050,Chase DeLauter,CLE,306.0,0.2999984,0.3330612,0.2877184,0.37660138666666654,0.3330015168172043,0.05161290322580645,90.75299145299147,105.56,0.452991452991453,0.042735042735042736,0.3312393162393162,0.16993464052287582,0.06535947712418301,0.2150170648464164,0.2905982905982906,93.26000000000002,107.69,0.5666666666666667,0.03333333333333333,0.3464,0.16666666666666666,0.0,0.3333333333333333,0.2,36.0,2026-07-07T13:22:33.296448+00:00
502317,Chris Heisey,WSH,306.0,0.2735036733333333,0.29234509333333336,0.26512375333333327,0.3126358466666666,0.29011945836829833,0.23076923076923078,86.22934782608698,101.75,0.2608695652173913,0.07608695652173914,0.3214130434782609,0.25333333333333335,0.07333333333333333,0.2542372881355932,0.32608695652173914,,,,,,,,,,,2026-07-07T13:22:33.296448+00:00
657108,Evan White,SEA,306.0,0.2475424115151515,0.2923942488888889,0.23239966444444454,0.3148986466666667,0.28626969110210376,0.14012738853503184,85.84712643678162,105.04,0.3103448275862069,0.08045977011494253,0.33808129571577833,0.36129032258064514,0.07096774193548387,0.24752475247524752,0.2988505747126437,,,,,,,,,,,2026-07-07T13:22:33.296448+00:00
493472,Eric Campbell,SEA,306.0,0.3224309333333333,0.3397224166666667,0.31929497999999995,0.3520242333333334,0.3374667627555556,0.05333333333333334,87.27444444444444,101.65000000000002,0.34444444444444444,0.03333333333333333,0.35514325842696626,0.23333333333333334,0.12,0.1967741935483871,0.4222222222222222,,,,,,,,,,,2026-07-07T13:22:33.296448+00:00
434604,Michael Morse,SF,305.0,0.33410800666666673,0.32969392666666675,0.29126460000000004,0.37390394000000005,0.3257552105960266,0.5364238410596026,90.3265060240964,107.52,0.42168674698795183,0.0963855421686747,0.447698795180723,0.31333333333333335,0.10666666666666667,0.31137724550898205,0.37349397590361444,,,,,,,,,,,2026-07-07T13:22:33.296448+00:00
694374,Tim Tawa,AZ,305.0,0.2453541421801728,0.2515702115988091,0.23342043551350614,0.321664059804214,0.2628870660085176,0.31543624161073824,87.43777777777777,103.41,0.4,0.044444444444444446,0.28264431410374613,0.271523178807947,0.11258278145695365,0.282798833819242,0.2967032967032967,70.10000000000001,95.5,0.16666666666666666,0.0,0.3444,0.2,0.2,0.22727272727272727,0.3333333333333333,10.0,2026-07-07T13:22:33.296448+00:00
701675,Nathan Church,STL,303.0,0.2851637933333333,0.2932605999999999,0.27467776666666666,0.3210801,0.29494902284412167,0.17218543046357615,84.7776785714286,101.69,0.30357142857142855,0.07142857142857142,0.3189642857142858,0.18543046357615894,0.059602649006622516,0.4426751592356688,0.35714285714285715,86.16,102.89999999999999,0.37777777777777777,0.08888888888888889,0.3183333333333333,0.13559322033898305,0.1016949152542373,0.37735849056603776,0.37777777777777777,59.0,2026-07-07T13:22:33.296448+00:00
661531,Brian Serven,ATH,303.0,0.2079639833943834,0.23234571428571427,0.20401065006105007,0.29414613325586697,0.24311950921387054,0.039735099337748346,82.66145833333334,98.75,0.21875,0.010416666666666666,0.2558090264121843,0.3051948051948052,0.045454545454545456,0.36727272727272725,0.2916666666666667,82.93333333333334,98.76,0.3333333333333333,0.0,0.25933333333333336,0.25,0.0,0.1111111111111111,0.0,4.0,2026-07-07T13:22:33.296448+00:00
686452,Drew Millas,WSH,302.0,0.26840091333333327,0.28053911192982456,0.2636891119298246,0.30918393424626495,0.2817446334130482,0.05673758865248227,81.3297872340426,98.64000000000001,0.2127659574468085,0.031914893617021274,0.29548913043478275,0.24,0.08666666666666667,0.2852233676975945,0.3723404255319149,87.24117647058821,96.69999999999999,0.17647058823529413,0.0,0.21223529411764708,0.3,0.1,0.31746031746031744,0.4117647058823529,30.0,2026-07-07T13:22:33.296448+00:00
544931,Stephen Strasburg,WSH,302.0,0.22505103999999998,0.2126394,0.19701972,0.23671955333333333,0.21530075497076037,0.7543859649122807,88.55000000000001,102.83,0.3375,0.025,0.29146249999999996,0.29333333333333333,0.04666666666666667,0.2597864768683274,0.2625,,,,,,,,,,,2026-07-07T13:22:33.296448+00:00
681987,Nate Eaton,BOS,302.0,0.2886646228859641,0.2699440138040503,0.2504555377879249,0.2919446228859642,0.2687596795019498,0.9666666666666667,87.85555555555554,103.44,0.3434343434343434,0.06060606060606061,0.3261802084989248,0.23178807947019867,0.07947019867549669,0.2887323943661972,0.3333333333333333,87.28333333333335,103.2,0.2777777777777778,0.1111111111111111,0.3142222222222222,0.2727272727272727,0.12121212121212122,0.2318840579710145,0.4444444444444444,33.0,2026-07-07T13:22:33.296448+00:00
693049,Oscar Colás,CWS,301.0,0.2926677578934127,0.26304748888452684,0.24454748888452665,0.29664623789341266,0.2682633795401267,0.9251700680272109,88.17319587628869,106.64,0.44329896907216493,0.07216494845360824,0.36725966337512395,0.271523178807947,0.059602649006622516,0.3957597173144876,0.30612244897959184,,,,,,,,,,,2026-07-07T13:22:33.296448+00:00
808975,Hyeseong Kim,LAD,301.0,0.2887212019883041,0.25382286198830406,0.2329327557137943,0.2887212019883041,0.2538766596873599,0.9933333333333333,85.76145833333334,99.6,0.2604166666666667,0.041666666666666664,0.35409082602339187,0.26666666666666666,0.08666666666666667,0.29553264604810997,0.4479166666666667,,,,,,,,,,,2026-07-07T13:22:33.296448+00:00
