pitcher,year,split_day,cutoff_date,fps_pct_last100pa,putaway_pct_last50pa,fps_pct_to_sd,putaway_pct_to_sd,fps_pct_delta_l100,putaway_pct_delta_l50
453385,2018,30,2018-04-28,0.64,0.44,0.6258503401360545,0.4193548387096774,0.014149659863945563,0.020645161290322622
453385,2018,60,2018-05-28,0.65,0.46,0.607773851590106,0.4444444444444444,0.042226148409894027,0.0155555555555556
453385,2018,90,2018-06-27,0.56,0.42,0.6035634743875279,0.4285714285714285,-0.043563474387527834,-0.008571428571428508
453385,2018,120,2018-07-27,0.65,0.3,0.6117021276595744,0.4085106382978723,0.03829787234042559,-0.10851063829787233
453385,2019,90,2019-06-18,,,0.5473684210526316,0.2666666666666666,,
475115,2018,30,2018-04-28,0.57,0.46,0.5447154471544715,0.4428571428571428,0.02528455284552844,0.017142857142857237
475115,2018,60,2018-05-28,0.6,0.42,0.5912698412698413,0.4444444444444444,0.0087301587301587,-0.024444444444444435
475115,2018,90,2018-06-27,0.56,0.3,0.5692695214105793,0.4072398190045249,-0.00926952141057924,-0.1072398190045249
475115,2018,120,2018-07-27,0.52,0.32,0.5681818181818182,0.3929961089494163,-0.048181818181818215,-0.07299610894941627
475115,2019,30,2019-04-19,0.62,,0.6237623762376238,0.3469387755102041,-0.0037623762376237657,
501381,2019,30,2019-04-19,,,0.6447368421052632,0.3809523809523809,,
501381,2019,60,2019-05-19,0.59,0.42,0.6268656716417911,0.3867924528301887,-0.03686567164179111,0.03320754716981128
501381,2019,90,2019-06-18,0.61,0.38,0.6217948717948718,0.382716049382716,-0.01179487179487182,-0.002716049382715968
501381,2019,120,2019-07-18,0.6,0.52,0.6142506142506142,0.416267942583732,-0.014250614250614246,0.10373205741626801
501381,2021,30,2021-05-01,0.67,0.52,0.6822429906542056,0.5,-0.012242990654205532,0.020000000000000018
501381,2021,60,2021-05-31,0.65,0.4,0.6704545454545454,0.4545454545454545,-0.020454545454545392,-0.05454545454545445
501381,2021,90,2021-06-30,0.67,0.3,0.6796536796536796,0.3983739837398374,-0.009653679653679581,-0.09837398373983741
501381,2021,120,2021-07-30,0.65,0.32,0.6655518394648829,0.4052287581699346,-0.015551839464882922,-0.08522875816993458
501381,2022,30,2022-05-07,,,0.5614035087719298,,,
501381,2022,60,2022-06-06,,,0.6022727272727273,0.2608695652173913,,
501381,2022,90,2022-07-06,0.6,0.28,0.6076923076923076,0.2786885245901639,-0.007692307692307665,0.0013114754098361159
501381,2022,120,2022-08-05,0.62,0.28,0.6132596685082873,0.2804878048780488,0.006740331491712714,-0.0004878048780487809
527048,2018,30,2018-04-28,0.57,,0.57,0.3055555555555556,0.0,
527048,2018,60,2018-05-28,0.51,,0.5546218487394958,0.3023255813953488,-0.04462184873949582,
527048,2018,90,2018-06-27,0.51,,0.5546218487394958,0.3023255813953488,-0.04462184873949582,
527048,2018,120,2018-07-27,0.58,0.34,0.5757575757575758,0.3205128205128205,0.004242424242424159,0.01948717948717954
527048,2019,60,2019-05-19,0.71,0.54,0.6681818181818182,0.4274193548387097,0.041818181818181754,0.11258064516129035
527048,2019,90,2019-06-18,0.54,0.36,0.625,0.4111111111111111,-0.08499999999999996,-0.05111111111111111
527048,2019,120,2019-07-18,0.68,0.34,0.639080459770115,0.3938053097345133,0.04091954022988509,-0.05380530973451325
527048,2021,30,2021-05-01,0.65,0.4,0.660377358490566,0.3888888888888889,-0.01037735849056598,0.011111111111111127
527048,2021,60,2021-05-31,0.62,0.5,0.6359447004608295,0.4433962264150943,-0.01594470046082952,0.0566037735849057
527048,2021,90,2021-06-30,0.6,0.34,0.6276276276276276,0.4039735099337748,-0.027627627627627604,-0.06397350993377476
527048,2021,120,2021-07-30,0.63,0.42,0.6261467889908257,0.4120603015075377,0.003853211009174351,0.007939698492462288
527048,2022,30,2022-05-07,0.64,,0.6422018348623854,0.4347826086956521,-0.0022018348623853434,
527048,2022,60,2022-06-06,0.6,0.44,0.6185185185185185,0.4409448818897638,-0.01851851851851849,-0.0009448818897637712
527048,2022,90,2022-07-06,0.63,0.4,0.6112469437652812,0.4285714285714285,0.01875305623471879,-0.02857142857142847
527048,2022,120,2022-08-05,0.65,0.52,0.6145251396648045,0.4513618677042801,0.035474860335195535,0.06863813229571991
527048,2023,30,2023-04-29,0.71,0.34,0.6942148760330579,0.3870967741935484,0.015785123966942094,-0.04709677419354835
527048,2023,60,2023-05-29,0.65,0.34,0.6869918699186992,0.3565217391304348,-0.03699186991869918,-0.016521739130434754
527048,2023,90,2023-06-28,0.51,0.28,0.6317135549872123,0.3314917127071823,-0.12171355498721226,-0.05149171270718228
527048,2023,120,2023-07-28,0.59,0.28,0.6327433628318584,0.3300970873786408,-0.04274336283185842,-0.05009708737864077
527048,2024,30,2024-04-27,0.61,0.44,0.6554054054054054,0.4029850746268656,-0.045405405405405386,0.03701492537313439
527048,2024,60,2024-05-27,0.62,0.3,0.6313725490196078,0.365079365079365,-0.011372549019607825,-0.06507936507936501
527048,2024,90,2024-06-26,0.62,0.3,0.6313725490196078,0.365079365079365,-0.011372549019607825,-0.06507936507936501
527048,2024,120,2024-07-26,0.57,0.3,0.6203208556149733,0.3442622950819672,-0.05032085561497335,-0.04426229508196722
527048,2025,30,2025-04-26,,,0.6144578313253012,0.4736842105263157,,
527048,2025,60,2025-05-26,,,0.6144578313253012,0.4736842105263157,,
527048,2025,90,2025-06-25,,,0.6144578313253012,0.4736842105263157,,
527048,2025,120,2025-07-25,,,0.6144578313253012,0.4736842105263157,,
527048,2026,30,2026-04-25,,,0.5934065934065934,0.3043478260869565,,
527048,2026,59,2026-05-22,0.66,0.6,0.6134969325153374,0.4523809523809524,0.0465030674846626,0.1476190476190476
543548,2019,90,2019-06-18,0.72,0.5,0.7480314960629921,0.4923076923076923,-0.028031496062992156,0.0076923076923077205
543548,2019,120,2019-07-18,0.72,0.4,0.7235023041474654,0.4553571428571428,-0.0035023041474654404,-0.05535714285714277
545333,2018,30,2018-04-28,0.64,0.44,0.6433566433566433,0.4605263157894737,-0.0033566433566433185,-0.02052631578947367
545333,2018,60,2018-05-28,0.58,0.56,0.6079734219269103,0.4941860465116279,-0.027973421926910325,0.06581395348837216
545333,2018,90,2018-06-27,0.71,0.62,0.6402714932126696,0.5454545454545454,0.06972850678733034,0.07454545454545458
545333,2018,120,2018-07-27,0.64,0.54,0.6305418719211823,0.5446685878962536,0.00945812807881774,-0.004668587896253573
545333,2019,30,2019-04-19,0.64,0.44,0.6355140186915887,0.4444444444444444,0.004485981308411269,-0.0044444444444444176
545333,2019,60,2019-05-19,0.48,0.52,0.5430711610486891,0.46875,-0.06307116104868915,0.05125000000000002
545333,2019,90,2019-06-18,0.62,0.48,0.5673289183222958,0.4717741935483871,0.05267108167770418,0.00822580645161286
545333,2019,120,2019-07-18,0.61,0.54,0.5758564437194127,0.4899135446685879,0.034143556280587295,0.05008645533141215
545333,2021,30,2021-05-01,0.62,0.44,0.6486486486486487,0.5257731958762887,-0.02864864864864869,-0.08577319587628868
545333,2021,60,2021-05-31,0.64,0.42,0.6224489795918368,0.5217391304347826,0.017551020408163254,-0.10173913043478261
571510,2018,30,2018-04-28,,,0.5543478260869565,0.2916666666666667,,
571510,2018,60,2018-05-28,0.55,0.42,0.5497835497835498,0.3666666666666666,0.00021645021645022577,0.0533333333333334
571510,2018,90,2018-06-27,0.57,0.4,0.5504322766570605,0.3798882681564245,0.019567723342939436,0.02011173184357551
571510,2018,120,2018-07-27,0.59,0.48,0.5630434782608695,0.4040816326530612,0.026956521739130435,0.0759183673469388
571510,2019,30,2019-04-19,0.58,0.58,0.58,0.631578947368421,0.0,-0.05157894736842106
571510,2019,60,2019-05-19,0.66,0.36,0.6408163265306123,0.4965986394557823,0.019183673469387763,-0.13659863945578232
571510,2019,90,2019-06-18,0.59,0.58,0.6267029972752044,0.5161290322580645,-0.03670299727520443,0.06387096774193546
571510,2019,120,2019-07-18,0.72,0.58,0.6412825651302605,0.5405405405405406,0.07871743486973948,0.03945945945945939
571510,2021,30,2021-05-01,0.69,0.34,0.723404255319149,0.3428571428571428,-0.033404255319149034,-0.0028571428571427804
571510,2021,60,2021-05-31,0.71,0.46,0.7178423236514523,0.3916666666666666,-0.007842323651452321,0.06833333333333341
571510,2021,90,2021-06-30,0.68,0.32,0.7033333333333334,0.3733333333333333,-0.023333333333333317,-0.05333333333333329
571510,2021,120,2021-07-30,0.68,0.32,0.7033333333333334,0.3733333333333333,-0.023333333333333317,-0.05333333333333329
571510,2023,30,2023-04-29,0.69,0.38,0.6818181818181818,0.3793103448275862,0.008181818181818179,0.0006896551724138167
571510,2023,60,2023-05-29,0.55,0.42,0.6197183098591549,0.3963963963963964,-0.06971830985915484,0.023603603603603585
571510,2025,30,2025-04-26,0.61,0.4,0.6129032258064516,0.3870967741935484,-0.002903225806451637,0.012903225806451646
571510,2025,60,2025-05-26,0.66,0.44,0.6455696202531646,0.4242424242424242,0.014430379746835476,0.015757575757575804
571510,2025,90,2025-06-25,0.75,0.24,0.6891891891891891,0.3904761904761905,0.060810810810810856,-0.15047619047619049
571510,2025,120,2025-07-25,0.64,0.56,0.6809421841541756,0.421875,-0.04094218415417561,0.13812500000000005
571510,2026,30,2026-04-25,,,0.6607142857142857,0.5365853658536586,,
571510,2026,59,2026-05-22,0.66,0.4,0.66,0.4626865671641791,0.0,-0.06268656716417909
584171,2018,30,2018-04-28,,,0.6352941176470588,0.3,,
584171,2018,60,2018-05-28,0.63,0.34,0.664,0.3508771929824561,-0.03400000000000003,-0.010877192982456096
584171,2018,90,2018-06-27,0.69,0.28,0.6842105263157895,0.3205128205128205,0.0057894736842104555,-0.04051282051282046
584171,2018,120,2018-07-27,0.68,0.28,0.6796536796536796,0.3177570093457944,0.00034632034632042785,-0.037757009345794346
584171,2019,30,2019-04-19,,,0.6078431372549019,,,
584171,2019,60,2019-05-19,0.66,0.36,0.652542372881356,0.3442622950819672,0.007457627118644061,0.01573770491803278
584171,2019,90,2019-06-18,0.62,0.48,0.6319018404907976,0.430379746835443,-0.011901840490797566,0.04962025316455698
592773,2018,90,2018-06-27,,,0.5113636363636364,0.5319148936170213,,
592773,2018,120,2018-07-27,0.63,0.56,0.5816993464052288,0.5568181818181818,0.0483006535947712,0.0031818181818182856
592773,2019,30,2019-04-19,,,,,,
592773,2019,60,2019-05-19,,0.5,0.5876288659793815,0.5,,0.0
592773,2019,90,2019-06-18,0.59,0.5,0.591715976331361,0.4942528735632184,-0.0017159763313610021,0.005747126436781602
592789,2018,30,2018-04-28,0.61,0.48,0.6071428571428571,0.5411764705882353,0.0028571428571428914,-0.06117647058823528
592789,2018,60,2018-05-28,0.5,0.52,0.5539033457249071,0.5205479452054794,-0.05390334572490707,-0.0005479452054794054
592789,2018,90,2018-06-27,0.5,0.52,0.5539033457249071,0.5205479452054794,-0.05390334572490707,-0.0005479452054794054
592789,2018,120,2018-07-27,0.55,0.46,0.5573248407643312,0.497005988023952,-0.007324840764331153,-0.037005988023952
592789,2019,30,2019-04-19,,0.46,0.5510204081632653,0.4754098360655737,,-0.015409836065573668
592789,2019,60,2019-05-19,0.67,0.44,0.6513409961685823,0.4436619718309859,0.01865900383141772,-0.0036619718309858773
592789,2019,90,2019-06-18,0.67,0.36,0.6598984771573604,0.4227272727272727,0.010101522842639654,-0.06272727272727269
592789,2019,120,2019-07-18,0.59,0.42,0.644,0.4214285714285714,-0.05400000000000005,-0.0014285714285713902
592789,2022,30,2022-05-07,,,0.5729166666666666,0.2916666666666667,,
592789,2022,60,2022-06-06,0.69,0.24,0.6307692307692307,0.2857142857142857,0.0592307692307692,-0.04571428571428571
592789,2022,90,2022-07-06,0.66,0.5,0.6404109589041096,0.3548387096774194,0.019589041095890436,0.14516129032258063
592789,2022,120,2022-08-05,0.6,0.38,0.6391184573002755,0.3473684210526316,-0.03911845730027552,0.0326315789473684
592789,2023,30,2023-04-29,0.62,0.34,0.6434782608695652,0.375,-0.02347826086956517,-0.034999999999999976
592789,2023,60,2023-05-29,0.61,0.24,0.6341463414634146,0.336734693877551,-0.024146341463414656,-0.09673469387755101
592789,2023,90,2023-06-28,0.62,0.3,0.6300813008130082,0.3193277310924369,-0.010081300813008176,-0.019327731092436906
592789,2023,120,2023-07-28,0.62,0.3,0.6300813008130082,0.3193277310924369,-0.010081300813008176,-0.019327731092436906
592811,2018,30,2018-04-28,0.63,0.42,0.6336633663366337,0.4181818181818181,-0.0036633663366336666,0.0018181818181818854
605154,2022,90,2022-07-06,0.63,0.46,0.7,0.4605263157894737,-0.06999999999999995,-0.0005263157894736525
605154,2022,120,2022-08-05,0.65,0.32,0.7061855670103093,0.3894736842105263,-0.0561855670103093,-0.0694736842105263
605154,2023,60,2023-05-29,,0.52,0.6777777777777778,0.543859649122807,,-0.023859649122807025
605154,2023,90,2023-06-28,0.66,0.5,0.6666666666666666,0.5070422535211268,-0.006666666666666599,-0.007042253521126751
605154,2023,120,2023-07-28,0.66,0.5,0.6666666666666666,0.5070422535211268,-0.006666666666666599,-0.007042253521126751
605156,2019,30,2019-04-19,,,0.6111111111111112,0.3902439024390244,,
605156,2019,60,2019-05-19,0.52,0.46,0.5822784810126582,0.4078947368421052,-0.062278481012658204,0.05210526315789482
605156,2019,90,2019-06-18,0.61,0.4,0.6073298429319371,0.4042553191489361,0.0026701570680628395,-0.004255319148936065
605156,2019,120,2019-07-18,0.61,0.4,0.6,0.3947368421052631,0.010000000000000009,0.005263157894736914
605156,2024,60,2024-05-27,,,0.7215189873417721,0.2903225806451613,,
630023,2018,30,2018-04-28,0.66,0.46,0.6810344827586207,0.4363636363636363,-0.021034482758620632,0.023636363636363733
630023,2018,60,2018-05-28,0.66,0.46,0.6810344827586207,0.4363636363636363,-0.021034482758620632,0.023636363636363733
630023,2018,90,2018-06-27,0.66,0.46,0.6810344827586207,0.4363636363636363,-0.021034482758620632,0.023636363636363733
630023,2018,120,2018-07-27,0.63,0.46,0.6503496503496503,0.4545454545454545,-0.020349650349650306,0.005454545454545545
630023,2019,30,2019-04-19,,,0.7183098591549296,0.4285714285714285,,
630023,2019,60,2019-05-19,0.58,0.28,0.6444444444444445,0.3478260869565217,-0.06444444444444453,-0.06782608695652165
630023,2019,90,2019-06-18,0.62,0.46,0.625,0.4177215189873418,-0.0050000000000000044,0.04227848101265824
630023,2019,120,2019-07-18,0.61,0.48,0.6176470588235294,0.415929203539823,-0.007647058823529451,0.06407079646017699
630023,2023,90,2023-06-28,0.54,0.28,0.5522388059701493,0.264367816091954,-0.012238805970149258,0.01563218390804605
630023,2023,120,2023-07-28,0.64,0.32,0.5815602836879432,0.293103448275862,0.0584397163120568,0.026896551724138018
630023,2024,90,2024-06-26,,,,,,
641743,2021,60,2021-05-31,,,0.6172839506172839,0.4166666666666667,,
641743,2021,90,2021-06-30,0.66,0.5,0.6259541984732825,0.4615384615384615,0.034045801526717545,0.03846153846153849
641743,2026,30,2026-04-25,0.64,0.2,0.64,0.2321428571428571,0.0,-0.032142857142857084
641743,2026,59,2026-05-22,0.59,0.4,0.6056338028169014,0.2956521739130435,-0.01563380281690141,0.10434782608695653
642098,2019,90,2019-06-18,0.63,0.2,0.6378378378378379,0.2666666666666666,-0.007837837837837869,-0.0666666666666666
642098,2019,120,2019-07-18,0.58,0.36,0.6210191082802548,0.2876712328767123,-0.04101910828025479,0.07232876712328767
642232,2018,60,2018-05-28,0.58,0.48,0.5897435897435898,0.4257425742574257,-0.009743589743589798,0.054257425742574306
642232,2018,90,2018-06-27,0.6,0.3,0.5846645367412141,0.406060606060606,0.015335463258785875,-0.10606060606060602
642232,2018,120,2018-07-27,0.56,0.3,0.5781990521327014,0.3832599118942731,-0.018199052132701343,-0.08325991189427312
642232,2019,90,2019-06-18,0.59,0.38,0.5970873786407767,0.391304347826087,-0.007087378640776687,-0.011304347826086969
642232,2019,120,2019-07-18,0.68,0.4,0.6277372262773723,0.3955223880597014,0.052262773722627776,0.004477611940298609
642232,2021,30,2021-05-01,0.56,0.42,0.5486111111111112,0.3823529411764705,0.011388888888888893,0.03764705882352948
642232,2021,60,2021-05-31,0.64,0.38,0.5933609958506224,0.3852459016393442,0.046639004149377605,-0.005245901639344186
642232,2021,90,2021-06-30,0.7,0.34,0.6308539944903582,0.3804347826086957,0.06914600550964178,-0.04043478260869565
642232,2021,120,2021-07-30,0.7,0.3,0.6455142231947484,0.3703703703703703,0.05448577680525157,-0.0703703703703703
642232,2022,60,2022-06-06,0.61,0.32,0.5939849624060151,0.3225806451612903,0.016015037593984927,-0.002580645161290307
642232,2022,90,2022-07-06,0.66,0.26,0.6139240506329114,0.2702702702702703,0.04607594936708859,-0.010270270270270276
642232,2022,120,2022-08-05,0.7,0.3,0.6394849785407726,0.2991452991452991,0.06051502145922738,0.0008547008547009072
642232,2023,60,2023-05-29,0.67,0.2,0.6548672566371682,0.2153846153846154,0.01513274336283188,-0.015384615384615385
642232,2023,90,2023-06-28,0.67,0.2,0.6548672566371682,0.2153846153846154,0.01513274336283188,-0.015384615384615385
642232,2023,120,2023-07-28,0.71,0.24,0.6864864864864865,0.2307692307692307,0.023513513513513495,0.009230769230769292
642232,2025,60,2025-05-26,0.71,0.44,0.7304964539007093,0.4487179487179487,-0.02049645390070931,-0.008717948717948676
643615,2021,30,2021-05-01,,,0.631578947368421,,,
643615,2021,60,2021-05-31,,,0.631578947368421,,,
656412,2022,60,2022-06-06,0.62,0.3,0.6466165413533834,0.3088235294117647,-0.026616541353383427,-0.00882352941176473
656412,2022,90,2022-07-06,0.57,0.44,0.6137339055793991,0.3684210526315789,-0.04373390557939916,0.07157894736842108
656412,2023,60,2023-05-29,,,0.6951219512195121,0.4489795918367347,,
656412,2023,90,2023-06-28,0.68,0.52,0.6699029126213593,0.4482758620689655,0.01009708737864079,0.07172413793103449
656412,2023,120,2023-07-28,0.67,0.36,0.6923076923076923,0.3658536585365853,-0.02230769230769225,-0.0058536585365853155
656887,2019,120,2019-07-18,,,0.625,,,
660730,2022,60,2022-06-06,,,0.5277777777777778,0.4666666666666667,,
660730,2022,90,2022-07-06,,,0.53125,0.4210526315789473,,
660730,2022,120,2022-08-05,0.53,,0.5121951219512195,0.425531914893617,0.017804878048780504,
663460,2021,60,2021-05-31,0.52,0.38,0.5172413793103449,0.3666666666666666,0.0027586206896551557,0.01333333333333342
663460,2021,90,2021-06-30,0.49,0.36,0.5071090047393365,0.3660714285714285,-0.01710900473933652,-0.0060714285714285054
663460,2021,120,2021-07-30,0.6,0.32,0.5358255451713395,0.3636363636363636,0.06417445482866047,-0.043636363636363584
663460,2022,30,2022-05-07,,,0.5,0.2105263157894736,,
663460,2022,60,2022-06-06,,0.26,0.4725274725274725,0.25,,0.010000000000000009
663460,2022,90,2022-07-06,0.65,0.4,0.558252427184466,0.3303571428571428,0.09174757281553403,0.06964285714285723
663460,2022,120,2022-08-05,0.56,0.5,0.5770308123249299,0.3681318681318681,-0.017030812324929867,0.1318681318681319
663460,2025,30,2025-04-26,0.61,0.46,0.6220472440944882,0.4782608695652174,-0.012047244094488208,-0.018260869565217386
663460,2025,60,2025-05-26,0.61,0.54,0.6245353159851301,0.4794520547945205,-0.014535315985130137,0.060547945205479514
663460,2025,90,2025-06-25,0.69,0.48,0.6388140161725068,0.4729064039408867,0.051185983827493176,0.007093596059113305
663460,2025,120,2025-07-25,0.58,0.46,0.6241900647948164,0.4618473895582329,-0.044190064794816464,-0.0018473895582328814
663460,2026,30,2026-04-25,0.57,0.5,0.5752212389380531,0.453125,-0.005221238938053152,0.046875
663460,2026,59,2026-05-22,0.58,0.46,0.5700483091787439,0.4636363636363636,0.00995169082125602,-0.0036363636363636043
663531,2021,30,2021-05-01,,,0.52,0.2790697674418604,,
663531,2021,60,2021-05-31,,,0.52,0.2790697674418604,,
663531,2021,90,2021-06-30,,0.3,0.5111111111111111,0.2884615384615384,,0.011538461538461608
663531,2021,120,2021-07-30,0.52,0.24,0.5277777777777778,0.25,-0.007777777777777772,-0.010000000000000009
663765,2021,120,2021-07-30,0.62,0.32,0.5705521472392638,0.3717948717948718,0.049447852760736155,-0.0517948717948718
663765,2023,30,2023-04-29,0.62,0.26,0.6055045871559633,0.2666666666666666,0.01449541284403666,-0.006666666666666599
663765,2023,60,2023-05-29,0.62,0.2,0.6014492753623188,0.2465753424657534,0.01855072463768115,-0.0465753424657534
663765,2023,90,2023-06-28,0.62,0.26,0.6035502958579881,0.2790697674418604,0.016449704142011856,-0.019069767441860397
663765,2023,120,2023-07-28,0.59,0.26,0.5934065934065934,0.2747252747252747,-0.003406593406593439,-0.014725274725274684
663765,2024,90,2024-06-26,,,,,,
663765,2024,120,2024-07-26,,,,,,
663776,2021,60,2021-05-31,,0.34,0.5,0.34,,0.0
663776,2021,90,2021-06-30,0.58,0.56,0.5434782608695652,0.4466019417475728,0.03652173913043477,0.11339805825242727
663776,2021,120,2021-07-30,0.63,0.56,0.5849056603773585,0.4728260869565217,0.04509433962264153,0.08717391304347838
663776,2022,30,2022-05-07,,,0.5348837209302325,0.5116279069767442,,
663776,2022,60,2022-06-06,0.57,0.36,0.5645933014354066,0.4144144144144144,0.005406698564593304,-0.054414414414414414
663776,2022,90,2022-07-06,0.7,0.52,0.6109324758842444,0.4457831325301205,0.08906752411575558,0.07421686746987954
663776,2022,120,2022-08-05,0.53,0.36,0.5929411764705882,0.4396551724137931,-0.06294117647058817,-0.07965517241379311
663776,2023,30,2023-04-29,0.54,0.34,0.5526315789473685,0.3076923076923077,-0.012631578947368438,0.032307692307692315
663776,2023,60,2023-05-29,0.6,0.24,0.5708333333333333,0.2834645669291338,0.029166666666666674,-0.04346456692913381
663776,2023,90,2023-06-28,0.63,0.42,0.5899705014749262,0.3149171270718232,0.04002949852507376,0.10508287292817681
663776,2023,120,2023-07-28,0.6,0.48,0.5935334872979214,0.3506493506493506,0.006466512702078542,0.12935064935064938
663776,2024,30,2024-04-27,0.51,0.38,0.5433070866141733,0.3835616438356164,-0.033307086614173254,-0.0035616438356164126
663776,2024,60,2024-05-27,0.59,0.4,0.5748987854251012,0.4130434782608695,0.01510121457489877,-0.01304347826086949
663969,2024,120,2024-07-26,,,0.5666666666666667,0.5,,
664161,2022,60,2022-06-06,,,,,,
665622,2023,60,2023-05-29,0.48,0.48,0.4833333333333333,0.48,-0.0033333333333332993,0.0
665622,2023,90,2023-06-28,0.46,0.4,0.4727272727272727,0.4326923076923077,-0.012727272727272698,-0.03269230769230769
665622,2023,120,2023-07-28,0.51,0.5,0.4887459807073955,0.4605263157894737,0.02125401929260451,0.03947368421052633
665622,2024,90,2024-06-26,0.43,0.3,0.4272727272727272,0.3269230769230769,0.0027272727272728003,-0.02692307692307694
665795,2022,90,2022-07-06,,,0.5362318840579711,0.4054054054054054,,
665795,2022,120,2022-08-05,,0.44,0.5348837209302325,0.4509803921568627,,-0.010980392156862695
665795,2023,30,2023-04-29,0.5,0.54,0.5039370078740157,0.4864864864864865,-0.003937007874015741,0.05351351351351352
665795,2023,60,2023-05-29,0.51,0.5,0.4978540772532189,0.5,0.012145922746781113,0.0
665795,2023,90,2023-06-28,0.5,0.44,0.5136986301369864,0.4941176470588235,-0.013698630136986356,-0.05411764705882349
665795,2023,120,2023-07-28,0.54,0.48,0.5124223602484472,0.4945054945054945,0.027577639751552807,-0.014505494505494543
665795,2024,30,2024-04-27,,,0.6911764705882353,0.5121951219512195,,
665795,2024,60,2024-05-27,,0.44,0.6565656565656566,0.492063492063492,,-0.05206349206349198
665795,2024,90,2024-06-26,,0.44,0.6565656565656566,0.492063492063492,,-0.05206349206349198
665795,2024,120,2024-07-26,0.48,0.44,0.5730337078651685,0.4803921568627451,-0.09303370786516851,-0.04039215686274511
665795,2025,30,2025-04-26,,,0.5373134328358209,0.4390243902439024,,
665795,2025,60,2025-05-26,0.64,0.42,0.5919540229885057,0.4018691588785046,0.04804597701149427,0.018130841121495378
665795,2025,90,2025-06-25,0.69,0.52,0.6258992805755396,0.4394904458598726,0.06410071942446038,0.08050955414012739
665795,2025,120,2025-07-25,0.59,0.48,0.6155913978494624,0.4532019704433497,-0.025591397849462405,0.026798029556650282
665795,2026,30,2026-04-25,0.55,0.36,0.5798319327731093,0.3818181818181818,-0.02983193277310925,-0.021818181818181792
665795,2026,59,2026-05-22,0.67,0.42,0.618421052631579,0.4144144144144144,0.05157894736842106,0.005585585585585584
666120,2021,30,2021-05-01,0.67,0.48,0.6581196581196581,0.4696969696969697,0.011880341880341927,0.010303030303030258
666120,2021,60,2021-05-31,0.62,0.46,0.6320346320346321,0.4645669291338583,-0.012034632034632065,-0.004566929133858255
666120,2021,90,2021-06-30,0.54,0.46,0.6023738872403561,0.4607329842931937,-0.062373887240356085,-0.0007329842931936836
666120,2021,120,2021-07-30,0.5,0.46,0.5905707196029777,0.4474885844748858,-0.09057071960297769,0.0125114155251142
666120,2022,30,2022-05-07,0.56,0.36,0.5754716981132075,0.3333333333333333,-0.015471698113207477,0.026666666666666672
666120,2022,60,2022-06-06,0.51,0.44,0.5497835497835498,0.3846153846153846,-0.03978354978354981,0.05538461538461542
666120,2022,90,2022-07-06,0.61,0.36,0.5678670360110804,0.3812154696132597,0.042132963988919636,-0.021215469613259708
666120,2022,120,2022-08-05,0.51,0.38,0.5595744680851064,0.3780487804878049,-0.04957446808510635,0.0019512195121951237
666277,2023,120,2023-07-28,0.55,0.42,0.5504587155963303,0.4210526315789473,-0.0004587155963302614,-0.001052631578947305
666745,2023,30,2023-04-29,,0.32,0.5714285714285714,0.3090909090909091,,0.010909090909090924
666745,2023,60,2023-05-29,0.61,0.38,0.5810055865921788,0.3333333333333333,0.028994413407821162,0.04666666666666669
666745,2023,90,2023-06-28,0.56,0.32,0.579185520361991,0.3097345132743362,-0.01918552036199095,0.010265486725663797
666745,2023,120,2023-07-28,0.56,0.32,0.579185520361991,0.3097345132743362,-0.01918552036199095,0.010265486725663797
667755,2024,30,2024-04-27,0.59,,0.59,0.4693877551020408,0.0,
667755,2024,60,2024-05-27,0.56,0.48,0.5570776255707762,0.4594594594594595,0.0029223744292238285,0.020540540540540497
667755,2024,90,2024-06-26,0.61,0.36,0.5641891891891891,0.4195804195804196,0.04581081081081084,-0.0595804195804196
667755,2024,120,2024-07-26,0.59,0.44,0.5743589743589743,0.4301675977653631,0.015641025641025652,0.009832402234636883
667755,2025,30,2025-04-26,0.54,,0.5447154471544715,0.4680851063829787,-0.004715447154471475,
667755,2025,60,2025-05-26,0.56,0.36,0.5677655677655677,0.3949579831932773,-0.007765567765567694,-0.03495798319327731
667755,2025,90,2025-06-25,0.63,0.54,0.5833333333333334,0.4102564102564102,0.046666666666666634,0.12974358974358985
667755,2025,120,2025-07-25,0.58,0.42,0.5944444444444444,0.4075471698113208,-0.014444444444444482,0.01245283018867921
667755,2026,30,2026-04-25,0.57,0.56,0.5785714285714286,0.5119047619047619,-0.008571428571428674,0.04809523809523819
667755,2026,59,2026-05-22,0.6,0.48,0.5714285714285714,0.4966442953020134,0.02857142857142858,-0.016644295302013445
669145,2021,30,2021-05-01,0.55,,0.5663716814159292,0.3829787234042553,-0.01637168141592915,
669145,2021,60,2021-05-31,0.52,0.42,0.5561224489795918,0.4,-0.036122448979591826,0.019999999999999962
669145,2021,90,2021-06-30,0.5,0.48,0.553030303030303,0.4140625,-0.05303030303030298,0.06593749999999998
669145,2021,120,2021-07-30,0.5,0.48,0.553030303030303,0.4140625,-0.05303030303030298,0.06593749999999998
669145,2022,30,2022-05-07,0.61,0.42,0.6116504854368932,0.4464285714285714,-0.0016504854368931676,-0.026428571428571412
669145,2022,60,2022-06-06,0.67,0.22,0.6431535269709544,0.3559322033898305,0.026846473029045637,-0.1359322033898305
669302,2021,60,2021-05-31,,,0.6575342465753424,0.4,,
669302,2021,90,2021-06-30,0.66,0.48,0.6644295302013423,0.4382022471910112,-0.004429530201342291,0.041797752808988786
669302,2021,120,2021-07-30,0.58,0.5,0.6303501945525292,0.453416149068323,-0.050350194552529204,0.046583850931676996
669302,2022,30,2022-05-07,0.61,0.42,0.5864661654135338,0.4177215189873418,0.023533834586466185,0.0022784810126582067
669302,2022,60,2022-06-06,0.62,0.36,0.6145038167938931,0.4379084967320261,0.005496183206106897,-0.0779084967320261
669302,2022,90,2022-07-06,0.67,0.34,0.633495145631068,0.4025974025974026,0.03650485436893203,-0.0625974025974026
669302,2022,120,2022-08-05,0.66,0.38,0.6421845574387948,0.404040404040404,0.017815442561205264,-0.024040404040403973
669302,2023,30,2023-04-29,0.5,0.54,0.5132743362831859,0.53125,-0.013274336283185861,0.008750000000000036
669302,2023,60,2023-05-29,0.72,0.56,0.6180257510729614,0.5267175572519084,0.10197424892703855,0.03328244274809167
669302,2023,90,2023-06-28,0.57,0.36,0.5994623655913979,0.4626865671641791,-0.02946236559139792,-0.10268656716417912
669302,2023,120,2023-07-28,0.66,0.4,0.614314115308151,0.449814126394052,0.04568588469184898,-0.04981412639405197
669302,2024,30,2024-04-27,0.64,0.54,0.6666666666666666,0.5396825396825397,-0.026666666666666616,0.00031746031746038295
669302,2024,60,2024-05-27,0.64,0.34,0.6642066420664207,0.4744525547445255,-0.024206642066420647,-0.1344525547445255
669302,2024,90,2024-06-26,0.77,0.52,0.6923076923076923,0.4757281553398058,0.07769230769230773,0.04427184466019424
669302,2024,120,2024-07-26,0.66,0.58,0.6761363636363636,0.4888059701492537,-0.016136363636363615,0.09119402985074626
669302,2025,30,2025-04-26,0.7,0.5,0.7264957264957265,0.5432098765432098,-0.026495726495726513,-0.043209876543209846
669302,2025,60,2025-05-26,0.7,0.5,0.7264957264957265,0.5432098765432098,-0.026495726495726513,-0.043209876543209846
669302,2025,90,2025-06-25,0.68,0.56,0.7151898734177216,0.5454545454545454,-0.03518987341772151,0.014545454545454639
669302,2025,120,2025-07-25,0.66,0.62,0.7,0.5536723163841808,-0.039999999999999925,0.0663276836158192
669302,2026,30,2026-04-25,0.67,0.44,0.6811594202898551,0.4320987654320987,-0.01115942028985506,0.007901234567901316
669302,2026,59,2026-05-22,0.7,0.48,0.6968503937007874,0.4405594405594406,0.0031496062992125706,0.03944055944055941
682052,2025,60,2025-05-26,,,0.6307692307692307,0.5483870967741935,,
682052,2025,90,2025-06-25,0.7,0.5,0.6842105263157895,0.4954954954954955,0.015789473684210464,0.004504504504504514
682052,2025,120,2025-07-25,0.63,0.44,0.6579925650557621,0.4838709677419355,-0.027992565055762086,-0.043870967741935496
682052,2026,30,2026-04-25,0.55,0.34,0.5263157894736842,0.2982456140350877,0.023684210526315863,0.04175438596491232
682052,2026,59,2026-05-22,0.63,0.32,0.5781990521327014,0.3047619047619048,0.05180094786729861,0.015238095238095217
685126,2025,60,2025-05-26,0.62,0.5,0.6176470588235294,0.5283018867924528,0.0023529411764705577,-0.028301886792452824
685126,2025,90,2025-06-25,0.57,0.5,0.5827814569536424,0.52,-0.012781456953642412,-0.020000000000000018
687134,2025,60,2025-05-26,,,0.4487179487179487,0.2162162162162162,,
687134,2025,90,2025-06-25,,,0.4487179487179487,0.2162162162162162,,
687134,2025,120,2025-07-25,0.53,0.18,0.5040650406504065,0.173076923076923,0.025934959349593556,0.006923076923077004
687792,2024,90,2024-06-26,,0.5,0.5656565656565656,0.4909090909090909,,0.009090909090909094
687792,2024,120,2024-07-26,0.61,0.38,0.6049382716049383,0.4591836734693877,0.005061728395061693,-0.0791836734693877
689254,2026,59,2026-05-22,,,0.6,0.4489795918367347,,
694363,2023,30,2023-04-29,,,,,,
694363,2023,60,2023-05-29,0.6,0.4,0.6018518518518519,0.3773584905660377,-0.0018518518518518823,0.022641509433962315
694363,2023,90,2023-06-28,0.62,0.2,0.6269430051813472,0.2747252747252747,-0.006943005181347162,-0.07472527472527468
694363,2023,120,2023-07-28,0.62,0.2,0.6269430051813472,0.2747252747252747,-0.006943005181347162,-0.07472527472527468
694363,2024,120,2024-07-26,0.57,0.3,0.542713567839196,0.3010752688172043,0.027286432160803953,-0.0010752688172043223
696131,2024,60,2024-05-27,,,0.5972222222222222,0.3125,,
696131,2024,90,2024-06-26,,,0.5972222222222222,0.3125,,
696131,2024,120,2024-07-26,,,0.5972222222222222,0.3125,,
431148,2021,90,2021-06-30,,,,,,
431148,2021,120,2021-07-30,,,,,,
450172,2019,30,2019-04-19,,,,,,
450172,2019,60,2019-05-19,,,,,,
450172,2019,90,2019-06-18,,,,,,
450172,2019,120,2019-07-18,,,,,,
467100,2018,30,2018-04-28,0.53,0.46,0.538961038961039,0.4285714285714285,-0.008961038961038947,0.03142857142857153
467100,2018,60,2018-05-28,0.55,0.28,0.5522388059701493,0.3671875,-0.002238805970149249,-0.08718749999999997
467100,2018,90,2018-06-27,0.57,0.46,0.5582655826558266,0.4,0.011734417344173353,0.06
467100,2018,120,2018-07-27,0.59,0.22,0.5594262295081968,0.3521739130434783,0.03057377049180321,-0.13217391304347828
467100,2019,30,2019-04-19,,,0.648936170212766,0.3181818181818182,,
467100,2019,60,2019-05-19,0.57,0.34,0.5954545454545455,0.3297872340425531,-0.025454545454545507,0.010212765957446912
467100,2019,90,2019-06-18,0.63,0.3,0.6005509641873278,0.3184713375796178,0.02944903581267222,-0.01847133757961783
467100,2019,120,2019-07-18,0.6,0.28,0.5922131147540983,0.3211009174311927,0.0077868852459016535,-0.04110091743119265
501957,2018,30,2018-04-28,0.48,,0.4782608695652174,0.325,0.0017391304347825765,
502042,2018,30,2018-04-28,0.61,0.36,0.6326530612244898,0.4285714285714285,-0.022653061224489845,-0.0685714285714285
502042,2018,60,2018-05-28,0.51,0.4,0.5771812080536913,0.43125,-0.06718120805369132,-0.03125
502042,2018,90,2018-06-27,0.53,0.44,0.5763239875389408,0.4327485380116959,-0.046323987538940736,0.00725146198830412
502042,2018,120,2018-07-27,0.65,0.48,0.5956416464891041,0.4464285714285714,0.05435835351089591,0.033571428571428585
502042,2019,30,2019-04-19,,,0.5211267605633803,0.6,,
502042,2019,60,2019-05-19,0.56,0.42,0.5597014925373134,0.4657534246575342,0.00029850746268667017,-0.045753424657534236
502042,2019,90,2019-06-18,0.57,0.52,0.5793103448275863,0.4569536423841059,-0.009310344827586303,0.06304635761589411
502042,2019,120,2019-07-18,0.66,0.6,0.5954773869346733,0.4907407407407407,0.0645226130653267,0.10925925925925928
502042,2022,30,2022-05-07,,,0.5662650602409639,0.425531914893617,,
502042,2022,60,2022-06-06,0.6,0.32,0.5755813953488372,0.3555555555555555,0.024418604651162745,-0.03555555555555551
502042,2022,90,2022-07-06,0.55,0.34,0.5648854961832062,0.3455882352941176,-0.014885496183206115,-0.005588235294117561
502042,2022,120,2022-08-05,0.51,0.4,0.5537974683544303,0.3696969696969697,-0.043797468354430324,0.03030303030303033
518452,2018,30,2018-04-28,0.55,0.38,0.5462184873949579,0.3636363636363636,0.0037815126050421144,0.016363636363636413
518452,2018,60,2018-05-28,0.76,0.3,0.662962962962963,0.3305785123966942,0.09703703703703703,-0.030578512396694235
518452,2018,90,2018-06-27,0.53,0.38,0.6303797468354431,0.3646408839779005,-0.10037974683544304,0.015359116022099495
518452,2018,120,2018-07-27,0.49,0.36,0.6185819070904646,0.3636363636363636,-0.12858190709046458,-0.0036363636363636043
519242,2018,30,2018-04-28,0.66,0.54,0.6376811594202898,0.5555555555555556,0.02231884057971023,-0.015555555555555545
519242,2018,60,2018-05-28,0.61,0.6,0.64,0.5909090909090909,-0.030000000000000027,0.009090909090909038
519242,2018,90,2018-06-27,0.76,0.64,0.674364896073903,0.5953307392996109,0.08563510392609697,0.044669260700389124
519242,2018,120,2018-07-27,0.72,0.58,0.6835443037974683,0.5948275862068966,0.03645569620253164,-0.014827586206896615
519242,2019,30,2019-04-19,,,0.7142857142857143,0.2857142857142857,,
519242,2019,60,2019-05-19,0.6,0.76,0.6483050847457628,0.5460526315789473,-0.04830508474576278,0.21394736842105266
519242,2019,90,2019-06-18,0.7,0.64,0.6666666666666666,0.5676855895196506,0.033333333333333326,0.07231441048034937
519242,2019,120,2019-07-18,0.62,0.62,0.6571428571428571,0.5695364238410596,-0.037142857142857144,0.05046357615894037
519242,2023,30,2023-04-29,0.65,0.5,0.6486486486486487,0.5357142857142857,0.0013513513513513375,-0.0357142857142857
519242,2023,60,2023-05-29,0.66,0.52,0.6495726495726496,0.5078125,0.010427350427350435,0.012187500000000018
519242,2023,90,2023-06-28,0.62,0.52,0.648,0.5107913669064749,-0.028000000000000025,0.009208633093525154
519242,2023,120,2023-07-28,0.62,0.52,0.648,0.5107913669064749,-0.028000000000000025,0.009208633093525154
519242,2024,30,2024-04-27,0.76,0.44,0.7235772357723578,0.4520547945205479,0.036422764227642235,-0.012054794520547918
519242,2024,60,2024-05-27,0.69,0.64,0.7125506072874493,0.527027027027027,-0.022550607287449398,0.11297297297297304
519242,2024,90,2024-06-26,0.64,0.56,0.695906432748538,0.5219512195121951,-0.055906432748538015,0.03804878048780491
519242,2024,120,2024-07-26,0.72,0.48,0.700218818380744,0.5283687943262412,0.019781181619256016,-0.04836879432624119
519242,2025,30,2025-04-26,0.57,0.4,0.6136363636363636,0.4285714285714285,-0.043636363636363695,-0.02857142857142847
519242,2025,60,2025-05-26,0.61,0.5,0.6377358490566037,0.4588235294117647,-0.027735849056603756,0.041176470588235314
519242,2025,90,2025-06-25,0.68,0.5,0.6524064171122995,0.4710743801652892,0.02759358288770053,0.028925619834710814
519242,2025,120,2025-07-25,0.68,0.5,0.6524064171122995,0.4710743801652892,0.02759358288770053,0.028925619834710814
519242,2026,30,2026-04-25,0.64,0.46,0.6521739130434783,0.4461538461538462,-0.012173913043478257,0.013846153846153841
519242,2026,59,2026-05-22,0.62,0.56,0.6198347107438017,0.5070422535211268,0.0001652892561982977,0.0529577464788733
543606,2018,30,2018-04-28,0.63,0.34,0.5985401459854015,0.3648648648648648,0.0314598540145985,-0.024864864864864777
543606,2018,60,2018-05-28,0.56,0.42,0.5806451612903226,0.3958333333333333,-0.020645161290322567,0.02416666666666667
543606,2018,90,2018-06-27,0.55,0.36,0.5694050991501416,0.3816425120772946,-0.019405099150141547,-0.021642512077294618
543606,2018,120,2018-07-27,0.59,0.5,0.569593147751606,0.4087591240875912,0.020406852248394003,0.09124087591240881
543606,2019,30,2019-04-19,,,0.5571428571428572,0.4772727272727273,,
543606,2019,60,2019-05-19,0.61,0.38,0.59375,0.4070796460176991,0.016249999999999987,-0.027079646017699077
543606,2019,90,2019-06-18,0.59,0.6,0.5913621262458472,0.467032967032967,-0.001362126245847195,0.132967032967033
543606,2019,120,2019-07-18,0.61,0.36,0.5868421052631579,0.4434389140271493,0.023157894736842044,-0.08343891402714931
543606,2021,30,2021-05-01,,,,,,
543606,2021,60,2021-05-31,,,0.631578947368421,0.3947368421052631,,
543606,2021,90,2021-06-30,0.6,0.44,0.6142857142857143,0.4,-0.014285714285714346,0.03999999999999998
543606,2021,120,2021-07-30,0.53,0.3,0.576,0.3624161073825503,-0.04599999999999993,-0.06241610738255032
543606,2022,30,2022-05-07,,,0.5652173913043478,0.2790697674418604,,
543606,2022,60,2022-06-06,0.57,0.36,0.5503875968992248,0.3442622950819672,0.019612403100775166,0.01573770491803278
543606,2022,90,2022-07-06,0.58,0.4,0.5629139072847682,0.3380281690140845,0.01708609271523176,0.06197183098591552
543606,2022,120,2022-08-05,0.63,0.44,0.5853658536585366,0.3739837398373983,0.044634146341463454,0.0660162601626017
544931,2018,30,2018-04-28,0.59,0.6,0.59375,0.5308641975308642,-0.003750000000000031,0.06913580246913575
544931,2018,60,2018-05-28,0.64,0.5,0.6116838487972509,0.5222929936305732,0.028316151202749107,-0.022292993630573243
544931,2018,90,2018-06-27,0.63,0.52,0.6200607902735562,0.5251396648044693,0.009939209726443798,-0.005139664804469257
544931,2018,120,2018-07-27,0.6,0.52,0.6175637393767706,0.5181347150259067,-0.017563739376770582,0.0018652849740933286
544931,2019,30,2019-04-19,,,0.6020408163265306,0.5833333333333334,,
544931,2019,60,2019-05-19,0.71,0.54,0.6653696498054474,0.5694444444444444,0.044630350194552526,-0.029444444444444384
544931,2019,90,2019-06-18,0.63,0.4,0.6487179487179487,0.5373831775700935,-0.01871794871794874,-0.13738317757009344
544931,2019,120,2019-07-18,0.63,0.56,0.6417624521072797,0.5189003436426117,-0.011762452107279664,0.041099656357388326
544931,2021,30,2021-05-01,,,,,,
544931,2021,60,2021-05-31,,,0.4659090909090909,0.5405405405405406,,
552640,2018,30,2018-04-28,,,,,,
552640,2018,60,2018-05-28,,,0.5975609756097561,0.275,,
552640,2018,90,2018-06-27,,,0.5975609756097561,0.275,,
552640,2018,120,2018-07-27,0.58,0.28,0.5754716981132075,0.2777777777777778,0.00452830188679243,0.0022222222222222365
552640,2021,60,2021-05-31,,,0.6842105263157895,0.5,,
570240,2018,90,2018-06-27,,,0.6909090909090909,0.4516129032258064,,
570240,2018,120,2018-07-27,0.62,0.46,0.6330935251798561,0.4533333333333333,-0.01309352517985607,0.00666666666666671
570240,2019,30,2019-04-19,,,0.5342465753424658,0.3783783783783784,,
570240,2019,60,2019-05-19,0.64,0.52,0.6025641025641025,0.4683544303797468,0.03743589743589748,0.05164556962025324
570240,2019,90,2019-06-18,0.53,0.46,0.5763358778625954,0.4565217391304347,-0.04633587786259541,0.0034782608695653194
570240,2019,120,2019-07-18,0.62,0.52,0.5906593406593407,0.4690721649484536,0.029340659340659325,0.05092783505154641
571927,2018,30,2018-04-28,,0.36,0.59375,0.3768115942028985,,-0.016811594202898517
571927,2018,60,2018-05-28,0.55,0.26,0.5792349726775956,0.3333333333333333,-0.02923497267759556,-0.0733333333333333
571927,2018,90,2018-06-27,0.58,0.32,0.5683890577507599,0.3553299492385787,0.011610942249240086,-0.035329949238578684
571927,2018,120,2018-07-27,0.49,0.4,0.5480349344978166,0.3632958801498127,-0.058034934497816604,0.036704119850187344
571927,2019,30,2019-04-19,,,0.6027397260273972,0.4042553191489361,,
571927,2019,60,2019-05-19,0.53,0.36,0.5696969696969697,0.3838383838383838,-0.039696969696969675,-0.023838383838383825
571927,2019,90,2019-06-18,0.56,0.42,0.5723905723905723,0.4,-0.012390572390572285,0.019999999999999962
571927,2019,120,2019-07-18,0.48,0.26,0.5578947368421052,0.3686635944700461,-0.07789473684210524,-0.10866359447004609
571927,2021,30,2021-05-01,0.51,0.44,0.5221238938053098,0.4655172413793103,-0.01212389380530976,-0.025517241379310274
571927,2021,60,2021-05-31,0.58,0.52,0.5590551181102362,0.463768115942029,0.020944881889763733,0.05623188405797103
571927,2021,90,2021-06-30,0.66,0.38,0.5904761904761905,0.4482758620689655,0.06952380952380954,-0.06827586206896552
571927,2021,120,2021-07-30,0.58,0.34,0.5888324873096447,0.4252336448598131,-0.008832487309644699,-0.08523364485981305
571927,2022,30,2022-05-07,0.62,0.34,0.6218487394957983,0.3846153846153846,-0.001848739495798335,-0.04461538461538456
571927,2022,60,2022-06-06,0.67,0.4,0.6424242424242425,0.411214953271028,0.027575757575757587,-0.011214953271028005
571927,2022,90,2022-07-06,0.67,0.4,0.6424242424242425,0.411214953271028,0.027575757575757587,-0.011214953271028005
571927,2023,30,2023-04-29,0.51,0.36,0.5254237288135594,0.3714285714285714,-0.015423728813559356,-0.011428571428571399
571927,2023,60,2023-05-29,0.62,0.32,0.5778688524590164,0.3333333333333333,0.04213114754098357,-0.013333333333333308
571927,2023,90,2023-06-28,0.61,0.28,0.5854545454545454,0.3231707317073171,0.024545454545454537,-0.043170731707317056
571927,2023,120,2023-07-28,0.65,0.42,0.6,0.3605150214592275,0.050000000000000044,0.059484978540772504
571927,2024,30,2024-04-27,0.62,0.28,0.6055045871559633,0.2758620689655172,0.01449541284403666,0.004137931034482845
571927,2024,60,2024-05-27,0.63,0.24,0.6062992125984252,0.25,0.023700787401574774,-0.010000000000000009
571927,2024,90,2024-06-26,0.63,0.24,0.6062992125984252,0.25,0.023700787401574774,-0.010000000000000009
571927,2024,120,2024-07-26,0.63,0.24,0.6062992125984252,0.25,0.023700787401574774,-0.010000000000000009
571927,2026,30,2026-04-25,0.6,0.46,0.6078431372549019,0.4310344827586206,-0.007843137254901933,0.028965517241379413
571927,2026,59,2026-05-22,0.62,0.28,0.6204819277108434,0.351063829787234,-0.0004819277108434328,-0.07106382978723397
572971,2018,30,2018-04-28,0.65,0.44,0.6143790849673203,0.4117647058823529,0.03562091503267972,0.02823529411764708
572971,2018,60,2018-05-28,0.63,0.36,0.6070175438596491,0.3925925925925926,0.022982456140350882,-0.03259259259259262
572971,2018,90,2018-06-27,0.63,0.34,0.6094808126410836,0.3791469194312796,0.020519187358916446,-0.03914691943127957
572971,2018,120,2018-07-27,0.6,0.34,0.6086956521739131,0.3772893772893773,-0.008695652173913104,-0.03728937728937726
572971,2019,120,2019-07-18,0.6,0.34,0.58125,0.3142857142857143,0.018749999999999933,0.025714285714285745
572971,2021,30,2021-05-01,0.58,0.3,0.5757575757575758,0.3137254901960784,0.004242424242424159,-0.013725490196078438
572971,2021,60,2021-05-31,0.47,0.28,0.5396825396825397,0.2777777777777778,-0.06968253968253968,0.0022222222222222365
572971,2021,90,2021-06-30,0.67,0.44,0.5853658536585366,0.3333333333333333,0.08463414634146349,0.10666666666666669
572971,2021,120,2021-07-30,0.64,0.32,0.5978494623655914,0.3268292682926829,0.04215053763440857,-0.006829268292682877
572971,2022,30,2022-05-07,,,0.5,,,
572971,2022,60,2022-06-06,0.6,0.26,0.573170731707317,0.2753623188405797,0.02682926829268295,-0.015362318840579703
572971,2022,90,2022-07-06,0.56,0.34,0.5428571428571428,0.3186813186813186,0.017142857142857237,0.02131868131868142
572971,2022,120,2022-08-05,0.58,0.44,0.5652173913043478,0.3274336283185841,0.014782608695652177,0.11256637168141592
592135,2019,60,2019-05-19,,0.4,0.5760869565217391,0.4035087719298245,,-0.0035087719298244613
605135,2018,90,2018-06-27,,,0.6530612244897959,0.3673469387755102,,
605135,2018,120,2018-07-27,0.66,0.34,0.6524822695035462,0.3472222222222222,0.007517730496453878,-0.0072222222222221855
605135,2019,60,2019-05-19,0.63,0.5,0.625,0.5277777777777778,0.0050000000000000044,-0.02777777777777779
605135,2019,90,2019-06-18,0.6,0.24,0.606425702811245,0.4253731343283582,-0.006425702811244993,-0.18537313432835822
605135,2019,120,2019-07-18,0.63,0.36,0.6089385474860335,0.4070351758793969,0.021061452513966517,-0.04703517587939693
605135,2021,30,2021-05-01,0.64,0.5,0.6333333333333333,0.4615384615384615,0.00666666666666671,0.03846153846153849
605135,2021,60,2021-05-31,0.65,0.52,0.6456140350877193,0.5034013605442177,0.004385964912280715,0.016598639455782327
605135,2021,90,2021-06-30,0.59,0.46,0.6229885057471264,0.4932126696832579,-0.03298850574712642,-0.03321266968325787
605135,2021,120,2021-07-30,0.61,0.48,0.6178571428571429,0.4929078014184397,-0.007857142857142896,-0.012907801418439724
605135,2022,30,2022-05-07,0.63,0.46,0.6446280991735537,0.4714285714285714,-0.014628099173553677,-0.011428571428571399
605135,2022,60,2022-06-06,0.59,0.42,0.6029411764705882,0.4267515923566879,-0.012941176470588234,-0.00675159235668793
605135,2022,90,2022-07-06,0.6,0.44,0.6016260162601627,0.4366197183098591,-0.001626016260162677,0.0033802816901409294
605135,2022,120,2022-08-05,0.64,0.42,0.6164658634538153,0.425,0.023534136546184747,-0.0050000000000000044
605135,2023,30,2023-04-29,0.61,0.4,0.5983606557377049,0.3684210526315789,0.01163934426229507,0.031578947368421095
605135,2023,60,2023-05-29,0.68,0.46,0.6402877697841727,0.3943661971830985,0.03971223021582737,0.06563380281690151
605135,2023,90,2023-06-28,0.63,0.42,0.6397984886649875,0.4081632653061224,-0.009798488664987448,0.011836734693877582
605135,2023,120,2023-07-28,0.56,0.36,0.62152133580705,0.4193548387096774,-0.06152133580704999,-0.05935483870967739
605135,2024,30,2024-04-27,0.58,0.38,0.624113475177305,0.379746835443038,-0.04411347517730502,0.00025316455696200446
605135,2024,60,2024-05-27,0.54,0.42,0.5954198473282443,0.3758389261744966,-0.05541984732824423,0.04416107382550338
605135,2024,90,2024-06-26,0.62,0.38,0.6075949367088608,0.3789954337899543,0.012405063291139218,0.0010045662100456876
605135,2024,120,2024-07-26,0.62,0.36,0.609942638623327,0.3801369863013699,0.010057361376673013,-0.020136986301369897
605135,2025,30,2025-04-26,0.63,0.44,0.6302521008403361,0.4533333333333333,-0.00025210084033611135,-0.013333333333333308
605135,2025,60,2025-05-26,0.57,0.38,0.6090225563909775,0.4228187919463087,-0.039022556390977514,-0.04281879194630872
605135,2025,90,2025-06-25,0.58,0.46,0.6040609137055838,0.4368932038834951,-0.02406091370558383,0.023106796116504902
605135,2025,120,2025-07-25,0.65,0.48,0.6165703275529865,0.4398496240601504,0.03342967244701356,0.0401503759398496
605135,2026,30,2026-04-25,0.55,0.18,0.5740740740740741,0.1785714285714285,-0.024074074074074026,0.0014285714285715012
605135,2026,59,2026-05-22,0.58,0.5,0.5874439461883408,0.3300970873786408,-0.0074439461883408775,0.1699029126213592
605182,2018,30,2018-04-28,0.66,0.32,0.664,0.35,-0.0040000000000000036,-0.02999999999999997
605182,2018,60,2018-05-28,0.67,0.36,0.6538461538461539,0.381294964028777,0.016153846153846185,-0.021294964028777008
605182,2018,90,2018-06-27,0.74,0.54,0.6761904761904762,0.4078947368421052,0.06380952380952376,0.13210526315789484
605182,2018,120,2018-07-27,0.64,0.52,0.6698292220113852,0.4275862068965517,-0.02982922201138516,0.09241379310344833
605182,2019,30,2019-04-19,,,,,,
605182,2019,60,2019-05-19,,,,,,
605182,2019,90,2019-06-18,,,0.6935483870967742,0.6904761904761905,,
605182,2019,120,2019-07-18,0.63,0.54,0.6524822695035462,0.5876288659793815,-0.02248226950354615,-0.04762886597938143
605182,2022,60,2022-06-06,,,0.6056338028169014,0.4545454545454545,,
605182,2022,90,2022-07-06,0.56,0.42,0.5608108108108109,0.4285714285714285,-0.0008108108108108025,-0.008571428571428508
605182,2022,120,2022-08-05,0.69,0.5,0.6144578313253012,0.4538461538461538,0.07554216867469876,0.04615384615384621
605182,2023,30,2023-04-29,0.54,0.3,0.5486725663716814,0.3214285714285714,-0.008672566371681345,-0.021428571428571408
605182,2023,60,2023-05-29,0.58,0.42,0.5660377358490566,0.3738317757009345,0.013962264150943371,0.046168224299065475
605182,2023,90,2023-06-28,0.65,0.38,0.5905797101449275,0.375886524822695,0.05942028985507253,0.004113475177304982
605182,2023,120,2023-07-28,0.65,0.38,0.5905797101449275,0.375886524822695,0.05942028985507253,0.004113475177304982
605254,2018,30,2018-04-28,,,,,,
605254,2018,60,2018-05-28,,,0.4677419354838709,,,
608344,2019,60,2019-05-19,,,0.75,,,
608344,2021,30,2021-05-01,0.72,0.44,0.7203389830508474,0.3846153846153846,-0.0003389830508474523,0.05538461538461542
608344,2021,60,2021-05-31,0.75,0.22,0.7174721189591078,0.3435114503816794,0.032527881040892215,-0.1235114503816794
608344,2021,90,2021-06-30,0.69,0.44,0.6962025316455697,0.3715846994535519,-0.00620253164556972,0.06841530054644812
608344,2021,120,2021-07-30,0.56,0.34,0.6687116564417178,0.3652173913043478,-0.10871165644171776,-0.025217391304347803
608344,2022,30,2022-05-07,0.73,0.28,0.7256637168141593,0.2903225806451613,0.0043362831858406725,-0.010322580645161283
608344,2022,60,2022-06-06,0.66,0.28,0.6825396825396826,0.2886597938144329,-0.022539682539682526,-0.008659793814432881
608344,2022,90,2022-07-06,0.59,0.4,0.6558823529411765,0.3254437869822485,-0.0658823529411765,0.0745562130177515
608344,2022,120,2022-08-05,0.67,0.42,0.6565217391304348,0.3392070484581498,0.013478260869565273,0.08079295154185018
608344,2023,30,2023-04-29,,,0.5238095238095238,0.3939393939393939,,
608344,2023,60,2023-05-29,,,0.5384615384615384,0.3823529411764705,,
608344,2023,90,2023-06-28,0.6,0.4,0.6016260162601627,0.3970588235294117,-0.001626016260162677,0.002941176470588336
608344,2023,120,2023-07-28,0.63,0.32,0.6102564102564103,0.3619047619047619,0.019743589743589696,-0.04190476190476189
608344,2024,30,2024-04-27,0.66,0.34,0.6551724137931034,0.3333333333333333,0.004827586206896606,0.00666666666666671
608344,2024,60,2024-05-27,0.67,0.42,0.6634146341463415,0.375,0.0065853658536585424,0.044999999999999984
608344,2024,90,2024-06-26,0.65,0.36,0.6727272727272727,0.3624161073825503,-0.022727272727272707,-0.0024161073825503254
608344,2024,120,2024-07-26,0.63,0.26,0.6709183673469388,0.3465909090909091,-0.04091836734693877,-0.08659090909090911
621141,2019,120,2019-07-18,,,,,,
621368,2021,120,2021-07-30,0.59,0.4,0.5707547169811321,0.4380165289256198,0.019245283018867854,-0.0380165289256198
621368,2022,30,2022-05-07,0.59,0.42,0.59,0.4210526315789473,0.0,-0.001052631578947305
621368,2022,60,2022-06-06,0.59,0.24,0.5904761904761905,0.3596491228070175,-0.0004761904761905189,-0.1196491228070175
622663,2018,30,2018-04-28,0.64,0.5,0.6666666666666666,0.4615384615384615,-0.026666666666666616,0.03846153846153849
622663,2018,60,2018-05-28,0.72,0.46,0.703971119133574,0.4736842105263157,0.016028880866425954,-0.013684210526315688
622663,2018,90,2018-06-27,0.71,0.44,0.7050691244239631,0.4888059701492537,0.004930875576036886,-0.0488059701492537
622663,2018,120,2018-07-27,0.71,0.34,0.7045454545454546,0.4646153846153846,0.005454545454545379,-0.12461538461538457
622663,2022,30,2022-05-07,0.65,0.4,0.6310679611650486,0.4107142857142857,0.018932038834951426,-0.010714285714285676
622663,2022,60,2022-06-06,0.61,0.56,0.6036036036036037,0.4803149606299212,0.006396396396396331,0.07968503937007887
622663,2022,90,2022-07-06,0.65,0.42,0.6124260355029586,0.4744897959183674,0.03757396449704142,-0.05448979591836739
622663,2022,120,2022-08-05,0.62,0.34,0.6114285714285714,0.4630541871921182,0.008571428571428563,-0.12305418719211819
622663,2023,60,2023-05-29,,,,,,
622663,2023,90,2023-06-28,0.66,0.4,0.6727272727272727,0.3764705882352941,-0.012727272727272698,0.02352941176470591
622663,2023,120,2023-07-28,0.61,0.3,0.6498054474708171,0.3409090909090909,-0.03980544747081716,-0.040909090909090895
622663,2024,30,2024-04-27,0.68,0.42,0.6982758620689655,0.4262295081967213,-0.018275862068965476,-0.006229508196721301
622663,2024,60,2024-05-27,0.64,0.32,0.6816326530612244,0.3846153846153846,-0.041632653061224434,-0.06461538461538457
622663,2024,90,2024-06-26,0.63,0.34,0.660427807486631,0.3659793814432989,-0.030427807486630987,-0.025979381443298866
622663,2024,120,2024-07-26,0.53,0.46,0.6257425742574257,0.3821138211382114,-0.09574257425742572,0.07788617886178861
622663,2025,30,2025-04-26,0.64,0.32,0.6139240506329114,0.3670886075949367,0.02607594936708857,-0.047088607594936716
622663,2025,60,2025-05-26,0.62,0.32,0.6192170818505338,0.3472222222222222,0.000782918149466183,-0.027222222222222203
622663,2025,90,2025-06-25,0.61,0.26,0.6054421768707483,0.3148148148148148,0.004557823129251681,-0.054814814814814816
622663,2025,120,2025-07-25,0.52,0.42,0.5913200723327305,0.3297491039426523,-0.07132007233273052,0.09025089605734771
622663,2026,30,2026-04-25,0.6,0.46,0.583941605839416,0.4444444444444444,0.016058394160583966,0.0155555555555556
622663,2026,59,2026-05-22,0.62,0.44,0.6037735849056604,0.4383561643835616,0.01622641509433964,0.0016438356164383827
623381,2019,60,2019-05-19,0.58,0.44,0.58,0.4363636363636363,0.0,0.0036363636363637153
623381,2019,90,2019-06-18,0.52,0.36,0.5534591194968553,0.4235294117647059,-0.033459119496855316,-0.06352941176470589
623381,2019,120,2019-07-18,0.57,0.4,0.5685279187817259,0.4174757281553398,0.001472081218274024,-0.017475728155339765
641154,2018,120,2018-07-27,0.67,0.4,0.6721311475409836,0.3833333333333333,-0.0021311475409835356,0.01666666666666672
641154,2019,30,2019-04-19,,0.44,0.5517241379310345,0.4423076923076923,,-0.0023076923076922884
641154,2019,60,2019-05-19,0.6,0.46,0.57,0.4622641509433962,0.030000000000000027,-0.0022641509433961593
641154,2019,90,2019-06-18,0.53,0.44,0.554140127388535,0.4390243902439024,-0.024140127388534993,0.0009756097560976174
641154,2019,120,2019-07-18,0.53,0.44,0.554140127388535,0.4390243902439024,-0.024140127388534993,0.0009756097560976174
641154,2021,30,2021-05-01,0.61,0.5,0.5985401459854015,0.4657534246575342,0.01145985401459848,0.03424657534246578
641154,2021,60,2021-05-31,0.66,0.42,0.6181102362204725,0.437037037037037,0.04188976377952758,-0.017037037037037017
641154,2021,90,2021-06-30,0.63,0.46,0.6263736263736264,0.4585365853658537,0.0036263736263736357,0.0014634146341463428
641154,2021,120,2021-07-30,0.62,0.58,0.628361858190709,0.4763948497854077,-0.008361858190709004,0.10360515021459227
641154,2022,30,2022-05-07,0.65,0.46,0.656934306569343,0.3977272727272727,-0.006934306569343018,0.06227272727272731
641154,2022,60,2022-06-06,0.62,0.46,0.642023346303502,0.4379084967320261,-0.022023346303502,0.022091503267973933
641154,2022,90,2022-07-06,0.54,0.42,0.626984126984127,0.4386792452830189,-0.08698412698412694,-0.018679245283018897
641154,2022,120,2022-08-05,0.52,0.44,0.6078838174273858,0.4311594202898551,-0.08788381742738582,0.008840579710144902
641154,2023,30,2023-04-29,0.7,0.52,0.6824324324324325,0.5476190476190477,0.0175675675675675,-0.027619047619047654
641154,2023,60,2023-05-29,0.71,0.5,0.7037037037037037,0.5328947368421053,0.006296296296296244,-0.03289473684210531
641154,2023,90,2023-06-28,0.71,0.6,0.7092731829573935,0.5429864253393665,0.0007268170426064646,0.057013574660633504
641154,2023,120,2023-07-28,0.67,0.54,0.7037735849056603,0.5387205387205387,-0.03377358490566029,0.0012794612794613247
641154,2024,30,2024-04-27,0.54,0.44,0.5566037735849056,0.4677419354838709,-0.016603773584905612,-0.027741935483870883
641154,2024,60,2024-05-27,0.69,0.4,0.6224899598393574,0.4791666666666667,0.06751004016064255,-0.07916666666666666
641154,2024,90,2024-06-26,0.66,0.54,0.6413043478260869,0.4832535885167464,0.018695652173913113,0.056746411483253656
641154,2024,120,2024-07-26,0.65,0.4,0.6503067484662577,0.4770318021201413,-0.00030674846625766694,-0.07703180212014127
641154,2025,30,2025-04-26,,0.38,0.5280898876404494,0.3773584905660377,,0.002641509433962297
641154,2025,60,2025-05-26,0.67,0.46,0.6009852216748769,0.4426229508196721,0.06901477832512315,0.017377049180327897
641154,2025,90,2025-06-25,0.7,0.36,0.611336032388664,0.4265734265734265,0.08866396761133599,-0.06657342657342652
641154,2025,120,2025-07-25,0.7,0.36,0.611336032388664,0.4265734265734265,0.08866396761133599,-0.06657342657342652
641302,2021,90,2021-06-30,0.71,0.36,0.7066666666666667,0.3902439024390244,0.0033333333333332993,-0.030243902439024417
641302,2021,120,2021-07-30,0.69,0.32,0.695067264573991,0.3805309734513274,-0.005067264573991093,-0.06053097345132741
641302,2022,30,2022-05-07,,,0.4915254237288136,0.2727272727272727,,
641302,2022,60,2022-06-06,,,0.4915254237288136,0.2727272727272727,,
641302,2022,90,2022-07-06,0.64,0.28,0.6111111111111112,0.2962962962962963,0.028888888888888853,-0.016296296296296253
641302,2022,120,2022-08-05,0.67,0.28,0.6292134831460674,0.2666666666666666,0.04078651685393264,0.01333333333333342
641302,2024,30,2024-04-27,0.79,0.34,0.7641509433962265,0.3571428571428571,0.025849056603773568,-0.01714285714285707
641302,2024,60,2024-05-27,0.72,0.34,0.7300884955752213,0.3445378151260504,-0.01008849557522129,-0.004537815126050393
641302,2024,90,2024-06-26,0.69,0.34,0.7246963562753036,0.3636363636363636,-0.03469635627530365,-0.023636363636363567
641302,2024,120,2024-07-26,0.67,0.38,0.7142857142857143,0.3687943262411347,-0.04428571428571426,0.011205673758865331
641302,2025,30,2025-04-26,,0.36,0.6947368421052632,0.3518518518518518,,0.008148148148148182
641302,2025,60,2025-05-26,0.66,0.32,0.673202614379085,0.345679012345679,-0.013202614379084987,-0.025679012345678986
641302,2025,90,2025-06-25,0.63,0.34,0.6651376146788991,0.3394495412844037,-0.03513761467889909,0.0005504587155963359
641302,2025,120,2025-07-25,0.62,0.4,0.6457564575645757,0.3687943262411347,-0.025756457564575674,0.03120567375886535
643290,2021,30,2021-05-01,,,0.5681818181818182,0.3478260869565217,,
643290,2021,60,2021-05-31,0.54,0.48,0.546875,0.4368932038834951,-0.0068749999999999645,0.043106796116504864
647336,2018,60,2018-05-28,,,0.5507246376811594,0.3947368421052631,,
647336,2019,60,2019-05-19,0.58,0.44,0.6038961038961039,0.4594594594594595,-0.02389610389610397,-0.019459459459459483
647336,2019,90,2019-06-18,0.7,0.32,0.6623376623376623,0.4078947368421052,0.03766233766233762,-0.08789473684210519
647336,2019,120,2019-07-18,0.71,0.42,0.6675191815856778,0.4205128205128205,0.04248081841432216,-0.0005128205128205332
647336,2023,90,2023-06-28,,,,,,
647336,2023,120,2023-07-28,0.55,0.4,0.5801526717557252,0.396551724137931,-0.030152671755725113,0.003448275862069028
647336,2024,30,2024-04-27,0.56,,0.5338345864661654,0.2765957446808511,0.026165413533834614,
647336,2025,60,2025-05-26,0.66,0.4,0.6486486486486487,0.3968253968253968,0.011351351351351346,0.003174603174603219
647336,2025,90,2025-06-25,0.47,0.62,0.5752212389380531,0.4645669291338583,-0.10522123893805313,0.15543307086614172
647336,2025,120,2025-07-25,0.62,0.4,0.5843373493975904,0.4486486486486487,0.035662650602409585,-0.04864864864864865
647336,2026,30,2026-04-25,0.6,0.46,0.5689655172413793,0.4857142857142857,0.03103448275862064,-0.02571428571428569
647336,2026,59,2026-05-22,0.69,0.38,0.6324786324786325,0.4341085271317829,0.057521367521367495,-0.05410852713178288
650496,2021,90,2021-06-30,,0.38,0.5483870967741935,0.4074074074074074,,-0.02740740740740738
650496,2021,120,2021-07-30,0.57,0.36,0.565,0.3839285714285714,0.0050000000000000044,-0.02392857142857141
656288,2019,60,2019-05-19,,0.48,0.6781609195402298,0.4705882352941176,,0.009411764705882397
656288,2019,90,2019-06-18,0.56,0.48,0.5951219512195122,0.4695652173913043,-0.035121951219512115,0.01043478260869568
656288,2019,120,2019-07-18,0.5,0.44,0.5622775800711743,0.4551282051282051,-0.06227758007117434,-0.015128205128205119
656288,2021,30,2021-05-01,,,0.5393258426966292,0.5416666666666666,,
656288,2021,60,2021-05-31,0.63,0.48,0.5819209039548022,0.4945054945054945,0.04807909604519778,-0.014505494505494543
656288,2021,90,2021-06-30,0.58,0.42,0.5681818181818182,0.4769230769230769,0.011818181818181728,-0.05692307692307691
656288,2023,30,2023-04-29,,,0.6129032258064516,0.4285714285714285,,
656288,2023,60,2023-05-29,0.69,0.44,0.6555555555555556,0.4285714285714285,0.03444444444444439,0.01142857142857151
656288,2023,90,2023-06-28,0.52,0.42,0.6066176470588235,0.4189189189189189,-0.08661764705882347,0.00108108108108107
656288,2023,120,2023-07-28,0.58,0.56,0.6033519553072626,0.441747572815534,-0.02335195530726264,0.11825242718446605
656288,2024,30,2024-04-27,0.58,0.36,0.5495495495495496,0.3389830508474576,0.03045045045045036,0.021016949152542375
656288,2024,60,2024-05-27,0.57,0.32,0.5580357142857143,0.3243243243243243,0.01196428571428565,-0.00432432432432428
656288,2024,90,2024-06-26,0.61,0.28,0.5714285714285714,0.3241758241758242,0.03857142857142859,-0.04417582417582416
656288,2024,120,2024-07-26,0.53,0.36,0.5626283367556468,0.3333333333333333,-0.0326283367556468,0.026666666666666672
656288,2025,30,2025-04-26,0.58,0.44,0.5765765765765766,0.4032258064516129,0.0034234234234233885,0.036774193548387124
656288,2025,60,2025-05-26,0.57,0.42,0.5734597156398105,0.4,-0.0034597156398105122,0.019999999999999962
656288,2025,90,2025-06-25,0.59,0.34,0.578125,0.3793103448275862,0.011874999999999969,-0.03931034482758616
656288,2026,59,2026-05-22,,,0.5466666666666666,0.5588235294117647,,
656550,2025,30,2025-04-26,0.55,0.38,0.5299145299145299,0.3939393939393939,0.020085470085470125,-0.013939393939393918
656550,2025,60,2025-05-26,0.59,0.44,0.5560165975103735,0.4365079365079365,0.0339834024896265,0.0034920634920634908
656550,2025,90,2025-06-25,0.64,0.6,0.5795454545454546,0.4923857868020304,0.06045454545454543,0.1076142131979696
656550,2025,120,2025-07-25,0.58,0.28,0.5805084745762712,0.4528301886792453,-0.0005084745762712339,-0.17283018867924527
656550,2026,30,2026-04-25,0.56,0.38,0.5703703703703704,0.3968253968253968,-0.010370370370370363,-0.0168253968253968
656550,2026,59,2026-05-22,0.53,0.4,0.5522388059701493,0.4042553191489361,-0.022238805970149267,-0.004255319148936065
663362,2024,30,2024-04-27,0.54,0.34,0.5752212389380531,0.365079365079365,-0.03522123893805307,-0.02507936507936498
663362,2024,60,2024-05-27,0.64,0.54,0.6081081081081081,0.4227642276422764,0.0318918918918919,0.11723577235772364
663362,2024,90,2024-06-26,0.66,0.34,0.6353887399463807,0.417910447761194,0.024611260053619355,-0.07791044776119399
663362,2024,120,2024-07-26,0.56,0.34,0.621676891615542,0.40234375,-0.06167689161554191,-0.062343749999999976
663362,2026,30,2026-04-25,,,,,,
663362,2026,59,2026-05-22,0.68,0.44,0.6545454545454545,0.4230769230769231,0.025454545454545507,0.01692307692307693
663474,2021,30,2021-05-01,,,0.5411764705882353,0.7073170731707317,,
663474,2021,60,2021-05-31,0.6,0.56,0.5706521739130435,0.6082474226804123,0.02934782608695652,-0.048247422680412266
663474,2021,90,2021-06-30,0.57,0.56,0.5578947368421052,0.5959595959595959,0.01210526315789473,-0.03595959595959586
663474,2021,120,2021-07-30,0.66,0.46,0.61003861003861,0.5422535211267606,0.04996138996138999,-0.0822535211267606
663474,2022,30,2022-05-07,0.64,0.44,0.6206896551724138,0.4328358208955223,0.0193103448275862,0.007164179104477697
663474,2022,60,2022-06-06,0.58,0.38,0.6018099547511312,0.408695652173913,-0.021809954751131233,-0.02869565217391301
663474,2022,90,2022-07-06,0.61,0.5,0.6011560693641619,0.4382022471910112,0.008843930635838104,0.061797752808988804
663474,2022,120,2022-08-05,0.67,0.44,0.6050955414012739,0.4475806451612903,0.06490445859872618,-0.007580645161290311
663474,2023,90,2023-06-28,,,,,,
663474,2023,120,2023-07-28,,,,,,
663474,2024,30,2024-04-27,0.54,0.36,0.5490196078431373,0.3461538461538461,-0.009019607843137267,0.013846153846153897
663474,2024,60,2024-05-27,0.65,0.48,0.5848214285714286,0.4166666666666667,0.06517857142857142,0.0633333333333333
663474,2024,90,2024-06-26,0.46,0.52,0.5443425076452599,0.4493670886075949,-0.08434250764525991,0.07063291139240513
663734,2021,30,2021-05-01,,,0.6491228070175439,,,
663734,2021,60,2021-05-31,,,0.6710526315789473,0.2972972972972973,,
663734,2021,90,2021-06-30,,,0.6710526315789473,0.2972972972972973,,
663734,2021,120,2021-07-30,0.71,0.28,0.6875,0.2777777777777778,0.022499999999999964,0.0022222222222222365
666129,2021,90,2021-06-30,,,0.6923076923076923,,,
666129,2021,120,2021-07-30,0.65,0.38,0.65,0.392156862745098,0.0,-0.012156862745097974
666129,2022,90,2022-07-06,0.64,0.32,0.6692307692307692,0.3513513513513513,-0.02923076923076917,-0.03135135135135131
666129,2022,120,2022-08-05,0.69,0.58,0.6680327868852459,0.4459459459459459,0.021967213114754025,0.13405405405405407
666129,2023,30,2023-04-29,,,0.6666666666666666,0.3958333333333333,,
666129,2023,60,2023-05-29,0.63,0.5,0.6442307692307693,0.4392523364485981,-0.014230769230769269,0.060747663551401876
666129,2023,90,2023-06-28,0.72,0.6,0.6696696696696697,0.4946236559139785,0.0503303303303303,0.10537634408602148
666129,2023,120,2023-07-28,0.6,0.44,0.6583710407239819,0.4775510204081633,-0.058371040723981915,-0.03755102040816327
666129,2024,60,2024-05-27,,,0.717948717948718,0.5277777777777778,,
666129,2026,59,2026-05-22,,,,,,
669432,2021,30,2021-05-01,0.57,0.52,0.5412844036697247,0.5588235294117647,0.028715596330275206,-0.0388235294117647
669432,2021,60,2021-05-31,0.63,0.5,0.5662650602409639,0.5241379310344828,0.0637349397590361,-0.024137931034482807
669432,2021,90,2021-06-30,0.57,0.5,0.5722070844686649,0.5093457943925234,-0.0022070844686649105,-0.009345794392523366
669432,2021,120,2021-07-30,0.63,0.46,0.5767441860465117,0.492063492063492,0.05325581395348833,-0.03206349206349196
669432,2022,30,2022-05-07,,0.32,0.5979381443298969,0.3396226415094339,,-0.01962264150943388
669432,2022,60,2022-06-06,0.6,0.36,0.5960591133004927,0.3391304347826087,0.003940886699507318,0.020869565217391306
669432,2022,90,2022-07-06,0.6,0.4,0.5969696969696969,0.3582887700534759,0.00303030303030305,0.0417112299465241
669432,2022,120,2022-08-05,0.67,0.4,0.61,0.3688888888888889,0.06000000000000005,0.031111111111111145
669432,2024,30,2024-04-27,0.63,0.44,0.6218487394957983,0.4210526315789473,0.008151260504201674,0.018947368421052713
669432,2024,60,2024-05-27,0.58,0.32,0.5959183673469388,0.3553719008264462,-0.015918367346938855,-0.0353719008264462
669432,2024,90,2024-06-26,0.51,0.36,0.5705882352941176,0.3575757575757576,-0.06058823529411761,0.0024242424242423843
669432,2024,120,2024-07-26,0.56,0.3,0.5614406779661016,0.3559322033898305,-0.001440677966101589,-0.055932203389830515
669432,2025,90,2025-06-25,,,0.703125,0.3939393939393939,,
669432,2025,120,2025-07-25,0.6,0.44,0.64375,0.4268292682926829,-0.04375000000000007,0.013170731707317085
669432,2026,30,2026-04-25,0.64,0.34,0.664179104477612,0.3698630136986301,-0.024179104477611957,-0.029863013698630092
669432,2026,59,2026-05-22,0.65,0.32,0.6610169491525424,0.351063829787234,-0.011016949152542366,-0.031063829787233987
671106,2023,60,2023-05-29,0.69,0.44,0.6705202312138728,0.4574468085106383,0.019479768786127116,-0.01744680851063829
671106,2023,90,2023-06-28,0.62,0.3,0.6557971014492754,0.3949044585987261,-0.03579710144927539,-0.0949044585987261
671106,2023,120,2023-07-28,0.58,0.46,0.6521739130434783,0.4166666666666667,-0.07217391304347831,0.043333333333333335
671106,2024,30,2024-04-27,0.67,0.38,0.6470588235294118,0.3611111111111111,0.022941176470588243,0.0188888888888889
671106,2024,60,2024-05-27,0.64,0.42,0.6396761133603239,0.3937007874015748,0.00032388663967608533,0.02629921259842516
671106,2024,90,2024-06-26,0.63,0.36,0.6368876080691642,0.378698224852071,-0.006887608069164219,-0.01869822485207101
671106,2024,120,2024-07-26,0.65,0.44,0.6356589147286822,0.3958333333333333,0.014341085271317833,0.04416666666666669
671106,2025,30,2025-04-26,,,0.7111111111111111,0.3333333333333333,,
671106,2025,60,2025-05-26,0.58,0.32,0.6261261261261262,0.3025210084033613,-0.04612612612612621,0.017478991596638682
671106,2025,90,2025-06-25,0.6,0.36,0.6180124223602484,0.3253012048192771,-0.01801242236024847,0.034698795180722886
671106,2025,120,2025-07-25,0.61,0.36,0.621867881548975,0.3451327433628318,-0.011867881548975001,0.014867256637168202
676282,2025,120,2025-07-25,0.59,0.48,0.565,0.4796747967479675,0.025000000000000022,0.0003252032520325021
676282,2026,30,2026-04-25,0.53,0.52,0.528,0.5076923076923077,0.0020000000000000018,0.012307692307692353
676282,2026,59,2026-05-22,0.58,0.3,0.5341880341880342,0.423728813559322,0.04581196581196578,-0.12372881355932203
676477,2022,30,2022-05-07,,,0.6419753086419753,0.6041666666666666,,
676477,2022,60,2022-06-06,0.64,0.22,0.6408839779005525,0.419047619047619,-0.0008839779005525017,-0.199047619047619
676477,2023,30,2023-04-29,,,0.7352941176470589,0.275,,
676477,2023,60,2023-05-29,,0.28,0.7441860465116279,0.2830188679245283,,-0.003018867924528268
676477,2023,90,2023-06-28,0.68,0.46,0.7116279069767442,0.3622047244094488,-0.03162790697674411,0.09779527559055123
676606,2019,30,2019-04-19,,,0.6582278481012658,0.4523809523809524,,
676606,2019,60,2019-05-19,0.45,0.24,0.5404040404040404,0.3333333333333333,-0.09040404040404043,-0.09333333333333332
677976,2021,60,2021-05-31,0.6,,0.6,0.4222222222222222,0.0,
677976,2021,90,2021-06-30,0.52,0.26,0.58,0.3164556962025316,-0.05999999999999994,-0.0564556962025316
677976,2021,120,2021-07-30,0.52,0.26,0.58,0.3164556962025316,-0.05999999999999994,-0.0564556962025316
678368,2024,120,2024-07-26,,,,,,
678368,2025,30,2025-04-26,,,,,,
678368,2025,60,2025-05-26,0.54,0.3,0.5283018867924528,0.3148148148148148,0.011698113207547212,-0.014814814814814836
678368,2025,90,2025-06-25,0.58,0.36,0.5595238095238095,0.3563218390804598,0.020476190476190426,0.0036781609195402076
678368,2025,120,2025-07-25,0.63,0.3,0.5892857142857143,0.3185840707964602,0.0407142857142857,-0.018584070796460184
682610,2024,60,2024-05-27,,,0.5909090909090909,0.4523809523809524,,
682610,2024,90,2024-06-26,0.6,0.36,0.6103896103896104,0.3953488372093023,-0.010389610389610393,-0.03534883720930232
682610,2024,120,2024-07-26,0.6,0.3,0.5985130111524164,0.3623188405797101,0.0014869888475835813,-0.0623188405797101
686218,2023,90,2023-06-28,,,,,,
686218,2023,120,2023-07-28,0.52,0.3,0.5038759689922481,0.3013698630136986,0.01612403100775195,-0.0013698630136986245
686218,2025,120,2025-07-25,,,0.6444444444444445,0.4772727272727273,,
686218,2026,30,2026-04-25,0.61,0.46,0.5818181818181818,0.4912280701754385,0.028181818181818197,-0.031228070175438494
686218,2026,59,2026-05-22,0.69,0.44,0.6424870466321243,0.4636363636363636,0.04751295336787564,-0.023636363636363622
702275,2026,59,2026-05-22,0.53,0.38,0.5565217391304348,0.3962264150943396,-0.026521739130434763,-0.016226415094339586
801139,2026,59,2026-05-22,0.63,0.5,0.6285714285714286,0.5492957746478874,0.0014285714285714457,-0.04929577464788737
448855,2018,30,2018-04-28,,,0.625,0.425531914893617,,
448855,2018,60,2018-05-28,0.52,0.42,0.58,0.4257425742574257,-0.05999999999999994,-0.005742574257425692
448855,2018,90,2018-06-27,0.68,0.5,0.6214511041009464,0.4451219512195122,0.058548895899053655,0.0548780487804878
448855,2018,120,2018-07-27,0.62,0.46,0.621867881548975,0.44,-0.0018678815489749923,0.020000000000000018
502212,2018,90,2018-06-27,,,0.7319587628865979,0.3469387755102041,,
502327,2018,60,2018-05-28,0.51,0.42,0.5202020202020202,0.3883495145631068,-0.010202020202020212,0.031650485436893194
533167,2019,30,2019-04-19,,0.42,0.6804123711340206,0.4259259259259259,,-0.00592592592592589
533167,2021,30,2021-05-01,0.66,0.2,0.660377358490566,0.2413793103448276,-0.00037735849056597104,-0.041379310344827586
544365,2019,60,2019-05-19,0.54,0.48,0.5448275862068965,0.4848484848484848,-0.004827586206896495,-0.004848484848484824
570632,2018,30,2018-04-28,0.58,0.34,0.5874125874125874,0.3513513513513513,-0.007412587412587435,-0.011351351351351291
570632,2018,60,2018-05-28,0.58,0.42,0.6044776119402985,0.3768115942028985,-0.024477611940298516,0.04318840579710148
570632,2018,90,2018-06-27,0.56,0.4,0.5871794871794872,0.3865979381443299,-0.02717948717948715,0.013402061855670111
570632,2018,120,2018-07-27,0.53,0.4,0.580168776371308,0.3907563025210084,-0.05016877637130801,0.00924369747899162
570632,2019,30,2019-04-19,,,0.6082474226804123,0.3617021276595745,,
570632,2019,60,2019-05-19,0.47,0.3,0.5462555066079295,0.3333333333333333,-0.07625550660792957,-0.033333333333333326
570632,2021,30,2021-05-01,0.52,0.42,0.4838709677419355,0.3962264150943396,0.03612903225806452,0.023773584905660394
570632,2021,60,2021-05-31,0.55,0.28,0.510548523206751,0.3431372549019608,0.03945147679324901,-0.06313725490196076
570632,2021,90,2021-06-30,0.65,0.28,0.5519287833827893,0.3241379310344827,0.09807121661721074,-0.04413793103448266
570632,2021,120,2021-07-30,0.63,0.34,0.5483870967741935,0.325,0.0816129032258065,0.015000000000000013
570632,2022,120,2022-08-05,0.6,0.28,0.625,0.2597402597402597,-0.025000000000000022,0.02025974025974031
570632,2023,30,2023-04-29,,,0.5319148936170213,0.2647058823529412,,
570632,2023,60,2023-05-29,,,0.5319148936170213,0.2647058823529412,,
570632,2023,90,2023-06-28,,,0.5319148936170213,0.2647058823529412,,
570632,2023,120,2023-07-28,,,0.5319148936170213,0.2647058823529412,,
570632,2024,60,2024-05-27,0.53,0.34,0.5,0.3614457831325301,0.030000000000000027,-0.021445783132530094
570632,2024,90,2024-06-26,0.58,0.34,0.52,0.3474576271186441,0.05999999999999994,-0.007457627118644061
570632,2024,120,2024-07-26,0.61,0.3,0.54,0.3424657534246575,0.06999999999999995,-0.042465753424657526
570632,2025,60,2025-05-26,,,0.7419354838709677,0.2,,
570632,2025,90,2025-06-25,,,0.7560975609756098,0.2368421052631578,,
570632,2025,120,2025-07-25,,,0.7560975609756098,0.2368421052631578,,
592836,2021,30,2021-05-01,0.57,0.42,0.5808823529411765,0.4125,-0.010882352941176565,0.007500000000000007
592836,2021,60,2021-05-31,0.64,0.5,0.6037735849056604,0.4471544715447154,0.03622641509433966,0.05284552845528462
592836,2021,90,2021-06-30,0.75,0.62,0.655786350148368,0.4680851063829787,0.09421364985163205,0.15191489361702132
592836,2021,120,2021-07-30,0.67,0.3,0.6558891454965358,0.4345991561181435,0.014110854503464276,-0.1345991561181435
592836,2022,30,2022-05-07,,,,,,
592836,2022,60,2022-06-06,0.69,0.26,0.6011904761904762,0.2441860465116279,0.08880952380952378,0.015813953488372112
592836,2022,90,2022-07-06,0.69,0.48,0.6392405063291139,0.3652694610778443,0.05075949367088606,0.11473053892215568
592836,2022,120,2022-08-05,0.55,0.32,0.6214953271028038,0.358744394618834,-0.07149532710280371,-0.038744394618834
592836,2023,30,2023-04-29,0.59,0.38,0.5871559633027523,0.3728813559322034,0.0028440366972476427,0.007118644067796609
592836,2023,60,2023-05-29,0.61,0.28,0.603448275862069,0.3559322033898305,0.0065517241379310365,-0.07593220338983048
592836,2023,90,2023-06-28,0.62,0.56,0.5994236311239193,0.4142011834319526,0.02057636887608072,0.14579881656804744
592836,2023,120,2023-07-28,0.59,0.32,0.5995762711864406,0.4120171673819742,-0.009576271186440666,-0.09201716738197419
592836,2024,60,2024-05-27,0.61,0.42,0.6413793103448275,0.4166666666666667,-0.03137931034482755,0.0033333333333332993
592836,2024,90,2024-06-26,0.6,0.42,0.6233766233766234,0.43,-0.023376623376623384,-0.010000000000000009
592836,2024,120,2024-07-26,0.6,0.42,0.6233766233766234,0.43,-0.023376623376623384,-0.010000000000000009
592836,2025,30,2025-04-26,0.64,0.38,0.6435643564356436,0.3725490196078431,-0.0035643564356435675,0.007450980392156914
592836,2025,60,2025-05-26,0.62,0.42,0.653179190751445,0.3902439024390244,-0.03317919075144504,0.02975609756097558
592836,2025,90,2025-06-25,0.65,0.46,0.6425339366515838,0.4056603773584906,0.007466063348416263,0.05433962264150943
592836,2025,120,2025-07-25,0.65,0.34,0.6464646464646465,0.3819444444444444,0.0035353535353535026,-0.041944444444444395
592836,2026,59,2026-05-22,0.57,,0.6120689655172413,0.3617021276595745,-0.042068965517241375,
595881,2019,90,2019-06-18,0.64,0.46,0.6546762589928058,0.4342105263157895,-0.01467625899280578,0.02578947368421053
595881,2019,120,2019-07-18,0.62,0.34,0.6452991452991453,0.3875968992248062,-0.025299145299145342,-0.0475968992248062
605242,2018,30,2018-04-28,0.61,0.4,0.5772357723577236,0.4074074074074074,0.03276422764227638,-0.007407407407407363
605242,2018,60,2018-05-28,0.59,0.4,0.5743801652892562,0.4112903225806452,0.015619834710743796,-0.011290322580645162
605242,2018,90,2018-06-27,0.67,0.44,0.6027777777777777,0.4021739130434782,0.0672222222222223,0.03782608695652179
605242,2018,120,2018-07-27,0.66,0.36,0.6173361522198731,0.3931623931623931,0.042663847780126885,-0.03316239316239311
605498,2018,60,2018-05-28,0.57,0.48,0.6089743589743589,0.4868421052631579,-0.03897435897435897,-0.006842105263157927
605498,2018,90,2018-06-27,0.6,0.46,0.6052631578947368,0.4728682170542636,-0.0052631578947368585,-0.012868217054263553
605498,2018,120,2018-07-27,0.56,0.38,0.596401028277635,0.4345549738219895,-0.03640102827763492,-0.05455497382198948
605507,2021,90,2021-06-30,,,0.5866666666666667,0.5952380952380952,,
605507,2021,120,2021-07-30,0.64,0.52,0.625,0.5061728395061729,0.015000000000000013,0.01382716049382715
605507,2022,30,2022-05-07,,,0.6463414634146342,0.3421052631578947,,
605507,2022,60,2022-06-06,0.7,0.3,0.665,0.3431372549019608,0.03499999999999992,-0.0431372549019608
605507,2022,90,2022-07-06,0.69,0.34,0.6589147286821705,0.344,0.031085271317829455,-0.003999999999999948
605507,2022,120,2022-08-05,0.58,0.28,0.6226912928759895,0.3260869565217391,-0.042691292875989495,-0.04608695652173905
605541,2018,60,2018-05-28,0.54,0.36,0.5333333333333333,0.3809523809523809,0.00666666666666671,-0.02095238095238089
605541,2018,90,2018-06-27,0.59,0.3,0.5436893203883495,0.3235294117647059,0.046310679611650474,-0.02352941176470591
605541,2018,120,2018-07-27,0.56,0.36,0.5555555555555556,0.3484848484848485,0.004444444444444473,0.011515151515151478
607231,2018,60,2018-05-28,,,0.6559139784946236,0.5102040816326531,,
607231,2018,90,2018-06-27,0.63,0.42,0.6433566433566433,0.4210526315789473,-0.013356643356643327,-0.001052631578947305
607231,2018,120,2018-07-27,0.57,0.32,0.6127659574468085,0.3898305084745763,-0.042765957446808556,-0.06983050847457628
607231,2021,30,2021-05-01,0.55,0.36,0.5412844036697247,0.3636363636363636,0.0087155963302753,-0.0036363636363636043
607231,2021,60,2021-05-31,0.56,0.32,0.5522388059701493,0.3398058252427184,0.00776119402985076,-0.0198058252427184
607231,2021,90,2021-06-30,0.49,0.28,0.5311475409836065,0.3105590062111801,-0.04114754098360651,-0.030559006211180073
607231,2021,120,2021-07-30,0.43,0.28,0.5159420289855072,0.3111111111111111,-0.08594202898550724,-0.03111111111111109
608331,2018,120,2018-07-27,,,0.5568181818181818,0.5555555555555556,,
608331,2019,30,2019-04-19,,,0.6266666666666667,0.2553191489361702,,
608331,2019,60,2019-05-19,0.69,0.54,0.6634146341463415,0.4144144144144144,0.02658536585365845,0.12558558558558564
608331,2019,90,2019-06-18,0.61,0.44,0.6391437308868502,0.4166666666666667,-0.029143730886850183,0.023333333333333317
608331,2019,120,2019-07-18,0.64,0.54,0.6390134529147982,0.4415584415584415,0.0009865470852018499,0.09844155844155855
608331,2021,30,2021-05-01,,,0.578125,0.4375,,
608331,2021,60,2021-05-31,0.63,0.46,0.6114649681528662,0.4788732394366197,0.018535031847133787,-0.01887323943661967
608331,2021,90,2021-06-30,0.67,0.42,0.6431226765799256,0.4525547445255474,0.026877323420074428,-0.03255474452554741
608331,2021,120,2021-07-30,0.61,0.54,0.6313131313131313,0.4723618090452261,-0.021313131313131284,0.06763819095477391
608331,2022,30,2022-05-07,0.64,0.52,0.6293706293706294,0.4929577464788732,0.010629370629370638,0.027042253521126824
608331,2022,60,2022-06-06,0.56,0.44,0.6064981949458483,0.4728682170542636,-0.04649819494584828,-0.03286821705426357
608331,2022,90,2022-07-06,0.6,0.5,0.6056338028169014,0.4784688995215311,-0.005633802816901401,0.0215311004784689
608331,2022,120,2022-08-05,0.57,0.44,0.5981132075471698,0.4692307692307692,-0.02811320754716984,-0.02923076923076917
608331,2023,30,2023-04-29,,,0.5405405405405406,0.4,,
608331,2023,60,2023-05-29,0.61,0.42,0.6116504854368932,0.4166666666666667,-0.0016504854368931676,0.0033333333333332993
608331,2023,90,2023-06-28,0.61,0.42,0.6116504854368932,0.4166666666666667,-0.0016504854368931676,0.0033333333333332993
608331,2023,120,2023-07-28,0.61,0.42,0.6116504854368932,0.4166666666666667,-0.0016504854368931676,0.0033333333333332993
608331,2024,30,2024-04-27,0.62,,0.6055045871559633,0.3673469387755102,0.01449541284403666,
608331,2024,60,2024-05-27,0.67,0.4,0.6382978723404256,0.4,0.031702127659574475,0.0
608331,2024,90,2024-06-26,0.57,0.46,0.61731843575419,0.4324324324324324,-0.047318435754190036,0.02756756756756762
608331,2024,120,2024-07-26,0.63,0.34,0.6303854875283447,0.4112554112554112,-0.0003854875283446635,-0.07125541125541118
608331,2025,30,2025-04-26,0.62,0.52,0.6136363636363636,0.4838709677419355,0.006363636363636349,0.03612903225806452
608331,2025,60,2025-05-26,0.62,0.52,0.6101083032490975,0.4685314685314685,0.009891696750902512,0.05146853146853153
608331,2025,90,2025-06-25,0.6,0.52,0.6070588235294118,0.4684684684684684,-0.007058823529411784,0.051531531531531616
608331,2025,120,2025-07-25,0.52,0.32,0.5941747572815534,0.4410646387832699,-0.07417475728155343,-0.1210646387832699
608331,2026,30,2026-04-25,0.55,0.44,0.556390977443609,0.4375,-0.006390977443608947,0.0025000000000000022
608331,2026,59,2026-05-22,0.53,0.4,0.5345622119815668,0.4181818181818181,-0.0045622119815668105,-0.018181818181818077
608650,2025,120,2025-07-25,,,0.6363636363636364,0.3181818181818182,,
608665,2018,30,2018-04-28,0.59,0.38,0.6102941176470589,0.323943661971831,-0.020294117647058907,0.056056338028169006
608718,2018,30,2018-04-28,0.69,0.28,0.674074074074074,0.2933333333333333,0.0159259259259259,-0.013333333333333253
608718,2018,60,2018-05-28,0.66,0.42,0.668,0.3503649635036496,-0.008000000000000007,0.06963503649635039
608718,2018,90,2018-06-27,0.77,0.36,0.6958904109589041,0.365,0.07410958904109588,-0.0050000000000000044
608718,2025,60,2025-05-26,0.62,0.32,0.6403508771929824,0.3269230769230769,-0.020350877192982453,-0.006923076923076921
608718,2025,90,2025-06-25,0.65,0.36,0.6289308176100629,0.3461538461538461,0.021069182389937158,0.013846153846153897
608718,2026,59,2026-05-22,0.66,0.34,0.6666666666666666,0.3636363636363636,-0.006666666666666599,-0.023636363636363567
608723,2019,120,2019-07-18,,,0.625,0.4347826086956521,,
608723,2022,90,2022-07-06,0.56,0.34,0.5903614457831325,0.3666666666666666,-0.03036144578313249,-0.02666666666666656
608723,2022,120,2022-08-05,0.54,0.42,0.5877192982456141,0.3858267716535433,-0.04771929824561405,0.0341732283464567
621111,2018,30,2018-04-28,,,,,,
621111,2018,60,2018-05-28,0.65,0.5,0.6375,0.4948453608247423,0.012500000000000067,0.005154639175257714
621111,2018,90,2018-06-27,0.7,0.4,0.6485148514851485,0.4655172413793103,0.05148514851485142,-0.06551724137931025
621111,2018,120,2018-07-27,0.65,0.4,0.6324110671936759,0.4475524475524475,0.01758893280632412,-0.047552447552447474
621111,2019,30,2019-04-19,,,0.5194805194805194,0.3695652173913043,,
621111,2019,60,2019-05-19,0.7,0.46,0.6060606060606061,0.3770491803278688,0.09393939393939388,0.08295081967213119
621111,2019,90,2019-06-18,0.65,0.54,0.6191950464396285,0.4263959390862944,0.030804953560371495,0.11360406091370562
621111,2019,120,2019-07-18,0.75,0.46,0.6522727272727272,0.4597701149425287,0.09772727272727277,0.00022988505747134624
621111,2021,30,2021-05-01,0.67,0.48,0.6747967479674797,0.4305555555555556,-0.004796747967479642,0.0494444444444444
621111,2021,60,2021-05-31,0.64,0.38,0.6626016260162602,0.4366197183098591,-0.022601626016260146,-0.05661971830985907
621111,2021,90,2021-06-30,0.6,0.48,0.6466165413533834,0.4316239316239316,-0.046616541353383445,0.04837606837606839
621111,2021,120,2021-07-30,0.66,0.5,0.6457142857142857,0.4542483660130719,0.014285714285714346,0.04575163398692811
621111,2022,30,2022-05-07,0.6,0.38,0.6528925619834711,0.3714285714285714,-0.05289256198347114,0.008571428571428619
621111,2022,60,2022-06-06,0.56,0.4,0.6201550387596899,0.3880597014925373,-0.06015503875968986,0.011940298507462699
621111,2024,60,2024-05-27,,,0.620253164556962,0.4047619047619047,,
621111,2024,90,2024-06-26,0.59,0.36,0.6035502958579881,0.3780487804878049,-0.01355029585798817,-0.018048780487804894
621111,2024,120,2024-07-26,0.59,0.36,0.6035502958579881,0.3780487804878049,-0.01355029585798817,-0.018048780487804894
621111,2025,30,2025-04-26,0.69,0.42,0.6524822695035462,0.3866666666666666,0.037517730496453794,0.03333333333333338
621111,2025,60,2025-05-26,0.68,0.4,0.6569767441860465,0.3789473684210526,0.02302325581395359,0.021052631578947434
621111,2025,90,2025-06-25,0.69,0.28,0.6620689655172414,0.3566878980891719,0.027931034482758577,-0.07668789808917187
621111,2025,120,2025-07-25,0.57,0.26,0.639686684073107,0.3316831683168317,-0.06968668407310707,-0.07168316831683169
621111,2026,30,2026-04-25,,0.38,0.6739130434782609,0.3846153846153846,,-0.004615384615384577
621111,2026,59,2026-05-22,0.67,0.36,0.6650246305418719,0.3761467889908257,0.004975369458128154,-0.016146788990825722
622065,2019,120,2019-07-18,,,0.6515151515151515,0.40625,,
641571,2018,120,2018-07-27,,,0.5444444444444444,0.3611111111111111,,
641571,2019,30,2019-04-19,,,,,,
656222,2022,90,2022-07-06,0.73,0.46,0.6923076923076923,0.4942528735632184,0.03769230769230769,-0.03425287356321838
656222,2022,120,2022-08-05,0.61,0.42,0.65,0.4862385321100917,-0.040000000000000036,-0.06623853211009173
656222,2023,30,2023-04-29,,,0.5471698113207547,,,
656222,2023,60,2023-05-29,0.56,0.4,0.5583333333333333,0.4333333333333333,0.0016666666666667052,-0.03333333333333327
656222,2023,90,2023-06-28,0.52,0.56,0.5294117647058824,0.48,-0.009411764705882342,0.08000000000000007
656222,2023,120,2023-07-28,0.54,0.58,0.5384615384615384,0.4878048780487805,0.0015384615384615996,0.09219512195121948
656876,2021,120,2021-07-30,0.69,0.56,0.6711409395973155,0.5333333333333333,0.01885906040268448,0.026666666666666727
656876,2022,30,2022-05-07,0.6,0.42,0.5803571428571429,0.3823529411764705,0.019642857142857073,0.03764705882352948
656876,2022,60,2022-06-06,0.64,0.38,0.6103286384976526,0.359375,0.029671361502347393,0.020625000000000004
656876,2022,90,2022-07-06,0.66,0.3,0.622568093385214,0.3469387755102041,0.037431906614786015,-0.04693877551020409
656876,2022,120,2022-08-05,0.61,0.32,0.6130790190735694,0.3526570048309179,-0.0030790190735694445,-0.03265700483091788
656876,2023,30,2023-04-29,0.69,0.46,0.7181818181818181,0.484375,-0.028181818181818197,-0.02437499999999998
656876,2025,30,2025-04-26,,0.46,0.711340206185567,0.4354838709677419,,0.024516129032258138
656876,2025,60,2025-05-26,0.7,0.34,0.6945812807881774,0.3944954128440367,0.005418719211822576,-0.054495412844036695
656876,2025,90,2025-06-25,0.64,0.46,0.6738461538461539,0.4186046511627907,-0.03384615384615386,0.0413953488372093
656876,2025,120,2025-07-25,0.7,0.4,0.6809651474530831,0.4059405940594059,0.019034852546916836,-0.00594059405940589
656876,2026,30,2026-04-25,,0.48,0.7171717171717171,0.4642857142857143,,0.01571428571428568
656876,2026,59,2026-05-22,0.68,0.38,0.7025641025641025,0.4285714285714285,-0.02256410256410246,-0.04857142857142849
656970,2019,90,2019-06-18,,,,,,
656970,2019,120,2019-07-18,,,0.6875,,,
656970,2022,60,2022-06-06,0.59,,0.5865384615384616,0.2653061224489796,0.003461538461538405,
656970,2022,90,2022-07-06,0.61,0.38,0.6045454545454545,0.3119266055045872,0.00545454545454549,0.06807339449541283
657140,2019,30,2019-04-19,,,0.5076923076923077,,,
657140,2019,60,2019-05-19,,,0.5076923076923077,,,
657140,2019,90,2019-06-18,,,0.5076923076923077,,,
657140,2022,30,2022-05-07,0.66,0.56,0.6721311475409836,0.5362318840579711,-0.012131147540983545,0.02376811594202899
657140,2022,60,2022-06-06,0.63,0.42,0.6556016597510373,0.4782608695652174,-0.025601659751037342,-0.05826086956521742
657140,2022,90,2022-07-06,0.59,0.42,0.6352040816326531,0.4622641509433962,-0.045204081632653104,-0.042264150943396195
657140,2022,120,2022-08-05,0.57,0.42,0.6382575757575758,0.447653429602888,-0.06825757575757585,-0.027653429602888024
657140,2023,30,2023-04-29,,,0.6075949367088608,0.3617021276595745,,
657140,2023,60,2023-05-29,,0.4,0.5806451612903226,0.3773584905660377,,0.022641509433962315
657140,2023,90,2023-06-28,,0.4,0.5806451612903226,0.3773584905660377,,0.022641509433962315
657140,2023,120,2023-07-28,,0.4,0.5806451612903226,0.3773584905660377,,0.022641509433962315
657277,2021,30,2021-05-01,0.59,0.46,0.6097560975609756,0.4057971014492754,-0.019756097560975627,0.05420289855072463
657277,2021,60,2021-05-31,0.59,0.56,0.6038647342995169,0.4778761061946903,-0.013864734299516956,0.08212389380530977
657277,2021,90,2021-06-30,0.59,0.56,0.6038647342995169,0.4778761061946903,-0.013864734299516956,0.08212389380530977
657277,2021,120,2021-07-30,0.64,0.48,0.6187050359712231,0.4666666666666667,0.021294964028776953,0.013333333333333308
657277,2022,30,2022-05-07,0.53,0.36,0.6133333333333333,0.3552631578947368,-0.08333333333333326,0.004736842105263206
657277,2022,60,2022-06-06,0.66,0.54,0.6431226765799256,0.3916083916083916,0.01687732342007442,0.14839160839160842
657277,2022,90,2022-07-06,0.54,0.42,0.6297229219143576,0.3944954128440367,-0.0897229219143576,0.025504587155963265
657277,2022,120,2022-08-05,0.55,0.38,0.610909090909091,0.3846153846153846,-0.06090909090909091,-0.004615384615384577
657277,2023,30,2023-04-29,0.68,0.46,0.6711409395973155,0.5119047619047619,0.008859060402684582,-0.05190476190476184
657277,2023,60,2023-05-29,0.74,0.5,0.6996466431095406,0.4903225806451612,0.04035335689045938,0.00967741935483879
657277,2023,90,2023-06-28,0.55,0.44,0.6515837104072398,0.462882096069869,-0.10158371040723979,-0.022882096069869018
657277,2023,120,2023-07-28,0.71,0.56,0.6642984014209592,0.4861111111111111,0.04570159857904077,0.07388888888888895
657277,2024,30,2024-04-27,0.7,0.32,0.6993464052287581,0.3421052631578947,0.0006535947712418277,-0.022105263157894683
657277,2024,60,2024-05-27,0.7,0.42,0.6877076411960132,0.391025641025641,0.012292358803986714,0.02897435897435896
657277,2024,90,2024-06-26,0.68,0.42,0.684331797235023,0.3991228070175439,-0.004331797235022972,0.020877192982456105
657277,2024,120,2024-07-26,0.7,0.38,0.6872791519434629,0.3979238754325259,0.01272084805653706,-0.017923875432525882
657277,2025,30,2025-04-26,0.73,0.54,0.7013888888888888,0.5238095238095238,0.028611111111111143,0.0161904761904762
657277,2025,60,2025-05-26,0.73,0.42,0.7101449275362319,0.5,0.019855072463768053,-0.08000000000000002
657277,2025,90,2025-06-25,0.8,0.42,0.7258064516129032,0.4958333333333333,0.0741935483870968,-0.07583333333333331
657277,2025,120,2025-07-25,0.64,0.42,0.7074468085106383,0.4831081081081081,-0.06744680851063833,-0.06310810810810813
657277,2026,30,2026-04-25,0.63,0.4,0.6074074074074074,0.3968253968253968,0.02259259259259261,0.003174603174603219
657277,2026,59,2026-05-22,0.63,0.46,0.6153846153846154,0.4069767441860465,0.014615384615384586,0.05302325581395351
660261,2023,30,2023-04-29,,,0.5520833333333334,0.4210526315789473,,
660261,2023,60,2023-05-29,0.43,0.42,0.4934210526315789,0.4492753623188406,-0.06342105263157893,-0.029275362318840592
663423,2019,30,2019-04-19,,,0.5063291139240507,0.5,,
663423,2019,60,2019-05-19,0.56,0.38,0.5362318840579711,0.4414414414414414,0.02376811594202899,-0.06144144144144137
663423,2019,90,2019-06-18,0.64,0.38,0.5709969788519638,0.43646408839779,0.06900302114803625,-0.05646408839778999
663423,2019,120,2019-07-18,0.63,0.38,0.5846867749419954,0.4247787610619469,0.045313225058004614,-0.04477876106194689
663423,2021,30,2021-05-01,,,0.5833333333333334,0.3428571428571428,,
663558,2026,59,2026-05-22,0.57,0.54,0.580952380952381,0.5272727272727272,-0.010952380952381047,0.01272727272727281
663687,2023,90,2023-06-28,0.5,0.4,0.4852941176470588,0.380281690140845,0.01470588235294118,0.019718309859155014
663687,2023,120,2023-07-28,0.72,0.42,0.588477366255144,0.3769230769230769,0.13152263374485595,0.04307692307692307
663687,2024,90,2024-06-26,0.56,0.26,0.6308724832214765,0.3373493975903614,-0.07087248322147643,-0.07734939759036141
663947,2023,90,2023-06-28,0.62,0.44,0.6459627329192547,0.3953488372093023,-0.02596273291925466,0.044651162790697696
663947,2023,120,2023-07-28,0.65,0.44,0.6519607843137255,0.4070796460176991,-0.0019607843137254832,0.03292035398230092
663947,2024,120,2024-07-26,0.68,0.34,0.64,0.4107142857142857,0.040000000000000036,-0.07071428571428567
663947,2025,90,2025-06-25,0.65,0.36,0.6066666666666667,0.3947368421052631,0.043333333333333335,-0.03473684210526312
663947,2025,120,2025-07-25,0.73,0.4,0.6305418719211823,0.411214953271028,0.09945812807881771,-0.011214953271028005
663947,2026,59,2026-05-22,0.6,0.36,0.5980392156862745,0.36,0.0019607843137254832,0.0
664192,2018,30,2018-04-28,0.58,0.58,0.5923076923076923,0.5,-0.012307692307692353,0.07999999999999996
664192,2018,60,2018-05-28,0.52,0.4,0.5699481865284974,0.4571428571428571,-0.04994818652849742,-0.05714285714285705
664192,2018,90,2018-06-27,0.49,0.4,0.5525114155251142,0.4508196721311475,-0.06251141552511419,-0.050819672131147464
664192,2018,120,2018-07-27,0.57,0.4,0.569078947368421,0.436046511627907,0.0009210526315789336,-0.03604651162790695
664192,2019,30,2019-04-19,,,0.5543478260869565,0.4565217391304347,,
664192,2019,60,2019-05-19,0.54,0.4,0.5485436893203883,0.4423076923076923,-0.008543689320388292,-0.04230769230769227
664192,2019,90,2019-06-18,0.62,0.42,0.5797546012269938,0.4642857142857143,0.04024539877300615,-0.04428571428571432
664192,2019,120,2019-07-18,0.61,0.42,0.5879518072289157,0.4571428571428571,0.022048192771084274,-0.03714285714285709
664192,2021,30,2021-05-01,,,,,,
664192,2021,60,2021-05-31,0.66,0.48,0.66,0.4576271186440678,0.0,0.022372881355932184
664192,2023,30,2023-04-29,,,,,,
664192,2023,60,2023-05-29,,,0.6559139784946236,0.4047619047619047,,
664192,2023,90,2023-06-28,,,0.6559139784946236,0.4047619047619047,,
664192,2023,120,2023-07-28,,,0.6559139784946236,0.4047619047619047,,
664299,2021,30,2021-05-01,,0.5,0.4810126582278481,0.4814814814814814,,0.0185185185185186
664299,2022,30,2022-05-07,,,0.4722222222222222,0.4318181818181818,,
664299,2022,60,2022-06-06,0.47,0.5,0.4864864864864865,0.4910714285714285,-0.01648648648648654,0.008928571428571508
664299,2022,90,2022-07-06,0.57,0.66,0.52,0.543010752688172,0.04999999999999993,0.11698924731182803
664299,2022,120,2022-08-05,0.53,0.4,0.5221932114882507,0.5204918032786885,0.0078067885117493185,-0.12049180327868847
664299,2023,30,2023-04-29,0.53,0.46,0.5755395683453237,0.4268292682926829,-0.04553956834532369,0.0331707317073171
664299,2023,60,2023-05-29,0.51,0.46,0.54,0.4557823129251701,-0.030000000000000027,0.0042176870748299455
664299,2023,90,2023-06-28,0.55,0.2,0.5418994413407822,0.3842364532019704,0.008100558659217882,-0.1842364532019704
664299,2023,120,2023-07-28,0.51,0.48,0.5389755011135857,0.4007782101167315,-0.02897550111358571,0.0792217898832685
664299,2024,30,2024-04-27,,,0.6,0.391304347826087,,
664299,2026,59,2026-05-22,,,,,,
669721,2024,120,2024-07-26,,,0.7571428571428571,0.4117647058823529,,
672282,2022,30,2022-05-07,,0.34,0.6153846153846154,0.3272727272727272,,0.01272727272727281
672282,2022,60,2022-06-06,0.61,0.28,0.6179775280898876,0.3263157894736842,-0.007977528089887609,-0.0463157894736842
672282,2022,90,2022-07-06,0.6,0.38,0.6118143459915611,0.3333333333333333,-0.01181434599156117,0.04666666666666669
672282,2022,120,2022-08-05,0.55,0.54,0.5945121951219512,0.3936170212765957,-0.04451219512195115,0.14638297872340433
672282,2023,30,2023-04-29,0.62,0.44,0.6260869565217392,0.492063492063492,-0.006086956521739184,-0.05206349206349198
672282,2023,60,2023-05-29,0.55,0.46,0.6048780487804878,0.4833333333333333,-0.05487804878048774,-0.02333333333333326
672282,2023,90,2023-06-28,0.58,0.56,0.5987654320987654,0.4921465968586387,-0.018765432098765467,0.06785340314136135
672282,2023,120,2023-07-28,0.66,0.5,0.6153846153846154,0.4979591836734693,0.04461538461538461,0.0020408163265306922
672282,2024,30,2024-04-27,0.62,0.42,0.603448275862069,0.4788732394366197,0.016551724137931045,-0.058873239436619706
672282,2024,60,2024-05-27,0.61,0.42,0.6138996138996139,0.4437086092715231,-0.0038996138996139074,-0.02370860927152313
672282,2024,90,2024-06-26,0.63,0.38,0.6115107913669064,0.4242424242424242,0.018489208633093557,-0.044242424242424194
672282,2024,120,2024-07-26,0.63,0.38,0.6115107913669064,0.4242424242424242,0.018489208633093557,-0.044242424242424194
672282,2026,30,2026-04-25,0.58,0.44,0.6,0.4305555555555556,-0.020000000000000018,0.009444444444444422
672282,2026,59,2026-05-22,0.66,0.46,0.6125,0.4420289855072464,0.04749999999999999,0.017971014492753623
675627,2023,30,2023-04-29,,,0.52,0.3888888888888889,,
675627,2023,60,2023-05-29,,,0.52,0.3888888888888889,,
675627,2023,90,2023-06-28,0.67,0.4,0.6144578313253012,0.3953488372093023,0.055542168674698855,0.004651162790697716
675627,2023,120,2023-07-28,0.6,0.5,0.601593625498008,0.424,-0.0015936254980080111,0.07600000000000001
675911,2022,60,2022-06-06,0.55,0.5,0.5413533834586466,0.5444444444444444,0.008646616541353458,-0.0444444444444444
675911,2022,90,2022-07-06,0.64,0.56,0.5899581589958159,0.5590062111801242,0.05004184100418407,0.0009937888198758849
675911,2022,120,2022-08-05,0.63,0.54,0.6023054755043228,0.5564853556485355,0.02769452449567722,-0.016485355648535482
675911,2023,30,2023-04-29,0.67,0.62,0.6695652173913044,0.5833333333333334,0.00043478260869567187,0.036666666666666625
675911,2023,60,2023-05-29,0.66,0.58,0.6745098039215687,0.5698924731182796,-0.014509803921568643,0.010107526881720341
675911,2023,90,2023-06-28,0.68,0.56,0.6861702127659575,0.5637065637065637,-0.006170212765957417,-0.003706563706563637
675911,2023,120,2023-07-28,0.71,0.6,0.6765873015873016,0.5768115942028985,0.03341269841269834,0.023188405797101463
675911,2025,60,2025-05-26,,,,,,
675911,2025,90,2025-06-25,0.6,0.58,0.5625,0.5048543689320388,0.03749999999999998,0.07514563106796113
675911,2025,120,2025-07-25,0.61,0.6,0.5841584158415841,0.5117647058823529,0.025841584158415865,0.08823529411764708
675911,2026,59,2026-05-22,,0.48,0.6144578313253012,0.4909090909090909,,-0.010909090909090924
676106,2024,30,2024-04-27,0.66,0.36,0.6727272727272727,0.3392857142857143,-0.012727272727272698,0.020714285714285685
676106,2024,60,2024-05-27,0.67,0.28,0.6644295302013423,0.3066666666666666,0.005570469798657718,-0.02666666666666656
676106,2024,90,2024-06-26,0.66,0.24,0.6460674157303371,0.2823529411764706,0.013932584269662929,-0.04235294117647059
676106,2024,120,2024-07-26,0.6,0.22,0.6414141414141414,0.28,-0.04141414141414146,-0.060000000000000026
676106,2025,30,2025-04-26,,,0.5849056603773585,,,
676106,2025,60,2025-05-26,0.66,0.26,0.6277777777777778,0.3294117647058823,0.03222222222222226,-0.06941176470588228
676106,2025,90,2025-06-25,0.66,0.38,0.6385964912280702,0.352112676056338,0.02140350877192987,0.027887323943662
676106,2025,120,2025-07-25,0.66,0.24,0.6498516320474778,0.3154761904761904,0.010148367952522275,-0.07547619047619042
676106,2026,30,2026-04-25,0.72,0.36,0.7169811320754716,0.4354838709677419,0.0030188679245283234,-0.0754838709677419
676106,2026,59,2026-05-22,0.64,0.56,0.6652173913043479,0.4916666666666666,-0.025217391304347858,0.06833333333333347
676879,2022,30,2022-05-07,,0.44,0.6588235294117647,0.4313725490196078,,0.008627450980392193
676879,2022,60,2022-06-06,0.67,0.52,0.649746192893401,0.4958677685950413,0.020253807106599075,0.024132231404958737
676879,2022,90,2022-07-06,0.62,0.34,0.6384615384615384,0.45625,-0.018461538461538418,-0.11624999999999996
676879,2022,120,2022-08-05,0.62,0.42,0.6323119777158774,0.4454545454545454,-0.012311977715877442,-0.025454545454545396
677161,2024,90,2024-06-26,0.65,0.44,0.6666666666666666,0.410958904109589,-0.016666666666666607,0.029041095890410984
677161,2024,120,2024-07-26,0.69,0.56,0.6792452830188679,0.4444444444444444,0.010754716981132062,0.11555555555555563
681035,2024,60,2024-05-27,,0.42,0.5869565217391305,0.42,,0.0
681035,2024,90,2024-06-26,0.53,0.38,0.5446428571428571,0.3934426229508196,-0.014642857142857069,-0.013442622950819605
681035,2026,59,2026-05-22,,0.46,0.5333333333333333,0.4310344827586206,,0.028965517241379413
681343,2025,30,2025-04-26,0.52,,0.5504587155963303,0.4680851063829787,-0.030458715596330288,
681343,2025,60,2025-05-26,0.64,0.46,0.5964125560538116,0.4454545454545454,0.04358744394618841,0.014545454545454639
681343,2025,90,2025-06-25,0.64,0.32,0.6099071207430341,0.4023668639053254,0.03009287925696591,-0.08236686390532538
681343,2025,120,2025-07-25,0.59,0.32,0.6047745358090185,0.400990099009901,-0.014774535809018552,-0.080990099009901
681343,2026,59,2026-05-22,,,,0.3666666666666666,,
682254,2026,59,2026-05-22,,,0.6419753086419753,0.5909090909090909,,
684007,2024,30,2024-04-27,0.64,0.48,0.6574074074074074,0.509090909090909,-0.017407407407407427,-0.029090909090909056
684007,2024,60,2024-05-27,0.72,0.56,0.6842105263157895,0.5321100917431193,0.03578947368421048,0.027889908256880758
684007,2024,90,2024-06-26,0.61,0.44,0.6604938271604939,0.5,-0.05049382716049389,-0.06
684007,2024,120,2024-07-26,0.67,0.54,0.6627358490566038,0.5070422535211268,0.007264150943396275,0.032957746478873284
684007,2025,30,2025-04-26,0.65,0.4,0.6639344262295082,0.3846153846153846,-0.013934426229508134,0.015384615384615441
684007,2025,60,2025-05-26,0.67,0.38,0.6666666666666666,0.3555555555555555,0.0033333333333334103,0.02444444444444449
684007,2025,90,2025-06-25,0.67,0.38,0.6666666666666666,0.3555555555555555,0.0033333333333334103,0.02444444444444449
684007,2025,120,2025-07-25,0.57,0.3,0.6081081081081081,0.3375796178343949,-0.03810810810810816,-0.037579617834394896
684007,2026,30,2026-04-25,0.56,0.5,0.5740740740740741,0.5079365079365079,-0.014074074074074017,-0.007936507936507908
684007,2026,59,2026-05-22,0.61,0.46,0.5829787234042553,0.488,0.027021276595744714,-0.02799999999999997
687570,2026,59,2026-05-22,0.63,0.38,0.6451612903225806,0.410958904109589,-0.015161290322580623,-0.030958904109589014
690990,2025,60,2025-05-26,,,0.6190476190476191,0.2702702702702703,,
690990,2025,90,2025-06-25,0.68,0.28,0.6666666666666666,0.31,0.01333333333333342,-0.02999999999999997
690990,2025,120,2025-07-25,0.63,0.32,0.6494464944649446,0.3112582781456953,-0.01944649446494462,0.008741721854304718
690990,2026,59,2026-05-22,,,,,,
691725,2026,30,2026-04-25,0.6,0.36,0.6111111111111112,0.375,-0.011111111111111183,-0.015000000000000013
691725,2026,59,2026-05-22,0.63,0.32,0.6030927835051546,0.3737373737373737,0.0269072164948454,-0.053737373737373695
695418,2025,30,2025-04-26,,,0.4358974358974359,0.282051282051282,,
695418,2025,60,2025-05-26,0.6,0.36,0.5365853658536586,0.3333333333333333,0.06341463414634141,0.026666666666666672
695418,2025,90,2025-06-25,0.68,0.4,0.5822784810126582,0.3458646616541353,0.09772151898734183,0.0541353383458647
695418,2025,120,2025-07-25,0.61,0.34,0.5763888888888888,0.3417721518987341,0.03361111111111115,-0.0017721518987340867
696136,2024,30,2024-04-27,0.64,0.52,0.6296296296296297,0.509090909090909,0.010370370370370363,0.01090909090909098
696136,2024,60,2024-05-27,0.64,0.52,0.6296296296296297,0.509090909090909,0.010370370370370363,0.01090909090909098
696136,2024,90,2024-06-26,0.65,0.48,0.6328125,0.4923076923076923,0.017187500000000022,-0.012307692307692297
696136,2024,120,2024-07-26,0.65,0.48,0.6328125,0.4923076923076923,0.017187500000000022,-0.012307692307692297
434378,2018,30,2018-04-28,0.65,0.52,0.6351351351351351,0.5106382978723404,0.014864864864864935,0.009361702127659632
434378,2018,60,2018-05-28,0.63,0.42,0.6381578947368421,0.4974619289340101,-0.008157894736842142,-0.0774619289340101
434378,2018,90,2018-06-27,0.71,0.44,0.6536697247706422,0.4822695035460992,0.05633027522935774,-0.04226950354609921
434378,2018,120,2018-07-27,0.72,0.6,0.6666666666666666,0.5,0.053333333333333344,0.09999999999999998
434378,2019,30,2019-04-19,0.61,0.48,0.6178861788617886,0.4691358024691358,-0.007886178861788662,0.010864197530864206
434378,2019,60,2019-05-19,0.62,0.54,0.6209677419354839,0.506578947368421,-0.000967741935483879,0.03342105263157902
434378,2019,90,2019-06-18,0.62,0.52,0.6430317848410758,0.5135135135135135,-0.02303178484107582,0.006486486486486531
434378,2019,120,2019-07-18,0.61,0.44,0.6358267716535433,0.501577287066246,-0.0258267716535433,-0.061577287066246045
434378,2022,30,2022-05-07,0.69,0.34,0.680672268907563,0.4305555555555556,0.009327731092436897,-0.09055555555555556
434378,2022,60,2022-06-06,0.6,0.42,0.6460905349794238,0.4326241134751773,-0.046090534979423836,-0.012624113475177334
434378,2022,90,2022-07-06,0.61,0.3,0.6363636363636364,0.4225352112676056,-0.026363636363636367,-0.12253521126760564
434378,2022,120,2022-08-05,0.58,0.5,0.6187624750499002,0.4487632508833922,-0.03876247504990027,0.051236749116607805
434378,2023,60,2023-05-29,0.59,0.3,0.5901639344262295,0.3384615384615385,-0.00016393442622952836,-0.03846153846153849
434378,2023,90,2023-06-28,0.45,0.44,0.5230125523012552,0.3828125,-0.0730125523012552,0.0571875
434378,2023,120,2023-07-28,0.56,0.4,0.5382513661202186,0.3819095477386934,0.02174863387978143,0.018090452261306622
434378,2024,30,2024-04-27,,,,,,
434378,2024,60,2024-05-27,0.67,0.44,0.6153846153846154,0.3888888888888889,0.05461538461538462,0.05111111111111111
434378,2024,90,2024-06-26,0.57,0.4,0.5850622406639004,0.3863636363636363,-0.015062240663900495,0.013636363636363724
434378,2024,120,2024-07-26,0.57,0.4,0.5850622406639004,0.3863636363636363,-0.015062240663900495,0.013636363636363724
434378,2025,30,2025-04-26,0.68,0.42,0.6541353383458647,0.3943661971830985,0.025864661654135368,0.025633802816901474
434378,2025,60,2025-05-26,0.55,0.36,0.6061946902654868,0.3796296296296296,-0.056194690265486735,-0.019629629629629608
434378,2025,90,2025-06-25,0.59,0.38,0.6133828996282528,0.3851851851851852,-0.023382899628252796,-0.005185185185185182
434378,2025,120,2025-07-25,0.63,0.36,0.6153846153846154,0.3723404255319149,0.014615384615384586,-0.01234042553191489
453329,2018,60,2018-05-28,,,,,,
453329,2018,90,2018-06-27,0.7,0.46,0.6797385620915033,0.4189189189189189,0.02026143790849666,0.041081081081081106
453329,2018,120,2018-07-27,0.71,0.36,0.6777777777777778,0.4186046511627907,0.03222222222222215,-0.05860465116279073
453329,2019,30,2019-04-19,,,,,,
453329,2019,60,2019-05-19,0.68,,0.6666666666666666,0.2608695652173913,0.01333333333333342,
453329,2019,90,2019-06-18,0.68,,0.6666666666666666,0.2608695652173913,0.01333333333333342,
453329,2019,120,2019-07-18,0.68,,0.6666666666666666,0.2608695652173913,0.01333333333333342,
476451,2018,30,2018-04-28,,,0.7580645161290323,,,
476451,2018,60,2018-05-28,0.67,0.56,0.6944444444444444,0.4769230769230769,-0.02444444444444438,0.08307692307692316
476451,2018,90,2018-06-27,0.62,0.52,0.6746987951807228,0.4594594594594595,-0.05469879518072285,0.06054054054054053
476451,2018,120,2018-07-27,0.74,0.34,0.6847826086956522,0.4126984126984127,0.055217391304347774,-0.07269841269841265
476451,2019,30,2019-04-19,,,0.603448275862069,,,
477132,2018,30,2018-04-28,0.64,0.48,0.6730769230769231,0.4941176470588235,-0.033076923076923115,-0.014117647058823513
477132,2018,60,2018-05-28,0.67,0.44,0.6740331491712708,0.4897959183673469,-0.0040331491712707335,-0.049795918367346925
477132,2018,90,2018-06-27,0.67,0.44,0.6869158878504673,0.4913793103448275,-0.01691588785046727,-0.05137931034482751
477132,2018,120,2018-07-27,0.75,0.5,0.6952908587257618,0.4715025906735751,0.054709141274238204,0.028497409326424916
477132,2019,60,2019-05-19,0.71,0.36,0.7171052631578947,0.4090909090909091,-0.007105263157894726,-0.04909090909090913
477132,2019,90,2019-06-18,0.71,0.48,0.7051282051282052,0.4397590361445783,0.004871794871794788,0.040240963855421696
477132,2019,120,2019-07-18,0.68,0.5,0.6928571428571428,0.4537037037037037,-0.01285714285714279,0.04629629629629628
477132,2021,30,2021-05-01,0.63,0.52,0.6225165562913907,0.4810126582278481,0.007483443708609316,0.03898734177215191
477132,2021,60,2021-05-31,0.61,0.54,0.6334519572953736,0.5066666666666667,-0.023451957295373638,0.033333333333333326
477132,2021,90,2021-06-30,0.63,0.66,0.624390243902439,0.5540540540540541,0.005609756097560981,0.10594594594594597
477132,2021,120,2021-07-30,0.61,0.64,0.6235294117647059,0.5526315789473685,-0.013529411764705901,0.08736842105263154
477132,2022,30,2022-05-07,0.67,0.46,0.6788990825688074,0.5423728813559322,-0.008899082568807337,-0.08237288135593218
477132,2022,60,2022-06-06,0.67,0.46,0.6788990825688074,0.5423728813559322,-0.008899082568807337,-0.08237288135593218
477132,2022,90,2022-07-06,0.65,0.46,0.6576576576576577,0.5043478260869565,-0.0076576576576576905,-0.04434782608695648
477132,2022,120,2022-08-05,0.62,0.4,0.6547619047619048,0.5,-0.03476190476190477,-0.09999999999999998
477132,2023,30,2023-04-29,0.76,0.54,0.7152777777777778,0.5061728395061729,0.04472222222222222,0.03382716049382717
477132,2023,60,2023-05-29,0.67,0.48,0.6862745098039216,0.4934210526315789,-0.016274509803921533,-0.013421052631578945
477132,2023,90,2023-06-28,0.64,0.38,0.6815789473684211,0.4772727272727273,-0.04157894736842105,-0.09727272727272729
477132,2023,120,2023-07-28,0.64,0.38,0.6815789473684211,0.4772727272727273,-0.04157894736842105,-0.09727272727272729
477132,2025,60,2025-05-26,,,,,,
477132,2025,90,2025-06-25,0.67,0.44,0.6397058823529411,0.375,0.030294117647058916,0.065
477132,2025,120,2025-07-25,0.61,0.34,0.6228070175438597,0.3490566037735849,-0.012807017543859711,-0.00905660377358486
502043,2018,30,2018-04-28,0.56,0.5,0.5478260869565217,0.4838709677419355,0.012173913043478368,0.016129032258064502
502043,2018,60,2018-05-28,0.61,0.46,0.5690376569037657,0.4715447154471545,0.040962343096234255,-0.011544715447154463
502043,2018,90,2018-06-27,0.6,0.4,0.5760598503740648,0.4626865671641791,0.02394014962593516,-0.06268656716417909
502043,2018,120,2018-07-27,0.55,0.48,0.5690298507462687,0.4649446494464944,-0.019029850746268617,0.015055350553505598
502043,2019,30,2019-04-19,,,0.5142857142857142,,,
502043,2019,60,2019-05-19,0.74,0.56,0.6666666666666666,0.5,0.07333333333333336,0.06000000000000005
502043,2019,90,2019-06-18,0.67,0.52,0.6677316293929713,0.5032679738562091,0.00226837060702878,0.01673202614379088
502043,2019,120,2019-07-18,0.65,0.44,0.6540178571428571,0.4818181818181818,-0.004017857142857073,-0.04181818181818181
502043,2021,30,2021-05-01,0.52,0.42,0.5555555555555556,0.45,-0.03555555555555556,-0.030000000000000027
502043,2021,60,2021-05-31,0.61,0.34,0.5732217573221757,0.4137931034482758,0.03677824267782426,-0.07379310344827578
502043,2021,90,2021-06-30,0.64,0.42,0.5932203389830508,0.4157303370786517,0.04677966101694919,0.004269662921348283
502043,2021,120,2021-07-30,0.54,0.48,0.5869565217391305,0.4253393665158371,-0.04695652173913045,0.05466063348416289
502043,2022,30,2022-05-07,0.63,0.26,0.625,0.3939393939393939,0.0050000000000000044,-0.1339393939393939
502043,2022,60,2022-06-06,0.6,0.42,0.5892116182572614,0.3863636363636363,0.010788381742738551,0.033636363636363686
502043,2022,90,2022-07-06,0.53,0.36,0.5766016713091922,0.3770491803278688,-0.04660167130919213,-0.01704918032786884
502043,2022,120,2022-08-05,0.65,0.28,0.5845511482254697,0.3565573770491803,0.0654488517745303,-0.07655737704918025
502043,2023,30,2023-04-29,0.58,0.36,0.6099290780141844,0.3648648648648648,-0.02992907801418443,-0.004864864864864815
502043,2023,60,2023-05-29,0.63,0.34,0.6176470588235294,0.34375,0.012352941176470567,-0.0037499999999999756
502043,2023,90,2023-06-28,0.6,0.5,0.6053268765133172,0.3782383419689119,-0.0053268765133172025,0.12176165803108813
502043,2023,120,2023-07-28,0.75,0.52,0.6277777777777778,0.4031620553359684,0.12222222222222223,0.11683794466403163
502043,2024,30,2024-04-27,0.52,0.4,0.552,0.392156862745098,-0.03200000000000003,0.007843137254902044
502043,2024,60,2024-05-27,0.55,0.48,0.5609756097560976,0.4380952380952381,-0.01097560975609757,0.04190476190476189
502043,2024,90,2024-06-26,0.53,0.5,0.5631868131868132,0.4556213017751479,-0.03318681318681316,0.044378698224852076
502043,2024,120,2024-07-26,0.58,0.48,0.5704845814977973,0.4636363636363636,0.00951541850220261,0.016363636363636358
542881,2018,30,2018-04-28,0.6,0.48,0.6086956521739131,0.4655172413793103,-0.008695652173913104,0.014482758620689706
542881,2018,60,2018-05-28,0.62,0.22,0.6118143459915611,0.375,0.008185654008438847,-0.155
542881,2018,90,2018-06-27,0.65,0.4,0.6294277929155313,0.3762376237623762,0.02057220708446872,0.02376237623762384
542881,2018,120,2018-07-27,0.68,0.44,0.6330645161290323,0.4051094890510949,0.0469354838709678,0.03489051094890511
542881,2019,30,2019-04-19,,,,,,
542881,2021,30,2021-05-01,0.65,0.36,0.6454545454545455,0.3714285714285714,0.004545454545454519,-0.011428571428571399
542881,2021,60,2021-05-31,0.66,0.48,0.6398305084745762,0.4135338345864661,0.0201694915254238,0.0664661654135339
542881,2021,90,2021-06-30,0.7,0.26,0.6601671309192201,0.3692307692307692,0.039832869080779876,-0.10923076923076919
542881,2021,120,2021-07-30,0.71,0.44,0.6728538283062645,0.3856502242152466,0.037146171693735464,0.05434977578475342
542881,2022,30,2022-05-07,,0.42,0.6263736263736264,0.4074074074074074,,0.0125925925925926
542881,2022,60,2022-06-06,0.73,0.5,0.6940639269406392,0.4568965517241379,0.03593607305936075,0.0431034482758621
542881,2022,90,2022-07-06,0.59,0.3,0.6607669616519174,0.3945945945945946,-0.07076696165191743,-0.09459459459459463
542881,2022,120,2022-08-05,0.58,0.34,0.6383442265795207,0.3805668016194332,-0.058344226579520764,-0.04056680161943316
542881,2023,30,2023-04-29,0.62,0.36,0.6333333333333333,0.3461538461538461,-0.013333333333333308,0.013846153846153897
542881,2023,60,2023-05-29,0.53,0.22,0.5863636363636363,0.2815533980582524,-0.05636363636363628,-0.06155339805825241
542881,2023,90,2023-06-28,0.59,0.54,0.5922619047619048,0.3619631901840491,-0.0022619047619047983,0.17803680981595094
542881,2023,120,2023-07-28,0.54,0.46,0.5866983372921615,0.3701923076923077,-0.04669833729216144,0.08980769230769231
542881,2024,30,2024-04-27,0.57,0.34,0.5901639344262295,0.3559322033898305,-0.020163934426229546,-0.01593220338983048
542881,2024,60,2024-05-27,0.6,0.4,0.622568093385214,0.3793103448275862,-0.02256809338521404,0.020689655172413834
542881,2024,90,2024-06-26,0.46,0.24,0.573170731707317,0.3316326530612244,-0.11317073170731701,-0.09163265306122442
542881,2024,120,2024-07-26,0.56,0.48,0.5722772277227722,0.3588709677419355,-0.012277227722772177,0.12112903225806448
542881,2025,30,2025-04-26,0.54,0.36,0.5625,0.3384615384615385,-0.022499999999999964,0.021538461538461506
542881,2025,60,2025-05-26,0.56,0.34,0.5702127659574469,0.3385826771653543,-0.010212765957446801,0.00141732283464574
542881,2025,90,2025-06-25,0.6,0.4,0.5718085106382979,0.3465346534653465,0.028191489361702127,0.05346534653465351
542881,2025,120,2025-07-25,0.63,0.4,0.5840336134453782,0.3524590163934426,0.04596638655462182,0.047540983606557397
544150,2024,30,2024-04-27,,,,,,
544150,2024,60,2024-05-27,0.61,0.4,0.6,0.3934426229508196,0.010000000000000009,0.006557377049180413
544150,2024,90,2024-06-26,0.59,0.36,0.6086956521739131,0.3706896551724138,-0.018695652173913113,-0.010689655172413826
544150,2024,120,2024-07-26,0.56,0.4,0.5878594249201278,0.3892617449664429,-0.027859424920127718,0.010738255033557131
547179,2022,30,2022-05-07,0.64,0.36,0.6173913043478261,0.375,0.022608695652173938,-0.015000000000000013
547179,2022,60,2022-06-06,0.66,0.4,0.6372093023255814,0.3846153846153846,0.02279069767441866,0.015384615384615441
547179,2022,90,2022-07-06,0.68,0.32,0.6447368421052632,0.3594771241830065,0.035263157894736885,-0.03947712418300647
547179,2022,120,2022-08-05,0.68,0.32,0.6447368421052632,0.3594771241830065,0.035263157894736885,-0.03947712418300647
547179,2023,30,2023-04-29,,,0.6461538461538462,0.4411764705882353,,
547179,2023,60,2023-05-29,0.74,0.36,0.7043010752688172,0.3398058252427184,0.035698924731182746,0.02019417475728158
547179,2023,90,2023-06-28,0.67,0.42,0.6881028938906752,0.3647798742138364,-0.01810289389067521,0.05522012578616359
547179,2023,120,2023-07-28,0.7,0.48,0.6866028708133971,0.386046511627907,0.013397129186602852,0.093953488372093
547179,2024,30,2024-04-27,,,0.5942028985507246,0.35,,
547179,2024,60,2024-05-27,0.57,0.4,0.5833333333333334,0.3673469387755102,-0.01333333333333342,0.0326530612244898
547179,2024,90,2024-06-26,0.63,0.24,0.5849673202614379,0.3461538461538461,0.045032679738562065,-0.1061538461538461
547179,2024,120,2024-07-26,0.6,0.42,0.5934343434343434,0.3636363636363636,0.006565656565656552,0.056363636363636394
547179,2025,30,2025-04-26,0.6,0.36,0.6065573770491803,0.3934426229508196,-0.006557377049180357,-0.03344262295081962
547179,2025,60,2025-05-26,0.62,0.4,0.6066176470588235,0.4047619047619047,0.013382352941176512,-0.0047619047619046895
547179,2025,90,2025-06-25,0.63,0.36,0.6201117318435754,0.3976608187134502,0.009888268156424629,-0.03766081871345023
547179,2025,120,2025-07-25,0.6,0.46,0.611764705882353,0.4117647058823529,-0.01176470588235301,0.0482352941176471
547179,2026,30,2026-04-25,0.64,0.26,0.6312056737588653,0.2753623188405797,0.008794326241134742,-0.015362318840579703
547179,2026,59,2026-05-22,0.64,0.38,0.6329113924050633,0.3302752293577982,0.00708860759493668,0.04972477064220182
593958,2018,30,2018-04-28,,0.36,0.5425531914893617,0.4181818181818181,,-0.05818181818181811
593958,2018,60,2018-05-28,0.6,0.42,0.5775862068965517,0.4609929078014184,0.022413793103448265,-0.0409929078014184
593958,2018,90,2018-06-27,0.64,0.36,0.6147308781869688,0.4354066985645933,0.025269121813031203,-0.07540669856459331
593958,2018,120,2018-07-27,0.63,0.36,0.6171171171171171,0.4208494208494208,0.012882882882882862,-0.0608494208494208
593958,2019,30,2019-04-19,,0.4,0.5957446808510638,0.4038461538461538,,-0.003846153846153777
593958,2019,60,2019-05-19,0.65,0.5,0.6301369863013698,0.448,0.019863013698630194,0.05199999999999999
593958,2019,90,2019-06-18,0.68,0.44,0.6460176991150443,0.4352331606217616,0.033982300884955796,0.004766839378238408
593958,2019,120,2019-07-18,0.59,0.42,0.6321138211382114,0.425531914893617,-0.04211382113821138,-0.00553191489361704
593958,2021,30,2021-05-01,0.67,0.54,0.6666666666666666,0.5535714285714286,0.0033333333333334103,-0.013571428571428568
593958,2021,60,2021-05-31,0.65,0.42,0.6563876651982379,0.464,-0.006387665198237857,-0.04400000000000004
593958,2021,90,2021-06-30,0.67,0.52,0.6558823529411765,0.4818652849740932,0.014117647058823568,0.03813471502590682
593958,2021,120,2021-07-30,0.63,0.54,0.648960739030023,0.4898785425101215,-0.018960739030023044,0.05012145748987856
593958,2022,30,2022-05-07,0.63,0.38,0.6592592592592592,0.382716049382716,-0.029259259259259207,-0.002716049382715968
593958,2022,60,2022-06-06,0.68,0.38,0.6686390532544378,0.3505154639175257,0.011360946745562206,0.02948453608247431
593958,2022,90,2022-07-06,0.68,0.38,0.6686390532544378,0.3505154639175257,0.011360946745562206,0.02948453608247431
593958,2022,120,2022-08-05,0.68,0.38,0.6686390532544378,0.3505154639175257,0.011360946745562206,0.02948453608247431
593958,2023,30,2023-04-29,0.67,0.46,0.6423357664233577,0.375,0.027664233576642383,0.08500000000000002
593958,2023,60,2023-05-29,0.64,0.5,0.6628787878787878,0.4437086092715231,-0.022878787878787832,0.05629139072847689
593958,2023,90,2023-06-28,0.64,0.5,0.6628787878787878,0.4437086092715231,-0.022878787878787832,0.05629139072847689
593958,2023,120,2023-07-28,0.58,0.48,0.6430594900849859,0.4504950495049505,-0.0630594900849859,0.029504950495049476
593958,2025,30,2025-04-26,0.56,0.58,0.5528455284552846,0.5862068965517241,0.0071544715447154905,-0.006206896551724128
593958,2025,60,2025-05-26,0.55,0.46,0.5592417061611374,0.5306122448979592,-0.009241706161137397,-0.0706122448979592
593958,2025,90,2025-06-25,0.54,0.48,0.5573770491803278,0.5104895104895105,-0.017377049180327786,-0.03048951048951054
593958,2025,120,2025-07-25,0.65,0.38,0.5792079207920792,0.4766839378238341,0.07079207920792085,-0.09668393782383411
593958,2026,30,2026-04-25,0.62,0.32,0.6083333333333333,0.3272727272727272,0.011666666666666714,-0.0072727272727272085
593958,2026,59,2026-05-22,0.6,0.42,0.6072874493927125,0.3771929824561403,-0.0072874493927125306,0.04280701754385968
596133,2018,30,2018-04-28,0.55,0.42,0.5405405405405406,0.4067796610169492,0.009459459459459474,0.013220338983050806
596133,2018,60,2018-05-28,0.63,0.46,0.5813008130081301,0.4173228346456692,0.048699186991869925,0.042677165354330804
596133,2018,90,2018-06-27,0.68,0.38,0.6130790190735694,0.4010416666666667,0.06692098092643062,-0.02104166666666668
596133,2018,120,2018-07-27,0.58,0.46,0.6114519427402862,0.4136546184738955,-0.03145194274028629,0.04634538152610451
596133,2019,30,2019-04-19,,0.46,0.625,0.4615384615384615,,-0.0015384615384614886
596133,2019,60,2019-05-19,0.61,0.38,0.6113744075829384,0.44,-0.0013744075829383862,-0.06
596133,2019,90,2019-06-18,0.64,0.48,0.6062992125984252,0.4625850340136054,0.03370078740157478,0.01741496598639458
596133,2019,120,2019-07-18,0.64,0.48,0.6062992125984252,0.4625850340136054,0.03370078740157478,0.01741496598639458
596133,2021,30,2021-05-01,0.63,0.34,0.6181818181818182,0.359375,0.011818181818181839,-0.019374999999999976
596133,2021,60,2021-05-31,0.62,0.4,0.6167664670658682,0.3917525773195876,0.0032335329341317554,0.008247422680412397
596133,2021,90,2021-06-30,0.62,0.4,0.6167664670658682,0.3917525773195876,0.0032335329341317554,0.008247422680412397
596133,2021,120,2021-07-30,0.62,0.4,0.6167664670658682,0.3917525773195876,0.0032335329341317554,0.008247422680412397
596133,2023,30,2023-04-29,,,0.5294117647058824,,,
596133,2023,60,2023-05-29,0.7,0.36,0.6524390243902439,0.425287356321839,0.04756097560975603,-0.06528735632183902
596133,2023,90,2023-06-28,0.66,0.24,0.6554054054054054,0.3548387096774194,0.004594594594594659,-0.11483870967741938
596133,2023,120,2023-07-28,0.56,0.28,0.6226415094339622,0.3475935828877005,-0.06264150943396218,-0.06759358288770045
608328,2021,90,2021-06-30,0.58,0.42,0.59375,0.4333333333333333,-0.01375000000000004,-0.013333333333333308
608334,2018,30,2018-04-28,0.54,0.34,0.5087719298245614,0.3461538461538461,0.031228070175438605,-0.006153846153846065
608334,2024,120,2024-07-26,0.53,0.48,0.5619834710743802,0.4661016949152542,-0.031983471074380154,0.013898305084745766
621076,2021,60,2021-05-31,,0.44,0.6111111111111112,0.4230769230769231,,0.01692307692307693
621076,2021,90,2021-06-30,0.63,0.48,0.6059113300492611,0.4482758620689655,0.024088669950738884,0.03172413793103446
621076,2021,120,2021-07-30,0.58,0.52,0.5939597315436241,0.4730538922155688,-0.013959731543624176,0.0469461077844312
621076,2022,30,2022-05-07,,,,,,
621076,2022,60,2022-06-06,0.59,0.26,0.5633802816901409,0.2933333333333333,0.026619718309859097,-0.03333333333333327
621076,2022,90,2022-07-06,0.6,0.3,0.5595667870036101,0.2887323943661972,0.04043321299638991,0.011267605633802802
621076,2022,120,2022-08-05,0.62,0.34,0.5769230769230769,0.3081081081081081,0.043076923076923124,0.0318918918918919
621076,2023,30,2023-04-29,,0.34,0.5777777777777777,0.3461538461538461,,-0.006153846153846065
621076,2023,60,2023-05-29,0.61,0.38,0.5864197530864198,0.3666666666666666,0.023580246913580183,0.01333333333333342
628333,2019,90,2019-06-18,,,0.5283018867924528,,,
640455,2018,30,2018-04-28,0.53,0.54,0.5796178343949044,0.5,-0.049617834394904414,0.040000000000000036
640455,2018,60,2018-05-28,0.61,0.26,0.594306049822064,0.4045801526717557,0.015693950177935956,-0.14458015267175567
640455,2018,90,2018-06-27,0.62,0.34,0.5995085995085995,0.3826530612244898,0.020491400491400524,-0.04265306122448975
640455,2018,120,2018-07-27,0.73,0.3,0.6263736263736264,0.3590733590733591,0.10362637362637361,-0.05907335907335909
640455,2021,30,2021-05-01,0.57,0.42,0.5641025641025641,0.3684210526315789,0.005897435897435854,0.05157894736842106
640455,2021,60,2021-05-31,0.66,0.48,0.6171875,0.4246575342465753,0.04281250000000003,0.05534246575342466
640455,2021,90,2021-06-30,0.7,0.5,0.6335078534031413,0.4343891402714932,0.06649214659685865,0.06561085972850678
640455,2021,120,2021-07-30,0.72,0.58,0.6540755467196819,0.4581939799331103,0.06592445328031804,0.12180602006688968
640455,2022,30,2022-05-07,0.7,0.46,0.6870748299319728,0.4810126582278481,0.01292517006802718,-0.02101265822784809
640455,2022,60,2022-06-06,0.64,0.52,0.6693227091633466,0.5074626865671642,-0.02932270916334656,0.012537313432835817
640455,2022,90,2022-07-06,0.6,0.44,0.6521739130434783,0.4791666666666667,-0.05217391304347829,-0.03916666666666668
640455,2022,120,2022-08-05,0.53,0.52,0.6331967213114754,0.4836065573770491,-0.10319672131147539,0.03639344262295091
640455,2023,30,2023-04-29,,0.42,0.5930232558139535,0.4038461538461538,,0.016153846153846185
640455,2023,60,2023-05-29,0.6,0.48,0.6209150326797386,0.4444444444444444,-0.0209150326797386,0.03555555555555556
640455,2023,90,2023-06-28,0.62,0.48,0.6228070175438597,0.4520547945205479,-0.0028070175438597023,0.027945205479452062
640455,2023,120,2023-07-28,0.59,0.52,0.6182432432432432,0.4519774011299435,-0.028243243243243232,0.06802259887005652
640455,2024,30,2024-04-27,0.58,0.42,0.5794392523364486,0.4655172413793103,0.0005607476635514086,-0.04551724137931029
640455,2024,60,2024-05-27,0.55,0.34,0.5622119815668203,0.3821138211382114,-0.01221198156682024,-0.04211382113821138
640455,2024,90,2024-06-26,0.55,0.36,0.562111801242236,0.4042553191489361,-0.012111801242235987,-0.0442553191489361
640455,2024,120,2024-07-26,0.61,0.38,0.5695067264573991,0.396078431372549,0.040493273542600905,-0.016078431372548996
640455,2025,120,2025-07-25,,,0.6,0.5625,,
642203,2021,30,2021-05-01,,,0.5591397849462365,0.3829787234042553,,
642203,2021,60,2021-05-31,0.59,0.38,0.5961538461538461,0.3846153846153846,-0.006153846153846176,-0.004615384615384577
642203,2021,90,2021-06-30,0.59,0.38,0.5961538461538461,0.3846153846153846,-0.006153846153846176,-0.004615384615384577
642203,2021,120,2021-07-30,0.6,0.52,0.5748502994011976,0.4390243902439024,0.025149700598802394,0.08097560975609763
642607,2019,120,2019-07-18,,,0.532608695652174,0.1463414634146341,,
656354,2022,90,2022-07-06,0.52,0.44,0.5441176470588235,0.4556962025316455,-0.024117647058823466,-0.015696202531645498
657248,2022,30,2022-05-07,,,,,,
657248,2022,60,2022-06-06,0.52,0.34,0.5459770114942529,0.3473684210526316,-0.02597701149425291,-0.00736842105263158
657248,2022,90,2022-07-06,0.5,0.3,0.5422222222222223,0.3305785123966942,-0.04222222222222227,-0.030578512396694235
657248,2022,120,2022-08-05,0.59,0.48,0.5571847507331378,0.3742690058479532,0.03281524926686219,0.10573099415204679
657746,2022,30,2022-05-07,0.69,0.46,0.6698113207547169,0.4666666666666667,0.020188679245283003,-0.006666666666666654
657746,2022,60,2022-06-06,0.63,0.36,0.6416184971098265,0.4285714285714285,-0.011618497109826542,-0.0685714285714285
657746,2022,90,2022-07-06,0.71,0.36,0.6573426573426573,0.3987341772151899,0.052657342657342676,-0.0387341772151899
657746,2022,120,2022-08-05,0.67,0.52,0.6586021505376344,0.4278846153846153,0.011397849462365661,0.09211538461538471
657746,2023,30,2023-04-29,0.73,0.5,0.7235772357723578,0.5294117647058824,0.006422764227642208,-0.02941176470588236
657746,2023,60,2023-05-29,0.7,0.46,0.71900826446281,0.4697986577181208,-0.01900826446281001,-0.009798657718120773
657746,2023,90,2023-06-28,0.63,0.46,0.6875,0.4561403508771929,-0.057499999999999996,0.0038596491228071184
657746,2023,120,2023-07-28,0.62,0.52,0.67,0.4883720930232558,-0.050000000000000044,0.031627906976744224
657746,2024,30,2024-04-27,0.7,0.56,0.7068965517241379,0.5135135135135135,-0.006896551724137945,0.04648648648648657
657746,2024,60,2024-05-27,0.72,0.44,0.7099236641221374,0.45625,0.010076335877862608,-0.016249999999999987
657746,2024,90,2024-06-26,0.74,0.42,0.7005208333333334,0.4484304932735426,0.03947916666666662,-0.028430493273542634
657746,2024,120,2024-07-26,0.7,0.44,0.7010309278350515,0.4577464788732394,-0.0010309278350515427,-0.01774647887323938
657746,2025,30,2025-04-26,0.65,0.38,0.6422018348623854,0.4029850746268656,0.0077981651376146655,-0.02298507462686561
657746,2025,60,2025-05-26,0.63,0.54,0.639269406392694,0.4888888888888889,-0.009269406392694024,0.05111111111111116
657746,2025,90,2025-06-25,0.63,0.48,0.6518105849582173,0.4724770642201835,-0.021810584958217305,0.0075229357798164975
657746,2025,120,2025-07-25,0.64,0.5,0.6505494505494506,0.4763636363636364,-0.010549450549450556,0.023636363636363622
657746,2026,30,2026-04-25,0.69,0.38,0.6742424242424242,0.3928571428571428,0.015757575757575748,-0.01285714285714279
657746,2026,59,2026-05-22,0.61,0.48,0.6519823788546255,0.4295774647887324,-0.041982378854625524,0.050422535211267605
663542,2026,59,2026-05-22,,0.42,0.5757575757575758,0.4259259259259259,,-0.00592592592592589
663855,2022,30,2022-05-07,,,0.5735294117647058,0.5142857142857142,,
663855,2022,60,2022-06-06,0.49,0.48,0.4841269841269841,0.4754098360655737,0.005873015873015919,0.0045901639344262946
663855,2022,90,2022-07-06,0.49,0.44,0.4962406015037593,0.453125,-0.006240601503759324,-0.013124999999999998
663855,2024,30,2024-04-27,0.64,0.32,0.6692307692307692,0.375,-0.02923076923076917,-0.05499999999999999
663855,2024,60,2024-05-27,0.59,0.36,0.6340425531914894,0.3636363636363636,-0.04404255319148942,-0.0036363636363636043
663855,2024,90,2024-06-26,0.54,0.36,0.6099706744868035,0.3631578947368421,-0.0699706744868035,-0.0031578947368421373
663855,2025,30,2025-04-26,0.54,0.32,0.5806451612903226,0.3809523809523809,-0.040645161290322585,-0.06095238095238087
663855,2025,60,2025-05-26,0.6,0.4,0.5915492957746479,0.3925233644859813,0.008450704225352101,0.007476635514018726
663855,2025,90,2025-06-25,0.6,0.4,0.5852534562211982,0.3981481481481481,0.014746543778801802,0.0018518518518519378
663855,2025,120,2025-07-25,0.62,0.42,0.5983606557377049,0.3949579831932773,0.02163934426229508,0.02504201680672269
663903,2021,30,2021-05-01,,0.48,0.5656565656565656,0.4642857142857143,,0.01571428571428568
663903,2021,60,2021-05-31,0.5,0.4,0.5330188679245284,0.4260869565217391,-0.03301886792452835,-0.02608695652173909
663903,2021,90,2021-06-30,0.63,0.42,0.5501432664756447,0.4354838709677419,0.0798567335243553,-0.015483870967741897
663903,2021,120,2021-07-30,0.63,0.34,0.5604938271604938,0.423963133640553,0.06950617283950622,-0.08396313364055297
663903,2022,60,2022-06-06,0.62,0.42,0.6065573770491803,0.4285714285714285,0.01344262295081966,-0.008571428571428508
663903,2022,90,2022-07-06,0.62,0.48,0.5901639344262295,0.4496124031007752,0.0298360655737705,0.030387596899224767
663903,2022,120,2022-08-05,0.52,0.58,0.5660377358490566,0.4720812182741117,-0.04603773584905657,0.10791878172588826
663903,2023,30,2023-04-29,0.68,0.46,0.6810344827586207,0.4444444444444444,-0.001034482758620614,0.0155555555555556
663903,2023,60,2023-05-29,0.55,0.34,0.6135458167330677,0.4049586776859504,-0.0635458167330677,-0.06495867768595037
663903,2023,90,2023-06-28,0.51,0.28,0.5891891891891892,0.375,-0.07918918918918916,-0.09499999999999997
663903,2023,120,2023-07-28,0.64,0.5,0.6003976143141153,0.3975903614457831,0.0396023856858847,0.10240963855421692
663903,2024,30,2024-04-27,0.58,0.36,0.5971223021582733,0.4096385542168674,-0.017122302158273373,-0.049638554216867414
663903,2024,60,2024-05-27,0.65,0.44,0.6171875,0.4353741496598639,0.03281250000000002,0.004625850340136128
663903,2024,90,2024-06-26,0.66,0.38,0.6329787234042553,0.4166666666666667,0.027021276595744714,-0.03666666666666668
663903,2024,120,2024-07-26,0.63,0.4,0.6326530612244898,0.4104477611940298,-0.0026530612244898277,-0.010447761194029792
663903,2025,30,2025-04-26,0.61,0.52,0.625,0.5423728813559322,-0.015000000000000013,-0.022372881355932184
663903,2025,60,2025-05-26,0.55,0.26,0.5701357466063348,0.4181818181818181,-0.02013574660633477,-0.1581818181818181
663903,2025,90,2025-06-25,0.6,0.44,0.5912806539509536,0.4108108108108108,0.00871934604904634,0.029189189189189224
663903,2025,120,2025-07-25,0.63,0.44,0.6013513513513513,0.411504424778761,0.02864864864864869,0.028495575221239022
663903,2026,30,2026-04-25,0.56,0.22,0.562962962962963,0.2835820895522388,-0.002962962962962945,-0.06358208955223879
663903,2026,59,2026-05-22,0.52,0.36,0.5576036866359447,0.3148148148148148,-0.03760368663594471,0.04518518518518516
664199,2019,90,2019-06-18,0.66,0.4,0.6716417910447762,0.3571428571428571,-0.01164179104477614,0.04285714285714293
664199,2019,120,2019-07-18,0.61,0.36,0.6354166666666666,0.3265306122448979,-0.025416666666666643,0.03346938775510211
668678,2019,120,2019-07-18,,,0.6052631578947368,0.4883720930232558,,
668678,2021,30,2021-05-01,,,0.5955056179775281,0.5625,,
668678,2021,60,2021-05-31,0.61,0.52,0.6173913043478261,0.5161290322580645,-0.007391304347826089,0.003870967741935516
668678,2021,90,2021-06-30,0.59,0.5,0.591715976331361,0.5227272727272727,-0.0017159763313610021,-0.022727272727272707
668678,2021,120,2021-07-30,0.6,0.44,0.6031746031746031,0.5,-0.0031746031746031633,-0.06
668678,2022,30,2022-05-07,,0.38,0.6049382716049383,0.3725490196078431,,0.007450980392156914
668678,2022,60,2022-06-06,0.57,0.34,0.5929203539823009,0.4173228346456692,-0.022920353982300967,-0.07732283464566919
668678,2022,90,2022-07-06,0.67,0.38,0.6183431952662722,0.385,0.0516568047337278,-0.0050000000000000044
668678,2022,120,2022-08-05,0.66,0.44,0.6263736263736264,0.4038461538461538,0.03362637362637366,0.0361538461538462
668678,2023,30,2023-04-29,0.71,0.68,0.6690140845070423,0.5666666666666667,0.040985915492957714,0.1133333333333334
668678,2023,60,2023-05-29,0.64,0.42,0.6616541353383458,0.5034013605442177,-0.021654135338345815,-0.0834013605442177
668678,2023,90,2023-06-28,0.62,0.42,0.6555819477434679,0.481981981981982,-0.0355819477434679,-0.061981981981982015
668678,2023,120,2023-07-28,0.74,0.46,0.6727605118829981,0.4913494809688581,0.06723948811700187,-0.03134948096885809
668678,2024,30,2024-04-27,0.46,0.52,0.4477611940298507,0.4729729729729729,0.012238805970149313,0.0470270270270271
668678,2024,60,2024-05-27,0.58,0.5,0.5064377682403434,0.4876033057851239,0.0735622317596566,0.012396694214876103
668678,2024,90,2024-06-26,0.58,0.48,0.5063829787234042,0.4836065573770491,0.07361702127659575,-0.0036065573770491244
668678,2024,120,2024-07-26,0.61,0.32,0.5516304347826086,0.4358974358974359,0.05836956521739134,-0.1158974358974359
668678,2025,30,2025-04-26,0.58,0.34,0.5734265734265734,0.4605263157894737,0.006573426573426522,-0.12052631578947365
668678,2025,60,2025-05-26,0.61,0.44,0.5880149812734082,0.4632352941176471,0.021985018726591754,-0.023235294117647076
668678,2025,90,2025-06-25,0.74,0.38,0.6430260047281324,0.4251207729468599,0.09697399527186756,-0.0451207729468599
668678,2025,120,2025-07-25,0.65,0.56,0.6443594646271511,0.4513618677042801,0.0056405353728489205,0.10863813229571995
668678,2026,30,2026-04-25,0.65,0.3,0.6333333333333333,0.2786885245901639,0.01666666666666672,0.021311475409836078
668678,2026,59,2026-05-22,0.69,0.36,0.6620370370370371,0.3090909090909091,0.027962962962962856,0.050909090909090904
670102,2024,30,2024-04-27,,,0.6617647058823529,0.5,,
670102,2024,60,2024-05-27,,,0.6617647058823529,0.5,,
670102,2024,90,2024-06-26,0.52,0.34,0.5597014925373134,0.417910447761194,-0.039701492537313365,-0.07791044776119399
670102,2024,120,2024-07-26,0.56,0.28,0.5838150289017341,0.3777777777777777,-0.023815028901734037,-0.09777777777777769
670102,2025,30,2025-04-26,0.66,0.38,0.6460176991150443,0.360655737704918,0.013982300884955778,0.019344262295082015
670102,2025,60,2025-05-26,0.58,0.36,0.6238532110091743,0.3539823008849557,-0.043853211009174387,0.006017699115044295
670912,2021,60,2021-05-31,,,0.4239130434782608,0.4,,
670912,2021,90,2021-06-30,0.68,0.28,0.5606060606060606,0.3469387755102041,0.1193939393939395,-0.06693877551020405
670912,2023,30,2023-04-29,0.61,0.48,0.6046511627906976,0.453125,0.005348837209302348,0.026874999999999982
670912,2023,60,2023-05-29,0.58,0.36,0.5887096774193549,0.4196428571428571,-0.008709677419354911,-0.05964285714285711
670912,2023,90,2023-06-28,0.54,0.46,0.5583756345177665,0.4247311827956989,-0.01837563451776647,0.03526881720430114
670912,2023,120,2023-07-28,0.58,0.42,0.5562015503875969,0.4150197628458498,0.023798449612403072,0.004980237154150191
674072,2023,30,2023-04-29,,,,,,
674072,2023,60,2023-05-29,0.61,0.32,0.5694444444444444,0.3,0.04055555555555557,0.020000000000000018
674072,2023,90,2023-06-28,0.62,0.36,0.5880149812734082,0.3416666666666667,0.03198501872659176,0.018333333333333313
674072,2024,30,2024-04-27,0.68,0.4,0.6842105263157895,0.375,-0.004210526315789442,0.025000000000000022
674072,2024,60,2024-05-27,0.68,0.36,0.6666666666666666,0.3333333333333333,0.01333333333333342,0.026666666666666672
675989,2026,30,2026-04-25,,,,,,
675989,2026,59,2026-05-22,,0.38,0.5104166666666666,0.4150943396226415,,-0.03509433962264147
676664,2022,90,2022-07-06,,,0.6271186440677966,0.2903225806451613,,
676664,2022,120,2022-08-05,,,0.6190476190476191,0.3488372093023256,,
676664,2023,30,2023-04-29,0.59,0.38,0.5963302752293578,0.3466666666666667,-0.006330275229357807,0.033333333333333326
676664,2023,60,2023-05-29,0.77,0.4,0.6756756756756757,0.3777777777777777,0.09432432432432436,0.02222222222222231
676664,2023,90,2023-06-28,0.61,0.42,0.6480446927374302,0.3721973094170404,-0.038044692737430164,0.047802690582959606
676664,2023,120,2023-07-28,0.63,0.36,0.6561844863731656,0.3701067615658363,-0.026184486373165616,-0.010106761565836286
676664,2024,30,2024-04-27,0.66,0.42,0.6691176470588235,0.3287671232876712,-0.009117647058823453,0.09123287671232877
676664,2024,60,2024-05-27,0.72,0.24,0.6761133603238867,0.3100775193798449,0.04388663967611328,-0.07007751937984491
676664,2024,90,2024-06-26,0.62,0.32,0.6565934065934066,0.3128491620111732,-0.0365934065934066,0.007150837988826819
676664,2024,120,2024-07-26,0.65,0.38,0.6528925619834711,0.3401639344262295,-0.002892561983471098,0.03983606557377051
676664,2025,30,2025-04-26,0.68,0.32,0.6837606837606838,0.365079365079365,-0.003760683760683725,-0.045079365079365
676664,2025,60,2025-05-26,0.59,0.32,0.6504424778761062,0.35,-0.06044247787610624,-0.02999999999999997
676664,2025,90,2025-06-25,0.54,0.36,0.6090651558073654,0.3333333333333333,-0.06906515580736539,0.026666666666666672
676664,2025,120,2025-07-25,0.6,0.48,0.6065934065934065,0.364,-0.00659340659340657,0.11599999999999999
677958,2025,30,2025-04-26,,,0.5789473684210527,0.3555555555555555,,
677958,2025,60,2025-05-26,,,0.5789473684210527,0.3555555555555555,,
677958,2025,90,2025-06-25,0.62,0.46,0.5987261146496815,0.3974358974358974,0.02127388535031849,0.06256410256410261
677958,2025,120,2025-07-25,0.59,0.36,0.5894308943089431,0.3809523809523809,0.0005691056910568371,-0.02095238095238089
677958,2026,30,2026-04-25,,,0.5111111111111111,0.4222222222222222,,
677958,2026,59,2026-05-22,0.54,0.38,0.5309278350515464,0.3978494623655914,0.009072164948453643,-0.017849462365591373
679883,2026,59,2026-05-22,,,0.5125,0.3877551020408163,,
681517,2026,30,2026-04-25,0.55,0.3,0.5495495495495496,0.2830188679245283,0.00045045045045044585,0.016981132075471694
681517,2026,59,2026-05-22,0.59,0.36,0.5707317073170731,0.3269230769230769,0.019268292682926846,0.03307692307692306
682051,2022,120,2022-08-05,0.66,0.18,0.6428571428571429,0.2075471698113207,0.017142857142857126,-0.027547169811320715
682990,2023,120,2023-07-28,,,,,,
682990,2024,30,2024-04-27,,,,,,
682990,2024,60,2024-05-27,0.55,0.34,0.5365853658536586,0.34,0.013414634146341475,0.0
682990,2024,90,2024-06-26,0.56,0.34,0.5310344827586206,0.3278688524590163,0.028965517241379413,0.012131147540983711
682990,2024,120,2024-07-26,0.6,0.36,0.5524861878453039,0.3493975903614458,0.04751381215469608,0.010602409638554189
682990,2025,30,2025-04-26,,,0.5764705882352941,0.2857142857142857,,
682990,2025,60,2025-05-26,0.61,0.4,0.5927835051546392,0.3444444444444444,0.017216494845360808,0.055555555555555636
682990,2025,90,2025-06-25,0.75,0.32,0.6466666666666666,0.3265306122448979,0.10333333333333339,-0.006530612244897871
682990,2025,120,2025-07-25,0.64,0.64,0.65,0.4097560975609756,-0.010000000000000009,0.23024390243902443
686701,2025,90,2025-06-25,0.63,0.38,0.6036036036036037,0.3898305084745763,0.02639639639639635,-0.009830508474576283
686701,2025,120,2025-07-25,0.64,0.5,0.6153846153846154,0.4225352112676056,0.024615384615384595,0.07746478873239437
687223,2025,60,2025-05-26,,,0.5303030303030303,,,
687223,2025,90,2025-06-25,0.57,0.32,0.5306122448979592,0.2972972972972973,0.039387755102040733,0.022702702702702693
687223,2025,120,2025-07-25,0.57,0.32,0.5306122448979592,0.2972972972972973,0.039387755102040733,0.022702702702702693
687830,2025,90,2025-06-25,,,0.7083333333333334,0.3428571428571428,,
687830,2025,120,2025-07-25,,,0.7021276595744681,0.3777777777777777,,
687922,2025,30,2025-04-26,,,0.7066666666666667,0.4871794871794871,,
687922,2025,60,2025-05-26,,,0.7066666666666667,0.4871794871794871,,
687922,2025,90,2025-06-25,,,0.6989247311827957,0.4583333333333333,,
687922,2025,120,2025-07-25,,,0.6989247311827957,0.4583333333333333,,
691799,2026,59,2026-05-22,0.62,0.56,0.6095238095238096,0.5277777777777778,0.010476190476190417,0.03222222222222226
695076,2026,30,2026-04-25,0.57,0.32,0.5677966101694916,0.3103448275862069,0.0022033898305083843,0.0096551724137931
695076,2026,59,2026-05-22,0.52,0.32,0.5329341317365269,0.3176470588235294,-0.01293413173652691,0.002352941176470613
695505,2025,120,2025-07-25,0.6,0.58,0.6039603960396039,0.6140350877192983,-0.003960396039603964,-0.03403508771929831
695505,2026,30,2026-04-25,0.62,0.42,0.6036036036036037,0.4761904761904761,0.01639639639639634,-0.056190476190476124
695505,2026,59,2026-05-22,0.59,0.52,0.5947136563876652,0.5161290322580645,-0.004713656387665188,0.003870967741935516
696149,2026,30,2026-04-25,0.62,0.34,0.6111111111111112,0.375,0.008888888888888835,-0.034999999999999976
696149,2026,59,2026-05-22,0.6,0.4,0.6084905660377359,0.4051724137931034,-0.008490566037735903,-0.005172413793103403
433587,2018,30,2018-04-28,0.61,0.42,0.5928571428571429,0.3823529411764705,0.017142857142857126,0.03764705882352948
433587,2018,60,2018-05-28,0.65,0.36,0.6133828996282528,0.3759398496240601,0.03661710037174726,-0.015939849624060087
433587,2018,90,2018-06-27,0.6,0.46,0.6187050359712231,0.3910891089108911,-0.018705035971223083,0.06891089108910892
433587,2018,120,2018-07-27,0.59,0.38,0.621900826446281,0.3875,-0.031900826446281005,-0.007500000000000007
433587,2019,30,2019-04-19,,,0.7228915662650602,0.3095238095238095,,
433587,2019,60,2019-05-19,0.75,0.44,0.735632183908046,0.3863636363636363,0.014367816091954033,0.053636363636363704
433587,2019,90,2019-06-18,0.75,0.44,0.735632183908046,0.3863636363636363,0.014367816091954033,0.053636363636363704
433587,2019,120,2019-07-18,0.75,0.44,0.735632183908046,0.3863636363636363,0.014367816091954033,0.053636363636363704
458708,2018,30,2018-04-28,,,0.5606060606060606,0.21875,,
458708,2018,60,2018-05-28,0.62,0.3,0.5962732919254659,0.2567567567567567,0.023726708074534142,0.0432432432432433
458708,2018,90,2018-06-27,0.66,0.34,0.6119402985074627,0.2903225806451613,0.048059701492537354,0.049677419354838714
458708,2018,120,2018-07-27,0.66,0.32,0.6177777777777778,0.2830188679245283,0.04222222222222227,0.03698113207547171
488768,2018,30,2018-04-28,0.59,0.44,0.5666666666666667,0.4558823529411764,0.023333333333333317,-0.015882352941176403
488768,2018,60,2018-05-28,0.59,0.34,0.5745454545454546,0.4,0.015454545454545388,-0.06
488768,2018,90,2018-06-27,0.49,0.36,0.5543478260869565,0.3869047619047619,-0.06434782608695655,-0.02690476190476193
488768,2018,120,2018-07-27,0.61,0.3,0.5644171779141104,0.3624454148471616,0.045582822085889596,-0.062445414847161596
488768,2019,30,2019-04-19,0.59,0.22,0.6090909090909091,0.2363636363636363,-0.01909090909090916,-0.016363636363636302
488768,2019,60,2019-05-19,0.59,0.52,0.5942028985507246,0.3653846153846153,-0.004202898550724643,0.1546153846153847
488768,2019,90,2019-06-18,0.52,0.2,0.5657492354740061,0.31875,-0.04574923547400611,-0.11874999999999997
488768,2019,120,2019-07-18,0.47,0.32,0.5435294117647059,0.3235294117647059,-0.07352941176470595,-0.003529411764705892
489334,2021,30,2021-05-01,,,0.6323529411764706,0.5135135135135135,,
489334,2021,60,2021-05-31,0.62,0.54,0.6,0.5362318840579711,0.020000000000000018,0.003768115942028971
489334,2021,90,2021-06-30,0.66,0.52,0.6344086021505376,0.5104166666666666,0.025591397849462405,0.009583333333333388
489334,2021,120,2021-07-30,0.74,0.46,0.6694915254237288,0.5084745762711864,0.07050847457627119,-0.0484745762711864
502188,2018,30,2018-04-28,,,,,,
502188,2018,60,2018-05-28,0.57,0.22,0.56875,0.2875,0.0012499999999999734,-0.06749999999999998
502188,2018,90,2018-06-27,0.55,0.24,0.5662650602409639,0.2926829268292683,-0.016265060240963858,-0.052682926829268284
502188,2019,30,2019-04-19,,,0.632183908045977,0.425531914893617,,
502188,2019,60,2019-05-19,0.67,0.28,0.656084656084656,0.3541666666666667,0.013915343915343992,-0.07416666666666666
502188,2019,90,2019-06-18,0.58,0.34,0.6346153846153846,0.3546511627906977,-0.05461538461538462,-0.01465116279069767
502188,2019,120,2019-07-18,0.62,0.42,0.6193693693693694,0.3787234042553191,0.0006306306306306242,0.0412765957446809
502624,2018,30,2018-04-28,0.65,0.26,0.6058394160583942,0.3150684931506849,0.044160583941605824,-0.055068493150684905
502624,2018,60,2018-05-28,0.74,0.32,0.6521739130434783,0.3166666666666666,0.08782608695652172,0.0033333333333334103
502624,2018,90,2018-06-27,0.53,0.48,0.6112759643916914,0.3641618497109826,-0.08127596439169138,0.1158381502890174
502624,2018,120,2018-07-27,0.65,0.3,0.6252676659528907,0.3450980392156862,0.024732334047109283,-0.045098039215686225
502624,2019,60,2019-05-19,0.58,0.38,0.5841584158415841,0.4310344827586206,-0.004158415841584162,-0.0510344827586206
502624,2019,90,2019-06-18,0.65,0.42,0.6176470588235294,0.4117647058823529,0.032352941176470584,0.008235294117647063
502624,2019,120,2019-07-18,0.62,0.32,0.6310975609756098,0.38860103626943,-0.011097560975609766,-0.06860103626942998
502624,2021,30,2021-05-01,,0.32,0.6326530612244898,0.3220338983050847,,-0.0020338983050847137
502624,2021,60,2021-05-31,0.58,0.32,0.5965909090909091,0.3052631578947368,-0.0165909090909091,0.014736842105263215
502624,2021,90,2021-06-30,0.58,0.32,0.5965909090909091,0.3052631578947368,-0.0165909090909091,0.014736842105263215
502624,2021,120,2021-07-30,0.56,0.3,0.592964824120603,0.3148148148148148,-0.032964824120602976,-0.014814814814814836
502624,2023,60,2023-05-29,,,0.6,0.3225806451612903,,
502624,2023,90,2023-06-28,0.45,0.36,0.5271739130434783,0.3294117647058823,-0.07717391304347826,0.030588235294117694
502624,2023,120,2023-07-28,0.64,0.36,0.5634328358208955,0.3636363636363636,0.07656716417910447,-0.0036363636363636043
519144,2018,30,2018-04-28,0.68,0.46,0.6875,0.463768115942029,-0.007499999999999951,-0.003768115942028971
519144,2018,60,2018-05-28,0.6,0.38,0.6512455516014235,0.4333333333333333,-0.05124555160142352,-0.05333333333333329
519144,2018,90,2018-06-27,0.72,0.44,0.6704288939051919,0.4285714285714285,0.04957110609480808,0.01142857142857151
519144,2018,120,2018-07-27,0.64,0.48,0.6654343807763401,0.4384057971014493,-0.025434380776340082,0.0415942028985507
519144,2019,30,2019-04-19,,,0.6521739130434783,0.3225806451612903,,
519144,2019,60,2019-05-19,0.65,0.38,0.6741071428571429,0.3675213675213675,-0.024107142857142883,0.012478632478632512
519144,2019,90,2019-06-18,0.68,0.38,0.6789473684210526,0.3681592039800995,0.001052631578947416,0.011840796019900512
519144,2019,120,2019-07-18,0.64,0.22,0.6751592356687898,0.3401639344262295,-0.03515923566878976,-0.1201639344262295
543001,2018,60,2018-05-28,,,,,,
543001,2018,90,2018-06-27,,,0.5166666666666667,0.1935483870967742,,
543001,2018,120,2018-07-27,,,0.5166666666666667,0.1935483870967742,,
543001,2019,60,2019-05-19,,,,,,
543001,2019,90,2019-06-18,0.64,0.34,0.6242038216560509,0.3387096774193548,0.015796178343949085,0.001290322580645209
543022,2018,30,2018-04-28,,,0.5714285714285714,0.4693877551020408,,
543022,2018,60,2018-05-28,0.51,0.42,0.5225225225225225,0.44,-0.012522522522522506,-0.020000000000000018
543022,2018,90,2018-06-27,0.51,0.38,0.5158227848101266,0.4183006535947712,-0.005822784810126547,-0.038300653594771195
543022,2018,120,2018-07-27,0.47,0.32,0.5068181818181818,0.3961352657004831,-0.03681818181818186,-0.07613526570048307
543022,2019,120,2019-07-18,0.52,0.42,0.5202020202020202,0.3956043956043956,-0.00020202020202020332,0.024395604395604398
543101,2018,90,2018-06-27,,,0.6195652173913043,0.391304347826087,,
543101,2018,120,2018-07-27,0.61,0.44,0.6177777777777778,0.417391304347826,-0.007777777777777772,0.022608695652173993
543101,2019,30,2019-04-19,,,0.5238095238095238,0.5116279069767442,,
543101,2019,60,2019-05-19,0.63,0.46,0.5885416666666666,0.494949494949495,0.041458333333333375,-0.03494949494949495
543101,2019,90,2019-06-18,0.53,0.32,0.5733333333333334,0.435064935064935,-0.043333333333333335,-0.11506493506493498
543101,2019,120,2019-07-18,0.62,0.56,0.5786802030456852,0.4673366834170854,0.04131979695431476,0.09266331658291466
543101,2021,30,2021-05-01,0.69,0.52,0.6619718309859155,0.4925373134328358,0.028028169014084447,0.02746268656716422
543101,2021,60,2021-05-31,0.67,0.36,0.6573705179282868,0.4308943089430894,0.012629482071713216,-0.0708943089430894
543101,2021,90,2021-06-30,0.66,0.5,0.6666666666666666,0.4497354497354497,-0.006666666666666599,0.05026455026455029
543101,2021,120,2021-07-30,0.66,0.44,0.6625514403292181,0.4516129032258064,-0.0025514403292180576,-0.011612903225806381
543101,2022,30,2022-05-07,,,0.5238095238095238,,,
543101,2022,60,2022-06-06,,,0.5238095238095238,,,
543101,2023,30,2023-04-29,0.65,0.46,0.6324786324786325,0.4426229508196721,0.01752136752136757,0.017377049180327897
543101,2023,60,2023-05-29,0.59,0.38,0.6176470588235294,0.3951612903225806,-0.02764705882352947,-0.015161290322580623
543101,2023,90,2023-06-28,0.61,0.38,0.6196808510638298,0.3833333333333333,-0.009680851063829765,-0.0033333333333332993
554430,2018,30,2018-04-28,,,0.6944444444444444,0.3243243243243243,,
554430,2018,60,2018-05-28,0.65,0.56,0.6444444444444445,0.4416666666666666,0.005555555555555536,0.11833333333333346
554430,2018,90,2018-06-27,0.63,0.4,0.631578947368421,0.4114832535885167,-0.0015789473684210131,-0.011483253588516651
554430,2018,120,2018-07-27,0.68,0.4,0.640495867768595,0.4022140221402214,0.03950413223140503,-0.0022140221402213722
554430,2019,30,2019-04-19,0.57,0.34,0.5784313725490197,0.3666666666666666,-0.008431372549019711,-0.02666666666666656
554430,2019,60,2019-05-19,0.7,0.54,0.6434426229508197,0.4705882352941176,0.05655737704918029,0.06941176470588245
554430,2019,90,2019-06-18,0.68,0.46,0.6601466992665037,0.4557522123893805,0.019853300733496337,0.004247787610619502
554430,2019,120,2019-07-18,0.62,0.46,0.650887573964497,0.4626334519572954,-0.03088757396449704,-0.002633451957295363
554430,2021,30,2021-05-01,0.64,0.46,0.5961538461538461,0.4767441860465116,0.04384615384615387,-0.016744186046511567
554430,2021,60,2021-05-31,0.72,0.74,0.6541095890410958,0.5575757575757576,0.06589041095890413,0.18242424242424238
554430,2021,90,2021-06-30,0.67,0.54,0.6515513126491647,0.5531914893617021,0.01844868735083538,-0.013191489361702113
554430,2021,120,2021-07-30,0.63,0.46,0.6564748201438849,0.5394736842105263,-0.026474820143884914,-0.07947368421052631
554430,2022,30,2022-05-07,0.68,0.44,0.6936936936936937,0.423728813559322,-0.013693693693693665,0.016271186440677987
554430,2022,60,2022-06-06,0.63,0.56,0.680672268907563,0.4962962962962963,-0.050672268907563045,0.06370370370370376
554430,2022,90,2022-07-06,0.69,0.44,0.6778711484593838,0.4805825242718446,0.012128851540616159,-0.04058252427184461
554430,2022,120,2022-08-05,0.66,0.44,0.675,0.4708029197080292,-0.015000000000000013,-0.030802919708029175
554430,2023,30,2023-04-29,0.66,0.46,0.6214285714285714,0.4555555555555555,0.03857142857142859,0.004444444444444529
554430,2023,60,2023-05-29,0.62,0.5,0.6386861313868614,0.4550898203592814,-0.01868613138686137,0.044910179640718584
554430,2023,90,2023-06-28,0.59,0.44,0.6212121212121212,0.4472573839662447,-0.031212121212121247,-0.0072573839662447015
554430,2023,120,2023-07-28,0.72,0.62,0.6391554702495201,0.4801324503311258,0.08084452975047984,0.1398675496688742
554430,2024,30,2024-04-27,0.67,0.52,0.6891891891891891,0.4946236559139785,-0.019189189189189104,0.02537634408602152
554430,2024,60,2024-05-27,0.67,0.46,0.6776556776556777,0.4720496894409938,-0.007655677655677651,-0.012049689440993772
554430,2024,90,2024-06-26,0.56,0.42,0.6522842639593909,0.4649122807017544,-0.09228426395939082,-0.0449122807017544
554430,2024,120,2024-07-26,0.62,0.46,0.645748987854251,0.4680851063829787,-0.02574898785425106,-0.008085106382978657
554430,2025,30,2025-04-26,0.58,0.6,0.6013513513513513,0.5617977528089888,-0.021351351351351355,0.038202247191011174
554430,2025,60,2025-05-26,0.61,0.52,0.6074074074074074,0.5534591194968553,0.002592592592592591,-0.033459119496855316
554430,2025,90,2025-06-25,0.64,0.54,0.609375,0.5338983050847458,0.030625000000000013,0.006101694915254252
554430,2025,120,2025-07-25,0.54,0.62,0.5963488843813387,0.5521885521885522,-0.05634888438133867,0.06781144781144777
554430,2026,59,2026-05-22,0.66,0.48,0.6666666666666666,0.4838709677419355,-0.006666666666666599,-0.003870967741935516
571945,2018,30,2018-04-28,0.68,0.42,0.6590909090909091,0.4029850746268656,0.020909090909090988,0.01701492537313437
571945,2018,60,2018-05-28,0.73,0.36,0.7049808429118773,0.3834586466165413,0.025019157088122634,-0.02345864661654129
571945,2018,90,2018-06-27,0.78,0.36,0.7317708333333334,0.3659793814432989,0.048229166666666656,-0.005979381443298903
571945,2018,120,2018-07-27,0.63,0.32,0.7071713147410359,0.350597609561753,-0.07717131474103589,-0.030597609561753003
571945,2019,30,2019-04-19,,0.22,0.6344086021505376,0.22,,0.0
571945,2019,60,2019-05-19,0.69,0.38,0.670995670995671,0.3083333333333333,0.019004329004328913,0.07166666666666671
571945,2019,90,2019-06-18,0.69,0.32,0.6752873563218391,0.3296703296703296,0.01471264367816083,-0.009670329670329603
571945,2019,120,2019-07-18,0.64,0.34,0.6674107142857143,0.3333333333333333,-0.027410714285714288,0.00666666666666671
571945,2022,30,2022-05-07,0.63,0.38,0.6737588652482269,0.3684210526315789,-0.04375886524822692,0.011578947368421078
571945,2022,60,2022-06-06,0.75,0.36,0.6888888888888889,0.3469387755102041,0.061111111111111116,0.013061224489795908
571945,2022,90,2022-07-06,0.5,0.36,0.6398104265402843,0.3640350877192982,-0.1398104265402843,-0.004035087719298225
571945,2022,120,2022-08-05,0.58,0.36,0.6225045372050817,0.363013698630137,-0.04250453720508174,-0.0030136986301370072
571945,2023,30,2023-04-29,0.63,0.38,0.6533333333333333,0.3972602739726027,-0.023333333333333317,-0.017260273972602713
571945,2023,60,2023-05-29,0.66,0.22,0.6457564575645757,0.3333333333333333,0.014243542435424361,-0.11333333333333331
571945,2023,90,2023-06-28,0.68,0.22,0.6689655172413793,0.330188679245283,0.011034482758620734,-0.110188679245283
571945,2023,120,2023-07-28,0.71,0.3,0.6733576642335767,0.3185185185185185,0.036642335766423284,-0.01851851851851849
571945,2024,30,2024-04-27,0.59,0.4,0.6474820143884892,0.3968253968253968,-0.05748201438848921,0.003174603174603219
571945,2024,60,2024-05-27,0.76,0.34,0.7103174603174603,0.36,0.04968253968253966,-0.019999999999999962
571945,2024,90,2024-06-26,0.66,0.4,0.7010869565217391,0.3701657458563536,-0.041086956521739104,0.029834254143646433
571945,2024,120,2024-07-26,0.68,0.24,0.6987704918032787,0.3361344537815126,-0.01877049180327861,-0.09613445378151259
571945,2025,30,2025-04-26,0.72,,0.7102803738317757,0.2826086956521739,0.009719626168224305,
571945,2025,60,2025-05-26,0.6,0.36,0.6682242990654206,0.3297872340425531,-0.0682242990654206,0.030212765957446874
571945,2025,90,2025-06-25,0.75,0.32,0.6960486322188449,0.320754716981132,0.05395136778115506,-0.0007547169811319976
571945,2025,120,2025-07-25,0.75,0.32,0.7093821510297483,0.3286384976525822,0.04061784897025167,-0.008638497652582178
571945,2026,30,2026-04-25,0.71,,0.6964285714285714,0.3404255319148936,0.013571428571428568,
571945,2026,59,2026-05-22,0.58,0.3,0.6470588235294118,0.3163265306122449,-0.06705882352941184,-0.016326530612244927
571946,2019,30,2019-04-19,,,0.5254237288135594,,,
572140,2018,30,2018-04-28,0.69,0.28,0.6810344827586207,0.3157894736842105,0.008965517241379284,-0.03578947368421048
572140,2018,60,2018-05-28,0.55,0.54,0.6235294117647059,0.4324324324324324,-0.07352941176470584,0.10756756756756763
572140,2018,90,2018-06-27,0.7,0.5,0.6462395543175488,0.4471153846153846,0.0537604456824512,0.05288461538461542
572140,2018,120,2018-07-27,0.59,0.48,0.6349557522123894,0.4541832669322709,-0.044955752212389455,0.02581673306772908
572140,2019,30,2019-04-19,,,0.5967741935483871,0.3783783783783784,,
572140,2019,60,2019-05-19,0.59,0.38,0.5888888888888889,0.392156862745098,0.0011111111111110628,-0.012156862745097974
572140,2019,90,2019-06-18,0.64,0.46,0.610738255033557,0.4268292682926829,0.02926174496644296,0.0331707317073171
579328,2019,30,2019-04-19,0.59,0.34,0.5714285714285714,0.3174603174603174,0.018571428571428572,0.022539682539682637
579328,2019,60,2019-05-19,0.66,0.48,0.5942622950819673,0.3858267716535433,0.06573770491803277,0.0941732283464567
579328,2019,90,2019-06-18,0.61,0.26,0.598314606741573,0.3428571428571428,0.01168539325842699,-0.0828571428571428
579328,2019,120,2019-07-18,0.57,0.34,0.5920177383592018,0.3408071748878923,-0.022017738359201844,-0.0008071748878922813
579328,2021,30,2021-05-01,0.61,0.3,0.6370967741935484,0.4090909090909091,-0.02709677419354839,-0.10909090909090913
579328,2021,60,2021-05-31,0.68,0.4,0.657258064516129,0.4388489208633093,0.022741935483871045,-0.038848920863309266
579328,2021,90,2021-06-30,0.58,0.5,0.6334310850439883,0.4578947368421052,-0.0534310850439883,0.04210526315789481
579328,2021,120,2021-07-30,0.64,0.58,0.6266094420600858,0.4787644787644787,0.013390557939914172,0.10123552123552126
579328,2022,30,2022-05-07,,0.38,0.5161290322580645,0.3508771929824561,,0.029122807017543884
579328,2022,60,2022-06-06,0.57,0.48,0.545,0.4273504273504273,0.02499999999999991,0.05264957264957271
579328,2022,90,2022-07-06,0.55,0.46,0.5488215488215489,0.4397590361445783,0.0011784511784511675,0.020240963855421734
579328,2022,120,2022-08-05,0.59,0.5,0.5632530120481928,0.4462365591397849,0.02674698795180719,0.05376344086021512
579328,2023,30,2023-04-29,0.53,0.48,0.5233644859813084,0.4242424242424242,0.006635514018691668,0.055757575757575784
579328,2023,60,2023-05-29,0.6,0.36,0.5610859728506787,0.3902439024390244,0.03891402714932124,-0.030243902439024417
579328,2023,90,2023-06-28,0.65,0.5,0.5885714285714285,0.4207920792079208,0.0614285714285715,0.07920792079207922
579328,2023,120,2023-07-28,0.59,0.48,0.5869565217391305,0.4393939393939394,0.003043478260869481,0.04060606060606059
579328,2024,30,2024-04-27,0.65,0.4,0.6231884057971014,0.4186046511627907,0.02681159420289858,-0.018604651162790697
579328,2024,60,2024-05-27,0.71,0.4,0.6535433070866141,0.4178082191780822,0.05645669291338584,-0.017808219178082174
579328,2024,90,2024-06-26,0.61,0.42,0.6396648044692738,0.4154589371980676,-0.029664804469273776,0.004541062801932394
579328,2024,120,2024-07-26,0.65,0.52,0.644,0.4482758620689655,0.006000000000000005,0.07172413793103449
579328,2025,30,2025-04-26,0.59,0.34,0.5785714285714286,0.380281690140845,0.011428571428571344,-0.04028169014084498
579328,2025,60,2025-05-26,0.71,0.4,0.6360153256704981,0.381294964028777,0.07398467432950184,0.018705035971223027
579328,2025,90,2025-06-25,0.62,0.64,0.6204379562043796,0.4311111111111111,-0.00043795620437958593,0.2088888888888889
579328,2025,120,2025-07-25,0.67,0.42,0.6318785578747628,0.4222972972972973,0.03812144212523727,-0.0022972972972973293
579328,2026,30,2026-04-25,0.63,0.44,0.6240601503759399,0.4324324324324324,0.005939849624060134,0.007567567567567601
579328,2026,59,2026-05-22,0.63,0.44,0.6267605633802817,0.4230769230769231,0.003239436619718261,0.01692307692307693
592791,2018,30,2018-04-28,0.59,0.38,0.6018518518518519,0.4,-0.011851851851851891,-0.020000000000000018
592791,2018,60,2018-05-28,0.63,0.5,0.610655737704918,0.4090909090909091,0.019344262295082015,0.09090909090909088
592791,2018,90,2018-06-27,0.61,0.4,0.6199460916442049,0.415,-0.009946091644204902,-0.014999999999999958
592791,2018,120,2018-07-27,0.7,0.54,0.6356275303643725,0.4351145038167939,0.06437246963562748,0.10488549618320614
592791,2019,30,2019-04-19,,,0.7191011235955056,0.3777777777777777,,
592791,2021,30,2021-05-01,,0.4,0.6526315789473685,0.4328358208955223,,-0.03283582089552228
592791,2021,60,2021-05-31,0.53,0.46,0.5862068965517241,0.4263565891472868,-0.05620689655172406,0.03364341085271322
592791,2021,90,2021-06-30,0.65,0.36,0.6072607260726073,0.4101123595505618,0.04273927392739274,-0.050112359550561814
592791,2021,120,2021-07-30,0.67,0.32,0.6258823529411764,0.4016393442622951,0.044117647058823595,-0.08163934426229508
592791,2022,30,2022-05-07,0.66,0.4,0.6761904761904762,0.4038461538461538,-0.0161904761904762,-0.003846153846153777
592791,2022,60,2022-06-06,0.62,0.38,0.62882096069869,0.4036697247706422,-0.008820960698689984,-0.02366972477064222
592791,2022,90,2022-07-06,0.68,0.4,0.6549865229110512,0.3936170212765957,0.025013477088948854,0.00638297872340432
592791,2022,120,2022-08-05,0.58,0.42,0.638477801268499,0.3951612903225806,-0.058477801268499,0.024838709677419357
592791,2023,30,2023-04-29,,,0.6935483870967742,,,
592791,2023,60,2023-05-29,0.74,0.5,0.7074829931972789,0.5,0.03251700680272107,0.0
592791,2023,90,2023-06-28,0.64,0.3,0.6793893129770993,0.4045801526717557,-0.039389312977099245,-0.10458015267175569
592791,2023,120,2023-07-28,0.73,0.38,0.6925207756232687,0.3945945945945946,0.037479224376731235,-0.014594594594594612
592791,2024,30,2024-04-27,,,,,,
592791,2024,60,2024-05-27,0.63,0.28,0.7012195121951219,0.2941176470588235,-0.0712195121951219,-0.014117647058823457
592791,2024,90,2024-06-26,0.65,0.52,0.6955017301038062,0.3706293706293706,-0.045501730103806204,0.1493706293706294
592791,2024,120,2024-07-26,0.58,0.44,0.6674816625916871,0.3842364532019704,-0.0874816625916871,0.055763546798029584
592791,2025,30,2025-04-26,0.75,0.42,0.75,0.3692307692307692,0.0,0.05076923076923079
592791,2025,60,2025-05-26,0.75,0.38,0.7233201581027668,0.3669064748201439,0.02667984189723316,0.013093525179856125
592791,2025,90,2025-06-25,0.57,0.34,0.6875,0.3517587939698492,-0.11750000000000005,-0.01175879396984919
592791,2025,120,2025-07-25,0.54,0.3,0.6812339331619537,0.3425925925925926,-0.14123393316195365,-0.042592592592592626
592791,2026,30,2026-04-25,0.55,0.48,0.5299145299145299,0.4310344827586206,0.020085470085470125,0.048965517241379375
592791,2026,59,2026-05-22,0.62,0.34,0.5683760683760684,0.3983050847457627,0.05162393162393164,-0.05830508474576268
592826,2018,30,2018-04-28,0.57,0.5,0.5714285714285714,0.4615384615384615,-0.0014285714285714457,0.03846153846153849
592826,2018,60,2018-05-28,0.56,0.5,0.573170731707317,0.4794520547945205,-0.013170731707316974,0.02054794520547948
592826,2018,90,2018-06-27,0.54,0.5,0.5737704918032787,0.4952380952380952,-0.033770491803278624,0.0047619047619048005
592826,2018,120,2018-07-27,0.56,0.42,0.5657276995305164,0.4816326530612245,-0.005727699530516328,-0.06163265306122451
592826,2019,30,2019-04-19,,,0.5294117647058824,0.4324324324324324,,
592826,2019,60,2019-05-19,0.56,0.46,0.5267175572519084,0.4324324324324324,0.03328244274809167,0.02756756756756762
592826,2019,90,2019-06-18,0.61,0.44,0.5691489361702128,0.4537037037037037,0.040851063829787204,-0.013703703703703718
592826,2019,120,2019-07-18,0.63,0.52,0.582089552238806,0.4635761589403973,0.04791044776119402,0.05642384105960274
592826,2021,30,2021-05-01,,,0.6065573770491803,0.5,,
592826,2021,60,2021-05-31,0.6,0.48,0.5988372093023255,0.4848484848484848,0.0011627906976744429,-0.004848484848484824
592826,2021,90,2021-06-30,0.58,0.38,0.5897435897435898,0.4493670886075949,-0.009743589743589798,-0.06936708860759488
592826,2021,120,2021-07-30,0.63,0.28,0.6060606060606061,0.4086538461538461,0.023939393939393927,-0.12865384615384606
592826,2022,30,2022-05-07,0.55,0.38,0.55,0.3684210526315789,0.0,0.011578947368421078
592826,2022,60,2022-06-06,0.65,0.36,0.5886075949367089,0.3793103448275862,0.06139240506329113,-0.0193103448275862
592826,2022,90,2022-07-06,0.6,0.38,0.5756097560975609,0.3716814159292035,0.024390243902439046,0.008318584070796498
592826,2022,120,2022-08-05,0.6,0.38,0.5756097560975609,0.3716814159292035,0.024390243902439046,0.008318584070796498
592826,2023,30,2023-04-29,0.63,0.48,0.6204379562043796,0.4444444444444444,0.009562043795620423,0.03555555555555556
605164,2018,30,2018-04-28,0.64,0.5,0.6193548387096774,0.5176470588235295,0.020645161290322567,-0.01764705882352946
605164,2018,60,2018-05-28,0.66,0.52,0.6353383458646616,0.4904458598726114,0.024661654135338384,0.029554140127388606
605164,2018,90,2018-06-27,0.61,0.42,0.6325,0.48,-0.022499999999999964,-0.06
605164,2018,120,2018-07-27,0.66,0.34,0.6277056277056277,0.453125,0.032294372294372375,-0.11312499999999998
605164,2019,30,2019-04-19,,0.38,0.6538461538461539,0.3928571428571428,,-0.01285714285714279
605164,2019,60,2019-05-19,0.57,0.4,0.6,0.3884297520661157,-0.030000000000000027,0.011570247933884337
605164,2019,90,2019-06-18,0.53,0.48,0.5740740740740741,0.4171122994652406,-0.04407407407407404,0.0628877005347594
605164,2019,120,2019-07-18,0.65,0.38,0.5925925925925926,0.405857740585774,0.05740740740740746,-0.025857740585774003
605164,2021,30,2021-05-01,0.64,0.46,0.6451612903225806,0.5074626865671642,-0.005161290322580614,-0.04746268656716418
605164,2021,60,2021-05-31,0.56,0.34,0.6036036036036037,0.4453781512605042,-0.0436036036036036,-0.10537815126050415
605164,2021,90,2021-06-30,0.58,0.26,0.5972696245733788,0.39375,-0.017269624573378883,-0.13374999999999998
605164,2021,120,2021-07-30,0.54,0.32,0.5835866261398176,0.3954802259887006,-0.043586626139817564,-0.07548022598870058
605164,2022,30,2022-05-07,0.65,0.42,0.6542056074766355,0.4074074074074074,-0.004205607476635453,0.0125925925925926
605164,2022,60,2022-06-06,0.73,0.34,0.6878306878306878,0.3789473684210526,0.04216931216931219,-0.038947368421052564
605164,2022,90,2022-07-06,0.68,0.34,0.6801346801346801,0.363013698630137,-0.00013468013468009854,-0.02301369863013697
605164,2022,120,2022-08-05,0.65,0.32,0.6745406824146981,0.3487179487179487,-0.02454068241469809,-0.028717948717948694
605483,2018,30,2018-04-28,0.53,0.54,0.5289855072463768,0.4823529411764706,0.0010144927536231974,0.05764705882352944
605483,2018,60,2018-05-28,0.6,0.44,0.5546875,0.4693877551020408,0.04531249999999998,-0.02938775510204078
605483,2018,90,2018-06-27,0.52,0.5,0.543424317617866,0.4934497816593886,-0.02342431761786601,0.0065502183406114245
605483,2018,120,2018-07-27,0.51,0.54,0.5347368421052632,0.4962962962962963,-0.024736842105263168,0.043703703703703745
605483,2019,30,2019-04-19,,0.66,0.6444444444444445,0.6101694915254238,,0.04983050847457626
605483,2019,60,2019-05-19,0.71,0.62,0.6789473684210526,0.5819672131147541,0.03105263157894733,0.03803278688524592
605483,2019,90,2019-06-18,0.59,0.44,0.6503267973856209,0.531578947368421,-0.06032679738562097,-0.09157894736842104
605483,2019,120,2019-07-18,0.65,0.48,0.6548223350253807,0.5080645161290323,-0.004822335025380653,-0.02806451612903227
605483,2021,30,2021-05-01,0.59,0.48,0.5641025641025641,0.5362318840579711,0.025897435897435872,-0.05623188405797108
605483,2021,60,2021-05-31,0.53,0.56,0.5504587155963303,0.5343511450381679,-0.02045871559633028,0.025648854961832113
605483,2021,90,2021-06-30,0.54,0.42,0.5529801324503312,0.5056179775280899,-0.012980132450331139,-0.08561797752808992
605483,2021,120,2021-07-30,0.55,0.34,0.5532467532467532,0.4748858447488584,-0.0032467532467531646,-0.1348858447488584
605483,2022,60,2022-06-06,,,0.5833333333333334,0.4680851063829787,,
605483,2022,90,2022-07-06,0.64,0.48,0.6166666666666667,0.4901960784313725,0.023333333333333317,-0.01019607843137249
605483,2022,120,2022-08-05,0.58,0.48,0.615916955017301,0.5,-0.03591695501730108,-0.020000000000000018
605483,2023,30,2023-04-29,0.5,0.4,0.4862385321100917,0.4333333333333333,0.013761467889908285,-0.03333333333333327
605483,2023,60,2023-05-29,0.55,0.42,0.5265486725663717,0.4390243902439024,0.02345132743362832,-0.0190243902439024
605483,2023,90,2023-06-28,0.62,0.66,0.5607734806629834,0.5302325581395348,0.059226519337016614,0.12976744186046518
605483,2023,120,2023-07-28,0.58,0.52,0.55625,0.5287769784172662,0.023749999999999938,-0.008776978417266212
605483,2024,30,2024-04-27,,,0.5344827586206896,0.3870967741935484,,
605483,2024,60,2024-05-27,,0.46,0.5257731958762887,0.4615384615384615,,-0.0015384615384614886
605483,2024,90,2024-06-26,0.54,0.5,0.5333333333333333,0.484375,0.00666666666666671,0.015625
605483,2024,120,2024-07-26,0.65,0.46,0.5956284153005464,0.4554455445544554,0.05437158469945358,0.004554455445544614
605483,2025,30,2025-04-26,,,,,,
605483,2025,60,2025-05-26,,,,,,
605483,2025,90,2025-06-25,,,,,,
605483,2025,120,2025-07-25,,,,,,
607192,2019,30,2019-04-19,,,0.6703296703296703,0.5106382978723404,,
607192,2019,60,2019-05-19,0.59,0.6,0.6229508196721312,0.55,-0.032950819672131204,0.04999999999999993
607192,2019,90,2019-06-18,0.59,0.6,0.6229508196721312,0.55,-0.032950819672131204,0.04999999999999993
607192,2019,120,2019-07-18,0.59,0.6,0.6229508196721312,0.55,-0.032950819672131204,0.04999999999999993
607192,2021,30,2021-05-01,0.65,0.62,0.6223776223776224,0.5851063829787234,0.027622377622377625,0.03489361702127658
607192,2021,60,2021-05-31,0.65,0.56,0.6346863468634686,0.5739644970414202,0.015313653136531435,-0.01396449704142011
607192,2023,90,2023-06-28,0.66,0.6,0.6328125,0.5555555555555556,0.02718750000000003,0.0444444444444444
607192,2023,120,2023-07-28,0.74,0.58,0.6719367588932806,0.5827814569536424,0.06806324110671935,-0.0027814569536424028
607192,2024,30,2024-04-27,0.67,0.6,0.6533333333333333,0.6024096385542169,0.01666666666666672,-0.002409638554216942
607192,2024,60,2024-05-27,0.67,0.5,0.6625514403292181,0.5874125874125874,0.007448559670781951,-0.0874125874125874
607192,2024,90,2024-06-26,0.7,0.76,0.662125340599455,0.6376811594202898,0.03787465940054491,0.12231884057971021
607192,2024,120,2024-07-26,0.61,0.54,0.6480186480186481,0.6,-0.03801864801864807,-0.05999999999999994
607192,2025,30,2025-04-26,,,0.4657534246575342,0.6388888888888888,,
607192,2025,60,2025-05-26,,,0.4871794871794871,0.6216216216216216,,
607192,2025,90,2025-06-25,,,0.4871794871794871,0.6216216216216216,,
607192,2025,120,2025-07-25,0.57,0.64,0.5273972602739726,0.6133333333333333,0.04260273972602735,0.026666666666666727
607192,2026,30,2026-04-25,0.6,0.54,0.6166666666666667,0.5428571428571428,-0.01666666666666672,-0.0028571428571427804
607192,2026,59,2026-05-22,0.58,0.6,0.6013513513513513,0.5697674418604651,-0.021351351351351355,0.03023255813953485
607200,2018,90,2018-06-27,,,0.5789473684210527,0.3265306122448979,,
607200,2018,120,2018-07-27,0.56,0.26,0.5725806451612904,0.2878787878787879,-0.012580645161290316,-0.027878787878787892
607200,2019,90,2019-06-18,0.6,0.28,0.5761589403973509,0.3,0.02384105960264904,-0.019999999999999962
607200,2019,120,2019-07-18,0.6,0.26,0.5736842105263158,0.2926829268292683,0.02631578947368418,-0.032682926829268266
607200,2021,30,2021-05-01,,,0.6391752577319587,0.5102040816326531,,
607200,2021,60,2021-05-31,0.69,0.42,0.6646706586826348,0.4675324675324675,0.025329341317365195,-0.04753246753246754
607200,2021,90,2021-06-30,0.59,0.42,0.6363636363636364,0.4587155963302752,-0.046363636363636385,-0.038715596330275215
607200,2021,120,2021-07-30,0.56,0.36,0.6149253731343284,0.425,-0.054925373134328326,-0.065
607200,2022,30,2022-05-07,0.64,0.36,0.6238532110091743,0.3666666666666666,0.016146788990825667,-0.006666666666666599
607200,2022,60,2022-06-06,0.69,0.32,0.658008658008658,0.3524590163934426,0.031991341991341904,-0.03245901639344262
607200,2022,90,2022-07-06,0.6,0.34,0.6443148688046647,0.3494623655913978,-0.04431486880466473,-0.009462365591397792
607200,2022,120,2022-08-05,0.61,0.3,0.6414634146341464,0.3333333333333333,-0.03146341463414637,-0.033333333333333326
607200,2024,30,2024-04-27,0.65,0.5,0.6454545454545455,0.4918032786885246,0.004545454545454519,0.008196721311475419
607200,2024,60,2024-05-27,0.64,0.36,0.6221374045801527,0.4328358208955223,0.01786259541984736,-0.07283582089552232
607200,2024,90,2024-06-26,0.64,0.4,0.6319612590799032,0.4396135265700483,0.00803874092009682,-0.039613526570048296
607200,2024,120,2024-07-26,0.62,0.36,0.6265560165975104,0.4262295081967213,-0.006556016597510372,-0.0662295081967213
607200,2025,30,2025-04-26,0.65,,0.6542056074766355,0.2448979591836734,-0.004205607476635453,
607200,2025,60,2025-05-26,0.61,0.42,0.6436781609195402,0.3220338983050847,-0.033678160919540234,0.09796610169491526
607200,2025,90,2025-06-25,0.6,0.32,0.6223404255319149,0.327485380116959,-0.022340425531914954,-0.007485380116958984
607200,2025,120,2025-07-25,0.64,0.24,0.6294642857142857,0.31,0.010535714285714315,-0.07
607200,2026,30,2026-04-25,0.61,,0.6111111111111112,0.3333333333333333,-0.0011111111111111738,
607200,2026,59,2026-05-22,0.59,0.26,0.5918367346938775,0.3111111111111111,-0.001836734693877573,-0.05111111111111111
607259,2022,30,2022-05-07,0.61,0.34,0.625,0.3666666666666666,-0.015000000000000013,-0.02666666666666656
607259,2022,60,2022-06-06,0.63,0.4,0.6333333333333333,0.3983050847457627,-0.0033333333333332993,0.001694915254237317
607259,2023,30,2023-04-29,0.65,0.42,0.6363636363636364,0.4067796610169492,0.013636363636363669,0.013220338983050806
607259,2023,60,2023-05-29,0.65,0.4,0.6502732240437158,0.3894736842105263,-0.0002732240437157696,0.010526315789473717
607259,2023,90,2023-06-28,0.63,0.32,0.642570281124498,0.3700787401574803,-0.012570281124497984,-0.05007874015748032
607259,2023,120,2023-07-28,0.61,0.5,0.6343042071197411,0.4240506329113924,-0.024304207119741128,0.07594936708860761
607259,2024,30,2024-04-27,0.66,0.34,0.6633663366336634,0.3333333333333333,-0.0033663366336633693,0.00666666666666671
607259,2024,60,2024-05-27,0.61,0.34,0.6381909547738693,0.3300970873786408,-0.028190954773869348,0.009902912621359228
607259,2024,90,2024-06-26,0.63,0.46,0.6477732793522267,0.375,-0.017773279352226723,0.08500000000000002
607259,2024,120,2024-07-26,0.63,0.42,0.6348684210526315,0.3670886075949367,-0.004868421052631522,0.05291139240506326
607259,2025,30,2025-04-26,0.54,0.4,0.5689655172413793,0.4035087719298245,-0.0289655172413793,-0.0035087719298244613
607259,2025,60,2025-05-26,0.61,0.32,0.5875486381322957,0.3781512605042016,0.022451361867704245,-0.05815126050420161
607259,2025,90,2025-06-25,0.63,0.36,0.5971830985915493,0.3795180722891566,0.03281690140845073,-0.01951807228915664
607259,2025,120,2025-07-25,0.66,0.3,0.6187624750499002,0.3539094650205761,0.0412375249500998,-0.053909465020576086
607259,2026,30,2026-04-25,0.62,0.38,0.639344262295082,0.3703703703703703,-0.019344262295082015,0.00962962962962971
607259,2026,59,2026-05-22,0.68,0.34,0.6652892561983471,0.3495145631067961,0.014710743801652937,-0.009514563106796048
607374,2018,30,2018-04-28,,,0.5352112676056338,0.4166666666666667,,
607374,2018,60,2018-05-28,0.51,0.36,0.5345911949685535,0.4,-0.024591194968553443,-0.040000000000000036
607374,2018,90,2018-06-27,0.53,0.38,0.5357142857142857,0.3893805309734513,-0.005714285714285672,-0.009380530973451318
607374,2018,120,2018-07-27,0.55,0.44,0.5424354243542435,0.417910447761194,0.007564575645756522,0.022089552238805987
608337,2018,30,2018-04-28,0.44,,0.4552845528455284,0.2444444444444444,-0.015284552845528376,
608337,2018,60,2018-05-28,0.5,0.24,0.4957264957264957,0.2673267326732673,0.004273504273504314,-0.027326732673267295
608337,2018,90,2018-06-27,0.55,0.42,0.5222222222222223,0.3037974683544304,0.02777777777777779,0.1162025316455696
608337,2018,120,2018-07-27,0.59,0.32,0.5478615071283096,0.3035714285714285,0.04213849287169036,0.016428571428571515
608337,2019,30,2019-04-19,,0.44,0.6172839506172839,0.4423076923076923,,-0.0023076923076922884
608337,2019,60,2019-05-19,0.6,0.44,0.6079545454545454,0.4375,-0.007954545454545436,0.0025000000000000022
608337,2019,90,2019-06-18,0.6,0.54,0.6285714285714286,0.4795918367346938,-0.02857142857142858,0.060408163265306236
608337,2019,120,2019-07-18,0.57,0.48,0.607981220657277,0.4881889763779528,-0.03798122065727705,-0.008188976377952795
608337,2021,30,2021-05-01,0.64,0.38,0.6605504587155964,0.4520547945205479,-0.020550458715596354,-0.07205479452054792
608337,2021,60,2021-05-31,0.61,0.56,0.624031007751938,0.4875,-0.014031007751937996,0.07250000000000006
608337,2021,90,2021-06-30,0.57,0.38,0.6190476190476191,0.4663865546218487,-0.04904761904761912,-0.08638655462184869
608337,2021,120,2021-07-30,0.61,0.48,0.6118811881188119,0.4657980456026058,-0.0018811881188118829,0.01420195439739419
608337,2022,30,2022-05-07,,0.6,0.5875,0.6037735849056604,,-0.0037735849056603765
608337,2022,60,2022-06-06,0.56,0.48,0.6048780487804878,0.5210084033613446,-0.044878048780487734,-0.04100840336134459
608337,2022,90,2022-07-06,0.56,0.44,0.5932721712538226,0.5056818181818182,-0.033272171253822536,-0.06568181818181823
608337,2022,120,2022-08-05,0.62,0.34,0.5995475113122172,0.4811715481171548,0.02045248868778282,-0.14117154811715477
608337,2023,30,2023-04-29,0.57,0.42,0.5743243243243243,0.4358974358974359,-0.004324324324324391,-0.01589743589743592
608337,2023,60,2023-05-29,0.68,0.44,0.6133828996282528,0.4405594405594406,0.06661710037174728,-0.0005594405594405716
608337,2023,90,2023-06-28,0.64,0.52,0.6168674698795181,0.4632034632034632,0.023132530120481887,0.056796536796536845
608337,2023,120,2023-07-28,0.61,0.48,0.6101694915254238,0.4623287671232877,-0.00016949152542378165,0.017671232876712295
608337,2025,60,2025-05-26,0.58,0.42,0.5982905982905983,0.4339622641509434,-0.018290598290598314,-0.013962264150943426
608337,2025,90,2025-06-25,0.61,0.46,0.6027397260273972,0.4380952380952381,0.00726027397260276,0.021904761904761927
608337,2025,120,2025-07-25,0.73,0.4,0.6451612903225806,0.4186046511627907,0.08483870967741935,-0.018604651162790697
621381,2019,30,2019-04-19,,,0.5764705882352941,0.2708333333333333,,
621381,2019,60,2019-05-19,0.69,0.5,0.6413043478260869,0.3861386138613861,0.04869565217391303,0.11386138613861391
621381,2019,90,2019-06-18,0.59,0.48,0.6263736263736264,0.4137931034482758,-0.0363736263736264,0.06620689655172418
621381,2019,120,2019-07-18,0.73,0.44,0.660056657223796,0.4179894179894179,0.06994334277620395,0.02201058201058209
621381,2023,30,2023-04-29,,0.64,0.5168539325842697,0.6274509803921569,,0.01254901960784316
621381,2023,60,2023-05-29,0.64,0.52,0.581081081081081,0.5730337078651685,0.05891891891891898,-0.05303370786516848
621381,2023,90,2023-06-28,0.59,0.48,0.5769230769230769,0.55,0.013076923076923097,-0.07000000000000006
621381,2023,120,2023-07-28,0.63,0.52,0.6024096385542169,0.5454545454545454,0.027590361445783085,-0.025454545454545396
621383,2023,90,2023-06-28,,,0.5540540540540541,0.4358974358974359,,
641778,2018,60,2018-05-28,0.54,0.32,0.5540540540540541,0.3888888888888889,-0.014054054054054022,-0.06888888888888889
641778,2018,90,2018-06-27,0.61,0.34,0.5730337078651685,0.3695652173913043,0.03696629213483149,-0.0295652173913043
641778,2018,120,2018-07-27,0.61,0.36,0.5804749340369393,0.3673469387755102,0.029525065963060704,-0.007346938775510237
641778,2019,30,2019-04-19,,,0.6451612903225806,0.4736842105263157,,
641778,2019,60,2019-05-19,0.6,0.32,0.6274509803921569,0.4086021505376344,-0.027450980392156876,-0.08860215053763437
641778,2019,90,2019-06-18,0.68,0.38,0.63125,0.390728476821192,0.04875000000000007,-0.01072847682119199
641778,2019,120,2019-07-18,0.63,0.36,0.6342710997442456,0.3809523809523809,-0.0042710997442455545,-0.02095238095238089
641778,2021,60,2021-05-31,,,0.6022727272727273,0.5,,
641778,2021,90,2021-06-30,0.63,0.44,0.6137566137566137,0.47,0.016243386243386282,-0.02999999999999997
641778,2021,120,2021-07-30,0.62,0.38,0.6094890510948905,0.4444444444444444,0.010510948905109507,-0.06444444444444442
641778,2022,30,2022-05-07,0.58,0.66,0.5689655172413793,0.5915492957746479,0.011034482758620623,0.06845070422535215
641778,2022,60,2022-06-06,0.7,0.36,0.6212765957446809,0.5,0.0787234042553191,-0.14
641778,2022,90,2022-07-06,0.66,0.36,0.6239316239316239,0.4540816326530612,0.036068376068376096,-0.09408163265306119
641778,2022,120,2022-08-05,0.61,0.3,0.6212765957446809,0.4220532319391635,-0.011276595744680873,-0.12205323193916351
641778,2023,30,2023-04-29,0.58,0.34,0.5714285714285714,0.3548387096774194,0.008571428571428563,-0.014838709677419348
641778,2023,60,2023-05-29,0.58,0.44,0.5614973262032086,0.404040404040404,0.01850267379679138,0.035959595959596025
641778,2023,90,2023-06-28,0.58,0.44,0.5614973262032086,0.404040404040404,0.01850267379679138,0.035959595959596025
641778,2023,120,2023-07-28,0.58,0.44,0.5614973262032086,0.404040404040404,0.01850267379679138,0.035959595959596025
641778,2025,60,2025-05-26,,,0.696969696969697,0.5161290322580645,,
641778,2025,90,2025-06-25,0.63,0.48,0.6604938271604939,0.5,-0.03049382716049387,-0.020000000000000018
641778,2025,120,2025-07-25,0.76,0.52,0.6888888888888889,0.4896551724137931,0.07111111111111112,0.030344827586206935
641778,2026,30,2026-04-25,0.6,,0.6057692307692307,0.3958333333333333,-0.005769230769230749,
641778,2026,59,2026-05-22,0.7,0.3,0.6441717791411042,0.3466666666666667,0.055828220858895716,-0.04666666666666669
643493,2023,60,2023-05-29,,,0.5862068965517241,,,
643493,2023,90,2023-06-28,0.56,0.24,0.5545454545454546,0.2307692307692307,0.00545454545454549,0.009230769230769292
643493,2023,120,2023-07-28,0.6,0.3,0.5949367088607594,0.2933333333333333,0.005063291139240533,0.00666666666666671
649144,2021,120,2021-07-30,,,0.6027397260273972,0.3870967741935484,,
650644,2021,30,2021-05-01,0.64,0.42,0.6299212598425197,0.423728813559322,0.010078740157480337,-0.0037288135593220306
650644,2021,60,2021-05-31,0.63,0.4,0.636986301369863,0.3840579710144927,-0.006986301369863002,0.01594202898550734
650644,2021,90,2021-06-30,0.71,0.4,0.6528497409326425,0.3854166666666667,0.05715025906735749,0.014583333333333337
650644,2021,120,2021-07-30,0.71,0.4,0.6528497409326425,0.3854166666666667,0.05715025906735749,0.014583333333333337
650644,2022,30,2022-05-07,,0.44,0.6262626262626263,0.44,,0.0
650644,2022,60,2022-06-06,0.65,0.4,0.6413793103448275,0.4,0.008620689655172487,0.0
650644,2022,90,2022-07-06,0.66,0.36,0.6333333333333333,0.4017857142857143,0.026666666666666727,-0.041785714285714315
650644,2022,120,2022-08-05,0.64,0.42,0.6348547717842323,0.4094488188976378,0.005145228215767683,0.010551181102362195
650644,2023,30,2023-04-29,,,0.76,,,
650644,2023,60,2023-05-29,,,0.76,,,
650644,2023,90,2023-06-28,0.71,0.4,0.7228915662650602,0.3793103448275862,-0.012891566265060272,0.020689655172413834
650644,2023,120,2023-07-28,0.66,0.34,0.6936619718309859,0.3483870967741935,-0.03366197183098585,-0.00838709677419347
650644,2024,30,2024-04-27,0.65,0.4,0.644927536231884,0.4415584415584415,0.005072463768115987,-0.04155844155844146
650644,2024,60,2024-05-27,0.64,0.4,0.6516393442622951,0.4253731343283582,-0.01163934426229507,-0.025373134328358193
650644,2024,90,2024-06-26,0.57,0.48,0.6260623229461756,0.4361702127659574,-0.056062322946175636,0.04382978723404257
650644,2024,120,2024-07-26,0.67,0.38,0.6355555555555555,0.4232365145228215,0.0344444444444445,-0.04323651452282151
650644,2025,60,2025-05-26,,,,,,
650644,2025,90,2025-06-25,0.62,0.3,0.6442953020134228,0.3012048192771084,-0.02429530201342278,-0.0012048192771084154
650644,2025,120,2025-07-25,0.61,0.32,0.6342412451361867,0.3134328358208955,-0.02424124513618675,0.006567164179104523
650644,2026,30,2026-04-25,0.59,0.36,0.5803571428571429,0.3571428571428571,0.009642857142857064,0.0028571428571428914
650644,2026,59,2026-05-22,0.73,0.32,0.6444444444444445,0.3243243243243243,0.0855555555555555,-0.00432432432432428
656232,2023,60,2023-05-29,0.53,0.38,0.5370370370370371,0.4150943396226415,-0.007037037037037064,-0.03509433962264147
656232,2023,90,2023-06-28,0.48,0.32,0.5095238095238095,0.3814432989690721,-0.029523809523809508,-0.06144329896907208
656232,2023,120,2023-07-28,0.52,0.38,0.5099337748344371,0.3846153846153846,0.010066225165562881,-0.004615384615384577
656492,2026,30,2026-04-25,0.56,0.34,0.5765765765765766,0.360655737704918,-0.01657657657657652,-0.020655737704917965
656492,2026,59,2026-05-22,0.54,0.42,0.5738396624472574,0.4,-0.033839662447257335,0.019999999999999962
656546,2019,90,2019-06-18,0.62,0.46,0.6296296296296297,0.4428571428571428,-0.009629629629629655,0.017142857142857237
656546,2019,120,2019-07-18,0.6,0.44,0.6225165562913907,0.4390243902439024,-0.02251655629139071,0.0009756097560976174
656546,2021,30,2021-05-01,0.53,0.36,0.5392156862745098,0.3518518518518518,-0.009215686274509749,0.008148148148148182
656546,2021,60,2021-05-31,0.52,0.4,0.5319148936170213,0.3679245283018867,-0.01191489361702125,0.03207547169811331
656546,2021,90,2021-06-30,0.52,0.4,0.5319148936170213,0.3679245283018867,-0.01191489361702125,0.03207547169811331
656818,2022,30,2022-05-07,,,,,,
656849,2021,30,2021-05-01,,,0.5625,0.5,,
656849,2021,60,2021-05-31,0.6,0.54,0.5675675675675675,0.5212765957446809,0.032432432432432434,0.018723404255319154
656849,2022,30,2022-05-07,,,0.4868421052631579,0.4705882352941176,,
656849,2022,60,2022-06-06,0.47,0.46,0.4468085106382978,0.453125,0.023191489361702178,0.00687500000000002
656849,2022,90,2022-07-06,0.52,0.6,0.4980988593155893,0.5153846153846153,0.021901140684410736,0.08461538461538465
656849,2022,120,2022-08-05,0.62,0.56,0.5127388535031847,0.5308641975308642,0.10726114649681529,0.02913580246913583
656849,2023,30,2023-04-29,0.63,0.52,0.6159420289855072,0.5070422535211268,0.014057971014492798,0.012957746478873267
656849,2023,60,2023-05-29,0.54,0.46,0.5737704918032787,0.4736842105263157,-0.033770491803278624,-0.013684210526315688
656849,2023,90,2023-06-28,0.52,0.4,0.5555555555555556,0.4504504504504504,-0.03555555555555556,-0.05045045045045038
656849,2023,120,2023-07-28,0.6,0.42,0.5766423357664233,0.4520547945205479,0.023357664233576658,-0.032054794520547936
656849,2024,90,2024-06-26,0.62,0.34,0.6198347107438017,0.3278688524590163,0.0001652892561982977,0.012131147540983711
656849,2024,120,2024-07-26,0.63,0.3,0.6214953271028038,0.3211009174311927,0.008504672897196253,-0.02110091743119269
656849,2025,30,2025-04-26,0.64,0.38,0.625,0.4307692307692308,0.015000000000000013,-0.05076923076923079
656849,2025,60,2025-05-26,0.58,0.4,0.6129032258064516,0.4,-0.032903225806451664,0.0
656849,2025,90,2025-06-25,0.64,0.4,0.6279683377308707,0.4041450777202072,0.012031662269129328,-0.004145077720207169
656849,2025,120,2025-07-25,0.6,0.38,0.6234309623430963,0.3959183673469387,-0.023430962343096273,-0.01591836734693869
656849,2026,30,2026-04-25,0.58,,0.6111111111111112,0.5106382978723404,-0.0311111111111112,
656849,2026,59,2026-05-22,0.66,0.5,0.6299559471365639,0.5051546391752577,0.030044052863436144,-0.005154639175257714
657006,2022,30,2022-05-07,,,0.5057471264367817,0.3478260869565217,,
657006,2022,60,2022-06-06,0.54,0.44,0.5260663507109005,0.4196428571428571,0.01393364928909957,0.020357142857142907
657006,2022,90,2022-07-06,0.64,0.5,0.5761194029850746,0.4269662921348314,0.06388059701492543,0.0730337078651686
657006,2022,120,2022-08-05,0.67,0.5,0.5924170616113744,0.4389140271493212,0.07758293838862562,0.061085972850678794
657006,2023,30,2023-04-29,0.6,0.4,0.591304347826087,0.4375,0.008695652173912993,-0.03749999999999998
657006,2023,60,2023-05-29,0.65,0.42,0.6349809885931559,0.4104477611940298,0.01501901140684414,0.00955223880597017
657006,2023,90,2023-06-28,0.63,0.44,0.6340694006309149,0.422360248447205,-0.004069400630914877,0.017639751552795013
657006,2023,120,2023-07-28,0.64,0.48,0.6414253897550112,0.4336283185840708,-0.0014253897550111638,0.04637168141592918
657006,2024,60,2024-05-27,0.68,0.46,0.6992481203007519,0.4626865671641791,-0.019248120300751848,-0.002686567164179088
657006,2024,90,2024-06-26,0.71,0.52,0.6981132075471698,0.4924242424242424,0.011886792452830197,0.027575757575757642
657006,2024,120,2024-07-26,0.69,0.44,0.6979695431472082,0.4764397905759162,-0.007969543147208213,-0.036439790575916176
657756,2022,90,2022-07-06,,,,,,
657756,2022,120,2022-08-05,,,0.5873015873015873,0.4333333333333333,,
657756,2023,60,2023-05-29,0.54,0.28,0.5465116279069767,0.2967032967032967,-0.00651162790697668,-0.016703296703296677
657756,2023,90,2023-06-28,0.67,0.32,0.5928571428571429,0.3087248322147651,0.07714285714285718,0.011275167785234907
663436,2022,60,2022-06-06,,,,,,
663436,2022,90,2022-07-06,,0.34,0.5888888888888889,0.34,,0.0
663436,2022,120,2022-08-05,0.57,0.32,0.627906976744186,0.3484848484848485,-0.0579069767441861,-0.028484848484848502
663436,2025,30,2025-04-26,0.6,0.3,0.5950413223140496,0.2857142857142857,0.0049586776859503745,0.01428571428571429
663436,2025,60,2025-05-26,0.49,0.28,0.5517241379310345,0.3076923076923077,-0.061724137931034484,-0.027692307692307683
663436,2025,90,2025-06-25,0.47,0.34,0.5449101796407185,0.34,-0.07491017964071855,0.0
663436,2025,120,2025-07-25,0.55,0.38,0.556497175141243,0.3375,-0.006497175141242928,0.04249999999999998
663436,2026,30,2026-04-25,0.59,0.44,0.5677966101694916,0.4406779661016949,0.022203389830508402,-0.0006779661016949046
663436,2026,59,2026-05-22,0.64,0.52,0.6016597510373444,0.4852941176470588,0.03834024896265564,0.0347058823529412
663559,2022,60,2022-06-06,,,0.6417910447761194,0.2727272727272727,,
663559,2022,90,2022-07-06,0.69,0.3,0.6857142857142857,0.3103448275862069,0.004285714285714226,-0.010344827586206917
663559,2022,120,2022-08-05,0.73,0.48,0.6941176470588235,0.3894736842105263,0.035882352941176476,0.09052631578947368
663559,2023,30,2023-04-29,0.63,0.32,0.6460176991150443,0.3220338983050847,-0.016017699115044248,-0.0020338983050847137
663559,2023,60,2023-05-29,0.65,0.38,0.6477272727272727,0.3255813953488372,0.002272727272727315,0.05441860465116283
663559,2023,90,2023-06-28,0.65,0.38,0.6477272727272727,0.3255813953488372,0.002272727272727315,0.05441860465116283
663559,2023,120,2023-07-28,0.65,0.38,0.6477272727272727,0.3255813953488372,0.002272727272727315,0.05441860465116283
663559,2024,30,2024-04-27,0.55,,0.5576923076923077,0.3673469387755102,-0.007692307692307665,
663559,2024,60,2024-05-27,0.64,0.34,0.5947136563876652,0.3473684210526316,0.045286343612334856,-0.00736842105263158
663559,2024,90,2024-06-26,0.66,0.38,0.6137724550898204,0.3648648648648648,0.04622754491017966,0.015135135135135203
663559,2024,120,2024-07-26,0.6,0.36,0.6010928961748634,0.3674698795180723,-0.0010928961748634114,-0.00746987951807232
663559,2025,30,2025-04-26,0.53,0.4,0.5192307692307693,0.4,0.010769230769230753,0.0
663559,2025,60,2025-05-26,0.57,0.34,0.5648535564853556,0.3577981651376147,0.005146443514644328,-0.017798165137614674
663559,2025,90,2025-06-25,0.57,0.24,0.563953488372093,0.3311258278145695,0.006046511627906925,-0.09112582781456952
663559,2025,120,2025-07-25,0.56,0.38,0.5626423690205011,0.3487179487179487,-0.0026423690205010786,0.031282051282051304
663738,2021,60,2021-05-31,,,,,,
663738,2021,90,2021-06-30,,,,,,
663738,2021,120,2021-07-30,0.55,,0.55,0.2826086956521739,0.0,
663738,2022,30,2022-05-07,,,0.6363636363636364,0.4347826086956521,,
663738,2022,60,2022-06-06,0.6,0.28,0.6071428571428571,0.3583333333333333,-0.0071428571428571175,-0.07833333333333325
663738,2022,90,2022-07-06,0.57,0.52,0.5910652920962199,0.4088050314465409,-0.02106529209621999,0.11119496855345912
663738,2022,120,2022-08-05,0.53,0.54,0.584045584045584,0.425531914893617,-0.054045584045584016,0.11446808510638301
663738,2023,90,2023-06-28,0.66,0.34,0.6556291390728477,0.3529411764705882,0.004370860927152331,-0.012941176470588178
666142,2024,30,2024-04-27,0.63,0.46,0.6541353383458647,0.4933333333333333,-0.024135338345864676,-0.03333333333333327
666142,2024,60,2024-05-27,0.61,0.52,0.62109375,0.5241379310344828,-0.011093750000000013,-0.004137931034482789
666142,2024,90,2024-06-26,0.6,0.46,0.6129032258064516,0.5084745762711864,-0.012903225806451646,-0.0484745762711864
666142,2024,120,2024-07-26,0.58,0.4,0.6063618290258449,0.4965986394557823,-0.02636182902584494,-0.09659863945578229
666142,2025,30,2025-04-26,0.61,0.62,0.6171875,0.5897435897435898,-0.007187500000000013,0.030256410256410238
666142,2025,60,2025-05-26,0.57,0.58,0.609375,0.5853658536585366,-0.03937500000000005,-0.00536585365853659
666142,2025,90,2025-06-25,0.58,0.52,0.6047619047619047,0.5671641791044776,-0.024761904761904763,-0.047164179104477566
666142,2025,120,2025-07-25,0.58,0.52,0.6047619047619047,0.5671641791044776,-0.024761904761904763,-0.047164179104477566
666142,2026,30,2026-04-25,0.59,0.5,0.5862068965517241,0.4925373134328358,0.0037931034482758808,0.007462686567164201
666142,2026,59,2026-05-22,0.51,0.58,0.5328947368421053,0.5,-0.0228947368421053,0.07999999999999996
668881,2022,30,2022-05-07,0.62,0.5,0.6310679611650486,0.5272727272727272,-0.011067961165048601,-0.027272727272727226
668881,2022,60,2022-06-06,0.67,0.54,0.6265560165975104,0.5338345864661654,0.04344398340248967,0.006165413533834596
668881,2022,90,2022-07-06,0.59,0.38,0.6195965417867435,0.4923857868020304,-0.029596541786743535,-0.11238578680203037
668881,2022,120,2022-08-05,0.61,0.42,0.6190476190476191,0.490272373540856,-0.009047619047619082,-0.07027237354085603
668881,2023,30,2023-04-29,0.58,0.5,0.616,0.4878048780487805,-0.03600000000000003,0.012195121951219523
668881,2023,60,2023-05-29,0.65,0.56,0.610655737704918,0.4878048780487805,0.03934426229508203,0.07219512195121958
668881,2023,90,2023-06-28,0.72,0.58,0.6383647798742138,0.4926108374384236,0.08163522012578617,0.08738916256157636
668881,2023,120,2023-07-28,0.72,0.58,0.6383647798742138,0.4926108374384236,0.08163522012578617,0.08738916256157636
668881,2024,30,2024-04-27,0.62,0.48,0.6180555555555556,0.4827586206896552,0.0019444444444444153,-0.0027586206896552112
668881,2024,60,2024-05-27,0.62,0.4,0.6052631578947368,0.4465408805031446,0.01473684210526316,-0.04654088050314459
668881,2024,90,2024-06-26,0.58,0.4,0.596401028277635,0.4364406779661017,-0.01640102827763501,-0.036440677966101676
668881,2024,120,2024-07-26,0.58,0.52,0.5942028985507246,0.4508474576271186,-0.014202898550724652,0.06915254237288143
668881,2025,30,2025-04-26,0.67,0.44,0.6993006993006993,0.4942528735632184,-0.02930069930069923,-0.054252873563218396
668881,2025,60,2025-05-26,0.68,0.44,0.7046632124352331,0.4921875,-0.02466321243523306,-0.0521875
668881,2025,90,2025-06-25,0.8,0.4,0.7426160337552743,0.4709677419354838,0.05738396624472575,-0.07096774193548377
668881,2025,120,2025-07-25,0.8,0.4,0.7426160337552743,0.4709677419354838,0.05738396624472575,-0.07096774193548377
669674,2021,90,2021-06-30,,,0.6419753086419753,0.3877551020408163,,
669674,2021,120,2021-07-30,0.63,0.34,0.6347826086956522,0.3970588235294117,-0.0047826086956521685,-0.05705882352941166
669674,2022,30,2022-05-07,,,,,,
669674,2022,60,2022-06-06,,,0.5882352941176471,0.3,,
669674,2022,90,2022-07-06,0.65,0.24,0.6583333333333333,0.2835820895522388,-0.008333333333333304,-0.0435820895522388
672456,2024,120,2024-07-26,0.63,0.36,0.61875,0.3846153846153846,0.011249999999999982,-0.024615384615384595
672456,2025,30,2025-04-26,,,0.578125,0.3939393939393939,,
672456,2025,60,2025-05-26,0.68,0.24,0.6516129032258065,0.2926829268292683,0.0283870967741936,-0.052682926829268284
672456,2025,90,2025-06-25,0.71,0.34,0.6763485477178424,0.312,0.0336514522821576,0.028000000000000025
672456,2025,120,2025-07-25,0.68,0.38,0.6677115987460815,0.3271604938271605,0.012288401253918502,0.0528395061728395
672456,2026,30,2026-04-25,,,0.6352941176470588,0.391304347826087,,
672456,2026,59,2026-05-22,0.67,0.3,0.6530612244897959,0.3404255319148936,0.016938775510204174,-0.04042553191489362
676596,2021,30,2021-05-01,,,0.6265060240963856,0.2727272727272727,,
676596,2021,60,2021-05-31,0.59,0.36,0.6033519553072626,0.3218390804597701,-0.01335195530726263,0.038160919540229876
676596,2021,90,2021-06-30,0.59,0.32,0.6127819548872181,0.3076923076923077,-0.022781954887218125,0.012307692307692297
676596,2021,120,2021-07-30,0.63,0.32,0.611764705882353,0.3090909090909091,0.018235294117647016,0.010909090909090924
676596,2022,30,2022-05-07,,,0.6451612903225806,0.3469387755102041,,
676596,2022,60,2022-06-06,,,0.6451612903225806,0.3469387755102041,,
676596,2022,90,2022-07-06,0.66,0.28,0.6581196581196581,0.3442622950819672,0.001880341880341918,-0.06426229508196718
676596,2022,120,2022-08-05,0.66,0.22,0.6541353383458647,0.3428571428571428,0.00586466165413535,-0.1228571428571428
676596,2024,90,2024-06-26,0.62,0.3,0.6017699115044248,0.3137254901960784,0.01823008849557517,-0.013725490196078438
676974,2024,30,2024-04-27,,,0.5230769230769231,0.4242424242424242,,
676974,2024,60,2024-05-27,,,0.5230769230769231,0.4242424242424242,,
676974,2024,90,2024-06-26,,,0.5230769230769231,0.4242424242424242,,
676974,2024,120,2024-07-26,,,0.5230769230769231,0.4242424242424242,,
676974,2025,30,2025-04-26,0.61,0.58,0.6115702479338843,0.5774647887323944,-0.0015702479338842723,0.002535211267605586
676974,2025,60,2025-05-26,0.63,0.4,0.6150627615062761,0.5080645161290323,0.014937238493723859,-0.10806451612903223
676974,2026,30,2026-04-25,0.63,0.4,0.6396396396396397,0.417910447761194,-0.009639639639639652,-0.017910447761193993
676974,2026,59,2026-05-22,0.63,0.52,0.6327433628318584,0.46875,-0.002743362831858387,0.05125000000000002
676979,2024,30,2024-04-27,0.66,0.48,0.68,0.5063291139240507,-0.020000000000000018,-0.026329113924050684
676979,2024,60,2024-05-27,0.57,0.52,0.6294820717131474,0.5214723926380368,-0.059482071713147455,-0.0014723926380367791
676979,2024,90,2024-06-26,0.64,0.58,0.6380697050938338,0.5416666666666666,0.0019302949061662522,0.03833333333333333
676979,2024,120,2024-07-26,0.61,0.6,0.6418918918918919,0.5470383275261324,-0.0318918918918919,0.05296167247386763
676979,2025,30,2025-04-26,0.57,0.6,0.6081081081081081,0.5176470588235295,-0.03810810810810816,0.08235294117647052
676979,2025,60,2025-05-26,0.64,0.5,0.6146179401993356,0.5114942528735632,0.025382059800664436,-0.011494252873563204
676979,2025,90,2025-06-25,0.62,0.5,0.6166281755196305,0.52734375,0.003371824480369545,-0.02734375
676979,2025,120,2025-07-25,0.66,0.5,0.6291512915129152,0.5305466237942122,0.030848708487084875,-0.030546623794212246
676979,2026,59,2026-05-22,0.55,0.54,0.5507246376811594,0.5522388059701493,-0.0007246376811593791,-0.012238805970149258
681293,2024,30,2024-04-27,,,0.6379310344827587,0.3947368421052631,,
681293,2024,60,2024-05-27,0.58,0.48,0.6033519553072626,0.4257425742574257,-0.02335195530726264,0.054257425742574306
681293,2024,90,2024-06-26,0.66,0.42,0.6321070234113713,0.4411764705882353,0.02789297658862877,-0.021176470588235297
681293,2024,120,2024-07-26,0.61,0.42,0.6269035532994924,0.4304932735426009,-0.016903553299492446,-0.010493273542600934
681293,2025,30,2025-04-26,,,,,,
681293,2025,60,2025-05-26,,,,,,
681293,2025,90,2025-06-25,,,,,,
681293,2025,120,2025-07-25,,,,,,
681293,2026,30,2026-04-25,,,0.4807692307692308,,,
681293,2026,59,2026-05-22,0.57,0.44,0.5511363636363636,0.4597701149425287,0.018863636363636305,-0.01977011494252867
687064,2025,30,2025-04-26,,,,,,
687064,2025,60,2025-05-26,,,,,,
687064,2025,90,2025-06-25,,,0.5666666666666667,,,
687064,2025,120,2025-07-25,0.64,0.4,0.6028368794326241,0.417910447761194,0.03716312056737592,-0.017910447761193993
687064,2026,30,2026-04-25,,,,,,
687064,2026,59,2026-05-22,0.59,0.4,0.6194029850746269,0.35,-0.02940298507462691,0.050000000000000044
694973,2024,60,2024-05-27,,,0.6031746031746031,0.5,,
694973,2024,90,2024-06-26,0.74,0.5,0.6648351648351648,0.5213675213675214,0.07516483516483519,-0.021367521367521403
694973,2024,120,2024-07-26,0.67,0.66,0.6701754385964912,0.5574712643678161,-0.000175438596491162,0.1025287356321839
694973,2025,30,2025-04-26,0.52,0.42,0.5704225352112676,0.4534883720930232,-0.050422535211267605,-0.03348837209302319
694973,2025,60,2025-05-26,0.68,0.56,0.6179775280898876,0.4761904761904761,0.06202247191011245,0.08380952380952394
694973,2025,90,2025-06-25,0.56,0.42,0.6136919315403423,0.4658119658119658,-0.05369193154034224,-0.04581196581196584
694973,2025,120,2025-07-25,0.64,0.54,0.6219512195121951,0.4805653710247349,0.018048780487804894,0.059434628975265136
694973,2026,30,2026-04-25,0.59,0.5,0.6,0.46875,-0.010000000000000009,0.03125
694973,2026,59,2026-05-22,0.64,0.62,0.6220095693779905,0.5431034482758621,0.017990430622009557,0.0768965517241379
462136,2018,30,2018-04-28,0.65,0.34,0.6271186440677966,0.323943661971831,0.022881355932203418,0.016056338028169026
462136,2018,60,2018-05-28,0.67,0.24,0.6443514644351465,0.2867132867132867,0.02564853556485358,-0.04671328671328673
462136,2018,90,2018-06-27,0.68,0.3,0.651595744680851,0.3049327354260089,0.02840425531914903,-0.004932735426008916
462136,2018,120,2018-07-27,0.69,0.3,0.6526315789473685,0.3080357142857143,0.037368421052631495,-0.008035714285714313
502171,2018,30,2018-04-28,,,0.5671641791044776,,,
502171,2018,60,2018-05-28,0.6,0.34,0.591743119266055,0.2659574468085106,0.008256880733944927,0.07404255319148945
502171,2018,90,2018-06-27,0.64,0.44,0.6017441860465116,0.3378378378378378,0.03825581395348843,0.10216216216216223
502171,2018,120,2018-07-27,0.56,0.3,0.5927505330490405,0.3365853658536585,-0.03275053304904041,-0.036585365853658514
502171,2021,30,2021-05-01,,0.46,0.675,0.46,,0.0
502171,2021,60,2021-05-31,0.61,0.52,0.6363636363636364,0.5058823529411764,-0.026363636363636367,0.014117647058823568
502171,2021,90,2021-06-30,0.55,0.4,0.6035242290748899,0.4666666666666667,-0.05352422907488985,-0.06666666666666665
502171,2021,120,2021-07-30,0.6,0.38,0.6024464831804281,0.4421052631578947,-0.0024464831804281717,-0.06210526315789472
502171,2022,30,2022-05-07,,,0.6956521739130435,0.5641025641025641,,
502171,2022,60,2022-06-06,0.7,0.5,0.6890243902439024,0.5222222222222223,0.01097560975609757,-0.022222222222222254
502171,2022,90,2022-07-06,0.66,0.32,0.673469387755102,0.4436090225563909,-0.01346938775510198,-0.12360902255639089
502171,2022,120,2022-08-05,0.6,0.56,0.6497326203208557,0.4696969696969697,-0.04973262032085568,0.09030303030303033
502171,2023,30,2023-04-29,0.67,0.4,0.6974789915966386,0.4193548387096774,-0.02747899159663858,-0.019354838709677358
502171,2023,60,2023-05-29,0.64,0.38,0.6704119850187266,0.4253731343283582,-0.03041198501872655,-0.04537313432835821
502171,2023,90,2023-06-28,0.68,0.48,0.6775147928994083,0.4418604651162791,0.0024852071005917464,0.038139534883720905
502171,2023,120,2023-07-28,0.67,0.42,0.6740088105726872,0.4329004329004329,-0.004008810572687205,-0.012900432900432912
506433,2018,30,2018-04-28,0.61,0.46,0.5689655172413793,0.3888888888888889,0.04103448275862065,0.07111111111111112
506433,2019,30,2019-04-19,,,0.5060240963855421,0.4186046511627907,,
506433,2019,60,2019-05-19,0.55,0.56,0.53125,0.5045871559633027,0.018750000000000044,0.05541284403669733
506433,2019,90,2019-06-18,0.61,0.46,0.5797101449275363,0.4739583333333333,0.030289855072463734,-0.013958333333333295
506433,2019,120,2019-07-18,0.68,0.58,0.5995670995670995,0.4960629921259842,0.08043290043290052,0.08393700787401576
506433,2021,30,2021-05-01,0.56,0.62,0.6040268456375839,0.5833333333333334,-0.044026845637583856,0.036666666666666625
506433,2021,60,2021-05-31,0.65,0.46,0.6273764258555133,0.541095890410959,0.02262357414448668,-0.08109589041095894
506433,2021,90,2021-06-30,0.59,0.5,0.6127320954907162,0.5275229357798165,-0.022732095490716198,-0.02752293577981646
506433,2021,120,2021-07-30,0.56,0.34,0.6012931034482759,0.4962962962962963,-0.04129310344827586,-0.15629629629629627
506433,2022,30,2022-05-07,0.56,0.38,0.5620437956204379,0.3783783783783784,-0.0020437956204378827,0.001621621621621605
506433,2022,60,2022-06-06,0.58,0.34,0.5720164609053497,0.3555555555555555,0.007983539094650216,-0.01555555555555549
506433,2022,90,2022-07-06,0.65,0.54,0.5936675461741425,0.4038461538461538,0.0563324538258575,0.13615384615384624
506433,2022,120,2022-08-05,0.77,0.56,0.6257309941520468,0.4436619718309859,0.1442690058479532,0.11633802816901417
506433,2023,30,2023-04-29,,0.48,0.5816326530612245,0.4464285714285714,,0.033571428571428585
506433,2023,60,2023-05-29,0.65,0.42,0.5957446808510638,0.4573643410852713,0.05425531914893622,-0.03736434108527131
506433,2023,90,2023-06-28,0.58,0.38,0.5873493975903614,0.4473684210526316,-0.007349397590361462,-0.06736842105263158
506433,2023,120,2023-07-28,0.59,0.46,0.5874125874125874,0.45,0.002587412587412574,0.010000000000000009
506433,2024,30,2024-04-27,,,0.6470588235294118,0.4222222222222222,,
506433,2024,60,2024-05-27,0.65,0.46,0.6581632653061225,0.4247787610619469,-0.008163265306122436,0.03522123893805312
506433,2024,90,2024-06-26,0.64,0.46,0.6525821596244131,0.4098360655737705,-0.012582159624413114,0.05016393442622952
506433,2024,120,2024-07-26,0.64,0.46,0.6525821596244131,0.4098360655737705,-0.012582159624413114,0.05016393442622952
506433,2025,120,2025-07-25,,,0.5625,0.3055555555555556,,
519076,2019,90,2019-06-18,,,,,,
519141,2018,30,2018-04-28,,,,,,
519141,2018,60,2018-05-28,0.48,0.34,0.5197368421052632,0.3571428571428571,-0.03973684210526318,-0.01714285714285707
519141,2018,90,2018-06-27,0.52,0.32,0.5402298850574713,0.3684210526315789,-0.020229885057471253,-0.04842105263157892
519141,2018,120,2018-07-27,0.52,0.32,0.5306122448979592,0.3714285714285714,-0.0106122448979592,-0.05142857142857138
519141,2019,30,2019-04-19,,,0.4941176470588235,0.4791666666666667,,
519141,2019,60,2019-05-19,0.62,0.3,0.56875,0.3804347826086957,0.05125000000000002,-0.08043478260869569
519141,2019,90,2019-06-18,0.54,0.42,0.5450643776824035,0.4044117647058823,-0.00506437768240342,0.01558823529411768
519141,2019,120,2019-07-18,0.55,0.5,0.5529411764705883,0.4242424242424242,-0.002941176470588225,0.0757575757575758
519141,2025,90,2025-06-25,,,0.6962025316455697,0.4523809523809524,,
519141,2025,120,2025-07-25,0.72,0.46,0.7130434782608696,0.4615384615384615,0.006956521739130417,-0.0015384615384614886
528748,2022,30,2022-05-07,,,0.6024096385542169,0.3157894736842105,,
571666,2018,30,2018-04-28,,,0.6363636363636364,0.2978723404255319,,
571666,2018,60,2018-05-28,0.67,0.34,0.6587677725118484,0.3039215686274509,0.01123222748815167,0.036078431372549125
571666,2018,90,2018-06-27,0.53,0.42,0.6346153846153846,0.348314606741573,-0.10461538461538455,0.07168539325842699
571666,2018,120,2018-07-27,0.66,0.38,0.6512096774193549,0.3571428571428571,0.00879032258064516,0.02285714285714291
571666,2019,30,2019-04-19,,,0.6060606060606061,0.3478260869565217,,
571666,2019,60,2019-05-19,0.65,0.38,0.6359832635983264,0.3796296296296296,0.014016736401673668,0.00037037037037040976
571666,2019,90,2019-06-18,0.69,0.3,0.6574585635359116,0.3389830508474576,0.03254143646408836,-0.03898305084745762
571666,2019,120,2019-07-18,0.62,0.3,0.6545454545454545,0.3157894736842105,-0.034545454545454546,-0.01578947368421052
571760,2018,30,2018-04-28,,,0.59375,0.6285714285714286,,
571760,2018,60,2018-05-28,0.63,0.5,0.5968586387434555,0.51,0.033141361256544544,-0.010000000000000009
571760,2018,90,2018-06-27,0.68,0.42,0.6451612903225806,0.4606060606060606,0.03483870967741942,-0.04060606060606059
571760,2018,120,2018-07-27,0.58,0.46,0.6325678496868476,0.4703389830508475,-0.05256784968684769,-0.010338983050847461
571760,2019,90,2019-06-18,,0.44,0.6477272727272727,0.4918032786885246,,-0.05180327868852458
571760,2019,120,2019-07-18,0.65,0.4,0.6363636363636364,0.4186046511627907,0.013636363636363669,-0.018604651162790697
571760,2021,30,2021-05-01,,0.58,0.7216494845360825,0.5396825396825397,,0.04031746031746031
571760,2021,60,2021-05-31,0.62,0.34,0.6613756613756614,0.4700854700854701,-0.0413756613756614,-0.13008547008547006
571760,2021,90,2021-06-30,0.71,0.42,0.6775244299674267,0.4587628865979381,0.03247557003257329,-0.03876288659793814
571760,2021,120,2021-07-30,0.62,0.42,0.6608478802992519,0.450199203187251,-0.040847880299251904,-0.030199203187251
571760,2022,30,2022-05-07,,,,,,
571760,2022,60,2022-06-06,,,,,,
571760,2022,90,2022-07-06,,,0.6031746031746031,0.6571428571428571,,
571760,2022,120,2022-08-05,,0.6,0.6494845360824743,0.5862068965517241,,0.01379310344827589
571760,2023,30,2023-04-29,0.66,0.44,0.6698113207547169,0.4193548387096774,-0.009811320754716912,0.020645161290322622
571760,2023,60,2023-05-29,0.59,0.48,0.6343612334801763,0.4508196721311475,-0.04436123348017629,0.029180327868852496
571760,2023,90,2023-06-28,0.68,0.36,0.6458333333333334,0.4285714285714285,0.03416666666666668,-0.0685714285714285
571760,2023,120,2023-07-28,0.71,0.38,0.6605922551252847,0.4238683127572016,0.04940774487471522,-0.0438683127572016
571760,2024,30,2024-04-27,0.63,0.34,0.6372549019607843,0.3728813559322034,-0.007254901960784266,-0.03288135593220337
571760,2024,60,2024-05-27,0.56,0.4,0.6074766355140186,0.3781512605042016,-0.047476635514018595,0.021848739495798408
571760,2024,90,2024-06-26,0.67,0.46,0.6242603550295858,0.4010695187165775,0.04573964497041427,0.05893048128342254
571760,2024,120,2024-07-26,0.67,0.4,0.6401766004415012,0.42,0.029823399558498886,-0.019999999999999962
571760,2025,30,2025-04-26,0.63,0.58,0.652542372881356,0.5344827586206896,-0.022542372881355965,0.04551724137931035
571760,2025,60,2025-05-26,0.59,0.2,0.6220472440944882,0.3577235772357723,-0.032047244094488225,-0.1577235772357723
571760,2025,90,2025-06-25,0.59,0.4,0.6164383561643836,0.367816091954023,-0.026438356164383614,0.03218390804597704
571760,2025,120,2025-07-25,0.61,0.28,0.6132723112128147,0.3507109004739336,-0.0032723112128146825,-0.07071090047393358
572143,2018,120,2018-07-27,0.53,0.44,0.5787037037037037,0.4473684210526316,-0.048703703703703694,-0.00736842105263158
592332,2018,30,2018-04-28,0.5,0.42,0.496,0.40625,0.0040000000000000036,0.013749999999999984
592332,2018,60,2018-05-28,0.6,0.4,0.5373665480427047,0.3959731543624161,0.0626334519572953,0.004026845637583931
592332,2018,90,2018-06-27,0.56,0.34,0.5467980295566502,0.3866666666666666,0.013201970443349809,-0.04666666666666658
592332,2018,120,2018-07-27,0.63,0.28,0.5643564356435643,0.3616236162361623,0.0656435643564357,-0.08162361623616227
592332,2019,30,2019-04-19,,,0.6056338028169014,0.5641025641025641,,
592332,2019,60,2019-05-19,0.66,0.38,0.6390243902439025,0.4761904761904761,0.02097560975609758,-0.0961904761904761
592332,2019,90,2019-06-18,0.61,0.34,0.6267605633802817,0.4507042253521127,-0.016760563380281757,-0.11070422535211266
592332,2019,120,2019-07-18,0.61,0.34,0.6267605633802817,0.4507042253521127,-0.016760563380281757,-0.11070422535211266
592332,2021,30,2021-05-01,0.54,0.56,0.5769230769230769,0.5230769230769231,-0.036923076923076836,0.03692307692307695
592332,2021,60,2021-05-31,0.71,0.54,0.6245353159851301,0.5460526315789473,0.08546468401486984,-0.0060526315789473095
592332,2021,90,2021-06-30,0.63,0.52,0.6237113402061856,0.5446009389671361,0.006288659793814433,-0.02460093896713611
592332,2021,120,2021-07-30,0.64,0.4,0.6285140562248996,0.5209790209790209,0.011485943775100371,-0.12097902097902091
592332,2022,30,2022-05-07,0.7,0.54,0.7074829931972789,0.5227272727272727,-0.007482993197278964,0.01727272727272733
592332,2022,60,2022-06-06,0.69,0.36,0.6981132075471698,0.4506172839506173,-0.00811320754716982,-0.0906172839506173
592332,2022,90,2022-07-06,0.67,0.5,0.692722371967655,0.4608294930875576,-0.02272237196765492,0.03917050691244239
592332,2022,120,2022-08-05,0.67,0.54,0.6860215053763441,0.4765342960288808,-0.01602150537634406,0.06346570397111923
592332,2023,30,2023-04-29,0.69,0.64,0.6987179487179487,0.6206896551724138,-0.008717948717948731,0.0193103448275862
592332,2023,60,2023-05-29,0.67,0.46,0.6619217081850534,0.5493827160493827,0.008078291814946681,-0.0893827160493827
592332,2023,90,2023-06-28,0.6,0.44,0.6229508196721312,0.5366795366795367,-0.022950819672131195,-0.09667953667953672
592332,2023,120,2023-07-28,0.62,0.54,0.6238003838771593,0.5428571428571428,-0.003800383877159308,-0.0028571428571427804
592332,2024,30,2024-04-27,,0.32,0.6288659793814433,0.3396226415094339,,-0.01962264150943388
592332,2024,60,2024-05-27,0.72,0.52,0.6745283018867925,0.4076923076923077,0.045471698113207504,0.11230769230769233
592332,2024,90,2024-06-26,0.63,0.44,0.6612466124661247,0.4077669902912621,-0.0312466124661247,0.03223300970873788
592332,2024,120,2024-07-26,0.65,0.48,0.6582809224318659,0.4176245210727969,-0.008280922431865845,0.062375478927203076
592332,2025,30,2025-04-26,0.67,0.44,0.6982758620689655,0.3768115942028985,-0.028275862068965485,0.0631884057971015
592332,2025,60,2025-05-26,0.74,0.42,0.7125984251968503,0.3885350318471338,0.027401574803149642,0.0314649681528662
592332,2025,90,2025-06-25,0.62,0.46,0.6810344827586207,0.4038461538461538,-0.06103448275862067,0.05615384615384622
592332,2025,120,2025-07-25,0.66,0.4,0.6757322175732218,0.3957597173144876,-0.01573221757322174,0.004240282685512409
592332,2026,30,2026-04-25,0.58,0.36,0.6187050359712231,0.4935064935064935,-0.0387050359712231,-0.13350649350649352
592332,2026,59,2026-05-22,0.66,0.4,0.6216216216216216,0.4236111111111111,0.03837837837837843,-0.023611111111111083
592761,2018,30,2018-04-28,,0.5,0.6428571428571429,0.4923076923076923,,0.0076923076923077205
592761,2018,60,2018-05-28,0.56,0.4,0.592274678111588,0.4758620689655172,-0.03227467811158791,-0.07586206896551717
592761,2019,30,2019-04-19,,0.52,0.5402298850574713,0.5471698113207547,,-0.02716981132075469
592761,2019,60,2019-05-19,0.63,0.52,0.5956284153005464,0.525,0.03437158469945356,-0.0050000000000000044
592761,2019,90,2019-06-18,0.65,0.36,0.6245210727969349,0.4764705882352941,0.025478927203065105,-0.1164705882352941
592761,2019,120,2019-07-18,0.6,0.42,0.6072507552870091,0.4784688995215311,-0.007250755287009136,-0.058468899521531115
592761,2021,90,2021-06-30,0.58,0.4,0.5663082437275986,0.4385964912280701,0.013691756272401379,-0.03859649122807007
592761,2021,120,2021-07-30,0.59,0.42,0.5694822888283378,0.4324324324324324,0.020517711171662123,-0.012432432432432416
593372,2018,30,2018-04-28,0.59,0.5,0.6139240506329114,0.4878048780487805,-0.023924050632911475,0.012195121951219523
593372,2018,60,2018-05-28,0.52,0.36,0.5761904761904761,0.4392523364485981,-0.056190476190476124,-0.07925233644859814
593372,2018,90,2018-06-27,0.63,0.34,0.5858895705521472,0.4294117647058823,0.04411042944785282,-0.0894117647058823
593372,2018,120,2018-07-27,0.64,0.4,0.5985915492957746,0.4158878504672897,0.041408450704225386,-0.015887850467289688
593372,2021,30,2021-05-01,0.68,0.32,0.6694915254237288,0.3148148148148148,0.010508474576271243,0.005185185185185182
593372,2021,60,2021-05-31,0.62,0.3,0.6470588235294118,0.3061224489795918,-0.027058823529411802,-0.006122448979591799
593372,2021,90,2021-06-30,0.58,0.46,0.6267806267806267,0.3548387096774194,-0.04678062678062678,0.10516129032258065
596043,2018,30,2018-04-28,0.59,0.38,0.5845070422535211,0.3809523809523809,0.005492957746478844,-0.0009523809523808713
596043,2018,60,2018-05-28,0.69,0.28,0.6390977443609023,0.3467741935483871,0.05090225563909767,-0.0667741935483871
596043,2018,90,2018-06-27,0.61,0.26,0.6358839050131926,0.3254437869822485,-0.0258839050131926,-0.06544378698224851
596043,2018,120,2018-07-27,0.61,0.26,0.6358839050131926,0.3254437869822485,-0.0258839050131926,-0.06544378698224851
596043,2019,60,2019-05-19,,,0.6078431372549019,,,
596043,2019,90,2019-06-18,0.58,0.34,0.5925925925925926,0.3333333333333333,-0.0125925925925926,0.00666666666666671
596043,2019,120,2019-07-18,0.64,0.28,0.6237623762376238,0.3148148148148148,0.016237623762376252,-0.0348148148148148
605540,2018,60,2018-05-28,,0.34,0.5348837209302325,0.3508771929824561,,-0.010877192982456096
605540,2019,30,2019-04-19,,0.48,0.5054945054945055,0.4333333333333333,,0.04666666666666669
605540,2019,60,2019-05-19,0.61,0.52,0.5836909871244635,0.4468085106382978,0.02630901287553644,0.07319148936170222
605540,2019,90,2019-06-18,0.61,0.52,0.6,0.4784688995215311,0.010000000000000009,0.04153110047846892
605540,2019,120,2019-07-18,0.67,0.54,0.6129032258064516,0.4962121212121212,0.057096774193548416,0.04378787878787882
605540,2021,30,2021-05-01,0.67,0.42,0.6766917293233082,0.4814814814814814,-0.006691729323308193,-0.061481481481481415
605540,2021,60,2021-05-31,0.64,0.5,0.6603053435114504,0.5222929936305732,-0.020305343511450413,-0.022292993630573243
605540,2021,90,2021-06-30,0.63,0.5,0.6493506493506493,0.5130434782608696,-0.01935064935064934,-0.013043478260869601
605540,2021,120,2021-07-30,0.67,0.46,0.6542443064182195,0.5105633802816901,0.015755693581780528,-0.05056338028169011
605540,2022,30,2022-05-07,0.76,0.56,0.7403846153846154,0.4366197183098591,0.01961538461538459,0.12338028169014098
605540,2022,60,2022-06-06,0.64,0.44,0.6827956989247311,0.4416666666666666,-0.04279569892473112,-0.0016666666666665941
605540,2022,90,2022-07-06,0.58,0.56,0.6592920353982301,0.4829931972789115,-0.07929203539823015,0.07700680272108856
605540,2022,120,2022-08-05,0.67,0.44,0.6507042253521127,0.4727272727272727,0.019295774647887343,-0.032727272727272716
605540,2023,30,2023-04-29,,,,,,
605540,2023,60,2023-05-29,,,,,,
605540,2023,90,2023-06-28,,,,,,
605540,2023,120,2023-07-28,,,,,,
605540,2025,120,2025-07-25,,,0.7457627118644068,0.6764705882352942,,
605540,2026,30,2026-04-25,0.68,0.42,0.6637931034482759,0.4423076923076923,0.016206896551724137,-0.022307692307692306
605540,2026,59,2026-05-22,0.68,0.42,0.6504065040650406,0.4629629629629629,0.029593495934959413,-0.042962962962962925
606965,2019,120,2019-07-18,0.68,0.4,0.6502732240437158,0.4356435643564356,0.029726775956284257,-0.035643564356435564
607536,2018,30,2018-04-28,0.56,0.42,0.5478260869565217,0.4166666666666667,0.012173913043478368,0.0033333333333332993
607536,2018,60,2018-05-28,0.63,0.44,0.582995951417004,0.4262295081967213,0.047004048582996005,0.013770491803278717
607536,2018,90,2018-06-27,0.61,0.34,0.6039603960396039,0.405,0.006039603960396045,-0.065
607536,2018,120,2018-07-27,0.61,0.36,0.5946969696969697,0.3875968992248062,0.015303030303030263,-0.027596899224806237
607536,2019,30,2019-04-19,0.62,0.52,0.6386554621848739,0.5084745762711864,-0.018655462184873906,0.0115254237288136
607536,2019,60,2019-05-19,0.59,0.28,0.6244725738396625,0.396551724137931,-0.03447257383966251,-0.11655172413793097
607536,2019,90,2019-06-18,0.63,0.26,0.63003663003663,0.3656716417910448,-3.6630036630014295e-05,-0.10567164179104477
607536,2019,120,2019-07-18,0.63,0.26,0.6348122866894198,0.3611111111111111,-0.004812286689419798,-0.1011111111111111
607536,2021,60,2021-05-31,,,,,,
607536,2021,90,2021-06-30,0.64,0.4,0.6375838926174496,0.3823529411764705,0.002416107382550381,0.017647058823529516
607536,2021,120,2021-07-30,0.61,0.38,0.6254681647940075,0.3801652892561983,-0.015468164794007477,-0.0001652892561982977
607536,2022,30,2022-05-07,0.62,0.4,0.6357142857142857,0.4333333333333333,-0.01571428571428568,-0.03333333333333327
607536,2022,60,2022-06-06,0.63,0.38,0.6259259259259259,0.4090909090909091,0.004074074074074119,-0.02909090909090911
607536,2022,90,2022-07-06,0.63,0.32,0.6234413965087282,0.3818181818181818,0.006558603491271797,-0.06181818181818177
607536,2022,120,2022-08-05,0.53,0.46,0.5927342256214149,0.4009009009009009,-0.06273422562141484,0.059099099099099106
607536,2023,30,2023-04-29,0.55,0.4,0.5703703703703704,0.3684210526315789,-0.020370370370370372,0.031578947368421095
607536,2023,60,2023-05-29,0.59,0.34,0.5826446280991735,0.3669724770642202,0.007355371900826468,-0.02697247706422018
607536,2023,90,2023-06-28,0.68,0.3,0.6185567010309279,0.3169398907103825,0.06144329896907219,-0.016939890710382488
607536,2023,120,2023-07-28,0.63,0.32,0.6148936170212767,0.3121951219512195,0.015106382978723354,0.007804878048780495
607536,2024,30,2024-04-27,,,0.5795454545454546,0.2903225806451613,,
607536,2024,60,2024-05-27,,,0.5795454545454546,0.2903225806451613,,
607536,2024,90,2024-06-26,0.64,,0.6203703703703703,0.3023255813953488,0.019629629629629664,
607536,2024,120,2024-07-26,0.69,0.52,0.6440677966101694,0.4158415841584158,0.045932203389830506,0.1041584158415842
607536,2025,30,2025-04-26,0.6,0.32,0.6370370370370371,0.3770491803278688,-0.03703703703703709,-0.05704918032786882
607536,2025,60,2025-05-26,0.71,0.36,0.67578125,0.3728813559322034,0.034218749999999964,-0.012881355932203409
607536,2025,90,2025-06-25,0.63,0.36,0.6554878048780488,0.3677419354838709,-0.025487804878048803,-0.007741935483870921
607536,2025,120,2025-07-25,0.72,0.3,0.6726057906458798,0.3507109004739336,0.0473942093541202,-0.05071090047393362
607536,2026,30,2026-04-25,,,0.6567164179104478,0.3611111111111111,,
607536,2026,59,2026-05-22,0.61,0.36,0.6298342541436464,0.3608247422680412,-0.019834254143646368,-0.0008247422680411898
607644,2019,30,2019-04-19,,,0.582089552238806,0.3863636363636363,,
607644,2019,60,2019-05-19,0.61,0.24,0.5824175824175825,0.3177570093457944,0.02758241758241753,-0.07775700934579438
607644,2019,90,2019-06-18,0.6,0.36,0.584192439862543,0.3333333333333333,0.01580756013745699,0.026666666666666672
607644,2019,120,2019-07-18,0.56,0.32,0.5840220385674931,0.3395348837209302,-0.024022038567493076,-0.019534883720930207
607644,2021,30,2021-05-01,0.68,0.54,0.6834532374100719,0.4418604651162791,-0.0034532374100718632,0.09813953488372096
607644,2021,60,2021-05-31,0.73,0.4,0.7262357414448669,0.4533333333333333,0.003764258555133071,-0.05333333333333329
607644,2021,90,2021-06-30,0.71,0.38,0.7238805970149254,0.448051948051948,-0.013880597014925389,-0.06805194805194797
607644,2021,120,2021-07-30,0.76,0.34,0.7421383647798742,0.4319526627218935,0.01786163522012585,-0.09195266272189345
608717,2018,30,2018-04-28,0.61,0.38,0.5925925925925926,0.3648648648648648,0.017407407407407427,0.015135135135135203
608717,2018,60,2018-05-28,0.56,0.32,0.5737051792828686,0.3555555555555555,-0.013705179282868518,-0.03555555555555551
608717,2018,90,2018-06-27,0.57,0.26,0.5772357723577236,0.3401015228426396,-0.007235772357723658,-0.0801015228426396
608717,2018,120,2018-07-27,0.61,0.28,0.5905882352941176,0.331858407079646,0.01941176470588235,-0.05185840707964595
608717,2019,30,2019-04-19,,,0.5697674418604651,0.25,,
608717,2019,60,2019-05-19,0.58,0.42,0.5808383233532934,0.35,-0.0008383233532934797,0.07
608717,2019,90,2019-06-18,0.57,0.4,0.5714285714285714,0.3411764705882353,-0.0014285714285714457,0.05882352941176472
615698,2019,60,2019-05-19,,,0.5492957746478874,0.2941176470588235,,
615698,2019,90,2019-06-18,0.51,0.36,0.5147058823529411,0.375,-0.004705882352941115,-0.015000000000000013
615698,2019,120,2019-07-18,0.52,0.3,0.5396039603960396,0.3611111111111111,-0.01960396039603962,-0.061111111111111116
615698,2021,90,2021-06-30,0.66,0.28,0.665158371040724,0.3545454545454545,-0.005158371040723919,-0.07454545454545447
615698,2021,120,2021-07-30,0.65,0.28,0.655786350148368,0.3333333333333333,-0.005786350148367925,-0.05333333333333329
615698,2022,30,2022-05-07,0.57,0.32,0.5565217391304348,0.293103448275862,0.013478260869565162,0.026896551724138018
615698,2022,60,2022-06-06,0.73,0.32,0.6376146788990825,0.3,0.09238532110091746,0.020000000000000018
615698,2022,90,2022-07-06,0.65,0.36,0.6327077747989276,0.3072625698324022,0.01729222520107243,0.0527374301675978
615698,2022,120,2022-08-05,0.64,0.34,0.6323232323232323,0.3048780487804878,0.007676767676767726,0.035121951219512226
615698,2023,30,2023-04-29,0.62,0.28,0.5982905982905983,0.2884615384615384,0.02170940170940172,-0.008461538461538354
615698,2023,60,2023-05-29,0.62,0.3,0.6074380165289256,0.2924528301886792,0.0125619834710744,0.0075471698113208086
615698,2023,90,2023-06-28,0.66,0.3,0.6226415094339622,0.2857142857142857,0.037358490566037794,0.01428571428571429
615698,2023,120,2023-07-28,0.61,0.22,0.6156351791530945,0.2620689655172414,-0.005635179153094527,-0.0420689655172414
615698,2024,30,2024-04-27,0.64,0.26,0.6433566433566433,0.2394366197183098,-0.0033566433566433185,0.02056338028169022
615698,2024,60,2024-05-27,0.64,0.44,0.6513409961685823,0.3475177304964539,-0.011340996168582307,0.0924822695035461
615698,2024,90,2024-06-26,0.63,0.26,0.6464379947229552,0.3121951219512195,-0.01643799472295515,-0.0521951219512195
615698,2024,120,2024-07-26,0.54,0.36,0.6290983606557377,0.3282442748091603,-0.08909836065573762,0.03175572519083969
615698,2025,30,2025-04-26,0.61,,0.6190476190476191,0.2653061224489796,-0.009047619047619082,
615698,2025,60,2025-05-26,0.6,0.36,0.6041666666666666,0.3131313131313131,-0.004166666666666652,0.04686868686868689
615698,2025,90,2025-06-25,0.61,0.28,0.6033898305084746,0.3148148148148148,0.006610169491525375,-0.0348148148148148
615698,2025,120,2025-07-25,0.6,0.46,0.6045918367346939,0.3507109004739336,-0.004591836734693877,0.10928909952606641
640470,2021,30,2021-05-01,,,0.7037037037037037,0.4791666666666667,,
640470,2021,60,2021-05-31,0.64,0.36,0.6443298969072165,0.4678899082568807,-0.004329896907216524,-0.10788990825688072
640470,2021,90,2021-06-30,0.6,0.42,0.6343283582089553,0.4635761589403973,-0.0343283582089553,-0.04357615894039729
640470,2021,120,2021-07-30,0.57,0.48,0.6230366492146597,0.4634146341463415,-0.05303664921465978,0.016585365853658496
641447,2021,30,2021-05-01,,,0.4655172413793103,,,
641447,2022,90,2022-07-06,0.65,0.26,0.6216216216216216,0.25,0.02837837837837842,0.010000000000000009
642547,2018,60,2018-05-28,,,,,,
642547,2018,90,2018-06-27,,0.6,0.5595238095238095,0.625,,-0.025000000000000022
642547,2018,120,2018-07-27,0.61,0.44,0.5895953757225434,0.5181818181818182,0.020404624277456596,-0.07818181818181819
642547,2019,30,2019-04-19,,,0.5903614457831325,0.4888888888888889,,
642547,2019,60,2019-05-19,0.64,0.38,0.6326530612244898,0.4268292682926829,0.007346938775510181,-0.04682926829268291
642547,2021,30,2021-05-01,0.54,0.68,0.504424778761062,0.6923076923076923,0.03557522123893808,-0.012307692307692242
642547,2021,60,2021-05-31,0.62,0.46,0.5625,0.6058394160583942,0.057499999999999996,-0.14583941605839418
642547,2021,90,2021-06-30,0.62,0.6,0.5811209439528023,0.6009852216748769,0.03887905604719766,-0.0009852216748769127
642547,2021,120,2021-07-30,0.68,0.52,0.5981087470449172,0.5846774193548387,0.08189125295508282,-0.06467741935483873
642547,2022,30,2022-05-07,0.53,0.48,0.5247524752475248,0.4761904761904761,0.005247524752475252,0.0038095238095238737
642547,2022,60,2022-06-06,0.62,0.54,0.5636363636363636,0.5050505050505051,0.056363636363636394,0.03494949494949495
642547,2022,90,2022-07-06,0.62,0.54,0.5636363636363636,0.5050505050505051,0.056363636363636394,0.03494949494949495
642547,2022,120,2022-08-05,0.62,0.5,0.5659340659340659,0.4953271028037383,0.054065934065934074,0.004672897196261683
642547,2023,30,2023-04-29,0.61,0.48,0.5950413223140496,0.484375,0.014958677685950383,-0.004375000000000018
642547,2023,60,2023-05-29,0.62,0.36,0.6041666666666666,0.4566929133858268,0.015833333333333366,-0.0966929133858268
642547,2023,90,2023-06-28,0.59,0.54,0.6068376068376068,0.4708994708994709,-0.016837606837606822,0.06910052910052916
642547,2023,120,2023-07-28,0.57,0.6,0.5982721382289417,0.5019157088122606,-0.0282721382289417,0.09808429118773943
642547,2024,30,2024-04-27,0.61,0.68,0.6052631578947368,0.6440677966101694,0.00473684210526315,0.03593220338983061
642547,2024,60,2024-05-27,0.61,0.52,0.6103896103896104,0.5882352941176471,-0.0003896103896103842,-0.06823529411764706
642547,2024,90,2024-06-26,0.6,0.44,0.6071428571428571,0.5495049504950495,-0.0071428571428571175,-0.10950495049504955
642547,2024,120,2024-07-26,0.68,0.42,0.6120331950207469,0.5202952029520295,0.06796680497925311,-0.10029520295202948
642547,2025,30,2025-04-26,0.52,0.4,0.5367647058823529,0.4556962025316455,-0.016764705882352904,-0.05569620253164548
642547,2025,60,2025-05-26,0.6,0.4,0.5604838709677419,0.4316546762589928,0.039516129032258096,-0.031654676258992764
642547,2025,90,2025-06-25,0.65,0.46,0.5974025974025974,0.4495412844036697,0.05259740259740264,0.010458715596330326
642547,2025,120,2025-07-25,0.61,0.46,0.5988023952095808,0.4548611111111111,0.011197604790419202,0.005138888888888915
642547,2026,30,2026-04-25,0.63,0.42,0.6474820143884892,0.4444444444444444,-0.017482014388489175,-0.024444444444444435
642547,2026,59,2026-05-22,0.57,0.38,0.6094420600858369,0.421875,-0.03944206008583695,-0.041874999999999996
643338,2019,90,2019-06-18,0.62,0.5,0.6111111111111112,0.4477611940298507,0.008888888888888835,0.052238805970149294
643338,2019,120,2019-07-18,0.63,0.54,0.6385542168674698,0.4615384615384615,-0.008554216867469822,0.07846153846153853
643377,2021,120,2021-07-30,0.57,0.34,0.5689655172413793,0.3492063492063492,0.001034482758620614,-0.009206349206349163
643377,2026,59,2026-05-22,0.68,0.46,0.652542372881356,0.4137931034482758,0.02745762711864408,0.04620689655172422
656713,2019,120,2019-07-18,,,0.5862068965517241,0.3714285714285714,,
663455,2022,60,2022-06-06,,0.46,0.5443037974683544,0.4509803921568627,,0.009019607843137323
663455,2022,90,2022-07-06,0.52,0.38,0.5304878048780488,0.4047619047619047,-0.01048780487804879,-0.024761904761904707
663455,2022,120,2022-08-05,0.52,0.3,0.5311004784688995,0.3738317757009345,-0.0111004784688995,-0.07383177570093452
666201,2021,90,2021-06-30,0.53,0.48,0.5528455284552846,0.5,-0.022845528455284536,-0.020000000000000018
666201,2021,120,2021-07-30,0.58,0.62,0.5654761904761905,0.5473684210526316,0.014523809523809494,0.07263157894736838
666201,2022,30,2022-05-07,0.68,0.44,0.652542372881356,0.4705882352941176,0.02745762711864408,-0.030588235294117583
666201,2022,60,2022-06-06,0.65,0.38,0.6546184738955824,0.4160583941605839,-0.004618473895582342,-0.03605839416058387
666201,2022,90,2022-07-06,0.6,0.4,0.6334164588528678,0.4205607476635514,-0.033416458852867814,-0.02056074766355137
666201,2022,120,2022-08-05,0.62,0.44,0.630188679245283,0.4265232974910394,-0.010188679245282994,0.013476702508960603
666201,2023,30,2023-04-29,0.57,0.4,0.5655172413793104,0.3684210526315789,0.004482758620689586,0.031578947368421095
666201,2023,60,2023-05-29,0.5,0.3,0.5411764705882353,0.3484848484848485,-0.04117647058823526,-0.04848484848484852
666201,2023,90,2023-06-28,0.52,0.32,0.5567375886524822,0.3157894736842105,-0.03673758865248222,0.004210526315789498
666201,2023,120,2023-07-28,0.63,0.32,0.5734870317002881,0.3315508021390374,0.05651296829971186,-0.01155080213903742
666201,2024,60,2024-05-27,,,0.6224489795918368,0.4791666666666667,,
669022,2022,30,2022-05-07,,0.44,0.5529411764705883,0.44,,0.0
669022,2022,60,2022-06-06,0.63,0.6,0.6,0.5135135135135135,0.030000000000000027,0.08648648648648649
669022,2022,90,2022-07-06,0.61,0.36,0.6093189964157706,0.4533333333333333,0.0006810035842294004,-0.09333333333333332
669022,2023,30,2023-04-29,0.69,0.5,0.6666666666666666,0.4729729729729729,0.023333333333333317,0.027027027027027084
669022,2023,60,2023-05-29,0.51,0.48,0.5903614457831325,0.4654088050314465,-0.08036144578313253,0.01459119496855349
669022,2023,90,2023-06-28,0.66,0.48,0.6038251366120219,0.4684684684684684,0.05617486338797817,0.01153153153153158
669022,2023,120,2023-07-28,0.47,0.44,0.5773420479302832,0.4626865671641791,-0.10734204793028324,-0.022686567164179106
669022,2024,30,2024-04-27,0.54,0.46,0.5229357798165137,0.4305555555555556,0.0170642201834863,0.02944444444444444
669022,2024,60,2024-05-27,0.57,0.5,0.5398230088495575,0.4626865671641791,0.030176991150442478,0.03731343283582089
669022,2024,90,2024-06-26,0.56,0.44,0.5576407506702413,0.4583333333333333,0.002359249329758728,-0.018333333333333313
669022,2024,120,2024-07-26,0.49,0.3,0.5433403805496829,0.4321428571428571,-0.05334038054968293,-0.13214285714285712
669022,2025,30,2025-04-26,0.54,0.56,0.5985915492957746,0.5760869565217391,-0.05859154929577459,-0.016086956521739082
669022,2025,60,2025-05-26,0.59,0.52,0.5968992248062015,0.5443786982248521,-0.0068992248062015316,-0.024378698224852058
669022,2025,90,2025-06-25,0.57,0.42,0.5798525798525799,0.5182186234817814,-0.009852579852579924,-0.0982186234817814
669022,2025,120,2025-07-25,0.52,0.3,0.5679513184584178,0.4847457627118644,-0.047951318458417824,-0.18474576271186444
669022,2026,30,2026-04-25,0.64,0.44,0.6165413533834586,0.5121951219512195,0.0234586466165414,-0.07219512195121952
669022,2026,59,2026-05-22,0.58,0.36,0.5943396226415094,0.4741379310344827,-0.014339622641509453,-0.11413793103448272
669160,2023,30,2023-04-29,0.62,0.28,0.625,0.3150684931506849,-0.0050000000000000044,-0.03506849315068489
669160,2025,30,2025-04-26,,,0.5760869565217391,0.4318181818181818,,
669160,2025,60,2025-05-26,0.59,0.54,0.5607476635514018,0.4851485148514851,0.02925233644859815,0.054851485148514956
669160,2025,90,2025-06-25,0.53,0.4,0.5558823529411765,0.4645161290322581,-0.025882352941176467,-0.06451612903225806
669160,2025,120,2025-07-25,0.6,0.46,0.5617715617715617,0.4623115577889447,0.038228438228438244,-0.002311557788944707
669160,2026,30,2026-04-25,0.52,0.36,0.5370370370370371,0.3703703703703703,-0.017037037037037073,-0.010370370370370308
669160,2026,59,2026-05-22,0.59,0.34,0.5622317596566524,0.3471074380165289,0.027768240343347572,-0.007107438016528855
669169,2022,60,2022-06-06,0.52,0.3,0.5384615384615384,0.2727272727272727,-0.018461538461538418,0.027272727272727282
669169,2022,90,2022-07-06,0.58,0.38,0.56,0.3423423423423423,0.019999999999999907,0.03765765765765772
669169,2022,120,2022-08-05,0.6,0.3,0.5625,0.328,0.03749999999999998,-0.028000000000000025
669194,2023,30,2023-04-29,0.54,0.32,0.5431034482758621,0.293103448275862,-0.003103448275862064,0.026896551724138018
669194,2023,60,2023-05-29,0.51,0.34,0.5555555555555556,0.3008130081300813,-0.04555555555555557,0.0391869918699187
669194,2023,90,2023-06-28,0.71,0.42,0.6066481994459834,0.3152173913043478,0.1033518005540166,0.1047826086956522
669194,2023,120,2023-07-28,0.61,0.3,0.6112266112266113,0.3133047210300429,-0.0012266112266112739,-0.013304721030042932
669194,2024,30,2024-04-27,,,0.704225352112676,0.3823529411764705,,
669194,2024,60,2024-05-27,0.64,0.3,0.6625766871165644,0.345679012345679,-0.022576687116564353,-0.045679012345679004
669194,2024,90,2024-06-26,0.65,0.28,0.6579804560260586,0.3172413793103448,-0.007980456026058569,-0.03724137931034477
669194,2024,120,2024-07-26,0.73,0.44,0.6744730679156908,0.35,0.055526932084309144,0.09000000000000002
669194,2025,60,2025-05-26,0.62,0.4,0.6298701298701299,0.4415584415584415,-0.009870129870129918,-0.04155844155844146
669194,2025,90,2025-06-25,0.64,0.36,0.6300813008130082,0.4031007751937984,0.009918699186991842,-0.0431007751937984
669194,2025,120,2025-07-25,0.63,0.38,0.631578947368421,0.4033149171270718,-0.0015789473684210131,-0.023314917127071788
669194,2026,30,2026-04-25,,,0.5833333333333334,0.4081632653061224,,
669194,2026,59,2026-05-22,0.65,0.44,0.600896860986547,0.4181818181818181,0.04910313901345298,0.021818181818181903
669947,2023,120,2023-07-28,0.69,0.3,0.6903225806451613,0.3333333333333333,-0.00032258064516133,-0.033333333333333326
669947,2026,59,2026-05-22,0.76,0.36,0.7161290322580646,0.3835616438356164,0.04387096774193544,-0.02356164383561643
672715,2021,60,2021-05-31,,,0.4354838709677419,0.475,,
672715,2021,90,2021-06-30,,,0.4354838709677419,0.475,,
672715,2021,120,2021-07-30,0.59,0.36,0.5481481481481482,0.4137931034482758,0.04185185185185181,-0.053793103448275814
672715,2022,120,2022-08-05,,,,,,
676130,2023,30,2023-04-29,,,,,,
676130,2023,60,2023-05-29,,,0.4464285714285714,,,
676130,2023,90,2023-06-28,,,0.4464285714285714,,,
676130,2023,120,2023-07-28,,,0.4464285714285714,,,
676130,2024,30,2024-04-27,,,0.5777777777777777,0.5681818181818182,,
676272,2023,60,2023-05-29,,,,,,
676272,2023,90,2023-06-28,0.65,0.48,0.6666666666666666,0.4492753623188406,-0.016666666666666607,0.030724637681159406
676272,2023,120,2023-07-28,0.62,0.46,0.6506024096385542,0.4402985074626865,-0.030602409638554207,0.019701492537313514
676272,2024,30,2024-04-27,,,0.54,0.5806451612903226,,
676272,2024,60,2024-05-27,,,0.54,0.5806451612903226,,
676272,2024,90,2024-06-26,,,0.5862068965517241,0.4375,,
676272,2024,120,2024-07-26,0.59,0.26,0.5714285714285714,0.375,0.018571428571428572,-0.11499999999999999
676710,2022,90,2022-07-06,0.52,0.52,0.5221238938053098,0.5333333333333333,-0.002123893805309751,-0.013333333333333308
676710,2022,120,2022-08-05,0.68,0.4,0.5982142857142857,0.4705882352941176,0.08178571428571435,-0.07058823529411756
676710,2023,30,2023-04-29,,0.46,0.6105263157894737,0.4444444444444444,,0.0155555555555556
676710,2023,60,2023-05-29,0.62,0.4,0.6239316239316239,0.4347826086956521,-0.00393162393162394,-0.034782608695652084
676710,2023,90,2023-06-28,0.69,0.4,0.6523809523809524,0.4098360655737705,0.03761904761904755,-0.00983606557377048
676710,2023,120,2023-07-28,0.58,0.48,0.627831715210356,0.4342857142857143,-0.04783171521035601,0.04571428571428571
676710,2024,30,2024-04-27,0.61,0.4,0.5869565217391305,0.4594594594594595,0.0230434782608695,-0.05945945945945946
676710,2024,60,2024-05-27,0.65,0.38,0.6091954022988506,0.4388489208633093,0.040804597701149414,-0.058848920863309284
676710,2024,90,2024-06-26,0.7,0.56,0.6428571428571429,0.4528301886792453,0.05714285714285705,0.10716981132075476
676710,2024,120,2024-07-26,0.75,0.32,0.6652892561983471,0.4296577946768061,0.08471074380165289,-0.10965779467680609
676775,2023,120,2023-07-28,,,0.5384615384615384,0.3823529411764705,,
676775,2024,30,2024-04-27,0.66,0.36,0.6605504587155964,0.3770491803278688,-0.0005504587155963359,-0.01704918032786884
676775,2024,60,2024-05-27,0.62,0.36,0.6573033707865169,0.3626373626373626,-0.03730337078651691,-0.002637362637362639
678906,2026,59,2026-05-22,0.58,0.4,0.5905511811023622,0.4285714285714285,-0.010551181102362195,-0.02857142857142847
680686,2022,30,2022-05-07,0.53,0.5,0.5267175572519084,0.4927536231884058,0.0032824427480916407,0.00724637681159418
680686,2022,60,2022-06-06,0.62,0.42,0.5737704918032787,0.4592592592592592,0.046229508196721336,-0.039259259259259216
680686,2022,90,2022-07-06,0.56,0.56,0.5853658536585366,0.4641148325358851,-0.025365853658536497,0.09588516746411496
680686,2022,120,2022-08-05,0.53,0.52,0.5733041575492341,0.4724409448818897,-0.04330415754923411,0.047559055118110316
680686,2023,30,2023-04-29,0.57,0.34,0.5555555555555556,0.373134328358209,0.014444444444444371,-0.03313432835820895
680686,2023,60,2023-05-29,0.58,0.32,0.5559701492537313,0.3695652173913043,0.02402985074626862,-0.04956521739130432
680686,2023,90,2023-06-28,0.6,0.44,0.5684754521963824,0.3804878048780488,0.031524547803617575,0.05951219512195122
680686,2023,120,2023-07-28,0.65,0.32,0.5822050290135397,0.3713235294117647,0.06779497098646037,-0.05132352941176471
686752,2022,60,2022-06-06,,,0.5576923076923077,0.3823529411764705,,
686752,2022,90,2022-07-06,,,0.6197183098591549,0.3958333333333333,,
686752,2022,120,2022-08-05,,,0.6197183098591549,0.3958333333333333,,
686752,2024,30,2024-04-27,0.7,0.46,0.6909090909090909,0.4558823529411764,0.009090909090909038,0.004117647058823615
686752,2024,60,2024-05-27,0.65,0.42,0.6666666666666666,0.4583333333333333,-0.016666666666666607,-0.03833333333333333
686752,2024,90,2024-06-26,0.6,0.56,0.6505190311418685,0.5,-0.05051903114186851,0.06000000000000005
686752,2024,120,2024-07-26,0.56,0.38,0.6392045454545454,0.4607843137254901,-0.07920454545454536,-0.08078431372549011
686752,2025,30,2025-04-26,0.63,0.46,0.5850340136054422,0.4415584415584415,0.044965986394557844,0.018441558441558537
686752,2025,60,2025-05-26,0.59,0.34,0.583969465648855,0.3880597014925373,0.006030534351144978,-0.0480597014925373
686752,2025,90,2025-06-25,0.67,0.58,0.6164021164021164,0.4326923076923077,0.053597883597883644,0.14730769230769225
686752,2025,120,2025-07-25,0.68,0.5,0.6257668711656442,0.4415094339622641,0.054233128834355826,0.05849056603773589
694738,2025,30,2025-04-26,0.61,0.46,0.6140350877192983,0.5166666666666667,-0.00403508771929828,-0.0566666666666667
694738,2025,60,2025-05-26,0.61,0.34,0.6200873362445415,0.4285714285714285,-0.0100873362445415,-0.08857142857142847
694738,2025,90,2025-06-25,0.56,0.42,0.6029850746268657,0.43125,-0.04298507462686563,-0.011250000000000038
694738,2025,120,2025-07-25,0.61,0.34,0.6035634743875279,0.408695652173913,0.006436525612472099,-0.06869565217391299
694738,2026,30,2026-04-25,0.54,0.5,0.5636363636363636,0.5254237288135594,-0.023636363636363567,-0.025423728813559365
694738,2026,59,2026-05-22,0.54,0.4,0.5688888888888889,0.4651162790697674,-0.028888888888888853,-0.06511627906976736
446372,2018,30,2018-04-28,0.66,0.44,0.6646706586826348,0.5280898876404494,-0.004670658682634721,-0.0880898876404494
446372,2018,60,2018-05-28,0.61,0.46,0.6387959866220736,0.4904458598726114,-0.02879598662207361,-0.03044585987261139
446372,2018,90,2018-06-27,0.64,0.42,0.6261682242990654,0.4913043478260869,0.013831775700934634,-0.07130434782608691
446372,2018,120,2018-07-27,0.6,0.38,0.6179775280898876,0.4714285714285714,-0.017977528089887618,-0.09142857142857141
446372,2019,30,2019-04-19,,,0.6559139784946236,0.4772727272727273,,
446372,2021,30,2021-05-01,0.62,0.32,0.6237623762376238,0.3454545454545454,-0.0037623762376237657,-0.025454545454545396
446372,2021,60,2021-05-31,0.64,0.54,0.6272727272727273,0.4545454545454545,0.012727272727272698,0.08545454545454556
446372,2021,90,2021-06-30,0.64,0.54,0.6272727272727273,0.4545454545454545,0.012727272727272698,0.08545454545454556
446372,2021,120,2021-07-30,0.64,0.54,0.6272727272727273,0.4545454545454545,0.012727272727272698,0.08545454545454556
446372,2022,30,2022-05-07,0.6,,0.5904761904761905,0.5102040816326531,0.00952380952380949,
446372,2022,60,2022-06-06,0.67,0.38,0.6310679611650486,0.4380952380952381,0.03893203883495144,-0.05809523809523809
446372,2022,90,2022-07-06,0.68,0.42,0.6577380952380952,0.4210526315789473,0.022261904761904816,-0.001052631578947305
446372,2022,120,2022-08-05,0.7,0.38,0.6616052060737527,0.4230769230769231,0.03839479392624723,-0.04307692307692307
446372,2023,30,2023-04-29,0.68,0.34,0.6509433962264151,0.3703703703703703,0.029056603773584988,-0.03037037037037027
448179,2018,30,2018-04-28,,,0.5303030303030303,0.4285714285714285,,
448179,2018,60,2018-05-28,0.54,0.44,0.5603448275862069,0.4210526315789473,-0.020344827586206815,0.018947368421052713
448179,2018,90,2018-06-27,0.6,0.4,0.5828220858895705,0.4117647058823529,0.01717791411042946,-0.0117647058823529
448179,2018,120,2018-07-27,0.69,0.46,0.6406779661016949,0.4523809523809524,0.04932203389830503,0.007619047619047636
448179,2019,60,2019-05-19,,0.42,0.6627906976744186,0.4285714285714285,,-0.008571428571428508
448179,2019,90,2019-06-18,0.59,0.44,0.6465116279069767,0.4306569343065693,-0.056511627906976725,0.009343065693430685
448179,2019,120,2019-07-18,0.61,0.46,0.6467889908256881,0.4357142857142857,-0.036788990825688095,0.0242857142857143
448179,2021,30,2021-05-01,,0.44,0.6736842105263158,0.4210526315789473,,0.018947368421052713
448179,2021,60,2021-05-31,0.63,0.52,0.6475770925110133,0.4545454545454545,-0.017577092511013248,0.06545454545454554
448179,2021,90,2021-06-30,0.58,0.34,0.6306306306306306,0.425531914893617,-0.05063063063063067,-0.085531914893617
448179,2021,120,2021-07-30,0.68,0.28,0.6447688564476886,0.4088888888888889,0.035231143552311495,-0.1288888888888889
448179,2022,30,2022-05-07,,,0.6590909090909091,0.3541666666666667,,
448179,2022,60,2022-06-06,0.62,0.3,0.6397849462365591,0.3177570093457944,-0.01978494623655913,-0.017757009345794383
448179,2022,90,2022-07-06,0.61,0.4,0.6241610738255033,0.3493975903614458,-0.014161073825503356,0.050602409638554224
448179,2022,120,2022-08-05,0.61,0.36,0.6198083067092651,0.3410404624277456,-0.009808306709265135,0.01895953757225438
448179,2023,30,2023-04-29,0.59,0.38,0.5683453237410072,0.3375,0.021654676258992755,0.04249999999999998
448179,2023,60,2023-05-29,0.55,0.46,0.5568627450980392,0.3793103448275862,-0.006862745098039191,0.08068965517241383
448179,2023,90,2023-06-28,0.56,0.34,0.5618556701030928,0.3703703703703703,-0.0018556701030927325,-0.03037037037037027
448179,2023,120,2023-07-28,0.64,0.18,0.5776031434184676,0.3514492753623188,0.06239685658153238,-0.1714492753623188
448802,2018,30,2018-04-28,0.54,0.44,0.5217391304347826,0.4576271186440678,0.01826086956521744,-0.017627118644067796
448802,2018,60,2018-05-28,0.59,0.44,0.5686274509803921,0.4516129032258064,0.021372549019607834,-0.011612903225806381
450306,2018,60,2018-05-28,0.67,0.42,0.6730769230769231,0.42,-0.003076923076923088,0.0
450306,2018,90,2018-06-27,0.59,0.46,0.6388888888888888,0.4,-0.04888888888888887,0.06
450306,2018,120,2018-07-27,0.58,0.42,0.628140703517588,0.3932584269662921,-0.048140703517588035,0.02674157303370789
450306,2019,30,2019-04-19,,,0.4909090909090909,,,
450306,2019,60,2019-05-19,0.56,0.34,0.5535714285714286,0.3275862068965517,0.00642857142857145,0.012413793103448312
450306,2019,90,2019-06-18,0.64,0.44,0.5780590717299579,0.3839285714285714,0.06194092827004216,0.056071428571428605
450306,2019,120,2019-07-18,0.56,0.42,0.5811965811965812,0.3785310734463277,-0.021196581196581188,0.04146892655367229
456701,2018,30,2018-04-28,0.6,0.36,0.5918367346938775,0.3442622950819672,0.008163265306122436,0.01573770491803278
456701,2018,60,2018-05-28,0.62,0.3,0.5972696245733788,0.304,0.022730375426621152,-0.0040000000000000036
456701,2018,90,2018-06-27,0.62,0.3,0.5972696245733788,0.304,0.022730375426621152,-0.0040000000000000036
456701,2018,120,2018-07-27,0.65,0.34,0.6081504702194357,0.323943661971831,0.04184952978056433,0.016056338028169026
456701,2019,30,2019-04-19,,0.44,0.6739130434782609,0.4406779661016949,,-0.0006779661016949046
456701,2019,60,2019-05-19,0.62,0.3,0.6446700507614214,0.3534482758620689,-0.02467005076142137,-0.053448275862068906
456701,2019,90,2019-06-18,0.61,0.3,0.6430769230769231,0.336734693877551,-0.033076923076923115,-0.03673469387755102
456701,2019,120,2019-07-18,0.56,0.38,0.6240963855421687,0.3455284552845528,-0.06409638554216868,0.03447154471544722
458681,2018,30,2018-04-28,,,0.6111111111111112,0.4468085106382978,,
458681,2018,60,2018-05-28,0.56,0.4,0.5622317596566524,0.4298245614035088,-0.0022317596566523434,-0.029824561403508754
458681,2018,90,2018-06-27,0.57,0.48,0.5630252100840336,0.4444444444444444,0.00697478991596634,0.03555555555555556
458681,2018,120,2018-07-27,0.46,0.34,0.5382978723404256,0.4090909090909091,-0.07829787234042557,-0.06909090909090909
458681,2019,30,2019-04-19,0.6,0.38,0.6,0.375,0.0,0.0050000000000000044
458681,2019,60,2019-05-19,0.56,0.44,0.5899581589958159,0.3983739837398374,-0.029958158995815887,0.0416260162601626
458681,2019,90,2019-06-18,0.63,0.54,0.5949367088607594,0.4722222222222222,0.03506329113924056,0.06777777777777783
458681,2019,120,2019-07-18,0.69,0.48,0.6126629422718808,0.4794520547945205,0.07733705772811916,0.0005479452054794609
458681,2021,30,2021-05-01,,0.54,0.6494845360824743,0.5272727272727272,,0.01272727272727281
458681,2021,60,2021-05-31,0.53,0.32,0.5774647887323944,0.4523809523809524,-0.04746478873239435,-0.13238095238095238
458681,2021,90,2021-06-30,0.57,0.62,0.5741324921135647,0.489010989010989,-0.004132492113564701,0.130989010989011
458681,2021,120,2021-07-30,0.6,0.42,0.582392776523702,0.4879032258064516,0.01760722347629795,-0.06790322580645164
458681,2022,90,2022-07-06,0.58,0.4,0.5798319327731093,0.3968253968253968,0.0001680672268906669,0.003174603174603219
458681,2022,120,2022-08-05,0.63,0.54,0.6068376068376068,0.4341085271317829,0.023162393162393213,0.10589147286821715
458681,2023,30,2023-04-29,0.81,0.48,0.7364864864864865,0.5060240963855421,0.07351351351351354,-0.02602409638554215
458681,2023,60,2023-05-29,0.59,0.44,0.6892857142857143,0.4736842105263157,-0.09928571428571431,-0.033684210526315705
458681,2023,90,2023-06-28,0.66,0.56,0.6732673267326733,0.48,-0.013267326732673279,0.08000000000000007
458681,2023,120,2023-07-28,0.66,0.44,0.6635514018691588,0.4750830564784053,-0.00355140186915881,-0.03508305647840532
458681,2024,30,2024-04-27,0.63,0.46,0.6228070175438597,0.4642857142857143,0.007192982456140307,-0.004285714285714282
458681,2024,60,2024-05-27,0.56,0.38,0.5783132530120482,0.4076923076923077,-0.018313253012048114,-0.027692307692307683
458681,2024,90,2024-06-26,0.7,0.44,0.6211699164345403,0.4148936170212766,0.07883008356545962,0.02510638297872342
458681,2024,120,2024-07-26,0.65,0.34,0.625,0.3983050847457627,0.025000000000000022,-0.05830508474576268
500779,2018,30,2018-04-28,0.65,0.44,0.6379310344827587,0.4,0.012068965517241348,0.03999999999999998
500779,2018,60,2018-05-28,0.61,0.46,0.6223175965665236,0.4224137931034483,-0.012317596566523648,0.03758620689655173
500779,2018,90,2018-06-27,0.67,0.42,0.6416184971098265,0.4157303370786517,0.028381502890173493,0.004269662921348283
500779,2018,120,2018-07-27,0.68,0.38,0.6503340757238307,0.4099099099099099,0.02966592427616932,-0.029909909909909882
500779,2019,30,2019-04-19,,,0.6847826086956522,0.6444444444444445,,
500779,2019,60,2019-05-19,0.64,0.34,0.6620370370370371,0.4587155963302752,-0.022037037037037077,-0.11871559633027517
500779,2019,90,2019-06-18,0.55,0.34,0.6320224719101124,0.4114285714285714,-0.08202247191011236,-0.0714285714285714
500779,2019,120,2019-07-18,0.67,0.34,0.6411378555798687,0.3981900452488687,0.028862144420131353,-0.05819004524886867
500779,2021,30,2021-05-01,,,0.5633802816901409,0.4871794871794871,,
500779,2021,60,2021-05-31,0.55,0.5,0.5602409638554217,0.5208333333333334,-0.010240963855421614,-0.02083333333333337
500779,2021,90,2021-06-30,0.58,0.5,0.5752688172043011,0.5229357798165137,0.004731182795698841,-0.022935779816513735
500779,2021,120,2021-07-30,0.63,0.48,0.5772727272727273,0.5230769230769231,0.052727272727272734,-0.043076923076923124
500779,2022,30,2022-05-07,0.57,,0.5742574257425742,0.4347826086956521,-0.004257425742574261,
500779,2022,60,2022-06-06,0.59,0.36,0.5876777251184834,0.3904761904761905,0.002322274881516595,-0.03047619047619049
500779,2022,90,2022-07-06,0.61,0.5,0.6064139941690962,0.425287356321839,0.003586005830903738,0.074712643678161
500779,2022,120,2022-08-05,0.59,0.42,0.6048565121412803,0.4229074889867841,-0.014856512141280365,-0.0029074889867841125
500779,2023,120,2023-07-28,,,,,,
500779,2024,30,2024-04-27,0.61,0.34,0.6347826086956522,0.3508771929824561,-0.024782608695652186,-0.010877192982456096
500779,2024,60,2024-05-27,0.7,0.32,0.6784140969162996,0.3364485981308411,0.021585903083700342,-0.016448598130841097
500779,2024,90,2024-06-26,0.57,0.42,0.6420118343195266,0.3558282208588957,-0.07201183431952662,0.06417177914110428
500779,2024,120,2024-07-26,0.59,0.5,0.6331877729257642,0.3899082568807339,-0.043187772925764256,0.11009174311926612
500779,2025,30,2025-04-26,,,0.5285714285714286,0.2903225806451613,,
500779,2025,60,2025-05-26,0.57,0.42,0.5652173913043478,0.3692307692307692,0.0047826086956521685,0.05076923076923079
500779,2025,90,2025-06-25,0.6,0.24,0.5818965517241379,0.3214285714285714,0.018103448275862077,-0.0814285714285714
500779,2025,120,2025-07-25,0.59,0.36,0.5797546012269938,0.3333333333333333,0.01024539877300612,0.026666666666666672
500779,2026,30,2026-04-25,,,0.5555555555555556,,,
500779,2026,59,2026-05-22,0.64,0.26,0.6046511627906976,0.2469135802469135,0.035348837209302375,0.013086419753086498
518566,2019,120,2019-07-18,0.54,0.42,0.5327102803738317,0.4528301886792453,0.007289719626168312,-0.03283018867924531
518774,2018,30,2018-04-28,0.58,0.34,0.5607476635514018,0.3584905660377358,0.01925233644859814,-0.0184905660377358
518774,2018,60,2018-05-28,0.66,0.4,0.6048780487804878,0.3789473684210526,0.055121951219512244,0.021052631578947434
518774,2018,90,2018-06-27,0.65,0.24,0.6055900621118012,0.3333333333333333,0.0444099378881988,-0.09333333333333332
518774,2018,120,2018-07-27,0.59,0.38,0.6014669926650367,0.3514851485148514,-0.011466992665036702,0.028514851485148596
518774,2019,30,2019-04-19,,0.28,0.6333333333333333,0.2745098039215686,,0.005490196078431431
518774,2019,60,2019-05-19,0.58,0.38,0.6019900497512438,0.3267326732673267,-0.021990049751243856,0.053267326732673315
518774,2019,90,2019-06-18,0.58,0.38,0.6082949308755761,0.320754716981132,-0.028294930875576108,0.059245283018868
518774,2021,30,2021-05-01,0.58,0.32,0.5895522388059702,0.34375,-0.009552238805970226,-0.023749999999999993
518774,2021,60,2021-05-31,0.62,0.36,0.6,0.3471074380165289,0.020000000000000018,0.012892561983471107
518774,2021,90,2021-06-30,0.61,0.26,0.6040462427745664,0.3258426966292135,0.005953757225433565,-0.06584269662921349
518774,2021,120,2021-07-30,0.61,0.34,0.6157407407407407,0.3333333333333333,-0.005740740740740713,0.00666666666666671
527054,2018,30,2018-04-28,0.66,0.52,0.6377952755905512,0.4677419354838709,0.022204724409448873,0.05225806451612913
527054,2018,60,2018-05-28,0.7,0.28,0.6532258064516129,0.4015748031496063,0.04677419354838708,-0.12157480314960628
527054,2018,90,2018-06-27,0.52,0.46,0.6198830409356725,0.4195402298850574,-0.09988304093567246,0.04045977011494262
527054,2018,120,2018-07-27,0.57,0.46,0.6147186147186147,0.4279661016949153,-0.04471861471861471,0.03203389830508474
527054,2019,30,2019-04-19,,,0.5652173913043478,0.5609756097560976,,
527054,2019,60,2019-05-19,0.64,0.36,0.5854700854700855,0.448,0.054529914529914514,-0.08800000000000002
527054,2019,90,2019-06-18,0.55,0.32,0.5871313672922251,0.398989898989899,-0.037131367292225104,-0.078989898989899
527054,2019,120,2019-07-18,0.64,0.36,0.6004319654427646,0.3943089430894309,0.039568034557235454,-0.03430894308943089
527054,2023,90,2023-06-28,0.64,0.26,0.6540880503144654,0.2941176470588235,-0.014088050314465361,-0.034117647058823475
527054,2023,120,2023-07-28,0.61,0.36,0.6422413793103449,0.3418803418803419,-0.032241379310344875,0.0181196581196581
542888,2023,120,2023-07-28,,0.46,0.6458333333333334,0.4426229508196721,,0.017377049180327897
542888,2024,30,2024-04-27,,,0.6964285714285714,0.5151515151515151,,
542888,2024,60,2024-05-27,0.72,0.54,0.7047619047619048,0.5,0.015238095238095162,0.040000000000000036
542888,2024,90,2024-06-26,0.71,0.42,0.7032258064516129,0.4642857142857143,0.006774193548387042,-0.04428571428571432
542888,2024,120,2024-07-26,0.73,0.36,0.7170731707317073,0.4375,0.012926829268292694,-0.07750000000000001
543243,2018,30,2018-04-28,0.49,0.36,0.5,0.3725490196078431,-0.010000000000000009,-0.012549019607843104
543243,2018,60,2018-05-28,0.63,0.48,0.559322033898305,0.4036697247706422,0.07067796610169497,0.07633027522935776
543243,2018,90,2018-06-27,0.54,0.48,0.5492957746478874,0.4269005847953216,-0.009295774647887334,0.05309941520467837
543243,2018,120,2018-07-27,0.65,0.46,0.5676274944567627,0.4304932735426009,0.08237250554323727,0.0295067264573991
543243,2019,30,2019-04-19,,,0.4605263157894737,0.5,,
543243,2019,60,2019-05-19,0.63,0.34,0.5628415300546448,0.4392523364485981,0.06715846994535524,-0.0992523364485981
543243,2019,90,2019-06-18,0.5,0.48,0.5454545454545454,0.4588235294117647,-0.045454545454545414,0.021176470588235297
543243,2019,120,2019-07-18,0.59,0.56,0.5619047619047619,0.4854771784232365,0.028095238095238062,0.07452282157676354
543243,2021,30,2021-05-01,,,0.609375,0.6216216216216216,,
543243,2021,60,2021-05-31,0.62,0.48,0.6174863387978142,0.5591397849462365,0.0025136612021857685,-0.07913978494623652
543243,2021,90,2021-06-30,0.6,0.54,0.6157407407407407,0.5603448275862069,-0.015740740740740722,-0.020344827586206815
543243,2021,120,2021-07-30,0.53,0.48,0.5830815709969789,0.5393258426966292,-0.053081570996978855,-0.059325842696629216
543243,2022,30,2022-05-07,,,,,,
543243,2022,60,2022-06-06,0.64,0.58,0.6492537313432836,0.5342465753424658,-0.009253731343283556,0.04575342465753418
543243,2022,90,2022-07-06,0.67,0.38,0.65,0.4778761061946903,0.020000000000000018,-0.09787610619469028
543243,2022,120,2022-08-05,0.52,0.4,0.6080246913580247,0.4512195121951219,-0.08802469135802471,-0.051219512195121886
543243,2023,30,2023-04-29,0.55,0.58,0.5517241379310345,0.5230769230769231,-0.0017241379310344307,0.056923076923076854
543243,2023,60,2023-05-29,0.59,0.46,0.5737051792828686,0.5,0.016294820717131397,-0.03999999999999998
543243,2023,90,2023-06-28,0.59,0.38,0.5891891891891892,0.4564102564102564,0.0008108108108108025,-0.0764102564102564
543243,2023,120,2023-07-28,0.61,0.44,0.597165991902834,0.4581673306772908,0.01283400809716595,-0.018167330677290816
543243,2024,30,2024-04-27,,0.64,0.6404494382022472,0.64,,0.0
543243,2024,60,2024-05-27,0.67,0.58,0.6570048309178744,0.5929203539823009,0.012995169082125613,-0.012920353982300958
543243,2024,90,2024-06-26,0.63,0.58,0.6430769230769231,0.5988372093023255,-0.013076923076923097,-0.018837209302325575
543243,2024,120,2024-07-26,0.61,0.58,0.6379690949227373,0.5974025974025974,-0.02796909492273736,-0.01740259740259742
543243,2025,30,2025-04-26,0.59,0.36,0.6115107913669064,0.4342105263157895,-0.02151079136690648,-0.0742105263157895
543243,2025,60,2025-05-26,0.69,0.52,0.6313725490196078,0.4609929078014184,0.058627450980392126,0.059007092198581634
543243,2025,90,2025-06-25,0.69,0.5,0.646551724137931,0.4734042553191489,0.0434482758620689,0.026595744680851074
543243,2025,120,2025-07-25,0.58,0.56,0.632016632016632,0.5059760956175299,-0.05201663201663209,0.05402390438247018
543243,2026,30,2026-04-25,0.64,0.26,0.64,0.26,0.0,0.0
543243,2026,59,2026-05-22,0.61,0.4,0.6280487804878049,0.3571428571428571,-0.018048780487804894,0.04285714285714293
543475,2018,60,2018-05-28,0.68,0.46,0.6666666666666666,0.4395604395604395,0.01333333333333342,0.020439560439560522
543475,2019,30,2019-04-19,,,0.5806451612903226,0.5142857142857142,,
543475,2019,60,2019-05-19,0.68,0.5,0.6388888888888888,0.4845360824742268,0.04111111111111121,0.015463917525773196
543475,2019,90,2019-06-18,0.66,0.38,0.6441947565543071,0.4459459459459459,0.015805243445692896,-0.06594594594594588
543475,2019,120,2019-07-18,0.61,0.42,0.6349693251533742,0.4444444444444444,-0.024969325153374244,-0.024444444444444435
543475,2021,30,2021-05-01,0.54,0.3,0.5625,0.3833333333333333,-0.022499999999999964,-0.08333333333333331
543475,2021,60,2021-05-31,0.57,0.48,0.5708502024291497,0.4333333333333333,-0.0008502024291497934,0.04666666666666669
543475,2021,90,2021-06-30,0.56,0.3,0.5718157181571816,0.3872832369942196,-0.01181571815718152,-0.08728323699421964
543475,2021,120,2021-07-30,0.56,0.34,0.5760649087221096,0.3673469387755102,-0.016064908722109528,-0.0273469387755102
543475,2022,30,2022-05-07,0.61,0.38,0.6134453781512605,0.3387096774193548,-0.0034453781512605586,0.04129032258064519
543475,2022,60,2022-06-06,0.59,0.44,0.6153846153846154,0.3970588235294117,-0.02538461538461545,0.042941176470588316
543475,2022,90,2022-07-06,0.58,0.36,0.6039603960396039,0.3811881188118812,-0.02396039603960398,-0.021188118811881207
543475,2022,120,2022-08-05,0.55,0.34,0.5912408759124088,0.3741007194244604,-0.04124087591240877,-0.03410071942446036
543475,2023,30,2023-04-29,0.6,0.44,0.5844155844155844,0.421875,0.01558441558441559,0.018125000000000002
543475,2023,60,2023-05-29,0.65,0.3,0.6051660516605166,0.3629032258064516,0.0448339483394834,-0.06290322580645163
543475,2023,90,2023-06-28,0.64,0.38,0.6055979643765903,0.3742690058479532,0.03440203562340971,0.005730994152046809
543475,2023,120,2023-07-28,0.65,0.28,0.6069868995633187,0.3601895734597156,0.04301310043668127,-0.08018957345971556
547888,2018,30,2018-04-28,0.66,0.54,0.6901408450704225,0.5441176470588235,-0.030140845070422473,-0.004117647058823448
547888,2018,60,2018-05-28,0.67,0.36,0.6732283464566929,0.464,-0.0032283464566928988,-0.10400000000000004
547888,2018,90,2018-06-27,0.59,0.52,0.6598639455782312,0.477124183006536,-0.06986394557823128,0.042875816993464044
547888,2018,120,2018-07-27,0.68,0.54,0.6756756756756757,0.4816753926701571,0.004324324324324391,0.05832460732984296
547888,2019,30,2019-04-19,,0.4,0.6373626373626373,0.4,,0.0
547888,2019,60,2019-05-19,0.73,0.46,0.6709401709401709,0.4322033898305085,0.059059829059829094,0.02779661016949153
547888,2019,90,2019-06-18,0.78,0.46,0.7008086253369272,0.4285714285714285,0.0791913746630728,0.03142857142857153
547888,2019,120,2019-07-18,0.69,0.32,0.6929824561403509,0.4035087719298245,-0.0029824561403509753,-0.08350877192982448
572070,2018,30,2018-04-28,0.46,0.52,0.5039370078740157,0.5,-0.04393700787401572,0.020000000000000018
572070,2018,60,2018-05-28,0.58,0.32,0.5341880341880342,0.4469696969696969,0.04581196581196578,-0.1269696969696969
572070,2018,90,2018-06-27,0.58,0.46,0.5463917525773195,0.4610778443113772,0.033608247422680426,-0.0010778443113771963
572070,2021,30,2021-05-01,0.57,0.4,0.5545454545454546,0.3928571428571428,0.015454545454545388,0.0071428571428572285
572070,2021,60,2021-05-31,0.59,0.36,0.5677966101694916,0.3790322580645161,0.022203389830508402,-0.01903225806451614
572070,2021,90,2021-06-30,0.62,0.22,0.5957446808510638,0.3489583333333333,0.024255319148936194,-0.1289583333333333
572070,2021,120,2021-07-30,0.58,0.3,0.5948275862068966,0.3375527426160337,-0.014827586206896615,-0.037552742616033696
598271,2018,120,2018-07-27,0.6,0.38,0.6201550387596899,0.4031007751937984,-0.020155038759689936,-0.023100775193798384
598271,2019,120,2019-07-18,,,0.6086956521739131,0.3513513513513513,,
605200,2018,30,2018-04-28,0.46,0.32,0.4628099173553719,0.360655737704918,-0.0028099173553718937,-0.04065573770491798
605200,2018,60,2018-05-28,0.51,0.2,0.5060240963855421,0.3176470588235294,0.003975903614457876,-0.11764705882352938
605200,2018,90,2018-06-27,0.59,0.24,0.5287958115183246,0.3263157894736842,0.061204188481675414,-0.08631578947368423
605200,2018,120,2018-07-27,0.59,0.24,0.5287958115183246,0.3263157894736842,0.061204188481675414,-0.08631578947368423
605200,2019,30,2019-04-19,,0.3,0.5483870967741935,0.3,,0.0
605200,2019,60,2019-05-19,0.59,0.34,0.5700934579439252,0.3103448275862069,0.019906542056074783,0.02965517241379312
605200,2019,90,2019-06-18,0.48,0.32,0.536144578313253,0.3086419753086419,-0.056144578313253035,0.011358024691358104
605200,2019,120,2019-07-18,0.53,0.22,0.5399568034557235,0.2925764192139738,-0.009956803455723473,-0.07257641921397381
605200,2021,30,2021-05-01,0.5,0.34,0.525,0.34,-0.025000000000000022,0.0
605200,2021,60,2021-05-31,0.56,0.28,0.5454545454545454,0.3076923076923077,0.014545454545454639,-0.027692307692307683
605200,2021,90,2021-06-30,0.56,0.44,0.5454545454545454,0.3396226415094339,0.014545454545454639,0.10037735849056612
605200,2021,120,2021-07-30,0.53,0.44,0.5416666666666666,0.3581395348837209,-0.011666666666666603,0.08186046511627909
605200,2022,30,2022-05-07,0.56,0.4,0.56,0.3928571428571428,0.0,0.0071428571428572285
605200,2022,60,2022-06-06,0.52,0.34,0.5485232067510548,0.3739130434782609,-0.028523206751054797,-0.03391304347826085
605200,2022,90,2022-07-06,0.53,0.4,0.5446428571428571,0.382716049382716,-0.014642857142857069,0.01728395061728405
605200,2022,120,2022-08-05,0.53,0.38,0.5446685878962536,0.3705882352941176,-0.014668587896253582,0.009411764705882397
605200,2023,30,2023-04-29,,,,,,
605200,2023,60,2023-05-29,,,0.5666666666666667,,,
605200,2023,90,2023-06-28,0.51,0.4,0.5306122448979592,0.3928571428571428,-0.02061224489795921,0.0071428571428572285
605200,2023,120,2023-07-28,0.46,0.38,0.524904214559387,0.396551724137931,-0.06490421455938694,-0.01655172413793099
605347,2019,30,2019-04-19,,0.44,0.5876288659793815,0.4509803921568627,,-0.010980392156862695
605347,2019,60,2019-05-19,0.52,0.44,0.5596330275229358,0.4220183486238532,-0.03963302752293574,0.017981651376146823
605347,2019,90,2019-06-18,0.67,0.46,0.6014234875444839,0.4366197183098591,0.0685765124555161,0.023380281690140947
605347,2019,120,2019-07-18,0.64,0.48,0.5899705014749262,0.4367816091954023,0.05002949852507377,0.04321839080459766
605347,2021,30,2021-05-01,,0.34,0.5979381443298969,0.3818181818181818,,-0.041818181818181754
605347,2021,60,2021-05-31,0.67,0.48,0.6311111111111111,0.4262295081967213,0.03888888888888897,0.0537704918032787
605347,2021,90,2021-06-30,0.51,0.38,0.5970588235294118,0.4124293785310734,-0.08705882352941174,-0.032429378531073416
605347,2021,120,2021-07-30,0.47,0.34,0.5691609977324263,0.3982300884955752,-0.09916099773242637,-0.05823008849557515
607067,2023,30,2023-04-29,,,0.5396825396825397,,,
607067,2023,60,2023-05-29,0.7,0.36,0.6363636363636364,0.3977272727272727,0.0636363636363636,-0.03772727272727272
607067,2023,90,2023-06-28,0.57,0.4,0.615916955017301,0.3958333333333333,-0.045916955017301087,0.004166666666666707
607067,2023,120,2023-07-28,0.75,0.36,0.6492146596858639,0.3865979381443299,0.10078534031413611,-0.026597938144329925
607067,2024,30,2024-04-27,0.56,,0.5462184873949579,0.3829787234042553,0.013781512605042123,
607067,2024,60,2024-05-27,0.71,0.34,0.634453781512605,0.3523809523809524,0.07554621848739496,-0.012380952380952381
607067,2024,90,2024-06-26,0.74,0.34,0.6685878962536023,0.3483870967741935,0.07141210374639773,-0.00838709677419347
607067,2024,120,2024-07-26,0.59,0.52,0.6493506493506493,0.3925233644859813,-0.059350649350649376,0.12747663551401872
607067,2025,30,2025-04-26,,,0.7763157894736842,0.4871794871794871,,
607067,2025,60,2025-05-26,0.68,0.38,0.7046632124352331,0.4123711340206185,-0.02466321243523306,-0.032371134020618475
607067,2025,90,2025-06-25,0.71,0.26,0.7147435897435898,0.3624161073825503,-0.004743589743589793,-0.1024161073825503
607067,2025,120,2025-07-25,0.59,0.34,0.6830985915492958,0.3509615384615384,-0.09309859154929578,-0.010961538461538356
607067,2026,30,2026-04-25,0.63,0.32,0.6206896551724138,0.375,0.009310344827586192,-0.05499999999999999
607067,2026,59,2026-05-22,0.63,0.34,0.6262135922330098,0.3603603603603603,0.0037864077669902407,-0.020360360360360263
624133,2022,30,2022-05-07,0.58,0.3,0.5794392523364486,0.2678571428571428,0.0005607476635514086,0.032142857142857195
624133,2022,60,2022-06-06,0.57,0.42,0.5787037037037037,0.3471074380165289,-0.008703703703703769,0.0728925619834711
624133,2022,90,2022-07-06,0.56,0.42,0.5768115942028985,0.3699421965317919,-0.01681159420289846,0.050057803468208095
624133,2022,120,2022-08-05,0.57,0.52,0.5738916256157636,0.3902439024390244,-0.0038916256157636164,0.12975609756097561
624133,2023,60,2023-05-29,,,0.509090909090909,0.4333333333333333,,
624133,2023,90,2023-06-28,0.58,0.54,0.5666666666666667,0.4504504504504504,0.013333333333333308,0.08954954954954963
624133,2023,120,2023-07-28,0.65,0.36,0.5899705014749262,0.4269005847953216,0.06002949852507378,-0.06690058479532163
624133,2024,30,2024-04-27,0.64,0.48,0.625,0.4875,0.015000000000000013,-0.007500000000000007
624133,2024,60,2024-05-27,0.63,0.56,0.6494464944649446,0.5033112582781457,-0.01944649446494462,0.05668874172185434
624133,2024,90,2024-06-26,0.67,0.44,0.6526315789473685,0.4875621890547263,0.01736842105263159,-0.04756218905472631
624133,2024,120,2024-07-26,0.56,0.42,0.632016632016632,0.4752066115702479,-0.072016632016632,-0.05520661157024792
624133,2025,60,2025-05-26,0.68,,0.6732673267326733,0.5111111111111111,0.006732673267326739,
624133,2025,90,2025-06-25,0.67,0.5,0.642023346303502,0.4645669291338583,0.027976653696498044,0.035433070866141725
624133,2025,120,2025-07-25,0.73,0.42,0.6685236768802229,0.4581005586592179,0.06147632311977713,-0.03810055865921791
624133,2026,30,2026-04-25,0.64,,0.6261682242990654,0.3877551020408163,0.013831775700934634,
624133,2026,59,2026-05-22,0.64,0.52,0.6276595744680851,0.4432989690721649,0.012340425531914945,0.07670103092783515
642545,2018,30,2018-04-28,,,,,,
642545,2018,60,2018-05-28,0.65,0.4,0.624,0.3529411764705882,0.026000000000000023,0.04705882352941182
642545,2018,90,2018-06-27,0.52,0.4,0.580952380952381,0.375,-0.06095238095238098,0.025000000000000022
642545,2018,120,2018-07-27,0.5,0.34,0.5612244897959183,0.3624161073825503,-0.061224489795918324,-0.022416107382550288
642545,2019,120,2019-07-18,0.57,0.42,0.5625,0.4,0.007499999999999951,0.019999999999999962
642545,2023,90,2023-06-28,0.75,0.24,0.6617647058823529,0.392156862745098,0.08823529411764708,-0.152156862745098
642558,2019,90,2019-06-18,0.69,0.36,0.6700507614213198,0.3300970873786408,0.01994923857868014,0.02990291262135919
642558,2019,120,2019-07-18,0.59,0.34,0.6449511400651465,0.3422818791946309,-0.054951140065146564,-0.0022818791946308536
646242,2022,60,2022-06-06,,,0.5454545454545454,,,
656457,2022,60,2022-06-06,,,0.6779661016949152,0.375,,
656457,2022,90,2022-07-06,,,0.5747126436781609,0.3404255319148936,,
656457,2025,30,2025-04-26,,,,,,
656457,2025,60,2025-05-26,,,0.5925925925925926,0.5333333333333333,,
656457,2025,90,2025-06-25,,,0.6410256410256411,0.4761904761904761,,
656457,2025,120,2025-07-25,0.61,0.44,0.5952380952380952,0.4761904761904761,0.014761904761904754,-0.036190476190476106
656629,2021,30,2021-05-01,,,0.6764705882352942,0.6122448979591837,,
656629,2021,60,2021-05-31,0.62,0.5,0.616,0.5625,0.0040000000000000036,-0.0625
656629,2021,90,2021-06-30,0.62,0.5,0.616,0.5625,0.0040000000000000036,-0.0625
656629,2021,120,2021-07-30,0.56,0.5,0.6111111111111112,0.5619047619047619,-0.05111111111111111,-0.06190476190476191
656629,2022,30,2022-05-07,,0.44,0.5913978494623656,0.4259259259259259,,0.014074074074074128
656629,2022,60,2022-06-06,0.58,0.42,0.5714285714285714,0.4257425742574257,0.008571428571428563,-0.005742574257425692
656629,2022,90,2022-07-06,0.6,0.38,0.5761589403973509,0.4276729559748428,0.02384105960264904,-0.04767295597484278
656629,2022,120,2022-08-05,0.49,0.26,0.5541561712846348,0.3932038834951456,-0.0641561712846348,-0.13320388349514561
656629,2023,30,2023-04-29,0.58,0.42,0.5798319327731093,0.4262295081967213,0.0001680672268906669,-0.006229508196721301
656629,2023,60,2023-05-29,0.58,0.64,0.5687022900763359,0.4963503649635036,0.011297709923664079,0.14364963503649641
656629,2023,90,2023-06-28,0.51,0.36,0.5549597855227882,0.475,-0.04495978552278823,-0.11499999999999999
656629,2023,120,2023-07-28,0.43,0.36,0.5420560747663551,0.4565217391304347,-0.1120560747663551,-0.09652173913043471
656686,2019,60,2019-05-19,,,,,,
657649,2022,90,2022-07-06,,,0.5555555555555556,0.2564102564102564,,
657649,2024,90,2024-06-26,0.67,0.5,0.6225165562913907,0.4342105263157895,0.04748344370860935,0.06578947368421051
657649,2024,120,2024-07-26,0.67,0.52,0.6325301204819277,0.4302325581395348,0.037469879518072347,0.0897674418604652
660623,2021,30,2021-05-01,0.58,0.6,0.5849056603773585,0.5666666666666667,-0.004905660377358512,0.033333333333333326
660623,2021,60,2021-05-31,0.59,0.46,0.5865921787709497,0.5050505050505051,0.0034078212290502563,-0.04505050505050506
660623,2021,90,2021-06-30,0.59,0.46,0.5865921787709497,0.5050505050505051,0.0034078212290502563,-0.04505050505050506
660623,2021,120,2021-07-30,0.59,0.46,0.5865921787709497,0.5050505050505051,0.0034078212290502563,-0.04505050505050506
663485,2025,120,2025-07-25,0.61,0.34,0.6079545454545454,0.3764705882352941,0.0020454545454545725,-0.03647058823529409
663773,2023,60,2023-05-29,,,0.6707317073170732,0.3095238095238095,,
663773,2023,90,2023-06-28,0.67,0.46,0.6666666666666666,0.4027777777777778,0.0033333333333334103,0.05722222222222223
663773,2023,120,2023-07-28,0.65,0.42,0.65625,0.3777777777777777,-0.006249999999999978,0.04222222222222227
663978,2019,30,2019-04-19,,0.4,0.6933333333333334,0.392156862745098,,0.007843137254902044
663978,2019,60,2019-05-19,0.77,0.5,0.7325581395348837,0.4528301886792453,0.03744186046511633,0.047169811320754707
663978,2019,90,2019-06-18,0.76,0.38,0.7442748091603053,0.4382716049382716,0.015725190839694703,-0.058271604938271604
663978,2019,120,2019-07-18,0.75,0.44,0.7407407407407407,0.4253393665158371,0.0092592592592593,0.01466063348416291
663978,2021,30,2021-05-01,0.64,0.34,0.6346153846153846,0.3384615384615385,0.005384615384615432,0.001538461538461544
663978,2021,60,2021-05-31,0.62,0.4,0.6205128205128205,0.3620689655172414,-0.0005128205128205332,0.03793103448275864
663978,2021,90,2021-06-30,0.67,0.56,0.6441281138790036,0.4207317073170731,0.025871886120996446,0.13926829268292695
663978,2021,120,2021-07-30,0.61,0.3,0.64,0.3955555555555555,-0.030000000000000027,-0.0955555555555555
663978,2022,30,2022-05-07,,,0.6419753086419753,0.4,,
663978,2024,30,2024-04-27,0.63,0.38,0.6033057851239669,0.3442622950819672,0.026694214876033073,0.0357377049180328
663978,2024,60,2024-05-27,0.72,0.52,0.6487603305785123,0.4166666666666667,0.07123966942148763,0.10333333333333333
663978,2024,90,2024-06-26,0.6,0.38,0.6366279069767442,0.4046242774566474,-0.03662790697674423,-0.024624277456647414
663978,2025,30,2025-04-26,0.58,0.38,0.5865384615384616,0.3773584905660377,-0.006538461538461604,0.002641509433962297
663978,2025,60,2025-05-26,0.76,0.34,0.6554621848739496,0.3333333333333333,0.10453781512605043,0.00666666666666671
663978,2025,90,2025-06-25,0.65,0.36,0.6518105849582173,0.3468208092485549,-0.0018105849582172873,0.01317919075144508
663978,2025,120,2025-07-25,0.66,0.4,0.6483050847457628,0.3531914893617021,0.01169491525423727,0.04680851063829794
663978,2026,30,2026-04-25,0.69,0.36,0.6936936936936937,0.4032258064516129,-0.003693693693693767,-0.04322580645161289
663978,2026,59,2026-05-22,0.66,0.28,0.6686390532544378,0.3296703296703296,-0.008639053254437812,-0.04967032967032958
664353,2019,120,2019-07-18,,,,,,
664353,2021,30,2021-05-01,0.6,0.26,0.5899280575539568,0.3333333333333333,0.010071942446043147,-0.0733333333333333
664353,2021,60,2021-05-31,0.69,0.4,0.628140703517588,0.3716814159292035,0.06185929648241195,0.028318584070796515
664353,2021,90,2021-06-30,0.74,0.34,0.6710526315789473,0.3771428571428571,0.06894736842105265,-0.03714285714285709
664353,2021,120,2021-07-30,0.74,0.34,0.6710526315789473,0.3771428571428571,0.06894736842105265,-0.03714285714285709
664353,2022,30,2022-05-07,0.7,0.28,0.6909090909090909,0.2807017543859649,0.009090909090909038,-0.00070175438596487
664353,2022,60,2022-06-06,0.7,0.44,0.6869565217391305,0.3603603603603603,0.01304347826086949,0.07963963963963971
664353,2022,90,2022-07-06,0.65,0.32,0.6781609195402298,0.3351063829787234,-0.028160919540229812,-0.01510638297872341
664353,2022,120,2022-08-05,0.6,0.38,0.6624472573839663,0.3422053231939163,-0.06244725738396628,0.03779467680608373
664353,2023,30,2023-04-29,0.58,0.36,0.5865384615384616,0.3448275862068966,-0.006538461538461604,0.015172413793103412
664353,2023,60,2023-05-29,0.61,0.28,0.6031746031746031,0.3333333333333333,0.0068253968253968456,-0.05333333333333329
664353,2023,90,2023-06-28,0.61,0.28,0.6031746031746031,0.3333333333333333,0.0068253968253968456,-0.05333333333333329
664353,2023,120,2023-07-28,0.61,0.28,0.6031746031746031,0.3333333333333333,0.0068253968253968456,-0.05333333333333329
665871,2024,30,2024-04-27,0.63,0.4,0.616822429906542,0.3939393939393939,0.013177570093457991,0.0060606060606061
665871,2024,60,2024-05-27,0.6,0.46,0.6074380165289256,0.3829787234042553,-0.007438016528925617,0.0770212765957447
665871,2024,90,2024-06-26,0.57,0.44,0.5971830985915493,0.4010152284263959,-0.027183098591549326,0.03898477157360408
665871,2024,120,2024-07-26,0.59,0.3,0.6020671834625323,0.3857142857142857,-0.012067183462532327,-0.08571428571428569
665871,2026,59,2026-05-22,0.6,,0.6111111111111112,0.3111111111111111,-0.011111111111111183,
666721,2022,120,2022-08-05,,,0.5925925925925926,0.4651162790697674,,
667725,2024,120,2024-07-26,,,0.5697674418604651,0.3658536585365853,,
669330,2022,30,2022-05-07,,,0.6666666666666666,0.3111111111111111,,
669330,2022,60,2022-06-06,0.61,0.2,0.6282722513089005,0.2589285714285714,-0.018272251308900533,-0.058928571428571386
669330,2022,90,2022-07-06,0.61,0.36,0.627906976744186,0.2941176470588235,-0.017906976744186065,0.0658823529411765
669330,2022,120,2022-08-05,0.58,0.36,0.6191709844559585,0.3101851851851852,-0.03917098445595857,0.04981481481481481
669330,2023,30,2023-04-29,0.64,0.42,0.638095238095238,0.4107142857142857,0.0019047619047619646,0.009285714285714286
669330,2023,60,2023-05-29,0.6,0.52,0.6182572614107884,0.4357142857142857,-0.018257261410788428,0.0842857142857143
669330,2023,90,2023-06-28,0.59,0.48,0.6100278551532033,0.4481132075471698,-0.020027855153203378,0.03188679245283016
669330,2023,120,2023-07-28,0.65,0.36,0.6145124716553289,0.4347826086956521,0.03548752834467117,-0.07478260869565212
669424,2022,30,2022-05-07,,,,,,
669424,2022,60,2022-06-06,,,,,,
669424,2022,90,2022-07-06,,,0.6142857142857143,0.3333333333333333,,
669424,2022,120,2022-08-05,0.67,0.32,0.6454545454545455,0.3174603174603174,0.024545454545454537,0.0025396825396826195
669467,2022,90,2022-07-06,0.6,0.28,0.5731225296442688,0.3247863247863248,0.02687747035573118,-0.04478632478632477
669467,2024,90,2024-06-26,0.61,0.4,0.5958904109589042,0.3561643835616438,0.014109589041095827,0.043835616438356206
669467,2024,120,2024-07-26,0.49,0.4,0.5477178423236515,0.3728813559322034,-0.057717842323651514,0.027118644067796627
669467,2025,30,2025-04-26,0.6,0.32,0.5803571428571429,0.3137254901960784,0.019642857142857073,0.00627450980392158
669467,2025,60,2025-05-26,0.67,0.36,0.6075949367088608,0.3365384615384615,0.06240506329113926,0.023461538461538478
669467,2025,90,2025-06-25,0.66,0.38,0.625,0.3558282208588957,0.03500000000000003,0.0241717791411043
669467,2025,120,2025-07-25,0.56,0.28,0.6118143459915611,0.3380281690140845,-0.051814345991561095,-0.058028169014084474
669467,2026,30,2026-04-25,0.64,0.34,0.631578947368421,0.3389830508474576,0.008421052631578996,0.0010169491525424124
669467,2026,59,2026-05-22,0.69,0.4,0.6572769953051644,0.3478260869565217,0.03272300469483558,0.05217391304347835
672578,2021,120,2021-07-30,0.45,0.5,0.4901960784313725,0.5,-0.04019607843137246,0.0
672578,2022,30,2022-05-07,,,0.5647058823529412,0.25,,
672578,2023,60,2023-05-29,0.62,0.58,0.6272727272727273,0.5,-0.0072727272727273196,0.07999999999999996
678394,2022,120,2022-08-05,,,0.5909090909090909,0.4166666666666667,,
678394,2023,30,2023-04-29,,,0.6333333333333333,0.4117647058823529,,
678394,2023,60,2023-05-29,0.62,0.36,0.6265822784810127,0.3978494623655914,-0.006582278481012671,-0.03784946236559139
678394,2023,90,2023-06-28,0.65,0.42,0.6376306620209059,0.4052287581699346,0.01236933797909412,0.014771241830065396
678394,2023,120,2023-07-28,0.65,0.36,0.6339066339066339,0.3942307692307692,0.01609336609336609,-0.03423076923076923
678394,2024,30,2024-04-27,0.61,0.42,0.6090909090909091,0.3939393939393939,0.0009090909090908594,0.026060606060606062
678394,2024,60,2024-05-27,0.55,0.36,0.5965909090909091,0.3737373737373737,-0.046590909090909016,-0.013737373737373715
678394,2024,90,2024-06-26,0.63,0.32,0.6269592476489029,0.3742690058479532,0.0030407523510971313,-0.05426900584795319
678394,2024,120,2024-07-26,0.63,0.5,0.6230248306997742,0.4120171673819742,0.006975169300225792,0.08798283261802581
678394,2025,60,2025-05-26,0.6,0.38,0.5714285714285714,0.3698630136986301,0.02857142857142858,0.010136986301369888
678394,2025,90,2025-06-25,0.67,0.44,0.6013986013986014,0.3834586466165413,0.06860139860139869,0.056541353383458726
678394,2025,120,2025-07-25,0.65,0.4,0.6113636363636363,0.3834951456310679,0.03863636363636369,0.01650485436893212
678394,2026,30,2026-04-25,0.6,0.28,0.591304347826087,0.2884615384615384,0.008695652173912993,-0.008461538461538354
678394,2026,59,2026-05-22,0.66,0.32,0.625,0.3092783505154639,0.03500000000000003,0.010721649484536133
680730,2024,30,2024-04-27,,,0.6612903225806451,0.4242424242424242,,
680730,2024,60,2024-05-27,0.64,0.38,0.632768361581921,0.4,0.007231638418079056,-0.020000000000000018
680730,2024,90,2024-06-26,0.7,0.36,0.6622073578595318,0.3790849673202614,0.03779264214046818,-0.019084967320261437
680730,2024,120,2024-07-26,0.61,0.44,0.6482412060301508,0.3970588235294117,-0.0382412060301508,0.042941176470588316
680730,2025,30,2025-04-26,0.56,0.3,0.5703125,0.3174603174603174,-0.010312499999999947,-0.0174603174603174
680730,2025,60,2025-05-26,0.6,0.32,0.5756302521008403,0.3076923076923077,0.02436974789915969,0.012307692307692297
680730,2025,90,2025-06-25,0.62,0.34,0.5945945945945946,0.3189189189189189,0.025405405405405368,0.021081081081081143
680730,2025,120,2025-07-25,0.64,0.24,0.6025369978858351,0.3097345132743362,0.03746300211416487,-0.06973451327433622
680897,2024,30,2024-04-27,,,,,,
680897,2024,60,2024-05-27,,,0.5411764705882353,0.3611111111111111,,
680897,2024,90,2024-06-26,0.5,0.34,0.5081967213114754,0.3584905660377358,-0.008196721311475419,-0.0184905660377358
680897,2024,120,2024-07-26,0.5,0.34,0.5081967213114754,0.3584905660377358,-0.008196721311475419,-0.0184905660377358
681347,2025,90,2025-06-25,0.56,0.52,0.5572519083969466,0.4603174603174603,0.0027480916030534486,0.059682539682539726
681347,2025,120,2025-07-25,0.63,0.48,0.59375,0.4642857142857143,0.036250000000000004,0.01571428571428568
681347,2026,30,2026-04-25,0.58,0.42,0.5944055944055944,0.4647887323943662,-0.014405594405594413,-0.044788732394366204
681347,2026,59,2026-05-22,0.61,0.32,0.6088709677419355,0.4033613445378151,0.0011290322580644885,-0.08336134453781507
683003,2024,30,2024-04-27,0.67,0.54,0.6696428571428571,0.582089552238806,0.0003571428571429447,-0.04208955223880595
683003,2024,60,2024-05-27,0.61,0.48,0.645021645021645,0.5037593984962406,-0.035021645021645065,-0.023759398496240647
683003,2024,90,2024-06-26,0.63,0.46,0.6306818181818182,0.4791666666666667,-0.0006818181818182278,-0.019166666666666665
683003,2024,120,2024-07-26,0.64,0.52,0.6236559139784946,0.4778325123152709,0.01634408602150539,0.04216748768472911
683155,2024,60,2024-05-27,,,0.6567164179104478,0.4411764705882353,,
683155,2024,90,2024-06-26,0.67,0.34,0.673469387755102,0.3823529411764705,-0.0034693877551019714,-0.04235294117647048
683155,2024,120,2024-07-26,0.73,0.28,0.695364238410596,0.3441558441558441,0.03463576158940396,-0.06415584415584408
693645,2025,120,2025-07-25,,,,,,
693645,2026,30,2026-04-25,0.66,0.46,0.6616541353383458,0.5189873417721519,-0.0016541353383457968,-0.05898734177215187
693645,2026,59,2026-05-22,0.58,0.44,0.6363636363636364,0.4901960784313725,-0.056363636363636394,-0.05019607843137247
700270,2024,120,2024-07-26,,,0.59375,0.21875,,
700363,2023,90,2023-06-28,,,0.5362318840579711,0.4054054054054054,,
700363,2023,120,2023-07-28,,,0.5362318840579711,0.4054054054054054,,
700363,2025,30,2025-04-26,,,0.5076923076923077,0.5151515151515151,,
700363,2025,60,2025-05-26,0.6,0.42,0.585635359116022,0.4767441860465116,0.01436464088397793,-0.0567441860465116
800311,2025,90,2025-06-25,,,,,,
445926,2019,90,2019-06-18,0.68,0.48,0.6206896551724138,0.3936170212765957,0.05931034482758624,0.08638297872340428
453178,2018,30,2018-04-28,0.63,0.34,0.6347826086956522,0.3235294117647059,-0.0047826086956521685,0.016470588235294126
453178,2018,60,2018-05-28,0.59,0.38,0.6269230769230769,0.36,-0.03692307692307695,0.020000000000000018
453178,2018,90,2018-06-27,0.63,0.44,0.6266318537859008,0.3755868544600939,0.003368146214099199,0.06441314553990612
453178,2018,120,2018-07-27,0.55,0.42,0.6129807692307693,0.3782608695652174,-0.06298076923076923,0.04173913043478261
453562,2018,30,2018-04-28,,0.36,0.625,0.3396226415094339,,0.0203773584905661
453562,2018,60,2018-05-28,0.65,0.34,0.625,0.3333333333333333,0.025000000000000022,0.00666666666666671
453562,2018,90,2018-06-27,0.55,0.34,0.6129943502824858,0.3391812865497076,-0.06299435028248579,0.0008187134502924409
453562,2018,120,2018-07-27,0.68,0.34,0.6274089935760171,0.3376068376068376,0.052591006423982956,0.0023931623931624513
453562,2019,30,2019-04-19,0.69,,0.6636363636363637,0.3777777777777777,0.026363636363636256,
453562,2019,60,2019-05-19,0.62,0.38,0.6440677966101694,0.4035087719298245,-0.024067796610169445,-0.02350877192982448
453562,2019,90,2019-06-18,0.57,0.38,0.6108108108108108,0.3898305084745763,-0.04081081081081084,-0.009830508474576283
453562,2019,120,2019-07-18,0.58,0.34,0.5995934959349594,0.3771929824561403,-0.019593495934959404,-0.03719298245614028
453562,2021,30,2021-05-01,0.53,0.46,0.5185185185185185,0.4590163934426229,0.011481481481481537,0.0009836065573771147
453562,2021,60,2021-05-31,0.56,0.28,0.5401785714285714,0.3904761904761905,0.019821428571428656,-0.11047619047619045
453562,2021,90,2021-06-30,0.64,0.4,0.5705705705705706,0.382716049382716,0.06942942942942942,0.01728395061728405
453562,2021,120,2021-07-30,0.59,0.42,0.5737704918032787,0.396551724137931,0.01622950819672131,0.02344827586206899
474463,2018,60,2018-05-28,,,0.5068493150684932,0.2666666666666666,,
474463,2018,90,2018-06-27,,,0.5068493150684932,0.2666666666666666,,
474463,2018,120,2018-07-27,0.51,0.28,0.5367647058823529,0.3050847457627119,-0.026764705882352913,-0.025084745762711858
474463,2019,30,2019-04-19,0.58,,0.5784313725490197,0.2916666666666667,0.0015686274509802978,
474463,2019,60,2019-05-19,0.51,0.24,0.5576036866359447,0.2727272727272727,-0.04760368663594472,-0.032727272727272716
474463,2019,90,2019-06-18,0.65,0.3,0.5896739130434783,0.2710843373493976,0.06032608695652175,0.028915662650602414
474463,2019,120,2019-07-18,0.6,0.24,0.593952483801296,0.2722772277227723,0.006047516198704028,-0.032277227722772306
474463,2021,30,2021-05-01,,,0.5675675675675675,0.2424242424242424,,
474463,2021,60,2021-05-31,0.59,0.32,0.5793103448275863,0.3125,0.010689655172413715,0.007500000000000007
474463,2021,90,2021-06-30,0.55,0.42,0.5714285714285714,0.3604651162790697,-0.021428571428571352,0.0595348837209303
474463,2021,120,2021-07-30,0.55,0.44,0.5645756457564576,0.3653846153846153,-0.014575645756457534,0.0746153846153847
543294,2018,30,2018-04-28,0.56,0.4,0.5806451612903226,0.4210526315789473,-0.020645161290322567,-0.021052631578947267
543294,2018,60,2018-05-28,0.67,0.42,0.623015873015873,0.4112903225806452,0.04698412698412702,0.0087096774193548
543294,2018,90,2018-06-27,0.65,0.36,0.6380208333333334,0.3846153846153846,0.011979166666666652,-0.024615384615384595
543294,2018,120,2018-07-27,0.61,0.38,0.6302186878727635,0.375494071146245,-0.020218687872763486,0.0045059288537550035
543294,2019,30,2019-04-19,,0.42,0.5806451612903226,0.3962264150943396,,0.023773584905660394
543294,2019,60,2019-05-19,0.7,0.48,0.6608695652173913,0.4128440366972477,0.03913043478260869,0.06715596330275231
543294,2019,90,2019-06-18,0.72,0.36,0.6813186813186813,0.4213483146067415,0.03868131868131863,-0.061348314606741505
543294,2019,120,2019-07-18,0.62,0.32,0.665083135391924,0.4186046511627907,-0.04508313539192399,-0.09860465116279071
543294,2021,30,2021-05-01,0.68,0.42,0.6759259259259259,0.42,0.004074074074074119,0.0
543294,2021,60,2021-05-31,0.71,0.4,0.7188755020080321,0.415929203539823,-0.00887550200803211,-0.015929203539822967
543294,2021,90,2021-06-30,0.7,0.36,0.7208121827411168,0.4,-0.020812182741116847,-0.040000000000000036
543294,2021,120,2021-07-30,0.63,0.28,0.6936416184971098,0.3791666666666666,-0.06364161849710981,-0.09916666666666657
543294,2022,30,2022-05-07,0.55,0.34,0.5746268656716418,0.4035087719298245,-0.02462686567164174,-0.06350877192982446
543294,2022,60,2022-06-06,0.66,0.18,0.6254980079681275,0.3135593220338983,0.03450199203187254,-0.1335593220338983
543294,2023,90,2023-06-28,0.63,0.2,0.6187050359712231,0.2608695652173913,0.011294964028776944,-0.060869565217391286
543294,2023,120,2023-07-28,0.64,0.38,0.6363636363636364,0.3108108108108108,0.0036363636363636598,0.0691891891891892
543294,2024,30,2024-04-27,0.67,,0.6509433962264151,0.3333333333333333,0.01905660377358498,
543294,2024,60,2024-05-27,0.71,0.36,0.6728395061728395,0.3333333333333333,0.03716049382716047,0.026666666666666672
543294,2024,90,2024-06-26,0.7,0.36,0.6732283464566929,0.3495934959349593,0.026771653543307017,0.010406504065040678
543294,2024,120,2024-07-26,0.7,0.28,0.6807909604519774,0.3273809523809524,0.019209039548022555,-0.04738095238095236
543294,2025,30,2025-04-26,,0.22,0.6428571428571429,0.2181818181818181,,0.0018181818181819132
543294,2025,60,2025-05-26,0.69,0.34,0.6502242152466368,0.2689075630252101,0.039775784753363186,0.07109243697478995
543294,2025,90,2025-06-25,0.65,0.36,0.6495726495726496,0.3103448275862069,0.00042735042735042583,0.04965517241379308
543294,2025,120,2025-07-25,0.67,0.28,0.6596736596736597,0.304147465437788,0.010326340326340389,-0.02414746543778795
543521,2019,30,2019-04-19,,0.5,0.5813953488372093,0.5094339622641509,,-0.009433962264150941
543521,2021,60,2021-05-31,,0.46,0.6197183098591549,0.46,,0.0
543521,2021,90,2021-06-30,0.64,0.56,0.6363636363636364,0.5301204819277109,0.0036363636363636598,0.02987951807228917
543521,2021,120,2021-07-30,0.68,0.64,0.6521739130434783,0.5514018691588785,0.02782608695652178,0.08859813084112156
547943,2018,30,2018-04-28,0.57,0.58,0.5688073394495413,0.5573770491803278,0.0011926605504586352,0.02262295081967214
547943,2018,60,2018-05-28,0.56,0.58,0.5603448275862069,0.5538461538461539,-0.0003448275862067973,0.026153846153846083
547943,2018,90,2018-06-27,0.56,0.58,0.5603448275862069,0.5538461538461539,-0.0003448275862067973,0.026153846153846083
547943,2018,120,2018-07-27,0.56,0.58,0.5603448275862069,0.5538461538461539,-0.0003448275862067973,0.026153846153846083
547943,2019,30,2019-04-19,,,0.5714285714285714,,,
547943,2019,60,2019-05-19,0.7,0.5,0.6342592592592593,0.5462962962962963,0.06574074074074066,-0.04629629629629628
547943,2019,90,2019-06-18,0.65,0.42,0.6475644699140402,0.4857142857142857,0.0024355300859598694,-0.06571428571428573
547943,2019,120,2019-07-18,0.61,0.4,0.6375838926174496,0.4666666666666667,-0.027583892617449646,-0.06666666666666665
547943,2021,30,2021-05-01,0.61,0.4,0.6036036036036037,0.4193548387096774,0.006396396396396331,-0.019354838709677358
547943,2021,60,2021-05-31,0.66,0.44,0.6180257510729614,0.4496124031007752,0.041974248927038604,-0.009612403100775213
547943,2021,90,2021-06-30,0.6,0.26,0.6149584487534626,0.3789473684210526,-0.014958448753462639,-0.11894736842105258
547943,2021,120,2021-07-30,0.68,0.4,0.6292372881355932,0.376,0.05076271186440684,0.02400000000000002
547943,2022,30,2022-05-07,,,,,,
572703,2019,60,2019-05-19,,0.42,0.5542168674698795,0.4117647058823529,,0.008235294117647063
572703,2019,90,2019-06-18,,0.4,0.5714285714285714,0.3684210526315789,,0.031578947368421095
572703,2019,120,2019-07-18,0.57,0.32,0.5669291338582677,0.3380281690140845,0.0030708661417322425,-0.018028169014084494
592717,2018,30,2018-04-28,0.62,0.42,0.5851851851851851,0.4107142857142857,0.034814814814814854,0.009285714285714286
592717,2018,60,2018-05-28,0.58,0.38,0.5869565217391305,0.3931623931623931,-0.006956521739130528,-0.013162393162393093
592717,2018,90,2018-06-27,0.66,0.5,0.6016713091922006,0.4240506329113924,0.058328690807799455,0.07594936708860761
592717,2018,120,2018-07-27,0.66,0.5,0.6016713091922006,0.4240506329113924,0.058328690807799455,0.07594936708860761
592717,2019,30,2019-04-19,,,0.5578947368421052,0.4565217391304347,,
592717,2019,60,2019-05-19,0.56,0.48,0.5726872246696035,0.4545454545454545,-0.01268722466960348,0.025454545454545507
592717,2019,90,2019-06-18,0.63,0.38,0.5953079178885631,0.4248366013071895,0.03469208211143693,-0.04483660130718947
592717,2019,120,2019-07-18,0.57,0.32,0.5883575883575883,0.3824884792626728,-0.018357588357588384,-0.062488479262672814
592717,2021,30,2021-05-01,0.48,,0.48,0.4347826086956521,0.0,
592717,2021,60,2021-05-31,0.45,0.44,0.4754098360655737,0.4363636363636363,-0.025409836065573677,0.0036363636363637153
592717,2021,90,2021-06-30,0.45,0.44,0.4754098360655737,0.4363636363636363,-0.025409836065573677,0.0036363636363637153
592717,2021,120,2021-07-30,0.46,0.4,0.4809160305343511,0.4166666666666667,-0.020916030534351093,-0.016666666666666663
592717,2022,30,2022-05-07,,,0.6612903225806451,0.2903225806451613,,
592717,2022,60,2022-06-06,0.64,0.26,0.6293706293706294,0.2461538461538461,0.010629370629370638,0.013846153846153897
592717,2022,90,2022-07-06,0.64,0.26,0.6293706293706294,0.2461538461538461,0.010629370629370638,0.013846153846153897
592717,2022,120,2022-08-05,0.56,0.3,0.6060606060606061,0.3116883116883117,-0.046060606060606024,-0.011688311688311692
596071,2022,30,2022-05-07,,,0.509090909090909,0.3939393939393939,,
605155,2019,90,2019-06-18,0.56,0.38,0.543046357615894,0.3846153846153846,0.016953642384106016,-0.004615384615384577
605513,2019,30,2019-04-19,,,0.6666666666666666,0.5106382978723404,,
605513,2019,60,2019-05-19,0.61,0.44,0.6303317535545023,0.4464285714285714,-0.02033175355450234,-0.006428571428571395
605513,2019,90,2019-06-18,0.58,0.32,0.6055555555555555,0.4277777777777777,-0.025555555555555554,-0.1077777777777777
605513,2019,120,2019-07-18,0.63,0.34,0.5990675990675991,0.4046511627906977,0.030932400932400905,-0.06465116279069766
605513,2021,30,2021-05-01,,,0.6716417910447762,,,
605513,2021,60,2021-05-31,0.67,0.44,0.6631016042780749,0.4148936170212766,0.006898395721925188,0.02510638297872342
605513,2023,30,2023-04-29,0.62,0.3,0.6213592233009708,0.3,-0.0013592233009708243,0.0
605513,2024,30,2024-04-27,0.58,0.5,0.6037735849056604,0.5,-0.023773584905660394,0.0
605513,2024,60,2024-05-27,0.58,0.44,0.6036585365853658,0.4468085106382978,-0.023658536585365875,-0.006808510638297793
606996,2025,30,2025-04-26,,,0.5888888888888889,0.3902439024390244,,
606996,2025,60,2025-05-26,,,0.5888888888888889,0.3902439024390244,,
607074,2018,90,2018-06-27,0.64,,0.6407766990291263,0.3877551020408163,-0.0007766990291262488,
607074,2018,120,2018-07-27,0.55,0.42,0.5980861244019139,0.4134615384615384,-0.04808612440191384,0.006538461538461604
607074,2019,30,2019-04-19,0.56,0.52,0.5378151260504201,0.4929577464788732,0.02218487394957991,0.027042253521126824
607074,2021,30,2021-05-01,,0.54,0.6,0.5538461538461539,,-0.013846153846153841
607074,2021,60,2021-05-31,0.53,0.64,0.5720930232558139,0.5673758865248227,-0.04209302325581388,0.07262411347517728
607074,2021,90,2021-06-30,0.61,0.52,0.5833333333333334,0.551219512195122,0.026666666666666616,-0.03121951219512198
607074,2021,120,2021-07-30,0.61,0.52,0.5839243498817966,0.5437956204379562,0.026075650118203342,-0.023795620437956133
607074,2022,30,2022-05-07,0.61,0.48,0.5945945945945946,0.5616438356164384,0.015405405405405359,-0.0816438356164384
607074,2022,60,2022-06-06,0.53,0.3,0.5695652173913044,0.4861111111111111,-0.039565217391304364,-0.18611111111111112
607074,2022,90,2022-07-06,0.62,0.44,0.5896739130434783,0.4786324786324786,0.030326086956521725,-0.038632478632478595
607074,2022,120,2022-08-05,0.62,0.58,0.597979797979798,0.4984227129337539,0.02202020202020205,0.08157728706624606
607074,2023,120,2023-07-28,,,0.5777777777777777,0.375,,
607074,2024,30,2024-04-27,0.5,0.48,0.5294117647058824,0.4166666666666667,-0.02941176470588236,0.0633333333333333
607074,2024,60,2024-05-27,0.64,0.3,0.5852713178294574,0.4014084507042254,0.05472868217054261,-0.10140845070422538
607074,2024,90,2024-06-26,0.59,0.3,0.592,0.3906976744186046,-0.0020000000000000018,-0.0906976744186046
607074,2024,120,2024-07-26,0.55,0.52,0.5864197530864198,0.4250871080139373,-0.03641975308641976,0.09491289198606273
607074,2025,30,2025-04-26,0.61,0.54,0.5833333333333334,0.5113636363636364,0.026666666666666616,0.028636363636363682
607074,2025,60,2025-05-26,0.62,0.46,0.61003861003861,0.4790419161676646,0.009961389961389955,-0.019041916167664596
607074,2025,90,2025-06-25,0.56,0.42,0.599502487562189,0.4798387096774194,-0.03950248756218899,-0.05983870967741939
607074,2025,120,2025-07-25,0.63,0.42,0.6067193675889329,0.468013468013468,0.023280632411067148,-0.04801346801346801
607074,2026,59,2026-05-22,,,0.5254237288135594,0.5,,
612672,2018,60,2018-05-28,0.67,0.32,0.640625,0.3333333333333333,0.02937500000000004,-0.013333333333333308
612672,2018,90,2018-06-27,0.62,0.32,0.6299212598425197,0.328,-0.00992125984251968,-0.008000000000000007
612672,2018,120,2018-07-27,0.61,0.44,0.6260869565217392,0.3546511627906977,-0.016086956521739193,0.08534883720930231
621219,2021,90,2021-06-30,0.64,0.4,0.5748502994011976,0.3333333333333333,0.06514970059880243,0.06666666666666671
621219,2021,120,2021-07-30,0.71,0.3,0.6344086021505376,0.3381294964028777,0.07559139784946234,-0.038129496402877716
621389,2018,30,2018-04-28,0.67,0.26,0.6423357664233577,0.2580645161290322,0.027664233576642383,0.0019354838709678135
621389,2018,60,2018-05-28,0.62,0.22,0.6383763837638377,0.2479338842975206,-0.018376383763837656,-0.02793388429752061
621389,2018,90,2018-06-27,0.59,0.32,0.6283185840707964,0.2827586206896552,-0.03831858407079647,0.037241379310344824
621389,2018,120,2018-07-27,0.52,0.38,0.6119791666666666,0.288235294117647,-0.09197916666666661,0.09176470588235303
621389,2024,60,2024-05-27,0.69,,0.6929824561403509,0.2553191489361702,-0.0029824561403509753,
621389,2024,90,2024-06-26,0.71,0.38,0.7044534412955465,0.3131313131313131,0.005546558704453419,0.06686868686868691
621389,2024,120,2024-07-26,0.65,0.3,0.688135593220339,0.2905982905982906,-0.03813559322033899,0.009401709401709368
622608,2018,120,2018-07-27,0.62,0.36,0.6168831168831169,0.3023255813953488,0.0031168831168830735,0.05767441860465117
622608,2019,60,2019-05-19,0.51,0.32,0.5301204819277109,0.3333333333333333,-0.020120481927710876,-0.013333333333333308
622608,2019,90,2019-06-18,0.51,0.26,0.5314465408805031,0.2962962962962963,-0.02144654088050313,-0.03629629629629627
622608,2019,120,2019-07-18,0.54,0.34,0.5347721822541966,0.2988505747126437,0.005227817745803387,0.04114942528735632
622608,2021,30,2021-05-01,0.65,0.3,0.6086956521739131,0.2903225806451613,0.04130434782608694,0.009677419354838679
622608,2021,60,2021-05-31,0.52,0.32,0.5657894736842105,0.3163265306122449,-0.04578947368421049,0.0036734693877550906
622608,2021,90,2021-06-30,0.66,0.48,0.6022099447513812,0.3691275167785235,0.0577900552486188,0.11087248322147647
622608,2021,120,2021-07-30,0.76,0.44,0.6225961538461539,0.3735632183908046,0.13740384615384615,0.06643678160919542
622608,2022,30,2022-05-07,0.52,,0.5321100917431193,0.1555555555555555,-0.012110091743119278,
622608,2022,60,2022-06-06,0.61,0.22,0.5818181818181818,0.1971830985915492,0.028181818181818197,0.0228169014084508
622608,2022,90,2022-07-06,0.55,0.4,0.5688405797101449,0.2786885245901639,-0.018840579710144856,0.12131147540983611
622608,2022,120,2022-08-05,0.65,0.34,0.5868945868945868,0.3,0.06310541310541318,0.040000000000000036
622608,2025,30,2025-04-26,0.54,0.26,0.5693430656934306,0.2166666666666666,-0.029343065693430592,0.04333333333333342
622608,2025,60,2025-05-26,0.55,0.32,0.5714285714285714,0.2636363636363636,-0.021428571428571352,0.056363636363636394
622608,2025,90,2025-06-25,0.62,0.26,0.587431693989071,0.2564102564102564,0.03256830601092897,0.0035897435897436214
622608,2025,120,2025-07-25,0.63,0.34,0.5965665236051502,0.2765957446808511,0.03343347639484984,0.06340425531914895
623474,2026,59,2026-05-22,,,0.6571428571428571,0.3953488372093023,,
641712,2019,30,2019-04-19,,,0.5285714285714286,0.3714285714285714,,
641712,2019,60,2019-05-19,0.62,0.44,0.6027397260273972,0.4186046511627907,0.01726027397260277,0.021395348837209283
641712,2019,90,2019-06-18,0.55,0.42,0.5804597701149425,0.4122137404580153,-0.030459770114942497,0.007786259541984697
641712,2019,120,2019-07-18,0.54,0.4,0.5695652173913044,0.4064171122994652,-0.029565217391304355,-0.0064171122994651775
641712,2022,30,2022-05-07,0.59,,0.5865384615384616,0.45,0.003461538461538405,
641712,2022,60,2022-06-06,0.6,0.2,0.5740740740740741,0.3033707865168539,0.025925925925925908,-0.10337078651685389
641712,2022,90,2022-07-06,0.59,0.3,0.5786516853932584,0.3020134228187919,0.011348314606741572,-0.00201342281879191
641712,2022,120,2022-08-05,0.6,0.2,0.581081081081081,0.2783505154639175,0.018918918918918948,-0.07835051546391747
641712,2023,120,2023-07-28,,,0.5955056179775281,0.3421052631578947,,
641712,2024,30,2024-04-27,0.58,,0.5775862068965517,0.3265306122448979,0.0024137931034482474,
641712,2024,60,2024-05-27,0.61,0.24,0.6017316017316018,0.2828282828282828,0.008268398268398203,-0.042828282828282827
641712,2024,90,2024-06-26,0.61,0.28,0.6011560693641619,0.277027027027027,0.008843930635838104,0.0029729729729730536
641712,2024,120,2024-07-26,0.63,0.28,0.6005089058524173,0.2909090909090909,0.029491094147582664,-0.010909090909090868
641726,2022,30,2022-05-07,0.63,,0.638095238095238,0.3720930232558139,-0.008095238095238044,
643410,2022,30,2022-05-07,,,,,,
643410,2022,60,2022-06-06,,,0.6,0.4324324324324324,,
643410,2022,90,2022-07-06,0.62,0.54,0.5952380952380952,0.5344827586206896,0.024761904761904763,0.0055172413793104225
645261,2019,30,2019-04-19,0.54,,0.54,0.4130434782608695,0.0,
645261,2019,60,2019-05-19,0.59,0.32,0.5594713656387665,0.3495145631067961,0.03052863436123343,-0.029514563106796066
645261,2019,90,2019-06-18,0.57,0.38,0.5603448275862069,0.3452380952380952,0.0096551724137931,0.03476190476190483
645261,2019,120,2019-07-18,0.65,0.32,0.5827956989247312,0.3377777777777778,0.06720430107526887,-0.01777777777777778
645261,2021,30,2021-05-01,0.54,0.36,0.5616438356164384,0.45,-0.021643835616438345,-0.09000000000000002
645261,2021,60,2021-05-31,0.71,0.4,0.6254826254826255,0.4183006535947712,0.08451737451737451,-0.018300653594771177
645261,2021,90,2021-06-30,0.57,0.42,0.6125290023201856,0.4078947368421052,-0.04252900232018564,0.012105263157894786
645261,2021,120,2021-07-30,0.67,0.3,0.6223506743737958,0.3886925795053003,0.047649325626204275,-0.0886925795053003
645261,2022,30,2022-05-07,0.53,0.44,0.527027027027027,0.4626865671641791,0.0029729729729730536,-0.022686567164179106
645261,2022,60,2022-06-06,0.66,0.56,0.5793103448275863,0.4797297297297297,0.08068965517241378,0.08027027027027034
645261,2022,90,2022-07-06,0.55,0.44,0.5783898305084746,0.4533898305084746,-0.028389830508474545,-0.013389830508474587
645261,2022,120,2022-08-05,0.67,0.4,0.5953947368421053,0.4504792332268371,0.07460526315789473,-0.05047923322683706
645261,2023,30,2023-04-29,0.61,0.48,0.5952380952380952,0.4333333333333333,0.014761904761904754,0.04666666666666669
645261,2023,60,2023-05-29,0.67,0.42,0.6339622641509434,0.4384615384615384,0.036037735849056673,-0.018461538461538418
645261,2023,90,2023-06-28,0.65,0.38,0.6511627906976745,0.4170854271356783,-0.0011627906976744429,-0.037085427135678306
645261,2023,120,2023-07-28,0.63,0.4,0.6460176991150443,0.4169741697416974,-0.016017699115044248,-0.016974169741697354
645261,2025,30,2025-04-26,0.6,0.28,0.6,0.2982456140350877,0.0,-0.018245614035087676
645261,2025,60,2025-05-26,0.53,0.42,0.5694444444444444,0.3389830508474576,-0.03944444444444439,0.08101694915254237
645261,2025,90,2025-06-25,0.63,0.38,0.593939393939394,0.3352272727272727,0.036060606060606015,0.0447727272727273
645261,2025,120,2025-07-25,0.62,0.28,0.6108695652173913,0.3195020746887966,0.009130434782608665,-0.03950207468879657
645261,2026,30,2026-04-25,0.63,0.32,0.6566265060240963,0.4029850746268656,-0.02662650602409633,-0.08298507462686561
645261,2026,59,2026-05-22,0.64,0.26,0.6506849315068494,0.3405797101449275,-0.010684931506849349,-0.08057971014492749
656756,2018,30,2018-04-28,0.61,0.38,0.6106194690265486,0.3709677419354839,-0.0006194690265486358,0.00903225806451613
656756,2021,30,2021-05-01,0.63,0.48,0.6181818181818182,0.48,0.011818181818181839,0.0
656756,2021,60,2021-05-31,0.75,0.52,0.6851851851851852,0.4732142857142857,0.06481481481481477,0.04678571428571432
656756,2021,90,2021-06-30,0.69,0.4,0.6744868035190615,0.4519774011299435,0.015513196480938407,-0.05197740112994348
656756,2021,120,2021-07-30,0.68,0.44,0.6762114537444934,0.4602510460251046,0.0037885462555066196,-0.02025104602510458
656756,2022,30,2022-05-07,0.68,,0.6764705882352942,0.4166666666666667,0.003529411764705892,
656756,2022,60,2022-06-06,0.59,0.38,0.6443514644351465,0.3898305084745763,-0.05435146443514649,-0.009830508474576283
656756,2022,90,2022-07-06,0.64,0.46,0.6385869565217391,0.4090909090909091,0.001413043478260878,0.050909090909090904
656756,2022,120,2022-08-05,0.77,0.44,0.6659619450317125,0.418103448275862,0.10403805496828755,0.021896551724138014
656756,2023,30,2023-04-29,0.72,0.46,0.6466666666666666,0.4324324324324324,0.07333333333333336,0.02756756756756762
656756,2023,60,2023-05-29,0.69,0.34,0.667910447761194,0.4014598540145985,0.022089552238805932,-0.06145985401459847
656756,2023,90,2023-06-28,0.65,0.48,0.6580976863753213,0.425,-0.008097686375321267,0.05499999999999999
656756,2023,120,2023-07-28,0.64,0.34,0.6529411764705882,0.4106463878326996,-0.012941176470588234,-0.07064638783269955
656756,2024,30,2024-04-27,,,0.72,,,
656756,2024,60,2024-05-27,0.64,0.34,0.6627218934911243,0.3380281690140845,-0.0227218934911243,0.0019718309859155236
656756,2024,90,2024-06-26,0.55,0.42,0.6258992805755396,0.3826086956521739,-0.07589928057553952,0.03739130434782606
656756,2024,120,2024-07-26,0.55,0.36,0.6107594936708861,0.3533834586466165,-0.06075949367088607,0.006616541353383465
656954,2021,30,2021-05-01,0.64,,0.6336633663366337,0.5,0.006336633663366342,
656954,2021,60,2021-05-31,0.7,0.28,0.6531531531531531,0.3617021276595745,0.04684684684684681,-0.08170212765957446
656954,2021,90,2021-06-30,0.58,0.4,0.6379821958456974,0.3758389261744966,-0.057982195845697415,0.02416107382550342
657053,2021,120,2021-07-30,,,0.5774647887323944,0.6451612903225806,,
657053,2023,120,2023-07-28,0.52,0.32,0.5033112582781457,0.3625,0.016688741721854305,-0.04249999999999998
663567,2019,90,2019-06-18,,,0.6923076923076923,0.4545454545454545,,
663567,2019,120,2019-07-18,0.56,0.22,0.5897435897435898,0.3066666666666666,-0.029743589743589705,-0.08666666666666659
663567,2023,120,2023-07-28,0.68,0.38,0.6256410256410256,0.4347826086956521,0.05435897435897441,-0.0547826086956521
663567,2024,60,2024-05-27,0.62,0.44,0.640625,0.44,-0.020625000000000004,0.0
663567,2024,90,2024-06-26,0.6,0.42,0.6258503401360545,0.4193548387096774,-0.025850340136054473,0.0006451612903226045
663567,2024,120,2024-07-26,0.52,0.38,0.6157635467980296,0.4137931034482758,-0.09576354679802956,-0.033793103448275796
663567,2026,30,2026-04-25,,,,,,
663567,2026,59,2026-05-22,0.63,0.36,0.6388888888888888,0.419753086419753,-0.008888888888888835,-0.05975308641975302
664062,2021,90,2021-06-30,,,0.6101694915254238,0.4736842105263157,,
664062,2021,120,2021-07-30,0.49,0.52,0.5379746835443038,0.4883720930232558,-0.04797468354430379,0.031627906976744224
664062,2022,30,2022-05-07,,,0.6444444444444445,0.3829787234042553,,
664062,2022,60,2022-06-06,0.65,0.48,0.6461538461538462,0.4454545454545454,0.0038461538461538325,0.0345454545454546
664062,2022,90,2022-07-06,0.6,0.4,0.6245954692556634,0.4375,-0.02459546925566347,-0.03749999999999998
664062,2022,120,2022-08-05,0.65,0.42,0.6288416075650118,0.4232365145228215,0.021158392434988182,-0.003236514522821532
664062,2023,60,2023-05-29,0.66,0.38,0.6581196581196581,0.3484848484848485,0.001880341880341918,0.031515151515151496
664062,2023,90,2023-06-28,0.66,0.46,0.6497890295358649,0.3898305084745763,0.010210970464135105,0.07016949152542373
664062,2023,120,2023-07-28,0.67,0.4,0.6589595375722543,0.3953488372093023,0.0110404624277457,0.004651162790697716
664062,2025,60,2025-05-26,0.67,0.4,0.6605504587155964,0.4516129032258064,0.009449541284403673,-0.05161290322580636
664141,2021,30,2021-05-01,0.58,0.52,0.5929203539823009,0.5357142857142857,-0.012920353982300958,-0.01571428571428568
664141,2021,60,2021-05-31,0.64,0.4,0.6118143459915611,0.4705882352941176,0.028185654008438865,-0.07058823529411756
664141,2021,90,2021-06-30,0.64,0.48,0.6276923076923077,0.4777070063694267,0.012307692307692353,0.002292993630573281
664141,2021,120,2021-07-30,0.52,0.54,0.6039119804400978,0.4974874371859296,-0.08391198044009773,0.042512562814070454
664141,2022,30,2022-05-07,0.64,0.56,0.6434782608695652,0.4838709677419355,-0.003478260869565153,0.07612903225806456
664141,2022,60,2022-06-06,0.6,0.44,0.5932203389830508,0.4608695652173913,0.006779661016949157,-0.020869565217391306
664141,2022,90,2022-07-06,0.66,0.38,0.6290322580645161,0.4385026737967914,0.030967741935483906,-0.058502673796791416
664141,2022,120,2022-08-05,0.67,0.48,0.6361702127659574,0.4449152542372881,0.03382978723404262,0.035084745762711866
666205,2021,90,2021-06-30,,,,0.4333333333333333,,
666205,2021,120,2021-07-30,0.49,0.48,0.4851485148514851,0.4262295081967213,0.004851485148514911,0.0537704918032787
666205,2023,30,2023-04-29,0.57,0.32,0.5507246376811594,0.3333333333333333,0.019275362318840528,-0.013333333333333308
666205,2023,60,2023-05-29,0.53,0.32,0.5434782608695652,0.336734693877551,-0.013478260869565162,-0.016734693877551
666205,2023,90,2023-06-28,0.53,0.32,0.5434782608695652,0.336734693877551,-0.013478260869565162,-0.016734693877551
666205,2023,120,2023-07-28,0.53,0.36,0.5454545454545454,0.3425925925925926,-0.015454545454545388,0.01740740740740737
669060,2021,30,2021-05-01,,,0.7142857142857143,,,
669060,2021,60,2021-05-31,0.63,,0.6442307692307693,0.3488372093023256,-0.014230769230769269,
669060,2021,90,2021-06-30,0.61,0.38,0.6532258064516129,0.3584905660377358,-0.04322580645161289,0.02150943396226418
669060,2021,120,2021-07-30,0.59,0.34,0.6339869281045751,0.3333333333333333,-0.04398692810457516,0.00666666666666671
669060,2022,30,2022-05-07,,,0.5365853658536586,0.4,,
669060,2022,60,2022-06-06,0.58,0.4,0.5620437956204379,0.3692307692307692,0.017956204379562024,0.030769230769230826
669060,2022,90,2022-07-06,0.59,0.34,0.5714285714285714,0.3522727272727273,0.018571428571428572,-0.012272727272727268
669060,2022,120,2022-08-05,0.62,0.32,0.5878136200716846,0.3442622950819672,0.03218637992831541,-0.0242622950819672
669060,2024,30,2024-04-27,,,0.6571428571428571,0.3947368421052631,,
669060,2024,60,2024-05-27,0.65,0.44,0.6480446927374302,0.4175824175824176,0.001955307262569872,0.022417582417582405
669084,2024,30,2024-04-27,,,0.5476190476190477,0.3095238095238095,,
669084,2024,60,2024-05-27,,,0.5476190476190477,0.3095238095238095,,
669084,2024,90,2024-06-26,,,0.5476190476190477,0.3095238095238095,,
669084,2024,120,2024-07-26,,,0.5476190476190477,0.3095238095238095,,
669084,2025,90,2025-06-25,,,0.6166666666666667,,,
669713,2023,30,2023-04-29,0.64,,0.64,0.3061224489795918,0.0,
669713,2023,60,2023-05-29,0.69,0.4,0.6568047337278107,0.345679012345679,0.03319526627218927,0.05432098765432103
669713,2023,90,2023-06-28,0.58,0.5,0.6169354838709677,0.4,-0.03693548387096779,0.09999999999999998
669713,2024,60,2024-05-27,0.69,0.46,0.7131782945736435,0.4406779661016949,-0.02317829457364351,0.019322033898305113
669713,2024,90,2024-06-26,0.56,0.5,0.6470588235294118,0.4583333333333333,-0.08705882352941174,0.041666666666666685
669713,2025,30,2025-04-26,0.69,0.4,0.6460176991150443,0.4126984126984127,0.043982300884955694,-0.012698412698412653
672710,2022,60,2022-06-06,,0.48,0.5894736842105263,0.4262295081967213,,0.0537704918032787
672710,2022,90,2022-07-06,0.53,0.26,0.558974358974359,0.3675213675213675,-0.02897435897435896,-0.10752136752136748
672710,2022,120,2022-08-05,0.58,0.32,0.5688073394495413,0.390625,0.011192660550458644,-0.070625
672710,2023,30,2023-04-29,0.56,0.42,0.5603448275862069,0.396551724137931,-0.0003448275862067973,0.02344827586206899
672710,2023,60,2023-05-29,0.69,0.24,0.6181818181818182,0.330188679245283,0.07181818181818178,-0.09018867924528301
676440,2023,60,2023-05-29,0.58,0.42,0.5735294117647058,0.4594594594594595,0.006470588235294117,-0.0394594594594595
676440,2023,90,2023-06-28,0.58,0.38,0.5770750988142292,0.4393939393939394,0.002924901185770712,-0.05939393939393939
676440,2023,120,2023-07-28,0.69,0.48,0.6058981233243967,0.446078431372549,0.0841018766756032,0.03392156862745099
676440,2024,30,2024-04-27,0.69,0.44,0.6518518518518519,0.4545454545454545,0.03814814814814804,-0.014545454545454473
676440,2024,60,2024-05-27,0.71,0.44,0.6867469879518072,0.4397163120567376,0.023253012048192745,0.00028368794326238955
676440,2024,90,2024-06-26,0.65,0.6,0.6684931506849315,0.4840182648401826,-0.018493150684931514,0.11598173515981736
676440,2024,120,2024-07-26,0.65,0.42,0.6645569620253164,0.4593639575971731,-0.014556962025316422,-0.039363957597173094
676440,2025,30,2025-04-26,0.62,0.32,0.6339285714285714,0.2835820895522388,-0.013928571428571401,0.036417910447761215
676440,2025,60,2025-05-26,0.59,0.32,0.6108786610878661,0.3181818181818182,-0.02087866108786618,0.0018181818181818299
676440,2025,90,2025-06-25,0.68,0.42,0.6297297297297297,0.3627450980392157,0.05027027027027031,0.05725490196078431
676440,2025,120,2025-07-25,0.6,0.36,0.6239669421487604,0.3684210526315789,-0.023966942148760384,-0.00842105263157894
676440,2026,30,2026-04-25,0.63,0.3,0.6030534351145038,0.3661971830985915,0.026946564885496183,-0.06619718309859152
676440,2026,59,2026-05-22,0.63,0.38,0.6055776892430279,0.3823529411764705,0.0244223107569721,-0.002352941176470502
676962,2024,30,2024-04-27,,,0.6344086021505376,0.4489795918367347,,
676962,2024,60,2024-05-27,0.62,0.6,0.6335403726708074,0.5056179775280899,-0.013540372670807432,0.09438202247191008
676962,2025,30,2025-04-26,0.64,0.38,0.6306306306306306,0.4262295081967213,0.009369369369369385,-0.04622950819672128
676962,2025,60,2025-05-26,0.72,0.54,0.6712328767123288,0.4523809523809524,0.04876712328767119,0.08761904761904765
676962,2025,90,2025-06-25,0.67,0.48,0.6831395348837209,0.4673913043478261,-0.013139534883720883,0.012608695652173874
676962,2025,120,2025-07-25,0.66,0.44,0.6831955922865014,0.46875,-0.023195592286501365,-0.028749999999999998
676962,2026,59,2026-05-22,0.64,0.52,0.6103896103896104,0.4761904761904761,0.029610389610389642,0.04380952380952391
680694,2022,30,2022-05-07,,,,,,
680694,2022,60,2022-06-06,0.56,0.5,0.5138888888888888,0.4729729729729729,0.046111111111111214,0.027027027027027084
680694,2022,90,2022-07-06,0.58,0.34,0.5424528301886793,0.4181818181818181,0.03754716981132067,-0.07818181818181807
680694,2022,120,2022-08-05,0.57,0.38,0.5393700787401575,0.4360902255639097,0.03062992125984243,-0.05609022556390969
680694,2023,30,2023-04-29,,,,,,
680694,2023,60,2023-05-29,0.51,0.32,0.4972972972972973,0.3636363636363636,0.012702702702702684,-0.043636363636363584
680694,2023,90,2023-06-28,0.59,0.46,0.540268456375839,0.3988095238095238,0.04973154362416099,0.06119047619047624
680694,2023,120,2023-07-28,0.64,0.46,0.5741176470588235,0.4222222222222222,0.0658823529411765,0.0377777777777778
680694,2024,60,2024-05-27,0.57,0.48,0.5754716981132075,0.4788732394366197,-0.005471698113207579,0.0011267605633802913
680694,2026,30,2026-04-25,0.53,0.48,0.5043478260869565,0.4745762711864407,0.02565217391304353,0.005423728813559292
680694,2026,59,2026-05-22,0.55,0.54,0.519650655021834,0.4754098360655737,0.030349344978165993,0.06459016393442635
680739,2022,30,2022-05-07,,,0.5609756097560976,0.4444444444444444,,
680739,2022,60,2022-06-06,0.59,0.4,0.5853658536585366,0.3770491803278688,0.004634146341463419,0.022950819672131195
680739,2022,90,2022-07-06,0.63,0.3,0.6058823529411764,0.3292682926829268,0.024117647058823577,-0.0292682926829268
680739,2022,120,2022-08-05,0.66,0.18,0.612565445026178,0.3052631578947368,0.047434554973821985,-0.1252631578947368
680755,2026,59,2026-05-22,0.61,0.46,0.6074766355140186,0.4444444444444444,0.0025233644859813387,0.0155555555555556
684320,2024,30,2024-04-27,,,0.6346153846153846,0.5,,
684320,2024,60,2024-05-27,,,0.6388888888888888,0.3809523809523809,,
684320,2024,90,2024-06-26,,0.34,0.5882352941176471,0.34,,0.0
684320,2024,120,2024-07-26,0.5,0.52,0.5508982035928144,0.4615384615384615,-0.050898203592814384,0.05846153846153851
685299,2024,120,2024-07-26,,,,,,
685299,2025,60,2025-05-26,,,0.5961538461538461,,,
685299,2025,90,2025-06-25,,,0.6338028169014085,0.3225806451612903,,
685299,2025,120,2025-07-25,,,0.6421052631578947,0.2954545454545454,,
686973,2023,60,2023-05-29,0.68,0.3,0.6573426573426573,0.3863636363636363,0.02265734265734276,-0.08636363636363631
686973,2024,30,2024-04-27,,0.34,0.6206896551724138,0.3529411764705882,,-0.012941176470588178
686973,2024,60,2024-05-27,,0.34,0.6206896551724138,0.3529411764705882,,-0.012941176470588178
686973,2024,90,2024-06-26,0.63,0.42,0.6370967741935484,0.390625,-0.007096774193548372,0.029374999999999984
686973,2024,120,2024-07-26,0.63,0.42,0.6370967741935484,0.390625,-0.007096774193548372,0.029374999999999984
693433,2023,90,2023-06-28,,0.48,0.6666666666666666,0.5079365079365079,,-0.027936507936507926
693433,2023,120,2023-07-28,0.65,0.44,0.6577540106951871,0.4864864864864865,-0.007754010695187108,-0.04648648648648651
693433,2024,60,2024-05-27,,,0.7468354430379747,0.3720930232558139,,
693433,2024,90,2024-06-26,0.75,0.26,0.7284768211920529,0.3255813953488372,0.021523178807947074,-0.06558139534883717
693433,2024,120,2024-07-26,0.74,0.28,0.743455497382199,0.320754716981132,-0.0034554973821989687,-0.04075471698113198
693433,2025,30,2025-04-26,0.69,0.46,0.6692913385826772,0.46875,0.02070866141732275,-0.00874999999999998
693433,2025,60,2025-05-26,0.64,0.44,0.6626506024096386,0.46875,-0.022650602409638565,-0.028749999999999998
693433,2025,90,2025-06-25,0.63,0.48,0.6569148936170213,0.4728260869565217,-0.026914893617021263,0.007173913043478308
693433,2025,120,2025-07-25,0.62,0.44,0.6526104417670683,0.4782608695652174,-0.03261044176706829,-0.038260869565217404
693433,2026,30,2026-04-25,0.66,0.34,0.6524822695035462,0.421875,0.007517730496453878,-0.08187499999999998
693433,2026,59,2026-05-22,0.82,0.56,0.7124463519313304,0.4583333333333333,0.10755364806866952,0.10166666666666674
694297,2023,60,2023-05-29,0.56,0.32,0.5648148148148148,0.3272727272727272,-0.004814814814814716,-0.0072727272727272085
694297,2023,90,2023-06-28,0.56,0.32,0.5648148148148148,0.3272727272727272,-0.004814814814814716,-0.0072727272727272085
694297,2023,120,2023-07-28,0.62,0.34,0.5986394557823129,0.3375,0.021360544217687072,0.0025000000000000022
694297,2024,30,2024-04-27,0.75,0.42,0.7540983606557377,0.4426229508196721,-0.004098360655737654,-0.02262295081967214
694297,2024,60,2024-05-27,0.71,0.42,0.7327935222672065,0.453125,-0.022793522267206545,-0.033125000000000016
694297,2024,90,2024-06-26,0.7,0.36,0.7189054726368159,0.4257425742574257,-0.018905472636815968,-0.06574257425742569
694297,2024,120,2024-07-26,0.65,0.52,0.7014314928425358,0.4457831325301205,-0.051431492842535786,0.07421686746987954
694297,2025,30,2025-04-26,0.66,0.34,0.6724137931034483,0.3793103448275862,-0.012413793103448256,-0.03931034482758616
694297,2025,60,2025-05-26,0.59,0.28,0.6450381679389313,0.3529411764705882,-0.05503816793893135,-0.07294117647058818
694297,2025,90,2025-06-25,0.61,0.32,0.6404494382022472,0.3440860215053763,-0.030449438202247214,-0.02408602150537631
694297,2025,120,2025-07-25,0.65,0.48,0.6424116424116424,0.3790322580645161,0.00758835758835763,0.10096774193548386
694297,2026,59,2026-05-22,0.67,0.4,0.6666666666666666,0.375,0.0033333333333334103,0.025000000000000022
701542,2025,30,2025-04-26,,0.36,0.5517241379310345,0.375,,-0.015000000000000013
701542,2025,60,2025-05-26,0.67,0.56,0.6376146788990825,0.4888888888888889,0.03238532110091752,0.07111111111111118
701542,2025,90,2025-06-25,0.62,0.56,0.6269113149847095,0.5080213903743316,-0.006911314984709538,0.05197860962566847
701542,2025,120,2025-07-25,0.68,0.42,0.6357758620689655,0.484251968503937,0.044224137931034524,-0.064251968503937
701542,2026,30,2026-04-25,0.64,0.5,0.6124031007751938,0.4933333333333333,0.027596899224806237,0.00666666666666671
701542,2026,59,2026-05-22,0.58,0.52,0.5954545454545455,0.5,-0.015454545454545499,0.020000000000000018
701656,2025,60,2025-05-26,,0.54,0.6666666666666666,0.5471698113207547,,-0.007169811320754671
701656,2025,90,2025-06-25,,0.54,0.6666666666666666,0.5471698113207547,,-0.007169811320754671
701656,2025,120,2025-07-25,,0.54,0.6666666666666666,0.5471698113207547,,-0.007169811320754671
701656,2026,59,2026-05-22,,0.58,0.7032967032967034,0.5882352941176471,,-0.008235294117647118
805673,2025,60,2025-05-26,,,,,,
805673,2025,90,2025-06-25,,,0.7590361445783133,0.5208333333333334,,
805673,2025,120,2025-07-25,0.7,0.48,0.717741935483871,0.5135135135135135,-0.01774193548387104,-0.033513513513513504
805673,2026,59,2026-05-22,,,,,,
430935,2018,30,2018-04-28,0.63,0.4,0.6,0.5,0.030000000000000027,-0.09999999999999998
430935,2018,60,2018-05-28,0.58,0.36,0.6,0.4551724137931034,-0.020000000000000018,-0.09517241379310343
430935,2018,90,2018-06-27,0.62,0.44,0.60431654676259,0.4470046082949309,0.01568345323741005,-0.007004608294930881
430935,2018,120,2018-07-27,0.57,0.4,0.5984095427435387,0.4435797665369649,-0.028409542743538796,-0.04357976653696488
430935,2019,30,2019-04-19,0.58,0.38,0.5841584158415841,0.3709677419354839,-0.004158415841584162,0.00903225806451613
430935,2019,60,2019-05-19,0.6,0.42,0.6035242290748899,0.4029850746268656,-0.0035242290748899174,0.01701492537313437
430935,2019,90,2019-06-18,0.66,0.58,0.6094986807387863,0.4186046511627907,0.050501319261213706,0.16139534883720924
430935,2019,120,2019-07-18,0.64,0.6,0.6053268765133172,0.4247787610619469,0.03467312348668283,0.17522123893805308
461829,2018,30,2018-04-28,0.54,0.38,0.575,0.4057971014492754,-0.03499999999999992,-0.025797101449275384
461829,2018,60,2018-05-28,0.5,0.38,0.5588235294117647,0.4133333333333333,-0.05882352941176472,-0.03333333333333327
461829,2018,90,2018-06-27,0.49,0.36,0.5415549597855228,0.400990099009901,-0.051554959785522825,-0.040990099009901027
461829,2018,120,2018-07-27,0.54,0.32,0.5392781316348195,0.3895582329317269,0.0007218683651805113,-0.06955823293172692
461829,2019,60,2019-05-19,,,0.573170731707317,0.3333333333333333,,
461829,2019,90,2019-06-18,0.53,0.36,0.5403225806451613,0.3661971830985915,-0.010322580645161228,-0.006197183098591519
461829,2019,120,2019-07-18,0.53,0.36,0.5403225806451613,0.3661971830985915,-0.010322580645161228,-0.006197183098591519
503449,2021,90,2021-06-30,,,0.5,,,
503449,2021,120,2021-07-30,0.55,0.26,0.5176470588235295,0.2839506172839506,0.032352941176470584,-0.023950617283950593
518876,2019,30,2019-04-19,,,0.6161616161616161,0.4489795918367347,,
518876,2019,60,2019-05-19,0.47,0.22,0.5336322869955157,0.3421052631578947,-0.06363228699551571,-0.12210526315789469
518876,2019,90,2019-06-18,0.7,0.52,0.5799457994579946,0.3850574712643678,0.12005420054200533,0.13494252873563223
518876,2019,120,2019-07-18,0.61,0.3,0.5831622176591376,0.3823529411764705,0.026837782340862426,-0.08235294117647052
518876,2021,30,2021-05-01,0.61,0.34,0.5882352941176471,0.3333333333333333,0.021764705882352908,0.00666666666666671
518876,2021,60,2021-05-31,0.62,0.54,0.592057761732852,0.4328358208955223,0.027942238267148034,0.10716417910447773
518876,2021,90,2021-06-30,0.65,0.38,0.6169665809768637,0.41,0.03303341902313628,-0.02999999999999997
518876,2021,120,2021-07-30,0.6,0.44,0.6167315175097277,0.4133858267716535,-0.016731517509727678,0.026614173228346527
518876,2022,30,2022-05-07,0.66,0.42,0.6510067114093959,0.4788732394366197,0.00899328859060411,-0.058873239436619706
518876,2022,60,2022-06-06,0.57,0.3,0.6220472440944882,0.3888888888888889,-0.05204724409448824,-0.0888888888888889
518876,2022,90,2022-07-06,0.63,0.34,0.6178660049627791,0.3846153846153846,0.012133995037220902,-0.04461538461538456
518876,2022,120,2022-08-05,0.65,0.48,0.6237623762376238,0.4015444015444015,0.02623762376237626,0.07845559845559846
518876,2023,30,2023-04-29,0.58,0.4,0.5757575757575758,0.3947368421052631,0.004242424242424159,0.005263157894736914
518876,2023,60,2023-05-29,0.61,0.5,0.6031746031746031,0.4569536423841059,0.0068253968253968456,0.04304635761589409
518876,2023,90,2023-06-28,0.55,0.42,0.5853018372703412,0.4537037037037037,-0.035301837270341196,-0.033703703703703736
518876,2023,120,2023-07-28,0.53,0.42,0.5862068965517241,0.4478260869565217,-0.05620689655172406,-0.027826086956521723
518876,2024,30,2024-04-27,,,0.6129032258064516,0.4375,,
518876,2024,60,2024-05-27,,,0.6129032258064516,0.4375,,
518876,2024,90,2024-06-26,,,0.6129032258064516,0.4375,,
518876,2024,120,2024-07-26,,,0.6129032258064516,0.4375,,
518876,2025,30,2025-04-26,0.68,0.44,0.6544117647058824,0.3333333333333333,0.02558823529411769,0.10666666666666669
518876,2025,60,2025-05-26,0.57,0.6,0.609375,0.4296296296296296,-0.03937500000000005,0.1703703703703704
518876,2025,90,2025-06-25,0.65,0.52,0.6246648793565683,0.4673366834170854,0.025335120643431686,0.05266331658291462
518876,2025,120,2025-07-25,0.68,0.36,0.6339468302658486,0.4538461538461538,0.04605316973415141,-0.0938461538461538
518876,2026,30,2026-04-25,,,0.58,,,
518876,2026,59,2026-05-22,0.65,0.36,0.6318681318681318,0.3506493506493506,0.01813186813186818,0.009350649350649387
541640,2018,30,2018-04-28,,,,,,
541640,2018,60,2018-05-28,,,,,,
541640,2018,90,2018-06-27,,,,,,
541640,2018,120,2018-07-27,,,,,,
541640,2022,120,2022-08-05,0.7,0.32,0.6563876651982379,0.3394495412844037,0.043612334801762076,-0.019449541284403682
543278,2018,60,2018-05-28,,,0.6585365853658537,0.4473684210526316,,
543278,2018,90,2018-06-27,0.72,0.28,0.6717171717171717,0.3505154639175257,0.04828282828282826,-0.07051546391752567
543278,2018,120,2018-07-27,0.73,0.38,0.6861924686192469,0.360655737704918,0.043807531380753106,0.019344262295082015
543557,2018,90,2018-06-27,0.67,0.4,0.6465863453815262,0.3333333333333333,0.02341365461847389,0.06666666666666671
543557,2018,120,2018-07-27,0.54,0.24,0.613941018766756,0.3081395348837209,-0.07394101876675596,-0.06813953488372093
571578,2018,30,2018-04-28,0.67,0.58,0.6666666666666666,0.6470588235294118,0.0033333333333334103,-0.06705882352941184
571578,2018,60,2018-05-28,0.62,0.56,0.6370370370370371,0.5986394557823129,-0.017037037037037073,-0.03863945578231287
571578,2018,90,2018-06-27,0.6,0.56,0.635678391959799,0.5758928571428571,-0.03567839195979905,-0.015892857142857042
571578,2018,120,2018-07-27,0.55,0.48,0.611969111969112,0.5448275862068965,-0.06196911196911192,-0.06482758620689655
571578,2019,30,2019-04-19,0.55,0.6,0.5490196078431373,0.5892857142857143,0.0009803921568627416,0.010714285714285676
571578,2019,60,2019-05-19,0.66,0.5,0.5932203389830508,0.5348837209302325,0.06677966101694921,-0.03488372093023251
571578,2019,90,2019-06-18,0.59,0.42,0.5898876404494382,0.5,0.00011235955056176916,-0.08000000000000002
571578,2019,120,2019-07-18,0.67,0.7,0.6136363636363636,0.5408560311284046,0.056363636363636394,0.15914396887159532
571578,2021,30,2021-05-01,0.62,,0.6146788990825688,0.375,0.00532110091743121,
571578,2021,60,2021-05-31,0.63,0.4,0.6194690265486725,0.3761467889908257,0.010530973451327474,0.023853211009174313
571578,2021,90,2021-06-30,0.71,0.46,0.6420454545454546,0.4096385542168674,0.06795454545454538,0.05036144578313262
571578,2021,120,2021-07-30,0.73,0.26,0.6569037656903766,0.3628318584070796,0.07309623430962342,-0.10283185840707959
571578,2022,30,2022-05-07,0.7,0.38,0.6814814814814815,0.3880597014925373,0.01851851851851849,-0.008059701492537319
571578,2022,60,2022-06-06,0.67,0.34,0.6724738675958188,0.3840579710144927,-0.0024738675958188017,-0.04405797101449266
571578,2022,90,2022-07-06,0.79,0.48,0.6899038461538461,0.3969849246231156,0.10009615384615389,0.0830150753768844
571578,2022,120,2022-08-05,0.68,0.4,0.6908396946564885,0.3908045977011494,-0.010839694656488486,0.00919540229885063
571578,2023,30,2023-04-29,0.67,0.3,0.6164383561643836,0.3088235294117647,0.05356164383561646,-0.00882352941176473
571578,2023,60,2023-05-29,0.67,0.32,0.6485507246376812,0.3174603174603174,0.021449275362318887,0.0025396825396826195
571578,2023,90,2023-06-28,0.68,0.44,0.6751152073732719,0.3455497382198952,0.0048847926267281405,0.0944502617801048
571578,2023,120,2023-07-28,0.61,0.42,0.6641929499072357,0.3586497890295358,-0.054192949907235666,0.06135021097046417
571578,2024,30,2024-04-27,0.67,0.32,0.6220472440944882,0.3333333333333333,0.047952755905511846,-0.013333333333333308
571578,2024,60,2024-05-27,0.56,0.32,0.5985401459854015,0.3243243243243243,-0.03854014598540145,-0.00432432432432428
571578,2024,90,2024-06-26,0.66,0.4,0.617948717948718,0.3550295857988165,0.04205128205128206,0.04497041420118353
571578,2024,120,2024-07-26,0.67,0.42,0.6352941176470588,0.3679653679653679,0.03470588235294125,0.0520346320346321
571578,2025,30,2025-04-26,,,0.6666666666666666,0.3125,,
571578,2025,60,2025-05-26,0.63,0.42,0.6268656716417911,0.3653846153846153,0.0031343283582089265,0.05461538461538468
571578,2025,90,2025-06-25,0.68,0.42,0.6448598130841121,0.3806451612903225,0.03514018691588794,0.03935483870967749
571578,2025,120,2025-07-25,0.62,0.46,0.632420091324201,0.3954545454545454,-0.012420091324200966,0.06454545454545463
571578,2026,30,2026-04-25,,,0.7,0.3870967741935484,,
571578,2026,59,2026-05-22,0.58,0.3,0.6235294117647059,0.3289473684210526,-0.04352941176470593,-0.02894736842105261
592229,2018,60,2018-05-28,,,0.5194805194805194,0.3684210526315789,,
592229,2018,90,2018-06-27,0.64,0.38,0.6030927835051546,0.3789473684210526,0.03690721649484541,0.001052631578947416
592229,2018,120,2018-07-27,0.58,0.28,0.5935483870967742,0.3333333333333333,-0.013548387096774195,-0.05333333333333329
592229,2019,60,2019-05-19,,,0.5945945945945946,,,
592229,2019,90,2019-06-18,0.62,0.38,0.6181818181818182,0.3333333333333333,0.0018181818181818299,0.04666666666666669
592229,2019,120,2019-07-18,0.62,0.34,0.6217616580310881,0.3116883116883117,-0.0017616580310880758,0.028311688311688343
592644,2018,60,2018-05-28,,,0.5833333333333334,0.375,,
592644,2018,90,2018-06-27,0.6,0.4,0.6015625,0.3859649122807017,-0.0015625000000000222,0.014035087719298345
592644,2018,120,2018-07-27,0.63,0.36,0.6035502958579881,0.3625,0.026449704142011865,-0.0025000000000000022
592644,2019,90,2019-06-18,,,0.6956521739130435,0.3541666666666667,,
592644,2019,120,2019-07-18,0.72,0.26,0.6976744186046512,0.3103448275862069,0.022325581395348792,-0.0503448275862069
592767,2019,30,2019-04-19,,,0.68,0.4222222222222222,,
592767,2019,60,2019-05-19,0.6,0.4,0.6212121212121212,0.3924050632911392,-0.021212121212121238,0.0075949367088608
592767,2019,90,2019-06-18,0.5,0.42,0.5753968253968254,0.3969465648854962,-0.07539682539682535,0.023053435114503806
592767,2019,120,2019-07-18,0.5,0.42,0.5753968253968254,0.3969465648854962,-0.07539682539682535,0.023053435114503806
592767,2021,30,2021-05-01,,,0.6781609195402298,0.3673469387755102,,
592767,2021,60,2021-05-31,0.67,0.32,0.6758241758241759,0.3490566037735849,-0.005824175824175826,-0.029056603773584877
592767,2021,90,2021-06-30,0.63,0.3,0.6551724137931034,0.3475609756097561,-0.02517241379310342,-0.047560975609756084
592767,2021,120,2021-07-30,0.64,0.4,0.6482412060301508,0.3688888888888889,-0.008241206030150772,0.031111111111111145
592767,2022,30,2022-05-07,,0.34,0.7040816326530612,0.3269230769230769,,0.013076923076923097
592767,2022,60,2022-06-06,0.69,0.36,0.7,0.3469387755102041,-0.010000000000000009,0.013061224489795908
592767,2022,90,2022-07-06,0.69,0.36,0.7,0.3469387755102041,-0.010000000000000009,0.013061224489795908
592767,2022,120,2022-08-05,0.63,0.34,0.68359375,0.3380281690140845,-0.053593749999999996,0.0019718309859155236
592767,2023,30,2023-04-29,0.66,0.42,0.6636363636363637,0.391304347826087,-0.0036363636363636598,0.02869565217391301
592767,2023,60,2023-05-29,0.64,0.42,0.6431535269709544,0.3955223880597014,-0.00315352697095439,0.02447761194029857
592767,2023,90,2023-06-28,0.57,0.32,0.6168478260869565,0.3756613756613756,-0.04684782608695659,-0.05566137566137558
592767,2023,120,2023-07-28,0.59,0.48,0.6119402985074627,0.4008264462809917,-0.021940298507462708,0.0791735537190083
592879,2019,120,2019-07-18,,,0.5507246376811594,0.4666666666666667,,
594798,2018,30,2018-04-28,0.66,0.58,0.6387096774193548,0.5393258426966292,0.021290322580645227,0.04067415730337076
594798,2018,60,2018-05-28,0.65,0.6,0.6447876447876448,0.5666666666666667,0.005212355212355191,0.033333333333333326
594798,2018,90,2018-06-27,0.65,0.46,0.6433915211970075,0.5526315789473685,0.0066084788029925345,-0.09263157894736845
594798,2018,120,2018-07-27,0.74,0.46,0.6627906976744186,0.5408163265306123,0.07720930232558143,-0.08081632653061227
594798,2019,30,2019-04-19,,0.48,0.6451612903225806,0.5373134328358209,,-0.05731343283582091
594798,2019,60,2019-05-19,0.66,0.36,0.6515837104072398,0.4652777777777778,0.008416289592760196,-0.1052777777777778
594798,2019,90,2019-06-18,0.68,0.52,0.6390374331550802,0.4647302904564315,0.040962566844919834,0.055269709543568524
594798,2019,120,2019-07-18,0.68,0.46,0.6469344608879493,0.4690553745928338,0.03306553911205079,-0.009055374592833787
594798,2021,30,2021-05-01,0.71,0.74,0.6829268292682927,0.7195121951219512,0.02707317073170723,0.0204878048780488
594798,2021,60,2021-05-31,0.62,0.66,0.6536312849162011,0.7192982456140351,-0.033631284916201154,-0.05929824561403507
594798,2021,90,2021-06-30,0.55,0.66,0.6167883211678832,0.7093023255813954,-0.06678832116788314,-0.049302325581395356
594798,2025,30,2025-04-26,0.59,0.44,0.5963302752293578,0.4406779661016949,-0.006330275229357807,-0.0006779661016949046
594798,2025,60,2025-05-26,0.63,0.5,0.6194331983805668,0.4696969696969697,0.010566801619433241,0.030303030303030276
594798,2025,90,2025-06-25,0.71,0.56,0.650137741046832,0.4845360824742268,0.05986225895316799,0.07546391752577325
594798,2025,120,2025-07-25,0.66,0.46,0.6467991169977925,0.4860557768924303,0.013200883002207564,-0.02605577689243027
594798,2026,30,2026-04-25,0.62,0.54,0.6153846153846154,0.5384615384615384,0.004615384615384577,0.0015384615384615996
594798,2026,59,2026-05-22,0.68,0.46,0.6284403669724771,0.4885496183206106,0.05155963302752298,-0.028549618320610592
596295,2021,30,2021-05-01,0.64,0.42,0.6484375,0.4029850746268656,-0.008437499999999987,0.01701492537313437
596295,2021,60,2021-05-31,0.64,0.48,0.6556016597510373,0.4651162790697674,-0.015601659751037333,0.014883720930232602
596295,2021,90,2021-06-30,0.71,0.38,0.6750788643533123,0.4444444444444444,0.03492113564668764,-0.06444444444444442
596295,2021,120,2021-07-30,0.63,0.38,0.6584022038567493,0.4455958549222797,-0.028402203856749297,-0.0655958549222797
596295,2022,30,2022-05-07,0.6,0.46,0.5982142857142857,0.4727272727272727,0.0017857142857142794,-0.012727272727272698
596295,2022,60,2022-06-06,0.54,0.28,0.5688888888888889,0.3773584905660377,-0.028888888888888853,-0.09735849056603768
596295,2022,90,2022-07-06,0.62,0.32,0.5841269841269842,0.3576158940397351,0.035873015873015834,-0.03761589403973509
596295,2022,120,2022-08-05,0.53,0.38,0.568019093078759,0.3571428571428571,-0.03801909307875895,0.02285714285714291
596295,2023,30,2023-04-29,0.47,,0.4807692307692308,0.3333333333333333,-0.010769230769230809,
596295,2023,60,2023-05-29,0.69,0.34,0.5840336134453782,0.3269230769230769,0.10596638655462176,0.013076923076923097
596295,2023,90,2023-06-28,0.63,0.38,0.6011560693641619,0.3419354838709677,0.028843930635838122,0.03806451612903228
596295,2023,120,2023-07-28,0.68,0.28,0.6274089935760171,0.3364485981308411,0.052591006423982956,-0.05644859813084108
596295,2024,30,2024-04-27,0.54,0.34,0.5454545454545454,0.3174603174603174,-0.005454545454545379,0.022539682539682637
596295,2024,60,2024-05-27,0.67,0.38,0.6,0.3445378151260504,0.07000000000000006,0.03546218487394959
596295,2024,90,2024-06-26,0.6,0.3,0.6046511627906976,0.3313609467455621,-0.0046511627906976605,-0.03136094674556211
596295,2024,120,2024-07-26,0.61,0.32,0.6063348416289592,0.3287671232876712,0.0036651583710407554,-0.008767123287671208
596295,2025,90,2025-06-25,,,,,,
596295,2025,120,2025-07-25,0.57,0.32,0.5886075949367089,0.2631578947368421,-0.018607594936708938,0.056842105263157916
598287,2019,120,2019-07-18,0.65,0.5,0.6446700507614214,0.4833333333333333,0.005329949238578657,0.01666666666666672
605288,2019,60,2019-05-19,,,0.6296296296296297,,,
605288,2019,90,2019-06-18,0.6,0.52,0.6194690265486725,0.4769230769230769,-0.019469026548672552,0.043076923076923124
605288,2019,120,2019-07-18,0.58,0.46,0.5990338164251208,0.4672897196261682,-0.01903381642512081,-0.007289719626168201
605288,2021,30,2021-05-01,0.53,0.34,0.5192307692307693,0.3518518518518518,0.010769230769230753,-0.01185185185185178
605288,2021,60,2021-05-31,0.51,0.46,0.5194174757281553,0.375,-0.009417475728155322,0.08500000000000002
605288,2021,90,2021-06-30,0.62,0.32,0.5493827160493827,0.3571428571428571,0.07061728395061728,-0.03714285714285709
605288,2021,120,2021-07-30,0.62,0.34,0.5666666666666667,0.3584905660377358,0.053333333333333344,-0.0184905660377358
605288,2022,30,2022-05-07,0.6,0.38,0.5855855855855856,0.3548387096774194,0.014414414414414378,0.02516129032258063
605288,2022,60,2022-06-06,0.61,0.32,0.6,0.3416666666666667,0.010000000000000009,-0.021666666666666667
605288,2022,90,2022-07-06,0.49,0.32,0.5727002967359051,0.3352941176470588,-0.08270029673590507,-0.015294117647058791
605288,2022,120,2022-08-05,0.49,0.32,0.5727002967359051,0.3352941176470588,-0.08270029673590507,-0.015294117647058791
605288,2023,60,2023-05-29,,,0.5783132530120482,0.3414634146341463,,
605288,2023,90,2023-06-28,0.6,0.26,0.5921787709497207,0.2840909090909091,0.007821229050279266,-0.024090909090909107
605288,2023,120,2023-07-28,0.52,0.44,0.5604026845637584,0.348993288590604,-0.040402684563758395,0.09100671140939598
605288,2024,30,2024-04-27,0.58,0.28,0.5652173913043478,0.28,0.014782608695652177,0.0
605288,2025,60,2025-05-26,,,,,,
605288,2025,90,2025-06-25,0.56,0.44,0.5878378378378378,0.4,-0.027837837837837776,0.03999999999999998
605288,2025,120,2025-07-25,0.65,0.36,0.6187050359712231,0.3865546218487395,0.03129496402877696,-0.026554621848739524
605288,2026,30,2026-04-25,0.57,,0.5967741935483871,0.2653061224489796,-0.02677419354838717,
605288,2026,59,2026-05-22,0.66,0.3,0.6355140186915887,0.2873563218390804,0.024485981308411287,0.012643678160919603
605488,2022,60,2022-06-06,0.64,0.46,0.6388888888888888,0.4819277108433735,0.0011111111111111738,-0.02192771084337347
605488,2022,90,2022-07-06,0.64,0.46,0.6338582677165354,0.4487179487179487,0.006141732283464596,0.011282051282051342
605488,2022,120,2022-08-05,0.6,0.38,0.6125,0.4368421052631579,-0.012500000000000067,-0.056842105263157916
605488,2025,30,2025-04-26,0.62,0.3,0.6060606060606061,0.3552631578947368,0.013939393939393918,-0.05526315789473679
605488,2025,60,2025-05-26,0.6,0.38,0.6,0.3507462686567164,0.0,0.02925373134328363
605488,2025,90,2025-06-25,0.59,0.36,0.5962059620596206,0.36,-0.006205962059620651,0.0
605488,2025,120,2025-07-25,0.63,0.32,0.601593625498008,0.3505535055350554,0.028406374501992016,-0.03055350553505537
605488,2026,30,2026-04-25,0.67,0.48,0.647887323943662,0.4305555555555556,0.022112676056338043,0.0494444444444444
605488,2026,59,2026-05-22,0.63,0.26,0.6392156862745098,0.373134328358209,-0.009215686274509749,-0.11313432835820897
607188,2018,30,2018-04-28,,0.38,0.6363636363636364,0.3773584905660377,,0.002641509433962297
607188,2018,60,2018-05-28,0.47,0.32,0.553921568627451,0.3490566037735849,-0.08392156862745104,-0.029056603773584877
607188,2018,90,2018-06-27,0.47,0.32,0.553921568627451,0.3490566037735849,-0.08392156862745104,-0.029056603773584877
607188,2018,120,2018-07-27,0.47,0.32,0.553921568627451,0.3490566037735849,-0.08392156862745104,-0.029056603773584877
607352,2018,60,2018-05-28,,,0.6063829787234043,0.2608695652173913,,
607352,2018,90,2018-06-27,0.67,0.3,0.6428571428571429,0.3095238095238095,0.027142857142857135,-0.00952380952380949
607352,2018,120,2018-07-27,0.65,0.38,0.6435185185185185,0.3203883495145631,0.0064814814814815325,0.05961165048543693
608379,2018,30,2018-04-28,0.49,0.34,0.5042735042735043,0.3333333333333333,-0.014273504273504267,0.00666666666666671
608379,2018,60,2018-05-28,0.52,0.4,0.502127659574468,0.3623188405797101,0.017872340425531985,0.037681159420289934
608379,2019,30,2019-04-19,,0.48,0.5208333333333334,0.4615384615384615,,0.018461538461538474
608379,2019,60,2019-05-19,0.62,0.4,0.5677083333333334,0.40625,0.052291666666666625,-0.006249999999999978
608379,2019,90,2019-06-18,0.57,0.44,0.5663082437275986,0.4210526315789473,0.0036917562724013697,0.018947368421052713
608379,2019,120,2019-07-18,0.56,0.34,0.5597667638483965,0.379746835443038,0.00023323615160353306,-0.039746835443037976
608379,2021,30,2021-05-01,0.65,0.38,0.6504854368932039,0.4181818181818181,-0.0004854368932039055,-0.038181818181818095
608379,2021,60,2021-05-31,0.67,0.44,0.6595744680851063,0.4264705882352941,0.010425531914893704,0.013529411764705901
608379,2021,90,2021-06-30,0.7,0.4,0.6788990825688074,0.411214953271028,0.02110091743119258,-0.011214953271028005
608379,2021,120,2021-07-30,0.73,0.52,0.6989966555183946,0.4342105263157895,0.031003344481605355,0.08578947368421053
608379,2022,30,2022-05-07,0.59,,0.59,0.3877551020408163,0.0,
608379,2022,60,2022-06-06,0.62,0.32,0.6,0.358695652173913,0.020000000000000018,-0.03869565217391302
608379,2022,90,2022-07-06,0.68,0.38,0.6210526315789474,0.3597122302158273,0.05894736842105264,0.020287769784172682
608379,2022,120,2022-08-05,0.68,0.38,0.6210526315789474,0.3597122302158273,0.05894736842105264,0.020287769784172682
608379,2023,30,2023-04-29,0.59,0.42,0.5929203539823009,0.3833333333333333,-0.0029203539823009494,0.03666666666666668
608379,2023,60,2023-05-29,0.66,0.4,0.625,0.3769230769230769,0.03500000000000003,0.023076923076923106
608379,2023,90,2023-06-28,0.62,0.38,0.6191950464396285,0.3777777777777777,0.0008049535603714686,0.002222222222222292
608379,2023,120,2023-07-28,0.61,0.32,0.6202898550724638,0.3730569948186528,-0.010289855072463827,-0.05305699481865278
608379,2024,30,2024-04-27,0.66,0.42,0.6495726495726496,0.4545454545454545,0.010427350427350435,-0.03454545454545449
608379,2024,60,2024-05-27,0.67,0.46,0.648854961832061,0.4390243902439024,0.021145038167939,0.020975609756097635
608379,2024,90,2024-06-26,0.68,0.38,0.6556291390728477,0.4195804195804196,0.02437086092715235,-0.03958041958041958
608379,2024,120,2024-07-26,0.59,0.36,0.638755980861244,0.4086538461538461,-0.048755980861244,-0.0486538461538461
608379,2025,30,2025-04-26,0.65,0.46,0.6518518518518519,0.3939393939393939,-0.0018518518518518823,0.0660606060606061
608379,2025,60,2025-05-26,0.69,0.42,0.6525096525096525,0.4,0.03749034749034741,0.019999999999999962
608379,2025,90,2025-06-25,0.62,0.48,0.6467532467532467,0.4204545454545454,-0.02675324675324675,0.05954545454545457
608379,2025,120,2025-07-25,0.58,0.32,0.6276595744680851,0.3863636363636363,-0.04765957446808511,-0.06636363636363629
608379,2026,30,2026-04-25,0.64,0.4,0.6666666666666666,0.4117647058823529,-0.026666666666666616,-0.0117647058823529
608379,2026,59,2026-05-22,0.61,0.44,0.642570281124498,0.4044117647058823,-0.032570281124498,0.0355882352941177
608566,2018,30,2018-04-28,0.65,0.42,0.6230769230769231,0.3698630136986301,0.02692307692307694,0.05013698630136987
608566,2018,60,2018-05-28,0.55,0.38,0.5992217898832685,0.391304347826087,-0.04922178988326842,-0.011304347826086969
608566,2018,90,2018-06-27,0.57,0.46,0.5936675461741425,0.4158415841584158,-0.023667546174142573,0.0441584158415842
608566,2018,120,2018-07-27,0.64,0.42,0.6058700209643606,0.4307692307692308,0.03412997903563941,-0.010769230769230809
608566,2019,30,2019-04-19,0.7,0.4,0.6746031746031746,0.4142857142857143,0.025396825396825307,-0.01428571428571429
608566,2019,60,2019-05-19,0.69,0.54,0.6754716981132075,0.463768115942029,0.014528301886792439,0.07623188405797104
608566,2019,90,2019-06-18,0.54,0.54,0.6480186480186481,0.4902912621359223,-0.10801864801864802,0.04970873786407776
608566,2019,120,2019-07-18,0.62,0.34,0.6407942238267148,0.4666666666666667,-0.02079422382671481,-0.12666666666666665
608566,2021,30,2021-05-01,0.55,0.5,0.5524475524475524,0.4647887323943662,-0.002447552447552348,0.03521126760563381
608566,2021,60,2021-05-31,0.62,0.58,0.5764705882352941,0.512396694214876,0.04352941176470593,0.06760330578512397
608566,2021,90,2021-06-30,0.59,0.34,0.6004901960784313,0.4747474747474747,-0.01049019607843138,-0.13474747474747467
608566,2021,120,2021-07-30,0.55,0.58,0.5901960784313726,0.4980392156862745,-0.04019607843137252,0.08196078431372544
608566,2022,30,2022-05-07,0.62,0.38,0.6446280991735537,0.38,-0.024628099173553686,0.0
608566,2022,60,2022-06-06,0.62,0.44,0.6349206349206349,0.4299065420560747,-0.01492063492063489,0.0100934579439253
608566,2022,90,2022-07-06,0.69,0.4,0.6508728179551122,0.4277777777777777,0.03912718204488774,-0.02777777777777768
608566,2022,120,2022-08-05,0.66,0.32,0.6483931947069943,0.4032921810699588,0.011606805293005729,-0.08329218106995878
608566,2025,30,2025-04-26,0.5,,0.495049504950495,0.35,0.00495049504950501,
608566,2025,60,2025-05-26,0.62,0.26,0.5636363636363636,0.3058823529411765,0.056363636363636394,-0.045882352941176485
608566,2025,90,2025-06-25,0.63,0.48,0.5840220385674931,0.3783783783783784,0.045977961432506875,0.10162162162162158
608566,2025,120,2025-07-25,0.54,0.44,0.5758241758241758,0.3821989528795811,-0.03582417582417574,0.05780104712041889
608566,2026,30,2026-04-25,0.63,0.34,0.6285714285714286,0.3269230769230769,0.0014285714285714457,0.013076923076923097
608566,2026,59,2026-05-22,0.68,0.32,0.6434108527131783,0.3114754098360656,0.03658914728682172,0.00852459016393442
622864,2018,60,2018-05-28,0.54,0.4,0.5431034482758621,0.4,-0.003103448275862064,0.0
622864,2018,90,2018-06-27,0.56,0.34,0.5491071428571429,0.3739130434782609,0.010892857142857149,-0.03391304347826085
623211,2025,60,2025-05-26,0.6,0.5,0.6065573770491803,0.4696969696969697,-0.006557377049180357,0.030303030303030276
623211,2025,90,2025-06-25,0.55,0.46,0.5748502994011976,0.4382022471910112,-0.02485029940119754,0.021797752808988824
623211,2025,120,2025-07-25,0.55,0.38,0.580952380952381,0.4358974358974359,-0.030952380952380953,-0.0558974358974359
623211,2026,59,2026-05-22,,0.36,0.6666666666666666,0.3653846153846153,,-0.005384615384615321
641312,2019,90,2019-06-18,0.6,0.36,0.6081871345029239,0.3432835820895522,-0.008187134502923965,0.01671641791044781
641312,2019,120,2019-07-18,0.71,0.36,0.6408450704225352,0.3448275862068966,0.06915492957746472,0.015172413793103412
641540,2021,30,2021-05-01,,0.46,0.6666666666666666,0.4705882352941176,,-0.010588235294117565
641540,2021,60,2021-05-31,0.64,0.54,0.6487804878048781,0.504950495049505,-0.008780487804878057,0.03504950495049508
641540,2021,90,2021-06-30,0.62,0.44,0.6416938110749185,0.4683544303797468,-0.021693811074918523,-0.028354430379746776
641540,2021,120,2021-07-30,0.7,0.42,0.6510416666666666,0.4587628865979381,0.048958333333333326,-0.03876288659793814
641540,2022,30,2022-05-07,0.56,0.48,0.5765765765765766,0.490566037735849,-0.01657657657657652,-0.010566037735849021
641540,2022,60,2022-06-06,0.63,0.48,0.6045627376425855,0.4701492537313433,0.025437262357414503,0.009850746268656674
641540,2022,90,2022-07-06,0.59,0.32,0.603448275862069,0.4205128205128205,-0.013448275862068981,-0.10051282051282051
641540,2022,120,2022-08-05,0.61,0.36,0.603411513859275,0.411504424778761,0.006588486140724936,-0.05150442477876099
641540,2023,60,2023-05-29,0.69,0.32,0.6470588235294118,0.3209876543209876,0.04294117647058815,-0.0009876543209875743
641540,2023,90,2023-06-28,0.68,0.36,0.6439628482972136,0.320754716981132,0.03603715170278643,0.03924528301886798
641540,2023,120,2023-07-28,0.55,0.28,0.621867881548975,0.3119266055045872,-0.07186788154897494,-0.03192660550458715
641540,2024,30,2024-04-27,0.5,0.44,0.5,0.453125,0.0,-0.013124999999999998
641540,2024,60,2024-05-27,0.44,0.56,0.4674556213017751,0.5053763440860215,-0.02745562130177509,0.05462365591397855
641540,2024,90,2024-06-26,0.56,0.38,0.5038461538461538,0.4625850340136054,0.05615384615384622,-0.0825850340136054
641540,2024,120,2024-07-26,0.54,0.36,0.4946236559139785,0.4556962025316455,0.045376344086021536,-0.09569620253164551
643327,2018,30,2018-04-28,0.53,0.34,0.5483870967741935,0.4117647058823529,-0.01838709677419348,-0.0717647058823529
643327,2018,60,2018-05-28,0.64,0.44,0.5776892430278885,0.4193548387096774,0.062310756972111525,0.020645161290322622
643327,2018,90,2018-06-27,0.6,0.48,0.5732323232323232,0.4285714285714285,0.026767676767676774,0.05142857142857149
643327,2018,120,2018-07-27,0.59,0.5,0.5771428571428572,0.4444444444444444,0.01285714285714279,0.05555555555555558
643327,2019,30,2019-04-19,0.54,0.36,0.5490196078431373,0.3703703703703703,-0.009019607843137267,-0.010370370370370308
643327,2019,60,2019-05-19,0.52,0.3,0.5384615384615384,0.3365384615384615,-0.018461538461538418,-0.03653846153846152
643327,2019,90,2019-06-18,0.6,0.28,0.5643939393939394,0.3237410071942446,0.03560606060606053,-0.04374100719424456
643478,2019,120,2019-07-18,,,,,,
650633,2024,30,2024-04-27,0.68,0.46,0.6416666666666667,0.4328358208955223,0.03833333333333333,0.027164179104477715
650633,2024,60,2024-05-27,0.64,0.48,0.6490566037735849,0.4569536423841059,-0.00905660377358486,0.023046357615894075
650633,2024,90,2024-06-26,0.6,0.54,0.6380208333333334,0.4642857142857143,-0.03802083333333339,0.07571428571428573
650633,2024,120,2024-07-26,0.65,0.46,0.6434599156118144,0.4676258992805755,0.006540084388185652,-0.007625899280575499
650633,2025,30,2025-04-26,0.62,0.52,0.6,0.5555555555555556,0.020000000000000018,-0.03555555555555556
650633,2025,60,2025-05-26,0.63,0.52,0.6061946902654868,0.5333333333333333,0.023805309734513225,-0.013333333333333308
650633,2025,90,2025-06-25,0.63,0.52,0.6061946902654868,0.5333333333333333,0.023805309734513225,-0.013333333333333308
650633,2025,120,2025-07-25,0.63,0.52,0.6061946902654868,0.5333333333333333,0.023805309734513225,-0.013333333333333308
650633,2026,30,2026-04-25,0.52,0.44,0.5398230088495575,0.4482758620689655,-0.019823008849557455,-0.008275862068965523
650633,2026,59,2026-05-22,0.61,0.4,0.5739130434782609,0.4461538461538462,0.0360869565217391,-0.046153846153846156
656794,2018,30,2018-04-28,0.57,0.58,0.6033057851239669,0.5483870967741935,-0.03330578512396698,0.031612903225806455
656794,2018,60,2018-05-28,0.48,0.36,0.5665236051502146,0.4525547445255474,-0.08652360515021462,-0.0925547445255474
656794,2018,90,2018-06-27,0.54,0.38,0.5582010582010583,0.410958904109589,-0.018201058201058218,-0.030958904109589014
656794,2018,120,2018-07-27,0.43,0.3,0.538961038961039,0.3923076923076923,-0.10896103896103898,-0.09230769230769231
656794,2019,30,2019-04-19,,,0.6440677966101694,,,
656794,2019,60,2019-05-19,,,0.651685393258427,0.3157894736842105,,
657514,2023,120,2023-07-28,0.56,0.64,0.5693430656934306,0.5,-0.009343065693430574,0.14
660761,2019,90,2019-06-18,,,0.5692307692307692,0.3714285714285714,,
660761,2019,120,2019-07-18,0.55,0.5,0.5533333333333333,0.4567901234567901,-0.0033333333333332993,0.0432098765432099
660761,2021,120,2021-07-30,0.69,0.28,0.5957446808510638,0.3693693693693693,0.09425531914893615,-0.08936936936936929
660761,2022,30,2022-05-07,,,0.575,0.3414634146341463,,
660761,2022,60,2022-06-06,,,0.5764705882352941,0.3409090909090909,,
660761,2022,90,2022-07-06,0.6,0.44,0.5808383233532934,0.3854166666666667,0.019161676646706538,0.05458333333333332
660761,2022,120,2022-08-05,0.68,0.36,0.6194331983805668,0.3795620437956204,0.060566801619433286,-0.019562043795620432
660761,2023,30,2023-04-29,,,0.5697674418604651,0.3,,
660761,2023,60,2023-05-29,0.57,0.32,0.5967741935483871,0.3333333333333333,-0.02677419354838717,-0.013333333333333308
660761,2023,90,2023-06-28,0.57,0.32,0.5967741935483871,0.3333333333333333,-0.02677419354838717,-0.013333333333333308
660761,2023,120,2023-07-28,0.57,0.32,0.5967741935483871,0.3333333333333333,-0.02677419354838717,-0.013333333333333308
661309,2022,90,2022-07-06,,,0.5522388059701493,0.3548387096774194,,
661309,2022,120,2022-08-05,,,0.5842696629213483,0.3255813953488372,,
663556,2021,60,2021-05-31,0.7,0.54,0.6972477064220184,0.5245901639344263,0.0027522935779815683,0.015409836065573779
663556,2021,90,2021-06-30,0.61,0.46,0.6556603773584906,0.4959349593495935,-0.0456603773584906,-0.035934959349593454
663556,2021,120,2021-07-30,0.6,0.5,0.636963696369637,0.4912280701754385,-0.036963696369637034,0.008771929824561486
663556,2022,30,2022-05-07,0.61,0.6,0.6015625,0.6025641025641025,0.008437499999999987,-0.002564102564102555
663556,2022,60,2022-06-06,0.69,0.52,0.6370967741935484,0.5816993464052288,0.05290322580645157,-0.06169934640522878
663556,2022,90,2022-07-06,0.56,0.6,0.6155913978494624,0.5859030837004405,-0.05559139784946232,0.014096916299559448
663556,2022,120,2022-08-05,0.68,0.48,0.6277056277056277,0.5683453237410072,0.05229437229437239,-0.08834532374100723
663556,2023,30,2023-04-29,0.62,0.48,0.6423357664233577,0.4615384615384615,-0.02233576642335766,0.018461538461538474
663556,2023,60,2023-05-29,0.64,0.44,0.6525096525096525,0.4746835443037974,-0.012509652509652525,-0.03468354430379739
663556,2023,90,2023-06-28,0.62,0.36,0.6346666666666667,0.4504504504504504,-0.014666666666666717,-0.09045045045045041
663556,2023,120,2023-07-28,0.66,0.38,0.6423841059602649,0.4419475655430712,0.01761589403973518,-0.06194756554307118
663556,2026,30,2026-04-25,0.56,0.42,0.5643564356435643,0.423728813559322,-0.004356435643564249,-0.0037288135593220306
663556,2026,59,2026-05-22,0.55,0.48,0.554945054945055,0.4563106796116505,-0.0049450549450549275,0.023689320388349477
664196,2019,90,2019-06-18,,,,,,
666157,2022,30,2022-05-07,,,0.7101449275362319,0.5135135135135135,,
666157,2022,60,2022-06-06,,,0.7101449275362319,0.5135135135135135,,
666157,2022,90,2022-07-06,,0.52,0.6629213483146067,0.5294117647058824,,-0.009411764705882342
666157,2022,120,2022-08-05,0.6,0.54,0.6404494382022472,0.5454545454545454,-0.04044943820224722,-0.005454545454545379
666157,2023,30,2023-04-29,0.51,0.5,0.56,0.5211267605633803,-0.050000000000000044,-0.021126760563380254
666157,2024,30,2024-04-27,,,0.5915492957746479,0.4651162790697674,,
666157,2024,60,2024-05-27,0.65,0.44,0.6419753086419753,0.46,0.00802469135802475,-0.020000000000000018
666157,2024,90,2024-06-26,0.68,0.48,0.6506849315068494,0.4620253164556962,0.029315068493150687,0.01797468354430376
666157,2024,120,2024-07-26,0.72,0.46,0.6631853785900783,0.4653465346534653,0.05681462140992166,-0.005346534653465296
666157,2025,30,2025-04-26,0.72,0.34,0.7203389830508474,0.3,-0.0003389830508474523,0.040000000000000036
666157,2025,60,2025-05-26,0.69,0.48,0.7014925373134329,0.4135338345864661,-0.011492537313432916,0.0664661654135339
666157,2025,90,2025-06-25,0.62,0.38,0.6774193548387096,0.4030612244897959,-0.057419354838709635,-0.023061224489795917
666157,2025,120,2025-07-25,0.66,0.42,0.6673346693386774,0.4111111111111111,-0.007334669338677324,0.00888888888888889
666157,2026,59,2026-05-22,,,0.5970149253731343,0.2894736842105263,,
666159,2021,90,2021-06-30,,,0.5909090909090909,0.1935483870967742,,
666159,2021,120,2021-07-30,0.63,0.26,0.6164383561643836,0.2615384615384615,0.013561643835616422,-0.0015384615384614886
666159,2022,30,2022-05-07,,,,,,
666159,2022,60,2022-06-06,,,,,,
666159,2022,90,2022-07-06,,,,,,
666159,2022,120,2022-08-05,,,0.5769230769230769,,,
666159,2023,30,2023-04-29,,,,,,
666159,2023,60,2023-05-29,,,,,,
666159,2023,90,2023-06-28,,,0.5833333333333334,,,
666159,2023,120,2023-07-28,0.7,0.36,0.6470588235294118,0.3658536585365853,0.05294117647058816,-0.0058536585365853155
666159,2024,30,2024-04-27,,,,,,
669373,2021,30,2021-05-01,0.55,0.3,0.5619047619047619,0.3157894736842105,-0.011904761904761862,-0.01578947368421052
669373,2021,60,2021-05-31,0.65,0.56,0.6073059360730594,0.4453125,0.04269406392694064,0.11468750000000005
669373,2021,90,2021-06-30,0.61,0.48,0.611764705882353,0.4747474747474747,-0.0017647058823530015,0.005252525252525286
669373,2021,120,2021-07-30,0.71,0.42,0.6293859649122807,0.4552529182879377,0.08061403508771925,-0.035252918287937696
669373,2022,30,2022-05-07,0.59,0.4,0.5803571428571429,0.4202898550724637,0.009642857142857064,-0.02028985507246367
669373,2022,60,2022-06-06,0.63,0.4,0.6079295154185022,0.4236111111111111,0.02207048458149785,-0.023611111111111083
669373,2022,90,2022-07-06,0.67,0.26,0.643646408839779,0.4,0.026353591160221068,-0.14
669373,2023,120,2023-07-28,,,0.6923076923076923,0.575,,
669373,2024,30,2024-04-27,0.73,0.46,0.7433628318584071,0.4794520547945205,-0.013362831858407143,-0.0194520547945205
669373,2024,60,2024-05-27,0.71,0.5,0.7198275862068966,0.5,-0.00982758620689661,0.0
669373,2024,90,2024-06-26,0.71,0.46,0.7227979274611399,0.495575221238938,-0.012797927461139946,-0.03557522123893797
669373,2024,120,2024-07-26,0.64,0.54,0.704312114989733,0.503448275862069,-0.064312114989733,0.03655172413793106
669373,2025,30,2025-04-26,0.67,0.5,0.6752136752136753,0.4393939393939394,-0.005213675213675217,0.06060606060606061
669373,2025,60,2025-05-26,0.73,0.72,0.7083333333333334,0.5897435897435898,0.021666666666666612,0.13025641025641022
669373,2025,90,2025-06-25,0.69,0.42,0.710997442455243,0.5458515283842795,-0.020997442455243043,-0.12585152838427954
669373,2025,120,2025-07-25,0.59,0.6,0.6956521739130435,0.5655172413793104,-0.10565217391304349,0.03448275862068961
669373,2026,30,2026-04-25,0.65,0.46,0.6549295774647887,0.4810126582278481,-0.004929577464788726,-0.02101265822784809
669373,2026,59,2026-05-22,0.69,0.52,0.6746987951807228,0.5,0.015301204819277103,0.020000000000000018
669387,2024,90,2024-06-26,,0.38,0.5979381443298969,0.3653846153846153,,0.014615384615384697
669387,2024,120,2024-07-26,0.61,0.34,0.5827338129496403,0.3670886075949367,0.027266187050359658,-0.027088607594936698
669387,2025,30,2025-04-26,0.59,,0.5961538461538461,0.3829787234042553,-0.006153846153846176,
669387,2025,60,2025-05-26,0.64,0.28,0.6222222222222222,0.3181818181818182,0.01777777777777778,-0.03818181818181815
669387,2025,90,2025-06-25,0.63,0.22,0.6272727272727273,0.3119266055045872,0.0027272727272726893,-0.09192660550458717
669387,2025,120,2025-07-25,0.63,0.4,0.6218181818181818,0.3453237410071942,0.008181818181818179,0.054676258992805815
669387,2026,30,2026-04-25,0.61,0.4,0.6111111111111112,0.4561403508771929,-0.0011111111111111738,-0.05614035087719288
669387,2026,59,2026-05-22,0.6,0.3,0.6064814814814815,0.3893805309734513,-0.0064814814814815325,-0.08938053097345133
669724,2026,59,2026-05-22,,,,,,
670950,2018,30,2018-04-28,0.59,0.38,0.5981308411214953,0.4067796610169492,-0.008130841121495314,-0.026779661016949174
670950,2018,60,2018-05-28,0.59,0.38,0.5981308411214953,0.4067796610169492,-0.008130841121495314,-0.026779661016949174
670950,2018,90,2018-06-27,0.59,0.44,0.5906735751295337,0.404040404040404,-0.0006735751295336989,0.035959595959596025
670950,2018,120,2018-07-27,0.6,0.4,0.5882352941176471,0.3962264150943396,0.0117647058823529,0.003773584905660432
670950,2019,30,2019-04-19,,0.42,0.5714285714285714,0.4038461538461538,,0.016153846153846185
670950,2019,60,2019-05-19,0.54,0.34,0.5560747663551402,0.3826086956521739,-0.016074766355140158,-0.0426086956521739
670950,2019,90,2019-06-18,0.56,0.36,0.5666666666666667,0.3820224719101123,-0.006666666666666599,-0.022022471910112307
670950,2019,120,2019-07-18,0.6,0.36,0.5701559020044543,0.3872340425531915,0.02984409799554566,-0.027234042553191506
671212,2024,30,2024-04-27,0.56,0.46,0.5533980582524272,0.4705882352941176,0.0066019417475728925,-0.010588235294117565
671212,2024,60,2024-05-27,0.53,0.5,0.5271317829457365,0.4754098360655737,0.0028682170542635443,0.024590163934426312
671212,2024,90,2024-06-26,0.53,0.5,0.5271317829457365,0.4754098360655737,0.0028682170542635443,0.024590163934426312
671212,2024,120,2024-07-26,0.53,0.5,0.5271317829457365,0.4754098360655737,0.0028682170542635443,0.024590163934426312
671212,2026,59,2026-05-22,,,0.5522388059701493,0.5,,
677944,2024,30,2024-04-27,,,,,,
677944,2024,60,2024-05-27,0.64,0.32,0.6412213740458015,0.3666666666666666,-0.001221374045801471,-0.04666666666666658
677944,2024,90,2024-06-26,0.74,0.42,0.6846846846846847,0.3980582524271844,0.055315315315315305,0.021941747572815584
677944,2025,60,2025-05-26,,,,,,
677944,2025,90,2025-06-25,0.67,0.44,0.6835443037974683,0.4805194805194805,-0.013544303797468293,-0.04051948051948051
677944,2025,120,2025-07-25,0.59,0.3,0.6550522648083623,0.4166666666666667,-0.06505226480836235,-0.1166666666666667
677944,2026,30,2026-04-25,0.59,0.3,0.6086956521739131,0.3076923076923077,-0.018695652173913113,-0.0076923076923077205
677944,2026,59,2026-05-22,0.73,0.36,0.6594827586206896,0.336,0.07051724137931037,0.023999999999999966
682227,2023,60,2023-05-29,,,0.5873015873015873,0.375,,
682227,2023,90,2023-06-28,0.61,0.32,0.6069364161849711,0.3411764705882353,0.003063583815028914,-0.021176470588235297
682227,2023,120,2023-07-28,0.6,0.32,0.6043956043956044,0.3356643356643357,-0.00439560439560438,-0.01566433566433567
682227,2026,30,2026-04-25,0.54,0.26,0.5357142857142857,0.2678571428571428,0.004285714285714337,-0.007857142857142785
682227,2026,59,2026-05-22,0.55,0.3,0.5234375,0.3015873015873015,0.026562500000000044,-0.0015873015873015262
685503,2021,30,2021-05-01,0.5,0.28,0.4859813084112149,0.28,0.014018691588785104,0.0
685503,2021,60,2021-05-31,0.5,0.3,0.4881889763779528,0.2833333333333333,0.011811023622047223,0.016666666666666663
685503,2021,90,2021-06-30,0.5,0.3,0.4881889763779528,0.2833333333333333,0.011811023622047223,0.016666666666666663
685503,2021,120,2021-07-30,0.5,0.3,0.4881889763779528,0.2833333333333333,0.011811023622047223,0.016666666666666663
687888,2025,90,2025-06-25,,0.48,0.6767676767676768,0.4901960784313725,,-0.01019607843137249
689441,2026,59,2026-05-22,,,,,,
694819,2025,90,2025-06-25,,,0.5357142857142857,0.5277777777777778,,
694819,2025,120,2025-07-25,0.62,0.56,0.6160714285714286,0.5333333333333333,0.003928571428571392,0.026666666666666727
694819,2026,30,2026-04-25,0.59,0.52,0.6131386861313869,0.5604395604395604,-0.02313868613138692,-0.04043956043956043
694819,2026,59,2026-05-22,0.7,0.62,0.6488888888888888,0.5827814569536424,0.05111111111111111,0.03721854304635763
695684,2026,59,2026-05-22,,,0.546875,,,
700241,2025,90,2025-06-25,,,0.6511627906976745,0.3478260869565217,,
700241,2025,120,2025-07-25,0.63,0.32,0.6160714285714286,0.320754716981132,0.013928571428571401,-0.0007547169811319976
700241,2026,30,2026-04-25,0.51,0.28,0.5047619047619047,0.2830188679245283,0.005238095238095264,-0.003018867924528268
700241,2026,59,2026-05-22,0.55,0.4,0.5391705069124424,0.3425925925925926,0.010829493087557651,0.05740740740740741
702273,2026,30,2026-04-25,,,0.6825396825396826,0.4864864864864865,,
702273,2026,59,2026-05-22,0.53,0.42,0.5878378378378378,0.4155844155844156,-0.0578378378378378,0.004415584415584373
425794,2018,30,2018-04-28,,,0.5205479452054794,0.3529411764705882,,
425794,2018,60,2018-05-28,,,0.5,0.3488372093023256,,
425794,2018,90,2018-06-27,,,0.5,0.3488372093023256,,
425794,2018,120,2018-07-27,,,0.5,0.3488372093023256,,
425794,2019,30,2019-04-19,,,0.5232558139534884,0.4318181818181818,,
425794,2019,60,2019-05-19,0.63,0.4,0.5566502463054187,0.4239130434782608,0.0733497536945813,-0.023913043478260787
425794,2019,90,2019-06-18,0.57,0.44,0.5596026490066225,0.437956204379562,0.010397350993377463,0.0020437956204379937
425794,2019,120,2019-07-18,0.56,0.54,0.5597014925373134,0.4656084656084656,0.00029850746268667017,0.07439153439153445
425794,2021,30,2021-05-01,0.59,0.58,0.5702479338842975,0.4923076923076923,0.01975206611570246,0.08769230769230768
425794,2021,60,2021-05-31,0.62,0.4,0.5976095617529881,0.4318181818181818,0.022390438247011923,-0.0318181818181818
425794,2021,90,2021-06-30,0.62,0.54,0.5968586387434555,0.4509803921568627,0.023141361256544535,0.08901960784313734
425794,2021,120,2021-07-30,0.71,0.48,0.6201550387596899,0.4486692015209125,0.08984496124031005,0.031330798479087485
425794,2022,30,2022-05-07,0.68,0.28,0.6357142857142857,0.3552631578947368,0.04428571428571437,-0.07526315789473675
425794,2022,60,2022-06-06,0.62,0.28,0.6370370370370371,0.3175675675675675,-0.017037037037037073,-0.03756756756756746
425794,2022,90,2022-07-06,0.59,0.42,0.63,0.3619909502262443,-0.040000000000000036,0.058009049773755705
425794,2022,120,2022-08-05,0.59,0.3,0.6221804511278195,0.3531468531468531,-0.03218045112781953,-0.053146853146853135
425794,2023,60,2023-05-29,0.53,0.22,0.56,0.2758620689655172,-0.030000000000000027,-0.05586206896551718
425794,2023,90,2023-06-28,0.48,0.26,0.5203619909502263,0.25,-0.0403619909502263,0.010000000000000009
425794,2023,120,2023-07-28,0.47,0.24,0.5144927536231884,0.256198347107438,-0.044492753623188386,-0.016198347107438005
434671,2018,30,2018-04-28,,,0.6379310344827587,,,
434671,2018,60,2018-05-28,,,0.6379310344827587,,,
434671,2018,90,2018-06-27,0.67,0.52,0.6544502617801047,0.4835164835164835,0.01554973821989536,0.0364835164835165
434671,2018,120,2018-07-27,0.72,0.44,0.668769716088328,0.4596273291925465,0.05123028391167195,-0.019627329192546505
434671,2019,30,2019-04-19,0.56,,0.5643564356435643,0.3953488372093023,-0.004356435643564249,
434671,2019,60,2019-05-19,0.64,0.46,0.6019900497512438,0.3980582524271844,0.0380099502487562,0.06194174757281562
434671,2019,90,2019-06-18,0.67,0.4,0.6379310344827587,0.3959731543624161,0.032068965517241366,0.004026845637583931
434671,2019,120,2019-07-18,0.58,0.36,0.6243654822335025,0.3888888888888889,-0.04436548223350256,-0.02888888888888891
434671,2022,120,2022-08-05,,0.28,0.5568181818181818,0.2884615384615384,,-0.008461538461538354
450729,2018,30,2018-04-28,,,0.5714285714285714,0.4,,
450729,2018,60,2018-05-28,0.62,0.28,0.5789473684210527,0.3425925925925926,0.04105263157894734,-0.06259259259259259
471911,2018,30,2018-04-28,0.67,0.5,0.6666666666666666,0.4507042253521127,0.0033333333333334103,0.049295774647887314
471911,2018,60,2018-05-28,0.63,0.38,0.6506849315068494,0.4522292993630573,-0.020684931506849358,-0.07222929936305728
471911,2018,90,2018-06-27,0.66,0.54,0.6595744680851063,0.4705882352941176,0.00042553191489369535,0.06941176470588245
471911,2018,120,2018-07-27,0.65,0.52,0.6553911205073996,0.4812030075187969,-0.005391120507399538,0.03879699248120311
471911,2019,30,2019-04-19,,,0.625,0.6744186046511628,,
471911,2019,60,2019-05-19,0.69,0.56,0.6649484536082474,0.5904761904761905,0.025051546391752555,-0.030476190476190435
471911,2022,30,2022-05-07,0.63,0.5,0.6198347107438017,0.4912280701754385,0.010165289256198307,0.008771929824561486
471911,2022,60,2022-06-06,0.7,0.5,0.6553030303030303,0.4692307692307692,0.04469696969696968,0.030769230769230826
471911,2022,90,2022-07-06,0.74,0.52,0.6773333333333333,0.483695652173913,0.06266666666666665,0.03630434782608699
471911,2022,120,2022-08-05,0.68,0.32,0.6815415821501014,0.4453125,-0.0015415821501013616,-0.1253125
471911,2023,30,2023-04-29,,,0.4923076923076923,0.2666666666666666,,
471911,2023,60,2023-05-29,0.55,0.28,0.5398230088495575,0.2884615384615384,0.010176991150442571,-0.008461538461538354
471911,2023,90,2023-06-28,0.56,0.4,0.5458715596330275,0.3333333333333333,0.014128440366972583,0.06666666666666671
471911,2023,120,2023-07-28,0.6,0.42,0.5667752442996743,0.3546099290780142,0.03322475570032568,0.06539007092198579
471911,2024,30,2024-04-27,0.65,0.38,0.6320754716981132,0.3773584905660377,0.017924528301886844,0.002641509433962297
471911,2024,60,2024-05-27,0.58,0.32,0.601010101010101,0.3617021276595745,-0.021010101010101034,-0.041702127659574484
471911,2024,90,2024-06-26,0.62,0.4,0.6072607260726073,0.3724137931034483,0.012739273927392714,0.027586206896551724
471911,2024,120,2024-07-26,0.66,0.4,0.6132315521628499,0.3894736842105263,0.04676844783715017,0.010526315789473717
471911,2025,30,2025-04-26,0.65,,0.6422018348623854,0.3469387755102041,0.0077981651376146655,
471911,2025,60,2025-05-26,0.55,0.38,0.5915492957746479,0.4032258064516129,-0.04154929577464783,-0.023225806451612874
471911,2025,90,2025-06-25,0.55,0.38,0.5915492957746479,0.4032258064516129,-0.04154929577464783,-0.023225806451612874
471911,2025,120,2025-07-25,0.55,0.38,0.5915492957746479,0.4032258064516129,-0.04154929577464783,-0.023225806451612874
489119,2018,120,2018-07-27,,,0.5208333333333334,0.3076923076923077,,
489119,2019,30,2019-04-19,,,0.6153846153846154,0.275,,
489119,2019,60,2019-05-19,0.55,0.34,0.5598290598290598,0.3394495412844037,-0.009829059829059794,0.0005504587155963359
489119,2019,90,2019-06-18,0.59,0.48,0.5689655172413793,0.4057142857142857,0.021034482758620632,0.07428571428571429
489119,2019,120,2019-07-18,0.55,0.32,0.5610278372591007,0.4034334763948498,-0.011027837259100615,-0.08343347639484977
489119,2021,30,2021-05-01,0.56,0.34,0.5462962962962963,0.3454545454545454,0.013703703703703773,-0.005454545454545379
489119,2021,60,2021-05-31,0.5,0.42,0.5242718446601942,0.3809523809523809,-0.024271844660194164,0.03904761904761911
489119,2021,90,2021-06-30,0.61,0.46,0.5667655786350149,0.4207317073170731,0.04323442136498512,0.03926829268292692
489119,2021,120,2021-07-30,0.61,0.34,0.5866666666666667,0.4018691588785046,0.023333333333333317,-0.06186915887850458
489119,2022,60,2022-06-06,,,0.6,,,
489119,2022,90,2022-07-06,,,0.620253164556962,0.375,,
489119,2022,120,2022-08-05,,,0.620253164556962,0.375,,
489119,2023,30,2023-04-29,0.5,0.36,0.4869565217391304,0.3584905660377358,0.013043478260869601,0.0015094339622641617
489119,2023,60,2023-05-29,0.51,0.26,0.5087719298245614,0.3076923076923077,0.001228070175438578,-0.0476923076923077
489119,2023,90,2023-06-28,0.67,0.28,0.5663716814159292,0.3177570093457944,0.10362831858407084,-0.037757009345794346
489119,2023,120,2023-07-28,0.69,0.38,0.572463768115942,0.3432835820895522,0.11753623188405793,0.03671641791044783
489265,2018,60,2018-05-28,,0.5,0.6145833333333334,0.5,,0.0
502748,2019,30,2019-04-19,,,0.6557377049180327,0.4411764705882353,,
502748,2019,60,2019-05-19,0.62,0.5,0.6420454545454546,0.4659090909090909,-0.02204545454545459,0.034090909090909116
502748,2019,90,2019-06-18,0.61,0.36,0.6273885350318471,0.4691358024691358,-0.01738853503184712,-0.10913580246913579
519455,2018,30,2018-04-28,,,0.6444444444444445,0.4468085106382978,,
519455,2018,60,2018-05-28,0.63,0.42,0.6518518518518519,0.4428571428571428,-0.0218518518518519,-0.022857142857142798
519455,2018,90,2018-06-27,0.65,0.42,0.6589595375722543,0.4222222222222222,-0.008959537572254317,-0.0022222222222222365
519455,2018,120,2018-07-27,0.7,0.44,0.6654804270462633,0.4295302013422818,0.034519572953736644,0.010469798657718188
519455,2019,30,2019-04-19,0.65,,0.625,0.4042553191489361,0.025000000000000022,
519455,2019,60,2019-05-19,0.63,0.36,0.6171875,0.3684210526315789,0.012812500000000004,-0.00842105263157894
519455,2019,90,2019-06-18,0.63,0.36,0.6171875,0.3684210526315789,0.012812500000000004,-0.00842105263157894
519455,2019,120,2019-07-18,0.74,0.3,0.6721991701244814,0.3333333333333333,0.06780082987551861,-0.033333333333333326
570666,2018,120,2018-07-27,,,0.5802469135802469,0.3555555555555555,,
570666,2023,30,2023-04-29,0.68,,0.6846846846846847,0.225,-0.004684684684684637,
605446,2018,90,2018-06-27,0.54,0.36,0.5766423357664233,0.4,-0.036642335766423284,-0.040000000000000036
605446,2018,120,2018-07-27,0.58,0.36,0.5789473684210527,0.373015873015873,0.001052631578947305,-0.013015873015873036
605446,2019,30,2019-04-19,,,0.5,0.391304347826087,,
605446,2019,60,2019-05-19,0.55,0.34,0.5245901639344263,0.345679012345679,0.025409836065573788,-0.005679012345678969
605446,2019,90,2019-06-18,0.58,0.2,0.5458715596330275,0.31,0.03412844036697249,-0.10999999999999999
605446,2019,120,2019-07-18,0.55,0.28,0.5335820895522388,0.3206106870229007,0.016417910447761197,-0.04061068702290066
607625,2023,30,2023-04-29,0.57,0.32,0.6186440677966102,0.3561643835616438,-0.048644067796610235,-0.03616438356164381
607625,2023,60,2023-05-29,0.58,0.36,0.6123595505617978,0.3725490196078431,-0.032359550561797845,-0.012549019607843104
607625,2023,90,2023-06-28,0.61,0.42,0.6146788990825688,0.3884297520661157,-0.004678899082568799,0.0315702479338843
607625,2023,120,2023-07-28,0.66,0.52,0.6272189349112426,0.427027027027027,0.032781065088757444,0.09297297297297302
607625,2024,30,2024-04-27,0.57,0.3,0.5751633986928104,0.2948717948717949,-0.005163398692810461,0.00512820512820511
607625,2024,60,2024-05-27,0.62,0.58,0.583916083916084,0.4149659863945578,0.036083916083916034,0.16503401360544218
607625,2024,90,2024-06-26,0.71,0.5,0.6176470588235294,0.4298642533936652,0.09235294117647053,0.07013574660633481
607625,2024,120,2024-07-26,0.67,0.46,0.6293577981651376,0.4384057971014493,0.040642201834862446,0.02159420289855074
607625,2025,30,2025-04-26,0.75,0.36,0.7549668874172185,0.3625,-0.004966887417218513,-0.0025000000000000022
607625,2025,60,2025-05-26,0.69,0.42,0.7155555555555555,0.3559322033898305,-0.025555555555555554,0.06406779661016948
607625,2025,90,2025-06-25,0.64,0.46,0.696969696969697,0.384180790960452,-0.056969696969697003,0.07581920903954803
607625,2025,120,2025-07-25,0.64,0.46,0.6857142857142857,0.4107883817427386,-0.04571428571428571,0.04921161825726145
607625,2026,30,2026-04-25,0.67,0.44,0.6637931034482759,0.417910447761194,0.006206896551724128,0.022089552238805987
607625,2026,59,2026-05-22,0.66,0.4,0.680161943319838,0.3777777777777777,-0.020161943319838005,0.02222222222222231
621121,2018,30,2018-04-28,0.6,0.46,0.6258992805755396,0.5058823529411764,-0.025899280575539585,-0.04588235294117643
621121,2018,60,2018-05-28,0.63,0.34,0.640926640926641,0.4213836477987421,-0.010926640926640974,-0.08138364779874208
621121,2018,90,2018-06-27,0.53,0.54,0.6020671834625323,0.4394618834080717,-0.07206718346253227,0.10053811659192835
621121,2018,120,2018-07-27,0.52,0.46,0.5859213250517599,0.44,-0.06592132505175985,0.020000000000000018
621121,2021,30,2021-05-01,0.52,0.38,0.4909090909090909,0.4202898550724637,0.02909090909090911,-0.04028985507246369
621121,2021,60,2021-05-31,0.59,0.54,0.5373831775700935,0.4715447154471545,0.05261682242990651,0.06845528455284555
621121,2021,90,2021-06-30,0.55,0.44,0.5340501792114696,0.4615384615384615,0.015949820788530467,-0.021538461538461506
621121,2021,120,2021-07-30,0.62,0.6,0.5655339805825242,0.4956521739130435,0.05446601941747575,0.10434782608695647
621121,2025,60,2025-05-26,,,0.4328358208955223,0.35,,
621121,2025,90,2025-06-25,0.57,0.58,0.5255474452554745,0.4642857142857143,0.044452554744525474,0.11571428571428566
621121,2025,120,2025-07-25,0.52,0.38,0.5277777777777778,0.423728813559322,-0.007777777777777772,-0.04372881355932201
621121,2026,30,2026-04-25,0.53,0.34,0.5272727272727272,0.4,0.0027272727272728003,-0.06
621121,2026,59,2026-05-22,0.57,0.48,0.5491329479768786,0.4725274725274725,0.020867052023121335,0.007472527472527468
628711,2019,30,2019-04-19,,,0.5301204819277109,0.4583333333333333,,
628711,2019,60,2019-05-19,0.58,0.48,0.5833333333333334,0.463768115942029,-0.0033333333333334103,0.01623188405797099
628711,2019,90,2019-06-18,0.64,0.36,0.5813953488372093,0.4141414141414141,0.05860465116279068,-0.0541414141414141
628711,2019,120,2019-07-18,0.59,0.4,0.5929203539823009,0.4296296296296296,-0.0029203539823009494,-0.02962962962962956
628711,2021,30,2021-05-01,0.78,0.46,0.7950819672131147,0.4444444444444444,-0.015081967213114722,0.0155555555555556
628711,2021,60,2021-05-31,0.73,0.46,0.7622641509433963,0.4746835443037974,-0.0322641509433963,-0.014683544303797369
628711,2021,90,2021-06-30,0.61,0.5,0.7161803713527851,0.4755555555555555,-0.10618037135278513,0.02444444444444449
628711,2021,120,2021-07-30,0.68,0.36,0.7091633466135459,0.4520547945205479,-0.029163346613545804,-0.09205479452054793
628711,2022,30,2022-05-07,,0.36,0.6276595744680851,0.36,,0.0
628711,2022,60,2022-06-06,0.69,0.42,0.6610169491525424,0.375,0.02898305084745756,0.044999999999999984
628711,2022,90,2022-07-06,0.6,0.46,0.6418338108882522,0.421875,-0.04183381088825222,0.03812500000000002
628711,2022,120,2022-08-05,0.74,0.42,0.664488017429194,0.4147286821705426,0.07551198257080605,0.005271317829457389
628711,2023,30,2023-04-29,0.57,0.44,0.6014492753623188,0.4794520547945205,-0.031449275362318896,-0.03945205479452052
628711,2023,60,2023-05-29,0.63,0.38,0.6200873362445415,0.4416666666666666,0.009912663755458517,-0.06166666666666659
628711,2023,90,2023-06-28,0.63,0.38,0.6200873362445415,0.4416666666666666,0.009912663755458517,-0.06166666666666659
628711,2023,120,2023-07-28,0.7,0.38,0.6384839650145773,0.4162162162162162,0.061516034985422685,-0.03621621621621618
656529,2021,60,2021-05-31,0.44,0.48,0.4336283185840708,0.48,0.006371681415929198,0.0
656529,2021,90,2021-06-30,0.5,0.5,0.4709302325581395,0.4935064935064935,0.029069767441860517,0.006493506493506496
656529,2021,120,2021-07-30,0.52,0.46,0.4761904761904761,0.4680851063829787,0.04380952380952391,-0.008085106382978657
656557,2021,30,2021-05-01,,,,,,
656557,2021,60,2021-05-31,,,,,,
656557,2021,90,2021-06-30,,,,,,
656557,2021,120,2021-07-30,,0.52,0.6292134831460674,0.5555555555555556,,-0.03555555555555556
656557,2022,30,2022-05-07,,0.4,0.5280898876404494,0.4,,0.0
656557,2023,30,2023-04-29,0.58,0.4,0.5714285714285714,0.4210526315789473,0.008571428571428563,-0.021052631578947267
656557,2023,60,2023-05-29,0.56,0.48,0.5669642857142857,0.4464285714285714,-0.006964285714285645,0.033571428571428585
656557,2023,90,2023-06-28,0.57,0.46,0.578397212543554,0.4383561643835616,-0.008397212543554078,0.0216438356164384
656557,2023,120,2023-07-28,0.57,0.46,0.578397212543554,0.4383561643835616,-0.008397212543554078,0.0216438356164384
656557,2024,30,2024-04-27,0.66,0.42,0.6384615384615384,0.4705882352941176,0.021538461538461617,-0.0505882352941176
656557,2024,60,2024-05-27,0.65,0.44,0.6466431095406361,0.4509803921568627,0.003356890459363937,-0.010980392156862695
656557,2024,90,2024-06-26,0.69,0.44,0.6586538461538461,0.4549549549549549,0.0313461538461538,-0.014954954954954913
656557,2024,120,2024-07-26,0.6,0.34,0.650887573964497,0.4329501915708812,-0.05088757396449706,-0.09295019157088119
656557,2025,30,2025-04-26,0.64,0.36,0.6417910447761194,0.3692307692307692,-0.0017910447761193549,-0.009230769230769209
663372,2022,60,2022-06-06,,,0.6363636363636364,0.5,,
663372,2022,90,2022-07-06,0.53,0.3,0.5771812080536913,0.4024390243902439,-0.047181208053691304,-0.10243902439024394
663372,2022,120,2022-08-05,0.55,0.3,0.5792349726775956,0.3917525773195876,-0.02923497267759556,-0.09175257731958764
663372,2023,30,2023-04-29,0.67,0.4,0.6636363636363637,0.421875,0.006363636363636349,-0.021874999999999978
663372,2023,60,2023-05-29,0.63,0.36,0.6242424242424243,0.3837209302325581,0.005757575757575739,-0.023720930232558113
663372,2023,90,2023-06-28,0.63,0.36,0.6242424242424243,0.3837209302325581,0.005757575757575739,-0.023720930232558113
663372,2023,120,2023-07-28,0.63,0.36,0.6242424242424243,0.3837209302325581,0.005757575757575739,-0.023720930232558113
663372,2024,30,2024-04-27,0.65,0.44,0.6495726495726496,0.4328358208955223,0.00042735042735042583,0.007164179104477697
663372,2024,60,2024-05-27,0.56,0.38,0.6041666666666666,0.4051724137931034,-0.044166666666666576,-0.02517241379310342
663372,2024,90,2024-06-26,0.62,0.46,0.6119791666666666,0.4043715846994535,0.008020833333333366,0.05562841530054652
663372,2024,120,2024-07-26,0.57,0.46,0.6083333333333333,0.417391304347826,-0.03833333333333333,0.04260869565217401
663372,2025,30,2025-04-26,0.58,0.38,0.5909090909090909,0.375,-0.01090909090909098,0.0050000000000000044
663372,2026,59,2026-05-22,,,0.5617977528089888,0.425,,
663562,2023,30,2023-04-29,,,0.5818181818181818,0.3235294117647059,,
663562,2023,60,2023-05-29,,,0.5818181818181818,0.3235294117647059,,
663562,2023,90,2023-06-28,,0.3,0.4948453608247423,0.3,,0.0
663562,2023,120,2023-07-28,,0.3,0.4948453608247423,0.3,,0.0
664045,2019,120,2019-07-18,,,,,,
664045,2021,90,2021-06-30,,,0.5964912280701754,,,
664045,2021,120,2021-07-30,0.55,,0.5588235294117647,0.1463414634146341,-0.008823529411764675,
665001,2023,60,2023-05-29,,,,,,
668909,2023,90,2023-06-28,,,,0.3333333333333333,,
668909,2023,120,2023-07-28,0.59,0.38,0.6392405063291139,0.3333333333333333,-0.04924050632911392,0.04666666666666669
668909,2024,120,2024-07-26,0.59,0.4,0.6055045871559633,0.3709677419354839,-0.015504587155963367,0.029032258064516148
668909,2025,30,2025-04-26,0.51,0.44,0.5181818181818182,0.4193548387096774,-0.008181818181818179,0.020645161290322622
668909,2025,60,2025-05-26,0.51,0.34,0.5256410256410257,0.4055944055944055,-0.015641025641025652,-0.06559440559440549
668909,2025,90,2025-06-25,0.61,0.28,0.5527065527065527,0.3793103448275862,0.05729344729344732,-0.09931034482758616
668909,2025,120,2025-07-25,0.61,0.5,0.5657015590200446,0.4007782101167315,0.04429844097995539,0.09922178988326852
668909,2026,30,2026-04-25,0.62,0.4,0.5915492957746479,0.5176470588235295,0.02845070422535212,-0.11764705882352944
668909,2026,59,2026-05-22,0.67,0.46,0.6534296028880866,0.503030303030303,0.016570397111913437,-0.04303030303030303
668933,2022,60,2022-06-06,,,0.704225352112676,0.2571428571428571,,
668933,2022,90,2022-07-06,0.54,0.32,0.6405529953917051,0.284313725490196,-0.10055299539170504,0.035686274509803995
668933,2022,120,2022-08-05,0.5,0.4,0.6018518518518519,0.3202614379084967,-0.10185185185185186,0.07973856209150332
668933,2023,30,2023-04-29,0.49,0.4,0.5447154471544715,0.4210526315789473,-0.05471544715447152,-0.021052631578947267
668933,2023,60,2023-05-29,0.57,0.34,0.555984555984556,0.3700787401574803,0.014015444015443967,-0.0300787401574803
668933,2023,90,2023-06-28,0.55,0.32,0.5590062111801242,0.3443708609271523,-0.009006211180124124,-0.024370860927152294
668933,2023,120,2023-07-28,0.54,0.26,0.5575620767494357,0.3348837209302325,-0.017562076749435662,-0.07488372093023249
668933,2024,30,2024-04-27,0.6,0.42,0.6147540983606558,0.4333333333333333,-0.014754098360655776,-0.013333333333333308
668933,2024,60,2024-05-27,0.55,0.26,0.5726141078838174,0.3652173913043478,-0.022614107883817347,-0.10521739130434782
668933,2024,90,2024-06-26,0.54,0.3,0.5522875816993464,0.3469387755102041,-0.012287581699346406,-0.04693877551020409
669920,2022,90,2022-07-06,0.57,0.26,0.6506024096385542,0.2352941176470588,-0.08060240963855425,0.024705882352941216
669920,2022,120,2022-08-05,0.62,0.3,0.6570048309178744,0.25,-0.03700483091787443,0.04999999999999999
669920,2025,120,2025-07-25,0.67,,0.6826923076923077,0.3181818181818182,-0.01269230769230767,
669952,2022,60,2022-06-06,,,0.5517241379310345,0.5641025641025641,,
669952,2022,90,2022-07-06,0.59,0.48,0.5748502994011976,0.4875,0.015149700598802385,-0.007500000000000007
669952,2022,120,2022-08-05,0.57,0.3,0.5611814345991561,0.4051724137931034,0.008818565400843803,-0.10517241379310344
670174,2022,90,2022-07-06,0.6,0.34,0.5818181818181818,0.3653846153846153,0.018181818181818188,-0.025384615384615283
670174,2022,120,2022-08-05,0.58,0.26,0.579185520361991,0.3106796116504854,0.0008144796380089581,-0.0506796116504854
670174,2024,30,2024-04-27,,,0.5862068965517241,0.4318181818181818,,
670174,2024,60,2024-05-27,0.57,0.3,0.584070796460177,0.3454545454545454,-0.01407079646017706,-0.045454545454545414
670174,2024,90,2024-06-26,0.59,0.28,0.6056338028169014,0.3970588235294117,-0.01563380281690141,-0.11705882352941166
670174,2024,120,2024-07-26,0.59,0.3,0.582089552238806,0.3626373626373626,0.007910447761193984,-0.06263736263736264
671737,2023,30,2023-04-29,,,0.55,0.5897435897435898,,
671737,2023,60,2023-05-29,0.6,0.52,0.5819672131147541,0.56,0.0180327868852459,-0.040000000000000036
671737,2023,90,2023-06-28,0.6,0.52,0.5903083700440529,0.5488721804511278,0.009691629955947079,-0.028872180451127827
671737,2023,120,2023-07-28,0.62,0.44,0.6089743589743589,0.5135135135135135,0.011025641025641075,-0.07351351351351348
671737,2024,60,2024-05-27,,0.54,0.6333333333333333,0.5370370370370371,,0.002962962962962945
671737,2024,90,2024-06-26,0.64,0.48,0.6310679611650486,0.4919354838709677,0.008932038834951417,-0.011935483870967711
671737,2024,120,2024-07-26,0.62,0.6,0.6222910216718266,0.532967032967033,-0.0022910216718265985,0.06703296703296702
671737,2025,30,2025-04-26,0.47,0.46,0.4916666666666666,0.4909090909090909,-0.021666666666666612,-0.030909090909090886
671737,2025,60,2025-05-26,0.64,0.42,0.5677966101694916,0.4285714285714285,0.07220338983050845,-0.008571428571428508
671737,2025,90,2025-06-25,0.62,0.4,0.5901639344262295,0.4350282485875706,0.0298360655737705,-0.03502824858757059
671737,2025,120,2025-07-25,0.62,0.34,0.5987261146496815,0.4112554112554112,0.02127388535031849,-0.07125541125541118
671737,2026,30,2026-04-25,0.51,0.52,0.54421768707483,0.5138888888888888,-0.03421768707482997,0.006111111111111178
671737,2026,59,2026-05-22,0.59,0.46,0.5728643216080402,0.5098039215686274,0.01713567839195973,-0.049803921568627396
673540,2023,30,2023-04-29,0.68,0.52,0.6666666666666666,0.5245901639344263,0.01333333333333342,-0.004590163934426239
673540,2023,60,2023-05-29,0.6,0.56,0.6338028169014085,0.5446428571428571,-0.03380281690140852,0.015357142857142958
673540,2023,90,2023-06-28,0.54,0.56,0.5882352941176471,0.543010752688172,-0.04823529411764704,0.01698924731182805
673540,2023,120,2023-07-28,0.54,0.46,0.5755555555555556,0.5284552845528455,-0.03555555555555556,-0.0684552845528455
673540,2025,30,2025-04-26,0.57,0.5,0.5575221238938053,0.4901960784313725,0.012477876106194663,0.009803921568627527
673540,2025,60,2025-05-26,0.51,0.42,0.5304347826086957,0.4601769911504424,-0.02043478260869569,-0.04017699115044243
673540,2025,90,2025-06-25,0.52,0.46,0.5322033898305085,0.4635761589403973,-0.012203389830508504,-0.003576158940397256
673540,2025,120,2025-07-25,0.51,0.44,0.5258358662613982,0.4647058823529412,-0.015835866261398213,-0.02470588235294119
673540,2026,30,2026-04-25,,,0.5121951219512195,0.5,,
673540,2026,59,2026-05-22,,,0.5257731958762887,0.4693877551020408,,
674003,2023,60,2023-05-29,,,,,,
674003,2023,90,2023-06-28,,,0.7213114754098361,0.3333333333333333,,
674003,2023,120,2023-07-28,0.67,0.32,0.6842105263157895,0.3333333333333333,-0.014210526315789451,-0.013333333333333308
674003,2024,30,2024-04-27,,,0.6901408450704225,0.4473684210526316,,
674003,2024,60,2024-05-27,,,0.6901408450704225,0.4473684210526316,,
674003,2024,90,2024-06-26,,,0.6901408450704225,0.4473684210526316,,
674003,2024,120,2024-07-26,,,0.6901408450704225,0.4473684210526316,,
674370,2023,90,2023-06-28,,,0.5915492957746479,0.4736842105263157,,
674370,2023,120,2023-07-28,0.64,0.3,0.6028368794326241,0.358974358974359,0.03716312056737592,-0.05897435897435899
674370,2024,120,2024-07-26,,,0.5306122448979592,0.4680851063829787,,
674370,2025,30,2025-04-26,0.62,0.28,0.6239316239316239,0.3076923076923077,-0.00393162393162394,-0.027692307692307683
674370,2025,60,2025-05-26,0.61,0.3,0.6262626262626263,0.3186813186813186,-0.016262626262626312,-0.018681318681318615
674370,2025,90,2025-06-25,0.62,0.36,0.6271929824561403,0.3119266055045872,-0.007192982456140307,0.04807339449541281
674370,2025,120,2025-07-25,0.66,0.38,0.627906976744186,0.3162393162393162,0.03209302325581398,0.06376068376068378
676254,2023,90,2023-06-28,,,0.5,0.4693877551020408,,
676254,2023,120,2023-07-28,0.54,0.48,0.5285714285714286,0.4810126582278481,0.011428571428571455,-0.0010126582278481289
676571,2026,30,2026-04-25,,,0.6507936507936508,0.2307692307692307,,
676571,2026,59,2026-05-22,,0.28,0.6145833333333334,0.2807017543859649,,-0.00070175438596487
680570,2023,30,2023-04-29,0.59,0.5,0.5904761904761905,0.4594594594594595,-0.0004761904761905189,0.040540540540540515
680570,2023,60,2023-05-29,0.47,0.38,0.5330188679245284,0.4274809160305343,-0.06301886792452838,-0.04748091603053428
680570,2023,90,2023-06-28,0.47,0.38,0.5330188679245284,0.4274809160305343,-0.06301886792452838,-0.04748091603053428
680570,2023,120,2023-07-28,0.64,0.34,0.5812274368231047,0.4022988505747126,0.058772563176895276,-0.06229885057471257
680570,2024,30,2024-04-27,0.61,0.5,0.639344262295082,0.5396825396825397,-0.029344262295082024,-0.03968253968253965
680570,2024,60,2024-05-27,0.58,0.5,0.616580310880829,0.5050505050505051,-0.036580310880829026,-0.005050505050505083
680570,2024,90,2024-06-26,0.71,0.4,0.6714697406340058,0.4731182795698925,0.03853025936599419,-0.07311827956989247
680570,2024,120,2024-07-26,0.7,0.4,0.6788793103448276,0.4671814671814672,0.02112068965517233,-0.06718146718146717
680570,2026,59,2026-05-22,,,,,,
680732,2025,30,2025-04-26,0.61,0.34,0.6349206349206349,0.3278688524590163,-0.0249206349206349,0.012131147540983711
680732,2025,60,2025-05-26,0.58,0.38,0.6172839506172839,0.3482142857142857,-0.037283950617283956,0.031785714285714306
680732,2025,90,2025-06-25,0.52,0.48,0.5826330532212886,0.391812865497076,-0.06263305322128854,0.08818713450292398
680732,2025,120,2025-07-25,0.48,0.38,0.5570469798657718,0.3870967741935484,-0.0770469798657718,-0.007096774193548372
680732,2026,30,2026-04-25,0.66,0.26,0.6422018348623854,0.2898550724637681,0.017798165137614674,-0.029855072463768118
680732,2026,59,2026-05-22,0.73,0.44,0.6844444444444444,0.359375,0.04555555555555557,0.080625
681190,2023,90,2023-06-28,,,,,,
681190,2023,120,2023-07-28,,,0.5692307692307692,0.303030303030303,,
681190,2024,30,2024-04-27,,,,,,
681190,2024,60,2024-05-27,0.63,0.24,0.63,0.2407407407407407,0.0,-0.0007407407407407085
681190,2024,90,2024-06-26,0.54,0.32,0.5720930232558139,0.2897196261682243,-0.03209302325581387,0.03028037383177573
681190,2024,120,2024-07-26,0.55,0.32,0.5752508361204013,0.3055555555555556,-0.025250836120401243,0.014444444444444426
681190,2025,30,2025-04-26,0.5,,0.5,0.225,0.0,
681190,2025,60,2025-05-26,0.66,0.38,0.5916666666666667,0.2818181818181818,0.06833333333333336,0.0981818181818182
681190,2025,90,2025-06-25,0.66,0.28,0.6133720930232558,0.2802547770700637,0.04662790697674424,-0.0002547770700636609
681190,2025,120,2025-07-25,0.58,0.12,0.6041666666666666,0.2462311557788944,-0.02416666666666667,-0.1262311557788944
681190,2026,30,2026-04-25,0.6,0.46,0.6140350877192983,0.4918032786885246,-0.01403508771929829,-0.03180327868852456
681190,2026,59,2026-05-22,0.61,0.24,0.6294642857142857,0.375,-0.019464285714285712,-0.135
681217,2022,60,2022-06-06,,,0.647887323943662,0.282051282051282,,
681217,2022,90,2022-07-06,,0.34,0.6404494382022472,0.34,,0.0
681217,2023,120,2023-07-28,0.62,0.44,0.6037735849056604,0.3846153846153846,0.01622641509433964,0.05538461538461542
686613,2023,30,2023-04-29,0.58,0.44,0.5950413223140496,0.4507042253521127,-0.015041322314049643,-0.010704225352112684
686613,2023,60,2023-05-29,0.54,0.56,0.5738396624472574,0.4714285714285714,-0.033839662447257335,0.08857142857142863
686613,2023,90,2023-06-28,0.62,0.4,0.5898876404494382,0.4575471698113207,0.030112359550561796,-0.057547169811320686
686613,2023,120,2023-07-28,0.53,0.52,0.5775280898876405,0.4692307692307692,-0.04752808988764046,0.050769230769230844
686613,2024,30,2024-04-27,,0.32,0.5268817204301075,0.32,,0.0
686613,2024,60,2024-05-27,0.58,0.38,0.5544554455445545,0.3684210526315789,0.025544554455445456,0.011578947368421078
686613,2024,90,2024-06-26,0.61,0.54,0.5797101449275363,0.4371859296482412,0.030289855072463734,0.10281407035175882
686613,2024,120,2024-07-26,0.5,0.5,0.5632911392405063,0.4478764478764478,-0.06329113924050633,0.052123552123552186
686613,2025,30,2025-04-26,0.57,0.46,0.5909090909090909,0.4558823529411764,-0.020909090909090988,0.004117647058823615
686613,2025,60,2025-05-26,0.56,0.58,0.575107296137339,0.5144927536231884,-0.015107296137338966,0.0655072463768116
686613,2025,90,2025-06-25,0.49,0.6,0.5561959654178674,0.545,-0.06619596541786743,0.05499999999999994
686613,2025,120,2025-07-25,0.61,0.56,0.5668103448275862,0.5475285171102662,0.0431896551724138,0.012471482889733876
686613,2026,59,2026-05-22,,,,,,
694813,2023,60,2023-05-29,,,0.559322033898305,,,
694813,2023,90,2023-06-28,,,0.559322033898305,,,
694813,2023,120,2023-07-28,,,0.5633802816901409,0.2222222222222222,,
694813,2024,30,2024-04-27,0.65,0.28,0.6513761467889908,0.3333333333333333,-0.0013761467889907841,-0.05333333333333329
694813,2024,60,2024-05-27,0.58,0.36,0.6172248803827751,0.3333333333333333,-0.03722488038277516,0.026666666666666672
694813,2024,90,2024-06-26,0.59,0.46,0.6323119777158774,0.3846153846153846,-0.04231197771587747,0.07538461538461544
694813,2024,120,2024-07-26,0.62,0.32,0.6280623608017817,0.3677130044843049,-0.008062360801781687,-0.04771300448430488
808963,2025,30,2025-04-26,,,0.5729166666666666,0.3617021276595745,,
808963,2026,30,2026-04-25,0.6,0.36,0.5925925925925926,0.3728813559322034,0.007407407407407418,-0.012881355932203409
808963,2026,59,2026-05-22,0.66,0.4,0.5966850828729282,0.3979591836734694,0.06331491712707182,0.0020408163265306367
813349,2026,30,2026-04-25,0.6,0.4,0.6074766355140186,0.4137931034482758,-0.00747663551401867,-0.013793103448275779
813349,2026,59,2026-05-22,0.68,0.42,0.6238938053097345,0.4098360655737705,0.056106194690265565,0.010163934426229482
434538,2018,30,2018-04-28,0.58,0.38,0.5641025641025641,0.3508771929824561,0.015897435897435863,0.029122807017543884
434538,2018,60,2018-05-28,0.52,0.4,0.5726495726495726,0.376068376068376,-0.052649572649572596,0.023931623931624013
434538,2018,90,2018-06-27,0.53,0.4,0.5674603174603174,0.373015873015873,-0.037460317460317416,0.026984126984127
434538,2018,120,2018-07-27,0.48,0.46,0.5462184873949579,0.4023668639053254,-0.06621848739495795,0.05763313609467463
450203,2018,30,2018-04-28,0.64,0.5,0.6386554621848739,0.4861111111111111,0.0013445378151261123,0.013888888888888895
450203,2018,60,2018-05-28,0.55,0.62,0.6074380165289256,0.5514705882352942,-0.05743801652892555,0.06852941176470584
450203,2018,90,2018-06-27,0.64,0.54,0.6192893401015228,0.547085201793722,0.0207106598984772,-0.0070852017937219625
450203,2018,120,2018-07-27,0.6,0.4,0.6146044624746451,0.5244755244755245,-0.014604462474645086,-0.12447552447552446
450203,2019,30,2019-04-19,,0.44,0.5357142857142857,0.4444444444444444,,-0.0044444444444444176
450203,2019,60,2019-05-19,0.59,0.48,0.5752212389380531,0.4714285714285714,0.014778761061946866,0.008571428571428563
450203,2019,90,2019-06-18,0.62,0.58,0.6028571428571429,0.5023696682464455,0.017142857142857126,0.0776303317535545
450203,2019,120,2019-07-18,0.67,0.5,0.614,0.5,0.05600000000000005,0.0
450203,2021,30,2021-05-01,0.54,0.44,0.5633802816901409,0.4642857142857143,-0.023380281690140836,-0.0242857142857143
450203,2021,60,2021-05-31,0.62,0.48,0.588477366255144,0.4652777777777778,0.03152263374485598,0.014722222222222192
450203,2021,90,2021-06-30,0.52,0.52,0.5714285714285714,0.45662100456621,-0.05142857142857138,0.06337899543379
450203,2021,120,2021-07-30,0.56,0.54,0.5749486652977412,0.4671280276816609,-0.014948665297741193,0.07287197231833914
450203,2022,30,2022-05-07,0.61,0.3,0.6228070175438597,0.320754716981132,-0.012807017543859711,-0.020754716981132015
450203,2022,60,2022-06-06,0.59,0.42,0.6056910569105691,0.3984962406015037,-0.015691056910569157,0.021503759398496303
450203,2022,90,2022-07-06,0.54,0.56,0.5741239892183289,0.4784688995215311,-0.03412398921832882,0.08153110047846895
450203,2022,120,2022-08-05,0.51,0.4,0.565922920892495,0.4634146341463415,-0.055922920892494954,-0.06341463414634146
450203,2023,30,2023-04-29,0.52,0.44,0.5461538461538461,0.4126984126984127,-0.026153846153846083,0.027301587301587327
450203,2023,60,2023-05-29,0.57,0.5,0.5736434108527132,0.4701492537313433,-0.003643410852713247,0.02985074626865669
450203,2023,90,2023-06-28,0.58,0.46,0.5826771653543307,0.4784688995215311,-0.002677165354330713,-0.01846889952153108
450203,2023,120,2023-07-28,0.63,0.32,0.591919191919192,0.4428044280442804,0.03808080808080805,-0.12280442804428038
450203,2024,30,2024-04-27,0.63,0.42,0.6166666666666667,0.4098360655737705,0.013333333333333308,0.010163934426229482
450203,2024,60,2024-05-27,0.62,0.44,0.6260504201680672,0.4210526315789473,-0.006050420168067228,0.018947368421052713
450203,2024,90,2024-06-26,0.66,0.4,0.6366366366366366,0.4184782608695652,0.02336336336336342,-0.018478260869565166
450203,2024,120,2024-07-26,0.55,0.4,0.6134831460674157,0.4166666666666667,-0.06348314606741567,-0.016666666666666663
450203,2025,30,2025-04-26,0.54,0.4,0.5396825396825397,0.3870967741935484,0.00031746031746038295,0.012903225806451646
450203,2025,60,2025-05-26,0.55,0.38,0.547945205479452,0.3813559322033898,0.00205479452054802,-0.0013559322033898091
450203,2025,90,2025-06-25,0.65,0.5,0.5770392749244713,0.4230769230769231,0.07296072507552875,0.07692307692307693
450203,2025,120,2025-07-25,0.67,0.3,0.597254004576659,0.4049586776859504,0.07274599542334104,-0.10495867768595041
502190,2018,30,2018-04-28,0.69,0.38,0.6351351351351351,0.360655737704918,0.05486486486486486,0.019344262295082015
502190,2018,60,2018-05-28,0.72,0.26,0.6535714285714286,0.3223140495867768,0.06642857142857139,-0.062314049586776776
502190,2018,90,2018-06-27,0.61,0.26,0.645083932853717,0.3224043715846995,-0.035083932853717026,-0.06240437158469947
502190,2018,120,2018-07-27,0.57,0.28,0.634508348794063,0.3140495867768595,-0.06450834879406309,-0.034049586776859486
502190,2019,30,2019-04-19,0.61,0.42,0.6078431372549019,0.42,0.002156862745098076,0.0
502190,2019,60,2019-05-19,0.69,0.3,0.6553191489361702,0.3660714285714285,0.03468085106382979,-0.0660714285714285
502190,2019,90,2019-06-18,0.63,0.38,0.654228855721393,0.359375,-0.024228855721392994,0.020625000000000004
502190,2019,120,2019-07-18,0.63,0.4,0.6497975708502024,0.3632478632478632,-0.019797570850202395,0.036752136752136844
502239,2018,30,2018-04-28,,,,,,
502239,2018,60,2018-05-28,0.54,0.42,0.5654761904761905,0.4659090909090909,-0.02547619047619043,-0.0459090909090909
502239,2018,90,2018-06-27,0.59,0.34,0.5736842105263158,0.4653465346534653,0.016315789473684172,-0.1253465346534653
502239,2018,120,2018-07-27,0.59,0.42,0.5691699604743083,0.4469696969696969,0.020830039525691624,-0.02696969696969692
502239,2019,30,2019-04-19,,,0.6666666666666666,0.3829787234042553,,
502239,2019,60,2019-05-19,0.52,0.26,0.5897435897435898,0.33,-0.06974358974358974,-0.07
502239,2021,30,2021-05-01,0.52,0.4,0.5181818181818182,0.4137931034482758,0.0018181818181818299,-0.013793103448275779
518633,2018,30,2018-04-28,0.65,0.36,0.5664335664335665,0.358974358974359,0.08356643356643356,0.001025641025641011
518633,2018,60,2018-05-28,0.59,0.28,0.585820895522388,0.3310810810810811,0.004179104477611939,-0.05108108108108106
518633,2018,90,2018-06-27,0.56,0.52,0.5880952380952381,0.3580786026200873,-0.028095238095238062,0.16192139737991273
518633,2018,120,2018-07-27,0.61,0.36,0.5875,0.3672131147540983,0.022499999999999964,-0.007213114754098304
518633,2019,60,2019-05-19,0.67,0.38,0.6557377049180327,0.3285714285714285,0.014262295081967302,0.05142857142857149
518633,2019,90,2019-06-18,0.54,0.36,0.6068376068376068,0.3432835820895522,-0.06683760683760676,0.01671641791044781
518633,2019,120,2019-07-18,0.6,0.32,0.6039325842696629,0.350253807106599,-0.00393258426966292,-0.030253807106598973
518633,2021,30,2021-05-01,0.58,0.54,0.5847457627118644,0.5151515151515151,-0.004745762711864443,0.024848484848484897
518633,2021,60,2021-05-31,0.58,0.5,0.5823529411764706,0.5161290322580645,-0.0023529411764706687,-0.016129032258064502
518633,2021,90,2021-06-30,0.62,0.5,0.5989847715736041,0.5092592592592593,0.021015228426395915,-0.0092592592592593
543135,2018,90,2018-06-27,0.63,0.42,0.664179104477612,0.3703703703703703,-0.034179104477611966,0.04962962962962969
543135,2018,120,2018-07-27,0.62,0.42,0.6428571428571429,0.3897058823529412,-0.02285714285714291,0.030294117647058805
543135,2019,30,2019-04-19,,0.32,0.6344086021505376,0.32,,0.0
543135,2019,60,2019-05-19,,0.32,0.6344086021505376,0.32,,0.0
543135,2019,90,2019-06-18,,0.32,0.6344086021505376,0.32,,0.0
543135,2019,120,2019-07-18,,0.32,0.6344086021505376,0.32,,0.0
543135,2021,30,2021-05-01,0.66,0.4,0.5944055944055944,0.3902439024390244,0.06559440559440566,0.009756097560975618
543135,2021,60,2021-05-31,0.67,0.4,0.6338582677165354,0.3866666666666666,0.03614173228346462,0.01333333333333342
543135,2021,90,2021-06-30,0.67,0.38,0.6404199475065617,0.4,0.029580052493438314,-0.020000000000000018
543135,2021,120,2021-07-30,0.67,0.42,0.6459627329192547,0.4115523465703971,0.024037267080745384,0.008447653429602908
543135,2022,30,2022-05-07,0.63,0.46,0.656934306569343,0.4556962025316455,-0.026934306569343036,0.00430379746835452
543135,2022,60,2022-06-06,0.74,0.5,0.6937984496124031,0.4620689655172413,0.04620155038759688,0.037931034482758696
543135,2022,90,2022-07-06,0.71,0.5,0.6881720430107527,0.4615384615384615,0.02182795698924722,0.03846153846153849
543135,2022,120,2022-08-05,0.67,0.32,0.6836461126005362,0.4278606965174129,-0.013646112600536164,-0.10786069651741287
543135,2023,30,2023-04-29,0.66,0.44,0.6394557823129252,0.4698795180722891,0.020544217687074817,-0.029879518072289113
543135,2023,60,2023-05-29,0.64,0.44,0.6363636363636364,0.46,0.0036363636363636598,-0.020000000000000018
543135,2023,90,2023-06-28,0.59,0.56,0.6151960784313726,0.4784688995215311,-0.025196078431372615,0.08153110047846895
543135,2023,120,2023-07-28,0.56,0.32,0.604989604989605,0.4508196721311475,-0.044989604989604914,-0.13081967213114748
543135,2024,30,2024-04-27,0.61,0.44,0.6081081081081081,0.4186046511627907,0.0018918918918918726,0.021395348837209283
543135,2024,60,2024-05-27,0.63,0.5,0.6035502958579881,0.4489795918367347,0.026449704142011865,0.05102040816326531
543135,2024,90,2024-06-26,0.65,0.38,0.6212624584717608,0.4457831325301205,0.028737541528239263,-0.06578313253012047
543135,2024,120,2024-07-26,0.62,0.5,0.6202830188679245,0.4601769911504424,-0.0002830188679244783,0.039823008849557584
543135,2025,30,2025-04-26,0.63,0.4,0.6214285714285714,0.4578313253012048,0.008571428571428563,-0.05783132530120477
543135,2025,60,2025-05-26,0.57,0.44,0.5953307392996109,0.461038961038961,-0.025330739299610938,-0.021038961038961024
543135,2025,90,2025-06-25,0.58,0.44,0.5939849624060151,0.4620253164556962,-0.0139849624060151,-0.02202531645569622
543135,2025,120,2025-07-25,0.67,0.52,0.6151761517615176,0.4719626168224299,0.05482384823848241,0.048037383177570114
543135,2026,30,2026-04-25,0.67,0.46,0.6598639455782312,0.4923076923076923,0.010136054421768792,-0.03230769230769226
543135,2026,59,2026-05-22,0.67,0.46,0.6651982378854625,0.4821428571428571,0.004801762114537533,-0.022142857142857075
571800,2022,90,2022-07-06,0.68,0.38,0.6692307692307692,0.3275862068965517,0.010769230769230864,0.05241379310344829
571800,2022,120,2022-08-05,0.49,0.32,0.6,0.3300970873786408,-0.10999999999999999,-0.01009708737864079
573186,2018,30,2018-04-28,0.59,0.46,0.5573770491803278,0.4629629629629629,0.03262295081967215,-0.0029629629629628895
573186,2018,60,2018-05-28,0.59,0.38,0.5625,0.4266666666666667,0.02749999999999997,-0.04666666666666669
573186,2018,90,2018-06-27,0.58,0.38,0.5634517766497462,0.4302325581395348,0.016548223350253743,-0.05023255813953481
573186,2018,120,2018-07-27,0.64,0.36,0.6028985507246377,0.3803680981595092,0.0371014492753623,-0.02036809815950924
573186,2019,30,2019-04-19,0.56,0.42,0.5669291338582677,0.4393939393939394,-0.006929133858267655,-0.019393939393939408
573186,2019,60,2019-05-19,0.61,0.28,0.5910931174089069,0.3846153846153846,0.018906882591093077,-0.10461538461538455
573186,2019,90,2019-06-18,0.64,0.26,0.5959595959595959,0.3382352941176471,0.0440404040404041,-0.07823529411764707
573186,2019,120,2019-07-18,0.61,0.4,0.5982721382289417,0.3568464730290456,0.011727861771058334,0.043153526970954426
573186,2021,30,2021-05-01,0.61,0.44,0.6140350877192983,0.4181818181818181,-0.00403508771929828,0.021818181818181903
573186,2021,60,2021-05-31,0.6,0.32,0.6059322033898306,0.371900826446281,-0.0059322033898305815,-0.05190082644628097
573186,2021,90,2021-06-30,0.65,0.54,0.6270718232044199,0.4162162162162162,0.022928176795580124,0.12378378378378385
573186,2021,120,2021-07-30,0.68,0.38,0.6336842105263157,0.4033613445378151,0.04631578947368431,-0.023361344537815076
573186,2022,30,2022-05-07,0.58,0.38,0.5740740740740741,0.3793103448275862,0.00592592592592589,0.0006896551724138167
573186,2022,60,2022-06-06,0.63,0.46,0.5909090909090909,0.4128440366972477,0.039090909090909065,0.047155963302752346
573186,2022,90,2022-07-06,0.63,0.46,0.5909090909090909,0.4128440366972477,0.039090909090909065,0.047155963302752346
573186,2022,120,2022-08-05,0.69,0.42,0.625,0.4146341463414634,0.06499999999999995,0.00536585365853659
573186,2023,30,2023-04-29,0.58,0.36,0.5755395683453237,0.4125,0.004460431654676245,-0.05249999999999999
573186,2023,60,2023-05-29,0.63,0.36,0.5901060070671378,0.4025974025974026,0.03989399293286222,-0.042597402597402634
573186,2023,90,2023-06-28,0.61,0.48,0.6004901960784313,0.4187192118226601,0.009509803921568638,0.061280788177339895
573186,2023,120,2023-07-28,0.53,0.36,0.5903846153846154,0.4176245210727969,-0.06038461538461537,-0.05762452107279692
573186,2024,30,2024-04-27,0.61,0.4,0.6086956521739131,0.4057971014492754,0.0013043478260869046,-0.005797101449275366
573186,2024,60,2024-05-27,0.66,0.34,0.6447876447876448,0.3785714285714285,0.0152123552123552,-0.03857142857142848
573186,2024,90,2024-06-26,0.55,0.26,0.6151832460732984,0.345360824742268,-0.0651832460732984,-0.08536082474226797
573186,2024,120,2024-07-26,0.59,0.36,0.6076759061833689,0.3402489626556016,-0.017675906183368895,0.01975103734439837
573186,2025,30,2025-04-26,,,,,,
573186,2025,60,2025-05-26,,,,,,
573186,2025,90,2025-06-25,,,,,,
573186,2025,120,2025-07-25,0.66,0.28,0.6716417910447762,0.2923076923076923,-0.01164179104477614,-0.012307692307692297
605232,2018,30,2018-04-28,,,0.5079365079365079,0.3333333333333333,,
606167,2018,120,2018-07-27,,,,,,
621056,2018,120,2018-07-27,,,0.5068493150684932,0.4594594594594595,,
621261,2018,120,2018-07-27,0.62,,0.6146788990825688,0.3958333333333333,0.00532110091743121,
621366,2018,120,2018-07-27,0.6,0.38,0.5703125,0.3770491803278688,0.029687499999999978,0.0029508196721311775
628317,2018,30,2018-04-28,,0.54,0.6195652173913043,0.5740740740740741,,-0.034074074074074034
628317,2018,60,2018-05-28,0.71,0.48,0.6588785046728972,0.5076923076923077,0.05112149532710275,-0.027692307692307683
628317,2018,90,2018-06-27,0.63,0.44,0.6357388316151202,0.4761904761904761,-0.005738831615120232,-0.036190476190476106
628317,2018,120,2018-07-27,0.69,0.58,0.649616368286445,0.5088495575221239,0.04038363171355497,0.07115044247787605
628317,2019,30,2019-04-19,,0.4,0.6804123711340206,0.392156862745098,,0.007843137254902044
628317,2019,60,2019-05-19,0.73,0.58,0.7033492822966507,0.4727272727272727,0.026650717703349258,0.10727272727272724
628317,2019,90,2019-06-18,0.62,0.34,0.6763754045307443,0.4350282485875706,-0.0563754045307443,-0.09502824858757059
628317,2019,120,2019-07-18,0.63,0.42,0.6626506024096386,0.4315352697095436,-0.032650602409638574,-0.011535269709543605
628317,2021,30,2021-05-01,0.62,,0.6071428571428571,0.4444444444444444,0.0128571428571429,
628317,2021,60,2021-05-31,0.56,0.36,0.5894736842105263,0.40625,-0.029473684210526208,-0.04625000000000001
628317,2021,90,2021-06-30,0.58,0.42,0.5836575875486382,0.4153846153846154,-0.003657587548638208,0.004615384615384577
628317,2021,120,2021-07-30,0.65,0.46,0.6038251366120219,0.4494949494949495,0.04617486338797816,0.010505050505050517
628317,2023,30,2023-04-29,,,0.5675675675675675,0.4117647058823529,,
628317,2023,60,2023-05-29,,,0.5675675675675675,0.4117647058823529,,
628317,2023,90,2023-06-28,0.59,0.46,0.6052631578947368,0.4642857142857143,-0.015263157894736867,-0.004285714285714282
628317,2023,120,2023-07-28,0.62,0.58,0.6089108910891089,0.5321100917431193,0.011089108910891099,0.047889908256880664
628317,2024,30,2024-04-27,0.65,,0.65,0.3333333333333333,0.0,
628317,2024,60,2024-05-27,0.57,0.26,0.6118421052631579,0.2857142857142857,-0.0418421052631579,-0.02571428571428569
628317,2024,90,2024-06-26,0.48,0.34,0.5641025641025641,0.312,-0.08410256410256411,0.028000000000000025
628317,2024,120,2024-07-26,0.6,0.32,0.5732484076433121,0.3136094674556213,0.026751592356687892,0.006390532544378713
641585,2023,60,2023-05-29,0.6,0.44,0.5641025641025641,0.4642857142857143,0.03589743589743588,-0.0242857142857143
641585,2023,90,2023-06-28,0.49,0.46,0.5223214285714286,0.4329896907216495,-0.03232142857142861,0.02701030927835052
641585,2023,120,2023-07-28,0.66,0.28,0.5689655172413793,0.3694267515923566,0.0910344827586207,-0.08942675159235658
642231,2018,120,2018-07-27,,,0.5471698113207547,,,
642231,2019,120,2019-07-18,0.47,0.46,0.4929577464788732,0.4153846153846154,-0.02295774647887322,0.04461538461538461
643230,2019,60,2019-05-19,,0.36,0.5684210526315789,0.3773584905660377,,-0.01735849056603772
643230,2019,90,2019-06-18,0.62,0.4,0.580952380952381,0.3773584905660377,0.039047619047619,0.022641509433962315
643230,2019,120,2019-07-18,0.6,0.4,0.5860805860805861,0.3706293706293706,0.01391941391941387,0.029370629370629397
657376,2023,30,2023-04-29,0.63,0.48,0.6218487394957983,0.4923076923076923,0.008151260504201674,-0.012307692307692297
657376,2023,60,2023-05-29,0.63,0.38,0.62882096069869,0.4427480916030534,0.0011790393013100253,-0.06274809160305339
657376,2023,90,2023-06-28,0.74,0.26,0.665680473372781,0.3979057591623036,0.07431952662721897,-0.13790575916230358
657376,2023,120,2023-07-28,0.59,0.44,0.6496519721577726,0.4110169491525424,-0.059651972157772626,0.028983050847457614
657376,2024,30,2024-04-27,0.61,0.42,0.6055045871559633,0.4264705882352941,0.00449541284403665,-0.006470588235294117
657376,2024,60,2024-05-27,0.62,0.48,0.6169354838709677,0.4437086092715231,0.0030645161290322465,0.03629139072847687
657376,2024,90,2024-06-26,0.62,0.48,0.6169354838709677,0.4437086092715231,0.0030645161290322465,0.03629139072847687
657376,2024,120,2024-07-26,0.62,0.48,0.6169354838709677,0.4437086092715231,0.0030645161290322465,0.03629139072847687
657376,2025,30,2025-04-26,,,,,,
657376,2025,60,2025-05-26,0.72,0.44,0.6962025316455697,0.4269662921348314,0.023797468354430307,0.013033707865168609
657376,2025,90,2025-06-25,0.62,0.44,0.6654676258992805,0.4140127388535032,-0.04546762589928055,0.0259872611464968
659275,2019,120,2019-07-18,,,0.4375,0.5428571428571428,,
659275,2021,60,2021-05-31,,,0.6065573770491803,0.4545454545454545,,
660271,2018,30,2018-04-28,,0.48,0.5925925925925926,0.4807692307692308,,-0.0007692307692307998
660271,2018,60,2018-05-28,0.55,0.56,0.5590062111801242,0.5204081632653061,-0.009006211180124124,0.03959183673469391
660271,2018,90,2018-06-27,0.5,0.5,0.535,0.5,-0.03500000000000003,0.0
660271,2018,120,2018-07-27,0.5,0.5,0.535,0.5,-0.03500000000000003,0.0
660271,2021,30,2021-05-01,,,0.4838709677419355,0.7419354838709677,,
660271,2021,60,2021-05-31,0.56,0.58,0.5324675324675324,0.6282051282051282,0.02753246753246763,-0.048205128205128234
660271,2021,90,2021-06-30,0.56,0.58,0.5447470817120622,0.6212121212121212,0.015252918287937844,-0.041212121212121255
660271,2021,120,2021-07-30,0.58,0.46,0.5542168674698795,0.5857988165680473,0.025783132530120434,-0.1257988165680473
660271,2022,30,2022-05-07,0.67,0.58,0.6759259259259259,0.6029411764705882,-0.00592592592592589,-0.022941176470588243
660271,2022,60,2022-06-06,0.52,0.5,0.6060606060606061,0.5652173913043478,-0.08606060606060606,-0.06521739130434778
660271,2022,90,2022-07-06,0.62,0.64,0.6080246913580247,0.5751295336787565,0.011975308641975269,0.06487046632124349
660271,2022,120,2022-08-05,0.58,0.62,0.6014150943396226,0.5823754789272031,-0.02141509433962263,0.0376245210727969
660271,2023,30,2023-04-29,0.59,0.56,0.5725190839694656,0.5897435897435898,0.017480916030534366,-0.029743589743589705
660271,2023,60,2023-05-29,0.65,0.5,0.6124031007751938,0.569620253164557,0.037596899224806246,-0.069620253164557
660271,2023,90,2023-06-28,0.52,0.6,0.5885416666666666,0.5669642857142857,-0.06854166666666661,0.03303571428571428
660271,2023,120,2023-07-28,0.6,0.56,0.5877551020408164,0.5631768953068592,0.012244897959183598,-0.003176895306859162
660271,2025,90,2025-06-25,,,,,,
660271,2025,120,2025-07-25,,,,,,
660271,2026,30,2026-04-25,,0.5,0.5434782608695652,0.4901960784313725,,0.009803921568627527
660271,2026,59,2026-05-22,0.61,0.52,0.5789473684210527,0.5142857142857142,0.03105263157894733,0.005714285714285783
664337,2021,60,2021-05-31,,,,,,
664337,2021,90,2021-06-30,,,,,,
664337,2021,120,2021-07-30,,,,,,
664350,2024,60,2024-05-27,0.57,0.22,0.5202702702702703,0.2222222222222222,0.049729729729729666,-0.0022222222222222088
665152,2021,30,2021-05-01,,,0.5138888888888888,0.4186046511627907,,
665152,2021,60,2021-05-31,0.57,0.36,0.5428571428571428,0.3737373737373737,0.027142857142857135,-0.013737373737373715
665152,2021,90,2021-06-30,0.55,0.38,0.5486725663716814,0.3658536585365853,0.0013274336283186638,0.014146341463414702
665152,2021,120,2021-07-30,0.55,0.38,0.5486725663716814,0.3658536585365853,0.0013274336283186638,0.014146341463414702
665152,2022,90,2022-07-06,0.59,0.36,0.6,0.3432835820895522,-0.010000000000000009,0.01671641791044781
665152,2022,120,2022-08-05,0.67,0.3,0.628099173553719,0.3412698412698413,0.041900826446281014,-0.04126984126984129
665152,2023,30,2023-04-29,0.75,0.36,0.696969696969697,0.3333333333333333,0.05303030303030298,0.026666666666666672
665152,2023,60,2023-05-29,0.59,0.38,0.6442687747035574,0.3409090909090909,-0.0542687747035574,0.03909090909090912
665152,2023,90,2023-06-28,0.64,0.44,0.6363636363636364,0.3756345177664975,0.0036363636363636598,0.06436548223350252
665152,2023,120,2023-07-28,0.59,0.38,0.6257668711656442,0.376865671641791,-0.035766871165644254,0.003134328358208982
665152,2024,30,2024-04-27,0.57,0.42,0.5789473684210527,0.4285714285714285,-0.008947368421052704,-0.008571428571428508
665152,2024,60,2024-05-27,0.59,0.44,0.5893719806763285,0.4375,0.0006280193236715137,0.0025000000000000022
665152,2024,90,2024-06-26,0.59,0.44,0.5893719806763285,0.4375,0.0006280193236715137,0.0025000000000000022
665152,2024,120,2024-07-26,0.6,0.38,0.5864406779661017,0.4230769230769231,0.013559322033898313,-0.04307692307692307
665152,2025,30,2025-04-26,0.7,0.24,0.7068965517241379,0.2833333333333333,-0.006896551724137945,-0.043333333333333335
665152,2025,60,2025-05-26,0.67,0.44,0.6830188679245283,0.3333333333333333,-0.013018867924528221,0.10666666666666669
665152,2025,90,2025-06-25,0.71,0.44,0.6822916666666666,0.3711340206185567,0.027708333333333335,0.06886597938144329
665152,2025,120,2025-07-25,0.59,0.42,0.6666666666666666,0.3778625954198473,-0.07666666666666666,0.04213740458015269
665152,2026,59,2026-05-22,,,,,,
666200,2021,30,2021-05-01,0.58,0.5,0.5905511811023622,0.5084745762711864,-0.010551181102362195,-0.008474576271186418
666200,2021,60,2021-05-31,0.58,0.5,0.5846153846153846,0.5166666666666667,-0.004615384615384688,-0.01666666666666672
666200,2021,90,2021-06-30,0.59,0.5,0.6011560693641619,0.5,-0.011156069364161914,0.0
666200,2021,120,2021-07-30,0.59,0.5,0.6011560693641619,0.5,-0.011156069364161914,0.0
666200,2022,30,2022-05-07,0.71,0.42,0.7075471698113207,0.4929577464788732,0.002452830188679256,-0.07295774647887321
666200,2022,60,2022-06-06,0.69,0.46,0.675,0.5061728395061729,0.014999999999999902,-0.04617283950617285
666200,2022,90,2022-07-06,0.69,0.46,0.675,0.5061728395061729,0.014999999999999902,-0.04617283950617285
666200,2022,120,2022-08-05,0.67,0.46,0.6690647482014388,0.4946236559139785,0.000935251798561243,-0.03462365591397848
666200,2023,30,2023-04-29,0.62,0.36,0.6028368794326241,0.4418604651162791,0.0171631205673759,-0.08186046511627909
666200,2023,60,2023-05-29,0.51,0.52,0.5632183908045977,0.4635761589403973,-0.05321839080459767,0.05642384105960274
666200,2023,90,2023-06-28,0.62,0.38,0.5844504021447721,0.4660633484162896,0.03554959785522793,-0.0860633484162896
666200,2023,120,2023-07-28,0.62,0.52,0.5987780040733197,0.4848484848484848,0.02122199592668028,0.03515151515151521
666200,2024,30,2024-04-27,0.68,0.38,0.6371681415929203,0.4285714285714285,0.042831858407079704,-0.04857142857142849
666200,2024,60,2024-05-27,0.65,0.46,0.6413043478260869,0.4509803921568627,0.008695652173913104,0.009019607843137323
666200,2025,30,2025-04-26,0.62,0.48,0.6095890410958904,0.5616438356164384,0.01041095890410959,-0.0816438356164384
666200,2025,60,2025-05-26,0.74,0.56,0.6739130434782609,0.5273972602739726,0.06608695652173913,0.03260273972602745
666200,2025,90,2025-06-25,0.61,0.42,0.6649484536082474,0.4952380952380952,-0.054948453608247405,-0.07523809523809522
666200,2025,120,2025-07-25,0.67,0.44,0.6680161943319838,0.4945454545454545,0.0019838056680162586,-0.05454545454545451
666200,2026,30,2026-04-25,0.61,0.56,0.5772357723577236,0.559322033898305,0.03276422764227638,0.0006779661016950156
666200,2026,59,2026-05-22,0.56,0.42,0.5780590717299579,0.5196850393700787,-0.0180590717299578,-0.09968503937007872
669211,2021,90,2021-06-30,0.57,0.36,0.6,0.3365384615384615,-0.030000000000000027,0.023461538461538478
669211,2021,120,2021-07-30,0.6,0.32,0.6133333333333333,0.3285714285714285,-0.013333333333333308,-0.008571428571428508
669211,2025,60,2025-05-26,0.68,0.46,0.6666666666666666,0.4745762711864407,0.01333333333333342,-0.01457627118644067
669211,2026,59,2026-05-22,,,,,,
669456,2018,90,2018-06-27,0.57,0.48,0.5825242718446602,0.4727272727272727,-0.012524271844660206,0.007272727272727264
669456,2018,120,2018-07-27,0.64,0.34,0.6205128205128205,0.4134615384615384,0.019487179487179485,-0.07346153846153836
669456,2019,30,2019-04-19,,,0.5975609756097561,0.4583333333333333,,
669456,2019,60,2019-05-19,0.67,0.6,0.614406779661017,0.518796992481203,0.05559322033898306,0.08120300751879694
669456,2019,90,2019-06-18,0.59,0.54,0.6074498567335244,0.526829268292683,-0.017449856733524394,0.013170731707317085
669456,2019,120,2019-07-18,0.66,0.54,0.6205450733752621,0.5208333333333334,0.03945492662473793,0.019166666666666665
669456,2021,30,2021-05-01,0.59,0.64,0.5813953488372093,0.6538461538461539,0.008604651162790633,-0.013846153846153841
669456,2021,60,2021-05-31,0.59,0.5,0.5827814569536424,0.5869565217391305,0.007218543046357606,-0.08695652173913049
669456,2021,90,2021-06-30,0.73,0.5,0.6135770234986945,0.5614035087719298,0.11642297650130551,-0.06140350877192979
669456,2021,120,2021-07-30,0.73,0.5,0.6135770234986945,0.5614035087719298,0.11642297650130551,-0.06140350877192979
669456,2022,30,2022-05-07,0.58,0.44,0.5851851851851851,0.4393939393939394,-0.005185185185185182,0.00060606060606061
669456,2022,60,2022-06-06,0.68,0.52,0.6209677419354839,0.4661654135338345,0.059032258064516174,0.05383458646616551
669456,2022,90,2022-07-06,0.67,0.38,0.6397984886649875,0.4604651162790698,0.030201511335012587,-0.08046511627906977
669456,2022,120,2022-08-05,0.76,0.5,0.6666666666666666,0.4649446494464944,0.09333333333333338,0.035055350553505615
669456,2023,30,2023-04-29,0.68,0.36,0.6842105263157895,0.3714285714285714,-0.004210526315789442,-0.011428571428571399
669456,2023,60,2023-05-29,0.68,0.34,0.6723549488054608,0.3525179856115107,0.007645051194539287,-0.012517985611510685
669456,2023,90,2023-06-28,0.64,0.48,0.6690647482014388,0.3793103448275862,-0.029064748201438784,0.1006896551724138
669456,2023,120,2023-07-28,0.62,0.52,0.6653061224489796,0.3925619834710744,-0.04530612244897958,0.1274380165289256
669461,2022,60,2022-06-06,,,0.4444444444444444,0.3225806451612903,,
669461,2022,90,2022-07-06,,0.34,0.5102040816326531,0.3396226415094339,,0.00037735849056613757
669461,2022,120,2022-08-05,0.54,0.3,0.5275590551181102,0.3283582089552239,0.012440944881889848,-0.028358208955223896
669461,2023,60,2023-05-29,,,0.52,,,
669461,2023,90,2023-06-28,0.56,0.3,0.5419847328244275,0.3387096774193548,0.018015267175572558,-0.03870967741935483
669461,2023,120,2023-07-28,0.63,0.26,0.5759493670886076,0.3142857142857143,0.05405063291139245,-0.05428571428571427
669461,2024,60,2024-05-27,0.59,0.32,0.5789473684210527,0.3174603174603174,0.011052631578947314,0.0025396825396826195
669461,2024,90,2024-06-26,0.59,0.4,0.5862068965517241,0.3829787234042553,0.0037931034482758808,0.017021276595744705
669461,2025,30,2025-04-26,0.58,0.46,0.5655737704918032,0.4516129032258064,0.01442622950819672,0.008387096774193636
669461,2025,60,2025-05-26,0.77,0.42,0.6638655462184874,0.4322033898305085,0.10613445378151265,-0.012203389830508504
669461,2025,90,2025-06-25,0.56,0.44,0.6386554621848739,0.4303030303030303,-0.07865546218487385,0.009696969696969704
669461,2025,120,2025-07-25,0.55,0.36,0.6226415094339622,0.4060913705583756,-0.07264150943396219,-0.04609137055837559
669461,2026,30,2026-04-25,0.64,0.32,0.625,0.3015873015873015,0.015000000000000013,0.01841269841269849
669461,2026,59,2026-05-22,0.61,0.48,0.6211453744493393,0.3909090909090909,-0.011145374449339274,0.08909090909090911
670124,2022,30,2022-05-07,,,0.5192307692307693,,,
670124,2022,60,2022-06-06,,,0.5526315789473685,0.2702702702702703,,
670124,2022,90,2022-07-06,0.6,0.24,0.5982905982905983,0.25,0.0017094017094017033,-0.010000000000000009
670124,2022,120,2022-08-05,0.6,0.34,0.5901639344262295,0.3033707865168539,0.00983606557377048,0.03662921348314613
675540,2023,120,2023-07-28,0.63,0.38,0.5932203389830508,0.3423423423423423,0.03677966101694918,0.03765765765765772
675540,2024,60,2024-05-27,,,0.6071428571428571,,,
675540,2024,90,2024-06-26,,,0.5882352941176471,0.2432432432432432,,
675540,2024,120,2024-07-26,,,0.5978260869565217,0.2708333333333333,,
675921,2021,60,2021-05-31,,,0.6981132075471698,0.4473684210526316,,
675921,2021,90,2021-06-30,0.69,0.34,0.693069306930693,0.391304347826087,-0.003069306930693072,-0.05130434782608695
675921,2021,120,2021-07-30,0.65,0.36,0.6614173228346457,0.3974358974358974,-0.011417322834645693,-0.037435897435897425
675921,2022,90,2022-07-06,,,0.5098039215686274,0.4375,,
675921,2022,120,2022-08-05,0.62,0.28,0.5849056603773585,0.3295454545454545,0.035094339622641524,-0.04954545454545445
675921,2024,90,2024-06-26,,0.36,0.7040816326530612,0.3636363636363636,,-0.0036363636363636043
676083,2025,120,2025-07-25,0.64,0.28,0.6909090909090909,0.3979591836734694,-0.050909090909090904,-0.11795918367346936
676083,2026,30,2026-04-25,0.62,0.34,0.6306306306306306,0.3333333333333333,-0.010630630630630633,0.00666666666666671
676083,2026,59,2026-05-22,0.67,0.4,0.6523605150214592,0.3703703703703703,0.017639484978540843,0.029629629629629728
676917,2026,30,2026-04-25,0.49,0.46,0.5172413793103449,0.4375,-0.02724137931034487,0.02250000000000002
676917,2026,59,2026-05-22,0.7,0.46,0.6090534979423868,0.4728682170542636,0.09094650205761312,-0.012868217054263553
677960,2021,30,2021-05-01,,,0.543859649122807,0.4324324324324324,,
677960,2021,60,2021-05-31,0.49,0.32,0.5038167938931297,0.3552631578947368,-0.01381679389312973,-0.035263157894736774
677960,2021,90,2021-06-30,0.52,0.28,0.5135135135135135,0.3434343434343434,0.006486486486486531,-0.0634343434343434
677960,2021,120,2021-07-30,0.63,0.34,0.5507246376811594,0.3380281690140845,0.07927536231884058,0.0019718309859155236
677960,2023,30,2023-04-29,,,0.5714285714285714,0.275,,
677960,2023,60,2023-05-29,0.64,0.32,0.6101694915254238,0.2857142857142857,0.029830508474576245,0.03428571428571431
677960,2023,90,2023-06-28,0.54,0.3,0.5657142857142857,0.2842105263157894,-0.02571428571428569,0.015789473684210575
677960,2023,120,2023-07-28,0.55,0.28,0.5685279187817259,0.2815533980582524,-0.018527918781725883,-0.0015533980582523865
677960,2024,30,2024-04-27,0.62,0.36,0.6347826086956522,0.365079365079365,-0.014782608695652177,-0.005079365079365017
677960,2024,60,2024-05-27,0.6,0.42,0.6297709923664122,0.375886524822695,-0.02977099236641223,0.04411347517730496
677960,2024,90,2024-06-26,0.57,0.58,0.6187290969899666,0.41875,-0.048729096989966636,0.16124999999999995
677960,2024,120,2024-07-26,0.57,0.58,0.6187290969899666,0.41875,-0.048729096989966636,0.16124999999999995
677960,2025,60,2025-05-26,,,0.4754098360655737,0.4285714285714285,,
677960,2025,90,2025-06-25,0.53,0.4,0.5294117647058824,0.3898305084745763,0.0005882352941176672,0.010169491525423735
677960,2025,120,2025-07-25,0.53,0.4,0.5294117647058824,0.3898305084745763,0.0005882352941176672,0.010169491525423735
677960,2026,30,2026-04-25,0.66,0.56,0.635036496350365,0.5263157894736842,0.024963503649635066,0.03368421052631587
677960,2026,59,2026-05-22,0.63,0.48,0.6323529411764706,0.5213675213675214,-0.0023529411764705577,-0.04136752136752142
680684,2025,60,2025-05-26,0.57,0.32,0.5625,0.3666666666666666,0.007499999999999951,-0.04666666666666658
680735,2023,120,2023-07-28,0.65,0.42,0.6470588235294118,0.42,0.002941176470588225,0.0
680802,2026,30,2026-04-25,,,0.4835164835164835,0.4583333333333333,,
680802,2026,59,2026-05-22,0.5,0.44,0.5190839694656488,0.4477611940298507,-0.01908396946564883,-0.007761194029850704
688107,2024,60,2024-05-27,,,0.7391304347826086,0.2765957446808511,,
690928,2025,30,2025-04-26,,,,,,
690928,2025,60,2025-05-26,0.62,0.4,0.6,0.4050632911392405,0.020000000000000018,-0.005063291139240478
690928,2025,90,2025-06-25,0.6,0.3,0.6048387096774194,0.3495934959349593,-0.004838709677419395,-0.04959349593495932
690986,2024,30,2024-04-27,0.61,0.46,0.6115107913669064,0.4492753623188406,-0.001510791366906461,0.010724637681159443
690986,2024,60,2024-05-27,0.53,0.4,0.5758754863813229,0.4365079365079365,-0.04587548638132288,-0.03650793650793649
690986,2024,90,2024-06-26,0.55,0.4,0.5783132530120482,0.425,-0.028313253012048123,-0.024999999999999967
690986,2024,120,2024-07-26,0.52,0.46,0.563855421686747,0.430622009569378,-0.04385542168674694,0.029377990430622003
690986,2025,90,2025-06-25,0.59,0.4,0.59,0.4464285714285714,0.0,-0.046428571428571375
690986,2025,120,2025-07-25,0.59,0.4,0.59,0.4464285714285714,0.0,-0.046428571428571375
690986,2026,30,2026-04-25,,,0.6538461538461539,0.3829787234042553,,
690986,2026,59,2026-05-22,0.66,0.56,0.6630434782608695,0.4916666666666666,-0.003043478260869481,0.06833333333333347
691946,2026,59,2026-05-22,,,,,,
702056,2026,59,2026-05-22,0.57,0.52,0.5742574257425742,0.4603174603174603,-0.004257425742574261,0.059682539682539726
801403,2025,30,2025-04-26,,,0.5111111111111111,0.4666666666666667,,
801403,2025,60,2025-05-26,0.55,0.38,0.5202312138728323,0.4318181818181818,0.029768786127167712,-0.05181818181818182
801403,2025,90,2025-06-25,0.57,0.28,0.532608695652174,0.3740458015267175,0.037391304347826004,-0.09404580152671749
801403,2025,120,2025-07-25,0.6,0.22,0.5466237942122186,0.3443708609271523,0.05337620578778135,-0.1243708609271523
801403,2026,59,2026-05-22,0.54,0.48,0.5578947368421052,0.47,-0.017894736842105186,0.010000000000000009
806960,2026,59,2026-05-22,,,0.4727272727272727,,,
425844,2018,30,2018-04-28,0.68,0.46,0.6935483870967742,0.5079365079365079,-0.013548387096774195,-0.04793650793650789
425844,2018,60,2018-05-28,0.61,0.5,0.6492537313432836,0.4931506849315068,-0.03925373134328358,0.006849315068493178
425844,2018,90,2018-06-27,0.66,0.46,0.6649746192893401,0.4741784037558685,-0.004974619289340065,-0.014178403755868485
425844,2018,120,2018-07-27,0.63,0.52,0.6545454545454545,0.4749163879598662,-0.024545454545454537,0.045083612040133836
425844,2019,30,2019-04-19,,0.54,0.5979381443298969,0.4912280701754385,,0.04877192982456152
425844,2019,60,2019-05-19,0.71,0.42,0.6530612244897959,0.4388489208633093,0.0569387755102041,-0.018848920863309304
425844,2019,90,2019-06-18,0.71,0.36,0.6722222222222223,0.4158415841584158,0.03777777777777769,-0.055841584158415836
425844,2019,120,2019-07-18,0.64,0.54,0.6605691056910569,0.428030303030303,-0.020569105691056855,0.11196969696969705
425844,2021,30,2021-05-01,0.58,0.38,0.6326530612244898,0.380281690140845,-0.05265306122448987,-0.00028169014084500343
425844,2021,60,2021-05-31,0.71,0.44,0.6564625850340136,0.3986013986013986,0.05353741496598641,0.04139860139860141
425844,2021,90,2021-06-30,0.66,0.3,0.6714975845410628,0.3756345177664975,-0.011497584541062755,-0.07563451776649749
425844,2021,120,2021-07-30,0.59,0.46,0.658102766798419,0.3957446808510638,-0.06810276679841898,0.06425531914893623
425844,2022,30,2022-05-07,0.68,,0.6822429906542056,0.1428571428571428,-0.0022429906542055233,
425844,2022,60,2022-06-06,0.66,0.32,0.6681614349775785,0.2358490566037736,-0.008161434977578486,0.08415094339622642
425844,2022,90,2022-07-06,0.66,0.3,0.6723549488054608,0.2518518518518518,-0.01235494880546073,0.04814814814814816
425844,2022,120,2022-08-05,0.53,0.28,0.6372795969773299,0.2666666666666666,-0.10727959697732992,0.01333333333333342
425844,2023,30,2023-04-29,0.61,0.3,0.6444444444444445,0.3333333333333333,-0.0344444444444445,-0.033333333333333326
425844,2023,60,2023-05-29,0.62,0.38,0.635593220338983,0.3565217391304348,-0.015593220338983027,0.023478260869565226
425844,2023,90,2023-06-28,0.61,0.38,0.6283185840707964,0.3609467455621302,-0.01831858407079645,0.019053254437869815
425844,2023,120,2023-07-28,0.65,0.24,0.6346604215456675,0.3350253807106599,0.015339578454332536,-0.09502538071065991
453281,2018,60,2018-05-28,0.65,0.36,0.6851851851851852,0.3896103896103896,-0.03518518518518521,-0.029610389610389587
453281,2018,90,2018-06-27,0.7,0.38,0.6767676767676768,0.3819444444444444,0.02323232323232316,-0.0019444444444444153
453281,2018,120,2018-07-27,0.57,0.48,0.6466346153846154,0.3990147783251231,-0.07663461538461547,0.08098522167487687
453281,2019,30,2019-04-19,,,0.6623376623376623,0.375,,
453281,2019,60,2019-05-19,,,0.6451612903225806,0.3888888888888889,,
453281,2019,90,2019-06-18,0.7,0.4,0.6682926829268293,0.3863636363636363,0.03170731707317065,0.013636363636363724
453281,2019,120,2019-07-18,0.69,0.3,0.6857142857142857,0.3666666666666666,0.004285714285714226,-0.0666666666666666
453281,2021,90,2021-06-30,,,0.6375,0.3529411764705882,,
453281,2021,120,2021-07-30,0.63,0.28,0.6276595744680851,0.3176470588235294,0.002340425531914936,-0.03764705882352937
456501,2018,30,2018-04-28,0.63,0.44,0.6324786324786325,0.3939393939393939,-0.0024786324786324476,0.04606060606060608
456501,2018,60,2018-05-28,0.63,0.44,0.6324786324786325,0.3939393939393939,-0.0024786324786324476,0.04606060606060608
456501,2018,90,2018-06-27,0.63,0.44,0.6324786324786325,0.3939393939393939,-0.0024786324786324476,0.04606060606060608
456501,2018,120,2018-07-27,0.62,0.4,0.6395939086294417,0.4086021505376344,-0.01959390862944166,-0.008602150537634357
456501,2021,30,2021-05-01,,,0.5945945945945946,0.4390243902439024,,
456501,2021,60,2021-05-31,0.63,0.32,0.6243093922651933,0.3829787234042553,0.005690607734806674,-0.06297872340425531
456501,2021,90,2021-06-30,0.61,0.44,0.6183745583038869,0.3868613138686131,-0.008374558303886892,0.05313868613138689
456501,2021,120,2021-07-30,0.75,0.52,0.649616368286445,0.422680412371134,0.10038363171355502,0.097319587628866
456501,2022,60,2022-06-06,0.72,,0.7184466019417476,0.3877551020408163,0.0015533980582523865,
456501,2022,90,2022-07-06,0.66,0.4,0.6869918699186992,0.4033613445378151,-0.026991869918699174,-0.0033613445378150586
456501,2022,120,2022-08-05,0.66,0.22,0.6597938144329897,0.3535911602209944,0.00020618556701035295,-0.1335911602209944
456501,2023,120,2023-07-28,,,,,,
543037,2018,30,2018-04-28,0.66,0.58,0.6666666666666666,0.6049382716049383,-0.006666666666666599,-0.024938271604938334
543037,2018,60,2018-05-28,0.57,0.44,0.6294964028776978,0.5783783783783784,-0.05949640287769786,-0.13837837837837835
543037,2018,90,2018-06-27,0.64,0.48,0.6327543424317618,0.5517241379310345,0.007245657568238251,-0.07172413793103449
543037,2018,120,2018-07-27,0.6,0.58,0.6325757575757576,0.5443786982248521,-0.03257575757575759,0.035621301775147884
543037,2019,30,2019-04-19,,0.54,0.6122448979591837,0.5737704918032787,,-0.033770491803278624
543037,2019,60,2019-05-19,0.64,0.56,0.6131687242798354,0.5759493670886076,0.026831275720164638,-0.015949367088607502
543037,2019,90,2019-06-18,0.64,0.56,0.6243093922651933,0.5679012345679012,0.015690607734806683,-0.00790123456790115
543037,2019,120,2019-07-18,0.71,0.66,0.6473988439306358,0.5614035087719298,0.06260115606936412,0.09859649122807024
543037,2021,30,2021-05-01,0.64,0.68,0.6357142857142857,0.6526315789473685,0.004285714285714337,0.027368421052631597
543037,2021,60,2021-05-31,0.68,0.44,0.6692015209125475,0.5542857142857143,0.010798479087452573,-0.11428571428571427
543037,2021,90,2021-06-30,0.67,0.38,0.6735218508997429,0.5139442231075697,-0.0035218508997428843,-0.1339442231075697
543037,2021,120,2021-07-30,0.65,0.62,0.671875,0.5365853658536586,-0.021874999999999978,0.08341463414634143
543037,2022,30,2022-05-07,0.53,0.5,0.53,0.4821428571428571,0.0,0.017857142857142905
543037,2022,60,2022-06-06,0.63,0.6,0.603112840466926,0.5328947368421053,0.026887159533073968,0.06710526315789467
543037,2022,90,2022-07-06,0.55,0.52,0.5940860215053764,0.52,-0.04408602150537633,0.0
543037,2022,120,2022-08-05,0.69,0.46,0.6133333333333333,0.5230769230769231,0.07666666666666666,-0.06307692307692309
543037,2023,30,2023-04-29,0.73,0.48,0.7350993377483444,0.5176470588235295,-0.005099337748344368,-0.03764705882352948
543037,2023,60,2023-05-29,0.6,0.38,0.6821192052980133,0.4615384615384615,-0.08211920529801331,-0.0815384615384615
543037,2023,90,2023-06-28,0.73,0.44,0.6855791962174941,0.4552845528455284,0.0444208037825059,-0.015284552845528376
543037,2023,120,2023-07-28,0.58,0.52,0.6672760511882998,0.4596273291925465,-0.08727605118829984,0.06037267080745351
543037,2024,90,2024-06-26,,,,,,
543037,2024,120,2024-07-26,0.64,0.48,0.6774193548387096,0.4269662921348314,-0.03741935483870962,0.05303370786516859
543699,2018,30,2018-04-28,0.6,0.4,0.626984126984127,0.417910447761194,-0.026984126984127,-0.017910447761193993
543699,2018,60,2018-05-28,0.62,0.38,0.6283524904214559,0.4027777777777778,-0.008352490421455916,-0.022777777777777786
543699,2018,90,2018-06-27,0.55,0.36,0.6055979643765903,0.3910891089108911,-0.05559796437659026,-0.031089108910891117
543699,2018,120,2018-07-27,0.59,0.5,0.5943396226415094,0.4060150375939849,-0.004339622641509444,0.09398496240601512
543699,2019,30,2019-04-19,,,0.632183908045977,0.4444444444444444,,
543699,2019,60,2019-05-19,0.51,0.44,0.5669642857142857,0.423728813559322,-0.05696428571428569,0.016271186440677987
543699,2019,90,2019-06-18,0.65,0.46,0.5913312693498453,0.4352941176470588,0.058668730650154766,0.024705882352941244
543699,2019,120,2019-07-18,0.52,0.38,0.581447963800905,0.423728813559322,-0.061447963800905,-0.04372881355932201
573185,2018,60,2018-05-28,0.61,0.32,0.6106194690265486,0.2753623188405797,-0.0006194690265486358,0.044637681159420295
573185,2018,90,2018-06-27,0.57,0.38,0.5818965517241379,0.3120567375886525,-0.01189655172413795,0.06794326241134752
573185,2018,120,2018-07-27,0.56,0.32,0.5678670360110804,0.320754716981132,-0.007867036011080297,-0.0007547169811319976
573185,2019,30,2019-04-19,,,,,,
573185,2019,60,2019-05-19,0.5,0.22,0.5100671140939598,0.1851851851851851,-0.010067114093959773,0.03481481481481491
592351,2018,30,2018-04-28,0.63,0.5,0.6413793103448275,0.4729729729729729,-0.011379310344827531,0.027027027027027084
592351,2018,60,2018-05-28,0.64,0.6,0.6507352941176471,0.5071428571428571,-0.010735294117647065,0.09285714285714286
592351,2018,90,2018-06-27,0.56,0.62,0.6361323155216285,0.5185185185185185,-0.07613231552162847,0.1014814814814815
592351,2018,120,2018-07-27,0.55,0.62,0.6252676659528907,0.5261044176706827,-0.0752676659528907,0.09389558232931727
592351,2019,30,2019-04-19,0.64,0.46,0.638095238095238,0.4705882352941176,0.0019047619047619646,-0.010588235294117565
592351,2019,60,2019-05-19,0.61,0.56,0.6299559471365639,0.4915254237288136,-0.0199559471365639,0.06847457627118647
592351,2019,90,2019-06-18,0.64,0.54,0.6416666666666667,0.5111111111111111,-0.0016666666666667052,0.028888888888888964
592351,2019,120,2019-07-18,0.62,0.4,0.6434108527131783,0.4747081712062256,-0.02341085271317833,-0.07470817120622558
592351,2021,30,2021-05-01,0.67,0.38,0.625,0.410958904109589,0.04500000000000004,-0.030958904109589014
592351,2021,60,2021-05-31,0.62,0.26,0.6264591439688716,0.373134328358209,-0.006459143968871595,-0.11313432835820897
592351,2021,90,2021-06-30,0.59,0.4,0.6095238095238096,0.3987730061349693,-0.01952380952380961,0.0012269938650307233
592351,2021,120,2021-07-30,0.64,0.4,0.6255707762557078,0.4166666666666667,0.01442922374429223,-0.016666666666666663
592351,2022,30,2022-05-07,,,0.6078431372549019,0.3666666666666666,,
592351,2022,60,2022-06-06,0.67,0.52,0.6568047337278107,0.4583333333333333,0.013195266272189365,0.0616666666666667
592351,2022,90,2022-07-06,0.63,0.42,0.6561514195583596,0.4510869565217391,-0.026151419558359645,-0.031086956521739095
592351,2022,120,2022-08-05,0.69,0.52,0.668997668997669,0.4754098360655737,0.021002331002330954,0.04459016393442633
592351,2023,30,2023-04-29,0.64,0.28,0.6448598130841121,0.2982456140350877,-0.004859813084112097,-0.018245614035087676
592351,2023,60,2023-05-29,0.71,0.5,0.6724137931034483,0.3770491803278688,0.03758620689655168,0.12295081967213117
592351,2023,90,2023-06-28,0.69,0.52,0.6863354037267081,0.4107142857142857,0.0036645962732918536,0.10928571428571432
592351,2023,120,2023-07-28,0.62,0.38,0.668903803131991,0.4063926940639269,-0.04890380313199105,-0.026392694063926914
592351,2024,30,2024-04-27,0.64,0.54,0.6363636363636364,0.4848484848484848,0.0036363636363636598,0.05515151515151523
592351,2024,60,2024-05-27,0.62,0.42,0.6313559322033898,0.4274809160305343,-0.011355932203389818,-0.007480916030534301
592351,2024,90,2024-06-26,0.62,0.34,0.6321070234113713,0.4171779141104294,-0.012107023411371265,-0.0771779141104294
592351,2024,120,2024-07-26,0.57,0.26,0.6177215189873417,0.3823529411764705,-0.04772151898734178,-0.1223529411764705
593423,2018,90,2018-06-27,0.53,0.26,0.559748427672956,0.3384615384615385,-0.029748427672955935,-0.07846153846153847
593423,2018,120,2018-07-27,0.56,0.36,0.5745614035087719,0.3473684210526316,-0.014561403508771886,0.012631578947368383
593423,2019,30,2019-04-19,,,0.6304347826086957,0.4166666666666667,,
593423,2019,60,2019-05-19,0.65,0.52,0.6216216216216216,0.4601769911504424,0.02837837837837842,0.0598230088495576
593423,2019,90,2019-06-18,0.58,0.48,0.6005830903790087,0.4756756756756757,-0.02058309037900874,0.00432432432432428
593423,2019,120,2019-07-18,0.6,0.58,0.601078167115903,0.4874371859296482,-0.0010781671159030282,0.09256281407035177
593423,2021,30,2021-05-01,0.62,0.38,0.631578947368421,0.3623188405797101,-0.011578947368421022,0.017681159420289916
593423,2021,60,2021-05-31,0.68,0.52,0.6577946768060836,0.42,0.022205323193916437,0.10000000000000003
593423,2021,90,2021-06-30,0.64,0.52,0.6614583333333334,0.4375,-0.021458333333333357,0.08250000000000002
593423,2021,120,2021-07-30,0.7,0.54,0.6725490196078432,0.4612676056338028,0.027450980392156765,0.07873239436619722
593423,2022,30,2022-05-07,0.58,0.5,0.6083916083916084,0.4805194805194805,-0.02839160839160848,0.019480519480519487
593423,2022,60,2022-06-06,0.71,0.54,0.6441281138790036,0.5,0.06587188612099637,0.040000000000000036
593423,2022,90,2022-07-06,0.59,0.4,0.6246786632390745,0.4761904761904761,-0.034678663239074536,-0.07619047619047609
593423,2022,120,2022-08-05,0.55,0.48,0.611764705882353,0.48,-0.061764705882352944,0.0
593423,2024,30,2024-04-27,,,0.6470588235294118,0.2978723404255319,,
593423,2024,60,2024-05-27,0.67,0.3,0.657608695652174,0.3076923076923077,0.012391304347826093,-0.0076923076923077205
593423,2024,90,2024-06-26,0.6,0.46,0.6391752577319587,0.3486842105263157,-0.039175257731958735,0.11131578947368431
593423,2024,120,2024-07-26,0.59,0.44,0.6201923076923077,0.3696682464454976,-0.03019230769230774,0.07033175355450239
593423,2025,120,2025-07-25,0.68,0.4,0.6542056074766355,0.4035087719298245,0.025794392523364573,-0.0035087719298244613
605280,2018,120,2018-07-27,,,0.4150943396226415,,,
605280,2025,30,2025-04-26,0.53,0.58,0.5648854961832062,0.5223880597014925,-0.03488549618320613,0.05761194029850747
605280,2025,60,2025-05-26,0.65,0.34,0.5928853754940712,0.4471544715447154,0.05711462450592886,-0.10715447154471536
605280,2025,90,2025-06-25,0.59,0.32,0.6043360433604336,0.3957219251336898,-0.014336043360433592,-0.0757219251336898
605280,2025,120,2025-07-25,0.6,0.22,0.604602510460251,0.344,-0.004602510460251064,-0.12399999999999997
605280,2026,30,2026-04-25,0.6,0.32,0.6166666666666667,0.3220338983050847,-0.01666666666666672,-0.0020338983050847137
605280,2026,59,2026-05-22,0.58,0.48,0.6046511627906976,0.3879310344827586,-0.024651162790697678,0.09206896551724136
605397,2018,90,2018-06-27,0.58,0.46,0.5945945945945946,0.5081967213114754,-0.014594594594594668,-0.0481967213114754
605397,2018,120,2018-07-27,0.7,0.4,0.6461538461538462,0.4601769911504424,0.053846153846153766,-0.060176991150442394
605397,2019,30,2019-04-19,,,0.6463414634146342,0.4883720930232558,,
605397,2019,60,2019-05-19,0.59,0.32,0.6136363636363636,0.376068376068376,-0.023636363636363678,-0.056068376068376
605397,2019,90,2019-06-18,0.58,0.36,0.608433734939759,0.3742331288343558,-0.028433734939759092,-0.01423312883435579
605397,2019,120,2019-07-18,0.72,0.5,0.63718820861678,0.4147465437788018,0.08281179138321992,0.08525345622119818
605397,2021,30,2021-05-01,0.63,0.56,0.6454545454545455,0.5774647887323944,-0.015454545454545499,-0.01746478873239432
605397,2021,60,2021-05-31,0.59,0.56,0.6228813559322034,0.5448275862068965,-0.03288135593220343,0.015172413793103523
605397,2021,90,2021-06-30,0.65,0.34,0.6345609065155807,0.5,0.015439093484419297,-0.15999999999999998
605397,2021,120,2021-07-30,0.6,0.48,0.6244725738396625,0.4785714285714286,-0.024472573839662504,0.0014285714285713902
605397,2022,30,2022-05-07,0.65,0.48,0.6504065040650406,0.4925373134328358,-0.00040650406504061376,-0.012537313432835817
605397,2022,60,2022-06-06,0.56,0.36,0.6162790697674418,0.4539007092198581,-0.05627906976744179,-0.0939007092198581
605397,2022,90,2022-07-06,0.65,0.42,0.6267409470752089,0.4509803921568627,0.023259052924791135,-0.030980392156862713
605397,2022,120,2022-08-05,0.64,0.42,0.63125,0.4444444444444444,0.008750000000000036,-0.024444444444444435
605397,2023,30,2023-04-29,,,,,,
605397,2023,60,2023-05-29,0.61,0.38,0.6086956521739131,0.4246575342465753,0.0013043478260869046,-0.044657534246575314
605397,2023,90,2023-06-28,0.68,0.36,0.627906976744186,0.3873239436619718,0.052093023255814,-0.027323943661971828
605397,2024,30,2024-04-27,0.66,0.32,0.6901408450704225,0.3333333333333333,-0.030140845070422473,-0.013333333333333308
605397,2024,60,2024-05-27,0.68,0.44,0.68,0.3942307692307692,0.0,0.045769230769230784
605397,2024,90,2024-06-26,0.68,0.44,0.68,0.3942307692307692,0.0,0.045769230769230784
605397,2024,120,2024-07-26,0.68,0.44,0.68,0.3942307692307692,0.0,0.045769230769230784
606162,2018,120,2018-07-27,0.64,0.42,0.6218487394957983,0.4347826086956521,0.018151260504201683,-0.014782608695652122
608372,2025,30,2025-04-26,0.53,,0.5132743362831859,0.2093023255813953,0.016725663716814165,
608372,2025,60,2025-05-26,0.66,0.3,0.5905172413793104,0.2990654205607476,0.06948275862068964,0.0009345794392524032
608372,2025,90,2025-06-25,0.56,0.32,0.5890804597701149,0.3086419753086419,-0.029080459770114864,0.011358024691358104
608372,2025,120,2025-07-25,0.5,0.32,0.5717488789237668,0.3088235294117647,-0.0717488789237668,0.011176470588235288
608372,2026,30,2026-04-25,0.65,,0.6146788990825688,0.3877551020408163,0.035321100917431236,
608372,2026,59,2026-05-22,0.63,0.18,0.6306306306306306,0.2828282828282828,-0.0006306306306306242,-0.10282828282828282
656605,2019,90,2019-06-18,,,0.6129032258064516,0.4411764705882353,,
656605,2019,120,2019-07-18,,,0.6129032258064516,0.4411764705882353,,
656605,2021,30,2021-05-01,,0.34,0.5376344086021505,0.3518518518518518,,-0.01185185185185178
656605,2021,60,2021-05-31,0.56,0.52,0.545,0.4259259259259259,0.015000000000000013,0.09407407407407414
656605,2021,90,2021-06-30,0.56,0.48,0.5502183406113537,0.4047619047619047,0.009781659388646391,0.07523809523809527
656605,2021,120,2021-07-30,0.56,0.48,0.5502183406113537,0.4047619047619047,0.009781659388646391,0.07523809523809527
656605,2022,30,2022-05-07,0.62,0.42,0.5984251968503937,0.4137931034482758,0.021574803149606248,0.006206896551724184
656605,2022,60,2022-06-06,0.51,0.38,0.5656565656565656,0.3978494623655914,-0.055656565656565626,-0.017849462365591373
656605,2022,90,2022-07-06,0.53,0.4,0.5384615384615384,0.4,-0.00846153846153841,0.0
656605,2022,120,2022-08-05,0.56,0.44,0.5476190476190477,0.4,0.012380952380952381,0.03999999999999998
656605,2023,30,2023-04-29,0.59,0.42,0.6040268456375839,0.4395604395604395,-0.01402684563758394,-0.019560439560439513
656605,2023,60,2023-05-29,0.68,0.64,0.6415770609318996,0.5120481927710844,0.03842293906810046,0.12795180722891564
656605,2023,90,2023-06-28,0.59,0.4,0.6365740740740741,0.4738955823293173,-0.0465740740740741,-0.07389558232931726
656605,2023,120,2023-07-28,0.6,0.38,0.6276595744680851,0.4574132492113564,-0.02765957446808509,-0.0774132492113564
656605,2024,30,2024-04-27,0.59,0.46,0.6089743589743589,0.4266666666666667,-0.01897435897435895,0.033333333333333326
656605,2024,60,2024-05-27,0.64,0.38,0.6027874564459931,0.4084507042253521,0.03721254355400694,-0.02845070422535212
656605,2024,90,2024-06-26,0.59,0.42,0.6062052505966588,0.4272300469483568,-0.016205250596658782,-0.0072300469483568275
656605,2024,120,2024-07-26,0.65,0.3,0.6146435452793835,0.3992537313432835,0.03535645472061655,-0.09925373134328352
656605,2025,30,2025-04-26,0.66,0.3,0.610738255033557,0.3291139240506329,0.04926174496644298,-0.0291139240506329
656605,2025,60,2025-05-26,0.63,0.46,0.6240875912408759,0.3776223776223776,0.0059124087591241326,0.08237762237762242
656605,2025,90,2025-06-25,0.68,0.26,0.6414141414141414,0.3495145631067961,0.03858585858585861,-0.08951456310679606
656605,2025,120,2025-07-25,0.55,0.44,0.6173076923076923,0.3692307692307692,-0.06730769230769229,0.0707692307692308
656605,2026,30,2026-04-25,0.62,0.34,0.6204379562043796,0.3287671232876712,-0.00043795620437958593,0.01123287671232881
656605,2026,59,2026-05-22,0.6,0.34,0.6120689655172413,0.3478260869565217,-0.012068965517241348,-0.00782608695652165
661563,2024,30,2024-04-27,0.5,0.54,0.5185185185185185,0.5,-0.01851851851851849,0.040000000000000036
661563,2024,60,2024-05-27,0.64,0.6,0.5701357466063348,0.5223880597014925,0.0698642533936652,0.07761194029850749
661563,2024,90,2024-06-26,0.53,0.38,0.5609065155807366,0.4974874371859296,-0.030906515580736538,-0.11748743718592958
661563,2024,120,2024-07-26,0.57,0.52,0.5636363636363636,0.5061224489795918,0.006363636363636349,0.013877551020408219
661563,2026,30,2026-04-25,,,0.5846153846153846,,,
661563,2026,59,2026-05-22,,,0.5930232558139535,0.2368421052631578,,
665621,2022,60,2022-06-06,0.56,0.56,0.5803571428571429,0.515625,-0.02035714285714285,0.04437500000000005
665621,2022,90,2022-07-06,0.62,0.36,0.6030927835051546,0.4528301886792453,0.01690721649484539,-0.0928301886792453
667498,2021,60,2021-05-31,,,0.5972222222222222,0.4102564102564102,,
669203,2021,30,2021-05-01,0.67,0.62,0.6851851851851852,0.6363636363636364,-0.01518518518518519,-0.016363636363636358
669203,2021,60,2021-05-31,0.57,0.64,0.6313131313131313,0.6328125,-0.06131313131313132,0.007187500000000013
669203,2021,90,2021-06-30,0.62,0.5,0.6317567567567568,0.6020942408376964,-0.011756756756756803,-0.10209424083769636
669203,2021,120,2021-07-30,0.54,0.6,0.6099290780141844,0.5868725868725869,-0.06992907801418435,0.013127413127413057
669203,2022,30,2022-05-07,0.6,0.6,0.564625850340136,0.5952380952380952,0.03537414965986396,0.004761904761904745
669203,2022,60,2022-06-06,0.59,0.5,0.5793357933579336,0.5419354838709678,0.010664206642066354,-0.041935483870967794
669203,2022,90,2022-07-06,0.57,0.6,0.5635491606714629,0.5491803278688525,0.006450839328537072,0.050819672131147464
669203,2022,120,2022-08-05,0.49,0.48,0.5493230174081238,0.5424836601307189,-0.059323017408123846,-0.06248366013071893
669203,2023,30,2023-04-29,0.56,0.42,0.5869565217391305,0.375,-0.026956521739130435,0.044999999999999984
669203,2023,60,2023-05-29,0.64,0.5,0.5977443609022557,0.4244604316546763,0.042255639097744324,0.07553956834532372
669203,2023,90,2023-06-28,0.54,0.46,0.5862944162436549,0.438423645320197,-0.04629441624365482,0.02157635467980301
669203,2023,120,2023-07-28,0.61,0.58,0.5872093023255814,0.4661921708185053,0.022790697674418547,0.11380782918149468
669203,2024,30,2024-04-27,0.64,0.42,0.6666666666666666,0.4320987654320987,-0.026666666666666616,-0.012098765432098701
669203,2024,60,2024-05-27,0.66,0.48,0.6641221374045801,0.4489795918367347,-0.004122137404580117,0.03102040816326529
669203,2024,90,2024-06-26,0.69,0.48,0.6616161616161617,0.4476190476190476,0.02838383838383829,0.0323809523809524
669203,2024,120,2024-07-26,0.56,0.38,0.6394686907020873,0.44,-0.07946869070208729,-0.06
669203,2025,30,2025-04-26,0.66,0.32,0.6666666666666666,0.3846153846153846,-0.006666666666666599,-0.06461538461538457
669203,2025,60,2025-05-26,0.63,0.52,0.6481481481481481,0.4434782608695652,-0.018148148148148135,0.07652173913043481
669923,2022,60,2022-06-06,0.56,0.48,0.5648854961832062,0.4492753623188406,-0.004885496183206106,0.030724637681159406
669923,2022,90,2022-07-06,0.74,0.38,0.64,0.4055944055944055,0.09999999999999998,-0.02559440559440551
669923,2022,120,2022-08-05,0.68,0.48,0.6407766990291263,0.4195402298850574,0.03922330097087379,0.06045977011494258
669923,2023,30,2023-04-29,0.71,0.4,0.6942148760330579,0.4,0.015785123966942094,0.0
669923,2023,60,2023-05-29,0.71,0.44,0.7058823529411765,0.3984375,0.004117647058823448,0.0415625
669923,2023,90,2023-06-28,0.69,0.36,0.6949602122015915,0.3891625615763547,-0.004960212201591596,-0.029162561576354717
669923,2023,120,2023-07-28,0.68,0.5,0.6915322580645161,0.4117647058823529,-0.011532258064516077,0.08823529411764708
669923,2024,30,2024-04-27,0.65,0.5,0.6888888888888889,0.4523809523809524,-0.03888888888888886,0.047619047619047616
669923,2024,60,2024-05-27,0.69,0.34,0.68359375,0.4191176470588235,0.006406249999999947,-0.07911764705882346
669923,2024,90,2024-06-26,0.67,0.44,0.6826196473551638,0.4481132075471698,-0.012619647355163743,-0.00811320754716982
669923,2024,120,2024-07-26,0.64,0.5,0.6737044145873321,0.460431654676259,-0.03370441458733209,0.03956834532374098
669923,2025,90,2025-06-25,0.64,0.44,0.6688311688311688,0.4137931034482758,-0.028831168831168763,0.0262068965517242
669923,2025,120,2025-07-25,0.68,0.46,0.6680161943319838,0.4306569343065693,0.011983805668016267,0.029343065693430703
669923,2026,30,2026-04-25,0.68,0.36,0.6535947712418301,0.3866666666666666,0.026405228758169974,-0.026666666666666616
669923,2026,59,2026-05-22,0.64,0.44,0.6454183266932271,0.4031007751937984,-0.00541832669322706,0.036899224806201614
672851,2022,30,2022-05-07,0.63,0.46,0.6015037593984962,0.421875,0.028496240601503797,0.03812500000000002
672851,2022,60,2022-06-06,0.51,0.26,0.5604838709677419,0.3442622950819672,-0.05048387096774187,-0.0842622950819672
672851,2022,90,2022-07-06,0.59,0.34,0.5674740484429066,0.352112676056338,0.02252595155709336,-0.012112676056337979
676684,2023,90,2023-06-28,0.58,0.44,0.5916666666666667,0.4848484848484848,-0.011666666666666714,-0.044848484848484804
676684,2023,120,2023-07-28,0.58,0.44,0.5916666666666667,0.4848484848484848,-0.011666666666666714,-0.044848484848484804
677651,2021,30,2021-05-01,,,0.5802469135802469,0.4130434782608695,,
677651,2021,60,2021-05-31,0.65,0.4,0.6129032258064516,0.4453781512605042,0.0370967741935484,-0.04537815126050415
677651,2021,90,2021-06-30,0.57,0.38,0.5823170731707317,0.445,-0.012317073170731718,-0.065
677651,2021,120,2021-07-30,0.67,0.56,0.6041131105398457,0.4728033472803347,0.06588688946015431,0.08719665271966537
677651,2022,30,2022-05-07,0.65,0.54,0.6216216216216216,0.5384615384615384,0.02837837837837842,0.0015384615384615996
677651,2022,60,2022-06-06,0.49,0.44,0.5530973451327433,0.4953271028037383,-0.06309734513274334,-0.055327102803738315
677651,2022,90,2022-07-06,0.62,0.42,0.5828402366863905,0.478021978021978,0.037159763313609484,-0.058021978021978005
677651,2022,120,2022-08-05,0.61,0.42,0.5879629629629629,0.4628099173553719,0.022037037037037077,-0.04280991735537193
677952,2026,30,2026-04-25,0.63,0.6,0.6120689655172413,0.5714285714285714,0.01793103448275868,0.02857142857142858
677952,2026,59,2026-05-22,0.71,0.46,0.6585365853658537,0.5078125,0.051463414634146276,-0.04781249999999998
682847,2023,60,2023-05-29,,,0.5729166666666666,0.3414634146341463,,
682847,2023,90,2023-06-28,0.61,0.32,0.5951219512195122,0.3297872340425531,0.014878048780487818,-0.009787234042553106
682847,2023,120,2023-07-28,0.58,0.38,0.5806451612903226,0.3238095238095238,-0.00064516129032266,0.05619047619047618
682847,2024,120,2024-07-26,0.66,0.28,0.5900621118012422,0.3641618497109826,0.06993788819875779,-0.08416184971098256
682847,2025,30,2025-04-26,0.66,0.52,0.6324786324786325,0.4246575342465753,0.02752136752136758,0.0953424657534247
682847,2025,60,2025-05-26,0.63,0.46,0.6351931330472103,0.427536231884058,-0.005193133047210252,0.03246376811594204
682847,2025,90,2025-06-25,0.64,0.44,0.635593220338983,0.4312796208530806,0.004406779661016991,0.008720379146919421
685410,2023,30,2023-04-29,,,0.5625,0.3428571428571428,,
688138,2025,60,2025-05-26,0.54,0.42,0.559322033898305,0.4117647058823529,-0.019322033898305002,0.008235294117647063
688138,2025,90,2025-06-25,0.63,0.44,0.5952380952380952,0.4166666666666667,0.03476190476190477,0.023333333333333317
688138,2025,120,2025-07-25,0.67,0.34,0.622568093385214,0.3771929824561403,0.047431906614786024,-0.03719298245614028
689266,2023,30,2023-04-29,,,,,,
689266,2023,60,2023-05-29,,,0.6129032258064516,0.217391304347826,,
689266,2023,90,2023-06-28,0.6,0.18,0.6052631578947368,0.2105263157894736,-0.0052631578947368585,-0.030526315789473596
689266,2023,120,2023-07-28,0.6,0.18,0.6052631578947368,0.2105263157894736,-0.0052631578947368585,-0.030526315789473596
800048,2026,30,2026-04-25,0.67,0.44,0.6578947368421053,0.4603174603174603,0.01210526315789473,-0.02031746031746029
800048,2026,59,2026-05-22,0.55,0.54,0.6079295154185022,0.5079365079365079,-0.05792951541850211,0.03206349206349213
800049,2024,90,2024-06-26,0.61,,0.6116504854368932,0.2444444444444444,-0.0016504854368931676,
112526,2018,30,2018-04-28,0.64,0.38,0.6440677966101694,0.3620689655172414,-0.004067796610169427,0.017931034482758623
112526,2018,60,2018-05-28,0.63,0.28,0.6451612903225806,0.32,-0.015161290322580623,-0.03999999999999998
112526,2018,90,2018-06-27,0.59,0.3,0.6263736263736264,0.313953488372093,-0.0363736263736264,-0.013953488372093037
112526,2018,120,2018-07-27,0.63,0.28,0.6352705410821643,0.3035714285714285,-0.005270541082164293,-0.023571428571428465
448306,2018,30,2018-04-28,0.55,0.28,0.572463768115942,0.25,-0.022463768115941973,0.030000000000000027
448306,2018,60,2018-05-28,0.61,0.42,0.5753424657534246,0.3282442748091603,0.03465753424657536,0.09175572519083969
448306,2018,90,2018-06-27,0.49,0.3,0.5685840707964602,0.3380952380952381,-0.07858407079646024,-0.038095238095238126
448306,2018,120,2018-07-27,0.61,0.52,0.575809199318569,0.3777777777777777,0.03419080068143099,0.1422222222222223
451596,2018,90,2018-06-27,,,0.6818181818181818,0.2727272727272727,,
451596,2018,120,2018-07-27,0.6,0.32,0.639344262295082,0.3048780487804878,-0.03934426229508203,0.015121951219512209
452657,2018,30,2018-04-28,0.66,0.4,0.6379310344827587,0.360655737704918,0.022068965517241357,0.03934426229508203
452657,2018,60,2018-05-28,0.54,0.42,0.5702127659574469,0.3884297520661157,-0.03021276595744682,0.0315702479338843
452657,2018,90,2018-06-27,0.6,0.26,0.5885416666666666,0.3762886597938144,0.011458333333333348,-0.11628865979381436
452657,2018,120,2018-07-27,0.53,0.4,0.5770750988142292,0.3784860557768924,-0.04707509881422922,0.021513944223107595
452657,2019,30,2019-04-19,,,0.6,0.4516129032258064,,
452657,2019,60,2019-05-19,0.62,0.38,0.6043956043956044,0.4141414141414141,0.015604395604395638,-0.034141414141414084
452657,2019,90,2019-06-18,0.58,0.4,0.5849673202614379,0.4121212121212121,-0.00496732026143798,-0.012121212121212088
452657,2019,120,2019-07-18,0.61,0.42,0.5986238532110092,0.4152542372881356,0.011376146788990793,0.0047457627118643875
452657,2021,60,2021-05-31,0.61,0.34,0.6209677419354839,0.3134328358208955,-0.010967741935483888,0.02656716417910454
452657,2021,90,2021-06-30,0.53,0.26,0.5803921568627451,0.2923076923076923,-0.05039215686274512,-0.032307692307692315
452657,2021,120,2021-07-30,0.6,0.3,0.5906432748538012,0.303030303030303,0.009356725146198785,-0.0030303030303029943
456713,2022,60,2022-06-06,,,0.6813186813186813,0.5869565217391305,,
456713,2022,90,2022-07-06,0.7,0.58,0.7043478260869566,0.5806451612903226,-0.004347826086956608,-0.00064516129032266
457918,2018,30,2018-04-28,0.65,0.62,0.6311475409836066,0.5857142857142857,0.01885245901639343,0.03428571428571425
457918,2018,60,2018-05-28,0.59,0.5,0.5910780669144982,0.541095890410959,-0.001078066914498188,-0.04109589041095896
457918,2018,90,2018-06-27,0.59,0.38,0.5888324873096447,0.4930232558139535,0.0011675126903553101,-0.1130232558139535
457918,2018,120,2018-07-27,0.58,0.48,0.5903361344537815,0.4887218045112781,-0.010336134453781565,-0.00872180451127813
457918,2019,30,2019-04-19,,,0.6470588235294118,0.3541666666666667,,
457918,2019,60,2019-05-19,0.59,0.42,0.615,0.3854166666666667,-0.025000000000000022,0.0345833333333333
457918,2019,90,2019-06-18,0.53,0.34,0.5795795795795796,0.3855421686746988,-0.04957957957957959,-0.04554216867469879
457918,2019,120,2019-07-18,0.55,0.34,0.5804020100502513,0.3958333333333333,-0.030402010050251227,-0.05583333333333329
457918,2021,30,2021-05-01,,,0.5632183908045977,0.325,,
457918,2021,60,2021-05-31,0.66,0.38,0.6153846153846154,0.3365384615384615,0.04461538461538461,0.043461538461538496
457918,2021,90,2021-06-30,0.6,0.34,0.6050955414012739,0.3273809523809524,-0.005095541401273884,0.01261904761904764
457918,2021,120,2021-07-30,0.62,0.42,0.6143497757847534,0.34375,0.005650224215246635,0.07624999999999998
518516,2018,90,2018-06-27,0.58,0.42,0.6,0.4032258064516129,-0.020000000000000018,0.016774193548387106
518516,2018,120,2018-07-27,0.64,0.4,0.6293436293436293,0.3984375,0.010656370656370706,0.0015625000000000222
518516,2019,30,2019-04-19,0.7,0.42,0.734375,0.4477611940298507,-0.034375000000000044,-0.027761194029850722
518516,2019,60,2019-05-19,0.66,0.42,0.6937984496124031,0.4324324324324324,-0.03379844961240308,-0.012432432432432416
518516,2019,90,2019-06-18,0.67,0.42,0.6953125,0.4225352112676056,-0.02531249999999996,-0.0025352112676056415
518516,2019,120,2019-07-18,0.63,0.54,0.6807692307692308,0.444055944055944,-0.05076923076923079,0.09594405594405603
518516,2021,30,2021-05-01,0.57,0.4,0.6060606060606061,0.3975903614457831,-0.036060606060606126,0.002409638554216942
518516,2021,60,2021-05-31,0.63,0.4,0.6138211382113821,0.4081632653061224,0.016178861788617938,-0.00816326530612238
518516,2021,90,2021-06-30,0.64,0.36,0.6138996138996139,0.4025974025974026,0.02610038610038612,-0.042597402597402634
518516,2021,120,2021-07-30,0.67,0.28,0.6231003039513677,0.3802083333333333,0.04689969604863231,-0.10020833333333329
518516,2022,30,2022-05-07,,0.3,0.5454545454545454,0.3,,0.0
518516,2022,60,2022-06-06,0.59,0.4,0.5793650793650794,0.3306451612903225,0.010634920634920553,0.06935483870967751
518516,2022,90,2022-07-06,0.59,0.3,0.5783783783783784,0.3177083333333333,0.011621621621621614,-0.017708333333333326
518516,2022,120,2022-08-05,0.71,0.32,0.6205533596837944,0.3125,0.08944664031620553,0.007500000000000007
571863,2018,30,2018-04-28,,,0.4807692307692308,0.3235294117647059,,
571863,2018,60,2018-05-28,0.64,0.26,0.582089552238806,0.2840909090909091,0.05791044776119403,-0.024090909090909107
571863,2018,90,2018-06-27,0.64,0.3,0.5966101694915255,0.2945736434108527,0.04338983050847456,0.0054263565891473076
571863,2018,120,2018-07-27,0.64,0.26,0.6026490066225165,0.2857142857142857,0.03735099337748349,-0.02571428571428569
592468,2018,60,2018-05-28,,,0.6376811594202898,0.525,,
592468,2018,90,2018-06-27,0.66,0.38,0.6666666666666666,0.4533333333333333,-0.006666666666666599,-0.0733333333333333
592468,2018,120,2018-07-27,0.56,0.4,0.624031007751938,0.4285714285714285,-0.06403100775193793,-0.02857142857142847
592468,2019,60,2019-05-19,,,0.5729166666666666,0.4166666666666667,,
592662,2018,30,2018-04-28,0.58,0.56,0.5882352941176471,0.589041095890411,-0.008235294117647118,-0.02904109589041093
592662,2018,60,2018-05-28,0.6,0.56,0.592,0.5844155844155844,0.008000000000000007,-0.024415584415584335
592662,2018,90,2018-06-27,0.63,0.58,0.6095890410958904,0.5730337078651685,0.0204109589041096,0.006966292134831464
592662,2018,120,2018-07-27,0.55,0.4,0.5924528301886792,0.5126582278481012,-0.04245283018867918,-0.1126582278481012
592662,2019,30,2019-04-19,,0.5,0.5268817204301075,0.5098039215686274,,-0.009803921568627416
592662,2019,60,2019-05-19,0.6,0.5,0.5502183406113537,0.5037593984962406,0.049781659388646315,-0.003759398496240629
592662,2019,90,2019-06-18,0.58,0.52,0.5580736543909348,0.507177033492823,0.021926345609065145,0.01282296650717707
592662,2019,120,2019-07-18,0.61,0.54,0.5791583166332666,0.5066666666666667,0.03084168336673343,0.033333333333333326
592662,2021,30,2021-05-01,,0.38,0.6739130434782609,0.3508771929824561,,0.029122807017543884
592662,2021,60,2021-05-31,0.61,0.5,0.6401869158878505,0.4411764705882353,-0.030186915887850496,0.05882352941176472
592662,2021,90,2021-06-30,0.62,0.5,0.6432584269662921,0.5044642857142857,-0.0232584269662921,-0.004464285714285698
592662,2021,120,2021-07-30,0.57,0.44,0.6304801670146137,0.5033557046979866,-0.060480167014613784,-0.06335570469798663
592662,2022,30,2022-05-07,0.59,0.44,0.6535947712418301,0.4246575342465753,-0.0635947712418301,0.015342465753424683
592662,2022,60,2022-06-06,0.63,0.56,0.6533333333333333,0.4967741935483871,-0.023333333333333317,0.06322580645161296
592662,2022,90,2022-07-06,0.66,0.66,0.6541176470588236,0.5318181818181819,0.00588235294117645,0.12818181818181817
592662,2022,120,2022-08-05,0.62,0.5,0.6460674157303371,0.5228070175438596,-0.026067415730337107,-0.02280701754385961
592662,2025,30,2025-04-26,0.63,0.48,0.6119402985074627,0.4342105263157895,0.018059701492537328,0.04578947368421049
592662,2025,60,2025-05-26,0.57,0.52,0.609375,0.4791666666666667,-0.03937500000000005,0.04083333333333333
592662,2025,90,2025-06-25,0.61,0.44,0.6153846153846154,0.4792626728110599,-0.005384615384615432,-0.039262672811059884
592662,2025,120,2025-07-25,0.52,0.44,0.59,0.4661921708185053,-0.06999999999999995,-0.026192170818505278
592662,2026,30,2026-04-25,0.58,0.4,0.5955882352941176,0.4320987654320987,-0.01558823529411768,-0.032098765432098664
592662,2026,59,2026-05-22,0.58,0.32,0.5826086956521739,0.4,-0.00260869565217392,-0.08000000000000002
592866,2018,30,2018-04-28,0.58,0.34,0.5571428571428572,0.3043478260869565,0.022857142857142798,0.03565217391304354
592866,2018,60,2018-05-28,0.64,0.38,0.5992063492063492,0.3388429752066115,0.040793650793650826,0.04115702479338851
592866,2018,90,2018-06-27,0.59,0.4,0.596100278551532,0.3522727272727273,-0.006100278551532057,0.04772727272727273
592866,2018,120,2018-07-27,0.64,0.36,0.6,0.3317535545023696,0.040000000000000036,0.02824644549763039
592866,2019,30,2019-04-19,,,0.7070707070707071,0.3777777777777777,,
592866,2019,60,2019-05-19,0.7,0.36,0.6905829596412556,0.3684210526315789,0.009417040358744355,-0.00842105263157894
592866,2019,90,2019-06-18,0.7,0.36,0.6905829596412556,0.3684210526315789,0.009417040358744355,-0.00842105263157894
592866,2019,120,2019-07-18,0.62,0.4,0.6696696696696697,0.38125,-0.04966966966966968,0.018750000000000044
592866,2021,30,2021-05-01,0.68,0.42,0.6909090909090909,0.421875,-0.010909090909090868,-0.0018750000000000155
592866,2021,60,2021-05-31,0.67,0.42,0.6751269035532995,0.4234234234234234,-0.005126903553299478,-0.0034234234234233885
592866,2021,90,2021-06-30,0.67,0.42,0.6751269035532995,0.4234234234234234,-0.005126903553299478,-0.0034234234234233885
592866,2021,120,2021-07-30,0.67,0.4,0.678030303030303,0.3933333333333333,-0.008030303030302943,0.00666666666666671
592866,2022,60,2022-06-06,0.74,0.38,0.717391304347826,0.3733333333333333,0.022608695652173938,0.00666666666666671
592866,2022,90,2022-07-06,0.64,0.4,0.6785714285714286,0.4077669902912621,-0.03857142857142859,-0.007766990291262099
592866,2022,120,2022-08-05,0.73,0.46,0.7042801556420234,0.4160583941605839,0.025719844357976585,0.04394160583941614
592866,2023,30,2023-04-29,0.68,0.28,0.6814159292035398,0.2833333333333333,-0.001415929203539723,-0.0033333333333332993
592866,2023,60,2023-05-29,0.54,0.36,0.614406779661017,0.3223140495867768,-0.07440677966101694,0.0376859504132232
592866,2023,90,2023-06-28,0.63,0.38,0.6314285714285715,0.3446327683615819,-0.0014285714285714457,0.035367231638418095
592866,2023,120,2023-07-28,0.54,0.3,0.6130434782608696,0.3333333333333333,-0.07304347826086954,-0.033333333333333326
592866,2024,30,2024-04-27,0.59,0.34,0.594059405940594,0.3529411764705882,-0.004059405940594063,-0.012941176470588178
592866,2024,60,2024-05-27,0.56,0.46,0.5771144278606966,0.4038461538461538,-0.0171144278606965,0.05615384615384622
592866,2024,90,2024-06-26,0.56,0.44,0.5758928571428571,0.4035087719298245,-0.015892857142857042,0.03649122807017552
592866,2024,120,2024-07-26,0.56,0.44,0.5758928571428571,0.4035087719298245,-0.015892857142857042,0.03649122807017552
592866,2025,30,2025-04-26,0.61,0.42,0.6036036036036037,0.3962264150943396,0.006396396396396331,0.023773584905660394
592866,2025,60,2025-05-26,0.66,0.38,0.6383928571428571,0.3761467889908257,0.021607142857142936,0.0038532110091742955
592866,2025,90,2025-06-25,0.73,0.36,0.672316384180791,0.3609467455621302,0.057683615819209,-0.0009467455621302023
596001,2018,30,2018-04-28,0.63,0.38,0.6535433070866141,0.3846153846153846,-0.023543307086614118,-0.004615384615384577
596001,2018,60,2018-05-28,0.61,0.48,0.6370106761565836,0.4558823529411764,-0.02701067615658359,0.024117647058823577
596001,2018,90,2018-06-27,0.58,0.4,0.6231884057971014,0.4545454545454545,-0.04318840579710148,-0.05454545454545445
596001,2018,120,2018-07-27,0.62,0.38,0.6255144032921811,0.4316239316239316,-0.005514403292181114,-0.051623931623931585
596001,2019,30,2019-04-19,0.62,0.34,0.639344262295082,0.3880597014925373,-0.019344262295082015,-0.0480597014925373
596001,2019,60,2019-05-19,0.6,0.34,0.6219512195121951,0.376,-0.02195121951219514,-0.035999999999999976
596001,2019,90,2019-06-18,0.61,0.46,0.6294277929155313,0.4086021505376344,-0.019427792915531317,0.05139784946236564
596001,2019,120,2019-07-18,0.56,0.42,0.6172344689378757,0.4153846153846154,-0.05723446893787565,0.004615384615384577
596001,2021,30,2021-05-01,,,0.6063829787234043,0.6046511627906976,,
596001,2021,60,2021-05-31,0.54,0.42,0.5571428571428572,0.4782608695652174,-0.017142857142857126,-0.05826086956521742
596001,2021,90,2021-06-30,0.53,0.38,0.5570469798657718,0.4594594594594595,-0.02704697986577176,-0.07945945945945948
596001,2021,120,2021-07-30,0.53,0.38,0.5570469798657718,0.4594594594594595,-0.02704697986577176,-0.07945945945945948
596001,2022,60,2022-06-06,0.58,0.38,0.6265060240963856,0.3932584269662921,-0.0465060240963856,-0.013258426966292092
596001,2022,90,2022-07-06,0.63,0.42,0.6436170212765957,0.4,-0.013617021276595698,0.019999999999999962
596001,2022,120,2022-08-05,0.66,0.42,0.6363636363636364,0.3925925925925926,0.023636363636363678,0.02740740740740738
596057,2018,30,2018-04-28,,,0.6333333333333333,0.5,,
596057,2018,60,2018-05-28,,,0.6027397260273972,0.4864864864864865,,
596057,2018,90,2018-06-27,,,0.6027397260273972,0.4864864864864865,,
596057,2018,120,2018-07-27,,,0.6027397260273972,0.4864864864864865,,
596057,2019,60,2019-05-19,0.68,0.3,0.6411764705882353,0.345679012345679,0.0388235294117647,-0.045679012345679004
596057,2019,90,2019-06-18,0.66,0.42,0.6509433962264151,0.3701298701298701,0.00905660377358497,0.0498701298701299
596057,2019,120,2019-07-18,0.63,0.44,0.645933014354067,0.3861386138613861,-0.01593301435406702,0.05386138613861391
596057,2022,90,2022-07-06,0.53,0.52,0.5666666666666667,0.5128205128205128,-0.036666666666666625,0.007179487179487243
596057,2022,120,2022-08-05,0.53,0.54,0.5447761194029851,0.5058823529411764,-0.014776119402985066,0.034117647058823586
601713,2018,30,2018-04-28,0.76,0.36,0.7164179104477612,0.4,0.043582089552238856,-0.040000000000000036
601713,2018,60,2018-05-28,0.58,0.56,0.6566523605150214,0.4545454545454545,-0.07665236051502144,0.10545454545454558
601713,2018,90,2018-06-27,0.63,0.52,0.6440677966101694,0.4604651162790698,-0.014067796610169436,0.05953488372093024
601713,2018,120,2018-07-27,0.64,0.6,0.6414686825053996,0.4731182795698925,-0.0014686825053995545,0.12688172043010748
601713,2019,30,2019-04-19,,,0.6021505376344086,0.3404255319148936,,
601713,2019,60,2019-05-19,,,0.6021505376344086,0.3404255319148936,,
601713,2019,90,2019-06-18,0.67,0.48,0.6358974358974359,0.4038461538461538,0.03410256410256418,0.07615384615384618
601713,2021,30,2021-05-01,0.57,0.44,0.5428571428571428,0.4166666666666667,0.027142857142857135,0.023333333333333317
601713,2021,60,2021-05-31,0.66,0.5,0.6,0.437037037037037,0.06000000000000005,0.062962962962963
601713,2021,90,2021-06-30,0.63,0.48,0.6,0.4626168224299065,0.030000000000000027,0.0173831775700935
601713,2021,120,2021-07-30,0.75,0.42,0.6320346320346321,0.4545454545454545,0.11796536796536794,-0.03454545454545449
601713,2022,30,2022-05-07,0.59,0.44,0.5833333333333334,0.4242424242424242,0.006666666666666599,0.015757575757575804
601713,2022,60,2022-06-06,0.51,0.46,0.5783132530120482,0.4285714285714285,-0.06831325301204816,0.03142857142857153
601713,2022,90,2022-07-06,0.6,0.44,0.5898058252427184,0.4372093023255814,0.010194174757281571,0.002790697674418585
601713,2022,120,2022-08-05,0.68,0.36,0.6041666666666666,0.4169611307420495,0.07583333333333342,-0.056961130742049504
601713,2023,30,2023-04-29,0.62,0.38,0.6216216216216216,0.4117647058823529,-0.001621621621621605,-0.03176470588235292
601713,2023,60,2023-05-29,0.53,0.42,0.576036866359447,0.408,-0.046036866359446926,0.01200000000000001
601713,2023,90,2023-06-28,0.48,0.5,0.5660377358490566,0.432258064516129,-0.0860377358490566,0.06774193548387097
601713,2023,120,2023-07-28,0.64,0.66,0.5906432748538012,0.4807692307692308,0.04935672514619882,0.17923076923076925
601713,2024,30,2024-04-27,,,,,,
601713,2024,60,2024-05-27,0.67,0.46,0.6722689075630253,0.4925373134328358,-0.0022689075630252242,-0.03253731343283578
601713,2024,90,2024-06-26,0.62,0.46,0.6666666666666666,0.4933333333333333,-0.046666666666666634,-0.03333333333333327
601713,2024,120,2024-07-26,0.75,0.54,0.6829268292682927,0.5067873303167421,0.06707317073170727,0.03321266968325798
601713,2025,30,2025-04-26,0.64,0.54,0.6517857142857143,0.5084745762711864,-0.011785714285714288,0.03152542372881362
601713,2025,60,2025-05-26,0.63,0.48,0.6473214285714286,0.5206611570247934,-0.0173214285714286,-0.04066115702479345
601713,2025,90,2025-06-25,0.65,0.5,0.6418732782369146,0.5233160621761658,0.008126721763085376,-0.023316062176165775
601713,2025,120,2025-07-25,0.61,0.44,0.6376811594202898,0.5019157088122606,-0.027681159420289814,-0.06191570881226055
601713,2026,59,2026-05-22,,,0.5970149253731343,0.6,,
606131,2018,30,2018-04-28,,,0.6666666666666666,0.4047619047619047,,
606131,2018,60,2018-05-28,,,0.6666666666666666,0.4047619047619047,,
606131,2018,90,2018-06-27,,,0.6666666666666666,0.4047619047619047,,
606131,2018,120,2018-07-27,0.55,0.36,0.615,0.3666666666666666,-0.06499999999999995,-0.006666666666666599
606424,2018,30,2018-04-28,0.47,0.34,0.47,0.3703703703703703,0.0,-0.03037037037037027
606424,2018,60,2018-05-28,0.53,0.3,0.4922279792746113,0.3191489361702128,0.03777202072538871,-0.019148936170212794
606424,2018,90,2018-06-27,0.53,0.24,0.5047619047619047,0.3137254901960784,0.02523809523809528,-0.07372549019607844
606424,2018,120,2018-07-27,0.53,0.24,0.5047619047619047,0.3137254901960784,0.02523809523809528,-0.07372549019607844
607215,2018,30,2018-04-28,,,0.6195652173913043,0.4418604651162791,,
607215,2018,60,2018-05-28,0.56,0.34,0.5944700460829493,0.3939393939393939,-0.034470046082949235,-0.0539393939393939
607215,2018,90,2018-06-27,0.56,0.34,0.5944700460829493,0.3939393939393939,-0.034470046082949235,-0.0539393939393939
607215,2018,120,2018-07-27,0.56,0.34,0.5944700460829493,0.3939393939393939,-0.034470046082949235,-0.0539393939393939
607219,2018,30,2018-04-28,0.49,0.3,0.5182481751824818,0.2786885245901639,-0.028248175182481794,0.021311475409836078
607219,2018,60,2018-05-28,0.52,0.42,0.5238095238095238,0.3333333333333333,-0.003809523809523818,0.08666666666666667
607219,2018,90,2018-06-27,0.67,0.34,0.5733333333333334,0.3444444444444444,0.09666666666666668,-0.004444444444444362
607219,2018,120,2018-07-27,0.54,0.34,0.5720164609053497,0.3434782608695652,-0.03201646090534971,-0.003478260869565153
621244,2018,30,2018-04-28,0.65,0.62,0.6416666666666667,0.5806451612903226,0.008333333333333304,0.039354838709677376
621244,2018,60,2018-05-28,0.66,0.54,0.6420664206642066,0.4785714285714286,0.017933579335793426,0.061428571428571443
621244,2018,90,2018-06-27,0.71,0.56,0.6527093596059114,0.5093457943925234,0.0572906403940886,0.05065420560747669
621244,2018,120,2018-07-27,0.67,0.48,0.6548507462686567,0.4909090909090909,0.015149253731343348,-0.010909090909090924
621244,2019,30,2019-04-19,0.56,0.44,0.5686274509803921,0.4912280701754385,-0.008627450980392082,-0.05122807017543851
621244,2019,60,2019-05-19,0.68,0.42,0.6538461538461539,0.4444444444444444,0.026153846153846194,-0.024444444444444435
621244,2019,90,2019-06-18,0.63,0.44,0.6574307304785895,0.4413145539906103,-0.02743073047858946,-0.001314553990610312
621244,2019,120,2019-07-18,0.71,0.36,0.6673267326732674,0.4247104247104247,0.0426732673267326,-0.06471042471042471
621244,2021,30,2021-05-01,0.56,0.42,0.5728155339805825,0.5,-0.012815533980582439,-0.08000000000000002
621244,2021,60,2021-05-31,0.69,0.46,0.6138996138996139,0.4689655172413793,0.07610038610038605,-0.008965517241379284
621244,2021,90,2021-06-30,0.64,0.46,0.6198347107438017,0.4611650485436893,0.020165289256198315,-0.0011650485436892621
621244,2021,120,2021-07-30,0.72,0.46,0.6435845213849287,0.4444444444444444,0.07641547861507125,0.0155555555555556
621244,2022,30,2022-05-07,0.68,0.3,0.7111111111111111,0.3125,-0.03111111111111109,-0.012500000000000011
621244,2022,60,2022-06-06,0.66,0.48,0.6814516129032258,0.3809523809523809,-0.021451612903225725,0.0990476190476191
621244,2022,90,2022-07-06,0.7,0.3,0.6948717948717948,0.3636363636363636,0.00512820512820511,-0.0636363636363636
621244,2022,120,2022-08-05,0.59,0.5,0.6811023622047244,0.4015151515151515,-0.09110236220472445,0.09848484848484851
621244,2023,30,2023-04-29,0.53,0.52,0.5391304347826087,0.5357142857142857,-0.009130434782608665,-0.01571428571428568
621244,2023,60,2023-05-29,0.72,0.4,0.5925925925925926,0.4626865671641791,0.1274074074074074,-0.06268656716417909
621244,2023,90,2023-06-28,0.71,0.38,0.6313131313131313,0.4416243654822335,0.0786868686868687,-0.06162436548223349
621244,2023,120,2023-07-28,0.62,0.44,0.623046875,0.4517374517374517,-0.0030468750000000044,-0.01173745173745172
621244,2024,30,2024-04-27,0.73,0.38,0.6827586206896552,0.3733333333333333,0.04724137931034478,0.00666666666666671
621244,2024,60,2024-05-27,0.62,0.42,0.6617100371747212,0.3897058823529412,-0.041710037174721215,0.030294117647058805
621244,2024,90,2024-06-26,0.57,0.2,0.6428571428571429,0.3383084577114428,-0.07285714285714295,-0.1383084577114428
621244,2024,120,2024-07-26,0.62,0.46,0.6368932038834951,0.3622047244094488,-0.016893203883495134,0.09779527559055123
621244,2025,30,2025-04-26,0.61,0.5,0.6068965517241379,0.4745762711864407,0.003103448275862064,0.02542372881355931
621244,2025,60,2025-05-26,0.67,0.46,0.635036496350365,0.4827586206896552,0.034963503649635075,-0.022758620689655173
621244,2025,90,2025-06-25,0.61,0.38,0.6294416243654822,0.4709302325581395,-0.019441624365482246,-0.09093023255813948
621244,2025,120,2025-07-25,0.64,0.42,0.635673624288425,0.4675324675324675,0.0043263757115750145,-0.04753246753246754
622072,2018,30,2018-04-28,0.7,0.4,0.6928571428571428,0.4,0.0071428571428571175,0.0
622072,2018,60,2018-05-28,0.64,0.4,0.6693227091633466,0.4202898550724637,-0.02932270916334656,-0.02028985507246367
622072,2018,90,2018-06-27,0.72,0.4,0.6785714285714286,0.4070351758793969,0.04142857142857137,-0.007035175879396893
622072,2018,120,2018-07-27,0.69,0.4,0.6802575107296137,0.4,0.009742489270386234,0.0
622072,2021,30,2021-05-01,,,0.65625,0.4878048780487805,,
622072,2021,60,2021-05-31,0.59,0.52,0.631578947368421,0.4629629629629629,-0.04157894736842105,0.05703703703703711
622072,2021,90,2021-06-30,0.6,0.42,0.6271186440677966,0.4269005847953216,-0.027118644067796627,-0.006900584795321629
622072,2021,120,2021-07-30,0.61,0.48,0.6275510204081632,0.4415584415584415,-0.017551020408163254,0.0384415584415585
622072,2022,30,2022-05-07,0.64,0.38,0.625,0.4,0.015000000000000013,-0.020000000000000018
622072,2022,60,2022-06-06,0.64,0.34,0.6303317535545023,0.362962962962963,0.009668246445497686,-0.022962962962962963
622072,2022,90,2022-07-06,0.63,0.44,0.6366366366366366,0.3737373737373737,-0.006636636636636606,0.0662626262626263
622072,2022,120,2022-08-05,0.63,0.46,0.6390134529147982,0.4,-0.009013452914798159,0.06
622072,2023,30,2023-04-29,,,,,,
622072,2023,60,2023-05-29,0.59,0.48,0.5689655172413793,0.4814814814814814,0.021034482758620632,-0.001481481481481417
622072,2023,90,2023-06-28,0.68,0.4,0.6102564102564103,0.4343434343434343,0.06974358974358974,-0.03434343434343429
622072,2023,120,2023-07-28,0.63,0.3,0.6088560885608856,0.375,0.021143911439114427,-0.07500000000000001
622072,2024,30,2024-04-27,0.62,0.32,0.5970149253731343,0.352112676056338,0.02298507462686572,-0.032112676056337996
622491,2018,30,2018-04-28,0.6,0.28,0.6030534351145038,0.3037974683544304,-0.003053435114503844,-0.023797468354430362
622491,2018,60,2018-05-28,0.55,0.44,0.5823293172690763,0.3691275167785235,-0.032329317269076285,0.07087248322147649
622491,2018,90,2018-06-27,0.59,0.42,0.5822454308093995,0.3777777777777777,0.007754569190600469,0.04222222222222227
622491,2018,120,2018-07-27,0.64,0.32,0.5982905982905983,0.3726937269372694,0.04170940170940174,-0.05269372693726937
622491,2019,30,2019-04-19,,0.52,0.5360824742268041,0.5517241379310345,,-0.03172413793103446
622491,2019,60,2019-05-19,0.51,0.6,0.5,0.5507246376811594,0.010000000000000009,0.049275362318840554
622491,2019,90,2019-06-18,0.5,0.46,0.5056179775280899,0.5073891625615764,-0.005617977528089901,-0.04738916256157638
622491,2019,120,2019-07-18,0.57,0.58,0.519650655021834,0.5173745173745173,0.0503493449781659,0.06262548262548262
622491,2021,30,2021-05-01,0.63,0.4,0.6343283582089553,0.3478260869565217,-0.004328358208955274,0.05217391304347835
622491,2021,60,2021-05-31,0.59,0.44,0.6144578313253012,0.3779527559055118,-0.024457831325301216,0.062047244094488196
622491,2021,90,2021-06-30,0.55,0.48,0.5935828877005348,0.4,-0.043582887700534756,0.07999999999999996
622491,2021,120,2021-07-30,0.53,0.5,0.5787476280834914,0.4117647058823529,-0.04874762808349142,0.08823529411764708
622491,2022,60,2022-06-06,0.65,0.46,0.6222222222222222,0.419753086419753,0.02777777777777779,0.04024691358024701
622491,2022,90,2022-07-06,0.53,0.52,0.602996254681648,0.4230769230769231,-0.07299625468164794,0.09692307692307695
622491,2022,120,2022-08-05,0.57,0.58,0.5957446808510638,0.460093896713615,-0.02574468085106385,0.11990610328638496
622491,2023,30,2023-04-29,0.64,0.46,0.674074074074074,0.4578313253012048,-0.034074074074074034,0.0021686746987952255
622491,2023,60,2023-05-29,0.65,0.54,0.6666666666666666,0.4720496894409938,-0.016666666666666607,0.06795031055900624
622491,2023,90,2023-06-28,0.56,0.36,0.6377952755905512,0.4572649572649572,-0.0777952755905511,-0.09726495726495721
622491,2023,120,2023-07-28,0.61,0.56,0.6343873517786561,0.4684385382059801,-0.02438735177865614,0.09156146179401997
622491,2024,30,2024-04-27,0.63,0.48,0.6013513513513513,0.4615384615384615,0.02864864864864869,0.018461538461538474
622491,2024,60,2024-05-27,0.66,0.4,0.6227106227106227,0.4423076923076923,0.03728937728937731,-0.04230769230769227
622491,2024,90,2024-06-26,0.69,0.34,0.636144578313253,0.4125,0.05385542168674695,-0.07249999999999995
622491,2024,120,2024-07-26,0.58,0.36,0.6292134831460674,0.4039087947882736,-0.04921348314606744,-0.043908794788273586
622491,2025,30,2025-04-26,0.56,0.36,0.6267605633802817,0.358974358974359,-0.06676056338028169,0.001025641025641011
622491,2025,60,2025-05-26,0.64,0.38,0.6339622641509434,0.3450704225352112,0.006037735849056647,0.03492957746478881
622491,2025,90,2025-06-25,0.69,0.36,0.6465968586387435,0.354066985645933,0.04340314136125645,0.005933014354067012
622491,2025,120,2025-07-25,0.6,0.5,0.6388888888888888,0.381294964028777,-0.03888888888888886,0.118705035971223
622491,2026,30,2026-04-25,0.79,0.32,0.7657657657657657,0.360655737704918,0.02423423423423432,-0.04065573770491798
622491,2026,59,2026-05-22,0.6,0.42,0.6883720930232559,0.3770491803278688,-0.08837209302325588,0.04295081967213116
622694,2018,60,2018-05-28,,,0.4857142857142857,0.2195121951219512,,
622694,2018,90,2018-06-27,0.54,0.28,0.5286624203821656,0.2588235294117647,0.011337579617834437,0.021176470588235352
622694,2018,120,2018-07-27,0.58,0.32,0.5346534653465347,0.2636363636363636,0.045346534653465276,0.056363636363636394
622694,2019,90,2019-06-18,,,0.6379310344827587,0.3611111111111111,,
622694,2019,120,2019-07-18,0.72,0.5,0.6808510638297872,0.4418604651162791,0.039148936170212756,0.05813953488372092
622694,2021,30,2021-05-01,,,,,,
622694,2021,60,2021-05-31,,,,,,
622694,2021,90,2021-06-30,,,,,,
622694,2021,120,2021-07-30,,,,,,
622694,2022,30,2022-05-07,0.68,0.36,0.6605504587155964,0.3898305084745763,0.019449541284403682,-0.0298305084745763
622694,2022,60,2022-06-06,0.71,0.38,0.6880733944954128,0.3884297520661157,0.021926605504587138,-0.008429752066115681
622694,2022,90,2022-07-06,0.71,0.38,0.6880733944954128,0.3884297520661157,0.021926605504587138,-0.008429752066115681
622694,2022,120,2022-08-05,0.69,0.42,0.6890756302521008,0.3880597014925373,0.000924369747899112,0.03194029850746266
641793,2023,120,2023-07-28,0.74,0.42,0.7155963302752294,0.4126984126984127,0.024403669724770594,0.007301587301587309
641793,2024,30,2024-04-27,0.65,0.42,0.646551724137931,0.4328358208955223,0.0034482758620689724,-0.01283582089552232
641793,2024,60,2024-05-27,0.69,0.38,0.6738197424892703,0.4090909090909091,0.0161802575107296,-0.02909090909090911
641793,2024,90,2024-06-26,0.65,0.32,0.6639784946236559,0.400990099009901,-0.013978494623655857,-0.080990099009901
641793,2024,120,2024-07-26,0.67,0.5,0.6623655913978495,0.4159663865546218,0.007634408602150589,0.08403361344537819
641793,2025,30,2025-04-26,0.67,0.34,0.6722689075630253,0.3684210526315789,-0.0022689075630252242,-0.028421052631578902
641793,2025,60,2025-05-26,0.6,0.34,0.6384615384615384,0.336,-0.038461538461538436,0.0040000000000000036
641793,2025,90,2025-06-25,0.64,0.4,0.6419437340153452,0.3529411764705882,-0.0019437340153451999,0.04705882352941182
641793,2025,120,2025-07-25,0.69,0.34,0.6615087040618955,0.3497942386831276,0.0284912959381044,-0.009794238683127565
641793,2026,30,2026-04-25,0.64,,0.6495726495726496,0.3409090909090909,-0.009572649572649583,
641793,2026,59,2026-05-22,0.56,0.26,0.6153846153846154,0.3026315789473684,-0.055384615384615365,-0.04263157894736841
642397,2019,60,2019-05-19,,,0.5098039215686274,,,
642397,2019,90,2019-06-18,,,0.5568181818181818,0.2826086956521739,,
656641,2025,90,2025-06-25,0.63,0.38,0.5986394557823129,0.4024390243902439,0.03136054421768708,-0.022439024390243922
656641,2025,120,2025-07-25,0.63,0.4,0.5972850678733032,0.4065040650406504,0.03271493212669685,-0.006504065040650375
656657,2022,60,2022-06-06,0.5,0.36,0.4867256637168141,0.3620689655172414,0.013274336283185917,-0.0020689655172413945
656657,2022,90,2022-07-06,0.5,0.36,0.4867256637168141,0.3620689655172414,0.013274336283185917,-0.0020689655172413945
656657,2022,120,2022-08-05,0.5,0.3,0.5222929936305732,0.3461538461538461,-0.022292993630573243,-0.0461538461538461
657141,2019,90,2019-06-18,,,,,,
657141,2019,120,2019-07-18,0.48,0.44,0.5037593984962406,0.4415584415584415,-0.023759398496240647,-0.0015584415584414812
663623,2023,60,2023-05-29,0.52,,0.52,0.4130434782608695,0.0,
663623,2023,90,2023-06-28,0.6,0.3,0.5586854460093896,0.3523809523809524,0.04131455399061035,-0.05238095238095242
663623,2023,120,2023-07-28,0.62,0.4,0.581039755351682,0.3592814371257485,0.03896024464831804,0.04071856287425152
663623,2024,30,2024-04-27,0.64,0.38,0.6106194690265486,0.4,0.02938053097345139,-0.020000000000000018
663623,2024,60,2024-05-27,0.56,0.34,0.5948275862068966,0.3553719008264462,-0.03482758620689652,-0.015371900826446183
663623,2024,90,2024-06-26,0.58,0.4,0.5978260869565217,0.392156862745098,-0.01782608695652177,0.007843137254902044
663623,2024,120,2024-07-26,0.65,0.4,0.6105476673427992,0.3895131086142322,0.03945233265720083,0.010486891385767805
663623,2025,30,2025-04-26,0.63,0.52,0.6805555555555556,0.4305555555555556,-0.050555555555555576,0.08944444444444444
663623,2025,60,2025-05-26,0.69,0.32,0.6834532374100719,0.376,0.006546762589928035,-0.055999999999999994
663623,2025,90,2025-06-25,0.71,0.38,0.6834170854271356,0.358695652173913,0.026582914572864325,0.021304347826086978
663623,2025,120,2025-07-25,0.57,0.28,0.6588693957115009,0.3415637860082304,-0.08886939571150099,-0.06156378600823037
663623,2026,30,2026-04-25,0.64,0.48,0.6356589147286822,0.4533333333333333,0.004341085271317824,0.026666666666666672
663623,2026,59,2026-05-22,0.61,0.34,0.6179245283018868,0.4047619047619047,-0.007924528301886835,-0.06476190476190469
668820,2021,120,2021-07-30,,,0.5866666666666667,0.4,,
669062,2024,60,2024-05-27,0.54,0.42,0.54,0.4615384615384615,0.0,-0.041538461538461524
669062,2024,90,2024-06-26,0.53,0.4,0.5466666666666666,0.4301075268817204,-0.016666666666666607,-0.03010752688172036
669062,2024,120,2024-07-26,0.54,0.44,0.5347593582887701,0.4561403508771929,0.005240641711229954,-0.0161403508771929
669854,2023,90,2023-06-28,0.62,0.36,0.6103896103896104,0.4204545454545454,0.009610389610389625,-0.06045454545454543
669854,2023,120,2023-07-28,0.55,0.4,0.592964824120603,0.4285714285714285,-0.042964824120602985,-0.02857142857142847
669854,2024,30,2024-04-27,0.58,0.46,0.609375,0.4761904761904761,-0.02937500000000004,-0.01619047619047609
669854,2024,60,2024-05-27,0.52,0.42,0.5767441860465117,0.4594594594594595,-0.05674418604651166,-0.0394594594594595
669854,2024,90,2024-06-26,0.7,0.4,0.6126126126126126,0.4293478260869565,0.08738738738738738,-0.029347826086956463
669854,2024,120,2024-07-26,0.64,0.42,0.6150442477876106,0.4233870967741935,0.024955752212389437,-0.003387096774193521
669854,2025,30,2025-04-26,0.51,0.34,0.51,0.3448275862068966,0.0,-0.00482758620689655
679525,2023,120,2023-07-28,0.62,0.4,0.6181818181818182,0.4285714285714285,0.0018181818181818299,-0.02857142857142847
679525,2024,30,2024-04-27,0.55,0.32,0.5700934579439252,0.3333333333333333,-0.02009345794392514,-0.013333333333333308
679525,2024,60,2024-05-27,0.62,0.42,0.5960591133004927,0.3888888888888889,0.023940886699507335,0.03111111111111109
679525,2024,90,2024-06-26,0.6,0.46,0.60062893081761,0.4071856287425149,-0.0006289308176100628,0.052814371257485115
679525,2024,120,2024-07-26,0.59,0.44,0.5975308641975309,0.4158878504672897,-0.0075308641975309065,0.024112149532710292
680736,2024,120,2024-07-26,,,0.6333333333333333,0.4193548387096774,,
680736,2026,30,2026-04-25,,,0.6413043478260869,0.2195121951219512,,
680736,2026,59,2026-05-22,0.63,0.32,0.6447368421052632,0.2980769230769231,-0.01473684210526316,0.021923076923076934
686730,2024,90,2024-06-26,0.66,0.36,0.6590909090909091,0.3424657534246575,0.0009090909090909705,0.01753424657534247
686730,2024,120,2024-07-26,0.56,0.46,0.615,0.3942307692307692,-0.05499999999999994,0.0657692307692308
687562,2026,59,2026-05-22,,,,,,
687765,2024,60,2024-05-27,0.6,0.38,0.5912408759124088,0.3835616438356164,0.008759124087591164,-0.0035616438356164126
687765,2024,90,2024-06-26,0.64,0.4,0.6170212765957447,0.3857142857142857,0.02297872340425533,0.014285714285714346
687765,2024,120,2024-07-26,0.57,0.48,0.6074270557029178,0.4010989010989011,-0.03742705570291782,0.07890109890109887
687765,2025,90,2025-06-25,0.65,0.34,0.6349206349206349,0.3937007874015748,0.015079365079365137,-0.0537007874015748
687765,2025,120,2025-07-25,0.57,0.34,0.6111111111111112,0.391304347826087,-0.04111111111111121,-0.05130434782608695
689672,2024,90,2024-06-26,,,0.6060606060606061,,,
689672,2024,120,2024-07-26,0.57,0.32,0.5843373493975904,0.3164556962025316,-0.01433734939759046,0.0035443037974683955
691587,2023,60,2023-05-29,,,0.5822784810126582,0.4523809523809524,,
691587,2023,90,2023-06-28,0.56,0.56,0.572972972972973,0.5094339622641509,-0.012972972972972951,0.05056603773584911
691587,2023,120,2023-07-28,0.58,0.54,0.5720930232558139,0.4959349593495935,0.007906976744186056,0.04406504065040656
691587,2025,90,2025-06-25,,,0.6296296296296297,0.34375,,
691587,2025,120,2025-07-25,0.57,0.54,0.5897435897435898,0.4347826086956521,-0.019743589743589807,0.10521739130434793
691587,2026,30,2026-04-25,0.59,0.42,0.5955882352941176,0.4520547945205479,-0.005588235294117672,-0.032054794520547936
691587,2026,59,2026-05-22,0.66,0.46,0.636,0.4532374100719424,0.02400000000000002,0.006762589928057616
693821,2022,30,2022-05-07,,,0.5,0.3243243243243243,,
693821,2022,60,2022-06-06,,,0.5,0.3243243243243243,,
693821,2022,90,2022-07-06,,,0.5,0.3243243243243243,,
693821,2022,120,2022-08-05,,,0.5,0.3243243243243243,,
693821,2023,30,2023-04-29,0.58,0.38,0.6050420168067226,0.4193548387096774,-0.02504201680672269,-0.039354838709677376
693821,2023,60,2023-05-29,0.62,0.38,0.6176470588235294,0.408,0.0023529411764705577,-0.02799999999999997
693821,2023,90,2023-06-28,0.69,0.28,0.648578811369509,0.3853658536585366,0.041421188630490935,-0.10536585365853657
693821,2023,120,2023-07-28,0.59,0.22,0.6386554621848739,0.3583333333333333,-0.04865546218487393,-0.13833333333333328
693821,2024,60,2024-05-27,0.51,,0.5486725663716814,0.3958333333333333,-0.03867256637168137,
693821,2024,90,2024-06-26,0.58,0.38,0.5703703703703704,0.3833333333333333,0.009629629629629544,-0.0033333333333332993
693821,2024,120,2024-07-26,0.57,0.36,0.5666666666666667,0.3928571428571428,0.0033333333333332993,-0.03285714285714281
693821,2025,30,2025-04-26,,,0.717391304347826,0.2790697674418604,,
693821,2025,60,2025-05-26,0.6,0.42,0.6574585635359116,0.3626373626373626,-0.05745856353591161,0.05736263736263736
693821,2025,90,2025-06-25,0.5,0.5,0.6014234875444839,0.4135338345864661,-0.10142348754448394,0.08646616541353391
693821,2025,120,2025-07-25,0.53,0.34,0.5826771653543307,0.4,-0.052677165354330646,-0.06
693821,2026,30,2026-04-25,0.62,0.46,0.6054421768707483,0.484375,0.01455782312925169,-0.02437499999999998
693821,2026,59,2026-05-22,0.65,0.46,0.6204379562043796,0.4761904761904761,0.02956204379562044,-0.01619047619047609
695549,2025,30,2025-04-26,,,0.6341463414634146,0.2978723404255319,,
695549,2025,60,2025-05-26,0.69,0.34,0.6615384615384615,0.3333333333333333,0.028461538461538427,0.00666666666666671
701581,2024,120,2024-07-26,,,0.6515151515151515,0.4411764705882353,,
701581,2025,30,2025-04-26,,,0.631578947368421,0.5,,
701581,2025,60,2025-05-26,,,0.631578947368421,0.5,,
701581,2025,90,2025-06-25,0.64,0.38,0.6319444444444444,0.4210526315789473,0.008055555555555594,-0.041052631578947285
702070,2025,60,2025-05-26,,,0.6338028169014085,0.4242424242424242,,
702070,2025,90,2025-06-25,0.53,0.36,0.5913978494623656,0.3695652173913043,-0.061397849462365595,-0.009565217391304337
702070,2025,120,2025-07-25,0.55,0.5,0.574750830564784,0.4166666666666667,-0.024750830564784,0.08333333333333331
702070,2026,30,2026-04-25,0.64,,0.6239316239316239,0.4791666666666667,0.016068376068376078,
702070,2026,59,2026-05-22,0.56,0.42,0.5904761904761905,0.4444444444444444,-0.030476190476190435,-0.024444444444444435
429722,2019,30,2019-04-19,,,,,,
429722,2021,60,2021-05-31,,,0.5384615384615384,0.3428571428571428,,
429722,2021,90,2021-06-30,0.53,0.44,0.5531914893617021,0.3880597014925373,-0.023191489361702122,0.05194029850746268
429722,2021,120,2021-07-30,0.59,0.4,0.5588235294117647,0.3703703703703703,0.03117647058823525,0.029629629629629728
446321,2019,120,2019-07-18,,,0.6125,0.2,,
446321,2021,60,2021-05-31,,,0.5581395348837209,0.5531914893617021,,
446321,2021,90,2021-06-30,0.6,0.52,0.5772357723577236,0.5441176470588235,0.02276422764227637,-0.024117647058823466
456034,2018,30,2018-04-28,0.61,0.46,0.6086956521739131,0.4745762711864407,0.0013043478260869046,-0.01457627118644067
456034,2018,60,2018-05-28,0.64,0.52,0.6216216216216216,0.4796747967479675,0.018378378378378413,0.04032520325203254
456034,2018,90,2018-06-27,0.58,0.4,0.6057441253263708,0.4611398963730569,-0.025744125326370826,-0.06113989637305689
456034,2018,120,2018-07-27,0.68,0.48,0.6239495798319328,0.4615384615384615,0.05605042016806727,0.018461538461538474
456034,2019,30,2019-04-19,,,0.6575342465753424,0.5263157894736842,,
456034,2019,60,2019-05-19,0.7,0.56,0.676056338028169,0.5454545454545454,0.023943661971830954,0.014545454545454639
456034,2019,90,2019-06-18,0.63,0.46,0.6591760299625468,0.4932432432432432,-0.029176029962546757,-0.03324324324324318
456034,2019,120,2019-07-18,0.69,0.46,0.6703296703296703,0.4880382775119617,0.019670329670329667,-0.028038277511961696
456034,2021,60,2021-05-31,,,0.6666666666666666,0.5588235294117647,,
456034,2021,90,2021-06-30,0.72,0.42,0.6776859504132231,0.4166666666666667,0.04231404958677687,0.0033333333333332993
456034,2021,120,2021-07-30,0.71,0.34,0.6831683168316832,0.4059405940594059,0.026831683168316744,-0.06594059405940589
501985,2018,30,2018-04-28,0.6,0.36,0.5803571428571429,0.3582089552238806,0.019642857142857073,0.0017910447761194104
501985,2018,60,2018-05-28,0.7,0.4,0.6313559322033898,0.3602941176470588,0.06864406779661014,0.0397058823529412
501985,2018,90,2018-06-27,0.49,0.36,0.5949008498583569,0.359375,-0.1049008498583569,0.0006249999999999867
501985,2018,120,2018-07-27,0.49,0.3,0.5789473684210527,0.3472803347280335,-0.08894736842105266,-0.0472803347280335
501985,2019,30,2019-04-19,0.64,,0.6190476190476191,0.4680851063829787,0.020952380952380945,
501985,2019,60,2019-05-19,0.66,0.44,0.6282051282051282,0.4552845528455284,0.03179487179487184,-0.015284552845528376
501985,2019,90,2019-06-18,0.59,0.38,0.6128205128205129,0.4479638009049774,-0.022820512820512895,-0.06796380090497739
501985,2019,120,2019-07-18,0.62,0.38,0.6141414141414141,0.4384057971014493,0.005858585858585896,-0.058405797101449275
501985,2021,30,2021-05-01,0.61,0.42,0.6160714285714286,0.4285714285714285,-0.0060714285714286165,-0.008571428571428508
501985,2021,60,2021-05-31,0.61,0.54,0.6007905138339921,0.4563758389261745,0.009209486166007919,0.08362416107382553
501985,2021,90,2021-06-30,0.63,0.28,0.5985401459854015,0.4185022026431718,0.0314598540145985,-0.13850220264317176
501985,2021,120,2021-07-30,0.66,0.4,0.6107784431137725,0.4175824175824176,0.049221556886227535,-0.017582417582417575
501985,2022,90,2022-07-06,0.63,0.36,0.5944055944055944,0.4,0.03559440559440563,-0.040000000000000036
501985,2022,120,2022-08-05,0.63,0.42,0.6145038167938931,0.4214876033057851,0.015496183206106906,-0.0014876033057851235
519043,2018,30,2018-04-28,0.63,0.28,0.6,0.3090909090909091,0.030000000000000027,-0.029090909090909056
519043,2018,60,2018-05-28,0.74,0.32,0.6619047619047619,0.3,0.0780952380952381,0.020000000000000018
519043,2018,90,2018-06-27,0.63,0.32,0.6513157894736842,0.3012820512820512,-0.021315789473684177,0.018717948717948796
519043,2021,30,2021-05-01,,,0.65,0.4,,
519043,2021,60,2021-05-31,,,0.6,0.3617021276595745,,
519043,2021,90,2021-06-30,0.57,0.3,0.5871559633027523,0.3454545454545454,-0.017155963302752375,-0.045454545454545414
519043,2021,120,2021-07-30,0.7,0.4,0.6325581395348837,0.3738317757009345,0.06744186046511624,0.026168224299065512
542882,2018,60,2018-05-28,0.6,0.42,0.6058394160583942,0.4268292682926829,-0.00583941605839422,-0.006829268292682933
542882,2018,90,2018-06-27,0.56,0.32,0.5743589743589743,0.3873873873873873,-0.014358974358974264,-0.06738738738738731
542882,2018,120,2018-07-27,0.55,0.46,0.5775193798449613,0.4305555555555556,-0.027519379844961223,0.02944444444444444
547942,2021,30,2021-05-01,,,0.5254237288135594,0.4705882352941176,,
547942,2021,60,2021-05-31,0.63,0.34,0.5878787878787879,0.3707865168539326,0.042121212121212115,-0.030786516853932577
547942,2021,90,2021-06-30,0.62,0.36,0.5961538461538461,0.3703703703703703,0.02384615384615385,-0.010370370370370308
547942,2021,120,2021-07-30,0.59,0.34,0.5983606557377049,0.3582887700534759,-0.008360655737704947,-0.0182887700534759
571951,2018,30,2018-04-28,0.53,,0.5042016806722689,0.225,0.025798319327731134,
571951,2018,60,2018-05-28,0.5,0.32,0.5097087378640777,0.2702702702702703,-0.009708737864077666,0.04972972972972972
571951,2018,90,2018-06-27,0.5,0.3,0.5062761506276151,0.2771084337349397,-0.006276150627615107,0.02289156626506028
571951,2018,120,2018-07-27,0.5,0.3,0.5062761506276151,0.2771084337349397,-0.006276150627615107,0.02289156626506028
592346,2019,120,2019-07-18,,,0.5692307692307692,0.3125,,
592346,2021,30,2021-05-01,,,0.6190476190476191,0.3333333333333333,,
592346,2021,60,2021-05-31,0.64,0.28,0.6304347826086957,0.2926829268292683,0.009565217391304337,-0.012682926829268248
592346,2021,90,2021-06-30,0.65,0.32,0.6421404682274248,0.3059701492537313,0.007859531772575257,0.014029850746268724
592346,2021,120,2021-07-30,0.51,0.28,0.6106870229007634,0.3045977011494253,-0.10068702290076337,-0.024597701149425277
592346,2022,90,2022-07-06,,,0.6578947368421053,0.3142857142857143,,
592346,2022,120,2022-08-05,,,0.65,0.3157894736842105,,
593334,2018,60,2018-05-28,0.57,0.48,0.610738255033557,0.4880952380952381,-0.0407382550335571,-0.0080952380952381
593334,2018,90,2018-06-27,0.64,0.54,0.6227106227106227,0.487012987012987,0.017289377289377295,0.05298701298701303
593334,2018,120,2018-07-27,0.6,0.4,0.6128133704735376,0.4634146341463415,-0.012813370473537589,-0.06341463414634146
593334,2019,30,2019-04-19,,,0.5945945945945946,0.5609756097560976,,
593334,2019,60,2019-05-19,0.63,0.46,0.605,0.4727272727272727,0.025000000000000022,-0.012727272727272698
593334,2019,90,2019-06-18,0.56,0.48,0.5876288659793815,0.4695121951219512,-0.027628865979381412,0.01048780487804879
593334,2019,120,2019-07-18,0.66,0.46,0.6134453781512605,0.472636815920398,0.046554621848739486,-0.012636815920398003
593334,2021,30,2021-05-01,,,0.6136363636363636,0.4318181818181818,,
593334,2021,60,2021-05-31,0.62,0.46,0.6089108910891089,0.4519230769230769,0.011089108910891099,0.008076923076923093
593334,2021,90,2021-06-30,0.63,0.32,0.639751552795031,0.4023668639053254,-0.009751552795031038,-0.08236686390532538
593334,2021,120,2021-07-30,0.59,0.48,0.634020618556701,0.4347826086956521,-0.04402061855670103,0.045217391304347876
593334,2022,120,2022-08-05,,,0.6349206349206349,0.3225806451612903,,
593334,2023,30,2023-04-29,0.64,0.52,0.6448598130841121,0.559322033898305,-0.004859813084112097,-0.03932203389830502
593334,2023,60,2023-05-29,0.68,0.38,0.6589861751152074,0.4732142857142857,0.021013824884792642,-0.0932142857142857
593334,2023,90,2023-06-28,0.58,0.44,0.6456456456456456,0.4561403508771929,-0.06564564564564568,-0.0161403508771929
594902,2023,60,2023-05-29,,,0.5909090909090909,0.4864864864864865,,
594902,2023,90,2023-06-28,0.62,0.54,0.6153846153846154,0.5056179775280899,0.004615384615384577,0.034382022471910134
594902,2023,120,2023-07-28,0.59,0.44,0.6107142857142858,0.4881889763779528,-0.020714285714285796,-0.048188976377952775
594902,2024,30,2024-04-27,,,,,,
594902,2024,60,2024-05-27,0.56,0.4,0.5714285714285714,0.4526315789473684,-0.011428571428571344,-0.05263157894736836
594902,2024,90,2024-06-26,0.62,0.32,0.6007604562737643,0.4028776978417266,0.01923954372623571,-0.0828776978417266
594902,2024,120,2024-07-26,0.71,0.36,0.6345679012345679,0.4018691588785046,0.07543209876543211,-0.04186915887850462
594902,2025,30,2025-04-26,0.61,0.32,0.6349206349206349,0.3194444444444444,-0.0249206349206349,0.0005555555555555869
605276,2018,60,2018-05-28,,,0.6438356164383562,0.2941176470588235,,
605276,2018,90,2018-06-27,0.67,0.24,0.6593406593406593,0.2555555555555555,0.01065934065934071,-0.01555555555555549
605276,2018,120,2018-07-27,0.57,0.28,0.6409090909090909,0.2692307692307692,-0.07090909090909092,0.010769230769230809
605276,2019,30,2019-04-19,,,0.6,0.3571428571428571,,
605276,2019,60,2019-05-19,0.61,0.36,0.5895953757225434,0.3837209302325581,0.020404624277456596,-0.023720930232558113
605276,2019,90,2019-06-18,0.65,0.3,0.6033333333333334,0.3605442176870748,0.046666666666666634,-0.0605442176870748
605276,2019,120,2019-07-18,0.66,0.3,0.6121794871794872,0.3642384105960264,0.047820512820512806,-0.06423841059602642
605452,2021,30,2021-05-01,,,0.6590909090909091,0.375,,
605452,2021,60,2021-05-31,0.61,0.42,0.6197183098591549,0.3983050847457627,-0.009718309859154894,0.02169491525423728
605452,2021,90,2021-06-30,0.7,0.56,0.6480938416422287,0.435754189944134,0.05190615835777124,0.12424581005586605
605452,2021,120,2021-07-30,0.64,0.56,0.6401028277634961,0.4558823529411764,-0.00010282776349612721,0.10411764705882365
605452,2024,30,2024-04-27,0.59,0.44,0.5916666666666667,0.4339622641509434,-0.0016666666666667052,0.006037735849056591
605452,2024,60,2024-05-27,0.61,0.34,0.6256684491978609,0.3888888888888889,-0.015668449197860923,-0.04888888888888887
605452,2024,90,2024-06-26,0.61,0.34,0.6256684491978609,0.3888888888888889,-0.015668449197860923,-0.04888888888888887
605452,2024,120,2024-07-26,0.61,0.34,0.6256684491978609,0.3888888888888889,-0.015668449197860923,-0.04888888888888887
605538,2018,30,2018-04-28,,,,,,
605538,2022,30,2022-05-07,,,0.6491228070175439,0.3714285714285714,,
605538,2022,60,2022-06-06,0.69,0.32,0.6727272727272727,0.34375,0.017272727272727217,-0.023749999999999993
605538,2022,90,2022-07-06,0.64,0.34,0.6423841059602649,0.3296703296703296,-0.0023841059602648373,0.010329670329670415
621107,2018,60,2018-05-28,,,0.5978260869565217,0.5227272727272727,,
621107,2018,90,2018-06-27,0.68,0.44,0.6367521367521367,0.4516129032258064,0.04324786324786334,-0.011612903225806381
621107,2018,120,2018-07-27,0.69,0.34,0.6385135135135135,0.41875,0.05148648648648646,-0.07874999999999999
621107,2019,30,2019-04-19,,,0.6989247311827957,0.425531914893617,,
621107,2019,60,2019-05-19,0.7,0.38,0.6960352422907489,0.3813559322033898,0.003964757709251088,-0.0013559322033898091
621107,2019,90,2019-06-18,0.67,0.46,0.6869300911854104,0.4024390243902439,-0.016930091185410334,0.05756097560975609
621107,2019,120,2019-07-18,0.66,0.42,0.6805251641137856,0.4074074074074074,-0.020525164113785577,0.0125925925925926
621107,2021,30,2021-05-01,0.68,0.38,0.71875,0.45,-0.03874999999999995,-0.07
621107,2021,60,2021-05-31,0.65,0.44,0.6654676258992805,0.4722222222222222,-0.015467625899280524,-0.03222222222222221
621107,2021,90,2021-06-30,0.62,0.38,0.6525198938992043,0.4507772020725388,-0.03251989389920429,-0.07077720207253879
621107,2022,30,2022-05-07,0.6,0.32,0.5980392156862745,0.3214285714285714,0.0019607843137254832,-0.0014285714285713902
621107,2022,60,2022-06-06,0.7,0.44,0.6507177033492823,0.3947368421052631,0.049282296650717705,0.045263157894736894
621107,2023,30,2023-04-29,,,0.6162790697674418,0.4883720930232558,,
621107,2023,60,2023-05-29,0.58,0.46,0.6208530805687204,0.4903846153846153,-0.04085308056872039,-0.030384615384615288
621107,2023,90,2023-06-28,0.69,0.46,0.6480446927374302,0.4864864864864865,0.041955307262569796,-0.026486486486486494
621107,2023,120,2023-07-28,0.68,0.42,0.6558441558441559,0.4771784232365145,0.024155844155844153,-0.05717842323651451
621107,2024,30,2024-04-27,0.68,0.44,0.6756756756756757,0.4761904761904761,0.004324324324324391,-0.036190476190476106
621107,2024,60,2024-05-27,0.68,0.3,0.6747967479674797,0.411214953271028,0.005203252032520367,-0.11121495327102804
621107,2024,90,2024-06-26,0.68,0.44,0.6735905044510386,0.4144736842105263,0.006409495548961419,0.025526315789473675
621107,2024,120,2024-07-26,0.69,0.34,0.6782608695652174,0.4009216589861751,0.011739130434782585,-0.060921658986175076
621107,2025,30,2025-04-26,,,0.6323529411764706,,,
621107,2025,60,2025-05-26,0.63,0.32,0.6376811594202898,0.3103448275862069,-0.007681159420289796,0.0096551724137931
621107,2025,90,2025-06-25,0.64,0.42,0.648854961832061,0.3652173913043478,-0.008854961832061026,0.05478260869565216
621107,2025,120,2025-07-25,0.64,0.36,0.6388888888888888,0.3587786259541984,0.0011111111111111738,0.001221374045801582
624522,2022,60,2022-06-06,0.62,0.36,0.5932203389830508,0.391304347826087,0.026779661016949174,-0.03130434782608699
624522,2022,90,2022-07-06,0.56,0.48,0.5850340136054422,0.4076433121019108,-0.025034013605442107,0.07235668789808919
624522,2022,120,2022-08-05,0.54,0.36,0.5728900255754475,0.3951219512195122,-0.03289002557544751,-0.035121951219512226
626929,2021,60,2021-05-31,,,0.603448275862069,0.15625,,
626929,2021,90,2021-06-30,,,0.603448275862069,0.15625,,
626929,2021,120,2021-07-30,,,0.603448275862069,0.15625,,
641482,2021,120,2021-07-30,0.62,0.48,0.65625,0.4936708860759494,-0.036250000000000004,-0.013670886075949407
641482,2022,30,2022-05-07,,0.48,0.6804123711340206,0.492063492063492,,-0.012063492063491998
641482,2022,60,2022-06-06,0.73,0.38,0.7117903930131004,0.4755244755244755,0.01820960698689955,-0.09552447552447552
641482,2022,90,2022-07-06,0.65,0.42,0.6957831325301205,0.446078431372549,-0.04578313253012045,-0.026078431372549005
641482,2022,120,2022-08-05,0.63,0.4,0.6816143497757847,0.4356060606060606,-0.05161434977578472,-0.035606060606060586
641482,2023,30,2023-04-29,0.61,0.42,0.591304347826087,0.417910447761194,0.018695652173913002,0.0020895522388059695
641482,2023,60,2023-05-29,0.74,0.38,0.6593886462882096,0.4076923076923077,0.0806113537117904,-0.027692307692307683
641482,2023,90,2023-06-28,0.71,0.4,0.6521739130434783,0.4041095890410959,0.057826086956521694,-0.0041095890410958735
641482,2023,120,2023-07-28,0.71,0.4,0.6521739130434783,0.4041095890410959,0.057826086956521694,-0.0041095890410958735
641482,2024,30,2024-04-27,0.6,0.46,0.6344827586206897,0.4210526315789473,-0.034482758620689724,0.03894736842105273
641482,2024,60,2024-05-27,0.57,0.44,0.5977443609022557,0.4335664335664335,-0.027744360902255738,0.006433566433566518
641482,2024,90,2024-06-26,0.59,0.36,0.5911330049261084,0.4144144144144144,-0.0011330049261084607,-0.054414414414414414
641482,2024,120,2024-07-26,0.6,0.32,0.5857418111753372,0.4020979020979021,0.014258188824662787,-0.08209790209790208
641482,2025,30,2025-04-26,,,,,,
641482,2025,60,2025-05-26,,,,,,
641482,2025,90,2025-06-25,,,,,,
641482,2025,120,2025-07-25,,,,,,
641771,2018,30,2018-04-28,0.51,0.44,0.5327868852459017,0.4098360655737705,-0.022786885245901667,0.0301639344262295
641771,2018,60,2018-05-28,0.66,0.46,0.5665399239543726,0.4274809160305343,0.09346007604562745,0.032519083969465734
641771,2021,30,2021-05-01,,,0.4473684210526316,0.358974358974359,,
641771,2021,60,2021-05-31,,0.38,0.5052631578947369,0.3725490196078431,,0.007450980392156914
641771,2021,90,2021-06-30,0.56,0.32,0.5320197044334976,0.3398058252427184,0.0279802955665025,-0.0198058252427184
641771,2022,30,2022-05-07,0.57,,0.5803571428571429,0.4680851063829787,-0.010357142857142954,
641771,2022,60,2022-06-06,0.57,0.22,0.5796460176991151,0.3693693693693693,-0.009646017699115106,-0.14936936936936931
641771,2022,90,2022-07-06,0.61,0.36,0.5971428571428572,0.3619631901840491,0.01285714285714279,-0.001963190184049113
641771,2022,120,2022-08-05,0.56,0.34,0.5878524945770065,0.3534883720930232,-0.027852494577006448,-0.013488372093023171
641816,2018,30,2018-04-28,0.66,0.48,0.6434782608695652,0.4696969696969697,0.016521739130434865,0.010303030303030258
641816,2018,60,2018-05-28,0.58,0.3,0.5984251968503937,0.4148148148148148,-0.018425196850393788,-0.11481481481481481
641816,2018,90,2018-06-27,0.64,0.38,0.6081081081081081,0.391304347826087,0.0318918918918919,-0.011304347826086969
641816,2018,120,2018-07-27,0.65,0.26,0.6192468619246861,0.3837638376383764,0.03075313807531388,-0.1237638376383764
641816,2019,30,2019-04-19,,,0.6521739130434783,0.4285714285714285,,
641816,2019,60,2019-05-19,0.67,0.52,0.6682692307692307,0.4608695652173913,0.0017307692307693134,0.05913043478260871
641816,2019,90,2019-06-18,0.68,0.44,0.6666666666666666,0.4556962025316455,0.01333333333333342,-0.015696202531645498
641816,2019,120,2019-07-18,0.66,0.4,0.672289156626506,0.4347826086956521,-0.012289156626505982,-0.034782608695652084
641816,2021,30,2021-05-01,0.61,0.46,0.6176470588235294,0.5070422535211268,-0.007647058823529451,-0.04704225352112673
641816,2021,60,2021-05-31,0.6,0.34,0.6244541484716157,0.4507042253521127,-0.024454148471615755,-0.11070422535211266
641816,2021,90,2021-06-30,0.59,0.54,0.6210826210826211,0.4837209302325581,-0.031082621082621165,0.05627906976744196
641816,2021,120,2021-07-30,0.68,0.42,0.6321353065539113,0.4714285714285714,0.04786469344608879,-0.051428571428571435
641816,2022,30,2022-05-07,0.58,0.32,0.5867768595041323,0.3714285714285714,-0.006776859504132315,-0.05142857142857138
641816,2022,60,2022-06-06,0.57,0.48,0.5931558935361216,0.4266666666666667,-0.023155893536121686,0.05333333333333329
641816,2022,90,2022-07-06,0.67,0.44,0.6161616161616161,0.4415584415584415,0.05383838383838391,-0.0015584415584414812
641816,2022,120,2022-08-05,0.59,0.44,0.6112311015118791,0.4440298507462686,-0.021231101511879125,-0.004029850746268604
641816,2025,30,2025-04-26,0.65,0.36,0.6178861788617886,0.3661971830985915,0.032113821138211374,-0.006197183098591519
641816,2025,60,2025-05-26,0.62,0.22,0.614406779661017,0.3157894736842105,0.005593220338983018,-0.09578947368421051
641816,2025,90,2025-06-25,0.68,0.3,0.6375404530744336,0.3216374269005848,0.042459546925566416,-0.02163742690058479
641816,2025,120,2025-07-25,0.68,0.3,0.6375404530744336,0.3216374269005848,0.042459546925566416,-0.02163742690058479
641816,2026,30,2026-04-25,0.56,0.42,0.5350877192982456,0.4126984126984127,0.02491228070175444,0.007301587301587309
641816,2026,59,2026-05-22,0.54,0.52,0.5391304347826087,0.453781512605042,0.0008695652173913437,0.066218487394958
656353,2022,60,2022-06-06,,,0.6081081081081081,0.2857142857142857,,
656353,2022,90,2022-07-06,,,0.6081081081081081,0.2857142857142857,,
656353,2022,120,2022-08-05,,,0.6081081081081081,0.2857142857142857,,
657024,2019,60,2019-05-19,0.64,0.28,0.6408450704225352,0.3529411764705882,-0.0008450704225352323,-0.07294117647058818
657024,2019,90,2019-06-18,0.64,0.28,0.6408450704225352,0.3529411764705882,-0.0008450704225352323,-0.07294117647058818
657024,2019,120,2019-07-18,0.62,0.28,0.6357615894039735,0.3466666666666667,-0.01576158940397354,-0.06666666666666665
661269,2021,90,2021-06-30,0.63,0.34,0.6470588235294118,0.3614457831325301,-0.017058823529411793,-0.021445783132530094
661269,2021,120,2021-07-30,0.53,0.26,0.6052631578947368,0.3255813953488372,-0.07526315789473681,-0.06558139534883717
661269,2022,30,2022-05-07,0.55,,0.5514018691588785,0.2653061224489796,-0.0014018691588784105,
663465,2021,90,2021-06-30,0.58,0.4,0.5761904761904761,0.4224137931034483,0.003809523809523818,-0.022413793103448265
663465,2021,120,2021-07-30,0.64,0.3,0.6068111455108359,0.4,0.03318885448916409,-0.10000000000000003
663554,2021,30,2021-05-01,0.69,0.34,0.6695652173913044,0.3703703703703703,0.02043478260869558,-0.03037037037037027
663554,2021,60,2021-05-31,0.6,0.48,0.625531914893617,0.408695652173913,-0.025531914893617058,0.07130434782608697
663554,2021,90,2021-06-30,0.58,0.36,0.6149584487534626,0.4057142857142857,-0.034958448753462656,-0.04571428571428571
663554,2021,120,2021-07-30,0.56,0.38,0.6066666666666667,0.4027777777777778,-0.046666666666666634,-0.022777777777777786
663554,2024,30,2024-04-27,0.68,0.28,0.6814159292035398,0.2903225806451613,-0.001415929203539723,-0.010322580645161283
663554,2024,60,2024-05-27,0.67,0.32,0.6818181818181818,0.3008849557522124,-0.011818181818181728,0.019115044247787594
663554,2024,90,2024-06-26,0.66,0.36,0.6747720364741642,0.3163841807909605,-0.01477203647416414,0.04361581920903951
663554,2024,120,2024-07-26,0.69,0.36,0.6801152737752162,0.3068783068783068,0.009884726224783758,0.05312169312169318
663554,2025,30,2025-04-26,0.74,0.4,0.7142857142857143,0.4181818181818181,0.02571428571428569,-0.018181818181818077
663554,2025,60,2025-05-26,0.7,0.46,0.6931216931216931,0.4361702127659574,0.006878306878306817,0.02382978723404261
663554,2025,90,2025-06-25,0.71,0.42,0.695364238410596,0.4266666666666667,0.01463576158940394,-0.00666666666666671
663554,2025,120,2025-07-25,0.66,0.42,0.6835443037974683,0.4205128205128205,-0.023544303797468302,-0.0005128205128205332
663554,2026,30,2026-04-25,0.62,0.54,0.6134453781512605,0.5614035087719298,0.00655462184873945,-0.021403508771929758
663554,2026,59,2026-05-22,0.63,0.46,0.630057803468208,0.5058823529411764,-5.780346820805082e-05,-0.04588235294117643
663568,2025,60,2025-05-26,0.6,,0.6,0.4772727272727273,0.0,
663568,2025,90,2025-06-25,0.6,0.32,0.6049382716049383,0.3620689655172414,-0.004938271604938316,-0.042068965517241375
663568,2025,120,2025-07-25,0.65,0.38,0.6242038216560509,0.375,0.025796178343949094,0.0050000000000000044
663568,2026,59,2026-05-22,,,0.6376811594202898,0.3636363636363636,,
664285,2019,90,2019-06-18,0.67,0.46,0.6481481481481481,0.5,0.0218518518518519,-0.03999999999999998
664285,2019,120,2019-07-18,0.54,0.52,0.6069868995633187,0.4639175257731959,-0.06698689956331871,0.056082474226804124
664285,2021,90,2021-06-30,0.5,0.46,0.5161290322580645,0.4929577464788732,-0.016129032258064502,-0.03295774647887317
664285,2021,120,2021-07-30,0.52,0.42,0.5244299674267101,0.4680851063829787,-0.004429967426710091,-0.04808510638297869
664285,2022,30,2022-05-07,0.63,0.34,0.572463768115942,0.3611111111111111,0.05753623188405799,-0.02111111111111108
664285,2022,60,2022-06-06,0.65,0.46,0.6107142857142858,0.3985507246376811,0.03928571428571426,0.06144927536231892
664285,2022,90,2022-07-06,0.55,0.58,0.5936739659367397,0.4471153846153846,-0.04367396593673967,0.13288461538461538
664285,2022,120,2022-08-05,0.58,0.48,0.5858951175406871,0.4477611940298507,-0.005895117540687167,0.032238805970149276
664285,2023,30,2023-04-29,0.57,0.46,0.6037735849056604,0.4625,-0.0337735849056604,-0.0025000000000000022
664285,2023,60,2023-05-29,0.64,0.64,0.6153846153846154,0.5347222222222222,0.024615384615384595,0.1052777777777778
664285,2023,90,2023-06-28,0.51,0.48,0.5789473684210527,0.5288461538461539,-0.06894736842105265,-0.04884615384615387
664285,2023,120,2023-07-28,0.57,0.48,0.5764023210831721,0.5193798449612403,-0.00640232108317218,-0.03937984496124036
664285,2024,30,2024-04-27,,,0.58,,,
664285,2024,60,2024-05-27,0.58,0.38,0.6030150753768844,0.3917525773195876,-0.02301507537688441,-0.01175257731958762
664285,2024,90,2024-06-26,0.62,0.44,0.6036585365853658,0.4144736842105263,0.01634146341463416,0.025526315789473675
664285,2024,120,2024-07-26,0.6,0.54,0.609271523178808,0.4454545454545454,-0.009271523178807972,0.09454545454545465
664285,2025,30,2025-04-26,0.67,0.42,0.6510067114093959,0.4366197183098591,0.018993288590604118,-0.01661971830985909
664285,2025,60,2025-05-26,0.59,0.56,0.6057347670250897,0.4961240310077519,-0.01573476702508969,0.06387596899224818
664285,2025,90,2025-06-25,0.68,0.6,0.6265060240963856,0.5368421052631579,0.05349397590361449,0.06315789473684208
664285,2025,120,2025-07-25,0.56,0.5,0.6153846153846154,0.5308641975308642,-0.055384615384615365,-0.030864197530864224
664285,2026,30,2026-04-25,0.7,0.28,0.6959459459459459,0.3243243243243243,0.004054054054054013,-0.04432432432432426
664285,2026,59,2026-05-22,0.6,0.42,0.6585365853658537,0.3571428571428571,-0.05853658536585371,0.06285714285714289
669212,2021,90,2021-06-30,,,0.6533333333333333,0.475,,
669212,2021,120,2021-07-30,0.68,0.48,0.6861313868613139,0.4583333333333333,-0.00613138686131387,0.021666666666666667
676263,2025,60,2025-05-26,0.59,0.5,0.5727272727272728,0.4918032786885246,0.017272727272727217,0.008196721311475419
676263,2025,90,2025-06-25,0.6,0.44,0.5987654320987654,0.4691358024691358,0.0012345679012345512,-0.029135802469135774
676508,2025,90,2025-06-25,0.53,0.4,0.5666666666666667,0.4285714285714285,-0.036666666666666625,-0.02857142857142847
680573,2024,30,2024-04-27,,,,,,
680573,2024,60,2024-05-27,0.62,0.28,0.6805555555555556,0.3209876543209876,-0.060555555555555585,-0.040987654320987554
680573,2024,90,2024-06-26,0.62,0.36,0.6605839416058394,0.3566878980891719,-0.040583941605839446,0.0033121019108280914
680573,2024,120,2024-07-26,0.69,0.4,0.6703601108033241,0.3653846153846153,0.019639889196675808,0.034615384615384714
680573,2025,30,2025-04-26,0.63,0.42,0.616822429906542,0.4098360655737705,0.013177570093457991,0.010163934426229482
680573,2025,60,2025-05-26,0.54,0.32,0.5688622754491018,0.351063829787234,-0.028862275449101804,-0.031063829787233987
680573,2025,90,2025-06-25,0.55,0.32,0.576271186440678,0.3548387096774194,-0.02627118644067794,-0.034838709677419366
680573,2025,120,2025-07-25,0.61,0.38,0.5902140672782875,0.3583815028901734,0.019785932721712474,0.021618497109826607
680573,2026,30,2026-04-25,0.61,0.26,0.5739130434782609,0.2549019607843137,0.0360869565217391,0.005098039215686301
680573,2026,59,2026-05-22,0.59,0.18,0.5853658536585366,0.2307692307692307,0.004634146341463419,-0.050769230769230705
681857,2023,90,2023-06-28,0.62,0.44,0.6138613861386139,0.4375,0.006138613861386144,0.0025000000000000022
681857,2023,120,2023-07-28,0.59,0.36,0.6097560975609756,0.3983050847457627,-0.019756097560975627,-0.03830508474576272
681857,2024,30,2024-04-27,0.68,0.46,0.6585365853658537,0.4193548387096774,0.02146341463414636,0.04064516129032264
681857,2024,60,2024-05-27,0.66,0.36,0.6593886462882096,0.3949579831932773,0.0006113537117904411,-0.03495798319327731
681857,2024,90,2024-06-26,0.61,0.38,0.6436781609195402,0.3870967741935484,-0.033678160919540234,-0.007096774193548372
681857,2024,120,2024-07-26,0.58,0.4,0.6329411764705882,0.396551724137931,-0.05294117647058827,0.003448275862069028
681857,2025,30,2025-04-26,0.62,0.44,0.6293103448275862,0.4310344827586206,-0.009310344827586192,0.008965517241379395
681857,2025,60,2025-05-26,0.67,0.52,0.6305418719211823,0.4766355140186916,0.03945812807881777,0.04336448598130843
681857,2025,90,2025-06-25,0.67,0.52,0.6305418719211823,0.4766355140186916,0.03945812807881777,0.04336448598130843
683004,2024,60,2024-05-27,,,0.6909090909090909,,,
683004,2024,90,2024-06-26,,,0.6909090909090909,,,
683004,2024,120,2024-07-26,,,0.6909090909090909,,,
683004,2025,30,2025-04-26,,,,,,
683004,2025,60,2025-05-26,0.68,0.3,0.6162790697674418,0.3448275862068966,0.0637209302325582,-0.044827586206896586
683004,2025,90,2025-06-25,0.62,0.3,0.6115107913669064,0.3424657534246575,0.008489208633093548,-0.042465753424657526
683004,2025,120,2025-07-25,0.58,0.5,0.6005361930294906,0.3846153846153846,-0.020536193029490613,0.11538461538461542
683004,2026,30,2026-04-25,0.58,0.42,0.5535714285714286,0.453125,0.026428571428571357,-0.033125000000000016
683004,2026,59,2026-05-22,0.6,0.48,0.5714285714285714,0.4615384615384615,0.02857142857142858,0.018461538461538474
686563,2024,30,2024-04-27,,,0.6666666666666666,0.3823529411764705,,
686563,2024,60,2024-05-27,,,0.6666666666666666,0.3823529411764705,,
686563,2024,90,2024-06-26,0.63,0.38,0.6462585034013606,0.3918918918918919,-0.01625850340136059,-0.011891891891891881
686563,2024,120,2024-07-26,0.59,0.3,0.6231343283582089,0.352,-0.03313432835820895,-0.05199999999999999
686563,2025,30,2025-04-26,0.57,0.42,0.6056338028169014,0.391304347826087,-0.03563380281690143,0.02869565217391301
686563,2025,60,2025-05-26,0.6,0.36,0.6075949367088608,0.375,-0.0075949367088608,-0.015000000000000013
686563,2025,90,2025-06-25,0.59,0.36,0.604982206405694,0.3777777777777777,-0.014982206405694032,-0.017777777777777726
686563,2025,120,2025-07-25,0.64,0.42,0.6102564102564103,0.391304347826087,0.029743589743589705,0.02869565217391301
686790,2026,59,2026-05-22,,,0.6276595744680851,0.4883720930232558,,
690953,2025,90,2025-06-25,,0.24,0.6770833333333334,0.3157894736842105,,-0.07578947368421052
690953,2025,120,2025-07-25,0.63,0.24,0.6481481481481481,0.3333333333333333,-0.018148148148148135,-0.09333333333333332
690953,2026,59,2026-05-22,,0.44,0.7096774193548387,0.4509803921568627,,-0.010980392156862695
690997,2026,30,2026-04-25,0.6,0.54,0.5964912280701754,0.5205479452054794,0.0035087719298245723,0.019452054794520612
690997,2026,59,2026-05-22,0.65,0.44,0.6282051282051282,0.5,0.02179487179487183,-0.06
694477,2025,30,2025-04-26,0.65,0.36,0.6320754716981132,0.3703703703703703,0.017924528301886844,-0.010370370370370308
694477,2025,60,2025-05-26,0.71,0.44,0.6570247933884298,0.3983739837398374,0.05297520661157018,0.0416260162601626
694477,2025,90,2025-06-25,0.66,0.56,0.6574585635359116,0.4486486486486487,0.0025414364640884424,0.11135135135135138
694477,2025,120,2025-07-25,0.75,0.56,0.6691542288557214,0.4492753623188406,0.0808457711442786,0.11072463768115948
694477,2026,30,2026-04-25,,,0.5368421052631579,0.2244897959183673,,
694477,2026,59,2026-05-22,0.63,0.4,0.5963855421686747,0.3222222222222222,0.03361445783132533,0.07777777777777783
700712,2026,30,2026-04-25,,,0.45,0.4333333333333333,,
700712,2026,59,2026-05-22,0.49,0.4,0.4827586206896552,0.410958904109589,0.007241379310344798,-0.010958904109588996
702193,2026,59,2026-05-22,,0.34,0.6630434782608695,0.34,,0.0
282332,2018,30,2018-04-28,,,0.5555555555555556,0.2666666666666666,,
282332,2018,60,2018-05-28,0.6,0.34,0.5989847715736041,0.3090909090909091,0.0010152284263958977,0.03090909090909094
282332,2018,90,2018-06-27,0.64,0.42,0.6181818181818182,0.3351955307262569,0.021818181818181848,0.08480446927374308
282332,2018,120,2018-07-27,0.59,0.34,0.6087962962962963,0.3333333333333333,-0.01879629629629631,0.00666666666666671
282332,2019,30,2019-04-19,,,,,,
282332,2019,60,2019-05-19,0.61,0.36,0.618421052631579,0.3461538461538461,-0.008421052631578996,0.013846153846153897
282332,2019,90,2019-06-18,0.64,0.5,0.6285714285714286,0.4117647058823529,0.011428571428571455,0.08823529411764708
282332,2019,120,2019-07-18,0.61,0.54,0.6213872832369942,0.4470588235294118,-0.011387283236994228,0.09294117647058825
434628,2018,30,2018-04-28,0.67,0.3,0.6541353383458647,0.3090909090909091,0.01586466165413536,-0.009090909090909094
434628,2018,60,2018-05-28,0.61,0.38,0.6411149825783972,0.3228346456692913,-0.031114982578397177,0.057165354330708684
434628,2018,90,2018-06-27,0.65,0.36,0.6485849056603774,0.3243243243243243,0.0014150943396226134,0.0356756756756757
435221,2018,30,2018-04-28,0.73,0.36,0.6964285714285714,0.3584905660377358,0.033571428571428585,0.0015094339622641617
435221,2018,60,2018-05-28,0.7,0.38,0.6941176470588235,0.3688524590163934,0.00588235294117645,0.011147540983606596
468504,2018,30,2018-04-28,0.62,0.34,0.6074074074074074,0.3220338983050847,0.0125925925925926,0.017966101694915304
468504,2018,60,2018-05-28,0.61,0.46,0.6111111111111112,0.3636363636363636,-0.0011111111111111738,0.09636363636363643
468504,2018,90,2018-06-27,0.57,0.48,0.6030534351145038,0.4022988505747126,-0.03305343511450387,0.07770114942528739
468504,2018,120,2018-07-27,0.59,0.42,0.6011787819253438,0.4050632911392405,-0.011178781925343828,0.014936708860759484
468504,2019,30,2019-04-19,0.55,0.34,0.5576923076923077,0.375,-0.007692307692307665,-0.034999999999999976
468504,2019,60,2019-05-19,0.62,0.22,0.5813953488372093,0.2991452991452991,0.03860465116279066,-0.07914529914529908
468504,2019,90,2019-06-18,0.62,0.36,0.5780141843971631,0.3289473684210526,0.04198581560283687,0.031052631578947387
468504,2019,120,2019-07-18,0.62,0.44,0.5849056603773585,0.3564356435643564,0.035094339622641524,0.08356435643564358
502179,2021,90,2021-06-30,0.65,0.4,0.6204379562043796,0.3714285714285714,0.02956204379562044,0.028571428571428636
502179,2021,120,2021-07-30,0.62,0.36,0.6163265306122448,0.3622047244094488,0.003673469387755146,-0.0022047244094487994
502179,2022,90,2022-07-06,0.6,0.3,0.628140703517588,0.3495145631067961,-0.028140703517588017,-0.04951456310679608
502179,2022,120,2022-08-05,0.52,0.32,0.5925925925925926,0.3469387755102041,-0.07259259259259254,-0.02693877551020407
521655,2018,90,2018-06-27,0.56,0.34,0.5542857142857143,0.3267326732673267,0.005714285714285783,0.013267326732673335
521655,2019,60,2019-05-19,,0.4,0.5555555555555556,0.3684210526315789,,0.031578947368421095
521655,2019,90,2019-06-18,0.6,0.26,0.5753424657534246,0.3448275862068966,0.024657534246575352,-0.08482758620689657
521655,2019,120,2019-07-18,0.58,0.38,0.5692307692307692,0.3716814159292035,0.010769230769230753,0.008318584070796498
543208,2018,60,2018-05-28,,,0.703125,0.5142857142857142,,
543208,2018,90,2018-06-27,0.69,0.42,0.6936416184971098,0.4545454545454545,-0.0036416184971098664,-0.03454545454545449
543208,2018,120,2018-07-27,0.62,0.34,0.6743421052631579,0.4166666666666667,-0.05434210526315786,-0.07666666666666666
548389,2018,60,2018-05-28,0.73,0.54,0.6941176470588235,0.4854368932038835,0.035882352941176476,0.054563106796116534
548389,2018,90,2018-06-27,0.71,0.42,0.7096774193548387,0.4835164835164835,0.000322580645161219,-0.06351648351648354
548389,2018,120,2018-07-27,0.59,0.48,0.6798029556650246,0.4829059829059829,-0.08980295566502461,-0.002905982905982929
548389,2019,30,2019-04-19,0.7,0.46,0.7008547008547008,0.4464285714285714,-0.0008547008547008517,0.013571428571428623
548389,2019,60,2019-05-19,0.7,0.52,0.7086092715231788,0.4615384615384615,-0.008609271523178808,0.05846153846153851
548389,2019,90,2019-06-18,0.73,0.42,0.7244897959183674,0.4380952380952381,0.005510204081632608,-0.01809523809523811
548389,2019,120,2019-07-18,0.67,0.5,0.6976744186046512,0.437125748502994,-0.02767441860465114,0.06287425149700598
548389,2021,30,2021-05-01,,,,,,
548389,2021,60,2021-05-31,0.65,0.48,0.64375,0.4871794871794871,0.006249999999999978,-0.007179487179487132
548389,2021,90,2021-06-30,0.65,0.42,0.6521739130434783,0.4785714285714286,-0.0021739130434782483,-0.05857142857142861
548389,2021,120,2021-07-30,0.61,0.32,0.6371191135734072,0.4322916666666667,-0.02711911357340724,-0.11229166666666668
548389,2022,30,2022-05-07,,0.36,0.6836734693877551,0.36,,0.0
548389,2022,60,2022-06-06,0.67,0.38,0.6688311688311688,0.3780487804878049,0.0011688311688312636,0.0019512195121951237
548389,2022,90,2022-07-06,0.75,0.32,0.7035573122529645,0.3529411764705882,0.04644268774703553,-0.032941176470588196
548389,2022,120,2022-08-05,0.67,0.42,0.6895522388059702,0.3728813559322034,-0.019552238805970124,0.04711864406779659
548389,2023,30,2023-04-29,,,0.6527777777777778,0.358974358974359,,
548389,2023,60,2023-05-29,0.65,0.32,0.6506849315068494,0.3513513513513513,-0.00068493150684934,-0.03135135135135131
548389,2023,90,2023-06-28,0.66,0.32,0.6540880503144654,0.3580246913580246,0.0059119496855346565,-0.03802469135802461
548389,2023,120,2023-07-28,0.7,0.38,0.6746987951807228,0.3629032258064516,0.025301204819277112,0.01709677419354838
548389,2024,30,2024-04-27,0.65,0.32,0.6418918918918919,0.3571428571428571,0.008108108108108136,-0.03714285714285709
548389,2024,60,2024-05-27,0.69,0.24,0.6666666666666666,0.3181818181818182,0.023333333333333317,-0.07818181818181819
548389,2024,90,2024-06-26,0.69,0.24,0.6666666666666666,0.3181818181818182,0.023333333333333317,-0.07818181818181819
548389,2024,120,2024-07-26,0.63,0.26,0.6521739130434783,0.3193277310924369,-0.022173913043478266,-0.059327731092436886
572020,2018,30,2018-04-28,0.66,0.58,0.5886524822695035,0.5238095238095238,0.07134751773049652,0.056190476190476124
572020,2018,60,2018-05-28,0.66,0.5,0.6218181818181818,0.5454545454545454,0.038181818181818206,-0.045454545454545414
572020,2018,90,2018-06-27,0.65,0.58,0.6357142857142857,0.5447154471544715,0.014285714285714346,0.03528455284552845
572020,2018,120,2018-07-27,0.71,0.58,0.6493775933609959,0.5477031802120141,0.06062240663900409,0.03229681978798582
572020,2019,30,2019-04-19,,0.58,0.6391752577319587,0.5636363636363636,,0.016363636363636358
572020,2019,60,2019-05-19,0.61,0.54,0.6369426751592356,0.5306122448979592,-0.02694267515923565,0.009387755102040818
572020,2019,90,2019-06-18,0.64,0.38,0.6468085106382979,0.4863013698630137,-0.006808510638297904,-0.1063013698630137
572020,2019,120,2019-07-18,0.65,0.42,0.6460674157303371,0.4700460829493088,0.00393258426966292,-0.05004608294930879
572020,2023,60,2023-05-29,,,0.5,0.5,,
572020,2023,90,2023-06-28,0.61,0.52,0.5764705882352941,0.5142857142857142,0.03352941176470592,0.005714285714285783
572020,2023,120,2023-07-28,0.59,0.36,0.5930232558139535,0.4746835443037974,-0.0030232558139535737,-0.1146835443037974
572020,2024,30,2024-04-27,,,0.5955056179775281,0.2291666666666666,,
572020,2024,60,2024-05-27,0.65,0.26,0.6231884057971014,0.2477064220183486,0.02681159420289858,0.012293577981651399
572020,2024,90,2024-06-26,0.64,0.38,0.6333333333333333,0.2962962962962963,0.00666666666666671,0.08370370370370372
572020,2024,120,2024-07-26,0.63,0.34,0.6282051282051282,0.3058252427184466,0.0017948717948718107,0.03417475728155345
572362,2018,60,2018-05-28,0.62,0.44,0.6214285714285714,0.4393939393939394,-0.0014285714285714457,0.00060606060606061
572362,2018,90,2018-06-27,0.67,0.4,0.6507936507936508,0.4444444444444444,0.019206349206349227,-0.0444444444444444
572362,2018,120,2018-07-27,0.65,0.5,0.6447368421052632,0.4672897196261682,0.0052631578947368585,0.03271028037383178
592314,2018,30,2018-04-28,0.59,0.46,0.6074074074074074,0.4534883720930232,-0.017407407407407427,0.006511627906976847
592314,2018,60,2018-05-28,0.6,0.42,0.6147859922178989,0.4387096774193548,-0.014785992217898891,-0.01870967741935481
592314,2018,90,2018-06-27,0.66,0.52,0.6282420749279539,0.4597156398104265,0.03175792507204611,0.060284360189573505
592314,2018,120,2018-07-27,0.59,0.44,0.6191489361702127,0.4664310954063604,-0.029148936170212747,-0.026431095406360405
592314,2019,60,2019-05-19,0.63,0.32,0.6198347107438017,0.3333333333333333,0.010165289256198307,-0.013333333333333308
592314,2019,90,2019-06-18,0.62,0.46,0.6192468619246861,0.417391304347826,0.0007531380753138528,0.04260869565217401
592314,2019,120,2019-07-18,0.6,0.34,0.6230769230769231,0.4,-0.023076923076923106,-0.06
592314,2021,30,2021-05-01,0.62,0.4,0.6379310344827587,0.4333333333333333,-0.01793103448275868,-0.03333333333333327
592314,2021,60,2021-05-31,0.66,0.22,0.6349809885931559,0.3464566929133858,0.02501901140684415,-0.12645669291338582
592314,2021,90,2021-06-30,0.62,0.32,0.6310160427807486,0.3297872340425531,-0.011016042780748636,-0.009787234042553106
592314,2021,120,2021-07-30,0.65,0.42,0.6304347826086957,0.3422222222222222,0.019565217391304346,0.07777777777777778
592499,2018,90,2018-06-27,0.56,0.36,0.5354330708661418,0.3278688524590163,0.024566929133858273,0.03213114754098367
592499,2018,120,2018-07-27,0.56,0.36,0.5434782608695652,0.3283582089552239,0.016521739130434865,0.0316417910447761
592716,2019,60,2019-05-19,0.69,0.22,0.6344086021505376,0.2857142857142857,0.05559139784946232,-0.0657142857142857
592716,2019,90,2019-06-18,0.56,0.58,0.5981873111782477,0.4025974025974026,-0.038187311178247696,0.17740259740259734
592716,2019,120,2019-07-18,0.63,0.36,0.6042154566744731,0.392156862745098,0.025784543325526932,-0.03215686274509799
592716,2022,90,2022-07-06,,,0.5764705882352941,0.3877551020408163,,
592716,2022,120,2022-08-05,0.55,0.28,0.574585635359116,0.3298969072164948,-0.024585635359115954,-0.04989690721649476
593679,2019,90,2019-06-18,0.59,0.2,0.6105263157894737,0.3157894736842105,-0.020526315789473726,-0.1157894736842105
593679,2019,120,2019-07-18,0.58,0.18,0.6086956521739131,0.2761194029850746,-0.028695652173913122,-0.0961194029850746
605400,2018,30,2018-04-28,0.66,0.34,0.6756756756756757,0.3636363636363636,-0.015675675675675627,-0.023636363636363567
605400,2018,60,2018-05-28,0.66,0.4,0.656934306569343,0.4177215189873418,0.0030656934306569905,-0.017721518987341756
605400,2018,90,2018-06-27,0.74,0.44,0.6758793969849246,0.4355555555555555,0.06412060301507538,0.004444444444444529
605400,2018,120,2018-07-27,0.8,0.4,0.7015209125475285,0.4411764705882353,0.09847908745247158,-0.04117647058823526
605400,2019,30,2019-04-19,,,0.4827586206896552,0.4042553191489361,,
605400,2019,60,2019-05-19,0.64,0.46,0.5641025641025641,0.4411764705882353,0.07589743589743592,0.01882352941176474
605400,2019,90,2019-06-18,0.58,0.4,0.5789473684210527,0.4368932038834951,0.001052631578947305,-0.036893203883495096
605400,2019,120,2019-07-18,0.59,0.46,0.5954198473282443,0.4584717607973422,-0.005419847328244298,0.0015282392026578218
605400,2021,30,2021-05-01,0.65,0.46,0.6423841059602649,0.4534883720930232,0.0076158940397351715,0.006511627906976847
605400,2021,60,2021-05-31,0.67,0.54,0.6592592592592592,0.4871794871794871,0.010740740740740828,0.05282051282051292
605400,2021,90,2021-06-30,0.71,0.56,0.6716417910447762,0.4876033057851239,0.038358208955223794,0.07239669421487616
605400,2021,120,2021-07-30,0.69,0.44,0.6763485477178424,0.4827586206896552,0.013651452282157583,-0.04275862068965519
605400,2022,30,2022-05-07,0.71,0.52,0.7218045112781954,0.5125,-0.011804511278195484,0.007500000000000062
605400,2022,60,2022-06-06,0.64,0.5,0.678030303030303,0.5096774193548387,-0.03803030303030297,-0.009677419354838679
605400,2022,90,2022-07-06,0.73,0.4,0.6935483870967742,0.4741035856573705,0.03645161290322574,-0.07410358565737046
605400,2022,120,2022-08-05,0.7,0.52,0.6992619926199262,0.4778481012658228,0.0007380073800737907,0.04215189873417724
605400,2023,30,2023-04-29,0.62,0.34,0.6394557823129252,0.3636363636363636,-0.01945578231292522,-0.023636363636363567
605400,2023,60,2023-05-29,0.62,0.46,0.6214285714285714,0.4081632653061224,-0.0014285714285714457,0.05183673469387762
605400,2023,90,2023-06-28,0.66,0.38,0.6357308584686775,0.425,0.024269141531322536,-0.044999999999999984
605400,2023,120,2023-07-28,0.67,0.44,0.6462962962962963,0.4403973509933774,0.023703703703703782,-0.0003973509933773989
605400,2024,30,2024-04-27,0.68,0.58,0.6242038216560509,0.5142857142857142,0.05579617834394912,0.06571428571428573
605400,2024,60,2024-05-27,0.72,0.4,0.6549295774647887,0.4642857142857143,0.06507042253521123,-0.06428571428571428
605400,2024,90,2024-06-26,0.67,0.38,0.654228855721393,0.4405940594059406,0.01577114427860704,-0.06059405940594059
605400,2024,120,2024-07-26,0.66,0.5,0.6545801526717557,0.4578754578754578,0.005419847328244298,0.0421245421245422
605400,2025,30,2025-04-26,0.58,0.42,0.5634920634920635,0.4428571428571428,0.01650793650793647,-0.022857142857142798
605400,2025,60,2025-05-26,0.66,0.34,0.6181818181818182,0.4094488188976378,0.041818181818181865,-0.06944881889763777
605400,2025,90,2025-06-25,0.66,0.34,0.6181818181818182,0.4094488188976378,0.041818181818181865,-0.06944881889763777
605400,2025,120,2025-07-25,0.66,0.34,0.6181818181818182,0.4094488188976378,0.041818181818181865,-0.06944881889763777
605400,2026,30,2026-04-25,0.62,0.52,0.6347826086956522,0.5370370370370371,-0.014782608695652177,-0.017037037037037073
605400,2026,59,2026-05-22,0.65,0.32,0.6444444444444445,0.4473684210526316,0.005555555555555536,-0.12736842105263158
621112,2018,90,2018-06-27,,,0.5194805194805194,0.3548387096774194,,
621112,2022,30,2022-05-07,,,0.717391304347826,0.4893617021276595,,
621112,2022,60,2022-06-06,0.66,0.32,0.6609442060085837,0.3963963963963964,-0.0009442060085836923,-0.0763963963963964
621112,2022,90,2022-07-06,0.59,0.4,0.6320224719101124,0.3964497041420118,-0.042022471910112436,0.003550295857988217
621112,2023,90,2023-06-28,0.65,0.5,0.6666666666666666,0.4430379746835443,-0.016666666666666607,0.05696202531645572
621112,2023,120,2023-07-28,0.56,0.36,0.6380090497737556,0.4152542372881356,-0.07800904977375556,-0.05525423728813561
621112,2024,30,2024-04-27,0.54,0.4,0.5702479338842975,0.3709677419354839,-0.030247933884297473,0.029032258064516148
621112,2024,60,2024-05-27,0.58,0.38,0.582010582010582,0.375,-0.0020105820105820182,0.0050000000000000044
621112,2024,90,2024-06-26,0.58,0.38,0.582010582010582,0.375,-0.0020105820105820182,0.0050000000000000044
621112,2024,120,2024-07-26,0.53,0.4,0.5550239234449761,0.3725490196078431,-0.02502392344497606,0.027450980392156932
621112,2025,90,2025-06-25,,,0.5595238095238095,0.2954545454545454,,
623167,2021,30,2021-05-01,0.57,0.36,0.5877192982456141,0.3684210526315789,-0.017719298245614135,-0.00842105263157894
623167,2021,60,2021-05-31,0.63,0.18,0.6237623762376238,0.303030303030303,0.006237623762376243,-0.12303030303030299
623167,2021,90,2021-06-30,0.71,0.38,0.647239263803681,0.3270440251572327,0.06276073619631894,0.05295597484276732
623167,2021,120,2021-07-30,0.65,0.28,0.6494382022471911,0.323943661971831,0.0005617977528089568,-0.04394366197183097
623167,2022,30,2022-05-07,0.58,,0.5739130434782609,0.3469387755102041,0.006086956521739073,
623167,2022,60,2022-06-06,0.62,0.46,0.5983263598326359,0.404040404040404,0.02167364016736406,0.05595959595959604
623167,2022,90,2022-07-06,0.63,0.36,0.6046511627906976,0.3666666666666666,0.025348837209302366,-0.006666666666666599
623167,2022,120,2022-08-05,0.55,0.34,0.5899581589958159,0.3518518518518518,-0.039958158995815896,-0.01185185185185178
623167,2023,30,2023-04-29,0.63,0.24,0.6176470588235294,0.2321428571428571,0.012352941176470567,0.007857142857142896
623167,2023,60,2023-05-29,0.63,0.34,0.6148648648648649,0.2839506172839506,0.015135135135135092,0.05604938271604942
623167,2023,90,2023-06-28,0.69,0.32,0.6530612244897959,0.2772277227722772,0.03693877551020408,0.04277227722772281
623167,2023,120,2023-07-28,0.69,0.32,0.6530612244897959,0.2772277227722772,0.03693877551020408,0.04277227722772281
623167,2024,30,2024-04-27,0.62,,0.6285714285714286,0.2954545454545454,-0.008571428571428563,
623167,2024,60,2024-05-27,0.59,0.38,0.6190476190476191,0.3271028037383177,-0.0290476190476191,0.05289719626168232
623167,2024,90,2024-06-26,0.62,0.28,0.6217008797653959,0.3277777777777778,-0.0017008797653959018,-0.04777777777777775
623167,2024,120,2024-07-26,0.54,0.32,0.6060606060606061,0.3195020746887966,-0.06606060606060604,0.0004979253112034066
625643,2018,30,2018-04-28,0.65,0.36,0.6377952755905512,0.3676470588235294,0.012204724409448864,-0.007647058823529396
625643,2018,60,2018-05-28,0.65,0.34,0.6388888888888888,0.35,0.011111111111111183,-0.009999999999999953
625643,2018,90,2018-06-27,0.57,0.32,0.625,0.3401015228426396,-0.05500000000000005,-0.020101522842639608
625643,2018,120,2018-07-27,0.55,0.28,0.6045197740112994,0.3282442748091603,-0.05451977401129937,-0.04824427480916027
625643,2019,30,2019-04-19,,0.34,0.5773195876288659,0.34,,0.0
625643,2019,60,2019-05-19,0.56,0.34,0.5806451612903226,0.4108527131782946,-0.020645161290322567,-0.07085271317829456
625643,2019,90,2019-06-18,0.5,0.38,0.5546448087431693,0.3846153846153846,-0.05464480874316935,-0.004615384615384577
625643,2019,120,2019-07-18,0.6,0.3,0.5634408602150538,0.368,0.03655913978494618,-0.068
625643,2024,30,2024-04-27,,0.48,0.5978260869565217,0.48,,0.0
625643,2024,60,2024-05-27,0.61,0.34,0.6059113300492611,0.4351851851851852,0.004088669950738866,-0.09518518518518515
625643,2024,90,2024-06-26,0.64,0.48,0.61198738170347,0.4682080924855491,0.028012618296530012,0.011791907514450861
625643,2024,120,2024-07-26,0.67,0.34,0.6265060240963856,0.4424778761061947,0.04349397590361448,-0.10247787610619469
625643,2026,59,2026-05-22,0.57,0.46,0.5757575757575758,0.4285714285714285,-0.00575757575757585,0.03142857142857153
641927,2021,90,2021-06-30,0.72,0.36,0.6981132075471698,0.3846153846153846,0.021886792452830206,-0.024615384615384595
641927,2021,120,2021-07-30,0.6,0.4,0.6721311475409836,0.3963963963963964,-0.0721311475409836,0.0036036036036036223
641927,2022,30,2022-05-07,,,0.6746987951807228,0.4324324324324324,,
641927,2022,60,2022-06-06,0.68,0.44,0.676056338028169,0.4142857142857143,0.003943661971831047,0.02571428571428569
641927,2022,90,2022-07-06,0.68,0.44,0.676056338028169,0.4142857142857143,0.003943661971831047,0.02571428571428569
641927,2022,120,2022-08-05,0.68,0.44,0.676056338028169,0.4142857142857143,0.003943661971831047,0.02571428571428569
641927,2023,30,2023-04-29,,,,,,
641927,2023,60,2023-05-29,0.67,0.42,0.6518987341772152,0.4021739130434782,0.018101265822784818,0.01782608695652177
641927,2023,90,2023-06-28,0.6,0.5,0.6436363636363637,0.4193548387096774,-0.043636363636363695,0.08064516129032262
641927,2023,120,2023-07-28,0.67,0.44,0.6585365853658537,0.4230769230769231,0.011463414634146352,0.01692307692307693
641927,2024,30,2024-04-27,0.73,0.5,0.7352941176470589,0.4545454545454545,-0.0052941176470588935,0.045454545454545525
641927,2024,60,2024-05-27,0.64,0.5,0.6826923076923077,0.45,-0.042692307692307696,0.04999999999999999
641927,2024,90,2024-06-26,0.68,0.5,0.6848484848484848,0.4438502673796791,-0.004848484848484769,0.056149732620320914
641927,2024,120,2024-07-26,0.69,0.5,0.6894117647058824,0.4602510460251046,0.0005882352941175562,0.03974895397489542
641927,2025,30,2025-04-26,0.67,0.42,0.6454545454545455,0.4107142857142857,0.024545454545454537,0.009285714285714286
641927,2025,60,2025-05-26,0.73,0.32,0.664,0.3622047244094488,0.06599999999999995,-0.04220472440944878
641927,2025,90,2025-06-25,0.64,0.38,0.6578947368421053,0.359375,-0.017894736842105297,0.020625000000000004
641927,2025,120,2025-07-25,0.65,0.38,0.6625916870415648,0.354066985645933,-0.01259168704156477,0.02593301435406703
641927,2026,30,2026-04-25,0.59,0.44,0.582089552238806,0.4090909090909091,0.007910447761193984,0.030909090909090886
641927,2026,59,2026-05-22,0.67,0.36,0.6180257510729614,0.3846153846153846,0.05197424892703861,-0.024615384615384595
642092,2021,30,2021-05-01,,,0.6533333333333333,0.2121212121212121,,
642092,2021,60,2021-05-31,0.61,0.3,0.627906976744186,0.2957746478873239,-0.017906976744186065,0.004225352112676106
642528,2018,90,2018-06-27,,,0.6666666666666666,0.4615384615384615,,
642528,2019,30,2019-04-19,,,,,,
642528,2019,60,2019-05-19,,,0.6129032258064516,0.3170731707317073,,
642528,2019,90,2019-06-18,,,0.6129032258064516,0.3170731707317073,,
642528,2019,120,2019-07-18,,,0.6129032258064516,0.3170731707317073,,
656302,2019,120,2019-07-18,,,0.6666666666666666,0.40625,,
656302,2021,30,2021-05-01,0.45,0.5,0.4571428571428571,0.453125,-0.007142857142857062,0.046875
656302,2021,60,2021-05-31,0.62,0.48,0.5363636363636364,0.5076923076923077,0.08363636363636362,-0.027692307692307683
656302,2021,90,2021-06-30,0.58,0.58,0.5508474576271186,0.5099009900990099,0.02915254237288134,0.07009900990099005
656302,2021,120,2021-07-30,0.57,0.5,0.5560253699788583,0.5111111111111111,0.013974630021141632,-0.011111111111111072
656302,2022,30,2022-05-07,0.59,0.58,0.5652173913043478,0.5595238095238095,0.024782608695652186,0.020476190476190426
656302,2022,60,2022-06-06,0.65,0.46,0.601593625498008,0.5436241610738255,0.04840637450199203,-0.08362416107382548
656302,2022,90,2022-07-06,0.63,0.58,0.6120218579234973,0.5482456140350878,0.017978142076502723,0.0317543859649122
656302,2022,120,2022-08-05,0.56,0.42,0.593320235756385,0.5238095238095238,-0.033320235756384986,-0.10380952380952385
656302,2023,30,2023-04-29,0.61,0.32,0.6382978723404256,0.4404761904761904,-0.02829787234042558,-0.1204761904761904
656302,2023,60,2023-05-29,0.62,0.38,0.6205673758865248,0.4146341463414634,-0.0005673758865247791,-0.03463414634146339
656302,2023,90,2023-06-28,0.65,0.64,0.6297229219143576,0.4641350210970464,0.020277078085642386,0.1758649789029536
656302,2023,120,2023-07-28,0.59,0.56,0.6180422264875239,0.4766666666666667,-0.02804222648752397,0.08333333333333337
656302,2024,30,2024-04-27,0.57,0.44,0.5827338129496403,0.4761904761904761,-0.012733812949640377,-0.036190476190476106
656302,2024,60,2024-05-27,0.66,0.62,0.6053639846743295,0.5157232704402516,0.05463601532567053,0.10427672955974843
656302,2024,90,2024-06-26,0.61,0.56,0.6075,0.5102040816326531,0.0024999999999999467,0.04979591836734698
656302,2024,120,2024-07-26,0.62,0.62,0.6042471042471043,0.536741214057508,0.015752895752895735,0.08325878594249203
656302,2025,30,2025-04-26,0.65,0.44,0.6323529411764706,0.4864864864864865,0.01764705882352946,-0.04648648648648651
656302,2025,60,2025-05-26,0.61,0.6,0.6129032258064516,0.5,-0.002903225806451637,0.09999999999999998
656302,2025,90,2025-06-25,0.64,0.54,0.6176470588235294,0.4954545454545455,0.022352941176470575,0.044545454545454555
656302,2025,120,2025-07-25,0.57,0.5,0.6086065573770492,0.5,-0.03860655737704921,0.0
656302,2026,30,2026-04-25,0.51,0.5,0.5135135135135135,0.5657894736842105,-0.0035135135135134776,-0.06578947368421051
656302,2026,59,2026-05-22,0.66,0.62,0.5892116182572614,0.5570469798657718,0.0707883817427386,0.06295302013422821
656548,2021,60,2021-05-31,,,0.5616438356164384,0.3043478260869565,,
656548,2021,90,2021-06-30,,0.34,0.5494505494505495,0.3653846153846153,,-0.025384615384615283
656731,2021,90,2021-06-30,,,,,,
656731,2021,120,2021-07-30,0.64,0.38,0.6666666666666666,0.4285714285714285,-0.026666666666666616,-0.04857142857142849
656731,2022,30,2022-05-07,0.66,0.48,0.6615384615384615,0.4729729729729729,-0.0015384615384614886,0.007027027027027066
656731,2022,60,2022-06-06,0.63,0.44,0.6388888888888888,0.4444444444444444,-0.008888888888888835,-0.0044444444444444176
656731,2023,30,2023-04-29,0.52,0.32,0.509090909090909,0.3584905660377358,0.01090909090909098,-0.03849056603773582
656731,2023,60,2023-05-29,0.56,0.4,0.5428571428571428,0.3805309734513274,0.017142857142857237,0.019469026548672608
656731,2023,90,2023-06-28,0.55,0.36,0.5396341463414634,0.3670886075949367,0.010365853658536595,-0.0070886075949367355
656731,2023,120,2023-07-28,0.55,0.36,0.5396341463414634,0.3670886075949367,0.010365853658536595,-0.0070886075949367355
656731,2024,60,2024-05-27,,,,,,
656731,2024,90,2024-06-26,0.52,0.48,0.5298013245033113,0.5058823529411764,-0.009801324503311282,-0.025882352941176467
656731,2024,120,2024-07-26,0.54,0.42,0.5397727272727273,0.49,0.00022727272727274261,-0.07
656731,2025,30,2025-04-26,0.56,0.5,0.5555555555555556,0.5084745762711864,0.004444444444444473,-0.008474576271186418
656731,2025,60,2025-05-26,0.66,0.64,0.6103286384976526,0.5641025641025641,0.04967136150234741,0.07589743589743592
657093,2021,120,2021-07-30,,0.28,0.5340909090909091,0.28,,0.0
657093,2022,30,2022-05-07,,,0.6326530612244898,0.25,,
657093,2022,60,2022-06-06,0.6,0.24,0.624113475177305,0.2258064516129032,-0.024113475177305,0.0141935483870968
657093,2022,90,2022-07-06,0.63,0.28,0.6298076923076923,0.2826086956521739,0.00019230769230771383,-0.0026086956521738647
657093,2022,120,2022-08-05,0.67,0.4,0.6425992779783394,0.32,0.02740072202166066,0.08000000000000002
663753,2021,120,2021-07-30,,,,,,
663992,2026,59,2026-05-22,,,0.6288659793814433,0.4166666666666667,,
669358,2022,90,2022-07-06,0.6,0.56,0.594059405940594,0.5490196078431373,0.005940594059405946,0.01098039215686275
669358,2024,120,2024-07-26,,,0.6470588235294118,0.4318181818181818,,
669358,2025,30,2025-04-26,0.62,0.52,0.6140350877192983,0.5217391304347826,0.0059649122807017285,-0.0017391304347825765
669358,2025,60,2025-05-26,0.6,0.32,0.6094420600858369,0.4369747899159664,-0.009442060085836923,-0.11697478991596638
669358,2025,90,2025-06-25,0.5,0.42,0.5909090909090909,0.4162162162162162,-0.09090909090909094,0.0037837837837838006
669358,2025,120,2025-07-25,0.59,0.52,0.5966735966735967,0.444,-0.006673596673596682,0.07600000000000001
669358,2026,30,2026-04-25,0.6,0.38,0.6111111111111112,0.365079365079365,-0.011111111111111183,0.014920634920635
669358,2026,59,2026-05-22,0.53,0.42,0.572,0.396694214876033,-0.041999999999999926,0.02330578512396697
671096,2023,90,2023-06-28,0.61,0.4,0.6434782608695652,0.410958904109589,-0.03347826086956518,-0.010958904109588996
671096,2023,120,2023-07-28,0.61,0.44,0.6176470588235294,0.4551724137931034,-0.007647058823529451,-0.015172413793103412
671096,2024,30,2024-04-27,0.61,0.32,0.6283185840707964,0.3278688524590163,-0.01831858407079645,-0.007868852459016307
671096,2024,60,2024-05-27,0.62,0.3,0.6244541484716157,0.3471074380165289,-0.004454148471615738,-0.04710743801652889
671096,2024,90,2024-06-26,0.56,0.42,0.6142857142857143,0.3670212765957447,-0.05428571428571427,0.0529787234042553
671096,2024,120,2024-07-26,0.62,0.3,0.613588110403397,0.3372549019607843,0.006411889596602993,-0.03725490196078429
671096,2025,30,2025-04-26,,,0.5245901639344263,0.6060606060606061,,
671096,2025,60,2025-05-26,0.62,0.44,0.5818181818181818,0.5056179775280899,0.038181818181818206,-0.0656179775280899
671096,2025,90,2025-06-25,0.73,0.32,0.6351351351351351,0.45,0.0948648648648649,-0.13
671096,2025,120,2025-07-25,0.64,0.32,0.6370558375634517,0.4230769230769231,0.00294416243654827,-0.10307692307692307
671096,2026,30,2026-04-25,0.51,0.28,0.5447761194029851,0.296875,-0.034776119402985084,-0.016874999999999973
671096,2026,59,2026-05-22,0.64,0.32,0.5766129032258065,0.3140495867768595,0.06338709677419352,0.005950413223140494
676050,2022,60,2022-06-06,,,,,,
676467,2025,60,2025-05-26,,,0.6666666666666666,0.4,,
676467,2025,90,2025-06-25,0.58,0.36,0.6184971098265896,0.3917525773195876,-0.038497109826589604,-0.03175257731958764
676467,2025,120,2025-07-25,0.67,0.3,0.6377952755905512,0.366412213740458,0.03220472440944888,-0.06641221374045803
680885,2024,90,2024-06-26,0.62,0.36,0.6260869565217392,0.3424657534246575,-0.006086956521739184,0.01753424657534247
680885,2024,120,2024-07-26,0.6,0.44,0.6150234741784038,0.3858267716535433,-0.015023474178403773,0.054173228346456714
680885,2025,30,2025-04-26,0.74,0.46,0.7096774193548387,0.4193548387096774,0.030322580645161246,0.04064516129032264
680885,2025,60,2025-05-26,0.67,0.42,0.6931407942238267,0.4184397163120567,-0.023140794223826644,0.001560283687943309
680885,2025,90,2025-06-25,0.72,0.48,0.6878048780487804,0.4481132075471698,0.03219512195121954,0.03188679245283016
681867,2024,30,2024-04-27,,,,,,
681867,2024,60,2024-05-27,0.7,0.38,0.6851851851851852,0.3428571428571428,0.014814814814814725,0.0371428571428572
681867,2024,90,2024-06-26,0.66,0.42,0.6605504587155964,0.3602941176470588,-0.0005504587155963359,0.059705882352941164
681867,2024,120,2024-07-26,0.6,0.26,0.6470588235294118,0.3253012048192771,-0.04705882352941182,-0.06530120481927709
683769,2023,30,2023-04-29,,,0.7191011235955056,0.3023255813953488,,
683769,2023,60,2023-05-29,0.68,0.28,0.6590909090909091,0.3174603174603174,0.020909090909090988,-0.03746031746031736
683769,2023,90,2023-06-28,0.66,0.3,0.6518518518518519,0.328125,0.008148148148148127,-0.02812500000000001
683769,2023,120,2023-07-28,0.66,0.3,0.6518518518518519,0.328125,0.008148148148148127,-0.02812500000000001
686799,2024,120,2024-07-26,,,,,,
686799,2025,30,2025-04-26,0.6,,0.6140350877192983,0.2653061224489796,-0.01403508771929829,
686799,2025,60,2025-05-26,0.57,0.4,0.6098484848484849,0.3389830508474576,-0.03984848484848491,0.06101694915254241
686799,2025,90,2025-06-25,0.56,0.38,0.5944444444444444,0.3511904761904761,-0.03444444444444439,0.028809523809523896
686799,2025,120,2025-07-25,0.59,0.34,0.6033254156769596,0.3457446808510638,-0.013325415676959662,-0.005744680851063777
686799,2026,30,2026-04-25,0.54,0.32,0.5327868852459017,0.2923076923076923,0.00721311475409836,0.027692307692307683
686799,2026,59,2026-05-22,0.57,0.44,0.5317460317460317,0.3565217391304348,0.03825396825396821,0.08347826086956522
687075,2026,30,2026-04-25,,,0.5684210526315789,0.4166666666666667,,
687075,2026,59,2026-05-22,0.56,0.42,0.5657142857142857,0.4270833333333333,-0.005714285714285672,-0.00708333333333333
689017,2024,30,2024-04-27,,,,,,
689017,2024,60,2024-05-27,,,0.5301204819277109,0.4324324324324324,,
689017,2024,90,2024-06-26,0.55,,0.5490196078431373,0.391304347826087,0.0009803921568627416,
689017,2024,120,2024-07-26,0.59,0.52,0.5586592178770949,0.4827586206896552,0.03134078212290503,0.037241379310344824
689017,2025,30,2025-04-26,,,,,,
689017,2025,60,2025-05-26,0.69,0.44,0.6639344262295082,0.390625,0.02606557377049179,0.049375
699134,2026,59,2026-05-22,,0.4,0.6458333333333334,0.4,,0.0
806185,2024,120,2024-07-26,0.56,0.5,0.5514018691588785,0.4838709677419355,0.008598130841121598,0.016129032258064502
806185,2025,60,2025-05-26,0.5,0.42,0.5714285714285714,0.4473684210526316,-0.0714285714285714,-0.027368421052631597
806185,2025,90,2025-06-25,0.51,0.4,0.5565217391304348,0.4285714285714285,-0.04652173913043478,-0.02857142857142847
837227,2026,30,2026-04-25,,,,,,
837227,2026,59,2026-05-22,,0.4,0.5180722891566265,0.4,,0.0
429719,2018,120,2018-07-27,0.49,0.34,0.5070422535211268,0.390625,-0.01704225352112676,-0.050624999999999976
429719,2019,90,2019-06-18,0.5,0.3,0.5263157894736842,0.293103448275862,-0.02631578947368418,0.006896551724138
429719,2019,120,2019-07-18,0.5,0.32,0.5241379310344828,0.3015873015873015,-0.024137931034482807,0.01841269841269849
453286,2018,30,2018-04-28,0.65,0.52,0.68,0.5533980582524272,-0.030000000000000027,-0.03339805825242714
453286,2018,60,2018-05-28,0.69,0.5,0.6749116607773852,0.5625,0.015088339222614766,-0.0625
453286,2018,90,2018-06-27,0.71,0.5,0.701123595505618,0.565068493150685,0.008876404494381984,-0.06506849315068497
453286,2018,120,2018-07-27,0.71,0.46,0.6963979416809606,0.5376344086021505,0.013602058319039378,-0.07763440860215048
453286,2019,30,2019-04-19,0.67,0.5,0.6759259259259259,0.5223880597014925,-0.00592592592592589,-0.02238805970149249
453286,2019,60,2019-05-19,0.64,0.5,0.6863468634686347,0.5119047619047619,-0.0463468634686347,-0.011904761904761862
453286,2019,90,2019-06-18,0.68,0.72,0.691358024691358,0.54,-0.011358024691357937,0.17999999999999994
453286,2019,120,2019-07-18,0.77,0.64,0.7106796116504854,0.5555555555555556,0.059320388349514586,0.08444444444444443
453286,2021,30,2021-05-01,0.57,0.52,0.5862068965517241,0.5362318840579711,-0.016206896551724137,-0.016231884057971047
453286,2021,60,2021-05-31,0.62,0.56,0.6206896551724138,0.5595238095238095,-0.0006896551724138167,0.0004761904761905189
453286,2021,90,2021-06-30,0.53,0.52,0.5899705014749262,0.5462962962962963,-0.05997050147492622,-0.026296296296296262
453286,2021,120,2021-07-30,0.65,0.52,0.6078886310904872,0.5407407407407407,0.042111368909512836,-0.020740740740740726
453286,2022,30,2022-05-07,0.69,0.54,0.6581196581196581,0.5185185185185185,0.031880341880341834,0.021481481481481546
453286,2022,60,2022-06-06,0.6,0.42,0.6256410256410256,0.4916666666666666,-0.02564102564102566,-0.0716666666666666
453286,2022,90,2022-07-06,0.63,0.54,0.6435185185185185,0.5263157894736842,-0.013518518518518485,0.013684210526315854
453286,2022,120,2022-08-05,0.62,0.58,0.6418338108882522,0.5477386934673367,-0.021833810888252203,0.032261306532663236
453286,2023,30,2023-04-29,,,0.7142857142857143,0.3777777777777777,,
453286,2023,60,2023-05-29,0.71,0.44,0.7073170731707317,0.40625,0.002682926829268295,0.03375
453286,2023,90,2023-06-28,0.76,0.46,0.7275862068965517,0.4578313253012048,0.032413793103448274,0.0021686746987952255
453286,2023,120,2023-07-28,0.65,0.46,0.6936936936936937,0.4782608695652174,-0.04369369369369369,-0.018260869565217386
453286,2024,120,2024-07-26,0.66,0.44,0.647887323943662,0.4177215189873418,0.012112676056338034,0.022278481012658224
453286,2025,90,2025-06-25,,,,,,
453286,2025,120,2025-07-25,0.64,0.46,0.6434782608695652,0.417910447761194,-0.003478260869565153,0.042089552238806005
453286,2026,59,2026-05-22,,,0.6071428571428571,0.2,,
502706,2018,30,2018-04-28,0.7,0.44,0.6886792452830188,0.4385964912280701,0.01132075471698113,0.0014035087719299066
502706,2018,60,2018-05-28,0.56,0.4,0.6133333333333333,0.4247787610619469,-0.05333333333333323,-0.024778761061946875
502706,2018,90,2018-06-27,0.59,0.46,0.6044568245125348,0.4202127659574468,-0.014456824512534827,0.03978723404255324
502706,2018,120,2018-07-27,0.71,0.54,0.6329670329670329,0.439516129032258,0.07703296703296703,0.10048387096774203
502706,2019,30,2019-04-19,,0.46,0.6483516483516484,0.4576271186440678,,0.0023728813559322215
502706,2019,60,2019-05-19,0.67,0.4,0.6467065868263473,0.43,0.023293413173652744,-0.02999999999999997
502706,2019,90,2019-06-18,0.65,0.32,0.6583333333333333,0.4013605442176871,-0.008333333333333304,-0.08136054421768707
502706,2019,120,2019-07-18,0.59,0.38,0.6445182724252492,0.3932584269662921,-0.054518272425249203,-0.013258426966292092
547001,2021,60,2021-05-31,,,0.6097560975609756,0.4222222222222222,,
571882,2019,90,2019-06-18,0.62,0.46,0.62,0.4310344827586206,0.0,0.028965517241379413
571882,2023,60,2023-05-29,,,0.6483516483516484,0.4166666666666667,,
571882,2023,90,2023-06-28,,,0.6483516483516484,0.4166666666666667,,
571882,2023,120,2023-07-28,0.6,0.34,0.6194029850746269,0.3506493506493506,-0.0194029850746269,-0.010649350649350575
594835,2018,30,2018-04-28,,0.52,0.6464646464646465,0.45,,0.07
594835,2018,60,2018-05-28,0.63,0.34,0.6693227091633466,0.3955223880597014,-0.03932270916334657,-0.05552238805970139
594835,2018,90,2018-06-27,0.69,0.38,0.6736842105263158,0.3902439024390244,0.016315789473684172,-0.0102439024390244
594835,2018,120,2018-07-27,0.64,0.48,0.6659751037344398,0.4126984126984127,-0.025975103734439786,0.0673015873015873
594835,2019,30,2019-04-19,0.68,0.38,0.6666666666666666,0.390625,0.01333333333333342,-0.010624999999999996
594835,2019,60,2019-05-19,0.64,0.34,0.6541353383458647,0.3688524590163934,-0.014135338345864668,-0.028852459016393384
594835,2019,90,2019-06-18,0.59,0.28,0.6428571428571429,0.3387978142076502,-0.052857142857142936,-0.05879781420765018
594835,2019,120,2019-07-18,0.63,0.4,0.6360153256704981,0.3508064516129032,-0.006015325670498117,0.04919354838709683
594835,2021,30,2021-05-01,0.59,0.38,0.5785123966942148,0.365079365079365,0.011487603305785132,0.014920634920635
594835,2021,60,2021-05-31,0.59,0.38,0.5785123966942148,0.365079365079365,0.011487603305785132,0.014920634920635
594835,2021,90,2021-06-30,0.64,0.4,0.599009900990099,0.3925233644859813,0.040990099009901027,0.007476635514018726
594835,2021,120,2021-07-30,0.62,0.28,0.6109215017064846,0.358974358974359,0.009078498293515369,-0.07897435897435895
594835,2022,30,2022-05-07,0.58,0.3,0.5462184873949579,0.293103448275862,0.03378151260504203,0.006896551724138
594835,2022,60,2022-06-06,0.65,0.28,0.592741935483871,0.2956521739130435,0.057258064516129026,-0.015652173913043466
594835,2022,90,2022-07-06,0.61,0.24,0.5930851063829787,0.2784090909090909,0.016914893617021254,-0.03840909090909089
594835,2022,120,2022-08-05,0.66,0.3,0.6007827788649707,0.2746781115879828,0.05921722113502936,0.025321888412017213
594835,2023,30,2023-04-29,,,0.6704545454545454,0.3953488372093023,,
594835,2024,30,2024-04-27,,,0.7246376811594203,0.34375,,
594835,2024,60,2024-05-27,,,0.7246376811594203,0.34375,,
594835,2024,90,2024-06-26,,,0.7246376811594203,0.34375,,
594835,2024,120,2024-07-26,0.75,0.38,0.7363636363636363,0.3653846153846153,0.013636363636363669,0.014615384615384697
594965,2019,90,2019-06-18,,,,,,
594965,2019,120,2019-07-18,0.51,0.52,0.5255474452554745,0.5128205128205128,-0.015547445255474468,0.007179487179487243
595191,2019,60,2019-05-19,0.71,0.34,0.6666666666666666,0.4605263157894737,0.043333333333333335,-0.12052631578947365
595191,2021,90,2021-06-30,,,,,,
600917,2019,90,2019-06-18,0.65,0.68,0.6402877697841727,0.5681818181818182,0.009712230215827344,0.11181818181818182
622446,2018,90,2018-06-27,,,0.6065573770491803,0.3636363636363636,,
622446,2018,120,2018-07-27,,,0.5934065934065934,0.3617021276595745,,
622446,2019,60,2019-05-19,0.56,0.38,0.5433070866141733,0.3571428571428571,0.01669291338582679,0.02285714285714291
640444,2021,60,2021-05-31,0.57,0.38,0.544,0.352112676056338,0.025999999999999912,0.027887323943662
640444,2021,90,2021-06-30,0.55,0.42,0.5428571428571428,0.3703703703703703,0.0071428571428572285,0.04962962962962969
640444,2021,120,2021-07-30,0.57,0.42,0.5534591194968553,0.388235294117647,0.016540880503144617,0.03176470588235297
641745,2018,90,2018-06-27,0.61,0.38,0.5641025641025641,0.3529411764705882,0.04589743589743589,0.027058823529411802
641745,2018,120,2018-07-27,0.63,0.34,0.5870307167235495,0.352,0.042969283276450554,-0.011999999999999955
641745,2019,30,2019-04-19,0.47,0.42,0.5,0.4262295081967213,-0.030000000000000027,-0.006229508196721301
641745,2019,60,2019-05-19,0.58,0.26,0.5405405405405406,0.336,0.03945945945945939,-0.07600000000000001
641745,2019,90,2019-06-18,0.66,0.36,0.5725,0.3333333333333333,0.08750000000000002,0.026666666666666672
641745,2019,120,2019-07-18,0.61,0.32,0.5716911764705882,0.3395522388059701,0.038308823529411784,-0.019552238805970068
641745,2021,30,2021-05-01,,,0.6145833333333334,0.3023255813953488,,
641745,2021,60,2021-05-31,0.62,0.48,0.5958333333333333,0.4070796460176991,0.02416666666666667,0.0729203539823009
641745,2021,90,2021-06-30,0.5,0.26,0.5743589743589743,0.375,-0.07435897435897432,-0.11499999999999999
641745,2021,120,2021-07-30,0.63,0.52,0.588,0.4070796460176991,0.04200000000000004,0.11292035398230094
641745,2022,30,2022-05-07,0.52,0.36,0.5652173913043478,0.36,-0.045217391304347765,0.0
641745,2022,60,2022-06-06,0.56,0.28,0.5595238095238095,0.3076923076923077,0.0004761904761905189,-0.027692307692307683
641745,2022,90,2022-07-06,0.53,0.34,0.5430809399477807,0.3333333333333333,-0.013080939947780701,0.00666666666666671
641745,2022,120,2022-08-05,0.61,0.36,0.5585215605749486,0.3424657534246575,0.05147843942505137,0.01753424657534247
641745,2023,30,2023-04-29,0.52,0.36,0.5263157894736842,0.3692307692307692,-0.0063157894736841635,-0.009230769230769209
650530,2022,120,2022-08-05,,,,,,
650911,2022,90,2022-07-06,,,0.5116279069767442,0.3953488372093023,,
650911,2022,120,2022-08-05,,,0.5408163265306123,0.375,,
650911,2023,90,2023-06-28,,,0.6981132075471698,,,
650911,2023,120,2023-07-28,0.69,0.42,0.7005988023952096,0.4470588235294118,-0.010598802395209606,-0.027058823529411802
650911,2024,30,2024-04-27,0.65,0.42,0.6454545454545455,0.4590163934426229,0.004545454545454519,-0.03901639344262292
650911,2024,60,2024-05-27,0.62,0.38,0.6398305084745762,0.4083333333333333,-0.019830508474576236,-0.02833333333333332
650911,2024,90,2024-06-26,0.6,0.32,0.6311239193083573,0.3854748603351955,-0.03112391930835734,-0.0654748603351955
650911,2024,120,2024-07-26,0.69,0.24,0.6526315789473685,0.3658536585365853,0.037368421052631495,-0.1258536585365853
650911,2025,30,2025-04-26,0.72,0.52,0.7053571428571429,0.532258064516129,0.014642857142857069,-0.012258064516128986
650911,2025,60,2025-05-26,0.55,0.58,0.6304347826086957,0.5462184873949579,-0.08043478260869563,0.03378151260504203
650911,2025,90,2025-06-25,0.68,0.46,0.6208791208791209,0.5257142857142857,0.059120879120879155,-0.06571428571428567
650911,2025,120,2025-07-25,0.71,0.62,0.6401590457256461,0.5560165975103735,0.06984095427435388,0.06398340248962653
650911,2026,30,2026-04-25,0.65,0.48,0.6797385620915033,0.5180722891566265,-0.029738562091503273,-0.038072289156626526
650911,2026,59,2026-05-22,0.71,0.62,0.6959459459459459,0.5584415584415584,0.014054054054054022,0.06155844155844159
656427,2018,30,2018-04-28,,,,,,
656427,2018,60,2018-05-28,0.5,0.42,0.5089285714285714,0.4626865671641791,-0.008928571428571397,-0.04268656716417912
656427,2018,90,2018-06-27,0.6,0.6,0.549800796812749,0.5069444444444444,0.05019920318725102,0.09305555555555556
656427,2018,120,2018-07-27,0.56,0.48,0.5514285714285714,0.4952380952380952,0.008571428571428674,-0.015238095238095217
656427,2019,30,2019-04-19,,0.44,0.6219512195121951,0.4230769230769231,,0.01692307692307693
656427,2019,60,2019-05-19,0.54,0.36,0.6133333333333333,0.4233576642335766,-0.07333333333333325,-0.06335766423357664
656427,2019,90,2019-06-18,0.5,0.4,0.5825825825825826,0.4362745098039216,-0.08258258258258255,-0.03627450980392155
656427,2019,120,2019-07-18,0.6,0.48,0.5870069605568445,0.4418604651162791,0.01299303944315544,0.038139534883720905
656427,2021,30,2021-05-01,0.53,0.48,0.5323741007194245,0.4390243902439024,-0.0023741007194244546,0.0409756097560976
656427,2021,60,2021-05-31,0.64,0.42,0.5725490196078431,0.4370860927152318,0.06745098039215691,-0.017086092715231815
656427,2021,90,2021-06-30,0.64,0.42,0.5725490196078431,0.4370860927152318,0.06745098039215691,-0.017086092715231815
656427,2021,120,2021-07-30,0.64,0.42,0.5725490196078431,0.4370860927152318,0.06745098039215691,-0.017086092715231815
656427,2022,90,2022-07-06,,,,,,
656427,2022,120,2022-08-05,,,,,,
656427,2023,30,2023-04-29,0.57,0.44,0.5912408759124088,0.4024390243902439,-0.021240875912408863,0.037560975609756075
656427,2023,60,2023-05-29,0.53,0.42,0.5634920634920635,0.4042553191489361,-0.03349206349206346,0.015744680851063897
656427,2023,90,2023-06-28,0.58,0.44,0.5658263305322129,0.4136125654450261,0.014173669467787087,0.026387434554973888
656427,2023,120,2023-07-28,0.6,0.4,0.5773195876288659,0.4069767441860465,0.02268041237113405,-0.006976744186046491
656427,2024,30,2024-04-27,0.62,0.5,0.6209677419354839,0.4931506849315068,-0.000967741935483879,0.006849315068493178
656427,2024,60,2024-05-27,0.56,0.52,0.6131687242798354,0.5333333333333333,-0.05316872427983532,-0.013333333333333308
656427,2024,90,2024-06-26,0.61,0.52,0.6172839506172839,0.5270935960591133,-0.00728395061728393,-0.007093596059113305
656427,2024,120,2024-07-26,0.69,0.44,0.6289156626506024,0.5096525096525096,0.061084337349397555,-0.06965250965250963
656427,2025,30,2025-04-26,0.61,0.52,0.5945945945945946,0.4927536231884058,0.015405405405405359,0.027246376811594197
656427,2025,60,2025-05-26,0.68,0.5,0.6363636363636364,0.4812030075187969,0.043636363636363695,0.01879699248120309
656427,2025,90,2025-06-25,0.69,0.48,0.6487252124645893,0.4807692307692308,0.041274787535410695,-0.0007692307692307998
656427,2025,120,2025-07-25,0.64,0.56,0.6438356164383562,0.4868913857677903,-0.003835616438356171,0.07310861423220977
656427,2026,30,2026-04-25,0.59,0.48,0.5737704918032787,0.4153846153846154,0.01622950819672131,0.06461538461538457
656427,2026,59,2026-05-22,0.61,0.36,0.5911111111111111,0.4090909090909091,0.018888888888888844,-0.04909090909090913
666214,2022,60,2022-06-06,,,,,,
666214,2022,90,2022-07-06,,,,,,
666214,2022,120,2022-08-05,,,,,,
666214,2023,30,2023-04-29,,0.36,0.6354166666666666,0.3773584905660377,,-0.01735849056603772
666214,2023,60,2023-05-29,0.63,0.28,0.6326530612244898,0.3271028037383177,-0.0026530612244898277,-0.047102803738317656
666214,2023,90,2023-06-28,0.58,0.46,0.6012084592145015,0.3728813559322034,-0.02120845921450154,0.08711864406779662
666214,2023,120,2023-07-28,0.58,0.46,0.6012084592145015,0.3728813559322034,-0.02120845921450154,0.08711864406779662
666214,2025,120,2025-07-25,0.63,0.4,0.5970873786407767,0.3853211009174312,0.03291262135922335,0.014678899082568808
668676,2019,90,2019-06-18,0.57,0.4,0.5833333333333334,0.3714285714285714,-0.01333333333333342,0.028571428571428636
668676,2019,120,2019-07-18,0.6,0.28,0.6052631578947368,0.3119266055045872,-0.0052631578947368585,-0.03192660550458715
668676,2021,30,2021-05-01,0.69,0.36,0.6880733944954128,0.3333333333333333,0.00192660550458712,0.026666666666666672
668676,2021,60,2021-05-31,0.71,0.24,0.6893617021276596,0.296,0.020638297872340394,-0.055999999999999994
668676,2021,90,2021-06-30,0.71,0.24,0.6893617021276596,0.296,0.020638297872340394,-0.055999999999999994
668676,2021,120,2021-07-30,0.68,0.32,0.6859756097560976,0.3109756097560975,-0.005975609756097566,0.009024390243902503
668676,2022,30,2022-05-07,0.63,,0.6347826086956522,0.3555555555555555,-0.0047826086956521685,
668676,2022,60,2022-06-06,0.61,0.4,0.6428571428571429,0.3660714285714285,-0.03285714285714292,0.03392857142857153
668676,2022,90,2022-07-06,0.62,0.34,0.6454293628808865,0.3428571428571428,-0.025429362880886486,-0.0028571428571427804
668676,2022,120,2022-08-05,0.53,0.38,0.6165254237288136,0.3531914893617021,-0.08652542372881356,0.026808510638297922
668676,2024,90,2024-06-26,,,,,,
668964,2024,60,2024-05-27,,0.44,0.6597938144329897,0.44,,0.0
668964,2024,90,2024-06-26,0.71,0.36,0.6842105263157895,0.4,0.025789473684210473,-0.040000000000000036
668964,2024,120,2024-07-26,0.76,0.38,0.7101910828025477,0.3964497041420118,0.049808917197452285,-0.0164497041420118
668964,2025,60,2025-05-26,,,0.5729166666666666,0.3191489361702128,,
668964,2025,90,2025-06-25,,,0.5729166666666666,0.3191489361702128,,
668964,2025,120,2025-07-25,0.59,0.36,0.5794392523364486,0.3584905660377358,0.010560747663551417,0.0015094339622641617
668964,2026,59,2026-05-22,0.68,0.4,0.6363636363636364,0.4181818181818181,0.043636363636363695,-0.018181818181818077
669372,2025,30,2025-04-26,,,0.492063492063492,0.4838709677419355,,
669372,2025,60,2025-05-26,,,0.5061728395061729,0.5365853658536586,,
669372,2025,90,2025-06-25,,0.54,0.4948453608247423,0.54,,0.0
669372,2025,120,2025-07-25,0.53,0.58,0.525,0.5512820512820513,0.0050000000000000044,0.028717948717948638
669372,2026,30,2026-04-25,,,0.5116279069767442,0.3695652173913043,,
669372,2026,59,2026-05-22,0.53,0.46,0.5365853658536586,0.4150943396226415,-0.0065853658536585424,0.04490566037735855
676840,2021,60,2021-05-31,0.59,,0.5663716814159292,0.4666666666666667,0.023628318584070773,
676840,2021,90,2021-06-30,0.54,0.24,0.5545851528384279,0.3548387096774194,-0.014585152838427873,-0.11483870967741938
676840,2021,120,2021-07-30,0.61,0.3,0.5588235294117647,0.3445378151260504,0.05117647058823527,-0.04453781512605043
682243,2023,60,2023-05-29,0.69,0.34,0.674074074074074,0.4366197183098591,0.0159259259259259,-0.09661971830985905
682243,2023,90,2023-06-28,0.66,0.36,0.6605504587155964,0.4049586776859504,-0.0005504587155963359,-0.04495867768595041
682243,2023,120,2023-07-28,0.59,0.46,0.6510067114093959,0.4329268292682927,-0.06100671140939595,0.02707317073170734
682243,2024,30,2024-04-27,0.62,0.5,0.5892857142857143,0.4915254237288136,0.030714285714285694,0.008474576271186418
682243,2024,60,2024-05-27,0.6,0.4,0.6171875,0.4661654135338345,-0.017187500000000022,-0.06616541353383448
682243,2024,90,2024-06-26,0.64,0.42,0.6195652173913043,0.4540540540540541,0.02043478260869569,-0.034054054054054095
682243,2024,120,2024-07-26,0.6,0.38,0.6152173913043478,0.4377682403433476,-0.01521739130434785,-0.0577682403433476
682243,2025,30,2025-04-26,0.57,0.42,0.5779816513761468,0.3846153846153846,-0.007981651376146814,0.0353846153846154
682243,2025,60,2025-05-26,0.54,0.32,0.5747126436781609,0.3571428571428571,-0.03471264367816085,-0.03714285714285709
682243,2025,90,2025-06-25,0.61,0.28,0.5833333333333334,0.3421052631578947,0.026666666666666616,-0.06210526315789466
682243,2025,120,2025-07-25,0.61,0.28,0.5833333333333334,0.3421052631578947,0.026666666666666616,-0.06210526315789466
682243,2026,59,2026-05-22,,,,,,
686610,2023,30,2023-04-29,0.55,0.32,0.5416666666666666,0.3333333333333333,0.008333333333333415,-0.013333333333333308
686610,2023,60,2023-05-29,0.57,0.46,0.5469387755102041,0.4102564102564102,0.023061224489795862,0.04974358974358983
686610,2023,90,2023-06-28,0.57,0.38,0.5636942675159236,0.3875,0.006305732484076398,-0.007500000000000007
686610,2023,120,2023-07-28,0.58,0.44,0.5597014925373134,0.4019138755980861,0.020298507462686577,0.03808612440191389
687473,2025,30,2025-04-26,,0.46,0.6813186813186813,0.46,,0.0
687473,2025,60,2025-05-26,0.54,0.46,0.6024844720496895,0.4470588235294118,-0.06248447204968943,0.012941176470588234
687473,2025,90,2025-06-25,0.74,0.54,0.6494464944649446,0.4685314685314685,0.09055350553505537,0.07146853146853155
687473,2025,120,2025-07-25,0.61,0.46,0.6368715083798883,0.448087431693989,-0.026871508379888276,0.011912568306011007
689225,2022,30,2022-05-07,,,0.5396825396825397,,,
689225,2022,60,2022-06-06,0.62,0.38,0.5921787709497207,0.3536585365853658,0.027821229050279284,0.026341463414634225
689225,2022,90,2022-07-06,0.58,0.34,0.5952380952380952,0.3382352941176471,-0.015238095238095273,0.001764705882352946
690916,2025,30,2025-04-26,,,0.7323943661971831,0.3714285714285714,,
690916,2025,60,2025-05-26,,,0.7323943661971831,0.3714285714285714,,
690916,2025,90,2025-06-25,0.72,0.32,0.7090909090909091,0.3442622950819672,0.010909090909090868,-0.0242622950819672
690916,2025,120,2025-07-25,0.63,0.38,0.6770186335403726,0.3764705882352941,-0.04701863354037261,0.003529411764705892
695243,2023,30,2023-04-29,,,,,,
695243,2023,60,2023-05-29,,,0.5176470588235295,0.4888888888888889,,
695243,2023,90,2023-06-28,,,0.5176470588235295,0.4888888888888889,,
695243,2023,120,2023-07-28,,,0.5176470588235295,0.4888888888888889,,
700249,2024,90,2024-06-26,,,0.6021505376344086,0.3255813953488372,,
700249,2024,120,2024-07-26,0.6,0.3,0.5973154362416108,0.3108108108108108,0.0026845637583892135,-0.010810810810810811
700249,2025,30,2025-04-26,0.65,0.34,0.6521739130434783,0.3833333333333333,-0.0021739130434782483,-0.04333333333333328
700249,2025,60,2025-05-26,0.58,0.4,0.6127450980392157,0.3928571428571428,-0.03274509803921577,0.0071428571428572285
700249,2025,90,2025-06-25,0.54,0.54,0.5923344947735192,0.4387096774193548,-0.05233449477351915,0.10129032258064524
700249,2025,120,2025-07-25,0.54,0.54,0.5923344947735192,0.4387096774193548,-0.05233449477351915,0.10129032258064524
700249,2026,59,2026-05-22,,,0.6097560975609756,0.3428571428571428,,
808967,2024,30,2024-04-27,0.65,0.44,0.6448598130841121,0.4794520547945205,0.005140186915887912,-0.03945205479452052
808967,2024,60,2024-05-27,0.64,0.52,0.6410256410256411,0.4785714285714286,-0.0010256410256410664,0.041428571428571426
808967,2024,90,2024-06-26,0.6,0.44,0.6313993174061433,0.4632768361581921,-0.03139931740614332,-0.023276836158192094
808967,2024,120,2024-07-26,0.6,0.44,0.6313993174061433,0.4632768361581921,-0.03139931740614332,-0.023276836158192094
808967,2025,30,2025-04-26,0.58,0.46,0.584070796460177,0.4871794871794871,-0.004070796460177051,-0.027179487179487094
808967,2025,60,2025-05-26,0.57,0.52,0.5770925110132159,0.4895104895104895,-0.007092511013215952,0.03048951048951054
808967,2025,90,2025-06-25,0.59,0.48,0.5828402366863905,0.4660194174757281,0.007159763313609457,0.013980582524271867
808967,2025,120,2025-07-25,0.61,0.48,0.5904761904761905,0.468503937007874,0.0195238095238095,0.011496062992125966
808967,2026,30,2026-04-25,0.61,0.44,0.5967741935483871,0.4307692307692308,0.013225806451612865,0.009230769230769209
808967,2026,59,2026-05-22,0.6,0.52,0.5945945945945946,0.4516129032258064,0.00540540540540535,0.06838709677419363
