mlb_id,player_name_fg,team,ip,g,gs,tbf,so,h,er,r,bb,hbp,hr,era,fip,xfip,siera,k_pct,bb_pct,swstr_pct,csw_pct,stuff_plus,location_plus,pitching_plus,pb_stuff,pb_command,pb_xrv100
656557,Tanner Houck,BOS,78.0,12.0,12.0,311.0,75.0,60.0,16.0,22.0,15.0,5.0,1.0,1.8461538912981936,2.179300266970622,2.981869777763868,3.202390328116907,0.24115756,0.04823151,0.10879025,,106.31736337502312,108.18622000745654,111.34654173813763,51.47847107049609,61.83181861618799,-0.7564630200174065
669373,Tarik Skubal,DET,67.0,11.0,11.0,256.0,80.0,44.0,15.0,17.0,11.0,1.0,4.0,2.014925401814666,2.0918528973219734,2.6472035913027767,2.7638740119934084,0.3125,0.04296875,0.14690983,,113.5941572370643,101.08905651836447,113.40966216960842,59.494667841945294,62.19766630192502,-0.6272218642350558
624133,Ranger Suarez,PHI,74.0,12.0,12.0,277.0,79.0,43.0,14.0,17.0,16.0,3.0,5.0,1.7027027027027026,2.6799932918033087,2.7415120308060907,2.983350780177143,0.28519856,0.05776173,0.10630292,,100.25766712965209,112.1669588899875,110.34492271095674,42.637981646284096,60.968081825023525,-0.24201694261523987
607192,Tyler Glasnow,LAD,74.0,12.0,12.0,286.0,95.0,46.0,25.0,25.0,21.0,0.0,7.0,3.0405405405405403,2.6799932918033087,2.6762163238750922,2.9049660613128214,0.33216783,0.07342657,0.13771377,,109.2604568335473,99.93755633700657,111.95803956436598,68.60280408640865,55.64160080108011,-0.4689281458145814
666142,Cole Ragans,KCR,67.0,12.0,12.0,279.0,83.0,58.0,25.0,26.0,22.0,1.0,3.0,3.3582090508250064,2.3008081118549044,3.0727559602979744,3.3125105981733496,0.29749104,0.07885305,0.14118705,,113.06224976546699,97.90339735415961,111.48529018986073,63.32703537769784,56.349082508992815,-0.5010114028776977
554430,Zack Wheeler,PHI,73.2,12.0,12.0,293.0,85.0,47.0,19.0,23.0,23.0,3.0,5.0,2.321266988359572,2.7999639380224943,3.292786067391629,3.391369378164161,0.29010239,0.07849829,0.13705584,,110.68762385144252,106.09410760564589,114.80983229454473,58.94230720812184,61.65220650592215,-0.8400451269035533
656302,Dylan Cease,SDP,71.0,12.0,12.0,282.0,87.0,48.0,27.0,30.0,21.0,1.0,6.0,3.422535349182425,2.7439445499956685,3.412912150423085,3.2475771692997077,0.30851064,0.07446809,0.15008432,,109.74051229010583,102.72984111098106,112.5988426724695,66.79169573355819,52.79322569139966,-0.463578220910624
676979,Garrett Crochet,CHW,69.2,13.0,13.0,276.0,93.0,50.0,27.0,27.0,15.0,2.0,9.0,3.4880383093440437,2.9081065701902364,2.617702806748596,2.6616802167173845,0.33695652,0.05434783,0.14285714,,111.13497284428192,107.0037351251339,117.13055342325913,70.23268155127082,64.05062331288343,-1.0387821735319895
519242,Chris Sale,ATL,67.2,11.0,11.0,269.0,82.0,54.0,23.0,23.0,10.0,4.0,6.0,3.0591133292354464,2.516233466761488,2.592496457756897,2.726351413898863,0.30483271,0.03717472,0.14825581,,108.15692076728851,106.33653857082875,108.6489421060554,47.772444602713186,65.2827204360465,-0.5450650872093022
808967,Yoshinobu Yamamoto,LAD,65.0,12.0,12.0,268.0,76.0,59.0,24.0,25.0,14.0,1.0,6.0,3.3230769718328177,2.7203259255900187,2.869502659484392,3.0988912536577797,0.28358209,0.05223881,0.1192053,,97.10873566791983,108.49610248783601,106.20888753257907,49.142986035950806,62.2893806717124,-0.33836205298013244
650911,Cristopher Sanchez,PHI,60.1,11.0,11.0,260.0,56.0,64.0,19.0,24.0,20.0,0.0,1.0,2.834254203380231,2.5200709248872863,3.1316114472563843,3.5662417398767685,0.21538462,0.07692308,0.10531697,,105.65439779837409,101.75853433652186,108.25192879576575,59.55206801635991,53.102139795501024,-0.5339615030674846
579328,Yusei Kikuchi,TOR,66.1,12.0,12.0,278.0,65.0,69.0,27.0,29.0,14.0,0.0,6.0,3.6633166531379096,3.0157260065557248,3.481021571977257,3.683617487850202,0.23381295,0.05035971,0.11007463,,103.60676215259906,108.40396570952707,112.02319476825642,62.365857098880596,64.34116561567164,-0.8294285634328359
669203,Corbin Burnes,BAL,72.2,12.0,12.0,288.0,71.0,56.0,19.0,22.0,20.0,0.0,6.0,2.353211060646719,3.111433905526129,3.3281016330051174,3.6126947872473067,0.24652778,0.06944444,0.12951542,,113.18340728581732,103.19995923722851,118.22340926918073,60.769932281938324,45.99976411453744,-0.447983295154185
607625,Seth Lugo,KCR,78.1,12.0,12.0,311.0,66.0,61.0,15.0,16.0,18.0,2.0,6.0,1.7234043042764466,3.243075525146526,4.003834248453684,4.049783302687233,0.21221865,0.05787781,0.09106678,,98.56751687810326,97.83434470577386,97.81471010539772,43.72839413703382,51.94870256721595,0.1440454119687771
592351,Jon Gray,TEX,57.0,11.0,10.0,236.0,56.0,51.0,14.0,17.0,17.0,0.0,2.0,2.210526426743278,2.5524446597499955,3.687892161887774,3.8633073114558125,0.23728814,0.0720339,0.13304253,,86.74390695199841,105.51764170579992,93.30897326903623,34.39357921483097,59.32447145038167,0.42867984732824427
657277,Logan Webb,SFG,79.1,13.0,13.0,327.0,67.0,79.0,26.0,29.0,20.0,2.0,3.0,2.9495798792090517,2.8009335539433744,3.243224467396401,3.5852860806243365,0.20489297,0.06116208,0.07572209,,105.31633898821423,103.89056301289008,109.35735420117669,59.714564964871194,61.29377927400468,-0.4383617642466823
656427,Jack Flaherty,DET,67.2,11.0,11.0,265.0,90.0,58.0,26.0,28.0,10.0,3.0,9.0,3.458128208785342,2.8117999620041187,2.132948632437905,2.4127767213735893,0.33962264,0.03773585,0.1472507,,100.70711527330766,107.5664856639412,109.13698432258867,47.45096262295082,57.59822383196722,-0.0801662295081967
676710,Kutter Crawford,BOS,68.1,12.0,12.0,286.0,66.0,59.0,25.0,27.0,22.0,4.0,5.0,3.2926830340538085,3.3274553932879813,4.367661620722273,4.178357695005133,0.23076923,0.07692308,0.11262489,,101.0600289400827,99.81567485372439,99.94242711502832,44.68591488646685,51.54978223433243,0.006280317892824692
668881,Hunter Greene,CIN,70.2,12.0,12.0,293.0,76.0,52.0,27.0,28.0,30.0,8.0,5.0,3.4386793226268906,3.548555258581672,4.383244277028306,4.087959068663398,0.25938567,0.10238908,0.12746711,,113.34023068789762,93.88682600587855,106.3697689520888,53.848464786184216,45.63939235197368,-0.3865412828947369
661563,Luis Gil,NYY,63.1,11.0,11.0,249.0,79.0,29.0,14.0,15.0,31.0,1.0,4.0,1.9894737541114218,3.0085850358999995,3.5960876244435434,3.7107497672155083,0.31726908,0.12449799,0.12057416,,105.71146986612537,94.55696229036779,104.67355243825816,68.30122032535886,47.924175014354056,-0.22121352153110047
684007,Shota Imanaga,CHC,58.0,10.0,10.0,231.0,59.0,48.0,12.0,14.0,10.0,0.0,5.0,1.86206899613461,2.7699280476314985,3.6304908009687136,3.4963878245904385,0.25541126,0.04329004,0.15162037,,100.26911445197199,109.81953927855966,109.97163834815557,51.89354872685185,60.86821393518518,-0.5424728009259259
592866,Trevor Williams,WSN,56.2,11.0,11.0,224.0,47.0,45.0,14.0,16.0,16.0,0.0,2.0,2.223529474133028,2.8135385919194733,3.9556651717195903,4.159590373922693,0.20982143,0.07142857,0.08903366,,89.36016279318525,103.98348471639508,94.66200264975893,50.3888746145494,59.781184060803476,-0.129913648208469
641793,Zack Littell,TBR,62.1,11.0,11.0,261.0,64.0,66.0,24.0,25.0,10.0,3.0,6.0,3.465240765416994,2.9900091837546703,3.5579337569697804,3.521978089761904,0.24521073,0.03831418,0.11824669,,90.53132892064757,111.20784598019097,100.93854065321891,41.91702036697248,62.69713693170235,-0.2507306116207951
625643,Reynaldo Lopez,ATL,57.1,10.0,10.0,226.0,55.0,42.0,11.0,13.0,20.0,0.0,2.0,1.7267442243430609,2.7478751178429923,3.850348909162028,4.0402725758520805,0.24336283,0.08849558,0.12174941,,97.79066796743882,99.5548744043498,95.67273434260342,40.67642741134752,58.23202645390071,0.10710271867612293
543243,Sonny Gray,STL,57.0,10.0,10.0,230.0,77.0,45.0,19.0,24.0,15.0,1.0,6.0,3.000000050193386,2.6752516998955564,2.606627346201279,2.796697310894093,0.33478261,0.06521739,0.125,,99.02015357139895,105.89315769100222,108.19359102238072,56.33271846428571,52.90495195238095,-1.013568976190476
657746,Joe Ryan,MIN,72.0,12.0,12.0,285.0,77.0,62.0,27.0,30.0,11.0,1.0,11.0,3.375000044703484,3.513702005111141,3.312600815348275,3.271817188465854,0.27017544,0.03859649,0.12042819,,104.91590026327712,112.28178753413577,116.24890176327719,51.11457260700389,62.182851867704265,-0.9998958949416343
694297,Brandon Pfaadt,ARI,67.0,11.0,11.0,275.0,63.0,60.0,31.0,35.0,12.0,2.0,7.0,4.164179163750309,3.2709573917172223,3.8309680642982142,3.7564630821825,0.22909091,0.04363636,0.11011011,,100.78669592607334,108.73089516498683,107.16250175996007,56.99801001001001,64.50887578578578,-0.8595015615615614
669022,MacKenzie Gore,WSN,58.2,11.0,11.0,247.0,72.0,58.0,19.0,25.0,17.0,3.0,5.0,2.914772806242726,2.8426161331517146,3.100623734399174,3.2747337859682215,0.29149798,0.06882591,0.12847555,,109.20048220011024,105.67824650620199,115.22554805458364,65.43498640460211,58.22704756471716,-0.7092767881112176
641482,Nestor Cortes,NYY,71.0,12.0,12.0,284.0,67.0,60.0,26.0,27.0,15.0,1.0,8.0,3.295774692156277,3.4200009084556626,4.106097382860185,3.950854351646178,0.23591549,0.0528169,0.10601977,,107.64341235983812,102.13167593785921,107.36656973275072,51.27614756513927,59.00304310871518,-0.39303262353998203
695243,Mason Miller,OAK,26.0,20.0,0.0,99.0,51.0,13.0,6.0,9.0,10.0,0.0,1.0,2.0769231531041643,0.8972489258241341,1.2695614815315543,1.389154551671305,0.51515152,0.1010101,0.21271394,,130.7444269559902,98.12744804400977,126.19357885085577,76.67490767726161,61.50664640586798,-1.3629383129584356
676962,Ben Brown,CHC,46.1,13.0,6.0,184.0,55.0,32.0,14.0,14.0,17.0,0.0,2.0,2.7194246470104635,2.454249513596578,3.459495701242071,3.3639252237696313,0.29891304,0.0923913,0.13700565,,100.80550896835241,94.97866470304534,94.56934822699921,47.23053707627118,48.804896525423736,0.23556980225988697
669923,George Kirby,SEA,68.1,12.0,12.0,279.0,65.0,64.0,31.0,31.0,6.0,3.0,9.0,4.082926905244537,3.371357830882711,3.5620806090914487,3.5123699551292025,0.23297491,0.02150538,0.10772164,,103.76288112062464,106.67376653359833,107.79661693541502,52.672768093422306,61.16328435653003,-0.5294808960915157
642547,Freddy Peralta,MIL,62.1,11.0,11.0,252.0,82.0,46.0,25.0,25.0,20.0,5.0,8.0,3.6096257973093686,3.4071214981104196,3.266851914364603,3.0854577305356505,0.32539683,0.07936508,0.13468992,,101.68707137253267,101.48708582664499,105.05350379267198,61.976531763565895,46.848838594961244,-0.0015606298449612568
608379,Michael Wacha,KCR,68.0,12.0,12.0,283.0,56.0,65.0,32.0,33.0,20.0,2.0,6.0,4.235294236443862,3.637068026783558,4.291078058421739,4.377105234209447,0.19787986,0.07067138,0.09210526,,100.19042466202906,104.53705878738216,106.39969365119185,46.540391569548866,58.077604680451124,-0.7145294736842105
656605,Mitch Keller,PIT,73.2,12.0,12.0,311.0,66.0,70.0,28.0,30.0,20.0,6.0,6.0,3.420814553446674,3.492271640522812,4.054923201416541,4.113461964199902,0.21221865,0.06430868,0.09419014,,101.23190999656475,97.55288174166952,98.53690699072484,49.02224252640845,57.413233776408454,-0.24214587147887326
607200,Erick Fedde,CHW,69.1,12.0,12.0,289.0,66.0,60.0,24.0,25.0,22.0,2.0,8.0,3.115384715372292,3.8010951832730395,3.8276421327144434,3.971178252670916,0.2283737,0.07612457,0.07786527,,91.47321193049795,109.82204247570535,104.95891201939813,44.153852563429574,55.87897002624672,-0.24886236220472446
681857,Reese Olson,DET,61.2,11.0,11.0,252.0,52.0,46.0,17.0,22.0,20.0,3.0,3.0,2.4810811834007955,3.2313446458296853,3.898422168417114,4.076176741780792,0.20634921,0.07936508,0.11967546,,94.03647255365131,99.93822316343267,93.83777023796483,44.01723387423936,46.924958448275866,0.4492108519269777
661403,Emmanuel Clase,CLE,29.1,30.0,0.0,105.0,29.0,16.0,1.0,4.0,2.0,1.0,0.0,0.30681818545495804,1.4960252130350236,2.3207570807499325,2.1326865459487467,0.27619048,0.01904762,0.15326633,,131.8344310839914,100.00107412060302,130.88726399856424,65.64121165829147,47.6463509045226,-1.0872072361809046
663623,Jake Irvin,WSN,63.0,11.0,11.0,252.0,54.0,54.0,24.0,28.0,11.0,3.0,6.0,3.4285714804720726,3.356955971649355,3.6548692777177947,3.8076527397943774,0.21428571,0.04365079,0.09349593,,101.42598428349416,108.14204568617556,106.31301017264322,46.46708103658536,64.9752443191057,-0.4670448272357724
608331,Max Fried,ATL,66.2,11.0,11.0,262.0,54.0,49.0,22.0,24.0,21.0,2.0,4.0,2.9700000734657066,3.361479783113301,3.375284196721246,3.641151838639371,0.20610687,0.08015267,0.09454191,,106.24689421627484,97.93872316830989,105.34281926252525,55.10459268031189,48.6811135380117,-0.03956888888888887
607259,Nick Martinez,CIN,47.1,12.0,5.0,199.0,34.0,50.0,23.0,25.0,6.0,2.0,3.0,4.373239554102711,3.06084597263514,4.377139597084836,4.226742662907581,0.17085427,0.03015075,0.10690122,,97.87604034002062,113.43684214451535,109.10247696195283,40.927623653585925,59.33397063599458,-0.4402838565629229
592332,Kevin Gausman,TOR,54.1,11.0,11.0,233.0,56.0,60.0,25.0,30.0,14.0,1.0,5.0,4.141104464078864,3.129669960831316,3.3804264825772767,3.662901621882368,0.24034335,0.06008584,0.11372951,,97.8241000296931,105.77112951994965,106.80251580319057,51.82188065573771,58.01267218237705,-0.177586506147541
518585,Fernando Cruz,CIN,26.2,27.0,0.0,109.0,50.0,15.0,11.0,11.0,14.0,0.0,1.0,3.712500802148307,1.4789794136769283,1.8986845480944092,2.1251985632928507,0.4587156,0.12844037,0.2021978,,105.88034871794873,91.13706666666668,98.18433406593407,50.75219134065934,32.63535542857143,-0.48072305494505485
621381,Matt Strahm,PHI,23.0,24.0,0.0,84.0,33.0,14.0,2.0,3.0,3.0,0.0,0.0,0.7826088335654028,0.6882184719993529,2.068748129656128,1.6895462622974422,0.39285714,0.03571429,0.13142857,,119.30119308769662,104.78190121956476,113.94406229691877,49.85507734285714,68.62580097142856,-1.3302263142857143
663362,Matt Waldron,SDP,57.0,11.0,11.0,248.0,60.0,59.0,27.0,29.0,19.0,1.0,6.0,4.26315803739173,3.4822692625410343,3.9441741907923067,3.9349535643643367,0.24193548,0.0766129,0.09455293,,92.33276998379168,104.76154012870353,98.202660463294,37.773500832476884,64.93739521068859,-0.24411454265159302
622491,Luis Castillo,SEA,71.1,12.0,12.0,294.0,75.0,66.0,26.0,28.0,19.0,1.0,10.0,3.280373890250623,3.72722745183691,3.748882564484176,3.6882219621705365,0.25510204,0.06462585,0.125,,104.81898995644386,103.42445727447061,108.22971325043294,52.33479397388059,59.56330153917911,-0.21941768656716426
676440,Tanner Bibee,CLE,65.0,12.0,12.0,270.0,69.0,58.0,27.0,27.0,18.0,3.0,8.0,3.7384616481623034,3.612633637535502,3.803782062822739,3.6814741444540533,0.25555556,0.06666667,0.12062615,,104.89712592846674,102.21723481275497,103.88790488090719,57.801159953959484,62.232508130755065,-0.5833088858195211
663903,Brady Singer,KCR,61.2,11.0,11.0,256.0,64.0,50.0,18.0,19.0,19.0,5.0,6.0,2.6270270541116565,3.5232365387247113,3.4352863242825333,3.6001411628723146,0.25,0.07421875,0.0998062,,91.01117000397834,104.65991323646051,95.63199049671422,43.69472554263566,53.870508410852715,0.12389639534883723
657376,Clarke Schmidt,NYY,60.2,11.0,11.0,247.0,67.0,49.0,17.0,19.0,20.0,6.0,6.0,2.521978127698715,3.529117156128826,3.7387958084346344,3.6426393076030097,0.27125506,0.08097166,0.1245098,,106.20008166343457,102.08957487610428,106.84173346261582,57.683685637254904,44.170332607843136,-0.14619516666666663
605400,Aaron Nola,PHI,77.1,12.0,12.0,306.0,71.0,58.0,26.0,29.0,22.0,0.0,11.0,3.0258621560336603,4.03285911356439,3.6501086344470837,3.915970529360441,0.23202614,0.07189542,0.0988822,,109.99542695537494,101.31150300775396,108.96057029055095,48.9077894239037,62.10702785038693,-0.33308761822871885
694813,Gavin Stone,LAD,57.0,10.0,10.0,233.0,41.0,51.0,20.0,20.0,17.0,0.0,4.0,3.1578947896772482,3.534900837085474,4.187681479008812,4.564502149289995,0.17596567,0.07296137,0.11498258,,98.25841903869816,98.35347272021092,99.68180779301201,48.95762357723577,52.950505598141696,0.1706716492450639
686580,Justin Slaten,BOS,29.0,20.0,0.0,113.0,30.0,25.0,9.0,10.0,4.0,1.0,0.0,2.7931037295729597,1.6147554840825953,2.7617964594950295,2.6519542452525378,0.26548673,0.03539823,0.1452381,,107.79628571428572,98.21038095238097,108.37338095238094,58.75887785714284,44.70626476190477,0.09426050000000007
668678,Zac Gallen,ARI,57.2,11.0,11.0,233.0,60.0,51.0,20.0,20.0,15.0,1.0,6.0,3.121387317650716,3.270526022211486,3.412453407960874,3.5819282430846027,0.25751073,0.06437768,0.10745614,,90.80314409619557,99.85138527498522,95.30633796570078,45.56873155701754,43.95339462719298,0.5603212280701754
680694,Kyle Bradish,BAL,28.1,6.0,6.0,125.0,40.0,23.0,10.0,10.0,14.0,3.0,0.0,3.1764707307914612,2.142950320590324,3.2102504199401922,3.4258994520148933,0.32,0.112,0.09765625,,96.2466985128012,105.58435852786144,102.0835372740964,56.42222210045662,54.633893401826484,-0.18257098173515984
641154,Pablo Lopez,MIN,67.0,12.0,12.0,277.0,75.0,66.0,36.0,37.0,11.0,2.0,12.0,4.83582103318801,3.8381215884547966,3.2474446653571385,3.2078080552229165,0.27075812,0.03971119,0.12950971,,93.7114817559366,110.30079271933202,104.36064644503345,53.810286012950975,50.52878138760408,-0.5767967437557817
640455,Sean Manaea,NYM,57.0,11.0,11.0,242.0,57.0,50.0,23.0,26.0,24.0,2.0,4.0,3.631579068889252,3.4471815420686744,4.444806228924683,4.351913660384019,0.23553719,0.09917355,0.11230469,,96.67849714782325,95.42113727350511,92.76937256418603,46.486640771484375,48.262253876953125,0.35347481445312506
669302,Logan Gilbert,SEA,76.2,12.0,12.0,297.0,71.0,57.0,28.0,28.0,20.0,1.0,9.0,3.286956671658903,3.6621319748097885,3.6743492234362267,3.811823390975983,0.23905724,0.06734007,0.1283906,,93.17130198915008,105.620452079566,100.72857142857143,50.18278449367089,49.20308219710669,-0.2650000452079566
656546,Jeff Hoffman,PHI,24.2,25.0,0.0,97.0,32.0,17.0,3.0,5.0,7.0,0.0,1.0,1.094594760346908,1.950263377904342,2.8330821606325522,2.5670751329075703,0.32989691,0.07216495,0.16622691,,112.2733613809234,100.18890802864681,110.07633717997044,66.79949997361477,53.105801503957785,-0.5678246701846967
680570,Grayson Rodriguez,BAL,51.0,9.0,9.0,219.0,61.0,47.0,20.0,20.0,21.0,3.0,5.0,3.5294118967023325,3.4605974363483227,4.053862744653055,3.8110514464079155,0.27853881,0.09589041,0.13440197,,107.79870693958705,103.16361856940858,111.69694645083968,60.32994496917386,55.23534690505549,-0.759358581997534
665871,Javier Assad,CHC,63.1,12.0,12.0,263.0,61.0,49.0,16.0,18.0,26.0,1.0,6.0,2.2736843246502287,3.75069033392909,4.166404776310607,4.283029246100538,0.23193916,0.09885932,0.06203704,,94.14268408105421,98.76238165069695,94.587034543224,40.129724749999994,49.992350324074074,0.575062462962963
683003,Jared Jones,PIT,63.1,11.0,11.0,252.0,70.0,52.0,25.0,28.0,12.0,1.0,11.0,3.5526316502748116,3.8296376863410933,3.2429101235432194,3.2152679806805096,0.27777778,0.04761905,0.16755603,,107.48300960512273,108.67129135538953,116.02463180362861,61.949722508004264,62.12097230522945,-0.837064909284952
666157,Nick Lodolo,CIN,40.1,7.0,7.0,161.0,46.0,29.0,14.0,14.0,9.0,4.0,4.0,3.123967040636269,3.141686389078396,3.351942666340281,3.1900874873896066,0.28571429,0.05590062,0.14375987,,104.47572041138731,103.30435083986201,101.45333172131413,47.70148511848342,50.607220884676146,-0.7907336176935229
640451,Hunter Harvey,WSN,29.1,27.0,0.0,114.0,34.0,21.0,7.0,8.0,6.0,2.0,1.0,2.1477275818532915,2.109661444361985,2.5427572875767748,2.4189259045068816,0.29824561,0.05263158,0.15254237,,107.26266949152543,105.24211864406782,109.48817796610172,52.63100012711864,55.40773512711864,-0.5516270762711865
506433,Yu Darvish,SDP,56.1,11.0,11.0,229.0,53.0,45.0,20.0,22.0,15.0,1.0,6.0,3.1952663443134544,3.5215093721024013,3.9083594662304817,3.933808807540961,0.23144105,0.06550218,0.11995516,,99.90154337059482,99.83478868510183,98.59874390070541,47.39468328475336,59.152043082959636,-0.030612892376681623
677960,Ryan Weathers,MIA,68.2,12.0,12.0,289.0,64.0,57.0,26.0,29.0,20.0,8.0,7.0,3.4077670218436884,3.850945804044724,3.868895019446845,3.8682097307464307,0.22145329,0.06920415,0.11229947,,100.6661410752002,99.03733992417925,98.98210761156317,57.21562590017825,50.403559456327976,-0.036435757575757566
621107,Zach Eflin,TBR,59.0,10.0,10.0,246.0,44.0,65.0,27.0,28.0,4.0,1.0,8.0,4.118644200943905,3.6919035240892235,3.9281180348663254,4.054308106783582,0.17886179,0.01626016,0.09375,,101.38902547524314,114.6355302276746,113.06591180371355,42.338463888149136,68.8226817310253,-0.6536603062583223
680730,Mitchell Parker,WSN,50.0,9.0,9.0,202.0,43.0,45.0,20.0,20.0,12.0,0.0,5.0,3.600000137329107,3.4664797897338877,3.587767696209209,3.9050163056856686,0.21287129,0.05940594,0.11038961,,89.57241944219587,102.67336326485922,90.89063524912305,42.155132844155844,42.018006233766236,-0.014781350649350674
669713,Hayden Wesneski,CHC,33.2,14.0,3.0,137.0,32.0,28.0,9.0,10.0,7.0,1.0,2.0,2.4059408546026075,2.750638149099221,3.4604286439434238,3.4335831226127835,0.23357664,0.05109489,0.11020408,,94.06860059489382,107.54626253821365,102.0253500371809,51.55886504081633,61.37702234693878,-0.582734857142857
680573,Simeon Woods Richardson,MIN,40.0,8.0,8.0,163.0,30.0,35.0,12.0,13.0,9.0,2.0,2.0,2.700000128746039,3.141479777097702,4.532691191835352,4.434747563074618,0.18404908,0.05521472,0.07335329,,90.15518136803317,109.21209386894226,100.94678449780601,42.20187943113772,64.52780330838323,-0.013566616766467044
622663,Luis Severino,NYM,64.0,11.0,11.0,270.0,54.0,48.0,25.0,31.0,27.0,4.0,5.0,3.5156250523868957,3.9477297899313273,4.349612676752849,4.527979454833056,0.2,0.1,0.08641975,,106.7962523429249,92.28770386746231,97.94332843261704,51.47693698005698,53.90982656220322,-0.07440843304843306
643410,Mark Leiter Jr.,CHC,23.0,25.0,0.0,100.0,31.0,21.0,9.0,12.0,8.0,0.0,1.0,3.5217400659124665,2.0795229678229843,2.7633561806959466,2.7864513840148932,0.31,0.08,0.15206186,,88.06069451980466,96.15587628865983,89.51490504612048,45.169943118556695,37.55651291237114,0.28321043814432995
666200,Jesus Luzardo,MIA,51.2,9.0,9.0,208.0,50.0,43.0,24.0,24.0,16.0,0.0,6.0,4.1806452899023885,3.66970560022249,3.9744382777085923,4.010097883202722,0.24038462,0.07692308,0.14645858,,101.59082830384814,99.26732713366253,101.52894071921096,57.55711031212485,51.52349781512605,-0.004224813925570226
671922,Cade Smith,CLE,25.1,25.0,0.0,99.0,38.0,16.0,5.0,5.0,7.0,1.0,0.0,1.776316098048511,1.1138478427670715,2.068800686271631,2.036164039351614,0.38383838,0.07070707,0.11838791,,100.2,104.46086649874057,105.38166246851387,56.27958858942065,58.46362576826197,-0.6787652141057936
608344,Cole Irvin,BAL,50.2,10.0,8.0,205.0,36.0,46.0,16.0,18.0,11.0,1.0,4.0,2.8421054058127857,3.4822692678245497,4.186805241888942,4.334703544885076,0.17560976,0.05365854,0.07323569,,95.02670894947087,101.9071329455463,95.20292662415027,33.73918772303595,55.041149320905454,-0.2532212782956058
686752,Ryan Pepiot,TBR,46.1,9.0,9.0,180.0,51.0,28.0,20.0,20.0,16.0,2.0,5.0,3.884892192947393,3.533386263179271,3.9579719744378288,3.7148149415831457,0.28333333,0.08888889,0.12191781,,107.10289295954125,97.91680312201338,106.19801752150364,59.83533457534247,51.97342165753424,-0.26149097260273974
663372,Ryan Feltner,COL,59.1,11.0,11.0,264.0,49.0,71.0,36.0,40.0,18.0,2.0,8.0,5.4606742743304455,4.278839352690442,4.3608270833459555,4.441104535051148,0.18560606,0.06818182,0.10871795,,94.2716020696439,101.47961164404224,98.46648972391633,45.76483918974359,52.112792174358965,0.1323245128205128
615698,Cal Quantrill,COL,68.0,12.0,12.0,281.0,50.0,63.0,29.0,29.0,25.0,2.0,8.0,3.8382353479474483,4.416479795820573,4.3768410190420814,4.6824724594936455,0.17793594,0.08896797,0.09019264,,86.85475427864309,98.78035369622107,90.14228072673431,40.483664404553416,43.11733021015761,0.34124550788091074
643377,Griffin Jax,MIN,24.1,26.0,0.0,95.0,33.0,15.0,6.0,6.0,7.0,0.0,1.0,2.219178393849513,1.8514111004530467,2.435636578884002,2.3695913502989168,0.34736842,0.07368421,0.16363636,,107.12800247371679,118.16438837353121,126.49821645021646,75.64652909340658,59.22089467032967,-1.555187637362637
605513,Spencer Turnbull,PHI,44.1,13.0,6.0,179.0,49.0,31.0,13.0,14.0,12.0,3.0,4.0,2.6390977632845094,3.143923387150611,3.2669982625390785,3.250784427017144,0.27374302,0.06703911,0.10290237,,100.92809235467817,103.11755358965287,104.70755962466905,57.313411952506605,52.901934670184694,-0.36021275725593677
544150,Albert Suarez,BAL,34.1,12.0,5.0,136.0,29.0,24.0,6.0,7.0,10.0,1.0,1.0,1.5728156864334237,2.8169651813045897,4.155848646305305,4.132413360084501,0.21323529,0.07352941,0.12847222,,91.46091198867032,106.89949522527017,97.14916488473445,48.16728032986111,54.177863368055554,0.07135114583333335
543135,Nathan Eovaldi,TEX,44.1,8.0,8.0,182.0,46.0,34.0,14.0,14.0,19.0,3.0,3.0,2.8421053446749736,3.459712869407054,3.7395990235597707,3.981407387921274,0.25274725,0.1043956,0.140625,,99.25585227272727,100.64701704545456,99.50110795454545,45.53516223011365,57.45319267045454,-0.05337909090909092
605280,Clay Holmes,NYY,25.1,26.0,0.0,109.0,27.0,25.0,4.0,7.0,8.0,2.0,0.0,1.4210528767670714,2.219111193778414,2.875641272915452,2.534643901070165,0.24770642,0.0733945,0.10776942,,123.77364727608494,103.40266455612714,123.10265400342962,61.928475463659126,50.25274293233083,-0.5361299498746867
621244,Jose Berrios,TOR,74.1,12.0,12.0,292.0,58.0,62.0,23.0,23.0,18.0,5.0,10.0,2.7847534108654313,4.283071725641635,4.1411255002295295,4.195906678444153,0.19863014,0.06164384,0.08545455,,97.33565440663386,103.96008479418195,103.1841265947384,44.477061793855306,56.41502110009911,-0.1088090485629336
681867,Cooper Criswell,BOS,43.2,10.0,9.0,181.0,41.0,42.0,19.0,24.0,10.0,2.0,5.0,3.9160306768938122,3.601594297944663,3.6019689880546437,3.6942032182916003,0.22651934,0.05524862,0.07878018,,102.39707590111463,103.53131487944927,102.74018754121563,52.91766764930115,53.77130880559084,-0.6939966836086404
669854,Ronel Blanco,HOU,59.0,10.0,10.0,235.0,57.0,36.0,16.0,16.0,25.0,1.0,7.0,2.4406780450037955,4.098683198256523,4.222082293846123,4.285737391429338,0.24255319,0.10638298,0.12513256,,90.8866274475501,104.08983929672378,99.71506691394654,41.06941327677624,43.19929158006363,0.05030058324496289
670970,Adrian Morejon,SDP,23.1,15.0,0.0,94.0,29.0,20.0,5.0,7.0,5.0,0.0,0.0,1.928571866209509,1.3236222172451533,2.749230466615352,2.5543069469542847,0.30851064,0.05319149,0.1448468,,120.94646431658822,116.26097781192968,132.06011718374793,63.12963637883009,65.66151930362116,-1.7763815041782733
663776,Patrick Sandoval,LAA,60.2,12.0,12.0,269.0,64.0,63.0,36.0,40.0,27.0,2.0,7.0,5.340659564538456,3.990655637014865,3.9860485660521556,4.185659824628035,0.23791822,0.10037175,0.11827957,,100.72974151546507,101.93842104086427,106.1412335247456,51.861078010752685,51.31128197132616,0.0540899551971326
641927,Bailey Ober,MIN,57.0,11.0,11.0,232.0,58.0,51.0,31.0,31.0,12.0,3.0,10.0,4.8947369239997345,4.201567514906227,4.122562210363588,3.8257511836066214,0.25,0.05172414,0.12432432,,96.82301030099048,112.18011637224996,108.78333390867485,46.24537448648649,67.42570469189188,-0.38189129729729737
679525,Alec Marsh,KCR,55.0,10.0,10.0,226.0,46.0,46.0,23.0,24.0,17.0,2.0,6.0,3.763636494155762,3.9482979872207027,4.426999458899965,4.415837304124578,0.20353982,0.07522124,0.0962877,,94.07805083494681,98.4818497205029,92.38568690417365,42.105174640371224,46.81481102088166,-0.12156504640371228
667755,Jose Soriano,LAA,58.1,12.0,10.0,246.0,54.0,46.0,25.0,28.0,25.0,4.0,5.0,3.857143004281186,3.920765521349227,3.972886293851488,4.1126121458094325,0.2195122,0.10162602,0.1069869,,109.24008597795584,97.84924543417269,107.2995087807347,61.82806037117905,40.08489070960698,0.2002863209606987
668941,JoJo Romero,STL,27.2,26.0,0.0,104.0,26.0,19.0,4.0,4.0,4.0,2.0,1.0,1.3012049893437438,2.4074435345059446,2.86662948268167,2.6613751605999094,0.25,0.03846154,0.11192214,,106.13206242473397,102.48466897687337,104.84412907665464,50.9163991089109,57.226062920792074,-0.27597841584158417
548389,Ross Stripling,OAK,55.2,11.0,11.0,252.0,35.0,77.0,36.0,44.0,12.0,1.0,6.0,5.820359547340235,4.010791194107669,4.510921548133321,4.842386277384717,0.13888889,0.04761905,0.08147321,,86.91985940290179,111.43823783482142,97.46005632440476,31.375295803571426,60.9519859375,0.17299046875
669456,Shane Bieber,CLE,12.0,2.0,2.0,45.0,20.0,10.0,0.0,0.0,1.0,0.0,0.0,0.0,0.08314644495646206,0.5871492470304176,1.3374920492290854,0.44444444,0.02222222,0.1686747,,90.35951807228916,103.28397590361446,98.25397590361446,47.52937500000001,59.01599499999999,0.09292500000000001
683769,Hunter Gaddis,CLE,28.1,29.0,0.0,107.0,26.0,18.0,5.0,6.0,5.0,2.0,1.0,1.5882355441478277,2.531185560630664,3.7800423101430702,3.2930382732375323,0.24299065,0.04672897,0.13043478,,104.82440291166635,109.55841432225067,113.16395278378909,58.19680368286445,65.3431006905371,-0.7040001534526853
672282,Reid Detmers,LAA,63.0,12.0,12.0,277.0,70.0,66.0,43.0,45.0,27.0,2.0,10.0,6.142857328834453,4.388702037515255,4.125219973453157,4.054483088001177,0.25270758,0.09747292,0.13351499,,106.15946565430814,95.62014715937504,100.58605986386229,44.23530504995459,44.768465712988196,-0.114455876475931
681293,Spencer Arrighetti,HOU,43.2,9.0,9.0,200.0,51.0,49.0,29.0,29.0,23.0,2.0,4.0,5.9770994542063445,3.738998883098832,4.140961951612778,4.247317809014893,0.255,0.115,0.12068966,,93.78896255397676,103.03320683449596,98.89958136447818,57.53787640394089,55.68647184729064,-0.2577057635467981
663855,Jordan Hicks,SFG,63.1,12.0,12.0,258.0,52.0,51.0,19.0,23.0,19.0,4.0,6.0,2.700000013552214,3.8454271501187143,3.9269081348782633,4.078786290071906,0.20155039,0.07364341,0.1042654,,105.39856862880592,102.69005755968143,108.15051083405389,53.02316382938389,48.398013080568724,-0.22027175355450238
656730,Trevor Megill,MIL,15.0,16.0,0.0,60.0,21.0,13.0,4.0,5.0,3.0,0.0,1.0,2.4000001573562724,1.8331463575363103,2.88169040749858,2.398854084014893,0.35,0.05,0.175,,124.09548717948717,101.17988461538461,123.01255769230768,71.22234133333333,56.70236358333333,-1.0200931249999998
450203,Charlie Morton,ATL,56.2,10.0,10.0,238.0,59.0,52.0,27.0,29.0,23.0,5.0,6.0,4.288235486568473,3.942950401372152,3.8472398705823605,4.01988105215815,0.24789916,0.09663866,0.11948332,,94.95509484769013,96.41303706477302,90.65180907180086,43.58605277717977,46.150335403659845,-0.06693214208826692
662253,Andres Munoz,SEA,25.1,24.0,0.0,97.0,35.0,15.0,4.0,5.0,8.0,1.0,2.0,1.421052811569312,2.4954270617153984,2.4837484907271814,2.34303803654978,0.36082474,0.08247423,0.17258883,,113.40944162436548,99.3051269035533,113.02421319796956,59.57301865482234,45.346629644670045,-0.2730040355329949
693433,Bryan Woo,SEA,27.2,5.0,5.0,98.0,18.0,14.0,4.0,4.0,2.0,1.0,1.0,1.3012048491789312,2.6604556702757662,3.8847542740564633,4.031919840242454,0.18367347,0.02040816,0.11016949,,104.64587570621468,113.30593220338982,114.010395480226,48.61663559322034,73.77597240112993,-0.8864648587570622
674003,Cody Bradford,TEX,19.1,3.0,3.0,71.0,17.0,10.0,3.0,4.0,2.0,0.0,1.0,1.3965518159900412,2.390617658295328,4.142631252468346,3.7831873329847294,0.23943662,0.02816901,0.11235955,,92.50988764044943,111.56636704119849,100.96936329588014,43.66463161048689,66.12311205992509,-0.346006404494382
657044,Ryan Thompson,ARI,23.2,22.0,0.0,89.0,19.0,20.0,3.0,3.0,2.0,0.0,1.0,1.1408452476047888,2.3636627521975364,2.9004576062324166,2.673319161886201,0.21348315,0.02247191,0.0984127,,118.31212486772485,101.0937037037037,112.39888253968255,55.678872507936504,53.67916247619049,-0.8925702539682537
458681,Lance Lynn,STL,57.1,11.0,11.0,249.0,53.0,54.0,22.0,30.0,23.0,3.0,7.0,3.4534884486861217,4.265317011962652,4.445047769731335,4.444935141500013,0.21285141,0.09236948,0.10010111,,97.60969942495095,91.40926080369196,89.83560038963043,44.163959536934954,38.029730727673645,0.24010130099228227
542881,Tyler Anderson,LAA,69.1,11.0,11.0,280.0,48.0,49.0,19.0,20.0,29.0,1.0,8.0,2.4663461990786737,4.579941342674064,5.173491454482293,5.222414897425197,0.17142857,0.10357143,0.12027158,,97.60211450979226,94.81734207717037,91.79786091475235,51.85185806983511,53.390022841901065,0.10758671193016488
605135,Chris Bassitt,TOR,60.1,11.0,11.0,261.0,56.0,61.0,27.0,30.0,25.0,3.0,7.0,4.027624521604534,4.210678728335415,4.2060462038920825,4.405646823425176,0.21455939,0.09578544,0.07473983,,98.6082511749312,99.96695912613991,97.3045651102156,41.76997875118259,48.37027826868496,-0.11951343424787134
682243,Bryce Miller,SEA,70.2,12.0,12.0,276.0,71.0,49.0,25.0,27.0,19.0,0.0,11.0,3.183962292796821,3.987234502655198,3.8037352972554084,3.737267404125927,0.25724638,0.06884058,0.11531191,,105.92209826955698,105.70244731867474,110.08235820243586,51.55192389413988,54.9161827410208,-0.8984408412098297
688107,Robert Gasser,MIL,28.0,5.0,5.0,114.0,16.0,28.0,8.0,9.0,1.0,3.0,2.0,2.5714285714285716,3.3807654925755095,4.180203671114786,4.344839576023173,0.14035088,0.00877193,0.10776942,,105.36409568224359,98.24054630246502,101.01440436534374,46.39380571428571,49.87760766917293,-1.1166267669172933
694973,Paul Skenes,PIT,22.0,4.0,4.0,84.0,30.0,15.0,6.0,6.0,5.0,1.0,2.0,2.4545454545454546,2.4392070510170676,2.1508483819663526,2.417644046887641,0.35714286,0.05952381,0.16353887,,110.73923597196745,117.30033210233942,125.08847928372522,63.8187119839142,63.79885721179624,-0.9876682841823057
664854,Ryan Helsley,STL,25.0,25.0,0.0,102.0,25.0,23.0,7.0,9.0,6.0,0.0,2.0,2.52,2.926479778289795,3.398488184511662,3.1603440390885584,0.24509804,0.05882353,0.14868805,,124.84983479105928,100.76365403304182,123.85838678328476,72.34784015197567,66.03897866261397,-1.5013729179331308
489446,Kirby Yates,TEX,20.1,20.0,0.0,78.0,25.0,8.0,2.0,2.0,10.0,0.0,0.0,0.8852460037089063,2.1828731075021217,3.595733584416645,3.3685221501014446,0.32051282,0.12820513,0.14836795,,94.44839990869664,102.73284181693677,98.9435243095184,47.51322908805032,54.620413710691814,0.03246295597484276
641729,Joe Jimenez,ATL,22.0,22.0,0.0,90.0,24.0,15.0,7.0,7.0,8.0,0.0,0.0,2.8636366235446573,2.075570588368021,3.793762115020531,3.419700932475308,0.26666667,0.08888889,0.14124294,,103.48365275966967,106.45120599739244,108.15048239895695,47.54735604519772,62.93888545197739,-0.44400033898305075
607074,Carlos Rodon,NYY,67.0,12.0,12.0,279.0,62.0,56.0,23.0,24.0,20.0,6.0,10.0,3.0895522827824875,4.420211139418921,4.668939731071564,4.271557059271528,0.22222222,0.07168459,0.12075134,,110.08526931047307,95.38071556350626,104.80662728705788,60.554648041144894,50.250489150268336,-0.3439857245080501
657514,Brennan Bernardino,BOS,25.0,21.0,2.0,92.0,25.0,10.0,2.0,3.0,10.0,2.0,0.0,0.7200001167297553,2.6064796874999856,3.876566954638786,3.6382784276843276,0.27173913,0.10869565,0.075,,105.18518456790126,86.95818179012345,86.83051358024692,44.69830124999999,47.05416330555556,0.39719663888888884
623352,Josh Hader,HOU,27.0,25.0,0.0,108.0,44.0,19.0,11.0,12.0,10.0,0.0,3.0,3.666666804272457,2.462776048176899,2.0823375049444954,2.098200273851024,0.40740741,0.09259259,0.1893617,,111.46244020542919,105.29725311812182,116.55754952311077,74.45945227659574,51.83938819148938,-1.0165299361702127
664285,Framber Valdez,HOU,54.2,9.0,9.0,222.0,42.0,51.0,24.0,24.0,17.0,4.0,5.0,3.951219627078557,3.9713578504724647,3.5014593958667035,3.6349403451519335,0.18918919,0.07657658,0.1011236,,104.48306068253999,94.75249637874556,101.7591902735962,48.69092456928839,39.387847328339575,-0.1762971285892634
681035,Christian Scott,NYM,27.2,5.0,5.0,112.0,25.0,24.0,12.0,12.0,6.0,1.0,3.0,3.903614547536794,3.527925569728387,4.304323283312545,4.05232722048911,0.22321429,0.05357143,0.11453744,,102.88729123837493,96.77015810083209,100.20911062163485,58.03719907488987,47.602388193832596,-0.04301766519823789
663542,Bryan Hudson,MIL,32.0,21.0,0.0,119.0,37.0,17.0,4.0,4.0,7.0,2.0,3.0,1.1250001026783232,2.91647975547239,2.9262365864181588,2.582243951819035,0.31092437,0.05882353,0.11914894,,101.85115235497364,107.11692240407345,105.69184702673215,60.49004368085106,61.57913023404255,-1.0431368510638297
547179,Michael Lorenzen,TEX,54.2,9.0,9.0,216.0,44.0,38.0,18.0,18.0,26.0,2.0,5.0,2.9634146686113714,4.282333449803954,4.476243579701113,4.849437592016499,0.2037037,0.12037037,0.09601874,,94.45904444202385,96.83852835136463,91.38486384992727,44.57523525761125,47.34001270491803,0.5200795081967213
656731,Tylor Megill,NYM,16.0,3.0,3.0,64.0,20.0,10.0,3.0,5.0,6.0,1.0,0.0,1.6875,1.978979778289795,3.8689902860671284,3.4696275215148926,0.3125,0.09375,0.12121212,,98.15939131956839,90.80619698898204,93.37040109807135,53.59853102272728,38.751431022727274,0.6220380681818181
594902,Ben Lively,CLE,50.2,9.0,9.0,202.0,47.0,44.0,16.0,16.0,15.0,0.0,7.0,2.8421054058127857,3.9954271883185246,4.258491281048434,4.187657640183735,0.23267327,0.07425743,0.08690176,,83.48927961767437,105.869110827354,87.55552188389757,28.518033047858943,50.9141933627204,0.07934232997481108
554340,Yimi Garcia,TOR,22.0,21.0,0.0,81.0,26.0,8.0,3.0,3.0,7.0,1.0,1.0,1.2272729533763387,2.4846614708584953,3.6806716258283245,3.0103888941831345,0.32098765,0.08641975,0.13607595,,128.51384615384615,104.10210808179166,128.14140701071082,61.36653113924051,61.17234066455696,-1.155981012658228
676254,Ryan Walker,SFG,30.0,30.0,1.0,120.0,40.0,24.0,10.0,10.0,5.0,5.0,2.0,3.000000202655806,2.3664797242482467,2.608619238501274,2.1817269980756033,0.33333333,0.04166667,0.13429752,,111.97894087730451,105.82685421964398,109.61592474570882,53.48870355371901,58.47413460743804,-0.7367502892561983
676664,JP Sears,OAK,67.1,12.0,12.0,276.0,45.0,56.0,30.0,31.0,19.0,3.0,8.0,4.00990117941286,4.354598646263976,5.033145691407656,4.936030013180122,0.16304348,0.06884058,0.09837631,,103.9046941841726,104.78428538395907,104.00345498095925,55.7337364183381,56.76658230181471,-0.4329567239732569
663559,Bailey Falter,PIT,64.1,11.0,11.0,248.0,38.0,45.0,23.0,23.0,16.0,0.0,9.0,3.217616643907945,4.549899494752632,4.8934970151047334,5.0433678109329865,0.15322581,0.06451613,0.08816705,,96.65595380932943,95.41628613205722,93.02064631760047,33.71982131090488,55.42745053364268,0.2964287935034803
571670,Dylan Floro,WSN,28.2,28.0,0.0,112.0,22.0,21.0,3.0,3.0,8.0,0.0,0.0,0.9418606211312208,2.4688052441185206,3.629183980639802,3.7249004806894246,0.19642857,0.07142857,0.08591885,,91.4659509918545,104.36502776677328,95.90977868390456,35.045490835322205,62.96275252983293,0.12055708830548925
571945,Miles Mikolas,STL,65.0,12.0,12.0,275.0,50.0,72.0,40.0,40.0,14.0,2.0,10.0,5.538461782241019,4.366479831108682,4.087843235158412,4.280781092292981,0.18181818,0.05090909,0.07163886,,93.08955932491507,108.52964430730133,97.88000213993098,35.89657326790971,69.58521684003927,-0.18786230618253189
502085,David Robertson,TEX,26.0,23.0,0.0,106.0,36.0,16.0,9.0,10.0,10.0,2.0,2.0,3.1153849653415113,2.7818643504698555,2.8867935821881123,2.6853339226920987,0.33962264,0.09433962,0.11502347,,108.39643192488263,97.01927464788733,109.71148122065728,59.07584077464789,42.10463281690141,0.2943974882629108
669093,Jeremiah Estrada,SDP,18.0,14.0,0.0,68.0,30.0,7.0,1.0,1.0,6.0,0.0,1.0,0.5000000819564,1.5553684030969506,2.261154235771582,1.8076395547098647,0.44117647,0.08823529,0.15714286,,101.99067857142857,117.47900446428572,122.12273660714285,68.26576785714286,49.994732892857144,-0.5307252857142857
623465,Evan Phillips,LAD,14.2,15.0,0.0,58.0,18.0,10.0,1.0,3.0,4.0,0.0,0.0,0.6136363914836795,1.5301160676666496,2.6641224237951757,2.6799871134524205,0.31034483,0.06896552,0.11392405,,115.42919831223628,107.43198312236288,120.30506329113925,60.50631540084389,66.09543978902954,-1.041484388185654
664076,Garrett Cleavinger,TBR,23.2,25.0,0.0,97.0,33.0,13.0,4.0,5.0,14.0,2.0,0.0,1.5211269355108958,2.405916310534347,3.3003439213099512,3.3584294691079655,0.34020619,0.1443299,0.13002364,,118.60143080927475,85.05752853993043,98.98262544276494,62.149364246231166,47.759754849246235,-0.41031932160804024
519326,Hunter Strickland,LAA,24.0,23.0,0.0,89.0,21.0,15.0,5.0,6.0,4.0,0.0,1.0,1.8750001536682375,2.4581463869040165,3.5544889168299774,3.2571017641182647,0.23595506,0.04494382,0.1043956,,113.62344796869799,106.19359881784882,118.99098720723721,62.950729478021955,59.54232967032966,-0.8096852472527473
445276,Kenley Jansen,BOS,17.2,18.0,0.0,75.0,23.0,12.0,6.0,6.0,10.0,1.0,0.0,3.056603893897597,2.4306306927218553,3.9711676200764074,3.5932400196482916,0.30666667,0.13333333,0.11764706,,121.42190834811431,96.42339129423397,114.48656247273996,42.2458234602076,58.07652397923876,-0.1999079584775087
573009,Joe Mantiply,ARI,20.2,26.0,1.0,84.0,17.0,18.0,10.0,10.0,6.0,0.0,0.0,4.354840363381316,2.392285935910894,3.9286821579211564,3.768693364065775,0.20238095,0.07142857,0.14385965,,103.63352096819588,94.8567771836007,98.79507646120648,46.98415010526317,53.276857824561404,0.07903259649122803
663978,Chris Paddack,MIN,61.0,11.0,11.0,266.0,54.0,72.0,31.0,31.0,12.0,1.0,11.0,4.573770634815986,4.379594570319842,4.142229227305418,4.07928151658579,0.20300752,0.04511278,0.10728745,,92.52405879552886,115.27309151066419,109.27169149749754,46.674364170040484,66.95804910931174,-0.5734868319838057
663158,Robert Suarez,SDP,26.0,25.0,0.0,94.0,24.0,13.0,2.0,2.0,6.0,0.0,2.0,0.6923077700758914,3.012633607161819,3.9898754789196285,3.426562500495872,0.25531915,0.06382979,0.12637363,,115.67854029304027,94.82287454212455,107.83947985347986,56.08377892857141,53.406059862637356,-0.6597399725274726
605452,Joe Ross,MIL,42.0,9.0,9.0,185.0,35.0,42.0,21.0,25.0,16.0,1.0,4.0,4.500000204358791,3.9521940996857747,4.586109298081831,4.6478113304009625,0.18918919,0.08648649,0.13126844,,91.23063356293565,104.84945972967435,99.2619075319161,42.929297477876105,57.92473153392329,0.11937752212389381
671096,Andrew Abbott,CIN,63.0,11.0,11.0,256.0,46.0,54.0,23.0,24.0,17.0,1.0,11.0,3.2857143354524028,4.833146470185941,4.79531760895669,4.705611164093018,0.1796875,0.06640625,0.0802775,,94.76677072949892,97.2902935195126,92.1983795101562,50.45220687809714,48.52090375619425,0.2190577304261645
621389,Ty Blach,COL,34.2,8.0,5.0,142.0,17.0,37.0,16.0,16.0,7.0,0.0,3.0,4.15384623002724,3.916479792044713,4.361642375900885,4.845454406218334,0.11971831,0.04929577,0.06016598,,79.92090781084781,106.93397029043685,80.49428783676245,27.98116491701245,67.77423369294605,-0.06834655601659752
623167,Chris Flexen,CHW,54.0,12.0,10.0,233.0,42.0,54.0,33.0,33.0,22.0,0.0,8.0,5.500000291400501,4.759072455260984,5.0171586853294325,4.933736507815722,0.18025751,0.0944206,0.08643326,,81.949669582976,97.93483093565652,82.31009065318608,41.65241812910284,44.11805696936541,0.7763814551422321
596295,Austin Gomber,COL,58.2,10.0,10.0,235.0,41.0,48.0,18.0,19.0,17.0,0.0,9.0,2.7613637111773195,4.632388908914792,4.33908017614959,4.612187676923263,0.17446809,0.07234043,0.09294513,,89.2643454138247,106.50742059452305,96.48503104957753,43.229830268757,57.62166052631579,0.08725786114221727
670167,John Schreiber,KCR,24.0,26.0,0.0,105.0,17.0,25.0,8.0,8.0,7.0,3.0,0.0,3.0000005066395663,2.999813083476486,4.574822105944848,4.1882509937775785,0.16190476,0.06666667,0.06234414,,98.72947630922694,111.43890274314212,107.07007481296758,51.42822441396509,57.52992391521197,-0.23337755610972571
663554,Casey Mize,DET,49.2,10.0,10.0,220.0,34.0,59.0,26.0,27.0,12.0,1.0,6.0,4.7114095467500094,4.15305699107078,4.196072674254617,4.460517062037617,0.15454545,0.05454545,0.08685446,,99.206372511666,106.9777608231115,105.34854010331297,51.16558618544601,60.239115046948356,-0.29709721830985913
677053,Andrew Nardi,MIA,21.1,27.0,0.0,92.0,27.0,22.0,13.0,13.0,7.0,1.0,1.0,5.484376154345471,2.3696046105643847,3.5321147062894833,3.0320272914840922,0.29347826,0.07608696,0.13,,111.02395,102.64659999999999,111.94059999999999,63.92931135000001,59.41389889999999,-0.9982326499999999
592791,Jameson Taillon,CHC,44.1,8.0,8.0,188.0,29.0,44.0,14.0,20.0,12.0,0.0,5.0,2.8421054058127857,4.136404639003683,4.64835551193786,4.77151928878345,0.15425532,0.06382979,0.07909605,,94.1249293457753,108.36328613880069,99.67845360601869,42.975432740113,66.30267867231638,-0.3152337429378531
573186,Marcus Stroman,NYY,69.1,12.0,12.0,285.0,55.0,55.0,20.0,24.0,29.0,3.0,8.0,2.59615392947691,4.4645567430282505,4.360256806962487,4.6325947800574525,0.19298246,0.10175439,0.08568905,,87.99280311786542,99.81606168739526,90.3401707206837,37.06688655477031,35.20423174911661,0.5003550353356891
502043,Kyle Gibson,STL,65.0,11.0,11.0,268.0,52.0,54.0,26.0,30.0,25.0,2.0,8.0,3.6,4.412633624443641,4.347903698453536,4.570977812225796,0.19402985,0.09328358,0.10176125,,85.83898643796465,98.49102446327888,93.28098487885525,46.13230906066536,44.5553408219178,0.7042370645792564
656756,Jordan Montgomery,ARI,44.1,8.0,8.0,194.0,28.0,55.0,29.0,29.0,15.0,0.0,4.0,5.887218087326983,4.091291814996333,4.5213157675330695,4.939427197372827,0.1443299,0.07731959,0.10044313,,91.08740588429168,97.35826136849565,88.68739588363611,43.08832085672082,49.893066809453465,0.3154858936484491
666129,Braxton Garrett,MIA,23.2,4.0,4.0,99.0,21.0,22.0,12.0,12.0,3.0,4.0,2.0,4.56338040428109,3.377747389599105,3.493021746986637,3.333224950341207,0.21212121,0.03030303,0.0819209,,99.69928341557606,97.62470928985198,95.2845834227276,50.243750367231634,54.42805214689266,0.03212076271186439
663423,Trent Thornton,SEA,24.0,25.0,0.0,98.0,24.0,20.0,10.0,11.0,7.0,1.0,1.0,3.750000800937585,2.70814634706409,3.4894872027229233,3.421776145460914,0.24489796,0.07142857,0.12401055,,106.34568915692924,105.85325417766052,108.07236813670059,57.65340989445911,59.80199601583113,-0.9493987335092348
621383,Tanner Banks,CHW,25.0,20.0,1.0,110.0,29.0,29.0,13.0,18.0,6.0,1.0,3.0,4.68000074200642,3.2464797909736656,3.440409572938279,3.0707855600860485,0.26363636,0.05454545,0.11848341,,100.22273527420445,110.66231888964113,110.91607537801852,47.281696279620846,58.67493279620854,-0.304010616113744
518886,Craig Kimbrel,BAL,21.0,24.0,0.0,82.0,31.0,11.0,7.0,8.0,9.0,2.0,2.0,3.0000002980232536,3.023622621241069,3.2255354091296513,2.60429109801086,0.37804878,0.1097561,0.10335196,,107.83639385474861,106.30784729981376,115.5688640595903,62.9904704469274,53.039417541899454,-0.5236958379888268
689147,Orion Kerkering,PHI,19.1,18.0,0.0,77.0,18.0,15.0,3.0,3.0,4.0,2.0,0.0,1.3965518159900412,2.235445234296434,3.252140608797087,2.946399854320472,0.23376623,0.05194805,0.11180124,,122.97861442904923,108.16976110845678,125.02920926899189,66.62863344720498,64.24228211180125,-1.231791645962733
676702,Hunter Stratton,PIT,27.1,24.0,0.0,112.0,28.0,25.0,14.0,15.0,4.0,2.0,3.0,4.6097570106451,3.2030651513901534,3.435757350651331,3.0319101997180558,0.25,0.03571429,0.14939759,,106.09888821596547,97.01016562966916,100.68673780699575,56.0003483373494,50.244714433734934,-0.1807272771084337
657585,Reed Garrett,NYM,29.0,22.0,0.0,125.0,44.0,26.0,10.0,14.0,14.0,1.0,4.0,3.1034485979823287,3.476824638088028,3.0393148879104093,2.8312436440148927,0.352,0.112,0.17489712,,109.03926097393689,87.9757098765432,100.20995884773662,61.029385246913584,40.37881814814814,0.34050465020576126
571760,Andrew Heaney,TEX,50.1,11.0,10.0,223.0,46.0,55.0,25.0,30.0,14.0,3.0,8.0,4.470198957822115,4.418135486479987,4.634942894998015,4.287832260643457,0.20627803,0.06278027,0.11764706,,96.38985601432414,102.39783600074527,95.93234206508859,48.10551054298642,56.994216391402716,-0.12019611990950226
607644,John Means,BAL,20.2,4.0,4.0,80.0,16.0,16.0,6.0,6.0,2.0,1.0,2.0,2.6129033061889926,3.3116410730780723,4.541074295329494,4.614040959014893,0.2,0.025,0.115625,,99.1893746071083,105.76823769946809,102.80305394705029,44.445286281250006,55.320557968749995,0.017412781250000054
675627,Michael Grove,LAD,28.1,22.0,1.0,122.0,37.0,24.0,17.0,17.0,11.0,5.0,2.0,5.400000446824503,3.1664797782897955,3.4762278042647896,3.0425409085639075,0.30327869,0.09016393,0.13319239,,92.18726744186044,107.94661557434816,101.79979739252995,57.43997336152219,49.17646799154335,0.13510562367864695
676130,Jose Butto,NYM,38.0,7.0,7.0,156.0,38.0,22.0,13.0,13.0,21.0,4.0,3.0,3.07894744569245,4.166479803386489,4.691962128223114,4.6604871354854165,0.24358974,0.13461538,0.10906298,,88.47900848967613,87.13510441073217,79.78190289108805,45.00667064516129,30.870988356374806,1.1851052227342551
665625,Elvis Peguero,MIL,25.2,25.0,0.0,109.0,23.0,27.0,8.0,9.0,12.0,1.0,0.0,2.805195206915491,2.893752466506345,3.895212723133313,4.012764521705176,0.21100917,0.11009174,0.12128713,,107.04053934340806,99.49237050547163,107.25378348097969,60.00857576732675,50.9241876980198,-0.19586170792079205
696136,Jordan Wicks,CHC,23.0,5.0,5.0,108.0,28.0,26.0,12.0,15.0,9.0,2.0,2.0,4.695652368614046,3.2969145663068518,3.941446200335707,3.808081792000286,0.25925926,0.08333333,0.13895216,,104.68709439276516,100.52805244196982,103.62700697251063,51.47592107061503,55.7937773120729,-0.27769669703872435
670059,Colin Holderman,PIT,18.1,19.0,0.0,77.0,26.0,9.0,2.0,5.0,9.0,2.0,1.0,0.9818183616370538,2.839206991077444,3.532160367396766,3.0356152316165703,0.33766234,0.11688312,0.11935484,,113.0890322580645,93.45832258064517,105.05382258064516,61.883990580645154,51.84020829032257,-0.060037064516128995
595014,Blake Treinen,LAD,9.2,10.0,0.0,35.0,13.0,6.0,0.0,0.0,1.0,0.0,0.0,0.0,0.7871692623026041,1.8820719800544754,1.7575601033009578,0.37142857,0.02857143,0.12686567,,109.7379104477612,106.90164179104477,113.7434328358209,58.10804671641792,49.921275223880585,-0.6316328358208956
434378,Justin Verlander,HOU,47.0,8.0,8.0,192.0,44.0,38.0,17.0,18.0,15.0,2.0,8.0,3.2553192149896666,4.5920117221088,4.79202514035109,4.532196269230597,0.22916667,0.078125,0.10568032,,108.16821664464995,90.86660501981504,99.42076618229854,39.96982043593131,53.08449309114927,0.31111549537648614
687765,Mitch Spence,OAK,38.1,14.0,3.0,154.0,34.0,32.0,15.0,16.0,12.0,1.0,3.0,3.5217394279622654,3.427349365546259,3.7510438053680177,3.749218289418571,0.22077922,0.07792208,0.12254902,,104.80424450522372,105.81705087237627,113.35890521829734,54.51700037581699,47.868183692810454,-0.5049660294117647
621112,Paul Blackburn,OAK,46.0,8.0,8.0,188.0,36.0,40.0,21.0,21.0,13.0,1.0,6.0,4.1086957373556,4.209958060792805,3.927705043365909,4.246973885501756,0.19148936,0.06914894,0.11612022,,90.24356260087553,110.59713186738735,103.92354304504897,39.69251878415301,58.60685976775956,0.10466703551912566
519151,Ryan Pressly,HOU,21.1,23.0,0.0,98.0,29.0,27.0,12.0,15.0,7.0,0.0,2.0,5.062500330037459,2.650854744674869,2.6369864424788085,2.7763007202176246,0.29591837,0.07142857,0.13383838,,102.80034619594964,101.3825774991292,105.13711126038713,54.4589319949495,53.00897497474748,-0.6956983585858585
596133,Luke Weaver,NYY,35.2,21.0,0.0,137.0,39.0,19.0,11.0,11.0,7.0,3.0,4.0,2.7757014340059576,3.2786293311789247,3.4740030441635206,2.850921585816179,0.28467153,0.05109489,0.13644524,,98.62514987692715,98.4390310013549,99.3491778257825,50.56154262118491,47.23045132854578,-0.06341759425493716
686539,Declan Cronin,MIA,26.2,18.0,0.0,111.0,27.0,23.0,4.0,6.0,11.0,3.0,0.0,1.350000228323081,2.7164797021821014,3.623684899349185,3.3736453264253377,0.24324324,0.0990991,0.14143921,,95.39538461538463,97.82476426799009,92.81761786600498,43.80227617866006,46.664449751861035,0.15236334987593048
650644,Aaron Civale,TBR,62.0,12.0,12.0,267.0,60.0,65.0,37.0,39.0,18.0,2.0,11.0,5.370967989781656,4.505189517484622,4.0033930759486065,4.0557979272352185,0.2247191,0.06741573,0.08895406,,107.84573318316106,96.4359585731972,100.23504562077036,40.748072922776146,44.0933259139785,0.47295387096774183
664126,Pete Fairbanks,TBR,16.0,17.0,0.0,70.0,19.0,14.0,7.0,9.0,10.0,0.0,0.0,3.9375,2.666479778289795,3.9894871337339284,4.0866374434931965,0.27142857,0.14285714,0.08984375,,114.97668402777776,85.94719618055555,99.69669270833334,56.18736445312501,39.224103593749994,0.4100593359374999
669211,Keegan Akin,BAL,26.1,25.0,0.0,108.0,29.0,20.0,13.0,13.0,10.0,0.0,3.0,4.443039225063468,3.5842014148342236,3.883148103757965,3.4618533104005618,0.26851852,0.09259259,0.0990991,,110.05440819108584,96.91558696854749,104.68813982842491,58.43401636585365,63.204761560975605,-0.6994810731707317
690986,Kyle Harrison,SFG,65.0,12.0,12.0,282.0,60.0,69.0,30.0,31.0,22.0,5.0,9.0,4.153846153846154,4.366479778289795,4.590244875848294,4.3250258496218805,0.21276596,0.07801418,0.09287054,,91.81272663765915,102.67008642369565,93.37755159474675,38.731518264540334,51.05577126641651,0.3871725891181989
682120,Tim Herrin,CLE,24.0,26.0,0.0,92.0,22.0,13.0,3.0,4.0,9.0,1.0,0.0,1.12500028498478,2.583146297186576,3.9691543539931544,3.824523031998014,0.23913043,0.09782609,0.12239583,,100.2372581845238,91.4919308035714,88.84451636904761,53.117324531250006,39.805593567708335,0.5076773697916667
676477,Garrett Whitlock,BOS,18.1,4.0,4.0,75.0,17.0,14.0,4.0,4.0,7.0,1.0,1.0,1.9636363976849018,3.330116144763537,3.8581230317368207,4.187445887776053,0.22666667,0.09333333,0.07476636,,92.15703638394169,104.55266090636574,99.79412214189148,57.331011744548285,52.89266224299066,0.12178800623052957
680767,Victor Vodnik,COL,32.1,25.0,0.0,138.0,25.0,34.0,10.0,11.0,13.0,0.0,1.0,2.7835055232327255,3.2283354565838556,3.9953523670871496,4.057749454751857,0.18115942,0.0942029,0.07944732,,101.64176015393633,101.04133791822912,103.44109430674196,53.04675963503649,47.37387450729927,-0.3179818613138686
683155,Joey Estes,OAK,20.2,4.0,4.0,87.0,20.0,19.0,14.0,14.0,6.0,1.0,2.0,6.096774381107649,3.505189466129109,4.588299289728581,4.52554174428213,0.22988506,0.06896552,0.11818182,,95.78587878787877,104.70981818181818,95.0347878787879,40.15108475757575,61.96624103030303,-0.14590299999999998
676534,Calvin Faucher,MIA,21.1,19.0,0.0,91.0,22.0,20.0,7.0,10.0,9.0,1.0,0.0,2.953125328662318,2.510229705253724,3.5733607341975664,3.6372459276818825,0.24175824,0.0989011,0.09711286,,101.1301056314757,96.15159319470683,94.5881365737128,52.825494330708665,46.80281262467192,0.0982123097112861
542888,Shawn Armstrong,TBR,27.1,21.0,5.0,113.0,31.0,24.0,11.0,12.0,9.0,0.0,3.0,3.621951530176169,3.312821254256509,3.490196041925302,3.345005809210722,0.27433628,0.07964602,0.08944954,,103.16328751526606,106.18970723215034,104.30842553597572,45.28802083538082,66.16743928746928,-0.6188023095823095
683232,Nick Mears,COL,24.2,23.0,0.0,116.0,31.0,27.0,15.0,16.0,16.0,0.0,1.0,5.472974238156955,3.1259392283775216,3.8248651247222645,3.9455225563015714,0.26724138,0.13793103,0.10480349,,100.8927074235808,90.58515283842793,94.99917030567688,55.7680406768559,43.52285816593887,0.38931375545851526
571578,Patrick Corbin,WSN,66.1,12.0,12.0,298.0,41.0,85.0,43.0,47.0,26.0,0.0,9.0,5.8341710499864,4.8699974233762635,4.678970985249064,5.097998571563246,0.13758389,0.08724832,0.08920188,,93.21315741707842,97.94196439427242,94.31752015145386,42.69154243192488,57.2544881596244,0.13494030046948358
678394,Brayan Bello,BOS,47.1,9.0,9.0,199.0,44.0,41.0,22.0,24.0,15.0,3.0,8.0,4.183098703924332,4.6453530574549635,3.630091995607876,3.824205387422496,0.22110553,0.07537688,0.11411043,,96.88856634728062,111.7710175777211,112.39227572895844,56.75413749693251,57.399168711656436,-0.39917023312883443
660896,Jorge Alcala,MIN,15.0,11.0,0.0,61.0,17.0,10.0,4.0,5.0,7.0,1.0,0.0,2.4000003337860574,2.499813018904779,4.6166250820163315,3.953617018184495,0.27868852,0.1147541,0.12449799,,109.57670394398106,101.67553701987435,111.05727278344148,58.96777742971887,53.843988313253014,-0.2581597590361446
650633,Michael King,SDP,66.0,12.0,11.0,282.0,74.0,55.0,30.0,35.0,29.0,0.0,13.0,4.090909268245232,4.802843485587887,3.822973443555738,3.9868110045814285,0.26241135,0.10283688,0.11743451,,94.27059259259259,99.9052521465787,95.62884506309709,49.494453622402894,51.16109504968383,-0.3101912014453478
571948,Hoby Milner,MIL,29.0,28.0,0.0,118.0,30.0,23.0,10.0,12.0,8.0,0.0,3.0,3.1034491305971628,3.269928082643034,3.124279537119059,3.1476973398451626,0.25423729,0.06779661,0.06373626,,105.8881860805861,105.07965508276183,104.07047492357268,45.17737635164835,62.62283837362639,-0.5293129230769231
669432,Trevor Rogers,MIA,51.0,11.0,11.0,245.0,44.0,67.0,32.0,36.0,25.0,1.0,6.0,5.647059140320898,4.499813186421118,4.39346815101708,4.712177002725497,0.17959184,0.10204082,0.10052356,,87.57132984293193,106.78626178010472,98.30563350785341,42.9328047643979,49.97289768586387,-0.2996400104712042
572955,Pierce Johnson,ATL,18.1,19.0,0.0,81.0,26.0,18.0,7.0,7.0,9.0,0.0,1.0,3.4363642713157785,2.5119342028010756,3.122414379213994,3.0762395261947155,0.32098765,0.11111111,0.12923077,,108.69963076923077,95.28203076923079,101.95895384615386,55.26353107692308,51.44225661538461,-0.26643276923076925
519008,T.J. McFarland,OAK,23.1,30.0,0.0,97.0,15.0,27.0,10.0,11.0,6.0,1.0,1.0,3.857144121613236,3.33790840591705,3.7527710887765497,3.508956740947554,0.15463918,0.06185567,0.08595989,,92.33614326647564,111.27394474007366,104.31207286123619,54.59867638968481,64.81989131805156,-0.6947655014326647
601713,Nick Pivetta,BOS,35.1,7.0,7.0,140.0,42.0,30.0,16.0,16.0,7.0,0.0,8.0,4.075471844780107,4.3268571785396865,3.2235466143304885,3.085587450384953,0.3,0.05,0.12815884,,108.60736462093864,108.54794223826715,116.04859205776172,58.535582960288814,64.97152169675091,-0.8897658844765343
607067,Colin Rea,MIL,59.2,11.0,10.0,259.0,42.0,59.0,25.0,26.0,21.0,1.0,8.0,3.7709498813970077,4.607820621845985,4.689350322214395,4.887153822492086,0.16216216,0.08108108,0.07363927,,95.39617929562434,98.3882817502668,94.71918890074706,38.580312187833506,56.736230384204916,0.23609622198505872
678495,Randy Rodriguez,SFG,17.1,10.0,0.0,73.0,22.0,13.0,5.0,8.0,7.0,0.0,0.0,2.5961540366065714,1.8395566040242142,3.2352567736938913,3.1285977156561926,0.30136986,0.09589041,0.11498258,,116.95943212988362,92.86968492846023,109.24595299873971,55.13148101045297,36.92144484320557,-0.7214673519163763
668933,Graham Ashcraft,CIN,58.2,11.0,11.0,263.0,47.0,64.0,31.0,36.0,21.0,5.0,9.0,4.755682024335082,4.888070762009663,4.491670537765195,4.526848815365499,0.17870722,0.07984791,0.10078278,,100.16196253844005,96.77551206784085,99.60372565464543,50.93242184931507,42.59309516634051,0.2529822896281801
518876,Merrill Kelly,ARI,24.2,4.0,4.0,92.0,21.0,17.0,6.0,6.0,6.0,0.0,3.0,2.1891892456155015,3.7745879020718793,3.6646501323189704,3.8881583167831995,0.22826087,0.06521739,0.11357341,,94.77065312403818,105.94066851338874,101.85444875346262,41.59879634349031,62.84728058171745,-0.15354188365650967
572143,Burch Smith,MIA,25.1,22.0,0.0,112.0,20.0,30.0,9.0,10.0,8.0,1.0,0.0,3.19736883355377,2.6533218173490667,4.384173768825956,4.11725906084049,0.17857143,0.07142857,0.10025063,,100.91652754491594,92.96755158970223,95.45031303354172,45.77937150375939,52.549495238095254,0.09777929824561397
593423,Frankie Montas,CIN,47.0,10.0,10.0,207.0,33.0,48.0,24.0,28.0,18.0,4.0,7.0,4.595744873183307,5.102650072084614,5.128873749342372,5.0701558865353755,0.15942029,0.08695652,0.08727273,,101.5183499871502,103.28927559176326,104.73567293892943,47.3039799030303,56.851814193939404,-0.1283971393939394
594835,Marco Gonzales,PIT,17.0,3.0,3.0,69.0,11.0,15.0,5.0,5.0,5.0,0.0,1.0,2.6470588235294117,3.5194209547603834,4.444606820537763,4.8138742324185655,0.15942029,0.07246377,0.08606557,,85.27745901639345,97.58524590163935,83.16311475409836,36.438266598360656,52.33264290983607,0.44452180327868857
472610,Luis Garcia,LAA,25.1,27.0,0.0,102.0,24.0,20.0,12.0,13.0,6.0,2.0,2.0,4.263158805833658,3.245427163583011,3.293433146684415,3.107056654511963,0.23529412,0.05882353,0.12531969,,108.84542199488493,101.7814456858258,108.44657423610175,59.01927240409208,47.686682378516636,-0.25273887468030687
641712,Dakota Hudson,COL,57.1,11.0,11.0,257.0,31.0,56.0,32.0,36.0,29.0,3.0,5.0,5.023256092473856,4.893224060077683,5.157231845583794,5.468897508171744,0.12062257,0.11284047,0.07365145,,88.82361920781717,91.94383107144812,84.38390658066147,37.35077840778923,48.18701679266896,0.7026010194730813
621237,Jose Alvarado,PHI,24.1,26.0,0.0,98.0,24.0,17.0,9.0,10.0,10.0,0.0,2.0,3.328767456235962,3.4952469344612482,3.6695004364562616,3.7015112573617754,0.24489796,0.10204082,0.1175,,113.0698590909091,98.48098961038963,117.06933831168834,59.67599085,52.6899616,-0.11006472499999996
657097,Jacob Webb,BAL,26.0,28.0,0.0,105.0,24.0,16.0,6.0,9.0,13.0,0.0,1.0,2.076923564958264,3.3203259682867037,4.623105527985874,4.380456789465393,0.22857143,0.12380952,0.11519608,,95.28691176470588,98.2390864527629,93.88456327985742,49.84629395939086,51.34011322335025,-0.30844347715736037
669711,Greg Weissert,BOS,24.0,25.0,0.0,96.0,26.0,25.0,7.0,11.0,5.0,0.0,3.0,2.62500056391594,3.2498131295252217,3.010820783887051,2.9040563409528026,0.27083333,0.05208333,0.09653465,,110.96079207920789,108.84433580858084,116.54509488448842,58.3965979207921,60.81107923267327,-0.6035904455445543
628452,Raisel Iglesias,ATL,21.1,22.0,0.0,86.0,16.0,17.0,6.0,8.0,5.0,1.0,1.0,2.5312500412546806,3.11960477752582,3.9986130667266746,3.8424475795828297,0.18604651,0.05813953,0.11821086,,98.12202850823299,102.43689161956254,104.77130154829197,54.029925431309906,58.242600031948875,-0.17938386581469648
571882,Derek Law,WSN,32.2,28.0,0.0,140.0,29.0,32.0,10.0,10.0,13.0,1.0,2.0,2.7551027756032695,3.4726023089123808,3.9726912802723864,3.9994183607621068,0.20714286,0.09285714,0.12643678,,94.80600014927603,103.30638115141562,98.7244187689705,38.53530348659004,41.8539512835249,0.486208295019157
607481,Aaron Bummer,ATL,20.1,20.0,0.0,87.0,21.0,24.0,8.0,9.0,6.0,1.0,1.0,3.5409843625642075,2.7730370713382166,2.951664607923427,2.931775854511523,0.24137931,0.06896552,0.08426966,,118.48814606741573,103.30730337078653,115.0096067415731,60.95920530898876,60.98593488764046,-0.7096805617977527
523260,Joe Kelly,LAD,13.1,15.0,0.0,58.0,14.0,13.0,7.0,8.0,5.0,2.0,0.0,4.7250004928559575,2.641479723528022,3.435284219594763,3.3237041121188593,0.24137931,0.0862069,0.09821429,,108.14549883540371,93.4607529330573,101.65182121290546,63.405494196428556,39.524984732142855,0.1943946428571429
669276,Dylan Lee,ATL,25.1,17.0,0.0,103.0,21.0,22.0,4.0,8.0,8.0,0.0,1.0,1.4210528149127866,2.9691113317741302,4.127120772259364,4.002140990272892,0.2038835,0.0776699,0.16430595,,104.87672887852025,99.52101483086153,103.65102982836193,47.95540708215297,61.242073824362606,-0.14349566572237957
527048,Martin Perez,PIT,57.1,11.0,11.0,255.0,46.0,70.0,30.0,33.0,19.0,2.0,9.0,4.709302508360383,4.701363558792439,4.533094892524666,4.598478057790421,0.18039216,0.0745098,0.07758621,,84.06963492723168,105.89346863710142,91.62375652438801,31.523830086206896,56.161761357758614,0.6473696659482758
676974,Max Meyer,MIA,17.0,3.0,3.0,65.0,14.0,11.0,4.0,4.0,3.0,1.0,2.0,2.1176470588235294,3.7547150724074423,3.6483700429691988,3.734159383963843,0.21538462,0.04615385,0.14229249,,88.3709090909091,110.10332015810276,105.88371541501976,61.81583814229249,54.44963462450592,-0.025294545454545438
678061,Ray Kerr,ATL,17.0,6.0,2.0,77.0,23.0,21.0,11.0,11.0,3.0,3.0,2.0,5.823529738455926,3.048832712866443,3.031429353406125,2.709348006253717,0.2987013,0.03896104,0.17081851,,101.75345195729537,95.62270462633452,96.34839857651247,40.52761914590747,44.30606064056939,0.6436948398576512
641656,Ian Hamilton,NYY,24.1,21.0,0.0,107.0,23.0,23.0,8.0,8.0,10.0,3.0,1.0,2.9589047679358553,3.413055175617783,4.307967429928898,3.998447214872086,0.21495327,0.09345794,0.15632754,,105.84196758010573,96.2917642140468,99.6216396051354,47.10805786600497,58.58939667493795,0.01929766749379653
676395,Robert Garcia,WSN,17.2,24.0,0.0,79.0,23.0,20.0,10.0,10.0,7.0,0.0,2.0,5.094341610666198,3.223083573963864,3.1207515245701862,3.094311516452856,0.29113924,0.08860759,0.09731544,,105.0463255033557,99.01830536912752,100.92446868008948,57.83427308724832,62.20354711409398,-0.5452425503355705
605130,Scott Barlow,CLE,24.1,28.0,0.0,106.0,33.0,22.0,11.0,11.0,12.0,1.0,2.0,4.068494080826308,3.125383878483469,2.926813327076822,3.0785649744523558,0.31132075,0.11320755,0.15102975,,103.5059196347455,91.67401469496794,97.47199793643095,54.751700251716265,44.73764739130436,-0.24158919908466817
548384,Brooks Raley,NYM,7.0,8.0,0.0,25.0,9.0,2.0,0.0,0.0,3.0,0.0,0.0,0.0,1.8807653009891225,3.6087751655933626,2.970313084014893,0.36,0.12,0.09243697,,132.38453781512607,100.0257142857143,122.24084033613445,70.50754411764706,60.62022756302522,-0.8820556302521008
543056,Danny Coulombe,BAL,21.2,26.0,0.0,78.0,23.0,12.0,7.0,7.0,3.0,0.0,3.0,2.9076935168770732,3.2587875089843052,2.8544874081349927,2.5028704437575384,0.29487179,0.03846154,0.11538462,,107.30576575008702,103.56644515248065,112.71556494149777,53.730433609467454,45.928085887573964,0.00966609467455623
682847,Luis L. Ortiz,PIT,33.2,18.0,0.0,144.0,27.0,23.0,11.0,13.0,16.0,3.0,1.0,2.940594448130412,3.6417273658664273,5.321501449886439,4.716559328791784,0.1875,0.11111111,0.08411215,,101.33573271028037,92.34811495327104,94.42968785046729,53.50118287850468,41.038691700934585,0.34269340186915886
669194,Ryne Nelson,ARI,40.1,9.0,8.0,188.0,31.0,58.0,27.0,28.0,13.0,1.0,5.0,6.024793578369947,4.282182292802748,4.470027013567373,4.586799025305638,0.16489362,0.06914894,0.08867667,,101.2687037220316,102.12811205228451,102.38808186448152,52.33511215552523,60.77426718963165,-0.2289302319236017
672335,Cionel Perez,BAL,14.2,15.0,0.0,60.0,14.0,11.0,7.0,7.0,6.0,1.0,0.0,4.295455307722966,2.689206966320577,3.513938970616127,3.6523540883992096,0.23333333,0.1,0.12442396,,100.69416474654376,105.63525153609831,105.90399385560674,56.47629926267282,48.95565433179724,-0.47389930875576036
676684,Will Vest,DET,24.2,24.0,0.0,100.0,18.0,22.0,9.0,9.0,6.0,0.0,1.0,3.2837849475768586,2.963777003748014,3.724000646040393,3.9015610840148924,0.18,0.06,0.11671088,,98.0863023872679,104.31862068965513,98.72604774535809,47.455387951482486,58.245958706199474,-0.09947943396226415
656464,Kevin Ginkel,ARI,22.0,23.0,0.0,96.0,20.0,24.0,10.0,15.0,5.0,1.0,2.0,4.090909473290164,3.3482979771026913,3.8846712161264763,3.6382952736425214,0.20833333,0.05208333,0.096,,90.41787093795092,115.41104669552671,108.78669194805195,49.41781378666666,57.97742775999999,-0.40638493333333336
493603,Adam Ottavino,NYM,21.1,22.0,0.0,94.0,30.0,20.0,13.0,13.0,8.0,2.0,3.0,5.484375863205195,3.588354844690195,3.1777376608947128,2.786157322252905,0.31914894,0.08510638,0.11081081,,108.94396379661399,93.81360743405943,98.53943104714622,56.80482310810812,52.219855918918924,-0.2006386486486485
664299,Cristian Javier,HOU,34.2,7.0,7.0,150.0,27.0,30.0,15.0,16.0,19.0,0.0,4.0,3.894230840650537,4.753018268925199,5.564646520245726,5.616064408344572,0.18,0.12666667,0.10157618,,99.17952107286986,93.62355904972208,97.50867973806443,50.01409350262697,41.857566514886166,0.4398632574430824
573204,Caleb Thielbar,MIN,12.2,17.0,0.0,61.0,15.0,17.0,7.0,9.0,6.0,0.0,1.0,4.973685712303769,3.2454271705485853,4.3677552445868555,3.9304818320956647,0.24590164,0.09836066,0.10300429,,108.76068669527899,102.32120171673817,107.91776824034334,50.24201125,62.149180324074074,-0.4032645833333333
592779,Brock Stewart,MIN,13.1,13.0,0.0,52.0,17.0,8.0,1.0,1.0,6.0,0.0,1.0,0.6750000160932544,2.9414797729253768,3.100486081382783,3.110442105903836,0.32692308,0.11538462,0.14832536,,118.20721956406169,89.99595427963847,107.972562466773,63.10872407216494,51.92793608247423,-0.4947657731958762
663773,Bryan Hoeing,MIA,19.2,11.0,0.0,76.0,16.0,13.0,4.0,4.0,5.0,0.0,1.0,1.830508622517717,2.963089931343382,3.378417982898583,3.528654294524766,0.21052632,0.06578947,0.08637874,,100.24485049833886,104.1251827242525,103.16405315614618,46.287559501661136,56.00897162790697,-0.07363162790697673
657006,Justin Steele,CHC,37.1,7.0,7.0,160.0,36.0,34.0,17.0,22.0,11.0,3.0,6.0,4.098214529986907,4.452194140638628,4.185418542951421,4.035851740264892,0.225,0.06875,0.08777969,,99.92558717397371,104.07779342061316,105.18968458164173,49.39557316695353,53.845479552495696,-1.1658326161790018
656887,Sean Reid-Foley,NYM,16.0,16.0,0.0,70.0,21.0,11.0,4.0,10.0,13.0,0.0,0.0,2.250000284984744,2.9789797545410663,3.8294845907656985,4.326602949675344,0.3,0.18571429,0.12121212,,93.97492021665934,81.4277060459669,76.97200409896061,51.84313047138047,34.46182626262627,0.730711919191919
666159,Matt Manning,DET,27.2,5.0,5.0,123.0,23.0,31.0,15.0,15.0,12.0,0.0,3.0,4.8795185208165295,4.214672645724457,5.209674057923791,5.047475733967616,0.18699187,0.09756098,0.10273973,,99.75770458160177,97.51006207993434,96.57411369349957,48.75340716894977,52.184461095890406,0.05149495433789954
668674,Lucas Erceg,OAK,22.0,21.0,0.0,87.0,27.0,14.0,7.0,8.0,8.0,2.0,2.0,2.8636366313031147,3.2573888776962434,2.9690301816923754,2.861170615702255,0.31034483,0.09195402,0.12804878,,114.24975609756099,105.32249999999999,118.74292682926827,64.26967408536584,58.740593140243895,-0.8227838414634145
681676,Ryan Fernandez,STL,23.0,19.0,0.0,96.0,28.0,20.0,8.0,10.0,8.0,2.0,2.0,3.1304350462663146,3.166479778289795,3.219355926742955,3.0159582537992677,0.29166667,0.08333333,0.1443038,,100.10848247027235,97.63657828922132,98.33536286919832,44.42124002531645,51.26961855696202,0.4374319240506329
663485,Cole Sands,MIN,23.1,20.0,0.0,98.0,29.0,20.0,13.0,13.0,4.0,4.0,3.0,5.014286647201974,3.380765532443726,3.458946702760478,2.685298323862151,0.29591837,0.04081633,0.10526316,,98.72205263157896,101.65989473684213,99.6376842105263,40.26550128947369,44.133586921052625,0.3326475000000001
672582,Angel Zerpa,KCR,23.1,25.0,0.0,93.0,21.0,20.0,4.0,4.0,6.0,1.0,2.0,1.5428575678505414,3.3807655516023702,3.4976867145899737,3.254314938499874,0.22580645,0.06451613,0.04043127,,103.82836349634192,98.64346553715825,104.94453857014503,46.41110541778974,61.129030700808606,-0.275627628032345
613534,Austin Adams,OAK,19.0,27.0,0.0,82.0,26.0,15.0,5.0,6.0,9.0,5.0,1.0,2.368421959084834,3.3243745755621172,3.43595798996355,3.0697088581527145,0.31707317,0.1097561,0.1420765,,91.96102003642986,103.47707650273225,98.42845173041891,68.4967149453552,42.73925819672132,-0.0944874043715847
665795,Edward Cabrera,MIA,21.1,5.0,5.0,97.0,31.0,20.0,17.0,18.0,14.0,1.0,3.0,7.171875106869267,4.197729793656618,3.5744864830776186,3.9319465309177053,0.31958763,0.1443299,0.12560386,,100.73299516908213,92.99048309178745,93.78478260869565,59.21821497584541,44.22139620772948,0.6060242753623188
666745,Jhony Brito,SDP,30.1,18.0,0.0,127.0,16.0,32.0,13.0,16.0,7.0,0.0,2.0,3.8571432765275464,3.6609853265625576,4.548467650017232,4.453310284046783,0.12598425,0.05511811,0.07075472,,102.82031297169813,100.98703661556603,106.45118632075472,46.68219379716981,52.190956721698115,0.37910172169811324
681911,Alex Vesia,LAD,25.2,24.0,0.0,99.0,32.0,9.0,4.0,7.0,15.0,1.0,3.0,1.4025977125737938,4.062583872434163,4.604933117661715,4.01757409353021,0.32323232,0.15151515,0.14070352,,113.43019961878356,92.13499465719404,104.10282857775466,59.91551675879396,53.180141582914565,-0.32796027638190955
592773,Ryne Stanek,SEA,20.0,23.0,0.0,89.0,23.0,19.0,9.0,11.0,6.0,2.0,2.0,4.0500012673441566,3.3664798408746917,4.183291865185705,3.419472801978567,0.25842697,0.06741573,0.13314448,,117.01331444759208,94.11841359773372,110.38696883852691,72.92775413597734,48.58221934844193,-0.43840263456090645
621366,Ryan Borucki,PIT,3.1,4.0,0.0,14.0,6.0,4.0,2.0,2.0,0.0,0.0,0.0,5.40000220477671,-0.4335216915613449,0.02008101550748842,0.8191066394196271,0.42857143,0.0,0.24,,97.85600000000001,114.79440000000001,117.4624,57.5584994,47.463554,-0.0244626
606303,Joel Payamps,MIL,21.0,23.0,0.0,86.0,17.0,17.0,9.0,9.0,4.0,1.0,2.0,3.8571432348417147,3.49981314426377,4.205728783292686,3.8428237268231866,0.19767442,0.04651163,0.10179641,,101.8130990518962,108.4511364770459,107.10411776447106,53.514397544910175,61.8586456287425,-0.631029760479042
592836,Taijuan Walker,PHI,32.2,6.0,6.0,144.0,25.0,40.0,20.0,21.0,12.0,2.0,6.0,5.510204349741856,5.309337025411628,5.189594526877318,4.940592024602643,0.17361111,0.08333333,0.06483301,,87.9324275402309,93.95381470607711,84.39174278713494,27.57823917485265,30.384666286836936,0.7052676620825147
660600,Enoli Paredes,MIL,5.0,4.0,0.0,15.0,7.0,0.0,0.0,0.0,0.0,0.0,0.0,0.0,0.3664797782897953,1.273684822022915,0.7116801997237151,0.46666667,0.0,0.125,,107.61607142857143,115.53785714285713,124.26571428571431,64.53128285714286,72.40249571428572,-1.4951619642857144
543339,Daniel Hudson,LAD,22.0,22.0,0.0,83.0,24.0,16.0,6.0,7.0,2.0,0.0,4.0,2.4545454545454546,3.6210252328352497,3.0443078947338194,2.5834037828028924,0.28915663,0.02409639,0.14845938,,100.53554406377937,112.30636069812537,110.98638224520577,52.243800392156864,59.96167957983194,-0.2960936694677871
689017,Landon Knack,LAD,20.2,4.0,4.0,83.0,16.0,14.0,6.0,6.0,6.0,2.0,3.0,2.6129033061889926,4.666479824435328,4.6084254753371034,4.492849127138679,0.19277108,0.07228916,0.11111111,,89.93769491222866,98.18376760482555,91.16354296994118,42.39481144781145,47.379790134680135,0.4247517171717172
605463,Tayler Scott,HOU,27.2,25.0,0.0,117.0,30.0,16.0,5.0,7.0,15.0,2.0,1.0,1.626506247192042,3.3110581113735327,3.8795458900071256,3.8548653998950915,0.25641026,0.12820513,0.11895161,,91.51549913284774,99.78845308706205,94.1045832466181,46.534155947580636,45.25397955645161,0.36964048387096765
622075,Yency Almonte,CHC,15.2,17.0,0.0,67.0,20.0,9.0,6.0,7.0,8.0,2.0,1.0,3.446809109491044,3.3579691732615196,3.879338477915452,3.4556647106719045,0.29850746,0.11940299,0.11567164,,112.86597947761193,93.58659825870646,104.99650497512438,62.00384104477612,44.21089526119405,0.08355417910447765
657612,Tim Hill,CHW,20.1,24.0,0.0,102.0,13.0,33.0,9.0,13.0,10.0,1.0,0.0,3.9836076297563627,3.510742166046518,4.47743632533856,4.164845283986221,0.12745098,0.09803922,0.05849582,,113.42234281734977,86.46785442969286,99.6716893065152,48.256760027855165,62.263987799442894,-0.0994781615598887
641540,Dane Dunning,TEX,45.2,9.0,9.0,191.0,53.0,33.0,20.0,24.0,22.0,3.0,8.0,3.941606058920202,4.765020013296321,3.812034622609624,3.9708214438522353,0.27748691,0.11518325,0.12207792,,90.84880909090909,88.48273311688313,83.8294172077922,41.328673974025975,41.962596142857144,0.9304821558441557
680704,Nick Sandlin,CLE,25.0,28.0,0.0,99.0,28.0,11.0,8.0,8.0,9.0,4.0,2.0,2.880000937271423,3.526479895448723,4.300890234940118,3.36197895518207,0.28282828,0.09090909,0.16966581,,102.39973421693989,91.18796080526157,94.6621298701299,59.48314372750643,41.11772017994859,0.18875208226221082
681869,Shawn Dubin,HOU,13.2,9.0,0.0,62.0,13.0,15.0,10.0,11.0,7.0,1.0,0.0,6.585366160014369,3.0201383080672537,4.347755506999352,4.144526164240462,0.20967742,0.11290323,0.12809917,,98.00760330578512,81.96132231404958,85.32595041322314,58.71779123966942,32.974933099173555,0.8212951239669422
686563,Jonathan Cannon,CHW,13.2,3.0,3.0,63.0,13.0,20.0,11.0,11.0,4.0,0.0,2.0,7.243902776015807,4.044528599625044,4.022880518552477,4.1871178456931775,0.20634921,0.06349206,0.09338521,,101.59125505455101,106.38279545281148,101.96019378957808,47.37056622568093,59.87044688715954,-0.08258821011673151
694363,Jared Shuster,CHW,24.2,10.0,0.0,104.0,14.0,21.0,9.0,9.0,10.0,0.0,1.0,3.2837839953824632,3.7745879255828436,5.3316806939534835,5.243333378756141,0.13461538,0.09615385,0.0958231,,84.16093366093367,100.20496314496314,88.02977886977888,35.54423624078624,38.95959523341523,0.7830372235872236
676272,Bobby Miller,LAD,11.2,3.0,3.0,50.0,18.0,11.0,7.0,7.0,6.0,0.0,2.0,5.400000294276662,3.852194101372546,2.660428372121462,3.204669884014893,0.36,0.12,0.11160714,,112.51196428571427,95.87285714285714,110.06517857142856,66.33669214285715,44.52047544642858,-0.17061441964285717
681517,Kyle Leahy,STL,15.0,10.0,0.0,62.0,9.0,13.0,8.0,8.0,5.0,0.0,0.0,4.800000944137759,2.9664797389507216,5.083291924028401,4.789370603995919,0.14516129,0.08064516,0.10460251,,91.21924686192469,109.10920502092051,106.0147280334728,49.477076778242676,53.213843389121344,-0.45858372384937235
665152,Dean Kremer,BAL,50.0,9.0,9.0,207.0,49.0,38.0,24.0,30.0,18.0,0.0,10.0,4.320000164794928,4.886479843902591,4.131130070678961,4.115913032834106,0.23671498,0.08695652,0.08848485,,99.15516324281779,101.84555674493858,100.7411881848791,43.520766800000004,51.106020036363645,0.16466349090909094
670280,David Bednar,PIT,23.1,26.0,0.0,104.0,25.0,24.0,16.0,17.0,6.0,2.0,3.0,6.171428939274401,3.723622668640956,4.190606013846258,3.4359089071273745,0.24038462,0.05769231,0.12085308,,112.095846310088,99.05375084631007,110.06752877454299,58.40481201421801,51.87084571090047,-0.3328854028436019
622098,Drew Smith,NYM,10.0,10.0,0.0,47.0,11.0,10.0,3.0,4.0,7.0,0.0,0.0,2.700000820756208,3.066479747891417,5.485693933248054,4.871505451199231,0.23404255,0.14893617,0.12437811,,100.58766169154228,98.23860696517413,96.99953565505804,51.969391044776124,49.46852985074627,0.011942935323383102
592155,Cam Booser,BOS,19.2,17.0,0.0,80.0,25.0,17.0,7.0,7.0,4.0,0.0,3.0,3.203390264161861,3.217327242800301,3.3100845588143,2.799788146514893,0.3125,0.05,0.15357143,,109.75127922077922,96.97594805194805,104.81302597402598,53.081291321428566,58.036403178571426,-0.48215774999999994
643511,Tyler Rogers,SFG,27.0,29.0,0.0,113.0,18.0,29.0,9.0,9.0,1.0,3.0,3.0,3.000000228484489,3.722035376157293,3.565598080654015,3.1749920647165717,0.15929204,0.00884956,0.07713499,,119.85656930611474,111.1662467330649,123.90157048338864,54.84161168044077,63.72297415977962,-1.0017963360881545
623149,Paul Sewald,ARI,7.1,8.0,0.0,26.0,7.0,3.0,1.0,1.0,1.0,0.0,1.0,1.2272727854611487,3.439207063947828,3.728309449775705,3.0775308558588486,0.26923077,0.03846154,0.11702128,,121.57015319148938,103.2563914893617,116.84042553191489,60.88189255319149,55.01841882978724,-1.5643441489361702
686730,Carson Spiers,CIN,13.2,4.0,0.0,58.0,8.0,15.0,5.0,6.0,3.0,1.0,0.0,3.2926830800071847,2.873796837844712,5.08649216939821,4.746941920929095,0.13793103,0.05172414,0.085,,100.11639464285712,98.45254285714287,94.91084285714287,46.906792100000004,60.77113195,-0.16442279999999998
656222,Jalen Beeks,COL,27.2,25.0,0.0,117.0,23.0,22.0,9.0,11.0,13.0,0.0,3.0,2.927711345864356,4.3231064828288,4.826249733682152,4.545576996214926,0.1965812,0.11111111,0.09341826,,95.36414449856376,88.98015049331835,86.78270763082304,47.72012405520171,30.361839787685774,0.815270976645435
669622,Anthony Bender,MIA,23.1,25.0,0.0,106.0,27.0,26.0,14.0,14.0,8.0,4.0,2.0,5.400000790868602,3.5093369713608173,3.6262581192654157,3.290131719478751,0.25471698,0.0754717,0.09821429,,116.79644957983193,97.89855042016809,110.99457983193277,62.992394799107146,50.88308613839286,-0.7424371875
594580,Sam Moll,CIN,10.0,12.0,0.0,39.0,8.0,8.0,3.0,4.0,3.0,1.0,0.0,2.7000005632640107,2.766479694843275,4.580890160825034,3.9613983718793655,0.20512821,0.07692308,0.11949686,,104.73371069182387,104.3411320754717,103.16628930817612,42.37828025157232,55.54317886792454,-0.41222213836477994
673513,Yuki Matsui,SDP,25.0,26.0,0.0,100.0,20.0,15.0,8.0,9.0,14.0,0.0,1.0,2.8800008136751565,3.766479947805453,4.637527927623286,4.808079484014893,0.2,0.14,0.12564103,,99.961539715518,87.66622138087355,91.59480171539411,42.81150028205128,35.11680938461539,0.864518153846154
679885,Justin Martinez,ARI,18.2,15.0,0.0,77.0,21.0,12.0,1.0,1.0,12.0,0.0,0.0,0.4821429513109918,2.845051144082467,3.736056271772605,4.10157694578139,0.27272727,0.15584416,0.14110429,,124.01168531216167,92.83016600505233,122.22824251172862,74.85121708588957,52.62048472392639,-0.8861861963190184
687424,Anthony Maldonado,MIA,12.0,10.0,1.0,49.0,7.0,12.0,5.0,5.0,3.0,0.0,1.0,3.7500003259629295,3.833146502905427,5.1438265933522045,4.968903499716622,0.14285714,0.06122449,0.14444444,,93.82348563985981,93.79434185647875,89.95463077660831,44.06745250000001,53.36491555555555,0.3798088888888889
676775,Keaton Winn,SFG,42.1,9.0,9.0,177.0,33.0,40.0,29.0,29.0,15.0,3.0,5.0,6.16535452457805,4.418448321594917,4.025950726554409,4.296514782395281,0.18644068,0.08474576,0.10385757,,102.85834367413003,97.60617278122471,102.11541475586729,54.513452551928786,47.567059703264086,-0.16519609792284867
670174,Josh Winckowski,BOS,24.1,12.0,3.0,113.0,19.0,27.0,9.0,16.0,11.0,2.0,2.0,3.3287672972361575,4.276068877368514,4.636734376069041,4.681355112875149,0.16814159,0.09734513,0.08674699,,101.94307056798625,100.59410384394721,106.41771141709695,51.793952216867474,53.479141012048196,0.07413339759036144
657649,Jared Koenig,MIL,25.1,18.0,2.0,105.0,20.0,22.0,6.0,7.0,6.0,3.0,2.0,2.131579224876786,3.6796377398342064,4.264804670016179,3.8457949169061654,0.19047619,0.05714286,0.09549072,,105.51673655846069,99.06389718327648,103.05833200005614,46.8243351458886,55.212028435013245,-0.43790883289124655
642701,Dennis Santana,NYY,22.0,19.0,0.0,87.0,15.0,18.0,11.0,11.0,7.0,0.0,1.0,4.50000081075878,3.3482979928659073,4.544308142975207,4.461110110898613,0.17241379,0.08045977,0.09202454,,107.94449037925264,96.63280744562185,103.30641592303401,54.329558036809814,49.75097273006135,-0.23160576687116563
673380,Dedniel Nunez,NYM,9.0,6.0,0.0,36.0,15.0,7.0,3.0,3.0,3.0,0.0,1.0,3.0000003377596918,2.2775907893239604,1.8411518998902778,1.8976665855616424,0.41666667,0.08333333,0.1862069,,105.85503448275861,101.37475862068966,111.24813793103446,71.48175206896552,61.07819344827586,-0.797110827586207
552640,Andrew Kittredge,STL,23.0,25.0,0.0,93.0,24.0,20.0,8.0,9.0,6.0,0.0,3.0,3.130435626313233,3.5577842315789487,3.3741404143927047,3.1846333524718866,0.25806452,0.06451613,0.13753582,,101.5541547277937,106.77644699140397,105.79335243553008,54.73228295522388,60.17044844776118,-0.5622903283582091
596001,Jakob Junis,MIL,4.0,1.0,1.0,16.0,4.0,3.0,1.0,1.0,1.0,0.0,0.0,2.25,1.916479778289795,3.4284881845116617,3.734549396514893,0.25,0.0625,0.19148936,,95.85106382978724,102.75617021276595,95.7595744680851,49.35698,62.67696999999999,-0.70214
675921,Spencer Howard,SFG,4.0,1.0,0.0,16.0,4.0,5.0,0.0,0.0,0.0,0.0,0.0,0.0,1.166479778289795,3.0564902860671284,2.9298853340148923,0.25,0.0,0.14285714,,89.5677551020408,107.01142857142858,94.21265306122449,35.84924,60.0595,-0.05985000000000001
605177,Andrew Chafin,DET,18.1,21.0,0.0,84.0,21.0,22.0,10.0,11.0,8.0,0.0,2.0,4.909092374774488,3.602843544936416,4.328964774190964,3.7831137179809105,0.25,0.0952381,0.14603175,,95.61326984126985,99.36139682539682,99.46857142857142,54.36542345637584,41.02949593959731,0.4537242617449663
656641,Jacob Latz,TEX,25.0,25.0,0.0,107.0,21.0,20.0,9.0,10.0,12.0,1.0,2.0,3.240000926971701,4.0864800415039815,5.163292118293001,4.640441278878634,0.19626168,0.11214953,0.11845103,,100.95498291571754,97.54429954441912,99.70656890660594,57.968333120728936,45.00398542141231,0.16269904328018223
592426,Luke Jackson,SFG,16.1,17.0,0.0,71.0,18.0,14.0,8.0,8.0,8.0,0.0,1.0,4.408163906087178,3.2277042769854503,3.635221230971088,3.728652515989601,0.25352113,0.11267606,0.12286689,,101.679679144385,103.33687138398643,104.89120621999965,61.75689590443687,37.735528395904446,-0.07110477815699662
664747,Alexis Diaz,CIN,21.1,23.0,0.0,96.0,22.0,18.0,14.0,15.0,15.0,3.0,1.0,5.906250937856534,4.244604949485829,5.407114985122627,4.8271830852563795,0.22916667,0.15625,0.09547739,,92.42874371859297,103.83804020100501,97.28638190954774,71.2004792964824,47.687804170854264,-0.06010198492462315
669330,Tyler Wells,BAL,15.1,3.0,3.0,67.0,13.0,18.0,10.0,11.0,3.0,0.0,3.0,5.869565339079428,4.6012624167314335,4.3257967594836995,4.220789012694995,0.19402985,0.04477612,0.11969112,,93.0117672867673,99.95678132678134,94.1324605124605,40.812665752895754,59.00877536679536,0.17378166023166022
700363,AJ Smith-Shawver,ATL,4.1,1.0,1.0,18.0,4.0,3.0,0.0,0.0,2.0,0.0,0.0,0.0,2.7049412828930715,5.147416579815006,4.964988344170745,0.22222222,0.11111111,0.10344828,,107.73777777777778,84.65999999999998,84.9262962962963,49.12721,41.4102,0.5545
656924,Ryder Ryan,PIT,13.0,11.0,0.0,57.0,14.0,9.0,5.0,6.0,7.0,2.0,0.0,3.4615389694124326,3.08955669008063,5.066798742162296,4.175872198374019,0.24561404,0.12280702,0.09292035,,99.54513676588896,92.30003103091597,93.12508619698887,46.42303230088496,45.42737486725663,0.2568000442477875
600917,Jose Leclerc,TEX,25.1,23.0,0.0,110.0,33.0,16.0,14.0,14.0,18.0,2.0,2.0,4.973684863896914,3.9559535662099403,4.183013195932184,4.095694445902222,0.3,0.16363636,0.15113872,,104.24157640615853,95.34665346643565,99.45698359006998,53.71125037267081,46.64824751552794,0.259115900621118
642100,Gabe Speier,SEA,16.1,22.0,0.0,75.0,22.0,14.0,11.0,11.0,10.0,2.0,1.0,6.061226543177868,3.472602330975546,4.250407262175429,3.7293004607510745,0.29333333,0.13333333,0.14141414,,105.63773256373257,96.38667821067823,98.69584656084653,42.73770104377105,49.52667558922558,0.20975717171717168
686796,Blake Walston,ARI,8.1,2.0,1.0,37.0,9.0,7.0,2.0,2.0,5.0,1.0,0.0,2.160000329589894,3.166479778289795,4.980890142613085,4.541837108742804,0.24324324,0.13513514,0.07638889,,89.30194444444444,94.88624999999999,83.14430555555555,35.84021506944445,39.80156465277778,1.0300831944444444
641941,Emilio Pagan,CIN,19.1,21.0,0.0,82.0,25.0,19.0,9.0,10.0,7.0,0.0,4.0,4.18965592588822,4.356135164653117,3.5434557986370487,3.0675222133810287,0.30487805,0.08536585,0.14779874,,104.1100869884832,104.25375520705708,105.53357224536467,54.20127188679246,62.943568710691835,-0.5595872955974842
656945,Tanner Scott,MIA,23.0,23.0,0.0,101.0,23.0,12.0,4.0,8.0,18.0,0.0,1.0,1.5652174582328175,4.079523295592272,4.697616857325931,5.048577520187882,0.22772277,0.17821782,0.11970075,,119.04430922693265,89.58274314214465,108.21128844555282,73.43666379052368,47.39361034912719,-0.6156522443890275
663878,Nate Pearson,TOR,21.1,22.0,0.0,95.0,25.0,19.0,10.0,11.0,10.0,2.0,2.0,4.218750882064526,3.728979895898398,4.069488636008918,3.657544039480739,0.26315789,0.10526316,0.1056701,,114.79277685400736,91.24987362820086,105.10207183239109,58.82698967654987,42.52595741239892,-0.24781396226415098
642528,Jonathan Loaisiga,NYY,4.0,3.0,0.0,20.0,3.0,7.0,0.0,0.0,1.0,0.0,0.0,0.0,2.416479778289795,3.1724839814007284,3.321316584014893,0.15,0.05,0.08196721,,133.4455737704918,95.43213114754097,125.90852459016394,73.41012606557376,62.14216573770491,-1.4345657377049181
642629,Emmanuel Ramirez,MIA,5.2,5.0,0.0,20.0,5.0,3.0,1.0,1.0,0.0,0.0,0.0,1.588235472312868,1.401773697942164,3.5363740403393313,2.988941584014893,0.25,0.0,0.13432836,,95.86507462686569,95.68776119402985,92.9065671641791,59.15988582089552,41.86801134328358,0.12894283582089552
663704,James McArthur,KCR,23.2,21.0,0.0,105.0,23.0,32.0,14.0,16.0,3.0,2.0,4.0,5.323944046345553,4.053803786014054,3.262149571262281,3.044292435849613,0.21904762,0.02857143,0.14511873,,101.9849604221636,104.59203166226912,108.4377308707124,57.85469189973614,53.29138279683377,-0.22215174142480218
669165,Kyle Hurt,LAD,6.2,3.0,1.0,27.0,3.0,8.0,1.0,2.0,1.0,0.0,0.0,1.350000128746045,2.716479735374447,4.077287430750862,4.729556119090862,0.11111111,0.03703704,0.14942529,,94.09942988505746,100.22676781609196,92.21085977011494,45.47948218390804,48.849600574712646,0.0991664367816092
687863,Porter Hodge,CHC,3.1,4.0,0.0,12.0,6.0,2.0,0.0,0.0,0.0,0.0,0.0,0.0,-0.433520597219506,0.020081971961488865,0.5622290840148927,0.5,0.0,0.21428571,,104.47761904761906,122.86142857142856,123.34809523809524,64.28717285714285,70.62145071428571,-1.5204638095238092
673929,Jordan Leasure,CHW,25.0,26.0,0.0,106.0,22.0,18.0,7.0,7.0,14.0,1.0,2.0,2.52000030941967,4.246479910898225,5.141850780800835,4.73167354779007,0.20754717,0.13207547,0.12705882,,98.55039999999998,93.29830588235293,92.79322352941178,53.83291792941177,43.570880611764714,0.10427901176470589
547184,Michael Kelly,OAK,31.1,28.0,0.0,128.0,22.0,27.0,9.0,11.0,10.0,3.0,2.0,2.5851069034233003,3.8366926791773173,4.937129163983768,4.462223346710205,0.171875,0.078125,0.09361702,,107.33494984802432,94.08109810874701,97.95724214792303,46.02303257446808,50.31120793617021,0.047670595744680896
500779,Jose Quintana,NYM,58.2,11.0,11.0,253.0,39.0,62.0,33.0,33.0,18.0,2.0,9.0,5.062500219453474,4.853979851440953,4.6637626006190755,4.824389515641258,0.1541502,0.07114625,0.07588358,,86.6874316451475,104.45081978006367,94.36481171697628,36.85304096673597,49.428927910602916,0.5057142307692308
571656,Buck Farmer,CIN,26.2,21.0,0.0,114.0,20.0,22.0,7.0,7.0,10.0,4.0,2.0,2.362500235866779,4.216479883119474,5.112590375284716,4.537817729840279,0.1754386,0.0877193,0.0988764,,96.12525446884578,93.42529366700713,91.05278511235954,47.23844496629213,40.45606150561798,0.38025022471910114
598264,Matt Barnes,WSN,13.1,14.0,0.0,60.0,10.0,16.0,10.0,11.0,4.0,0.0,1.0,6.75000070407994,3.5414798174053472,4.607691277019389,4.326164085702592,0.16666667,0.06666667,0.08016878,,81.83902953586497,100.10631504922644,85.50715541490857,25.935190632911393,31.937268734177216,1.5132110126582277
571927,Steven Matz,STL,27.2,6.0,6.0,127.0,17.0,37.0,19.0,22.0,11.0,2.0,3.0,6.180723246650422,4.756841315439612,5.205333599454169,5.400573283862779,0.13385827,0.08661417,0.07784431,,95.96766467065868,109.35317365269461,104.34950099800398,45.608693532934126,58.15212898203593,-0.23746500998003994
605155,Colten Brewer,CHC,11.2,7.0,0.0,47.0,12.0,9.0,4.0,5.0,4.0,0.0,1.0,3.0857147218743766,3.252194076119639,3.5635163317050833,3.4139739906365545,0.25531915,0.08510638,0.10096154,,95.61252066464239,105.4235568488529,102.72272984143049,42.15214427884616,51.11886100961538,0.37668192307692305
663765,Jake Woodford,CHW,4.1,1.0,1.0,20.0,4.0,5.0,3.0,3.0,2.0,0.0,0.0,6.230769687855771,2.7049412828930715,4.798491537397587,4.831209084014892,0.2,0.1,0.08139535,,92.8346511627907,100.91837209302327,89.9406976744186,42.53707,63.27263,-0.14553
656793,Nick Nelson,PHI,3.1,3.0,0.0,15.0,5.0,6.0,2.0,2.0,0.0,0.0,0.0,5.400000563263952,0.16647946536537717,1.9808897420893574,1.8782846427106705,0.33333333,0.0,0.07407407,,91.28111111111112,105.61555555555557,97.55444444444446,45.65665388888889,56.89732166666666,0.13392944444444443
642397,Gregory Soto,PHI,17.1,22.0,0.0,82.0,19.0,20.0,10.0,12.0,12.0,1.0,1.0,5.192308733846165,3.9741722479991983,4.6198724448035735,4.510467032849491,0.23170732,0.14634146,0.13636364,,113.87025974025974,87.76837662337658,99.18032467532467,62.1767150974026,50.73123798701298,-0.14962194805194803
663992,Richard Lovelady,- - -,11.0,13.0,0.0,54.0,9.0,18.0,11.0,12.0,3.0,0.0,1.0,9.000002511523688,3.5301162434018636,4.685038648035212,4.274210568131393,0.16666667,0.05555556,0.10714286,,101.70663492063491,97.25777551020407,100.55577324263037,55.59570020408163,56.86504928571429,-0.0036002040816326204
547001,Cody Poteet,NYY,11.0,2.0,2.0,42.0,10.0,9.0,3.0,4.0,1.0,0.0,2.0,2.4545454545454546,3.9846615964716134,2.8581230197440495,3.328955835675469,0.23809524,0.02380952,0.07692308,,88.04700632700634,114.70563103563104,108.049676989677,37.73703,62.856019999999994,-0.18392000000000003
669212,Eli Morgan,CLE,11.0,10.0,0.0,45.0,7.0,8.0,2.0,3.0,5.0,0.0,0.0,1.6363637826659594,3.2573888773267923,5.731584672354734,5.581489089103269,0.15555556,0.11111111,0.10227273,,91.14511363636365,97.01213636363636,88.74419318181818,43.62204784090909,45.786615454545455,0.6365495454545456
664849,Danny Young,NYM,5.0,4.0,0.0,19.0,6.0,2.0,0.0,1.0,3.0,0.0,0.0,0.0,2.566479778289795,3.7760865032672886,3.8295379425107017,0.31578947,0.15789474,0.14864865,,109.23486486486486,88.54756756756755,92.82783783783785,68.26702405405406,40.94076891891892,0.09942162162162156
671345,Jason Foley,DET,21.1,24.0,0.0,92.0,18.0,22.0,8.0,10.0,8.0,0.0,2.0,3.3750007150812658,3.822729917333375,3.8088616131030655,3.859861884906802,0.19565217,0.08695652,0.09821429,,105.08533577533578,102.00410951702621,107.76457654999322,49.462631329113925,57.235723544303795,-0.4107067088607595
608032,Carlos Estevez,LAA,17.0,17.0,0.0,69.0,17.0,17.0,9.0,10.0,3.0,0.0,3.0,4.764706174704461,3.990009240584393,4.275200068696826,3.6985833154917547,0.24637681,0.04347826,0.11152416,,98.66639405204462,100.95301115241637,100.12758364312268,44.45282676579925,53.049371003717475,0.12873353159851303
684320,Yariel Rodriguez,TOR,15.1,4.0,4.0,72.0,16.0,19.0,7.0,8.0,8.0,1.0,2.0,4.108695992900682,4.536045109256689,4.418140827710612,4.556395752511337,0.22222222,0.11111111,0.10264901,,97.74211920529801,92.3741059602649,90.56092715231789,60.52558506622516,48.67526490066225,-0.057026655629139104
683822,Naoyuki Uwasawa,BOS,4.0,2.0,0.0,16.0,3.0,2.0,1.0,1.0,2.0,0.0,0.0,2.25,3.166479778289795,5.056490286067128,4.894842365264893,0.1875,0.125,0.07936508,,87.11299372462163,86.57114064230343,72.28992986341822,42.86671253968254,42.0409234920635,1.1292338095238097
664350,Sixto Sanchez,MIA,35.2,14.0,7.0,162.0,17.0,43.0,24.0,29.0,14.0,3.0,3.0,6.056075041299733,4.736573307515652,5.296432992072967,5.422057460542465,0.10493827,0.08641975,0.0562701,,91.39449737927205,99.63307511715776,94.28687462141797,48.33416852090031,52.77439451768488,0.1750141479099678
669461,Matthew Liberatore,STL,28.2,18.0,3.0,118.0,23.0,27.0,16.0,17.0,13.0,0.0,3.0,5.023256619921886,4.282759027161325,4.34639486183631,4.5558583489194575,0.19491525,0.11016949,0.12910284,,100.66843388558924,92.086927164739,93.46647077211631,47.95541238512035,48.39782643326039,0.2971587527352297
655889,Manuel Rodriguez,TBR,9.2,9.0,0.0,46.0,9.0,11.0,3.0,6.0,4.0,2.0,0.0,2.793103924758734,3.166479778289795,4.417797293456164,3.918826439519663,0.19565217,0.08695652,0.10857143,,104.15058412698413,87.43024126984129,90.75276190476191,57.48210525714286,45.67836211428572,0.38247382857142853
605483,Blake Snell,SFG,19.0,5.0,5.0,97.0,24.0,27.0,22.0,23.0,11.0,1.0,3.0,10.42105315464688,4.587532481196188,4.126488675130488,4.2392990640341734,0.24742268,0.11340206,0.12378641,,96.59276886911073,98.2494936058602,103.11814096302193,53.47404594660194,34.64006679611651,-0.8488285679611651
607455,Anthony Banda,LAD,6.2,6.0,0.0,25.0,5.0,3.0,0.0,0.0,3.0,0.0,0.0,0.0,3.0164797626435744,4.830890039367555,4.759207484014892,0.2,0.12,0.04123711,,107.23031720856464,98.6334179222839,107.3619111816019,60.14543855670103,46.6697949484536,0.010895051546391808
664875,Justin Lawrence,COL,21.1,20.0,0.0,99.0,20.0,24.0,14.0,18.0,15.0,1.0,1.0,5.906250657324636,4.1508548878439,4.746361652827713,4.898867021470563,0.2020202,0.15151515,0.09207161,,107.2520015155821,91.66193236714975,95.4040674434025,63.11339797953963,35.19093508951406,-0.08884427109974424
663567,Peter Lambert,COL,29.1,14.0,3.0,134.0,23.0,35.0,23.0,23.0,15.0,2.0,3.0,7.056818731490965,4.666479895128455,4.78021520083572,4.881670277430138,0.17164179,0.1119403,0.10224949,,90.83009739971061,90.89905229946841,85.88806973442077,42.55020435582822,39.84604734151329,1.0749691411042943
681190,Randy Vasquez,SDP,26.2,6.0,6.0,120.0,18.0,38.0,17.0,20.0,5.0,1.0,5.0,5.7375003419816695,4.928979883342988,4.419290570896017,4.547908522819116,0.15,0.04166667,0.09664694,,105.82624380622504,98.32103237600423,101.32482368788185,51.6408624852071,57.20446998027614,-0.23829151873767263
656529,Sam Hentges,CLE,8.0,9.0,0.0,31.0,8.0,6.0,4.0,4.0,1.0,0.0,1.0,4.500001726672716,3.166479778289795,3.2424892644546075,2.879245210180183,0.25806452,0.03225806,0.13861386,,98.33127062706271,122.28960396039602,119.41049504950495,49.733509999999995,77.99736039603961,-1.0718987128712871
624522,Keegan Thompson,CHC,12.2,9.0,0.0,56.0,19.0,11.0,7.0,10.0,6.0,0.0,2.0,4.973684460172375,3.6401640125919266,3.0199614189352064,2.900986737827293,0.33928571,0.10714286,0.1416309,,97.86272486682788,102.70264270609336,101.38945330275803,52.130210257510726,57.77861416309013,-0.13338150214592281
623474,Jimmy Herget,ATL,6.1,4.0,0.0,26.0,4.0,6.0,2.0,2.0,2.0,0.0,0.0,2.8421054058127857,2.8506902887550414,5.476810284006873,5.034936185328293,0.15384615,0.07692308,0.11827957,,96.85139784946237,101.58473118279571,96.47311827956987,41.133317741935485,31.046062258064516,-0.02322569892473116
570632,Jose Urena,TEX,45.2,15.0,5.0,198.0,31.0,45.0,19.0,23.0,16.0,1.0,6.0,3.7445258390599467,4.633633177219716,4.382429578249914,4.559857701097357,0.15656566,0.08080808,0.09960159,,95.61637149813444,100.03258766521218,98.12662477075823,47.26085693227092,49.42214386454183,0.4649088844621514
657240,Julian Merryweather,CHC,4.2,4.0,0.0,21.0,6.0,4.0,1.0,1.0,2.0,1.0,0.0,1.9285717036347392,2.523622543744882,4.143631781465633,3.3726247804572966,0.28571429,0.0952381,0.15584416,,105.20675324675325,89.26103896103896,94.67766233766234,53.6204812987013,37.244997142857144,0.33746740259740265
669467,Andre Pallante,STL,16.0,10.0,1.0,71.0,10.0,17.0,7.0,8.0,8.0,0.0,1.0,3.9375004913891347,4.2289799108868635,4.644986792858634,4.710464003215447,0.14084507,0.11267606,0.0729927,,102.00249170537494,87.49178832116789,92.74685467816855,47.022539854014596,35.312535109489055,0.7577016423357664
669674,Sam Long,KCR,4.2,5.0,0.0,14.0,4.0,0.0,0.0,0.0,0.0,0.0,0.0,0.0,1.4521938085555652,3.0722030566220404,2.4316678664844744,0.28571429,0.0,0.14285714,,102.52285714285713,104.47857142857143,106.32535714285714,49.02268089285714,57.733477321428566,-0.17742125000000003
694037,Daniel Palencia,CHC,11.0,7.0,0.0,52.0,12.0,11.0,8.0,9.0,8.0,1.0,0.0,6.545454545454546,3.4392070510170676,4.676304837925867,4.465436179870716,0.23076923,0.15384615,0.10447761,,109.4838737347744,83.84435409161092,96.16772002058674,54.89967348258707,41.76200189054726,0.12463845771144272
667463,John King,STL,17.0,15.0,0.0,69.0,13.0,13.0,3.0,6.0,2.0,1.0,2.0,1.5882358621150534,3.695891732328146,3.322721556571166,2.8043812594129647,0.1884058,0.02898551,0.08119658,,103.38149656443777,110.22415954415953,113.61489190548012,49.98918615384614,60.81556047008547,-0.6755189743589745
622251,Josh Staumont,MIN,8.1,8.0,0.0,30.0,6.0,3.0,0.0,0.0,3.0,0.0,0.0,0.0,2.8064797645568844,4.25800788990128,4.257742418327159,0.2,0.1,0.11940299,,96.70880597014926,101.18328358208954,95.34074626865672,46.182806641791046,38.909034179104474,-0.44692179104477614
455119,Chris Martin,BOS,21.1,21.0,0.0,85.0,24.0,21.0,10.0,12.0,2.0,2.0,4.0,4.218750062864275,3.916479789465666,2.825612260001823,2.512695307864402,0.28235294,0.02352941,0.13311688,,107.51886294009023,109.55483989495353,113.25266578118851,45.57115558441558,69.37893941558443,-0.606365
669060,Bryse Wilson,MIL,48.0,14.0,7.0,199.0,39.0,40.0,17.0,18.0,19.0,2.0,8.0,3.187500255298821,5.020646593463619,4.806990767721036,4.611220405918407,0.1959799,0.09547739,0.0862069,,105.42570395189271,90.2116752929578,95.28560558976773,45.72200062334218,53.0256627188329,0.22045251989389922
674072,Tommy Henry,ARI,28.1,6.0,6.0,130.0,24.0,35.0,17.0,18.0,11.0,2.0,4.0,5.400000060586369,4.684126854140866,4.449782811040632,4.537614765431105,0.18461538,0.08461538,0.08333333,,86.91038759689924,106.60546511627908,92.18387596899225,35.53567511627907,58.22516445736434,0.23635453488372093
622250,Josh Sborz,TEX,5.1,7.0,0.0,25.0,5.0,6.0,1.0,2.0,3.0,0.0,0.0,1.6875004400500313,2.9789797293953475,3.8294846796815962,4.145234684014892,0.2,0.12,0.10280374,,99.3392523364486,95.14560747663553,97.92859813084111,50.627715327102806,33.73359140186916,0.6988710280373832
642048,Tayler Saucedo,SEA,14.2,16.0,0.0,62.0,15.0,12.0,5.0,5.0,6.0,1.0,1.0,3.0681825995693544,3.4392071204737378,3.686849851844763,3.6024509910375517,0.24193548,0.09677419,0.12719298,,102.91478407557355,93.11369095816464,97.38369095816466,49.79911258771931,44.786531754385976,0.48506350877192983
663531,Logan Allen,ARI,24.0,10.0,0.0,103.0,15.0,24.0,11.0,11.0,6.0,2.0,2.0,4.125000507105204,3.9998132140686242,4.554489055664488,4.353197000046589,0.14563107,0.05825243,0.09428571,,96.66834285714285,97.15,95.86148571428572,41.753247942857136,48.21762814285715,0.029266828571428555
614179,Jose Ruiz,PHI,12.0,10.0,0.0,50.0,12.0,9.0,3.0,5.0,4.0,1.0,1.0,2.25,3.499813111623129,3.8024874839931733,3.4192794840148926,0.24,0.08,0.16751269,,104.78345177664974,97.98538071065991,98.49401015228425,38.59713131979696,40.64069670050761,0.07029852791878179
656638,Alex Lange,DET,18.2,21.0,0.0,90.0,21.0,16.0,9.0,16.0,17.0,2.0,0.0,4.3392868250592285,3.9700514125600224,5.18505847857805,5.220963764371824,0.23333333,0.18888889,0.1193634,,100.69985752178856,90.64149829480863,96.34775975748389,60.116942095490714,31.26781265251989,0.9181539257294431
668338,Tyson Miller,- - -,19.1,16.0,0.0,74.0,20.0,13.0,5.0,6.0,2.0,2.0,3.0,2.3275864927384213,3.7354453654036313,3.5951799214191142,2.9269701384432993,0.27027027,0.02702703,0.15248227,,105.27412314635718,110.45504190844615,113.25004190844616,64.23096100432332,60.901979962838816,-1.5847456125522201
667725,Kyle Tyler,MIA,2.0,1.0,0.0,7.0,1.0,1.0,1.0,1.0,0.0,0.0,0.0,4.5,2.166479778289795,2.9224839814007284,1.5056678711405453,0.14285714,0.0,0.04761905,,82.12095238095237,129.5295238095238,119.31523809523809,38.45317,45.881,0.52343
669912,Kirby Snead,SEA,8.2,9.0,0.0,38.0,7.0,11.0,3.0,3.0,3.0,0.0,0.0,3.1153852295947297,2.5895565876241045,4.159719472879662,4.052682684427044,0.18421053,0.07894737,0.1038961,,102.95466921313981,92.34733995416349,92.3206462948816,50.373916883116884,52.79115610389611,-0.05368467532467533
694361,Will Klein,KCR,2.0,2.0,0.0,10.0,4.0,4.0,2.0,2.0,0.0,0.0,0.0,9.0,-0.8335202217102049,-0.8335202217102049,1.046889084014893,0.4,0.0,0.04878049,,106.72048780487802,115.1951219512195,125.53170731707316,57.468914390243896,75.12207,-0.9373529268292682
671212,Joe Boyle,OAK,27.2,7.0,7.0,129.0,29.0,25.0,22.0,23.0,23.0,1.0,3.0,7.156626670484122,5.082142472914333,5.312031111449824,5.573817054976408,0.2248062,0.17829457,0.09009009,,101.53105670376257,82.63838600953895,85.83398028616854,61.48279659459459,30.41727762162162,0.8187018558558561
689225,Beau Brieske,DET,8.1,5.0,0.0,32.0,4.0,5.0,2.0,2.0,3.0,0.0,0.0,2.160000329589894,3.2864797966003447,5.100890160923635,5.180293537139892,0.125,0.09375,0.12068966,,102.38706896551724,96.92379310344828,98.17706896551725,50.04308706896553,55.74166862068965,0.21286620689655175
670955,Edwin Uceta,TBR,4.0,2.0,0.0,15.0,5.0,1.0,0.0,0.0,2.0,0.0,0.0,0.0,2.166479778289795,4.434492387622595,3.644062415117826,0.33333333,0.13333333,0.18333333,,110.85834444444444,98.72623333333333,107.56146666666667,51.1016715,54.677221,0.26398599999999994
622554,Seranthony Dominguez,PHI,20.0,22.0,0.0,88.0,19.0,20.0,12.0,12.0,7.0,0.0,3.0,5.400000844895972,4.266479950398233,4.508892177348288,4.00462242425542,0.21590909,0.07954545,0.10160428,,114.87500231633729,91.37558216324938,106.21907926067851,58.2373155882353,43.81443352941176,0.2266861764705883
612434,Miguel Castro,ARI,8.2,8.0,0.0,39.0,6.0,12.0,5.0,5.0,1.0,0.0,1.0,5.192309287349638,3.628018381609763,3.8726435408590945,3.950346447298074,0.15384615,0.02564103,0.08917197,,101.2633462099973,106.11638150172975,108.57583100198467,59.959274904458596,54.599678598726115,-0.5220830573248407
605121,Justin Anderson,CHW,7.0,7.0,0.0,33.0,7.0,6.0,5.0,5.0,6.0,0.0,0.0,6.42857328969659,3.737908515151714,5.681919885958635,5.406703359958302,0.21212121,0.18181818,0.12686567,,107.77701492537312,87.25029850746267,96.8676119402985,66.92490850746269,39.24932656716418,0.355806791044776
622503,Nabil Crismatt,LAD,7.0,5.0,0.0,26.0,6.0,7.0,2.0,3.0,0.0,0.0,1.0,2.5714285714285716,3.309336921146938,2.7482012693371094,2.747323767666372,0.23076923,0.0,0.10752688,,89.58008960573477,112.69094086021505,104.52759856630826,53.67874086021506,62.80355731182796,-0.6935084946236559
663947,Tyler Holton,DET,28.2,20.0,0.0,111.0,24.0,19.0,14.0,14.0,5.0,3.0,4.0,4.395349387069472,4.143224086527455,3.858860461898816,3.45451027269812,0.21621622,0.04504505,0.11749347,,100.6083723375017,104.97795481196465,104.39283990655491,49.72361543080939,57.841846971279374,-0.3816198955613579
687922,Easton Lucas,OAK,3.2,3.0,0.0,23.0,6.0,8.0,6.0,7.0,3.0,0.0,0.0,14.727275280913489,2.348297818239046,4.822493821070679,4.05455894498799,0.26086957,0.13043478,0.08,,108.04138666666665,98.82613999999998,105.18701333333334,54.2622609,50.6186152,0.022814799999999982
693312,Kyle Nicolas,PIT,11.0,12.0,0.0,49.0,15.0,9.0,8.0,9.0,6.0,1.0,1.0,6.545455786807714,3.5301162108902235,3.585395826464684,3.3995358334893435,0.30612245,0.12244898,0.10775862,,116.85781672251646,77.20117771051778,92.33288968760132,67.92158219827587,30.491675,0.5937357327586206
675540,Xzavion Curry,CLE,12.2,3.0,3.0,56.0,8.0,15.0,8.0,9.0,3.0,0.0,2.0,5.684210811625571,4.666479853579877,5.359337257549072,5.215357276934095,0.14285714,0.05357143,0.08450704,,90.54877934272301,106.76448356807511,94.94534037558685,25.985138920187794,43.206870657276994,-0.5627505633802817
641312,Shaun Anderson,TEX,3.1,2.0,0.0,17.0,3.0,6.0,2.0,2.0,1.0,0.0,0.0,5.400000563263952,2.2664796844124697,2.720082253593465,3.5992135130339133,0.17647059,0.05882353,0.03571429,,81.5957142857143,107.65714285714286,97.16928571428572,47.53807285714286,54.09182142857143,0.3459228571428571
670810,Logan Gillaspie,SDP,2.2,2.0,0.0,11.0,4.0,2.0,0.0,0.0,0.0,1.0,0.0,0.0,1.2914792893453164,2.4254858897269815,1.680365452393529,0.36363636,0.0,0.14893617,,99.66382978723402,100.32042553191488,93.33148936170214,44.581812127659575,63.82035914893617,-0.26739999999999997
572020,James Paxton,LAD,52.0,10.0,10.0,219.0,31.0,44.0,19.0,19.0,28.0,1.0,7.0,3.288461659081593,5.3972490908831565,5.566336689597621,5.882998887667998,0.14155251,0.12785388,0.07622298,,89.50486991146064,94.4421843003413,83.92987980412525,34.34477266211604,48.76256369738339,0.6867670307167236
657265,Peter Strzelecki,CLE,5.2,4.0,0.0,22.0,3.0,5.0,0.0,0.0,1.0,1.0,0.0,0.0,3.166479778289795,4.233779949488379,4.093915036388896,0.13636364,0.04545455,0.07317073,,93.31899928263988,93.93245337159253,87.7489287422286,54.68724073170732,48.97779243902439,0.281664756097561
672552,Jack O'Loughlin,OAK,3.2,2.0,0.0,16.0,2.0,4.0,0.0,0.0,1.0,0.0,0.0,0.0,2.8937524538394737,4.955582489715896,4.740760334014892,0.125,0.0625,0.09677419,,92.79454545454547,81.50985337243402,67.19178885630498,35.432039677419354,30.55328483870968,1.8888538709677423
622065,Alex Young,CIN,2.0,3.0,0.0,10.0,2.0,4.0,0.0,0.0,0.0,0.0,0.0,0.0,1.1664787352079675,2.67848793000408,2.4740690840148925,0.2,0.0,0.1875,,95.30187499999998,118.4975,107.39437500000001,38.9286996875,80.0,-1.33652
682175,Joe Jacques,BOS,1.2,1.0,0.0,9.0,2.0,3.0,1.0,1.0,0.0,1.0,0.0,5.400002059937309,2.566479549407872,3.473684939212384,2.107124149384053,0.22222222,0.0,0.09090909,,108.20969696969698,64.36727272727272,66.34060606060605,56.29241,20.0,1.45849
621053,Tyler Ferguson,OAK,10.0,9.0,0.0,43.0,10.0,7.0,5.0,6.0,7.0,1.0,0.0,4.5000008985402,3.566479858160035,4.171283341413256,4.495678782246513,0.23255814,0.1627907,0.06111111,,114.03390277777777,96.13566666666668,104.95896296296294,58.423463444444444,57.29011944444445,-0.4684881666666666
573124,Taylor Rogers,SFG,22.1,24.0,0.0,94.0,27.0,19.0,7.0,10.0,7.0,2.0,3.0,2.820896341749675,3.703793367194495,3.650071418256609,3.0591064084190265,0.28723404,0.07446809,0.11671088,,107.58397877984082,98.99405835543766,101.02323607427059,52.01324875331565,48.67520058355437,-0.24619015915119366
674370,Osvaldo Bido,OAK,2.2,1.0,1.0,14.0,4.0,3.0,4.0,4.0,2.0,1.0,0.0,13.500003218651585,3.5414798676967836,5.809493017766056,4.564647447483026,0.28571429,0.14285714,0.14035088,,100.83157894736841,97.15122807017543,103.12912280701755,55.55245,52.45496,0.1678
672782,Yoendrys Gomez,NYY,1.0,1.0,0.0,3.0,3.0,0.0,0.0,0.0,0.0,0.0,0.0,0.0,-2.833520221710205,-2.833520221710205,-0.3372709159851066,1.0,0.0,0.30769231,,103.49538461538462,116.30153846153846,108.52153846153846,53.34428,80.0,-1.56747
622253,Dillon Tate,BAL,18.0,15.0,0.0,71.0,10.0,13.0,4.0,5.0,6.0,1.0,1.0,2.000000218550388,3.9442576410593904,4.314041530405607,4.223594789922126,0.14084507,0.08450704,0.068,,109.730976,96.30973999999999,106.45772400000001,48.3131696,51.36170359999999,-0.34763128000000004
543475,Jordan Lyles,KCR,5.0,5.0,0.0,19.0,3.0,2.0,0.0,0.0,2.0,0.0,0.0,0.0,3.166479778289795,5.585693228244782,5.096152904853738,0.15789474,0.10526316,0.15277778,,82.41722222222222,93.6911111111111,80.73583333333335,41.22344111111111,44.32547,0.7813534722222221
677020,Josh Walker,NYM,12.1,10.0,0.0,55.0,11.0,13.0,7.0,7.0,6.0,0.0,1.0,5.10810907911106,3.896209646734232,4.558489585095414,4.370985612777636,0.2,0.10909091,0.10232558,,95.19339534883721,91.17283720930233,90.43283720930232,49.12964725581395,35.14665879069767,0.7752177209302326
666201,Alek Manoah,TOR,24.1,5.0,5.0,103.0,26.0,17.0,10.0,16.0,8.0,4.0,5.0,3.6986303302623975,5.180178513654878,4.186653542613429,3.8447744173451395,0.25242718,0.0776699,0.12436548,,87.3228145518262,91.2327108305251,78.78592362052201,48.118523299492395,43.802764340101525,0.5836918020304569
458677,Justin Wilson,CIN,10.2,16.0,0.0,46.0,14.0,12.0,7.0,7.0,2.0,1.0,3.0,5.906252101239099,5.041480445349826,3.6532425607958645,2.8217111167386433,0.30434783,0.04347826,0.11702128,,107.71171229662077,103.90790050062579,110.32699780976219,54.10015622340426,66.90460212765957,-0.571476755319149
607179,Jordan Weems,WSN,20.1,23.0,0.0,91.0,16.0,19.0,13.0,17.0,12.0,1.0,1.0,5.754099327721639,4.150086500977255,5.44413025428612,5.119634768822875,0.17582418,0.13186813,0.09356725,,100.68280116959063,83.11044899285251,83.46445938921377,46.826009385964916,43.46850067251462,0.7258561988304093
605288,Adrian Houser,NYM,43.2,11.0,7.0,201.0,25.0,45.0,34.0,36.0,26.0,3.0,3.0,7.007633689816798,4.906937818897888,5.71048924826634,5.829718769481519,0.12437811,0.12935323,0.07162534,,90.39593450510223,95.96258099561555,87.77409304310714,40.591715316804404,47.66115426997244,0.5025172727272728
686993,Justin Sterner,TBR,2.0,1.0,0.0,9.0,2.0,2.0,0.0,0.0,1.0,0.0,0.0,0.0,2.666479778289795,5.690496590733528,4.973617973304448,0.22222222,0.11111111,0.10714286,,107.87142857142858,110.23285714285716,118.14285714285715,58.19336,80.0,-1.85199
663687,Hogan Harris,OAK,14.1,3.0,1.0,61.0,15.0,12.0,5.0,7.0,6.0,1.0,2.0,3.139535162241307,4.352526395136511,4.3318852006847735,3.955046768591264,0.24590164,0.09836066,0.11020408,,107.71371428571429,105.52669387755103,110.76677551020408,62.43592828571428,67.28822379591836,-0.8386946530612245
686613,Hunter Brown,HOU,49.1,11.0,10.0,224.0,53.0,57.0,35.0,36.0,24.0,2.0,9.0,6.385135307426415,4.9705338810229724,3.9474602697772325,4.160245617929045,0.23660714,0.10714286,0.09903122,,97.21804966580719,100.21521365809697,100.0898973640073,48.39847254036599,51.43559432723359,0.2253213132400431
608648,Tyler Duffey,KCR,9.0,9.0,0.0,42.0,10.0,7.0,5.0,5.0,8.0,1.0,0.0,5.000001688798839,3.9442578187696142,5.792268717224307,5.303667852397498,0.23809524,0.19047619,0.08465608,,91.18624338624339,101.74021164021163,95.07650793650794,42.99879455026455,53.93193063492063,0.19664719576719583
678226,Daysbel Hernandez,ATL,2.0,2.0,0.0,10.0,1.0,3.0,0.0,1.0,1.0,0.0,0.0,0.0,3.666479778289795,5.178488184511662,5.469559084014893,0.1,0.1,0.06060606,,110.43151515151514,106.83878787878787,116.79151515151514,64.95999090909092,76.79838636363635,-1.345871818181818
676092,Collin Snider,SEA,3.0,3.0,0.0,12.0,2.0,3.0,2.0,2.0,1.0,0.0,0.0,6.0,2.833146444956462,4.345154851178329,4.542562421822892,0.16666667,0.08333333,0.11111111,,102.1894358974359,114.5936923076923,116.80774358974358,53.32556622222223,51.03337422222222,-0.4242537777777778
672851,Joan Adon,WSN,4.0,1.0,1.0,18.0,2.0,3.0,1.0,1.0,3.0,0.0,0.0,2.25,4.416479778289795,4.794481879845262,5.9898278401524605,0.11111111,0.16666667,0.02777778,,88.24371428571429,91.42771428571427,82.722,38.87691,48.45539,0.46706999999999993
642232,Ryan Yarbrough,LAD,38.1,16.0,0.0,153.0,16.0,27.0,12.0,13.0,9.0,4.0,4.0,2.817391612462184,4.705610381394136,5.242386183539812,5.103614384810893,0.10457516,0.05882353,0.07360862,,109.90741848660203,102.51690209194491,106.84295175747066,40.34046522441652,57.42953021543985,-0.15021071813285458
676568,Ricky Vanasco,LAD,2.0,1.0,0.0,6.0,1.0,0.0,0.0,0.0,0.0,0.0,0.0,0.0,2.166479778289795,2.9224839814007284,2.676173537199615,0.16666667,0.0,0.15,,95.25684210526316,109.96,106.7,50.40803,68.9254,-0.07822
678692,Ronny Henriquez,MIN,2.0,1.0,0.0,9.0,2.0,2.0,0.0,0.0,1.0,0.0,0.0,0.0,2.666479778289795,5.690496590733528,4.973617973304448,0.22222222,0.11111111,0.10638298,,78.40595744680851,104.89872340425532,95.51361702127659,50.29488,46.143440000000005,1.30736
676760,Ron Marinaccio,NYY,12.2,9.0,0.0,46.0,10.0,5.0,2.0,2.0,5.0,1.0,1.0,1.4210527029063929,4.0349008745103685,4.202275940455069,4.2195173659820835,0.2173913,0.10869565,0.09714286,,97.82525714285713,88.37417142857143,86.13314285714286,45.39854382857143,42.678157199999994,-0.3898784000000001
656412,Alex Faedo,DET,31.2,19.0,0.0,128.0,27.0,25.0,12.0,13.0,10.0,0.0,4.0,3.410526705237351,4.050690405573553,3.8887617742264418,3.8808003730773923,0.2109375,0.078125,0.1541502,,95.8631014786002,106.10168436106416,101.5389246215525,52.674714090909085,57.46533877470357,-0.21072310276679843
676961,Caleb Boushley,MIN,2.0,1.0,0.0,10.0,1.0,3.0,2.0,2.0,1.0,0.0,0.0,9.0,3.666479778289795,6.690496590733528,5.833539084014893,0.1,0.1,0.03225806,,82.32903225806452,105.49419354838709,94.07806451612903,42.49898,33.53918,1.27924
543859,Michael Tonkin,- - -,22.0,15.0,0.0,101.0,20.0,20.0,8.0,18.0,9.0,4.0,1.0,3.2727275564651106,3.7119343710339803,4.5643061054171294,4.047486264991222,0.1980198,0.08910891,0.10779817,,102.99106355528987,98.0941361872926,99.02175123218817,50.019898279816516,50.073400986238525,-0.09580291284403672
666214,Joey Wentz,DET,23.0,16.0,0.0,110.0,28.0,28.0,15.0,16.0,9.0,3.0,3.0,5.869565947520125,3.992566837570405,3.545965030634642,3.3444573444047556,0.25454545,0.08181818,0.13425926,,101.647041005291,102.44546957671956,99.97568386243385,54.00320881944445,48.360632662037034,-0.24083636574074074
687014,Nick Avila,SFG,11.2,8.0,0.0,55.0,14.0,17.0,11.0,12.0,3.0,0.0,2.0,8.485714791502302,3.766479814052584,3.611519904777671,3.3417591671744096,0.25454545,0.05454545,0.10666667,,95.0734222222222,102.8208,94.30613333333334,37.888337155555554,47.02248768888889,0.49955875555555557
681892,Kody Funderburk,MIN,24.1,19.0,0.0,113.0,23.0,28.0,14.0,15.0,12.0,3.0,2.0,5.178083534143985,4.193877304905666,4.18171879103199,3.9866112966094343,0.20353982,0.10619469,0.09471366,,106.02808341768791,85.90485514581555,94.62374155276447,57.69543736725663,35.30580185840707,0.16994891592920358
670990,Yohan Ramirez,- - -,20.0,15.0,0.0,92.0,18.0,19.0,14.0,14.0,8.0,7.0,1.0,6.300000919997826,4.266479938924336,5.05288803967537,4.126619681885831,0.19565217,0.08695652,0.08831909,,107.63709209495373,92.96038397195629,102.57078503141396,68.56144800569801,38.893333304843296,-0.052199857549857585
598286,Nick Ramirez,LAD,9.1,6.0,0.0,39.0,3.0,9.0,4.0,4.0,5.0,0.0,0.0,3.8571429885163644,4.130765525418886,5.7507745872623515,6.129530540694985,0.07692308,0.12820513,0.09401709,,98.85948717948718,76.12786324786325,79.05094017094017,46.26970427350427,40.443039829059835,0.6645938461538462
663738,Daniel Lynch IV,KCR,12.0,3.0,2.0,46.0,8.0,7.0,2.0,3.0,2.0,1.0,2.0,1.5,4.749813111623129,5.10316045532624,4.6087854777529165,0.17391304,0.04347826,0.0797546,,89.27863517942686,97.28370283217077,87.48433649886545,39.19070656441718,44.900499999999994,0.2614249693251534
680885,Spencer Schwellenbach,ATL,5.0,1.0,1.0,22.0,5.0,5.0,3.0,3.0,1.0,1.0,1.0,5.4,4.966479778289795,4.483291547000409,3.8752166845771083,0.22727273,0.04545455,0.11363636,,101.00477272727272,96.38022727272727,98.31613636363636,58.99728,43.08327,0.16597
685107,Anthony Veneziano,KCR,2.0,2.0,0.0,11.0,2.0,4.0,1.0,2.0,1.0,0.0,0.0,4.5,2.666479778289795,4.178488184511662,4.109043133226116,0.18181818,0.09090909,0.08888889,,96.15555555555555,74.96088888888889,68.7688888888889,47.752678888888894,41.903384888888894,1.3029275555555555
669620,Brady Basso,OAK,1.0,1.0,0.0,3.0,1.0,0.0,0.0,0.0,0.0,0.0,0.0,0.0,1.166479778289795,2.6784881845116617,1.8782846427106705,0.33333333,0.0,0.25,,90.39,120.52000000000001,116.71000000000001,42.24492,52.9462,-0.13585
642028,Josh Rogers,COL,5.2,2.0,0.0,24.0,2.0,5.0,2.0,2.0,2.0,1.0,0.0,3.176470978037344,4.048832827744613,6.4502582382007425,5.936288112798991,0.08333333,0.08333333,0.06976744,,86.19720930232559,100.07348837209302,88.08720930232559,25.707797674418607,20.0,-1.3496270930232561
668390,Cole Winn,TEX,14.1,11.0,0.0,60.0,12.0,13.0,11.0,11.0,3.0,1.0,2.0,6.906977830850779,4.143224118006067,4.017093946967996,3.7521890840148924,0.2,0.05,0.12844037,,103.94926605504588,98.91853211009173,100.01422018348623,56.30922275229358,53.43643729357799,-0.23245284403669722
666808,Camilo Doval,SFG,22.2,23.0,0.0,101.0,29.0,17.0,7.0,9.0,15.0,0.0,2.0,2.7794120984738866,3.7400092589272638,3.3934254323660933,3.6659906287601784,0.28712871,0.14851485,0.15437788,,112.67465314571577,98.15913588309223,116.40708001675742,60.19538158986174,44.91450023041473,-0.3994838709677419
674285,Eduardo Salazar,LAD,2.0,1.0,0.0,10.0,3.0,3.0,0.0,1.0,2.0,0.0,0.0,0.0,3.166479778289795,3.166479778289795,4.535529084014893,0.3,0.2,0.08695652,,96.60088888888889,110.15111111111109,110.45866666666667,50.56582,44.90376,0.2807
658648,Pedro Avila,- - -,27.1,14.0,0.0,116.0,31.0,24.0,16.0,18.0,9.0,2.0,4.0,5.268292928011496,4.007943232069409,3.1565344016642802,3.055301832804096,0.26724138,0.07758621,0.11520737,,89.21894996708362,94.70836734693876,85.21736668861092,45.72558960829493,32.772009216589865,0.5688437557603686
656266,J.B. Bukauskas,MIL,6.0,6.0,0.0,22.0,6.0,3.0,1.0,1.0,1.0,0.0,1.0,1.500000499189066,3.8331466668182688,2.9264867036067646,2.775125782453653,0.27272727,0.04545455,0.15909091,,98.3931818181818,99.7409090909091,98.01931818181816,42.354167045454545,46.7508159090909,0.3867219318181819
592454,Tommy Kahnle,NYY,3.2,4.0,0.0,12.0,2.0,0.0,0.0,0.0,1.0,1.0,0.0,0.0,3.711934427190438,4.949032448716291,4.2292290894642255,0.16666667,0.08333333,0.11111111,,87.66622222222222,83.25377777777778,78.42044444444444,53.18489644444445,34.33659955555556,0.9102673333333334
664079,Tyler Jay,NYM,4.0,2.0,0.0,18.0,1.0,5.0,1.0,1.0,1.0,0.0,0.0,2.25,3.416479778289795,4.928488184511662,4.6138155055924175,0.05555556,0.05555556,0.10344828,,95.21206896551725,89.19689655172414,83.01137931034484,33.37363155172414,45.25913034482758,0.6341762068965516
593974,Wandy Peralta,SDP,23.2,27.0,0.0,97.0,15.0,17.0,7.0,8.0,7.0,3.0,2.0,2.661972368438777,4.265071549391513,4.635896695096534,4.207746089244975,0.15463918,0.07216495,0.08100559,,92.29612551566828,101.82535849527324,97.52341628576265,47.54061829608939,42.8938006424581,0.7703936592178771
666149,Tyler Fitzgerald,SFG,3.0,3.0,0.0,14.0,0.0,6.0,3.0,3.0,0.0,0.0,0.0,9.0,3.1664797782897955,6.694499392807485,7.092933161997954,0.0,0.0,0.0,,52.76222222222222,96.43944444444443,57.01555555555555,20.0,54.81823138888889,1.9916494444444441
663568,Stephen Kolek,SDP,25.2,25.0,0.0,118.0,20.0,35.0,19.0,19.0,7.0,2.0,3.0,6.66233915793304,4.1794670186772755,3.7792653594178187,3.706895267070295,0.16949153,0.05932203,0.09297052,,107.40995480491048,110.06992571741343,115.79516177965438,53.52810882086168,70.39041090702948,-0.9672328571428572
675911,Spencer Strider,ATL,9.0,2.0,2.0,42.0,12.0,10.0,7.0,7.0,5.0,0.0,2.0,7.0,5.0553686671786835,4.014490052560966,3.9745850998094787,0.28571429,0.11904762,0.16853933,,107.35797752808989,102.33865168539324,107.13067415730336,53.54772426966293,54.81659865168539,-0.024084831460674132
675989,Cody Bolton,SEA,16.1,15.0,0.0,69.0,14.0,13.0,8.0,8.0,8.0,0.0,2.0,4.4081638980439,4.513418747136543,4.680448957941196,4.55093407772315,0.20289855,0.11594203,0.09019608,,106.96290657439445,96.67861130334487,102.31492502883505,55.93042494117646,37.86659670588235,0.03151098039215684
606930,Jacob Barnes,WSN,16.2,16.0,0.0,70.0,12.0,14.0,10.0,10.0,6.0,0.0,2.0,5.400000563263952,4.366479903459562,4.439448989790447,4.544196835204138,0.17142857,0.08571429,0.11567164,,104.10859778703104,99.84476139081163,102.84222202694258,54.95730302238806,45.94550022388059,-0.16470164179104477
650489,Willi Castro,MIN,1.1,2.0,0.0,4.0,0.0,0.0,0.0,0.0,0.0,0.0,0.0,0.0,3.1664797782897955,5.434492979053125,6.034729084014892,0.0,0.0,0.0,,42.80800000000001,107.132,42.53466666666666,34.205198,80.0,-1.5801039999999997
663989,Nick Vespi,BAL,1.0,1.0,0.0,4.0,0.0,1.0,0.0,0.0,0.0,0.0,0.0,0.0,3.166479778289795,6.190496590733528,6.034729084014892,0.0,0.0,0.18181818,,100.55636363636364,113.55999999999999,108.78727272727271,48.07049,66.72893,-1.20384
669270,Joel Kuhnel,HOU,2.0,1.0,0.0,11.0,1.0,4.0,4.0,4.0,0.0,1.0,0.0,18.0,3.666479778289795,6.690496590733528,4.699588600742661,0.09090909,0.0,0.11538462,,81.13076923076923,99.65423076923078,90.40115384615386,43.409,44.01619,0.68698
592094,Jason Adam,TBR,25.0,26.0,0.0,96.0,21.0,13.0,5.0,7.0,11.0,3.0,2.0,1.8000001502037173,4.206479865074165,4.497047286796243,4.211088237845667,0.21875,0.11458333,0.17771883,,107.92799469496019,89.00485411140583,97.75445092838196,62.78584183023873,38.739963342175066,0.3095474801061008
656814,Luis F. Ortiz,PHI,0.2,1.0,0.0,4.0,0.0,3.0,2.0,2.0,0.0,0.0,0.0,27.000028163224034,3.1664797782897955,3.1664797782897955,1.5437290840148923,0.0,0.0,0.2,,104.85272727272726,101.82727272727271,102.07272727272726,54.18462000000001,49.1598,-0.28124
690925,Clayton Beeter,NYY,1.0,1.0,0.0,3.0,0.0,1.0,0.0,0.0,0.0,0.0,0.0,0.0,3.166479778289795,4.678488184511662,4.722062419207559,0.0,0.0,0.0,,88.38,127.64,124.38,58.65995,80.0,-2.76789
656671,Josh Maciejewski,NYY,1.0,1.0,0.0,3.0,0.0,0.0,0.0,0.0,0.0,0.0,0.0,0.0,3.166479778289795,3.166479778289795,-1.1832709159851076,0.0,0.0,0.0,,90.28999999999999,139.57,139.08,55.39017,80.0,-2.75036
679845,Nick Loftin,KCR,1.0,1.0,0.0,3.0,0.0,1.0,0.0,0.0,0.0,0.0,0.0,0.0,3.166479778289795,3.166479778289795,2.3160624232535594,0.0,0.0,0.0,,31.762500000000003,97.86000000000001,37.605,20.0,20.0,4.17734
622766,Miguel Diaz,HOU,1.0,1.0,0.0,3.0,0.0,0.0,0.0,0.0,0.0,0.0,0.0,0.0,3.166479778289795,6.190496590733528,7.347395748822226,0.0,0.0,0.1,,93.97999999999999,106.09,105.58399999999999,51.49846,71.10618,-0.97661
663897,Luke Williams,ATL,1.0,1.0,0.0,3.0,0.0,0.0,0.0,0.0,0.0,0.0,0.0,0.0,3.166479778289795,6.190496590733528,7.347395748822226,0.0,0.0,0.0,,29.769090909090906,135.9127272727273,73.64727272727272,20.0,20.0,7.48191
628708,Yunior Marte,PHI,13.1,12.0,0.0,59.0,12.0,12.0,4.0,6.0,5.0,0.0,2.0,2.700000269562033,4.441479905582977,3.3986848452057536,3.7223751605453375,0.20338983,0.08474576,0.07589286,,103.52638107263108,105.33208724146223,112.00540704665706,54.77865580357142,55.15592852678572,-0.4569389732142858
666197,Grae Kessinger,HOU,1.0,1.0,0.0,3.0,0.0,0.0,0.0,0.0,0.0,0.0,0.0,0.0,3.166479778289795,6.190496590733528,7.347395748822226,0.0,0.0,0.0,,66.18,133.76,98.87999999999998,20.0,37.0012,2.26743
621114,Ryan Burr,TOR,1.2,1.0,0.0,6.0,1.0,0.0,0.0,0.0,1.0,0.0,0.0,0.0,3.7664800071717184,3.7664800071717184,4.163090189720781,0.16666667,0.16666667,0.18181818,,90.47454545454546,84.63636363636364,69.49818181818182,49.90364,59.19337,0.52349
670223,Matt Mervis,CHC,0.2,1.0,0.0,9.0,0.0,7.0,6.0,6.0,0.0,0.0,0.0,81.0000844896721,3.1664797782897955,5.434494753346566,5.718655010317633,0.0,0.0,0.0,,21.195675675675684,137.45783783783784,66.15675675675676,20.0,49.89082,-0.11973
656786,Parker Mushinski,HOU,9.1,8.0,0.0,42.0,2.0,9.0,6.0,8.0,4.0,1.0,0.0,5.785715110904218,4.345051374955469,6.451063383992445,6.439334531248307,0.04761905,0.0952381,0.06547619,,102.43238095238097,98.61047619047618,104.49535714285715,54.005786904761905,47.86058797619047,0.018686607142857192
687330,Kevin Kelly,TBR,25.1,22.0,0.0,104.0,23.0,24.0,9.0,11.0,3.0,3.0,4.0,3.197368841076588,4.113848323793969,3.3145920292200244,2.8869876782196884,0.22115385,0.02884615,0.07988981,,119.89287507105689,103.37701604792514,115.29549258821986,62.02723498622589,62.60577639118458,-1.0583334435261709
676969,Brett de Geus,SEA,3.1,4.0,0.0,14.0,2.0,4.0,1.0,1.0,0.0,2.0,0.0,2.700000281631976,3.7664798408746787,5.127287548417664,3.8678821569555457,0.14285714,0.0,0.07142857,,106.02964285714286,101.94357142857143,112.89357142857145,52.669935499999994,65.983132,-0.778376
593934,Miguel Sano,LAA,0.1,1.0,0.0,1.0,0.0,0.0,0.0,0.0,0.0,0.0,0.0,0.0,3.1664797782897955,3.1664797782897955,-1.1832709159851076,0.0,0.0,0.33333333,,61.419999999999995,101.69333333333333,49.42666666666667,20.0,72.64501,0.76222
670219,Zac Kristofak,LAA,2.0,1.0,0.0,11.0,2.0,3.0,0.0,2.0,2.0,0.0,0.0,0.0,4.166479778289795,4.922483981400728,5.278365444408439,0.18181818,0.18181818,0.12820513,,89.98051282051281,82.82410256410257,76.76564102564102,42.71504,32.71778,1.45789
669395,Dylan Coleman,HOU,1.0,1.0,0.0,4.0,1.0,0.0,0.0,0.0,1.0,0.0,0.0,0.0,4.166479778289795,5.678488184511662,6.2161040840148925,0.25,0.25,0.0625,,98.97375,36.1575,32.415,53.12082,20.0,2.46173
621111,Walker Buehler,LAD,25.0,5.0,5.0,105.0,24.0,26.0,12.0,13.0,7.0,2.0,6.0,4.320000164794928,5.446479865264896,3.8384882101467497,3.921691350709692,0.22857143,0.06666667,0.07710843,,100.67253012048192,96.69672289156627,99.27686746987952,47.43537496385543,50.846355831325305,-0.034666578313253024
593833,Wander Suero,HOU,0.0,1.0,0.0,1.0,0.0,1.0,0.0,1.0,0.0,0.0,0.0,0.0,3.166479778289795,3.166479778289795,,0.0,0.0,0.0,,115.9,136.14,157.51999999999998,50.0309,80.0,-4.71291
650895,Diego Castillo,MIN,4.0,2.0,0.0,14.0,1.0,2.0,0.0,0.0,2.0,0.0,0.0,0.0,4.166479778289795,5.678488184511662,6.399647445775097,0.07142857,0.14285714,0.04761905,,119.5,101.35047619047619,115.6990476190476,45.6608992063492,64.42035317460318,-0.4193571428571429
607237,Amir Garrett,LAA,5.1,6.0,0.0,24.0,11.0,4.0,3.0,3.0,5.0,0.0,1.0,5.062501320150094,4.291480071656483,3.5549893366011576,3.3248019976839767,0.45833333,0.20833333,0.14423077,,107.89034340659342,78.73832417582418,89.99303571428572,31.920224615384615,37.757395,-0.9702087499999998
656420,J.P. Feyereisen,LAD,9.0,9.0,0.0,38.0,8.0,7.0,6.0,6.0,5.0,1.0,1.0,6.0000006556511645,4.833146627081785,4.5647086914763,4.517565654290624,0.21052632,0.13157895,0.08496732,,89.46068769536801,100.66046035805626,92.9055186132424,46.38489718954248,43.293581176470596,0.573059934640523
621097,Jacob Waguespack,TBR,10.0,4.0,1.0,51.0,11.0,13.0,6.0,7.0,10.0,0.0,1.0,5.4,5.266479778289796,5.176086503267289,5.623465647576553,0.21568627,0.19607843,0.14027149,,81.55402714932127,100.91013574660633,87.20886877828055,47.66713484162896,39.78448615384616,0.8841041628959275
640448,Kyle Finnegan,WSN,22.0,22.0,0.0,86.0,22.0,11.0,4.0,6.0,10.0,0.0,3.0,1.6363637848826613,4.3028435177916435,3.492303339094166,3.7320779168684504,0.25581395,0.11627907,0.12356322,,102.40449345734466,110.46384528571967,109.93115758180666,49.25408318965517,63.19344037356322,-0.538087183908046
641343,Jake Bauers,MIL,1.0,1.0,0.0,6.0,0.0,1.0,0.0,0.0,2.0,0.0,0.0,0.0,9.166479778289794,13.702504996955394,13.346729076273892,0.0,0.33333333,0.03846154,,67.10153846153845,110.8276923076923,82.95846153846153,20.0,20.0,5.77913
623211,Huascar Brazoban,MIA,2.0,1.0,0.0,11.0,3.0,2.0,2.0,2.0,3.0,0.0,0.0,9.0,4.666479778289795,5.422483981400728,6.411861308219572,0.27272727,0.27272727,0.15217391,,98.64565217391304,68.19391304347826,69.47391304347826,58.01387,20.0,1.7725
676617,Riley O'Brien,STL,1.0,1.0,0.0,6.0,2.0,1.0,1.0,1.0,2.0,0.0,0.0,9.0,5.166479778289795,6.678488184511662,7.101229079622725,0.33333333,0.33333333,0.10714286,,101.91655172413792,97.62827586206897,103.82551724137932,61.3452,54.12313,-0.2971
642121,Cole Sulser,NYM,4.2,4.0,0.0,23.0,7.0,6.0,5.0,5.0,3.0,0.0,1.0,9.64285845659235,4.880765726128435,4.6870658246906896,3.729254595921121,0.30434783,0.13043478,0.11702128,,88.82,105.92744680851064,98.48978723404254,43.44056734042553,52.900182127659576,0.3818211702127659
656849,David Peterson,NYM,5.0,1.0,1.0,22.0,3.0,7.0,2.0,3.0,1.0,0.0,1.0,3.6,5.166479778289795,4.683291547000408,4.802722886400591,0.13636364,0.04545455,0.10465116,,92.56930232558139,108.11255813953488,102.80209302325581,46.5086,58.082480000000004,0.08768
642520,Gerson Garabito,TEX,4.2,2.0,1.0,22.0,3.0,4.0,1.0,1.0,5.0,0.0,0.0,1.9285716913184698,5.095051469608265,6.067057006033282,7.354703984748481,0.13636364,0.22727273,0.0754717,,88.15886792452831,100.3977358490566,88.15773584905659,46.39426245283019,50.46812603773585,0.23498849056603774
657061,Cole Tucker,LAA,1.0,1.0,0.0,4.0,0.0,1.0,0.0,0.0,1.0,0.0,0.0,0.0,6.166479778289795,6.166479778289795,6.137604084014892,0.0,0.25,0.1,,23.477999999999994,34.444,-21.401999999999997,25.66583,20.0,5.98828
624431,Jose Trevino,NYY,1.0,1.0,0.0,6.0,0.0,2.0,2.0,2.0,1.0,0.0,0.0,18.0,6.166479778289795,9.190496590733527,7.784673518693115,0.0,0.16666667,0.0,,31.52444444444445,94.43333333333332,30.735555555555557,20.0,23.57822,2.78997
622569,Pablo Reyes,BOS,1.0,1.0,0.0,5.0,0.0,1.0,0.0,0.0,1.0,0.0,0.0,0.0,6.166479778289795,9.190496590733527,9.249769084014893,0.0,0.2,0.05555556,,36.09,80.06,24.550000000000004,20.0,20.0,2.74234
702795,Ryan Loutos,STL,1.0,1.0,0.0,5.0,0.0,1.0,0.0,0.0,1.0,0.0,0.0,0.0,6.166479778289795,7.678488184511662,7.432489084014893,0.0,0.2,0.05,,70.2275,115.075,89.45,30.60662,73.81968,-0.3679
669391,Owen White,TEX,1.0,2.0,0.0,9.0,0.0,6.0,6.0,6.0,1.0,0.0,0.0,54.0,6.166479778289795,7.678488184511662,6.666235256041608,0.0,0.11111111,0.03125,,90.575,101.63374999999999,89.96624999999999,37.19186,62.78988,-0.04347
641835,Tim Mayza,TOR,19.0,26.0,0.0,85.0,14.0,20.0,11.0,13.0,9.0,0.0,2.0,5.210528309986635,4.482269755559147,4.944174845136461,4.843482848539229,0.16470588,0.10588235,0.06906907,,98.87729729729728,90.53447447447448,92.70702702702702,48.117258359621445,40.12213388012618,0.6862570662460568
571946,Shelby Miller,DET,16.1,15.0,0.0,69.0,15.0,11.0,8.0,9.0,6.0,2.0,2.0,4.408163632615742,4.390969676238612,4.650571827937517,3.9726465329740943,0.2173913,0.08695652,0.10843373,,87.59143000573722,91.7090676993689,82.9735721457258,46.594007429718864,41.658054819277105,0.624287951807229
621550,Patrick Wisdom,CHC,0.1,1.0,0.0,3.0,0.0,1.0,0.0,0.0,1.0,0.0,0.0,0.0,12.166489166031141,12.166489166031141,9.016951301623335,0.0,0.33333333,0.0,,46.70923076923077,32.12,-27.73999999999999,20.0,20.0,5.86975
656288,Griffin Canning,LAA,56.2,11.0,11.0,249.0,41.0,59.0,32.0,33.0,23.0,3.0,10.0,5.082353083732635,5.390009252422823,5.2571742058258035,5.134029268375745,0.16465863,0.09236948,0.10113519,,84.95502968288639,101.9947159483237,92.83698884035614,46.058386965944266,46.96723194014449,0.709165221878225
666205,Kyle Muller,OAK,33.2,13.0,0.0,139.0,24.0,33.0,13.0,16.0,7.0,1.0,5.0,3.4752476888244783,4.38430161796333,4.250054173473056,4.05453096203939,0.17266187,0.05035971,0.10483871,,94.13681199596776,104.55430443548387,98.23365423387096,46.754562701612905,59.410395766129035,-0.07606689516129032
640462,A.J. Puk,MIA,20.1,11.0,4.0,105.0,15.0,24.0,17.0,21.0,19.0,1.0,1.0,7.524591395472951,5.281234222769122,6.724000133046029,6.585586907952521,0.14285714,0.18095238,0.08064516,,94.38931862069737,103.90581450006009,98.05920887676655,54.51184903225807,46.78950320276498,-0.12771960829493087
676083,Janson Junk,MIL,5.0,3.0,0.0,27.0,3.0,13.0,5.0,5.0,1.0,0.0,1.0,9.0,5.166479778289795,4.380889865756036,4.528050073023312,0.11111111,0.03703704,0.06930693,,99.60019801980197,116.4461386138614,110.56277227722772,43.52665574257426,72.20493188118812,-0.9001084158415842
657508,Mike Baumann,- - -,21.0,20.0,0.0,93.0,18.0,19.0,7.0,9.0,11.0,1.0,2.0,3.0000005705017085,4.404575251830183,4.966490127999707,4.628187970256528,0.19354839,0.11827957,0.10526316,,99.80486215538848,94.60682088554721,96.59274870509608,54.23216730994152,44.444521111111115,0.29315488304093573
681882,Colin Selby,KCR,3.0,2.0,0.0,13.0,0.0,2.0,2.0,3.0,2.0,0.0,0.0,6.0,5.166479778289796,6.678488184511663,7.00566398337952,0.0,0.15384615,0.04081633,,81.04244897959184,91.53795918367348,77.51551020408162,44.771536734693875,37.23510204081633,1.086125306122449
643396,Isiah Kiner-Falefa,TOR,2.0,2.0,0.0,9.0,0.0,1.0,1.0,1.0,2.0,0.0,0.0,4.5,6.166479778289795,9.190496590733527,9.733642659296423,0.0,0.22222222,0.0,,0.42777777777776926,66.5911111111111,1.4499999999999902,20.0,20.0,4.604974444444444
663893,Brendon Little,TOR,4.1,4.0,0.0,21.0,4.0,7.0,6.0,6.0,1.0,0.0,1.0,12.461539375711542,5.012633759876691,3.059408667050244,2.9300488110639256,0.19047619,0.04761905,0.11764706,,114.86764705882354,88.99941176470587,103.90029411764708,56.97861220588236,49.11262088235294,0.3027033823529411
641149,Wes Parsons,- - -,9.0,4.0,0.0,38.0,7.0,10.0,6.0,6.0,2.0,0.0,2.0,6.0,5.166479778289795,3.4535974275734693,3.520977001608982,0.18421053,0.05263158,0.12837838,,99.32314655172414,92.4718202469711,92.66519532463496,57.49289722972972,39.29190932432433,0.54035
687798,Nick Robertson,STL,12.1,8.0,0.0,52.0,14.0,15.0,6.0,6.0,2.0,0.0,3.0,4.378378840368848,4.544858302109618,3.466815721258931,2.964149940153823,0.26923077,0.03846154,0.11707317,,96.15853658536585,101.48136585365855,95.92965853658535,50.391751317073165,46.8617843902439,0.005775609756097583
672578,Carlos Hernandez,KCR,2.2,4.0,0.0,13.0,1.0,2.0,1.0,1.0,3.0,0.0,0.0,3.3750008801000626,5.791480462812066,8.059493663575397,8.16504860914152,0.07692308,0.23076923,0.09459459,,113.3391891891892,102.65702702702704,121.45405405405404,66.51175918918919,55.620135000000005,-0.5709417567567567
666215,Forrest Whitley,HOU,0.2,1.0,0.0,5.0,0.0,1.0,0.0,0.0,1.0,1.0,0.0,0.0,12.166489166031141,14.434504141087912,9.249769084014893,0.0,0.2,0.05555556,,118.40555555555557,14.419999999999996,34.912222222222226,69.66344,20.0,3.10546
669438,Mason Englert,DET,6.0,4.0,0.0,24.0,5.0,5.0,3.0,3.0,1.0,1.0,1.0,4.5,4.666479778289796,3.759820116808018,3.138859289736726,0.20833333,0.04166667,0.11764706,,94.45196078431373,99.75333333333332,93.01490196078431,50.34098088235294,40.89433598039216,0.7613655882352941
595345,Steven Okert,MIN,18.2,21.0,0.0,80.0,18.0,15.0,6.0,7.0,8.0,1.0,3.0,2.8928577309589585,4.773622962155883,4.628348026336129,4.172070646514893,0.225,0.1,0.11458333,,105.50164032567051,92.33601293103449,98.41797174329503,61.141876180555556,45.937482499999994,-0.08850034722222229
518617,Jake Diekman,NYM,18.2,23.0,0.0,78.0,26.0,9.0,7.0,9.0,14.0,2.0,2.0,3.375001063304623,4.345051578173949,3.8431992308731147,3.9981028464659074,0.33333333,0.17948718,0.11280488,,109.41301006581496,83.09121660859468,87.91379984514128,67.14387286585368,43.524373597560974,-0.008593170731707268
660825,Eduard Bazardo,SEA,7.2,5.0,0.0,29.0,6.0,4.0,5.0,5.0,4.0,0.0,1.0,5.869565704143831,4.862132092820235,4.152572298905022,4.438405661968163,0.20689655,0.13793103,0.08064516,,99.66440860215056,80.10070660522271,83.08288018433178,39.2476675,20.0,0.025510967741935533
656271,Brock Burke,TEX,3.0,5.0,0.0,19.0,5.0,9.0,5.0,5.0,1.0,1.0,1.0,15.000005215408232,6.166480821371441,4.35316086792785,3.104272017910804,0.26315789,0.05263158,0.11290323,,97.28548387096772,99.16903225806453,99.22161290322583,54.29276693548386,48.0023635483871,-0.008742903225806469
672860,Prelander Berroa,CHW,0.1,1.0,0.0,2.0,0.0,0.0,0.0,0.0,0.0,1.0,0.0,0.0,12.166489166031141,12.166489166031141,3.6557290840148924,0.0,0.0,0.0,,100.91,57.007500000000014,72.575,58.06003,20.0,2.27719
663562,Noah Davis,COL,3.0,1.0,0.0,14.0,2.0,5.0,3.0,3.0,0.0,0.0,1.0,9.0,6.166479778289796,4.35316045532624,4.328014807449749,0.14285714,0.0,0.08695652,,75.85130434782609,101.8195652173913,83.53304347826086,34.59689,55.68183,0.5626
682842,Abner Uribe,MIL,14.1,14.0,0.0,66.0,14.0,15.0,11.0,11.0,12.0,0.0,1.0,6.906977859573199,4.631596293956838,4.674020183784265,5.105150558600981,0.21212121,0.18181818,0.08139535,,113.75232558139537,100.2939534883721,116.78682170542636,71.41156860465117,41.76068647286821,-0.17279705426356579
518397,Scott Alexander,OAK,5.1,6.0,0.0,18.0,3.0,3.0,2.0,2.0,0.0,0.0,1.0,3.3750008801000626,4.478980120550931,3.7424893854956056,3.607330945091763,0.16666667,0.0,0.12280702,,103.69298245614037,116.71543859649123,118.78456140350876,42.32501894736842,69.73909333333333,-0.7618915789473684
681871,Eli Villalobos,MIA,4.1,3.0,0.0,18.0,3.0,3.0,1.0,1.0,2.0,0.0,1.0,2.076923229285257,6.1664799983685,5.260030032794311,5.192886497465151,0.16666667,0.11111111,0.07042254,,91.24901408450705,86.14873239436619,80.90901408450704,39.848094084507046,38.28413732394366,1.3200195774647887
643361,Kevin Herget,MIL,5.2,3.0,0.0,22.0,1.0,4.0,2.0,2.0,1.0,0.0,1.0,3.176470978037344,5.637068316763285,5.744375798636888,5.994712554855967,0.04545455,0.04545455,0.06944444,,96.9954609929078,96.63427895981089,89.08336288416075,44.36591513888889,61.711556944444446,0.06168736111111109
694738,Landen Roupp,SFG,13.2,10.0,0.0,63.0,12.0,14.0,8.0,9.0,8.0,1.0,1.0,5.268293318615229,4.337211626870957,4.71360929726355,4.7291684813154875,0.19047619,0.12698413,0.11397059,,92.49610294117646,94.39139705882353,92.65794117647059,59.91332099264705,31.873713455882353,0.40661371323529416
650960,Daniel Duarte,MIN,4.0,2.0,0.0,15.0,3.0,2.0,1.0,1.0,1.0,0.0,1.0,2.25,5.666479778289795,3.9284881845116617,3.716017965784737,0.2,0.06666667,0.125,,110.79071428571429,113.49607142857144,123.33250000000001,54.597750714285716,66.81128071428572,-1.02701875
543351,Jay Jackson,MIN,22.1,17.0,0.0,96.0,23.0,23.0,17.0,19.0,8.0,0.0,4.0,6.850746987816242,4.509763501391019,4.009355701158615,3.694490150988164,0.23958333,0.08333333,0.11597938,,93.20674521354933,99.88213549337262,92.98885125184093,36.064575695876286,53.060131649484525,0.5713775257731959
680686,Josiah Gray,WSN,8.1,2.0,2.0,44.0,9.0,15.0,13.0,13.0,5.0,0.0,2.0,14.040000535583516,5.9264798835754435,5.528094999577626,5.016129908527521,0.20454545,0.11363636,0.14204545,,94.35411104718068,88.87807681242806,82.63851265822785,31.635638181818184,37.04770818181818,1.3390236363636363
623451,Jackson Stephens,ATL,3.1,3.0,0.0,17.0,2.0,5.0,1.0,1.0,1.0,1.0,1.0,2.70000025749209,7.6664802074432785,6.941697791388561,5.511365767848436,0.11764706,0.05882353,0.09803922,,86.73450980392157,95.37686274509804,81.03176470588235,32.945868627450984,58.674273333333346,0.2598549019607843
671737,Taj Bradley,TBR,26.1,5.0,5.0,112.0,32.0,24.0,17.0,17.0,9.0,1.0,7.0,5.810126652417323,5.331036766445269,3.7701358895765815,3.5603595029049004,0.28571429,0.08035714,0.13122172,,108.36761324648201,87.46900701108845,96.28185470637959,57.838394004524886,42.438309457013574,0.32400506787330324
666208,Alex Speas,HOU,2.0,1.0,0.0,8.0,2.0,2.0,1.0,1.0,1.0,0.0,1.0,4.5,9.166479778289794,4.934492387622595,4.208604084014893,0.25,0.125,0.15384615,,119.99384615384616,89.22974358974359,110.9574358974359,54.89101,20.0,0.3611
608717,Chris Stratton,KCR,25.0,23.0,0.0,108.0,23.0,17.0,16.0,16.0,17.0,1.0,2.0,5.76000068664559,4.526479940414449,4.8170473725280285,4.922351602988536,0.21296296,0.15740741,0.09027778,,91.45580075445817,96.18486625514404,92.41980624142661,47.34360166666667,47.871265254629634,0.1828914814814814
622088,Tejay Antone,CIN,2.0,4.0,0.0,11.0,2.0,2.0,1.0,2.0,4.0,0.0,0.0,4.5,7.166479778289795,8.67848818451166,9.735258004078513,0.18181818,0.36363636,0.10638298,,90.58723404255318,43.66978723404255,34.51872340425531,45.72515043478261,20.0,2.7001721739130433
542882,Matt Andriese,MIA,5.0,3.0,0.0,20.0,6.0,5.0,3.0,3.0,0.0,0.0,2.0,5.4,5.966479778289795,2.8832915470004084,2.2024690840148926,0.3,0.0,0.09589041,,89.97473129610117,102.57580611169652,88.52822971548999,47.29208917808219,55.62602931506849,0.3056612328767123
641585,J.P. France,HOU,25.1,5.0,5.0,121.0,22.0,31.0,21.0,21.0,12.0,1.0,5.0,7.460526690258563,5.53490094980045,5.595231342582405,5.180245033609445,0.18181818,0.09917355,0.09656652,,90.36613733905578,87.7734763948498,85.25021459227469,47.86881991416309,32.2876417167382,1.0794776824034336
671131,Jackson Rutledge,WSN,1.0,1.0,0.0,4.0,1.0,2.0,1.0,1.0,0.0,0.0,1.0,9.0,14.166479778289794,2.6784881845116617,2.1670415840148927,0.25,0.0,0.14285714,,96.01142857142858,106.43142857142857,111.88857142857144,45.92421,58.02069,-0.5411
670950,Trevor Richards,TOR,27.1,24.0,0.0,108.0,26.0,12.0,10.0,10.0,13.0,0.0,4.0,3.2926834497883073,4.593309273198061,4.737613358197915,4.302661186800276,0.24074074,0.12037037,0.08836207,,101.2783890086207,97.93866648706899,99.80404094827587,67.40470284753363,53.32999139013454,-0.6619744170403586
676596,Josh Fleming,PIT,19.0,17.0,1.0,86.0,13.0,23.0,12.0,16.0,9.0,1.0,2.0,5.684211729966627,4.745427481058303,4.491117831791918,4.472209212735246,0.15116279,0.10465116,0.08069164,,101.68830113056971,95.62784943471513,100.34621148304149,49.06089613832854,41.2916427665706,0.4278048126801154
519293,Will Smith,KCR,18.1,21.0,0.0,84.0,12.0,21.0,13.0,13.0,8.0,1.0,2.0,6.381819392137521,4.7482982601016595,5.886785417446751,5.395935441161971,0.14285714,0.0952381,0.10580205,,94.62815472127419,93.0564459613197,90.50220705346986,41.26998921501706,47.837498361774756,0.7895850170648464
666818,Luis Frias,ARI,6.1,7.0,0.0,31.0,7.0,11.0,7.0,8.0,4.0,0.0,1.0,9.94736896715339,4.903321978903879,3.3281666522889397,3.947124511336889,0.22580645,0.12903226,0.11347518,,101.64939952718676,93.60181560283688,95.56527659574469,45.49711354609928,20.0,0.8094522695035462
650556,Bryan Abreu,HOU,29.2,29.0,0.0,128.0,44.0,25.0,11.0,11.0,16.0,4.0,5.0,3.337078947808609,4.413670900198063,3.7006902902031835,3.089453937530518,0.34375,0.125,0.13953488,,104.0505743481325,89.89996124031006,96.16080338266383,58.15309629844962,43.37266583333332,0.0038534108527132336
661269,Vladimir Gutierrez,MIA,4.0,1.0,0.0,17.0,4.0,3.0,3.0,3.0,2.0,0.0,1.0,6.75,5.916479778289795,4.934492387622595,4.547116623405591,0.23529412,0.11764706,0.125,,86.09424999999999,105.853,93.27275,50.62812,42.77057,0.96444
622072,Alex Wood,OAK,39.1,9.0,9.0,186.0,33.0,51.0,23.0,27.0,19.0,5.0,6.0,5.262712034539434,5.3020730676681165,5.125744123639656,5.015471166310653,0.17741935,0.10215054,0.07804233,,92.91085481737113,99.34735628595044,87.5135271167689,42.23929900793651,54.14646722222222,0.4559201984126984
681982,Grant Anderson,TEX,13.0,12.0,0.0,56.0,12.0,13.0,10.0,10.0,6.0,1.0,2.0,6.923078510183213,4.935710953114394,4.447719247464828,4.151150004197403,0.21428571,0.10714286,0.10471204,,105.48198952879582,103.79738219895289,111.00523560209426,54.13101251308902,53.004984973822,-0.20368801047120422
663546,Sean Hjelle,SFG,23.1,15.0,0.0,94.0,22.0,19.0,7.0,7.0,4.0,1.0,4.0,2.700000498890969,4.152194246138879,2.8308276171458457,2.5320615849533605,0.23404255,0.04255319,0.09281437,,105.45128143712576,108.6282874251497,110.4299241516966,48.51378934131737,63.69881116766468,-0.40600383233532933
668984,Casey Legumina,CIN,2.0,1.0,0.0,10.0,1.0,2.0,2.0,3.0,1.0,0.0,1.0,9.0,10.166479778289794,4.422483981400728,4.333189084014892,0.1,0.1,0.0,,93.75935483870968,90.79548387096774,96.29354838709679,48.58672,46.3067,0.40797
608723,Austin Voth,SEA,23.2,22.0,0.0,92.0,21.0,17.0,9.0,10.0,4.0,2.0,4.0,3.4225354540551596,4.349578453765653,4.005138025688137,3.4703503004589358,0.22826087,0.04347826,0.14409222,,99.30896541786747,101.9481613832853,97.7562334293948,44.122901152737754,54.089211786743526,-0.0498412391930836
643338,Chad Green,TOR,9.2,9.0,0.0,35.0,7.0,7.0,2.0,2.0,2.0,0.0,2.0,1.8620690879867217,5.028548866276517,4.528698938963769,3.9500164281547168,0.2,0.05714286,0.10191083,,104.47859872611464,98.52624203821658,103.76993630573249,55.41686681528663,49.17034732484076,-0.004758535031847077
680911,Owen Miller,MIL,2.0,1.0,0.0,12.0,0.0,5.0,4.0,4.0,1.0,0.0,1.0,18.0,11.166479778289794,8.44650079384446,7.387423522052448,0.0,0.08333333,0.02702703,,51.68,84.98,43.26,20.0,20.0,3.5739199999999998
688297,Chris Roycroft,STL,6.0,5.0,0.0,29.0,6.0,7.0,4.0,4.0,4.0,1.0,1.0,6.000000953674468,5.833146868811781,4.674485622128779,4.523599477383329,0.20689655,0.13793103,0.1147541,,110.5917544153123,105.60365392403726,108.97807196562836,61.82965131147541,51.07534663934426,-1.167752950819672
660761,Jose Suarez,LAA,31.1,15.0,0.0,147.0,33.0,33.0,23.0,25.0,20.0,2.0,4.0,6.606383862613995,4.82605446841505,4.758914376623263,4.474852458775683,0.2244898,0.13605442,0.11221122,,102.22004652723422,86.98190746799409,91.44393025192662,50.63055549504951,35.41165698019802,0.2538886138613861
543305,Aaron Hicks,LAA,1.0,1.0,0.0,6.0,0.0,2.0,2.0,2.0,1.0,0.0,1.0,18.0,19.166479778289794,12.21451340317726,11.391617958142671,0.0,0.16666667,0.11111111,,49.900000000000006,78.86,37.14,20.0,20.0,5.05114
593576,Hector Neris,CHC,21.0,22.0,0.0,93.0,18.0,18.0,7.0,7.0,15.0,1.0,1.0,3.0000001490116195,4.3569560278975805,5.249916859425673,5.214964941615549,0.19354839,0.16129032,0.09375,,92.63148976608188,94.9038249269006,90.11586019736842,47.055947916666675,36.65788927083333,0.6443404427083333
643256,Adam Cimber,LAA,21.2,24.0,0.0,90.0,18.0,14.0,15.0,15.0,13.0,5.0,1.0,6.230770587745093,4.59724932066089,5.113809486985946,4.828251052558739,0.2,0.14444444,0.06285714,,112.48532789115649,87.07569795918366,97.94426394557824,62.40306508571429,33.70987954285714,0.3830522571428571
656896,Emmanuel Rivera,MIA,1.0,1.0,0.0,8.0,0.0,4.0,4.0,4.0,0.0,1.0,1.0,36.0,19.166479778289794,9.190496590733527,6.034729084014892,0.0,0.0,0.05,,46.608,85.26400000000001,36.204,20.0,32.80439,1.79667
605347,Jorge Lopez,NYM,26.1,28.0,0.0,111.0,19.0,25.0,11.0,13.0,11.0,2.0,3.0,3.7594944438317426,4.685467432363226,4.926996046071327,4.642034660764362,0.17117117,0.0990991,0.0787037,,102.09671004512914,95.95659381808277,98.65482522175536,50.28957335648148,51.465597430555555,0.2052522685185185
641645,Luis Guillorme,ATL,1.0,1.0,0.0,7.0,0.0,3.0,4.0,4.0,1.0,0.0,1.0,36.0,19.166479778289794,9.190496590733527,7.449994378597014,0.0,0.14285714,0.05,,15.719999999999999,101.28,39.24,20.0,20.0,4.71897
664776,Jake Cousins,NYY,3.0,2.0,0.0,17.0,4.0,4.0,1.0,3.0,3.0,0.0,1.0,3.0,7.833146444956462,7.027832726140818,5.748030125671432,0.23529412,0.17647059,0.11111111,,99.46662457912458,92.75792087542088,97.28352693602693,79.29029,43.92511,-0.13892222222222222
666163,Ben Rortvedt,TBR,2.0,1.0,0.0,11.0,1.0,3.0,1.0,1.0,2.0,0.0,1.0,4.5,11.666479778289794,5.922483981400728,6.025439826643331,0.09090909,0.18181818,0.02777778,,50.69888888888889,77.03888888888888,40.919999999999995,27.53552,20.0,2.72313
670871,Guillo Zuniga,LAA,5.0,4.0,0.0,23.0,2.0,4.0,4.0,4.0,4.0,0.0,1.0,7.2,7.366479778289795,6.580889865756035,7.0171789911048945,0.08695652,0.17391304,0.07777778,,93.86599999999999,84.80533333333332,84.29844444444446,55.90306977777778,33.21400122222222,1.0591166666666667
676879,Aaron Ashby,MIL,3.2,1.0,1.0,22.0,2.0,6.0,4.0,8.0,2.0,0.0,1.0,9.818183520608992,7.257389578543542,4.5366664192675055,4.36806792741714,0.09090909,0.09090909,0.12195122,,96.7851851851852,96.28938271604937,87.4553086419753,33.54182,38.87423,0.94977
642216,Allan Winans,ATL,5.0,1.0,1.0,25.0,1.0,8.0,6.0,7.0,2.0,0.0,1.0,10.8,6.566479778289795,5.780889865756035,5.766706684014892,0.04,0.08,0.12195122,,85.67121951219511,90.71853658536585,84.70585365853658,40.20029,54.07508000000001,0.30986
671106,Logan Allen,CLE,58.2,12.0,12.0,259.0,51.0,71.0,38.0,39.0,20.0,3.0,12.0,5.8295458967774705,5.263070846429061,4.408080811720216,4.4144992367075515,0.1969112,0.07722008,0.09356725,,92.01190279402209,96.65605899935022,86.96533151397011,41.89046384990254,50.927578245614036,0.45435849902534114
621242,Edwin Diaz,NYM,20.0,20.0,0.0,85.0,30.0,18.0,12.0,14.0,7.0,1.0,5.0,5.400000281631962,4.616479853913193,2.8028877452377663,2.4614488097659963,0.35294118,0.08235294,0.15714286,,109.65845714285715,102.198,117.02657142857144,71.22168694285713,49.28083731428571,-0.34707500000000013
605397,Joe Musgrove,SDP,49.1,10.0,10.0,214.0,44.0,58.0,31.0,32.0,15.0,7.0,10.0,5.6554056604993646,5.355669066225033,4.314272474458404,4.222549895690942,0.20560748,0.07009346,0.12619048,,104.79772503840248,98.28250128008192,103.20699257552482,47.619440059523804,53.007735404761895,0.003313642857142855
656716,Zach McKinstry,DET,0.1,1.0,0.0,3.0,0.0,1.0,2.0,2.0,1.0,0.0,1.0,54.00005632644807,51.166529846243634,16.702519116144682,11.725395742182892,0.0,0.33333333,0.0,,39.638,55.79,10.96600000000001,20.0,20.0,3.2275300000000002
668942,Josh Rojas,SEA,2.0,2.0,0.0,8.0,0.0,1.0,2.0,2.0,2.0,0.0,1.0,9.0,12.666479778289794,9.190496590733527,10.903666584014893,0.0,0.25,0.0,,63.24148148148148,93.95629629629629,71.95925925925927,20.0,42.158960740740746,1.9842522222222225
527054,Julio Teheran,NYM,2.2,1.0,1.0,16.0,3.0,6.0,4.0,4.0,2.0,0.0,1.0,13.500003218651585,8.041480940580644,6.001496215876386,5.261842365264893,0.1875,0.125,0.10294118,,87.99764705882353,90.04176470588236,81.9135294117647,40.49111,33.29097,1.48743
672456,Keider Montero,DET,4.1,1.0,1.0,19.0,5.0,5.0,4.0,4.0,1.0,0.0,2.0,8.307692917141027,7.551095484558671,3.6446452989057776,3.5491141232013828,0.26315789,0.05263158,0.10344828,,97.9270588235294,107.14635294117649,103.08305882352941,50.19435,57.69461,-0.14007
647315,Zach Pop,TOR,14.1,15.0,0.0,56.0,8.0,13.0,5.0,6.0,1.0,0.0,3.0,3.139535625716731,4.980433695370573,3.947326555826464,3.8947922241616832,0.14285714,0.01785714,0.11413043,,112.11959782608699,110.49388043478261,119.55060869565219,49.19456070652173,47.347504836956524,-0.7308299999999999
676106,Emerson Hancock,SEA,34.1,7.0,7.0,149.0,23.0,34.0,20.0,25.0,11.0,3.0,6.0,5.242718640770723,5.321819663939982,5.075772665105251,5.0428679029421115,0.15436242,0.0738255,0.08641975,,88.41663657543494,98.99702954688962,88.5700626646635,37.6199078659612,56.73545105820106,0.2901876895943563
670241,Darius Vines,ATL,12.2,3.0,2.0,59.0,8.0,17.0,11.0,11.0,4.0,1.0,3.0,7.815789865985161,6.166479928869958,5.474914219771408,5.044189241874286,0.13559322,0.06779661,0.11637931,,83.26396551724139,107.77439655172415,92.16870689655174,40.89309060344827,54.00415362068965,0.5196723275862069
659275,Dinelson Lamet,LAD,4.1,3.0,0.0,18.0,3.0,2.0,1.0,2.0,2.0,0.0,1.0,2.076923229285257,6.1664799983685,5.95788011762915,5.192886497465151,0.16666667,0.11111111,0.06756757,,85.26048262548262,82.3927027027027,68.3461196911197,42.95627202702702,33.625012702702705,1.2942878378378377
683627,Anthony Molina,COL,18.1,10.0,1.0,84.0,9.0,25.0,17.0,18.0,10.0,1.0,2.0,8.345455599097313,5.402843697002147,5.056813250453743,5.322488263515811,0.10714286,0.11904762,0.04985337,,92.30502094679514,98.69287704231253,96.10163699204023,28.68427097315437,39.188136577181204,0.6244378859060401
445926,Jesse Chavez,ATL,23.2,18.0,0.0,96.0,17.0,18.0,4.0,5.0,8.0,1.0,3.0,1.5211269335954118,4.5185926081523835,4.5956726296524195,4.387062417841236,0.17708333,0.08333333,0.06824147,,96.66930883639542,102.10991146106734,99.27223097112861,37.949938950131234,42.11400456692915,0.39645724409448824
701643,Grant Hartwig,NYM,6.2,4.0,0.0,31.0,4.0,6.0,5.0,6.0,4.0,2.0,1.0,6.750000643730225,6.616480107307466,6.934492746968315,5.742096409640822,0.12903226,0.12903226,0.10169492,,94.82661016949153,86.97084745762713,83.09813559322032,51.15818491525424,30.902251186440676,1.2185181355932204
693821,Bryce Elder,ATL,23.2,5.0,5.0,113.0,19.0,35.0,17.0,18.0,11.0,2.0,4.0,6.464789166570661,5.405916548409044,4.742037704498528,4.784007886189373,0.16814159,0.09734513,0.08551069,,85.46641219687346,97.49332375849308,87.79594652819974,34.37702779097387,47.92913874109264,0.7947107600950118
681402,Gus Varland,LAD,6.0,7.0,0.0,30.0,3.0,7.0,2.0,3.0,4.0,1.0,1.0,3.0000005066395663,6.833147064182598,6.93449302396402,6.223213522344249,0.1,0.13333333,0.08064516,,99.7734516129032,109.31790322580645,106.48441129032257,50.699009919354836,63.64426548387096,-0.6363366935483871
518489,Ryan Brasier,LAD,11.2,12.0,1.0,47.0,12.0,10.0,6.0,6.0,3.0,0.0,3.0,4.628571704455801,5.223622758047929,3.306373426780152,3.1950409229789005,0.25531915,0.06382979,0.0797546,,99.79327607361964,96.50268098159508,93.85032515337423,50.18340699386503,61.149100306748466,-0.24566969325153373
669459,Kyle Nelson,ARI,10.2,11.0,0.0,42.0,8.0,8.0,5.0,5.0,4.0,0.0,2.0,4.218751477310951,5.228980500530705,3.783735511021834,4.261640651628566,0.19047619,0.0952381,0.11724138,,95.8673103448276,106.48510344827586,97.43213793103448,35.501126620689654,67.81281503448277,0.03855751724137933
681217,Chase Silseth,LAA,8.0,2.0,2.0,38.0,12.0,8.0,6.0,7.0,4.0,0.0,3.0,6.75,6.541479778289795,3.5564902860671284,3.5799396063806554,0.31578947,0.10526316,0.13173653,,95.10983047836912,90.37482383547511,87.91147045235371,45.04650101796407,47.57646574850298,0.3482289221556886
607536,Kyle Freeland,COL,15.2,4.0,4.0,87.0,9.0,32.0,23.0,25.0,8.0,1.0,3.0,13.21276649364579,6.230309689859833,5.767682641127632,5.520695128299083,0.10344828,0.09195402,0.07348243,,87.49271825218058,99.5541566897364,92.96528700748932,42.72058108626198,50.03525063897764,0.5342331948881789
608718,Brent Suter,CIN,31.0,23.0,2.0,132.0,25.0,33.0,15.0,17.0,8.0,1.0,6.0,4.3548392790538095,4.9406735586450505,4.375523041169378,4.067905198172271,0.18939394,0.06060606,0.09108527,,104.44712202758483,100.15775954897818,106.61649767441862,53.073643934108524,51.2097196124031,0.15503517441860468
489119,Wade Miley,MIL,7.0,2.0,2.0,30.0,2.0,6.0,5.0,5.0,4.0,1.0,1.0,6.428571428571429,6.595051206861223,6.033915555051395,6.6129490900334265,0.06666667,0.13333333,0.04237288,,96.76328292046935,91.0993481095176,84.04302737940027,38.2680679661017,41.865054237288135,0.49206830508474575
502624,Chase Anderson,BOS,28.2,15.0,1.0,123.0,16.0,24.0,14.0,14.0,11.0,1.0,4.0,4.395348934691428,5.119968193708207,5.732260766109056,5.342852728807391,0.1300813,0.08943089,0.10416667,,94.96532451083156,102.18386691998603,98.75915308350804,48.79926241666667,49.22804091666668,-0.003155458333333294
685314,Andrew Saalfrank,ARI,1.0,2.0,0.0,8.0,0.0,2.0,4.0,4.0,4.0,0.0,0.0,36.00003755096538,15.166492295278253,16.678502278649436,16.676729084014895,0.0,0.5,0.07692308,,75.21692307692307,20.842307692307696,11.568461538461536,34.762491538461546,20.0,4.195456923076923
677161,Zack Kelly,BOS,16.2,11.0,0.0,72.0,14.0,11.0,4.0,5.0,10.0,1.0,2.0,2.160000217580817,5.026479965651054,4.736566997673953,4.755587873572708,0.19444444,0.13888889,0.10067114,,113.1786577181208,97.4024832214765,105.52758389261744,67.88657791946308,52.301144328859074,-0.6199214765100671
665620,Deivi Garcia,CHW,14.0,14.0,0.0,68.0,15.0,16.0,11.0,16.0,11.0,0.0,2.0,7.071430618666249,5.237908949414251,5.4327775571314305,5.030799791045754,0.22058824,0.16176471,0.12014134,,98.96096819787986,78.41068904593641,80.81243109540635,49.20447106007067,31.92039575971732,0.975974664310954
672710,Roansy Contreras,- - -,22.0,16.0,0.0,97.0,21.0,21.0,10.0,10.0,11.0,1.0,3.0,4.090909645084582,4.666479981487475,4.95558239277149,4.398877444662714,0.21649485,0.11340206,0.11048159,,96.94056485535239,93.92725040776031,91.65361833633787,51.819147422096314,51.02761504249292,0.10050354107648725
595897,Nick Burdi,NYY,9.2,12.0,0.0,45.0,12.0,5.0,2.0,2.0,9.0,2.0,1.0,1.862069891693086,5.442342979248011,5.974491610278063,5.1615557583292935,0.26666667,0.2,0.1,,110.49345523809524,74.2181980952381,82.63999238095239,63.86957680952381,25.177413619047616,0.8967978571428573
605154,John Brebbia,CHW,18.2,21.0,0.0,84.0,20.0,21.0,16.0,16.0,5.0,2.0,4.0,7.714288120063734,4.934337472471068,4.011633256668459,3.454803908781849,0.23809524,0.05952381,0.11764706,,100.59241176470587,99.91482352941176,96.18611764705884,44.09562826470589,43.1830470882353,-0.27987023529411775
668874,Blair Henley,HOU,0.1,1.0,1.0,9.0,0.0,4.0,5.0,5.0,3.0,1.0,0.0,135.00014081612017,39.16651732925518,48.23857722948226,12.092395742182891,0.0,0.33333333,0.025,,81.8348717948718,86.05435897435898,81.81076923076922,51.31639,24.40394,1.23456
605182,Mike Clevinger,CHW,16.0,4.0,4.0,78.0,15.0,22.0,12.0,13.0,9.0,0.0,4.0,6.7500008046628,6.228980143368288,5.341493172293263,5.110304525427898,0.19230769,0.11538462,0.11551155,,94.98299759003552,98.09581229301583,95.36764820752653,51.6654701650165,54.505283597359735,0.05403270627062705
664192,Joey Lucchesi,NYM,4.1,1.0,1.0,21.0,2.0,5.0,5.0,5.0,4.0,0.0,1.0,10.384616146426286,8.012633979955396,6.757258971963787,7.4977018680740075,0.0952381,0.19047619,0.04347826,,100.66388059701492,76.16985074626865,79.95522388059702,42.46918,40.3207,0.84374
668964,Tobias Myers,MIL,26.2,7.0,6.0,117.0,27.0,29.0,16.0,16.0,10.0,1.0,7.0,5.4000001287460355,5.791479840874674,4.363490839994963,4.235575762021739,0.23076923,0.08547009,0.08425721,,91.33952937214069,106.3081909151996,98.87868886052836,36.832805831485594,44.53489955654101,-0.1629466297117517
669387,Carmen Mlodzinski,PIT,7.2,5.0,0.0,40.0,8.0,10.0,8.0,10.0,6.0,1.0,1.0,9.39130512663013,5.5143060599473275,5.790838786647342,5.041709084014893,0.2,0.15,0.08235294,,101.34117647058824,86.21305882352941,86.47235294117647,45.097406882352935,36.51614211764706,0.7143228235294117
677076,Clayton Andrews,NYY,0.1,1.0,0.0,3.0,1.0,1.0,1.0,1.0,0.0,1.0,1.0,27.000028163224034,45.1665235877494,10.702512857650452,2.618173530885782,0.33333333,0.0,0.2,,70.43066666666667,109.776,88.048,52.86916,29.96321,0.80701
605156,Aaron Brooks,OAK,21.2,4.0,4.0,100.0,10.0,29.0,14.0,18.0,6.0,1.0,4.0,5.81538478603025,5.6126336962231544,5.3061837881533265,5.3972424840148925,0.1,0.06,0.09171598,,87.46393222162453,96.67223372781064,85.4746664873588,35.997074911242606,48.449744408284026,0.5815222189349112
657571,Caleb Ferguson,NYY,18.2,24.0,0.0,86.0,22.0,18.0,11.0,14.0,10.0,1.0,3.0,5.3035736837319885,4.666480416112984,4.1162030241738865,3.859149847709664,0.25581395,0.11627907,0.11538462,,103.45013391466833,96.51108377452508,92.81086577390221,54.93111420118343,62.99929914201182,-0.5367024260355028
622786,Jesus Tinoco,TEX,5.0,4.0,0.0,24.0,5.0,8.0,6.0,6.0,1.0,0.0,2.0,10.800002124309957,6.966480525732187,2.6736847250924307,2.676406164553101,0.20833333,0.04166667,0.12371134,,107.1377319587629,107.91443298969071,113.66762886597938,55.44155845360825,50.60007092783505,-0.20435701030927836
642546,Jonathan Hernandez,TEX,17.0,11.0,0.0,75.0,15.0,13.0,7.0,9.0,15.0,0.0,1.0,3.705883002611294,4.813538890561482,5.1161331127063905,5.607649084014894,0.2,0.2,0.13522013,,103.51891046684051,86.4839868077926,90.26674520632,54.936162861635225,37.49366103773585,0.4606227044025157
620982,Ricardo Pinto,PHI,10.2,6.0,0.0,59.0,8.0,19.0,13.0,14.0,5.0,2.0,2.0,10.96875071508116,6.072729967755745,5.336239376741622,4.401715578789901,0.13559322,0.08474576,0.10859729,,89.36287338277488,92.4361601192201,87.89922309507358,41.285632443438914,32.46208941176471,1.2722133936651585
661527,Seth Martinez,HOU,31.1,24.0,0.0,121.0,15.0,20.0,7.0,9.0,12.0,2.0,3.0,2.0106385133354645,4.794139527180409,5.334915469073636,5.249834533774028,0.12396694,0.09917355,0.08971554,,101.23466083150986,96.38705142231949,96.66845185995624,56.34974671772428,47.07293019693654,0.11819800875273526
570257,Joely Rodriguez,BOS,11.0,11.0,0.0,51.0,11.0,15.0,8.0,12.0,2.0,0.0,3.0,6.545456407484474,5.257389464014002,2.6741213512755664,2.8096333572597985,0.21568627,0.03921569,0.0990566,,98.57569811320754,99.40927987421384,94.94624213836478,48.86958617924528,63.330367499999994,-0.16163721698113204
677944,Slade Cecconi,ARI,37.0,7.0,6.0,149.0,26.0,31.0,23.0,23.0,8.0,2.0,9.0,5.594594882995754,5.734047478215382,5.1055209913758315,4.73573504630203,0.17449664,0.05369128,0.08514493,,94.28214134505781,110.63297915648918,104.20720403843023,39.44276221014493,54.50800262681159,-0.6669299818840579
670102,Bowden Francis,TOR,14.2,5.0,2.0,68.0,17.0,18.0,14.0,14.0,7.0,1.0,4.0,8.590909463314986,6.030116266061457,3.8248508941624326,3.9693729141188903,0.25,0.10294118,0.1124498,,103.03657295850066,92.6754608176295,94.0624230254351,48.86521943775101,55.06267734939759,-0.21945755020080318
543766,Bryan Shaw,CHW,4.0,5.0,0.0,24.0,4.0,8.0,4.0,5.0,4.0,0.0,1.0,9.000004559757636,7.416481931508678,7.190498629460349,5.98386797026267,0.16666667,0.16666667,0.04210526,,92.39198272955117,82.70863730538467,78.2150319131161,41.812580315789475,25.46034905263158,1.3914422105263156
608334,Carson Fulmer,LAA,25.1,14.0,0.0,108.0,23.0,18.0,9.0,11.0,15.0,2.0,3.0,3.197368701904459,4.90332203611444,5.094700096889292,4.7196923026605155,0.21296296,0.13888889,0.0861244,,87.83129965927216,87.48701295249144,82.10127132569716,45.55804531100478,50.81636834928229,0.7189023684210527
621199,Matt Bowman,- - -,14.1,9.0,0.0,62.0,10.0,10.0,8.0,8.0,6.0,2.0,2.0,5.023256270030606,5.259503224135881,5.027884093338643,4.6349132681680425,0.16129032,0.09677419,0.06666667,,104.70516666666666,97.28641666666667,107.34825000000001,54.599959416666664,49.37559591666666,-0.23100845833333325
595928,John Curtiss,COL,0.1,1.0,0.0,3.0,0.0,3.0,2.0,2.0,0.0,0.0,1.0,54.00005632644807,42.16652045850229,7.702509728403339,7.347395748822226,0.0,0.0,0.2,,82.988,113.17999999999999,109.144,44.58435,80.0,-0.70717
471911,Carlos Carrasco,CLE,45.1,9.0,9.0,198.0,34.0,48.0,26.0,28.0,18.0,3.0,8.0,5.161764850665958,5.350303368956162,4.723842034717336,4.816658324570858,0.17171717,0.09090909,0.09485095,,84.00959203105545,93.24026880539076,83.22583900974145,44.58261514905149,44.202740067750675,0.7322868292682926
682052,Jacob Lopez,TBR,5.1,3.0,0.0,27.0,2.0,3.0,5.0,6.0,5.0,2.0,1.0,8.43750050291422,8.791480113565942,10.039500678119564,8.252981481345085,0.07407407,0.18518519,0.06603774,,83.65132075471699,73.12962264150943,64.15622641509434,44.21015,20.0,2.0808099056603773
595881,Tyler Beede,CLE,14.0,13.0,0.0,68.0,18.0,16.0,13.0,14.0,9.0,3.0,2.0,8.357143462008404,5.0236227698472184,4.462487077424033,3.9772221652588238,0.26470588,0.13235294,0.12592593,,90.41642035495369,93.66069074629077,81.86700571033904,34.27158359259259,40.95287725925925,0.9873699629629631
676714,Brandon Hughes,ARI,8.2,8.0,2.0,45.0,10.0,14.0,9.0,9.0,3.0,2.0,3.0,9.346156685090433,7.089557893019113,4.857569824375627,3.8926926611888364,0.22222222,0.06666667,0.0960452,,96.0429205900816,101.74931732580038,98.53600282485877,50.98573135593221,50.54247237288135,0.20299830508474578
628317,Kenta Maeda,DET,40.1,9.0,9.0,175.0,30.0,45.0,28.0,30.0,12.0,1.0,10.0,6.247934229003809,5.8689592662319185,5.007550861483251,4.864941099152899,0.17142857,0.06857143,0.09221902,,86.18421685061642,99.10184840826567,90.67690564761429,42.724596772334294,46.25298108069164,0.38597765129683
502179,Paolo Espino,TOR,4.2,2.0,0.0,23.0,2.0,8.0,4.0,4.0,2.0,1.0,2.0,7.714286765273879,9.809337826164525,6.505921414013983,5.59453248915878,0.08695652,0.08695652,0.06024096,,91.07108433734939,100.04819277108433,96.01445783132532,48.80056180722892,47.88737012048193,0.12008746987951807
681432,Luke Little,CHC,16.1,18.0,1.0,69.0,15.0,8.0,9.0,10.0,13.0,3.0,1.0,4.95918503680499,5.064439483733681,5.194240584451255,5.138101654078639,0.2173913,0.1884058,0.08896797,,90.46362989323843,89.50512455516015,81.69992882562278,56.89975551601424,39.21938120996441,0.5899790035587188
678906,Kai-Wei Teng,SFG,11.0,4.0,0.0,55.0,7.0,15.0,12.0,12.0,8.0,1.0,2.0,9.818182669395332,6.711934631126998,6.4101278861726945,5.883549576961307,0.12727273,0.14545455,0.08333333,,95.12549019607843,90.28372549019609,89.53382352941178,53.06038666666666,48.04996416666667,0.34492808823529414
621345,A.J. Minter,ATL,21.1,25.0,0.0,83.0,23.0,15.0,7.0,7.0,6.0,0.0,5.0,2.9531254771792055,4.9008550585379,3.6967401090545278,3.163683214104503,0.27710843,0.07228916,0.15873016,,110.59346031746033,99.6720126984127,110.0136761904762,66.41480726984126,60.159694888888886,-0.6884199682539682
641726,Daulton Jefferies,SFG,4.2,2.0,1.0,31.0,4.0,14.0,9.0,13.0,2.0,0.0,2.0,17.35714522186623,8.309337621805714,5.329923055130179,4.627446663680888,0.12903226,0.06451613,0.04587156,,86.38715596330276,100.11834862385321,94.63834862385323,42.163874954128445,50.78149256880734,0.5002275229357798
669422,Matt Sauer,KCR,16.1,14.0,0.0,84.0,9.0,23.0,14.0,14.0,11.0,1.0,3.0,7.714285864426863,6.6562757645781385,7.323394802377711,6.282178191961712,0.10714286,0.13095238,0.06727829,,104.57013258581486,86.67678483885409,88.02797942098016,39.382256574923545,34.71753871559633,0.5989514373088685
669062,Erik Miller,SFG,25.2,27.0,3.0,104.0,33.0,15.0,12.0,13.0,15.0,1.0,5.0,4.207792639370495,4.997648797275104,3.5844600699221854,3.5823074300864968,0.31730769,0.14423077,0.14649682,,103.82531634819532,97.10116772823781,98.67558598726112,64.47311441613587,41.23585687898089,0.000377791932059447
669796,Jose Hernandez,PIT,5.1,7.0,0.0,25.0,4.0,5.0,2.0,2.0,4.0,0.0,1.0,3.3750015213161113,6.353981215088345,6.75149715593868,6.307871484014893,0.16,0.16,0.14606742,,98.62404494382021,102.90382022471908,100.54988764044943,41.19662719101123,57.6881897752809,0.18285528089887645
554431,Tyler Matzek,ATL,10.0,11.0,0.0,48.0,10.0,16.0,11.0,11.0,3.0,0.0,3.0,9.90000203579706,5.966480354070782,4.032090884379048,3.833145753839684,0.20833333,0.0625,0.06703911,,97.24495344506516,92.61873370577281,88.59307262569833,57.08422798882681,54.05490553072626,-0.10738357541899442
621016,Jose Cuas,CHC,13.1,9.0,0.0,65.0,14.0,16.0,11.0,12.0,6.0,3.0,3.0,7.425001255776945,6.016480260305189,5.2460921088770025,4.162868256176274,0.21538462,0.09230769,0.10505837,,99.53704280155642,93.53929961089493,93.33198443579765,59.960559610894954,40.34741202334631,0.20610221789883273
670766,Darren McCaughan,MIA,4.2,1.0,0.0,28.0,2.0,9.0,8.0,8.0,3.0,2.0,3.0,15.428573530547759,13.880766952281295,8.76364141131798,6.369815822966409,0.07142857,0.10714286,0.04597701,,89.86022988505748,84.91931034482758,79.60896551724139,49.34691,49.65416,0.37643999999999994
571539,Matt Carasiti,COL,5.1,4.0,0.0,23.0,5.0,7.0,5.0,5.0,2.0,0.0,2.0,8.43750201165724,7.291480761766668,3.5504861745104543,3.557755544083494,0.2173913,0.08695652,0.07692308,,91.24062055591467,93.60409825468649,78.62627020038785,27.962236153846153,60.318045934065935,0.31963978021978023
656232,Brandon Bielak,- - -,23.0,13.0,0.0,109.0,12.0,31.0,13.0,13.0,8.0,2.0,4.0,5.086957174291767,5.688219232212209,5.728232029421787,5.233300243635498,0.11009174,0.0733945,0.0556962,,87.25293369849086,96.83313015221542,89.58754534573356,35.34729065822785,39.28678448101265,0.9610616962025317
592288,Kent Emanuel,MIA,6.0,2.0,0.0,30.0,4.0,9.0,7.0,8.0,3.0,1.0,3.0,10.5,10.333146444956462,5.849157653252284,4.862620201197881,0.13333333,0.1,0.04716981,,88.86735849056605,87.8477358490566,73.21132075471697,37.26857320754717,42.55847226415094,1.0053911320754718
622694,Elieser Hernandez,LAD,9.2,5.0,1.0,42.0,6.0,9.0,9.0,9.0,3.0,0.0,5.0,8.379310895940248,9.580273303577393,6.297257736294218,6.007073230750534,0.14285714,0.07142857,0.09375,,95.44612500000001,99.519625,90.53337499999999,41.2475013125,60.10236093749999,0.11504812499999999
656629,Michael Kopech,CHW,25.2,24.0,0.0,110.0,35.0,19.0,11.0,12.0,15.0,3.0,5.0,3.8571432527562868,5.075570883189371,4.0747481271009605,3.501904700515973,0.31818182,0.13636364,0.13636364,,128.97184072871576,87.93945707070708,114.33908549783548,73.3091738961039,51.965989718614736,-1.1811713203463203
676680,Tom Cosgrove,SDP,12.0,15.0,0.0,60.0,13.0,17.0,14.0,14.0,5.0,3.0,3.0,10.50000451132849,6.24981443637832,4.763823605180984,3.910406588508726,0.21666667,0.08333333,0.08203125,,110.8115625,98.133984375,101.624921875,54.43975605468749,51.04007707031249,-0.2141369921874999
592767,Drew Smyly,CHC,16.0,11.0,0.0,72.0,15.0,14.0,9.0,11.0,9.0,2.0,3.0,5.062500942964283,5.791480267234238,5.71649338798851,4.883078624314772,0.20833333,0.125,0.13978495,,108.43268468737554,100.34105361409796,106.29474313022702,45.38571835125448,51.855024731182795,0.2112095698924731
519043,Matt Moore,LAA,21.1,23.0,0.0,93.0,22.0,20.0,14.0,14.0,9.0,1.0,5.0,5.906250954358411,5.557105164577724,4.5656164315763945,3.905357597518331,0.23655914,0.09677419,0.12631579,,106.19162326869804,91.89494736842106,95.26203878116344,53.32904092105263,46.44213452631579,0.2803744473684211
663474,Triston McKenzie,CLE,57.1,11.0,11.0,247.0,54.0,45.0,24.0,27.0,34.0,1.0,11.0,3.7674420066883068,5.608340338180364,5.1975612075544095,5.087513603762763,0.21862348,0.13765182,0.09309623,,89.65809393171197,85.82460694856,78.25785635118466,36.67272412133891,37.322471966527196,1.3153486506276149
663462,Isaiah Campbell,BOS,6.1,7.0,0.0,33.0,5.0,11.0,9.0,10.0,2.0,0.0,2.0,12.789474386340071,6.640164179517963,3.7285917087980285,3.7688457061120593,0.15151515,0.06060606,0.10091743,,101.74025405786874,95.55136203246296,99.60371206774876,50.71571201834862,38.177497431192656,0.009017247706421967
641302,Tyler Alexander,TBR,56.2,11.0,6.0,247.0,48.0,63.0,39.0,39.0,13.0,3.0,13.0,6.194117820799149,5.301773955830242,4.640798608019249,4.294329728575358,0.19433198,0.05263158,0.08874459,,100.58144429363762,106.95927298183601,101.16017349426653,47.857755714285716,64.98345851731601,-0.7781840151515153
542585,Jose Cisnero,LAA,14.0,14.0,0.0,66.0,16.0,17.0,11.0,13.0,7.0,1.0,4.0,7.071430136963159,6.3093376169400885,4.323061070025935,3.9080165077599576,0.24242424,0.10606061,0.10283688,,104.88999716312054,89.42715177304963,95.24586950354612,54.23184230496454,38.25208879432624,0.45959421985815613
623433,Nick Anderson,KCR,21.1,23.0,0.0,99.0,13.0,26.0,10.0,11.0,12.0,1.0,3.0,4.218750481304651,5.603980056376927,5.760366107384745,5.4987153112409395,0.13131313,0.12121212,0.07650273,,87.32177049180328,100.22948633879778,85.89651366120219,27.44526521857923,45.765767486338795,0.6493623497267761
571863,Matt Koch,COL,0.1,2.0,0.0,5.0,0.0,3.0,3.0,4.0,1.0,0.0,1.0,81.0000844896721,51.166529846243634,21.238549066258223,9.249769084014893,0.0,0.2,0.08695652,,100.8095652173913,86.72086956521738,72.27652173913044,41.65332565217391,36.10863173913043,0.5680565217391305
669169,Jonathan Heasley,BAL,5.1,4.0,0.0,29.0,4.0,10.0,10.0,11.0,3.0,1.0,2.0,16.875001100124862,8.791480144998083,5.0504862057794355,4.205715998063612,0.13793103,0.10344828,0.08333333,,86.93347736625513,91.82185596707819,86.47252674897119,38.584964259259266,38.31539574074074,1.0839475925925925
543518,Scott McGough,ARI,16.0,15.0,0.0,72.0,10.0,18.0,12.0,15.0,10.0,0.0,2.0,6.75000125728571,5.416480197385032,5.870491840506357,5.714786566639937,0.13888889,0.13888889,0.12727273,,86.79697454545453,93.16732727272726,83.84010909090907,37.72650872727272,43.784775054545456,0.8389656
641745,Brad Keller,- - -,22.2,7.0,2.0,104.0,17.0,26.0,15.0,16.0,7.0,0.0,6.0,5.955882770586208,6.034127038201673,4.394019289427085,4.241720331544629,0.16346154,0.06730769,0.09268293,,90.73468292682927,98.96087804878049,92.45395121951218,38.60029151219512,42.50439924390244,0.2764841707317073
661395,Jhoan Duran,MIN,14.0,15.0,0.0,59.0,13.0,12.0,5.0,8.0,5.0,2.0,3.0,3.21428595376868,5.595051387803909,3.673341762466451,3.437185267809735,0.22033898,0.08474576,0.12796209,,121.62691253272486,95.64572946738545,114.88563519490918,50.83602398104266,48.497145071090046,-0.2776895260663507
666974,Yennier Cano,BAL,25.2,29.0,0.0,108.0,23.0,24.0,8.0,9.0,11.0,1.0,4.0,2.80519576715318,4.802843975795817,3.60160139583061,3.480527095899604,0.21296296,0.10185185,0.14018692,,110.07156208277702,117.35915887850464,128.29822652425452,57.41110404205608,69.66667824766357,-0.9710045794392521
666277,George Soriano,MIA,11.2,10.0,0.0,54.0,12.0,11.0,12.0,12.0,7.0,2.0,3.0,9.257144969629264,6.7664805998122874,5.238033195628708,4.536089846047384,0.22222222,0.12962963,0.08294931,,91.39783410138249,91.72568663594471,85.46470046082948,51.517059447004605,42.65699442396314,0.6046199078341015
682610,Roddery Munoz,MIA,15.2,3.0,3.0,66.0,19.0,12.0,9.0,9.0,7.0,0.0,6.0,5.170212975774439,7.060096957576718,3.8185745693483675,3.841484831154184,0.28787879,0.10606061,0.11026616,,100.77399239543728,95.21604562737643,93.9241825095057,39.40844273764259,38.41753159695817,0.9530420912547529
669084,DL Hall,MIL,16.1,4.0,4.0,84.0,13.0,27.0,14.0,14.0,10.0,2.0,4.0,7.714286314850345,6.962398441152663,5.630163732810621,5.491993691672427,0.1547619,0.11904762,0.07902736,,85.03340413237254,100.48236920870188,87.2301519756839,46.21073613981763,50.79862361702127,0.49891613981762917
668868,Zack Thompson,STL,17.0,5.0,2.0,83.0,20.0,24.0,18.0,18.0,8.0,1.0,6.0,9.529412867288816,6.9900096324488885,4.358490794849268,4.024165499036669,0.24096386,0.09638554,0.09148265,,89.44258675078864,98.62927444794954,86.5591167192429,36.47538179810725,48.32496974763407,0.8400998107255521
683004,Jack Leiter,TEX,9.1,3.0,3.0,55.0,7.0,18.0,17.0,19.0,6.0,2.0,3.0,16.392859376206996,8.416480493545631,7.153925104963994,5.907841150917536,0.12727273,0.10909091,0.09569378,,100.01952153110047,86.0072727272727,85.49732057416269,53.52762679425837,45.45720626794258,0.20994229665071776
605447,Jordan Romano,TOR,13.2,15.0,0.0,62.0,13.0,16.0,10.0,10.0,4.0,1.0,4.0,6.585366691350334,6.166480159904948,4.353027586199792,3.927063114113403,0.20967742,0.06451613,0.11162791,,103.09013107822412,104.73578858350952,112.81299788583509,52.573804790697665,57.04786641860465,-0.3622732093023256
680742,Jonathan Bowlan,KCR,2.2,1.0,1.0,17.0,3.0,6.0,4.0,4.0,3.0,0.0,3.0,13.500003218651585,18.91648353338331,7.126496484097351,6.187026660617574,0.17647059,0.17647059,0.14705882,,105.83500000000001,82.60176470588236,88.38058823529411,58.35369,40.4351,-0.01142
680897,Nick Nastrini,CHW,16.1,4.0,4.0,85.0,13.0,19.0,18.0,20.0,17.0,0.0,4.0,9.918367539977396,7.880765584328434,7.381678459131206,7.019442445773461,0.15294118,0.2,0.10334347,,92.98697363016511,70.83470467427915,70.15045674854186,33.28324869300912,20.0,0.4463707294832827
650893,Genesis Cabrera,TOR,22.1,24.0,0.0,104.0,15.0,27.0,11.0,16.0,12.0,0.0,4.0,4.432836901427482,5.763495336701855,5.263087467022357,5.207064696191623,0.14423077,0.11538462,0.09589041,,111.56660514827638,95.7823698630137,104.01911651362336,48.03076172602739,44.2561524109589,-0.12170419178082191
641755,Tyler Kinley,COL,22.1,24.0,0.0,106.0,23.0,29.0,20.0,20.0,13.0,0.0,6.0,8.059702349362471,6.345584593871659,4.951805069260964,4.533994653026986,0.21698113,0.12264151,0.14318182,,89.00671623262703,98.36783793574845,90.40466874572796,44.91919983644861,38.635318948598126,1.1648340186915893
624647,Victor Gonzalez,NYY,16.1,19.0,0.0,67.0,6.0,9.0,6.0,7.0,9.0,1.0,2.0,3.3061231346689857,5.860357888020079,5.934816147054155,5.9949946306331885,0.08955224,0.13432836,0.08243728,,95.01886738351254,84.08398566308246,83.15543130227003,48.142472544802864,35.4064882437276,1.0951133691756274
660853,Enyel De Los Santos,SDP,21.1,25.0,0.0,90.0,28.0,19.0,9.0,9.0,7.0,1.0,7.0,3.7968761545420295,5.932105619252508,3.6509909587846145,2.8762478412259163,0.31111111,0.07777778,0.1509434,,96.1099836641346,113.39967450788204,106.77052969043535,39.677170862533686,71.54329016172507,-0.2853140161725067
664208,Phil Maton,TBR,22.0,26.0,0.0,94.0,19.0,15.0,10.0,11.0,13.0,4.0,3.0,4.090909478831919,5.530116366059348,5.269397474831124,4.791026619076911,0.20212766,0.13829787,0.13385827,,93.93154199475069,98.30030183727038,101.94509186351706,66.08659501362398,37.10049855585831,0.21491773841961848
606965,Chris Devenski,TBR,18.0,12.0,0.0,83.0,14.0,20.0,12.0,17.0,9.0,0.0,5.0,6.0000006556511645,6.722035722379374,5.714938978599687,5.0766120841119955,0.1686747,0.10843373,0.12112676,,102.3552186160441,95.47823392529087,98.47131169626452,61.677065971831,51.32662884507042,-0.03970385915492957
621051,Steven Wilson,CHW,19.0,21.0,0.0,82.0,19.0,10.0,6.0,8.0,14.0,1.0,4.0,2.8421060299281025,6.271743773951981,5.763124445900922,5.234814445424124,0.23170732,0.17073171,0.1030303,,106.63651239669423,79.63104683195591,84.88079338842975,58.83150651515152,37.86725012121211,0.4399202727272727
600986,Thyago Vieira,- - -,22.1,17.0,0.0,111.0,25.0,26.0,17.0,17.0,17.0,2.0,6.0,6.850746978674382,6.972450321997785,5.240161421346942,4.797161273327262,0.22522523,0.15315315,0.10822511,,98.01851929345165,90.85708301600363,92.83471868588927,46.87197543290044,37.59465716450216,-0.09002298701298699
682990,Quinn Priester,PIT,27.0,5.0,5.0,123.0,17.0,31.0,13.0,17.0,10.0,0.0,7.0,4.3333334863921795,6.388702114325006,4.362339144578135,4.479112392234784,0.13821138,0.08130081,0.10829493,,90.10350230414745,96.59552995391705,87.32626728110598,35.678125299539175,50.101817626728106,0.5766566820276497
643493,Austin Pruitt,TEX,4.1,4.0,0.0,24.0,1.0,8.0,6.0,6.0,3.0,0.0,3.0,12.46154228963913,13.781867654649055,7.573265881972445,7.125123191840254,0.04166667,0.125,0.02564103,,87.87882642998026,107.60727810650889,106.99787968441815,34.805733076923076,58.373974743589734,0.20399358974358978
669952,Mitch White,- - -,23.2,13.0,0.0,110.0,13.0,26.0,19.0,21.0,13.0,1.0,4.0,7.225352925479657,6.03971953812966,5.6952790957387975,5.598784456343849,0.11818182,0.11818182,0.07021792,,92.37919895076674,105.04917594834544,99.23731746031747,45.65219825665859,56.505772736077475,-0.0165937772397094
657024,Erik Swanson,TOR,13.2,17.0,0.0,66.0,10.0,20.0,14.0,14.0,4.0,0.0,5.0,9.219513367890467,7.337212016145008,4.683174584748972,4.473366365890156,0.15151515,0.06060606,0.08606557,,91.84467213114753,93.9077049180328,89.91573770491803,43.49844737704918,41.22241454918033,0.4867451229508197
663432,Tanner Rainey,WSN,14.0,14.0,0.0,78.0,10.0,22.0,15.0,15.0,13.0,3.0,4.0,9.642857142857142,8.88076549257551,7.97449538984469,6.371213624513318,0.12820513,0.16666667,0.12179487,,99.60634615384615,80.67698717948718,83.88602564102565,50.668418685897436,33.27287519230769,1.0915945512820513
696131,Mason Black,SFG,14.1,4.0,3.0,72.0,10.0,21.0,14.0,14.0,7.0,3.0,4.0,8.79069845427566,7.492061557377818,6.501378457086746,5.633002501148569,0.13888889,0.09722222,0.05323194,,93.79011406844106,91.23368821292776,83.01939163498098,40.42727863117871,45.99869904942965,0.5891011406844107
606160,Rafael Montero,HOU,23.2,24.0,0.0,94.0,15.0,17.0,8.0,8.0,8.0,3.0,4.0,3.0422538710217917,5.490423707542552,4.57099408592847,4.460829684971356,0.15957447,0.08510638,0.08816121,,102.78090680100756,102.17496221662468,104.92886649874056,47.55776662468513,53.869054382871546,-0.43038440806045336
621363,Colin Poche,TBR,9.1,10.0,0.0,42.0,6.0,12.0,7.0,7.0,3.0,0.0,3.0,6.750001005828531,7.023623210191813,5.27506503106434,5.052803919392063,0.14285714,0.07142857,0.0915493,,94.06267605633803,107.22028169014085,103.07647887323942,44.50192654929578,37.39114169014085,0.7700104929577465
608678,Dominic Leone,CHW,15.1,18.0,0.0,70.0,15.0,15.0,12.0,15.0,11.0,0.0,4.0,7.043479830646684,6.753437099452459,4.742661717862271,4.899338881944395,0.21428571,0.15714286,0.18505338,,96.23615658362989,85.32661921708184,85.21281138790037,49.1874593594306,33.694081138790025,1.005110462633452
666204,Dany Jimenez,OAK,15.2,16.0,0.0,71.0,12.0,10.0,6.0,9.0,13.0,1.0,3.0,3.446809109491044,6.804778282752563,6.921218322216426,6.220014540184669,0.16901408,0.18309859,0.09578544,,94.47342899978582,77.22532924014185,76.10902596320888,41.77113003831418,35.721420229885055,1.1452665900383139
686826,Bryce Jarvis,ARI,32.0,24.0,0.0,142.0,23.0,29.0,12.0,16.0,21.0,2.0,4.0,3.3750005217735533,5.51023014063254,5.444488799385258,5.394203690216053,0.16197183,0.14788732,0.09773124,,96.45065220863098,88.20481906907239,83.48812180351484,48.53750502617802,36.20742659685865,0.9580341361256545
608371,Lucas Sims,CIN,19.1,24.0,0.0,83.0,22.0,15.0,10.0,10.0,11.0,1.0,5.0,4.6551735021451135,6.114756329648367,4.864285018398528,4.232492188629598,0.26506024,0.13253012,0.0990991,,115.30437937937937,90.07730730730731,105.26736736736734,60.89794285285285,43.45286897897898,-0.45145072072072073
686973,Louie Varland,MIN,16.2,4.0,4.0,87.0,18.0,27.0,17.0,19.0,9.0,2.0,6.0,9.180000350189223,7.666479949951179,4.52872840460176,4.508807956439427,0.20689655,0.10344828,0.07627119,,92.36457705315918,90.36393008045829,88.08813762647847,54.57404805084746,46.617036638418085,0.4742103389830508
656234,Jake Bird,COL,20.2,19.0,0.0,96.0,12.0,21.0,14.0,15.0,15.0,2.0,3.0,6.096775594381908,6.360028899156509,6.228812824619968,5.995621662139892,0.125,0.15625,0.08806818,,107.59928030303031,81.3605871212121,84.61772727272728,42.999953494318184,40.56174321022727,0.6413714204545454
541640,Erasmo Ramirez,TBR,16.0,11.0,0.0,66.0,9.0,11.0,8.0,10.0,6.0,1.0,4.0,4.500000578351393,6.603980220085998,5.8109937782799195,5.214400565451071,0.13636364,0.09090909,0.08225108,,94.938354978355,107.51272727272726,100.33064935064935,41.554237792207786,63.36397943722945,-0.2246551515151515
647336,Michael Soroka,CHW,54.0,13.0,9.0,244.0,41.0,52.0,35.0,38.0,33.0,2.0,11.0,5.833333642394471,6.240554015234183,5.440416098964373,5.499288180154272,0.16803279,0.1352459,0.07692308,,94.0843668585931,88.9105654333883,84.55474838358812,47.65731438259109,42.50185657894737,0.6746780769230768
547973,Aroldis Chapman,PIT,19.1,25.0,0.0,92.0,34.0,13.0,10.0,14.0,23.0,0.0,4.0,4.6551735021451135,5.907859729553028,4.54772887220585,4.894540997461785,0.36956522,0.25,0.12559242,,100.99464454976302,98.69578199052134,100.43255924170614,69.94967547393365,34.571117393364936,0.00536357819905214
641401,Connor Brogdon,- - -,3.0,4.0,0.0,19.0,3.0,5.0,8.0,9.0,6.0,0.0,4.0,24.00000834465317,24.499820529092613,10.190499032941203,8.99275400989718,0.15789474,0.31578947,0.10309278,,102.3818556701031,64.50886597938143,72.91113402061856,57.52407567010309,32.45629020618557,1.0745692783505154
666720,Yerry Rodriguez,TEX,17.0,12.0,0.0,78.0,12.0,16.0,13.0,13.0,11.0,1.0,5.0,6.88235374955167,7.695892075003288,5.918020886363798,5.510340205213565,0.15384615,0.14102564,0.09064327,,99.8432110579479,95.7487985114301,94.52517278043594,51.776595614035095,47.1720781871345,0.2689416081871345
543294,Kyle Hendricks,CHC,36.1,9.0,7.0,175.0,27.0,56.0,41.0,42.0,13.0,1.0,11.0,10.155963924755723,6.771984586265404,4.500801041172175,4.6655287599393995,0.15428571,0.07428571,0.07886435,,86.08324921135647,104.95637223974765,93.5960567823344,39.57152878548896,61.117474242902205,-0.04628578864353315
606149,Giovanny Gallegos,STL,9.0,13.0,0.0,48.0,13.0,14.0,12.0,12.0,7.0,0.0,5.0,12.00000544389336,9.833149469341661,4.290934073097965,4.107880558249427,0.27083333,0.14583333,0.13425926,,97.68138888888888,95.79120370370367,91.84962962962963,43.04950694444444,47.34990120370371,0.719356111111111
640470,Adbert Alzolay,CHC,17.1,18.0,0.0,75.0,13.0,19.0,9.0,13.0,6.0,1.0,6.0,4.67307756317667,7.378018816708275,4.884337321851089,4.41734384379387,0.17333333,0.08,0.09422492,,101.17786173498314,90.58001018628946,93.73310260710942,48.555661823708206,54.13092747720365,0.3449301823708207
