mlb_id,player_name_fg,team,ip,g,gs,tbf,so,h,er,r,bb,hbp,hr,era,fip,xfip,siera,k_pct,bb_pct,swstr_pct,csw_pct,stuff_plus,location_plus,pitching_plus,pb_stuff,pb_command,pb_xrv100
676979,Garrett Crochet,CHW,101.1,18.0,18.0,399.0,141.0,74.0,34.0,35.0,20.0,4.0,10.0,3.0197368799979674,2.3770060841726792,2.3922501436531354,2.466048689498386,0.35338346,0.05012531,0.1583229,,112.42002284567533,105.1435772791386,115.68310329105962,69.12339917396747,64.85630352315394,-1.0604276032540678
656557,Tanner Houck,BOS,107.2,17.0,17.0,439.0,105.0,91.0,32.0,41.0,19.0,8.0,5.0,2.6749226874955285,2.5720525144019,3.0215939884446175,3.1951557707152682,0.23917995,0.04328018,0.10432099,,106.11280437032524,107.98774781760305,110.7883718933622,50.58473845679012,61.79050697530864,-0.6808617839506174
607192,Tyler Glasnow,LAD,103.0,17.0,17.0,401.0,136.0,69.0,37.0,38.0,27.0,0.0,11.0,3.233009708737864,2.700460360814067,2.5011660006584475,2.749708758703698,0.33915212,0.06733167,0.14099217,,108.9304280425908,100.5682443184685,112.56862604875687,67.97982842689295,56.428069967362916,-0.5028315600522192
650911,Cristopher Sanchez,PHI,93.1,16.0,16.0,376.0,79.0,87.0,25.0,31.0,24.0,0.0,1.0,2.410714318557662,2.384336910491087,3.0388556183889626,3.4028120010842393,0.21010638,0.06382979,0.10121169,,104.81750823008545,104.10337275917206,110.0478752403841,59.18194381325729,55.08679678545973,-0.5908456878118317
666142,Cole Ragans,KCR,102.2,18.0,18.0,423.0,126.0,86.0,38.0,39.0,34.0,2.0,7.0,3.331168913684422,2.650245999268525,3.192435773122885,3.3472240884751865,0.29787234,0.08037825,0.14584544,,111.8502142272308,98.61834640124246,110.97115585993292,63.078040790238234,54.43038593259733,-0.3915283497966298
519242,Chris Sale,ATL,93.2,15.0,15.0,365.0,118.0,69.0,29.0,29.0,17.0,5.0,7.0,2.78647688724122,2.3230634024581613,2.4976462880747023,2.6445744182980255,0.32328767,0.04657534,0.15149409,,107.22537202964114,106.49087862386986,108.28534538973275,47.35742147324532,63.00876703266156,-0.4362070604586518
624133,Ranger Suarez,PHI,103.0,17.0,17.0,406.0,99.0,81.0,26.0,31.0,21.0,4.0,7.0,2.2718447022640764,2.855800160886161,2.970524159351264,3.262158937563063,0.24384236,0.05172414,0.09577279,,98.97128154308083,113.05850211493602,110.53793926551621,42.3301989754386,61.00534398596491,-0.2560159228070175
669373,Tarik Skubal,DET,97.0,16.0,16.0,385.0,112.0,72.0,25.0,28.0,19.0,6.0,8.0,2.319587674476932,2.702562243394409,3.00211626730037,3.0273482227687567,0.29090909,0.04935065,0.15111421,,113.14896461906856,101.16041698024077,113.87516473635343,60.174429811977724,62.29890340529248,-0.6549152506963788
607625,Seth Lugo,KCR,116.0,18.0,18.0,463.0,105.0,93.0,28.0,29.0,27.0,6.0,9.0,2.1724138466838436,3.2182039174965533,3.7867644242164715,3.8487650338528154,0.22678186,0.05831533,0.09565217,,97.14681584713311,97.30926061567321,95.28324457234781,42.91627388405797,51.85601415072464,0.19487584927536233
657277,Logan Webb,SFG,112.1,18.0,18.0,460.0,97.0,111.0,39.0,42.0,26.0,2.0,5.0,3.1246291154881725,2.765886301945158,3.142912390857615,3.4507064347698853,0.21086957,0.05652174,0.07569721,,106.90163603003528,105.39093779537207,112.22429925587758,59.71139630051224,62.60778490608992,-0.5708442800227661
554430,Zack Wheeler,PHI,105.2,17.0,17.0,420.0,112.0,73.0,32.0,36.0,31.0,6.0,10.0,2.7255520914714357,3.3273630614669285,3.5423111627608654,3.5897114860786985,0.26666667,0.07380952,0.12625963,,110.29365514860355,103.16098194284962,112.12277079389762,58.95160860699467,59.28737438055719,-0.7258810314167161
543243,Sonny Gray,STL,87.2,15.0,15.0,348.0,109.0,64.0,29.0,37.0,23.0,2.0,7.0,2.9771863981525843,2.5733238675467516,2.846091619256403,2.998629755855528,0.31321839,0.06609195,0.12519685,,96.94021694238506,105.66153666264997,107.7079664233671,58.11745996062993,51.639491543307095,-0.7432978897637795
656302,Dylan Cease,SDP,98.1,17.0,17.0,399.0,125.0,74.0,42.0,45.0,30.0,2.0,11.0,3.844067958162222,3.054615366808884,3.307153680038689,3.1789987015947996,0.31328321,0.07518797,0.14420804,,110.59888326754543,103.30834739399126,113.50730991750746,66.7183790780142,53.46632397754137,-0.48434549054373527
669923,George Kirby,SEA,99.1,17.0,17.0,396.0,96.0,87.0,37.0,38.0,9.0,3.0,11.0,3.3523490362020025,3.0356072933930203,3.422597319286046,3.3978117267604593,0.24242424,0.02272727,0.11392405,,104.08744211280795,108.68441189316414,110.67106079144378,53.96434526982012,61.680521292471695,-0.5828926515656229
669203,Corbin Burnes,BAL,106.2,17.0,17.0,423.0,99.0,86.0,27.0,32.0,24.0,0.0,11.0,2.2781250339467083,3.3258547806646677,3.4310878206824222,3.6449041217496236,0.23404255,0.05673759,0.12828536,,113.33738541493025,105.45448932998006,120.7472319257161,60.930945644555685,48.28447560700875,-0.5227531789737171
657746,Joe Ryan,MIN,103.2,17.0,17.0,410.0,110.0,85.0,37.0,41.0,15.0,3.0,15.0,3.212218698768657,3.446222547852231,3.432110740527171,3.303217961916624,0.26829268,0.03658537,0.12476371,,104.8591689579774,112.48580737010361,115.99003228076553,52.54707489959839,64.17805384872824,-1.0043539892904951
808967,Yoshinobu Yamamoto,LAD,74.0,14.0,14.0,301.0,84.0,62.0,24.0,25.0,17.0,1.0,6.0,2.91891895653646,2.6799932855337185,2.9336221806699188,3.1691635289672297,0.27906977,0.05647841,0.11661074,,97.16872959434812,107.61422624843392,105.500576618694,49.20448897651007,61.37370531879194,-0.3101108137583892
669022,MacKenzie Gore,WSN,90.2,17.0,17.0,394.0,107.0,95.0,35.0,44.0,29.0,7.0,7.0,3.474264803332856,3.001038597178707,3.5649590929762742,3.568221550036063,0.2715736,0.07360406,0.13178768,,107.73637331833078,100.94368498103853,109.29341037638989,64.20648929835265,52.48288939597316,-0.4056631604636974
607200,Erick Fedde,CHW,100.1,17.0,17.0,413.0,91.0,89.0,36.0,37.0,25.0,2.0,11.0,3.229235952018192,3.585084438736598,3.7572395029486,3.8824340474853285,0.22033898,0.06053269,0.0847248,,90.27764934667192,111.76609919616482,105.69346787858218,44.176588429189856,57.08472037105751,-0.17765217068645642
681857,Reese Olson,DET,89.1,16.0,16.0,374.0,81.0,81.0,33.0,39.0,26.0,3.0,4.0,3.3246269839780362,2.909017082560856,3.66403946866174,3.8987640748004617,0.21657754,0.06951872,0.12594114,,93.4182050366904,99.87956416371146,93.58877169270048,42.74799869267625,45.494734633812456,0.532611067761807
625643,Reynaldo Lopez,ATL,79.1,14.0,14.0,316.0,81.0,61.0,15.0,17.0,27.0,0.0,4.0,1.7016806995436837,2.8009335539433744,3.765480391195602,3.8835046392450754,0.25632911,0.08544304,0.11950207,,97.59598258700494,102.6479361317355,98.60444739175911,40.65368070539419,59.69204360165974,-0.016030954356846466
656427,Jack Flaherty,DET,89.0,15.0,15.0,349.0,115.0,75.0,32.0,34.0,14.0,3.0,13.0,3.235955194878533,3.054120222912068,2.3614527420068523,2.5636956437467253,0.32951289,0.04011461,0.14194009,,100.18942559790237,109.15054145321605,109.56197159638918,45.85768572413793,60.62934228352491,-0.16385761685823755
668881,Hunter Greene,CIN,97.1,17.0,17.0,411.0,109.0,73.0,40.0,41.0,41.0,13.0,9.0,3.698630257783859,3.7931921275253933,4.37758564026428,4.003933209215644,0.26520681,0.09975669,0.12688297,,113.0931303091811,95.18889662697771,107.01903796993908,53.93876377752028,47.195711790266515,-0.29674836037079955
669302,Logan Gilbert,SEA,112.1,17.0,17.0,425.0,102.0,78.0,34.0,35.0,21.0,2.0,12.0,2.724035708522129,3.3534234053452354,3.539521188404796,3.617839559916687,0.24,0.04941176,0.14149746,,93.24091370558375,108.72200507614214,103.9278426395939,52.4178933819797,52.25831885786802,-0.3291530266497462
694813,Gavin Stone,LAD,89.0,15.0,15.0,359.0,70.0,75.0,27.0,27.0,25.0,1.0,6.0,2.7303371371652227,3.3462550630414145,4.10078100052954,4.336380326048463,0.19498607,0.06963788,0.11746758,,98.58959480726095,100.28309688184716,101.1146273911391,48.832855751334854,55.49417980930587,0.08570651411136537
676440,Tanner Bibee,CLE,93.1,17.0,17.0,382.0,109.0,80.0,36.0,38.0,22.0,4.0,12.0,3.4714286541938804,3.337908353805542,3.383689330534737,3.2613517647873755,0.28534031,0.05759162,0.12684177,,105.45907434093122,100.73197491350753,102.44343528812051,57.236169871876996,58.9878328507367,-0.46598399743754004
684007,Shota Imanaga,CHC,85.0,15.0,15.0,348.0,84.0,80.0,29.0,35.0,14.0,1.0,10.0,3.0705883041962636,3.248832721314216,3.854021073089853,3.681239192939665,0.24137931,0.04022989,0.14109483,,97.29272286289164,108.53661800275927,106.14583218967674,49.23195387047031,59.38464242868157,-0.3598542713955281
641482,Nestor Cortes,NYY,105.0,18.0,18.0,423.0,98.0,97.0,41.0,42.0,19.0,2.0,14.0,3.5142857781235066,3.633146453433567,3.987824735135146,3.884827960696738,0.23167849,0.04491726,0.10340705,,106.72623776180322,101.30675889109644,105.9479864794355,50.605698828451885,57.98316421398684,-0.28750861924686194
608331,Max Fried,ATL,96.0,16.0,16.0,385.0,84.0,75.0,31.0,34.0,30.0,3.0,6.0,2.9062500595464384,3.2602297802106475,3.3927350368142273,3.691398471710355,0.21818182,0.07792208,0.09668874,,104.08089119911124,98.66685431208869,104.6177916487317,55.026168317880796,49.63999800662252,-0.01633947019867549
642547,Freddy Peralta,MIL,94.0,17.0,17.0,388.0,120.0,73.0,40.0,41.0,33.0,7.0,12.0,3.829787350607548,3.5494585133505496,3.4662332321977143,3.302305301461005,0.30927835,0.08505155,0.13706208,,101.81869554791257,104.21730336391988,106.3064510842271,58.99235767055932,49.83722109403812,-0.0775884572833436
605400,Aaron Nola,PHI,107.2,17.0,17.0,427.0,99.0,87.0,41.0,44.0,25.0,1.0,14.0,3.427244693353646,3.7423311901811935,3.4562708770718062,3.7281745512831557,0.23185012,0.05854801,0.1004902,,110.1324565416561,103.2969204209866,111.24890142088141,49.167934981617655,63.26993770220589,-0.4001066605392157
656605,Mitch Keller,PIT,98.1,16.0,16.0,419.0,91.0,93.0,35.0,38.0,27.0,9.0,8.0,3.2033899029997785,3.4715645309564414,4.059207589668848,4.049901880789012,0.21718377,0.06443914,0.09432718,,101.90939957526224,97.13458684600039,98.27030761310255,48.28933678759894,55.967204412928766,-0.1679456398416887
579328,Yusei Kikuchi,TOR,88.1,17.0,17.0,375.0,93.0,95.0,41.0,43.0,21.0,0.0,12.0,4.1773585506994655,3.540064689327959,3.3659150465791763,3.5816737888047747,0.248,0.056,0.12398922,,104.1599816560554,107.9262570129917,112.27329472702438,63.59734293800539,62.79168428571428,-0.7879774663072776
663623,Jake Irvin,WSN,98.0,17.0,17.0,389.0,86.0,81.0,33.0,37.0,23.0,3.0,10.0,3.0306122743899704,3.5338267206400946,3.688447201709041,3.8712889930812877,0.22107969,0.05912596,0.10019145,,99.65509496344899,105.17526183415077,101.42600941289164,45.727402405871096,60.44068876196555,-0.25097555839183155
605135,Chris Bassitt,TOR,97.1,17.0,17.0,418.0,91.0,96.0,35.0,39.0,37.0,7.0,8.0,3.2363014755608766,3.721274316957374,4.113008475486259,4.268730697422104,0.21770335,0.08851675,0.08147254,,98.19862856988193,100.60008672695697,96.81842100137786,41.928912637296314,50.684151436330716,-0.11561079662039833
663362,Matt Waldron,SDP,93.2,17.0,17.0,392.0,87.0,83.0,37.0,40.0,28.0,5.0,9.0,3.5551602388744485,3.614878366976662,4.206006051808778,4.109828743954807,0.22193878,0.07142857,0.08602846,,91.60682087441317,101.85657475599321,93.75479509060887,37.30403758732212,66.02398702457957,-0.2842300194049159
592351,Jon Gray,TEX,76.1,16.0,14.0,323.0,69.0,78.0,32.0,35.0,20.0,0.0,7.0,3.7729259213162685,3.336785462238099,4.006594968536647,4.06674841376258,0.21362229,0.0619195,0.1202946,,88.40757783109878,104.79137971121743,94.30999097454523,36.501949918166936,58.59198241407529,0.3913361047463175
592866,Trevor Williams,WSN,56.2,11.0,11.0,224.0,47.0,45.0,14.0,16.0,16.0,0.0,2.0,2.223529474133028,2.8135385919194733,3.9556651717195903,4.159590373922693,0.20982143,0.07142857,0.08903366,,89.36016279318525,103.98348471639508,94.66200264975893,50.3888746145494,59.781184060803476,-0.129913648208469
661563,Luis Gil,NYY,85.2,16.0,16.0,353.0,99.0,51.0,30.0,31.0,45.0,4.0,7.0,3.1517511014131707,3.6334058673880425,4.212590114126507,4.162403859919468,0.28045326,0.12747875,0.11656442,,104.7207548155752,90.51950442040811,99.2481966406904,67.02359471710975,41.7654841649625,0.1713988070892979
676710,Kutter Crawford,BOS,94.0,17.0,17.0,391.0,97.0,78.0,37.0,45.0,30.0,5.0,13.0,3.5425532993119817,4.0175436339803605,4.149894794887635,3.934437010151499,0.24808184,0.07672634,0.12005457,,100.73772312113861,102.39861630444928,101.98222273718685,44.636582501732505,56.30867151767153,-0.21162949410949414
695243,Mason Miller,OAK,36.2,30.0,0.0,136.0,64.0,16.0,8.0,11.0,13.0,0.0,3.0,1.9636365014265489,1.8028433189658029,1.8113583712479082,1.6296930750767937,0.47058824,0.09558824,0.20108696,,129.42375113224642,95.17689538043479,123.006691576087,76.26797228260868,57.007763496376825,-1.1454744021739132
694973,Paul Skenes,PIT,52.1,9.0,9.0,205.0,70.0,44.0,12.0,12.0,10.0,1.0,6.0,2.0636942800515428,2.6123396475352143,2.2486771200265694,2.512509808318406,0.34146341,0.04878049,0.1408776,,110.36141633383309,113.62227659907622,120.95815913067526,57.90914249422633,65.10976964203233,-0.8122983025404157
650633,Michael King,SDP,99.2,18.0,17.0,423.0,115.0,88.0,40.0,45.0,39.0,2.0,14.0,3.612040260507727,3.918988165895572,3.6554784493679127,3.7587627880862815,0.27186761,0.09219858,0.11097993,,95.0473133911543,102.62700736270156,98.19171064403915,49.637942626918544,54.3742200059032,-0.29793067296340026
608379,Michael Wacha,KCR,78.1,14.0,14.0,327.0,67.0,75.0,34.0,35.0,23.0,3.0,7.0,3.906383089693279,3.6132883016207256,4.169485102362226,4.278424171701258,0.20489297,0.07033639,0.0978173,,100.78792310549298,103.50021649963507,105.26494551860304,47.23348719482619,57.49441592562651,-0.611986362166532
622491,Luis Castillo,SEA,104.2,18.0,18.0,433.0,103.0,97.0,45.0,47.0,30.0,2.0,14.0,3.869426810353073,3.854377877908119,3.9357128394995233,3.9245486786955124,0.23787529,0.06928406,0.12224797,,103.93136352058684,102.2515833723291,105.67093925521543,50.27695062576687,57.10453309202454,-0.06767452760736199
680570,Grayson Rodriguez,BAL,82.1,14.0,14.0,346.0,89.0,77.0,34.0,35.0,25.0,4.0,10.0,3.716599333782402,3.6401640071051995,3.7507483033475038,3.717098468942619,0.25722543,0.07225434,0.13060278,,108.49377698605805,105.53236383131484,113.11879453118634,59.59941339258114,59.31804241885626,-0.8843201854714066
694297,Brandon Pfaadt,ARI,103.0,17.0,17.0,427.0,94.0,95.0,49.0,53.0,26.0,2.0,14.0,4.281553477343836,3.9237613457111546,3.9183342460633157,3.9815685776993743,0.22014052,0.06088993,0.1068152,,101.14016088116452,105.49179435870934,105.060557682114,57.14199290301441,63.06815818479685,-0.7925037090432502
621107,Zach Eflin,TBR,87.1,15.0,15.0,361.0,69.0,91.0,38.0,40.0,7.0,2.0,12.0,3.9160306768938122,3.6817469726179284,3.7826124298563952,3.88157044754672,0.19113573,0.01939058,0.09895414,,101.38446435671946,111.74946190621502,109.77547757094904,42.31491376075732,64.73380749569708,-0.49680522375215147
680730,Mitchell Parker,WSN,78.2,14.0,14.0,321.0,63.0,70.0,29.0,33.0,18.0,1.0,8.0,3.3177967174270346,3.6113950469102787,4.038421734014197,4.191509443661478,0.19626168,0.05607477,0.09774436,,88.56412946574002,102.71938990304226,90.57720061973663,43.525717209690896,43.81241251461988,0.11183391812865494
666157,Nick Lodolo,CIN,70.0,12.0,12.0,291.0,73.0,56.0,23.0,24.0,19.0,10.0,7.0,2.957142937718608,3.6236226478888067,3.7924308185325635,3.6235325736107695,0.25085911,0.0652921,0.12682482,,104.17180811609381,97.96967304607263,97.40054072787147,50.156968193430664,50.46154026459855,-0.432929954379562
641793,Zack Littell,TBR,86.1,16.0,16.0,372.0,82.0,101.0,40.0,42.0,16.0,3.0,12.0,4.16988427736286,3.7340473604864064,3.9411628104060545,3.897498160885792,0.22043011,0.04301075,0.10992148,,90.81772603876547,110.70357369643736,101.3292920118193,42.038412912205565,62.248453832976445,-0.22354840114204136
641154,Pablo Lopez,MIN,94.0,17.0,17.0,389.0,110.0,88.0,51.0,52.0,20.0,3.0,17.0,4.8829788224845,3.9111606444639015,3.2490423613831103,3.204452749665912,0.28277635,0.05141388,0.13504611,,93.0293992198888,109.87001676182437,103.05293546429773,55.01582395915679,52.23168550724638,-0.49701164031620554
607259,Nick Martinez,CIN,61.1,22.0,5.0,255.0,48.0,61.0,28.0,31.0,8.0,2.0,5.0,4.1086958691210285,3.150175429602807,4.185839308127957,3.9574148019776403,0.18823529,0.03137255,0.10842105,,98.46108822239499,112.86489088925984,108.54375839461383,41.8173640631579,61.38574779999998,-0.45988392631578945
668678,Zac Gallen,ARI,63.2,12.0,12.0,252.0,67.0,52.0,20.0,20.0,16.0,1.0,6.0,2.8272251591230577,3.087945746091932,3.28774424609728,3.4636791704831245,0.26587302,0.06349206,0.11021234,,91.23088717465153,101.34301655286806,96.9137110462276,45.70067237613751,45.92502169868553,0.47871125379170876
621381,Matt Strahm,PHI,32.0,34.0,0.0,122.0,42.0,22.0,5.0,6.0,4.0,2.0,1.0,1.4062502226443383,1.5102295160642412,2.6632383675304805,2.115315080577879,0.3442623,0.03278689,0.13921569,,116.63826603123903,106.55261381548094,116.76213425605536,51.29907255717257,69.36856270270269,-1.2343335343035342
683003,Jared Jones,PIT,86.0,15.0,15.0,351.0,93.0,70.0,35.0,39.0,25.0,4.0,12.0,3.662790778909523,3.829270490663899,3.667977349701262,3.601959876930524,0.26495726,0.07122507,0.15538462,,104.92460000000001,106.68829230769231,112.10412307692306,60.51163026923078,60.049958215384606,-0.6717785076923076
680694,Kyle Bradish,BAL,39.1,8.0,8.0,163.0,53.0,27.0,12.0,12.0,15.0,3.0,2.0,2.74576280062927,2.505462807767934,2.9207908391830824,3.094945003688369,0.32515337,0.09202454,0.10682493,,97.11069679310715,109.69547710128346,106.7801054663759,57.926612933333324,56.28471238333333,-0.3141636166666667
663372,Ryan Feltner,COL,86.2,16.0,16.0,382.0,75.0,103.0,56.0,66.0,23.0,4.0,12.0,5.81538478603025,4.170325961592636,4.0626122900109936,4.157610939636703,0.19633508,0.06020942,0.10638298,,93.7736998515107,101.89847323548373,97.45185121141216,44.72364629787234,53.35939857446808,0.13444016312056736
663554,Casey Mize,DET,78.2,16.0,16.0,345.0,58.0,93.0,37.0,42.0,21.0,1.0,7.0,4.233050984303458,3.687666235816647,4.030081361529939,4.359453325221038,0.16811594,0.06086957,0.09071274,,100.2362630525122,106.60307575326924,105.62711027215454,50.47258741540676,58.22067624910007,-0.17871048236141107
458681,Lance Lynn,STL,87.2,17.0,17.0,380.0,84.0,83.0,35.0,48.0,31.0,3.0,10.0,3.59315599777036,3.8965178222812336,4.103858023844385,4.2055851812265725,0.22105263,0.08157895,0.1043883,,98.91879853126116,94.42420487344187,93.03012396787376,46.832500766526024,44.53738067510548,0.08536496483825601
656546,Jeff Hoffman,PHI,35.1,36.0,0.0,141.0,44.0,25.0,5.0,8.0,8.0,1.0,2.0,1.2735850642869448,2.175913617177727,2.9378088314434185,2.580119858593083,0.31205674,0.05673759,0.15678776,,111.18450088598465,101.32115180278612,111.04036671359235,65.99381476562499,54.172292343749994,-0.54547076171875
641927,Bailey Ober,MIN,88.0,16.0,16.0,352.0,92.0,73.0,42.0,42.0,23.0,3.0,14.0,4.295454638556017,4.0301161606449725,3.937854416776102,3.7125089802687152,0.26136364,0.06534091,0.12900875,,96.0140793813174,111.35034226289513,107.66330198769539,46.45561803206997,65.89722910349853,-0.304379139941691
622663,Luis Severino,NYM,97.1,16.0,16.0,401.0,74.0,81.0,37.0,43.0,32.0,5.0,9.0,3.4212329214074244,3.988397597246534,4.262104435662085,4.458223554670459,0.18453865,0.0798005,0.08344284,,106.66625679864303,95.01067302651174,100.16514101324206,51.38349186596584,55.46569450722732,-0.16415627463863336
661403,Emmanuel Clase,CLE,39.1,40.0,0.0,143.0,39.0,21.0,3.0,6.0,4.0,2.0,1.0,0.6864406840340121,1.971564513489848,2.448314768483635,2.2317605764242527,0.27272727,0.02797203,0.14311927,,130.56096068152033,98.95179357798165,128.9141120576671,67.20373693577983,47.71215355963302,-1.007445486238532
657006,Justin Steele,CHC,70.1,12.0,12.0,289.0,70.0,59.0,25.0,32.0,16.0,3.0,8.0,3.1990522772916585,3.4650579908370167,3.59871624995827,3.6630596256420174,0.24221453,0.05536332,0.10246679,,100.38221051195654,104.16145149289149,104.66497383299435,52.54583037001898,58.30986805502847,-0.9615372960151803
676962,Ben Brown,CHC,55.1,15.0,8.0,222.0,64.0,41.0,22.0,22.0,19.0,1.0,5.0,3.578313458587087,3.1122629077051425,3.6317422360871188,3.430769520440311,0.28828829,0.08558559,0.13545347,,99.71957638350239,94.85700189606138,93.69858485832206,46.91941726737338,48.90932413427563,0.27060429917550055
544150,Albert Suarez,BAL,59.1,17.0,10.0,251.0,45.0,52.0,16.0,17.0,22.0,2.0,2.0,2.4269664672691076,3.3013112486936342,4.774355688698593,4.810165759641398,0.17928287,0.0876494,0.10893032,,90.79139987664894,102.04646358450711,93.29922537970434,50.00152274779195,49.81812057899902,0.271987065750736
663542,Bryan Hudson,MIL,44.0,29.0,0.0,159.0,51.0,19.0,4.0,4.0,8.0,2.0,3.0,0.8181818902246286,2.416479712250552,2.8703053849985176,2.4293824261754295,0.32075472,0.05031447,0.11282844,,101.46850234040959,107.5564129204701,105.39176889170709,59.97832448222565,62.33492054095827,-0.9184462751159196
686580,Justin Slaten,BOS,40.0,28.0,0.0,161.0,42.0,35.0,14.0,16.0,6.0,2.0,2.0,3.150000387243974,2.3164796737953894,2.951686897172909,2.7538246393155035,0.26086957,0.03726708,0.15033784,,106.77070945945945,99.45533783783785,108.61418918918919,59.10669584459458,45.443962922297295,0.03285118243243248
571760,Andrew Heaney,TEX,84.2,17.0,16.0,365.0,85.0,85.0,38.0,43.0,22.0,4.0,12.0,4.0393702910685505,3.9223853298347873,4.097861125315367,3.9138723373231254,0.23287671,0.06027397,0.12446959,,97.67864214717905,103.75215329135933,98.90595628627756,50.14037531117397,57.300673189533235,-0.20690355728429985
450203,Charlie Morton,ATL,85.2,15.0,15.0,356.0,87.0,71.0,37.0,40.0,36.0,10.0,7.0,3.8871596917429105,3.8085031507998854,3.9817395987528608,4.101156468018933,0.24438202,0.1011236,0.12121212,,96.5829008118754,94.5600731950616,90.21478922578711,45.89465873854828,46.84452186751234,0.06594897815362934
663776,Patrick Sandoval,LAA,79.2,16.0,16.0,353.0,81.0,85.0,45.0,49.0,35.0,3.0,8.0,5.083682231506063,3.8694086794363125,4.044345787767192,4.260946617604835,0.22946176,0.09915014,0.1154112,,99.67252814947473,103.55029527508488,106.51594861405938,51.25247346924672,51.28236623358673,0.05169337249481684
680573,Simeon Woods Richardson,MIN,66.0,13.0,13.0,273.0,56.0,56.0,25.0,26.0,19.0,3.0,6.0,3.4090910568710266,3.6513282841558965,4.416793688987302,4.31051271937131,0.20512821,0.06959707,0.09140768,,90.48293208250463,106.69786156362639,98.64784992284889,43.024748062157215,60.65911106032906,0.15449188299817185
643377,Griffin Jax,MIN,36.1,38.0,0.0,144.0,50.0,24.0,8.0,10.0,10.0,1.0,2.0,1.9816515625310975,2.038039305181809,2.32120084785104,2.2632814542634714,0.34722222,0.06944444,0.17627119,,108.7218321226796,116.49618563357548,125.61859887005653,78.54268520210897,57.36512622144113,-1.3651044991212653
663903,Brady Singer,KCR,89.1,16.0,16.0,376.0,85.0,79.0,31.0,34.0,26.0,7.0,11.0,3.123134406153625,3.9724499476197628,3.641113713246673,3.8037249686307755,0.22606383,0.06914894,0.09749492,,90.039255871609,102.66506247232327,93.21926750551967,44.20517906567366,52.88382718348003,0.15206288422477995
679525,Alec Marsh,KCR,81.2,15.0,15.0,338.0,74.0,73.0,38.0,39.0,25.0,3.0,10.0,4.18775523244913,3.9746430687624343,4.252759596138297,4.213554931734098,0.21893491,0.0739645,0.09574468,,94.05747706665969,98.76888636707713,92.51995601170036,42.976235714285714,48.612224316109426,0.02406082066869302
657376,Clarke Schmidt,NYY,60.2,11.0,11.0,247.0,67.0,49.0,17.0,19.0,20.0,6.0,6.0,2.521978127698715,3.529117156128826,3.7387958084346344,3.6426393076030097,0.27125506,0.08097166,0.1245098,,106.20008166343457,102.08957487610428,106.84173346261582,57.683685637254904,44.170332607843136,-0.14619516666666663
592791,Jameson Taillon,CHC,74.1,13.0,13.0,313.0,58.0,75.0,25.0,32.0,17.0,0.0,9.0,3.0269059202097623,3.8660313687382737,4.427836981789149,4.412743224082574,0.18530351,0.0543131,0.08434783,,93.80559008785099,108.60646076708785,99.94933813559359,43.21109453043479,67.16552998260869,-0.3471803304347826
683769,Hunter Gaddis,CLE,38.2,40.0,0.0,142.0,39.0,21.0,6.0,7.0,7.0,2.0,1.0,1.396551897795837,2.1837210353964283,3.411660918662176,2.9323093230541732,0.27464789,0.04929577,0.13221601,,102.17948144964905,109.2505027932961,112.07446096547773,56.5432377839851,62.8023036499069,-0.586179720670391
592332,Kevin Gausman,TOR,91.0,17.0,17.0,394.0,91.0,97.0,48.0,55.0,25.0,2.0,14.0,4.747252946256404,4.056589705712871,3.8012147791097717,3.8947331289196883,0.23096447,0.06345178,0.10998736,,97.20276690045993,106.42704716513555,106.41804911227061,51.616329494310996,58.449076283185846,-0.24704373577749686
445276,Kenley Jansen,BOS,28.1,28.0,0.0,113.0,33.0,18.0,7.0,7.0,11.0,1.0,0.0,2.2235295185704596,2.1076561980181476,4.082161388046034,3.430117439640687,0.2920354,0.09734513,0.11395349,,122.61129738660792,95.71954459289002,114.22248106430732,43.02593869767441,56.51185481395349,-0.27452976744186053
671922,Cade Smith,CLE,37.0,37.0,0.0,142.0,49.0,26.0,8.0,8.0,9.0,2.0,1.0,1.9459464240023086,1.7610740276214611,2.3904850403373348,2.2510302625972605,0.34507042,0.06338028,0.11724138,,102.94926206896551,103.07964137931033,104.85686206896553,55.89568410344827,56.63427043103449,-0.615874379310345
571945,Miles Mikolas,STL,94.2,17.0,17.0,394.0,68.0,100.0,56.0,57.0,18.0,3.0,13.0,5.323943858628147,4.180564322790394,4.232123832253158,4.385529856735362,0.17258883,0.04568528,0.06675939,,93.4067739583369,108.24848925531298,98.09858287940867,36.049623769123784,71.31196097357443,-0.31795744784422814
640455,Sean Manaea,NYM,76.1,15.0,15.0,322.0,76.0,65.0,33.0,36.0,34.0,3.0,7.0,3.890829856357402,3.821501639629425,4.4120792610796045,4.3919070162694585,0.23602484,0.10559006,0.10972933,,96.61264345420157,97.15850799116684,95.35747222586213,46.392161562986,46.77500514774495,0.45232846034214624
518585,Fernando Cruz,CIN,35.1,39.0,0.0,146.0,60.0,23.0,15.0,15.0,18.0,0.0,3.0,3.820755640810911,2.402328650127613,2.4539577277429365,2.440989731179232,0.4109589,0.12328767,0.18791946,,104.81493064876958,91.22309246830727,97.78383818046235,52.15875684563757,31.19866263422819,-0.24575248322147647
664854,Ryan Helsley,STL,38.0,38.0,0.0,158.0,46.0,29.0,11.0,13.0,16.0,0.0,2.0,2.6052631578947367,2.692795567763479,3.4808037527689812,3.296297738621071,0.29113924,0.10126582,0.17272727,,125.1546905207683,94.43214789543029,116.74272641287011,70.46351076492537,56.55764580223881,-0.9330354850746269
615698,Cal Quantrill,COL,95.1,17.0,17.0,400.0,72.0,90.0,40.0,40.0,34.0,6.0,12.0,3.776223826591436,4.551095181373322,4.373872522076764,4.603208434014892,0.18,0.085,0.09371147,,87.26450284068675,98.12957441572378,89.39822096292555,41.50768334771887,44.18959471023428,0.4199752404438965
686613,Hunter Brown,HOU,86.1,17.0,16.0,367.0,94.0,80.0,39.0,40.0,35.0,3.0,12.0,4.065637128324971,4.116286742741783,3.7104258001643227,3.8731417624974203,0.25613079,0.09536785,0.10666667,,101.22873875968993,100.19844899224806,102.99283643410851,49.04643155333333,52.211053073333346,0.1406714466666667
676254,Ryan Walker,SFG,43.0,42.0,1.0,166.0,58.0,30.0,10.0,11.0,8.0,6.0,2.0,2.0930234501979674,2.050200604850879,2.3597871117835703,2.0573816960095943,0.34939759,0.04819277,0.13663664,,111.12620637420638,105.64823075785574,109.83127354802355,53.84602403903903,59.905649714714734,-0.7993542492492494
693433,Bryan Woo,SEA,40.2,8.0,8.0,150.0,28.0,25.0,8.0,8.0,3.0,1.0,2.0,1.770491830958567,2.723856820550153,4.055080911766426,4.109469091734252,0.18666667,0.02,0.10283688,,108.48713224864413,110.91224989570296,114.462642886942,49.977255957446815,70.77904388297871,-0.9224718085106383
506433,Yu Darvish,SDP,56.1,11.0,11.0,229.0,53.0,45.0,20.0,22.0,15.0,1.0,6.0,3.1952663443134544,3.5215093721024013,3.9083594662304817,3.933808807540961,0.23144105,0.06550218,0.11995516,,99.90154337059482,99.83478868510183,98.59874390070541,47.39468328475336,59.152043082959636,-0.030612892376681623
664285,Framber Valdez,HOU,85.1,14.0,14.0,353.0,68.0,79.0,36.0,39.0,29.0,5.0,8.0,3.796875099011234,3.986792299681111,3.6008281696056996,3.8456161903545247,0.19263456,0.08215297,0.1009539,,102.72863470894862,97.54372812426676,102.89651963025821,49.81592988871224,42.698417440381554,-0.1401901510333863
686752,Ryan Pepiot,TBR,71.2,14.0,14.0,289.0,83.0,53.0,35.0,35.0,25.0,3.0,11.0,4.395348993180705,4.017642599191455,3.81560605056429,3.605487616574256,0.28719723,0.08650519,0.12371134,,107.40640194198032,96.98828718133142,105.35982198513545,59.89408820446736,49.43862358247422,-0.23244945876288656
502085,David Robertson,TEX,35.0,33.0,0.0,143.0,54.0,24.0,13.0,14.0,12.0,3.0,3.0,3.342857615363908,2.4807653956510447,2.273684695827975,2.1719132936880277,0.37762238,0.08391608,0.11805556,,111.02739583333333,97.35401215277778,110.37428993055556,57.95144078125001,43.754620850694444,0.2112051736111111
593423,Frankie Montas,CIN,72.1,15.0,15.0,311.0,58.0,65.0,34.0,38.0,30.0,5.0,8.0,4.230414880172918,4.452194104616859,4.644866769946804,4.7846423343576046,0.18649518,0.09646302,0.10194175,,100.1397151092009,99.68352372153039,100.23715938479071,46.97296389967638,52.48283205501619,0.08333182038834952
677960,Ryan Weathers,MIA,71.0,13.0,13.0,298.0,67.0,61.0,28.0,31.0,20.0,8.0,8.0,3.5492958223221445,3.9270431687873977,3.80389569659775,3.8078671624958207,0.22483221,0.06711409,0.11359725,,100.91809835316232,98.66867073573935,98.73206948379851,57.392124148020656,49.55369475903614,-0.009933321858864018
656730,Trevor Megill,MIL,27.1,29.0,0.0,109.0,30.0,20.0,5.0,6.0,7.0,1.0,1.0,1.6463415435936999,2.3250163226752374,3.73019757933667,3.169089158544379,0.27522936,0.06422018,0.16666667,,121.0709376195943,102.06555300420972,120.35799464217375,70.03712828358209,54.56708815920396,-1.021547487562189
667755,Jose Soriano,LAA,72.1,14.0,12.0,296.0,60.0,57.0,28.0,32.0,28.0,4.0,6.0,3.4838710749186568,3.913023580058079,3.879849666287665,4.0770412524538076,0.2027027,0.09459459,0.10200364,,109.07744969737004,99.26305596958738,109.23267885468005,60.798073415300564,40.11463781420765,0.16798776867030968
665871,Javier Assad,CHC,83.0,16.0,16.0,354.0,79.0,73.0,28.0,30.0,33.0,4.0,10.0,3.0361447527405585,4.166479835740058,4.31260984636244,4.329496668994588,0.22316384,0.09322034,0.06371191,,93.35478445769739,98.09538009276088,93.20476231007767,39.51630387119113,50.563563372576176,0.6252606509695292
682243,Bryce Miller,SEA,97.1,17.0,17.0,386.0,91.0,74.0,42.0,45.0,28.0,0.0,14.0,3.8835616945705898,4.029493488194371,3.946078761579104,3.9796263920518435,0.2357513,0.07253886,0.10893099,,104.61691648348977,102.74750076789768,106.11356540628202,51.936145466847094,53.24010250338294,-0.6348972259810554
605280,Clay Holmes,NYY,34.0,35.0,0.0,147.0,34.0,37.0,10.0,14.0,8.0,2.0,1.0,2.6470592179719725,2.4311855510753584,2.8493077107919915,2.5102281757348877,0.23129252,0.05442177,0.11806798,,124.53267488937011,104.81574804632331,123.40797665003296,60.220320465116274,50.55442660107336,-0.47761329159212884
489446,Kirby Yates,TEX,28.1,28.0,0.0,111.0,38.0,13.0,3.0,4.0,14.0,0.0,0.0,0.9529412553219712,1.9664796789954615,3.140509832736708,3.1077066036229963,0.34234234,0.12612613,0.14784394,,95.88738145632601,100.9544798610014,97.50138745853735,47.33675905982907,53.82718561965812,0.14046619658119658
502043,Kyle Gibson,STL,87.2,15.0,15.0,364.0,77.0,73.0,36.0,40.0,36.0,2.0,10.0,3.6958175172973857,4.193095755316847,4.124480043528653,4.403698965739564,0.21153846,0.0989011,0.10750361,,86.47131658128613,97.46887881739161,92.52743555676801,46.2546717027417,44.02229212121212,0.7010456204906205
543135,Nathan Eovaldi,TEX,73.0,13.0,13.0,300.0,74.0,59.0,28.0,28.0,26.0,4.0,9.0,3.4520548847160573,3.974698977489189,3.6768432106927893,3.854371327296482,0.24666667,0.08666667,0.1334504,,100.56416643284489,102.72716707547768,101.94710769982713,45.147407506584734,60.734137050043906,-0.18865188762071994
681867,Cooper Criswell,BOS,52.0,12.0,11.0,218.0,49.0,50.0,24.0,30.0,13.0,3.0,6.0,4.153846306208329,3.7049413365019856,3.746026828965895,3.773096669406154,0.22477064,0.05963303,0.07580478,,103.36328009779565,104.90459481840766,104.6344211785428,54.42745200415369,55.88075492211837,-0.7476334267912773
686730,Carson Spiers,CIN,37.1,8.0,3.0,155.0,29.0,36.0,13.0,15.0,7.0,2.0,1.0,3.133928678169546,2.6843369047252494,4.361133934455188,4.097447296707483,0.18709677,0.04516129,0.09705373,,97.01870668983031,105.44510472332955,97.17289706262815,44.85968856152513,63.42118377816291,-0.28224518197573656
669854,Ronel Blanco,HOU,90.1,15.0,15.0,359.0,84.0,54.0,25.0,28.0,37.0,1.0,13.0,2.4907749954017766,4.43954255371737,4.292718185165084,4.35763346027473,0.23398329,0.10306407,0.13244569,,91.14598992374496,102.91261655055028,97.82374808144552,43.50988538192011,44.834449936930625,0.1746493552908199
518886,Craig Kimbrel,BAL,30.1,34.0,0.0,120.0,44.0,16.0,8.0,10.0,14.0,2.0,2.0,2.3736265640791,2.704941279718859,3.2933449680438316,2.7991540818789424,0.36666667,0.11666667,0.10658915,,108.72564728682173,104.2758126614987,113.14980297157622,62.36640211240311,54.220403352713184,-0.515025465116279
687765,Mitch Spence,OAK,68.1,19.0,8.0,280.0,56.0,69.0,33.0,34.0,16.0,2.0,7.0,4.346341730059096,3.6494066371852503,3.866585993468009,3.894080141882674,0.2,0.05714286,0.10933082,,103.1929212713987,104.39010492087847,109.7473286971767,52.08711701225259,49.29693675777568,-0.3744380301602262
663978,Chris Paddack,MIN,78.1,15.0,15.0,344.0,70.0,94.0,46.0,46.0,18.0,1.0,13.0,5.285106597458316,4.264352163269059,4.114337785867245,4.134992702713179,0.20348837,0.05232558,0.10819165,,93.01484551003287,112.28262319361376,106.591059659604,46.50409694744977,64.43064636785162,-0.4103987867078826
689147,Orion Kerkering,PHI,29.2,28.0,0.0,115.0,32.0,20.0,5.0,6.0,6.0,4.0,0.0,1.516854013853074,2.0204123011563615,3.039743865581796,2.6484529460902846,0.27826087,0.05217391,0.10515873,,120.18653540903541,108.76119658119659,125.18286782661784,64.76360741666666,60.95621210416665,-1.0490012708333336
571670,Dylan Floro,WSN,40.0,41.0,0.0,156.0,32.0,31.0,9.0,9.0,11.0,0.0,0.0,2.0250003077835315,2.391479660496098,3.5632863534231047,3.6554723423333875,0.20512821,0.07051282,0.08159722,,93.58223518331083,102.81820645831993,96.4618806745764,35.34981965277778,61.561985572916655,0.09962743055555559
663158,Robert Suarez,SDP,33.0,33.0,0.0,123.0,30.0,20.0,4.0,5.0,6.0,0.0,2.0,1.0909092209556042,2.6816312356428598,3.9555822444788666,3.435070936415667,0.24390244,0.04878049,0.11940299,,116.49438948116557,96.37088770433544,110.42599289267945,59.69206688699359,52.439283646055436,-0.687050511727079
663559,Bailey Falter,PIT,88.1,16.0,16.0,353.0,59.0,75.0,38.0,39.0,26.0,0.0,12.0,3.8716981689409677,4.47968734436334,4.733464615195884,4.885580353786092,0.16713881,0.07365439,0.08571429,,97.11274130976875,95.26759829034393,92.4099367664854,33.987966682539685,57.307083642857144,0.2205508492063492
608344,Cole Irvin,BAL,80.2,16.0,14.0,348.0,56.0,91.0,37.0,45.0,17.0,3.0,10.0,4.12809945011017,4.133421991829114,4.508705790435843,4.575518685188082,0.16091954,0.04885057,0.07448494,,93.99590917447239,103.76027268461306,97.23943809923217,33.5221571711569,62.69702422345481,-0.305942147385103
690986,Kyle Harrison,SFG,77.1,14.0,14.0,330.0,68.0,81.0,34.0,36.0,22.0,5.0,9.0,3.956896567989615,3.968203919516449,4.2931451732425465,4.210576790897827,0.20606061,0.06666667,0.09450727,,91.2940440999553,104.16865276870723,94.41041195476578,38.55910574313408,52.373435581583195,0.3270416235864298
621237,Jose Alvarado,PHI,34.0,36.0,0.0,136.0,37.0,23.0,12.0,14.0,12.0,1.0,2.0,3.1764708805868227,2.9017738715742265,3.471193105942098,3.3066911344689873,0.27205882,0.08823529,0.1125,,113.53901069518717,101.10001988977409,120.68516812179418,61.50222184761905,53.02325563809524,-0.15658571428571427
669211,Keegan Akin,BAL,42.2,35.0,0.0,169.0,47.0,28.0,16.0,16.0,13.0,1.0,4.0,3.375000611355173,3.1664797782897947,3.790490136407329,3.231280113821099,0.27810651,0.07692308,0.1163142,,111.04860609794882,98.82906437165421,108.72026296649646,57.99735658940398,64.91225577814569,-0.7628764900662252
662253,Andres Munoz,SEA,33.0,33.0,0.0,132.0,43.0,21.0,6.0,8.0,13.0,2.0,2.0,1.6363638787230543,2.71193425642228,2.9320611052940633,2.8138829541629717,0.32575758,0.09848485,0.16666667,,112.40331379731379,91.6577851037851,103.20642246642248,59.43549018315019,40.04170602564103,0.07817946886446889
670970,Adrian Morejon,SDP,35.0,27.0,0.0,145.0,38.0,33.0,10.0,12.0,10.0,0.0,1.0,2.5714291604199104,2.2236224194691614,3.277802015369008,3.1099483028448884,0.26206897,0.06896552,0.14338235,,122.58206343352389,111.31969942836066,128.59749377650743,65.42660590073531,64.32582928308823,-1.6070631617647058
677053,Andrew Nardi,MIA,31.2,39.0,0.0,135.0,38.0,32.0,18.0,19.0,9.0,1.0,2.0,5.115790755973619,2.5349006726140395,3.5760060233384277,3.062596187074357,0.28148148,0.06666667,0.13913043,,109.79915703324808,102.46532173913046,110.57055140664961,63.33472326956524,58.90686890434784,-0.8907456695652172
542881,Tyler Anderson,LAA,104.0,17.0,17.0,431.0,67.0,82.0,35.0,36.0,47.0,3.0,12.0,3.0288462371692173,4.820325977632987,5.399337552116567,5.491074582776621,0.15545244,0.10904872,0.11097334,,97.22730214410814,95.40833876308598,92.83836005684566,52.43858609423435,50.69199949783013,0.14973815251084932
573009,Joe Mantiply,ARI,30.2,37.0,1.0,124.0,26.0,26.0,14.0,14.0,9.0,0.0,0.0,4.108697114903683,2.3512620967612863,3.8797059211023255,3.7473244746855783,0.20967742,0.07258065,0.1367713,,106.21175947519244,95.11470226818811,100.18171686102079,47.94937932735427,52.87881816143498,0.0504139910313901
601713,Nick Pivetta,BOS,67.2,13.0,12.0,278.0,78.0,63.0,33.0,34.0,16.0,0.0,14.0,4.389162664675657,4.260075863091138,3.4697415764801445,3.3390815207709506,0.28057554,0.05755396,0.10550045,,105.52330027051397,108.49682596934176,112.828872858431,56.18468257874016,64.95154937992126,-0.8084753346456692
656731,Tylor Megill,NYM,39.0,8.0,8.0,175.0,49.0,37.0,22.0,25.0,19.0,3.0,3.0,5.0769232010700325,3.3459669621660084,4.013053169953784,3.890090643646886,0.28,0.10857143,0.11847673,,99.2810032639465,87.52640230947036,89.93834765485676,54.54521142454161,40.02942399153738,0.6460287023977433
548389,Ross Stripling,OAK,55.2,11.0,11.0,252.0,35.0,77.0,36.0,44.0,12.0,1.0,6.0,5.820359547340235,4.010791194107669,4.510921548133321,4.842386277384717,0.13888889,0.04761905,0.08147321,,86.91985940290179,111.43823783482142,97.46005632440476,31.375295803571426,60.9519859375,0.17299046875
669456,Shane Bieber,CLE,12.0,2.0,2.0,45.0,20.0,10.0,0.0,0.0,1.0,0.0,0.0,0.0,0.08314644495646206,0.5871492470304176,1.3374920492290854,0.44444444,0.02222222,0.1686747,,90.35951807228916,103.28397590361446,98.25397590361446,47.52937500000001,59.01599499999999,0.09292500000000001
672282,Reid Detmers,LAA,63.0,12.0,12.0,277.0,70.0,66.0,43.0,45.0,27.0,2.0,10.0,6.142857328834453,4.388702037515255,4.125219973453157,4.054483088001177,0.25270758,0.09747292,0.13351499,,106.15946565430814,95.62014715937504,100.58605986386229,44.23530504995459,44.768465712988196,-0.114455876475931
669093,Jeremiah Estrada,SDP,28.1,26.0,0.0,117.0,48.0,21.0,10.0,10.0,10.0,0.0,3.0,3.1764711851893295,2.213538422732997,2.4380179538602214,2.0445081737693727,0.41025641,0.08547009,0.18803419,,104.08485042735043,112.99038728632479,119.7921501068376,68.6407017948718,48.1973820940171,-0.4112497222222221
643410,Mark Leiter Jr.,CHC,28.2,32.0,0.0,129.0,39.0,27.0,17.0,20.0,13.0,1.0,2.0,5.337211135229481,2.817642449189829,3.0710443363368087,3.0851428157168987,0.30232558,0.10077519,0.15109344,,88.57830909281152,97.08015904572568,90.10907188448259,44.83158153081511,41.21324948310139,0.24438546719681917
683232,Nick Mears,COL,38.0,34.0,0.0,173.0,47.0,42.0,25.0,27.0,18.0,0.0,2.0,5.921053722851861,2.7980586577567905,3.6656463924631906,3.517796038925332,0.2716763,0.10404624,0.11842105,,104.47500000000004,94.87791283764965,101.39691033138403,55.915943859649126,51.37373244152049,0.014642573099415187
670059,Colin Holderman,PIT,29.2,31.0,0.0,123.0,33.0,17.0,4.0,7.0,13.0,2.0,1.0,1.2134832976337464,2.8968168232600737,4.140511722599494,3.637367260766215,0.26829268,0.10569106,0.1125,,111.36162500000002,93.850625,105.12638541666664,59.440591479166656,44.107768416666666,0.16889197916666668
519151,Ryan Pressly,HOU,32.2,35.0,0.0,142.0,39.0,35.0,15.0,18.0,10.0,0.0,2.0,4.132653413117831,2.493010333189112,3.03938518931778,3.0458608554179585,0.27464789,0.07042254,0.12062937,,102.97251240139173,101.0536282453179,104.66253856488339,57.37311882867132,54.13112225524476,-0.6610009265734262
594902,Ben Lively,CLE,71.1,13.0,13.0,286.0,61.0,62.0,24.0,24.0,21.0,2.0,10.0,3.0280375181197012,4.245919078730615,4.3523597138412065,4.284829245912226,0.21328671,0.07342657,0.08597285,,83.19484285046768,104.39238213899162,85.4568572933466,28.548707339366516,51.692217656108596,0.24419883257918554
623352,Josh Hader,HOU,37.2,36.0,0.0,150.0,60.0,27.0,16.0,17.0,11.0,0.0,6.0,3.823009022980019,2.927541714353544,2.3419924231066576,1.9711092578403286,0.4,0.07333333,0.18681319,,111.45282087370754,108.2683971201213,119.5720067124993,74.93218503924646,54.66706838304554,-1.1115697488226057
641729,Joe Jimenez,ATL,32.0,32.0,0.0,129.0,34.0,20.0,9.0,9.0,12.0,1.0,1.0,2.5312501579464977,2.666479747090487,4.00848955052407,3.5189278648131586,0.26356589,0.09302326,0.13438735,,103.1571009425357,106.47515202189115,108.07693827911218,48.00444962450593,63.13013677865612,-0.4802587944664031
681293,Spencer Arrighetti,HOU,65.0,14.0,14.0,297.0,75.0,69.0,41.0,41.0,35.0,4.0,8.0,5.676923326797045,4.258787518676218,4.333627602708427,4.317861797232716,0.25252525,0.11784512,0.11577181,,96.51373959213852,101.97681539396872,99.09887589593647,56.51488815436241,56.44062734060403,-0.27297626677852355
676534,Calvin Faucher,MIA,29.2,29.0,0.0,128.0,33.0,27.0,11.0,15.0,14.0,1.0,0.0,3.337079189177005,2.458614495737097,3.783745671927559,3.7357839546203615,0.2578125,0.109375,0.10396975,,103.1458439429677,95.30621411065452,95.44362550160322,54.26654769376181,44.880966294896034,0.06203759924385633
607074,Carlos Rodon,NYY,93.2,17.0,17.0,401.0,92.0,92.0,46.0,48.0,26.0,9.0,16.0,4.419928900625848,4.543704000948574,4.453865312106847,4.04742488927535,0.22942643,0.06483791,0.12760736,,111.27221478466863,94.7072996416206,105.32872271153497,61.600831760736185,48.28491006748466,-0.28789574846625765
686539,Declan Cronin,MIA,39.0,28.0,0.0,164.0,40.0,37.0,12.0,14.0,14.0,3.0,0.0,2.7692313257760257,2.4228898852573435,3.4696651460939125,3.268946060080011,0.24390244,0.08536585,0.12833333,,93.34366666666668,101.50973333333334,94.57580000000002,44.10585093333333,49.9944715,0.08078731666666668
676395,Robert Garcia,WSN,26.1,35.0,0.0,114.0,38.0,26.0,13.0,13.0,9.0,0.0,2.0,4.4430395971605785,2.293061737822331,2.511498901032387,2.55509965801569,0.33333333,0.07894737,0.11764706,,105.24693438914026,101.40093891402715,101.88504901960783,57.52454187782806,64.12254674208144,-0.6006145701357466
674003,Cody Bradford,TEX,19.1,3.0,3.0,71.0,17.0,10.0,3.0,4.0,2.0,0.0,1.0,1.3965518159900412,2.390617658295328,4.142631252468346,3.7831873329847294,0.23943662,0.02816901,0.11235955,,92.50988764044943,111.56636704119849,100.96936329588014,43.66463161048689,66.12311205992509,-0.346006404494382
666200,Jesus Luzardo,MIA,66.2,12.0,12.0,274.0,58.0,61.0,37.0,37.0,22.0,2.0,9.0,4.995000190544135,4.261479820060732,4.230169401959262,4.336195003618058,0.21167883,0.08029197,0.13745387,,99.1789577799961,97.69311539860193,98.34559956346408,55.96940024907749,49.95417228782288,0.13577412361623614
640451,Hunter Harvey,WSN,40.1,38.0,0.0,170.0,45.0,38.0,19.0,22.0,12.0,3.0,4.0,4.239670078309232,3.3400335241854946,3.1754116520699758,3.0780884281733574,0.26470588,0.07058824,0.13857143,,107.02914906832298,104.77424347826086,109.52551552795032,52.484238299999994,54.12822425714287,-0.3903640428571428
664126,Pete Fairbanks,TBR,28.2,29.0,0.0,117.0,30.0,22.0,10.0,12.0,13.0,0.0,1.0,3.1395349598788407,2.8874100040783426,3.752533635141465,3.7597588193236904,0.25641026,0.11111111,0.0952381,,115.03594356261024,89.36395061728396,103.23776266061982,56.42539419501135,44.991500498866216,0.13832646258503398
554340,Yimi Garcia,TOR,28.0,27.0,0.0,107.0,37.0,15.0,8.0,8.0,7.0,2.0,3.0,2.5714290367098114,2.880765440877594,3.3239185857608886,2.5575736957098396,0.34579439,0.06542056,0.13380282,,124.73557602022392,102.86949801372339,124.08592632719395,60.33943619718309,57.878445845070424,-0.9257285680751174
657514,Brennan Bernardino,BOS,30.0,29.0,2.0,121.0,28.0,21.0,4.0,5.0,13.0,2.0,0.0,1.200000286102363,2.7998130242029617,4.160620914244525,4.0480569203792305,0.23140496,0.10743802,0.07066381,,104.48397720243118,90.9384582224818,89.6752333614518,44.10385066381155,52.48899608137045,0.16463141327623115
623465,Evan Phillips,LAD,24.2,26.0,0.0,98.0,26.0,18.0,5.0,7.0,8.0,0.0,1.0,1.8243244506957585,2.5583716280578757,3.441190338255673,3.3174071394508533,0.26530612,0.08163265,0.11707317,,118.32780139372822,104.34728222996516,120.21553310104531,63.24164868292682,63.83707141463414,-1.05594256097561
688107,Robert Gasser,MIL,28.0,5.0,5.0,114.0,16.0,28.0,8.0,9.0,1.0,3.0,2.0,2.5714285714285716,3.3807654925755095,4.180203671114786,4.344839576023173,0.14035088,0.00877193,0.10776942,,105.36409568224359,98.24054630246502,101.01440436534374,46.39380571428571,49.87760766917293,-1.1166267669172933
660896,Jorge Alcala,MIN,28.2,24.0,0.0,116.0,29.0,17.0,6.0,8.0,13.0,2.0,0.0,1.8837211756786503,2.7129913471078977,4.559048362684731,3.9919867316382165,0.25,0.11206897,0.13080169,,105.72272100894887,102.10889321648816,108.91308764161299,60.60782101265823,50.434256097046415,-0.1471779535864979
671096,Andrew Abbott,CIN,89.2,16.0,16.0,373.0,72.0,76.0,34.0,35.0,32.0,1.0,16.0,3.4126394656978922,4.984323676684424,4.890477313919981,4.778797084535215,0.19302949,0.08579088,0.08590604,,93.24136588787331,96.53303284911159,90.08420165434828,49.02341515436242,47.37021940939597,0.35749006040268455
663855,Jordan Hicks,SFG,85.2,17.0,17.0,363.0,76.0,77.0,32.0,36.0,33.0,7.0,9.0,3.3618677666561663,4.158697695532067,4.116681707981764,4.261634880791913,0.20936639,0.09090909,0.10409671,,104.32962375767971,99.84599872499075,104.17856675031072,50.96824932169242,44.83559564808597,0.04992284754869037
605513,Spencer Turnbull,PHI,54.1,17.0,7.0,222.0,58.0,37.0,16.0,17.0,20.0,5.0,6.0,2.6503068104915224,3.8474613893188674,3.8032973449311833,3.6680446973199192,0.26126126,0.09009009,0.10108696,,100.82204588919487,101.06497408858415,103.34844609316232,57.32967926086957,49.311795869565216,-0.2303340543478261
608032,Carlos Estevez,LAA,27.0,27.0,0.0,100.0,27.0,19.0,9.0,10.0,3.0,0.0,3.0,3.000000115897925,2.9442575474825414,3.683825273930025,3.1397293840148923,0.27,0.03,0.12339332,,99.80498714652956,103.18005141388173,102.31969151670953,44.79037334190231,54.73863532133677,0.0233003084832905
605154,John Brebbia,CHW,32.1,36.0,0.0,136.0,40.0,29.0,18.0,18.0,8.0,2.0,4.0,5.010310445192953,3.2283354627983503,3.2567981771929198,2.8203839246596325,0.29411765,0.05882353,0.11071429,,99.72410714285714,105.22910714285716,100.95560714285716,44.43885464285714,53.21926719642857,-0.4147361607142859
675627,Michael Grove,LAD,37.1,28.0,2.0,157.0,45.0,32.0,21.0,21.0,12.0,5.0,3.0,5.062500317913633,3.166479778289795,3.296343459135142,2.9886745448596166,0.2866242,0.07643312,0.12052117,,93.10876900108578,111.62177388707929,105.70477334419112,58.42424817589577,54.52602156351793,-0.0763422312703583
596295,Austin Gomber,COL,87.2,16.0,16.0,367.0,59.0,92.0,46.0,47.0,24.0,0.0,15.0,4.7224335970696165,4.866099599457362,4.487220114691576,4.738980699552192,0.16076294,0.0653951,0.08393113,,90.06890993869831,106.50549970653448,97.26748402243379,44.23645053084648,56.936150853658525,0.1171972166427547
681035,Christian Scott,NYM,27.2,5.0,5.0,112.0,25.0,24.0,12.0,12.0,6.0,1.0,3.0,3.903614547536794,3.527925569728387,4.304323283312545,4.05232722048911,0.22321429,0.05357143,0.11453744,,102.88729123837493,96.77015810083209,100.20911062163485,58.03719907488987,47.602388193832596,-0.04301766519823789
681911,Alex Vesia,LAD,36.2,35.0,0.0,140.0,47.0,15.0,5.0,8.0,17.0,1.0,4.0,1.2272729510488012,3.493752565236142,4.054927308430777,3.3911110747623168,0.33571429,0.12142857,0.1366782,,113.6435739862722,96.47355031849403,108.21884990939543,60.243649723183374,56.25381237024221,-0.44690894463667824
621383,Tanner Banks,CHW,38.1,32.0,1.0,163.0,43.0,40.0,18.0,24.0,10.0,1.0,5.0,4.2260876486838885,3.479523307821935,3.401062720756536,3.093313208217442,0.26380368,0.06134969,0.12096774,,101.22424388514709,106.54484633108825,107.67545527590688,47.33102491935484,56.144996741935486,-0.13862341935483874
671737,Taj Bradley,TBR,55.1,10.0,10.0,228.0,72.0,42.0,21.0,23.0,20.0,1.0,10.0,3.4156627290946946,4.052021967314346,3.2601751868521975,3.2675982784638165,0.31578947,0.0877193,0.13568376,,111.29646803742685,85.21481439712016,97.69957062298431,60.84692416666666,40.93356352564102,0.2882761111111111
696136,Jordan Wicks,CHC,28.0,7.0,6.0,128.0,32.0,31.0,13.0,16.0,10.0,2.0,2.0,4.178571713214037,3.095051201995538,3.7864888271908455,3.7897871441711377,0.25,0.078125,0.13487476,,105.0834529585409,100.48735676161783,104.26286444926293,52.85340899807322,55.43721379576108,-0.2965503853564547
682120,Tim Herrin,CLE,33.2,38.0,0.0,130.0,34.0,18.0,4.0,5.0,14.0,1.0,0.0,1.0693072433765212,2.4833112616881285,3.6510012633909072,3.6281231637186564,0.26153846,0.10769231,0.12361624,,100.21747769757917,95.55293124771906,93.00143637727587,54.1305464391144,43.401381549815504,0.31007771217712177
676702,Hunter Stratton,PIT,31.2,29.0,0.0,131.0,30.0,30.0,15.0,17.0,5.0,2.0,3.0,4.263158939238326,3.166479778289795,3.7493110611850438,3.33545689388763,0.22900763,0.03816794,0.14020619,,105.73764661778488,96.41727574497463,99.77075503072832,55.79133018556701,49.32095960824742,-0.16759212371134016
666129,Braxton Garrett,MIA,37.0,7.0,7.0,161.0,34.0,40.0,22.0,24.0,4.0,5.0,5.0,5.35135162721333,3.8151284603762594,3.488649908891311,3.4529196995391054,0.21118012,0.02484472,0.09337861,,95.70031634824095,101.58469794330662,98.49874793148655,50.57370872665534,54.7157479286927,0.02278227504244481
657585,Reed Garrett,NYM,39.1,33.0,0.0,170.0,59.0,34.0,14.0,18.0,19.0,2.0,5.0,3.2033901816382597,3.4207170942928316,3.036724104880286,2.8720943718533807,0.34705882,0.11176471,0.17477204,,109.63437816616006,85.12196808510639,97.40440729483282,60.156624659270996,38.03132337559428,0.49711090332805075
682847,Luis L. Ortiz,PIT,53.0,22.0,1.0,223.0,43.0,47.0,19.0,21.0,18.0,4.0,3.0,3.226415384617876,3.524970376580671,4.67199981582795,4.228261388017964,0.19282511,0.08071749,0.09443099,,100.11767191283293,98.55385169491527,99.73114164648912,53.393322154963684,48.04066501210654,0.07262889830508473
663423,Trent Thornton,SEA,38.1,38.0,0.0,152.0,41.0,27.0,16.0,17.0,10.0,4.0,3.0,3.756522462444769,3.14039281674504,3.4640872915471075,3.1168901322964384,0.26973684,0.06578947,0.12751678,,108.09875199744326,103.01423378076062,107.3486367849153,59.55773458053692,56.34688129194631,-0.7724120469798658
605452,Joe Ross,MIL,42.0,9.0,9.0,185.0,35.0,42.0,21.0,25.0,16.0,1.0,4.0,4.500000204358791,3.9521940996857747,4.586109298081831,4.6478113304009625,0.18918919,0.08648649,0.13126844,,91.23063356293565,104.84945972967435,99.2619075319161,42.929297477876105,57.92473153392329,0.11937752212389381
623167,Chris Flexen,CHW,79.0,17.0,15.0,341.0,60.0,79.0,45.0,47.0,32.0,1.0,13.0,5.126582526029877,5.039897590271083,5.120821329896857,5.0100721940910615,0.17595308,0.09384164,0.09381981,,81.9234236774684,99.01183579686526,82.05736623753691,42.0063030454207,46.30984364854802,0.7177783469843635
668964,Tobias Myers,MIL,58.0,12.0,11.0,235.0,51.0,49.0,21.0,21.0,18.0,2.0,9.0,3.2586207432355674,4.459583247827719,4.215041375239333,4.241048015452134,0.21702128,0.07659574,0.08535179,,91.42930876891012,100.54683219418429,91.86936244080759,38.755827162629764,48.744614002306804,0.17508891580161476
643511,Tyler Rogers,SFG,39.1,43.0,0.0,160.0,29.0,39.0,12.0,12.0,3.0,4.0,3.0,2.7457629525004164,3.217327240373136,3.455910371428934,3.052765880889893,0.18125,0.01875,0.08364312,,118.95702848473296,110.93747378705557,123.21701998538428,55.863200910780684,60.61453918215614,-0.9745887732342009
571578,Patrick Corbin,WSN,95.0,17.0,17.0,414.0,65.0,112.0,58.0,62.0,33.0,2.0,14.0,5.494737007584933,4.819111407007869,4.5267414764621146,4.85503645550096,0.15700483,0.07971014,0.09228741,,92.94028797608098,99.46705525164288,94.42502918726952,41.46554052076466,55.866775365853655,0.19038105471324984
543339,Daniel Hudson,LAD,33.2,34.0,0.0,128.0,36.0,23.0,7.0,11.0,4.0,0.0,5.0,1.871287167364448,3.314994632842529,3.1807471919174004,2.7065403633117677,0.28125,0.03125,0.15860735,,100.3353370034221,111.4187442344889,111.04889450974557,52.66843539651838,61.132592030947784,-0.3640752998065764
594580,Sam Moll,CIN,19.1,23.0,0.0,74.0,19.0,14.0,4.0,6.0,4.0,1.0,0.0,1.8620692975243855,1.9768243937603265,3.540971299773947,3.1009769008708674,0.25675676,0.05405405,0.12258065,,105.60537419354837,102.22590967741935,103.24445161290326,44.471833,56.47196212903226,-0.23061290322580652
657044,Ryan Thompson,ARI,34.1,32.0,0.0,132.0,26.0,30.0,7.0,7.0,4.0,0.0,3.0,1.8349516867344333,3.137353561040042,2.970290965407235,2.731794518589435,0.1969697,0.03030303,0.0956341,,118.61939273339273,100.34880605880605,112.6541795861796,56.02714964656964,51.90271041580042,-0.7582622037422035
493603,Adam Ottavino,NYM,32.2,33.0,0.0,140.0,43.0,27.0,17.0,19.0,12.0,4.0,3.0,4.68367443223508,3.1970920294808742,3.5769375915945436,2.949392495487703,0.30714286,0.08571429,0.11091549,,105.90268768441406,93.20928653275,95.90688290042978,55.127510231316734,50.831925925266894,-6.724199288244887e-05
656464,Kevin Ginkel,ARI,33.0,34.0,0.0,139.0,28.0,32.0,11.0,16.0,7.0,2.0,2.0,3.0000004632907196,3.0755706733415913,3.9829741780239005,3.684928565447029,0.20143885,0.05035971,0.1040146,,91.35602910567472,115.70440867174828,109.26094670120506,49.35055167883212,58.60622790145985,-0.36660598540145983
607481,Aaron Bummer,ATL,29.0,29.0,0.0,128.0,33.0,34.0,12.0,13.0,11.0,1.0,1.0,3.7241387079503596,2.580272759445757,2.9140702805754155,3.03023530960083,0.2578125,0.0859375,0.08413002,,117.2334956697784,100.07492070633225,111.02890675964463,58.982844722753335,60.533001434034425,-0.5550693116634798
670174,Josh Winckowski,BOS,36.1,15.0,4.0,160.0,28.0,37.0,11.0,18.0,12.0,3.0,2.0,2.724770737561243,3.579323829435438,4.028945002259341,4.10612163330315,0.175,0.075,0.08202443,,101.79105031339256,103.20118509624847,108.33226550232474,51.9195120035461,56.642781400709225,-0.027045141843971627
572020,James Paxton,LAD,75.2,15.0,15.0,325.0,53.0,69.0,36.0,37.0,38.0,1.0,9.0,4.281938469905718,4.858109791092054,5.270138313439,5.447229029581165,0.16307692,0.11692308,0.08970359,,88.91776136653908,95.65496385000466,84.3175480810419,33.594127410296416,49.85542208268331,0.6511396177847115
681676,Ryan Fernandez,STL,36.2,31.0,0.0,153.0,39.0,29.0,9.0,12.0,14.0,2.0,2.0,2.209091308296784,3.0573888494850157,3.667869023416971,3.498421976436608,0.25490196,0.09150327,0.13744076,,102.08749590693668,96.92537613097802,100.38751026856241,47.49290955766193,52.70346883096366,0.32278674565560816
669432,Trevor Rogers,MIA,81.1,16.0,16.0,368.0,64.0,91.0,44.0,48.0,36.0,3.0,10.0,4.868852649315563,4.629594589574017,4.574226116710124,4.802290159152676,0.17391304,0.09782609,0.09180791,,88.21156779661015,103.29083333333334,95.9717372881356,43.965627725988696,48.182799081920905,-0.003245967514124281
623149,Paul Sewald,ARI,16.2,18.0,0.0,59.0,15.0,5.0,1.0,1.0,3.0,2.0,1.0,0.5400000225305567,3.046479773283005,4.080889903908199,3.2925162081484673,0.25423729,0.05084746,0.11711712,,120.5245693693694,98.10973333333334,113.37144144144145,62.77495126126126,57.036293603603596,-1.2837803153153153
519326,Hunter Strickland,LAA,36.0,36.0,0.0,145.0,29.0,29.0,16.0,18.0,8.0,1.0,4.0,4.00000066558531,3.749813208687653,4.531381270119879,3.964267100363414,0.2,0.05517241,0.10326087,,111.94526145774516,108.91189192389736,118.40223844291778,60.56736353260869,64.6313520289855,-1.0043202717391306
657649,Jared Koenig,MIL,38.0,29.0,5.0,154.0,36.0,27.0,7.0,8.0,11.0,3.0,3.0,1.6578950410982807,3.403321927018121,3.8492249306976527,3.534584329518564,0.23376623,0.07142857,0.11050725,,105.52754652634,103.20341287094547,107.27648157733303,47.11483969202897,60.9890278442029,-0.5969145652173913
571882,Derek Law,WSN,50.0,40.0,0.0,208.0,46.0,49.0,18.0,20.0,13.0,1.0,5.0,3.2400007763387633,3.466479850173014,3.3760865534913087,3.394099186812793,0.22115385,0.0625,0.12919897,,95.28947296889162,108.83084103493405,104.0532126581429,39.77391523255814,45.85309590439277,0.25289793281653744
596133,Luke Weaver,NYY,45.2,30.0,0.0,178.0,48.0,28.0,14.0,14.0,10.0,4.0,5.0,2.7591245365458583,3.407355729893005,3.705701116910286,3.0935380726619433,0.26966292,0.05617978,0.14084507,,98.34827648948647,97.42328390436974,98.86550013019593,51.4815830140845,43.60240594366198,0.10242760563380282
543056,Danny Coulombe,BAL,26.0,29.0,0.0,92.0,28.0,13.0,7.0,7.0,3.0,0.0,3.0,2.4230777924145057,2.8587873602054135,2.8707957707355867,2.4128968486253632,0.30434783,0.0326087,0.1043257,,107.20343212093998,104.77236249755333,112.79226704892174,53.35471473282442,48.88367111959288,-0.036982824427480895
676684,Will Vest,DET,35.0,36.0,0.0,142.0,31.0,34.0,13.0,13.0,7.0,0.0,2.0,3.342858207420766,2.7379082132358508,3.204657943996901,3.2263201332387177,0.21830986,0.04929577,0.12801484,,96.24566975881261,106.2841929499072,100.7252319109462,48.87801968105065,57.03746455909944,-0.11273090056285173
656756,Jordan Montgomery,ARI,65.2,13.0,13.0,298.0,45.0,87.0,47.0,49.0,23.0,0.0,8.0,6.441624521401316,4.430439199746791,4.619647030911585,4.924836696989239,0.15100671,0.07718121,0.11059044,,91.45698429444793,96.14080464537177,87.97391398279836,42.692004254920334,47.95828549203374,0.3930536363636364
571948,Hoby Milner,MIL,39.1,38.0,1.0,164.0,38.0,39.0,21.0,23.0,9.0,0.0,4.0,4.805085887743715,3.2427509828571557,3.1508255965804186,3.231616303126341,0.23170732,0.05487805,0.06612903,,104.9855211745244,106.42047888517817,105.53568724229932,45.82437183870968,65.89473167741936,-0.5321284838709677
670167,John Schreiber,KCR,32.1,36.0,0.0,143.0,23.0,34.0,14.0,16.0,11.0,3.0,1.0,3.8969079983237243,3.4448303495986323,4.5859525601475895,4.269802535816812,0.16083916,0.07692308,0.07233273,,98.42463903185423,106.18778272360551,102.90206287383502,50.81838528028933,51.37507430379747,0.0428180831826401
607644,John Means,BAL,20.2,4.0,4.0,80.0,16.0,16.0,6.0,6.0,2.0,1.0,2.0,2.6129033061889926,3.3116410730780723,4.541074295329494,4.614040959014893,0.2,0.025,0.115625,,99.1893746071083,105.76823769946809,102.80305394705029,44.445286281250006,55.320557968749995,0.017412781250000054
676130,Jose Butto,NYM,38.0,7.0,7.0,156.0,38.0,22.0,13.0,13.0,21.0,4.0,3.0,3.07894744569245,4.166479803386489,4.691962128223114,4.6604871354854165,0.24358974,0.13461538,0.10906298,,88.47900848967613,87.13510441073217,79.78190289108805,45.00667064516129,30.870988356374806,1.1851052227342551
592155,Cam Booser,BOS,28.0,26.0,0.0,116.0,33.0,27.0,10.0,11.0,6.0,0.0,3.0,3.2142861795669373,2.8450511603331012,3.4502052132962637,3.0089153928771553,0.28448276,0.05172414,0.14218009,,111.85206745860776,96.47963377854371,105.20478365236659,52.1483589099526,56.973347345971554,-0.39755206161137435
683155,Joey Estes,OAK,46.1,9.0,9.0,196.0,39.0,44.0,27.0,27.0,12.0,3.0,7.0,5.244604568428149,4.4182783995607116,4.869111990862102,4.738656016371568,0.19897959,0.06122449,0.1047619,,97.39545578231291,108.52802721088436,101.37515646258504,41.331976612244894,65.77397727891157,-0.4394094285714286
657097,Jacob Webb,BAL,36.1,40.0,0.0,154.0,36.0,25.0,12.0,16.0,19.0,0.0,2.0,2.972477843620977,3.469232151251191,4.58469216502743,4.305292336075143,0.23376623,0.12337662,0.12603648,,96.06995024875623,99.18220111563393,95.16640434192675,52.107414057724974,52.41566232597623,-0.29401738539898126
689017,Landon Knack,LAD,30.1,6.0,6.0,121.0,25.0,21.0,7.0,7.0,8.0,2.0,4.0,2.076923163987177,4.221424877457885,4.401303547737835,4.309633391234675,0.20661157,0.0661157,0.10762332,,91.83712717996691,100.01165690276498,92.845776746052,42.978147443946185,49.37062775784752,0.36149793721973095
656945,Tanner Scott,MIA,36.0,35.0,0.0,148.0,38.0,18.0,6.0,10.0,23.0,0.0,2.0,1.500000081956391,3.694257584904081,4.10604168984715,4.385066924690447,0.25675676,0.15540541,0.13712375,,119.54974581939798,88.71645484949832,108.41031215161651,73.83527787625417,49.65824520066891,-0.6612077759197326
663485,Cole Sands,MIN,36.1,32.0,0.0,154.0,42.0,33.0,17.0,18.0,7.0,5.0,4.0,4.211010033224013,3.276571543864279,3.551590260191363,2.912275384388465,0.27272727,0.04545455,0.10851419,,99.48512437395661,103.52029904006679,101.33327545909849,41.2018743572621,48.2440165442404,0.22968043405676133
628452,Raisel Iglesias,ATL,30.2,32.0,0.0,120.0,27.0,20.0,8.0,10.0,7.0,2.0,2.0,2.347826140195076,3.1338710818981967,3.765183667517639,3.450538872005142,0.225,0.05833333,0.13824885,,101.52966572137538,105.56725132931585,109.31768982630275,55.712305944700475,61.258418387096754,-0.36824087557603685
673380,Dedniel Nunez,NYM,25.0,15.0,0.0,95.0,31.0,17.0,6.0,8.0,5.0,0.0,3.0,2.160000334739737,2.846479728698723,2.738007781861592,2.376113677352069,0.32631579,0.05263158,0.16076294,,109.36185286103542,102.85689373297004,112.96713896457764,67.87318749999999,61.99660847058823,-0.8268374117647059
605177,Andrew Chafin,DET,26.2,30.0,0.0,123.0,34.0,31.0,12.0,15.0,12.0,0.0,2.0,4.0500010380151545,2.9414797206222865,3.837590352994977,3.4328521532676723,0.27642276,0.09756098,0.14925373,,96.73190713101161,97.03157071783939,97.5317555081734,51.74107559734513,38.79716743362831,0.6434648672566371
621112,Paul Blackburn,OAK,46.0,8.0,8.0,188.0,36.0,40.0,21.0,21.0,13.0,1.0,6.0,4.1086957373556,4.209958060792805,3.927705043365909,4.246973885501756,0.19148936,0.06914894,0.11612022,,90.24356260087553,110.59713186738735,103.92354304504897,39.69251878415301,58.60685976775956,0.10466703551912566
670950,Trevor Richards,TOR,43.1,36.0,2.0,168.0,41.0,20.0,12.0,14.0,16.0,0.0,4.0,2.4923080585483097,3.581864454714513,4.33584465970509,3.919639437167166,0.24404762,0.0952381,0.09370629,,101.89398484848486,100.2103196969697,101.2513198135198,66.30765239598277,50.912963098995704,-0.4983404160688666
687330,Kevin Kelly,TBR,35.2,35.0,0.0,145.0,36.0,33.0,13.0,16.0,4.0,4.0,4.0,3.2803744548991958,3.278629332303443,2.9228970748733687,2.5178998751448005,0.24827586,0.02758621,0.08022388,,120.1328469374738,103.51196307838096,112.35782283636759,60.540014011194025,60.8064014552239,-0.87882401119403
665622,Luis Medina,OAK,30.0,6.0,6.0,135.0,22.0,30.0,16.0,17.0,15.0,1.0,2.0,4.800000305175801,4.166479841868087,5.467025306805883,5.389309012629033,0.16296296,0.11111111,0.09659091,,101.39179336468129,87.58873432601881,88.80319052594915,46.89120178030303,40.49656524621212,0.8327627083333333
680885,Spencer Schwellenbach,ATL,31.2,6.0,6.0,138.0,32.0,32.0,20.0,20.0,9.0,4.0,4.0,5.684210640439699,4.01911137435575,3.8571827582481633,3.821336106915675,0.23188406,0.06521739,0.13409962,,104.88038500771259,103.6977805559702,107.18666664593388,55.598428314176246,61.101916877394636,-0.41640086206896554
689225,Beau Brieske,DET,23.2,14.0,0.0,91.0,21.0,15.0,8.0,8.0,6.0,2.0,0.0,3.0422539782888975,2.4059162837175703,4.1308838796055944,3.6186545738550926,0.23076923,0.06593407,0.10582011,,102.97066243386243,99.580617989418,102.59340105820105,53.58692063492063,56.58049161375661,-0.14368582010582007
669721,Davis Daniel,LAA,8.0,1.0,1.0,26.0,8.0,4.0,0.0,0.0,0.0,0.0,0.0,0.0,1.166479778289795,2.4894871337339284,2.4928533512166324,0.30769231,0.0,0.13131313,,91.02577319587628,110.20350515463917,91.52309278350513,31.53363,68.85309,-0.05721
676477,Garrett Whitlock,BOS,18.1,4.0,4.0,75.0,17.0,14.0,4.0,4.0,7.0,1.0,1.0,1.9636363976849018,3.330116144763537,3.8581230317368207,4.187445887776053,0.22666667,0.09333333,0.07476636,,92.15703638394169,104.55266090636574,99.79412214189148,57.331011744548285,52.89266224299066,0.12178800623052957
669622,Anthony Bender,MIA,32.0,36.0,0.0,142.0,34.0,34.0,16.0,17.0,11.0,4.0,2.0,4.500001014210512,3.260229799419181,3.9124880899526286,3.525336900131893,0.23943662,0.07746479,0.09661017,,116.0107617148554,99.1465264207378,111.7558843469591,62.52922981355933,49.63217811864408,-0.6411392881355934
472610,Luis Garcia,- - -,35.2,38.0,0.0,153.0,37.0,34.0,18.0,21.0,12.0,3.0,3.0,4.542057074181691,3.4468536717578004,3.328429159992769,3.282134440211611,0.24183007,0.07843137,0.10884354,,105.69268990929706,103.17511949516648,109.09547708557105,58.248720246045686,47.01766790861161,-0.16612810193321617
572955,Pierce Johnson,ATL,27.1,28.0,0.0,116.0,35.0,23.0,10.0,10.0,12.0,1.0,2.0,3.2926833349048428,2.983552926350637,3.5812201482589896,3.218139605973563,0.30172414,0.10344828,0.1308204,,108.28527223454051,95.82745011086475,102.67611727026365,55.084513259423524,53.834440354767175,-0.35374188470066525
679885,Justin Martinez,ARI,30.2,25.0,0.0,126.0,34.0,24.0,4.0,4.0,16.0,0.0,0.0,1.1739132195457882,2.514305767431024,3.1552659488106545,3.456832506471347,0.26984127,0.12698413,0.12765957,,124.27202980998975,88.45244091098722,118.432493988698,73.7318874081238,49.86648820116054,-0.7158552224371373
669194,Ryne Nelson,ARI,68.0,14.0,13.0,307.0,46.0,89.0,43.0,45.0,18.0,3.0,9.0,5.691176710038047,4.460597479797155,4.7634322714531425,4.7772287375229725,0.14983713,0.05863192,0.08289703,,98.91476424803591,102.01265805787482,99.94328447352962,48.97814796684118,61.23530238219896,-0.15027405759162307
656887,Sean Reid-Foley,NYM,21.2,23.0,0.0,90.0,25.0,13.0,4.0,10.0,14.0,0.0,0.0,1.6615387479793884,2.797248945405486,3.7044541455362214,3.983672786467878,0.27777778,0.15555556,0.11688312,,91.7612241671372,87.54017843026537,81.84993562958782,50.657891583113454,36.54732419525066,0.7222682321899735
570632,Jose Urena,TEX,63.2,20.0,6.0,258.0,44.0,52.0,20.0,24.0,19.0,1.0,7.0,2.827225331167947,4.156008644198576,4.151618660222338,4.293634137225429,0.17054264,0.07364341,0.10248756,,95.25276391850274,101.12730200189529,98.95196860933427,47.00001706467662,50.151095731343275,0.40665891542288557
641656,Ian Hamilton,NYY,29.2,27.0,0.0,136.0,30.0,33.0,15.0,16.0,14.0,3.0,1.0,4.550562832406452,3.301311269620357,4.29017336100271,4.034839917295886,0.22058824,0.10294118,0.16730769,,105.37825564381272,93.72980957357855,96.38161684782608,47.13219792307692,54.70418786538461,0.17361405769230767
681869,Shawn Dubin,HOU,25.2,15.0,1.0,115.0,27.0,26.0,14.0,16.0,14.0,1.0,0.0,4.909091213095728,2.815830405925815,4.111837691516562,4.101779929206581,0.23478261,0.12173913,0.09913793,,95.95586206896552,85.81913793103449,87.0169827586207,56.70625711206896,37.860807068965514,0.6238416810344828
670990,Yohan Ramirez,- - -,36.0,29.0,0.0,155.0,34.0,32.0,18.0,19.0,11.0,8.0,2.0,4.500000618398275,3.5831465022155613,4.414933034026988,3.7008571151231364,0.21935484,0.07096774,0.08672566,,108.321756917986,94.64736538198818,102.91624285432384,65.98209093805309,42.52029497345132,-0.17074125663716816
664747,Alexis Diaz,CIN,30.1,32.0,0.0,133.0,31.0,23.0,16.0,18.0,20.0,3.0,1.0,4.747253277410966,3.82582051126354,5.092027877225949,4.687728344711462,0.23308271,0.15037594,0.10218978,,93.0408394160584,105.51240875912406,99.38569343065694,70.93332958029195,49.39620328467153,-0.0932472080291971
686563,Jonathan Cannon,CHW,39.0,8.0,7.0,166.0,32.0,44.0,20.0,23.0,7.0,0.0,7.0,4.6153848411063585,4.39724906925149,3.886079687647632,4.06077868618654,0.19277108,0.04216867,0.10334347,,98.8929066094523,106.09823469813459,101.57162584182608,46.940657051671735,58.78206186930091,-0.11344522796352582
677161,Zack Kelly,BOS,29.1,21.0,2.0,117.0,32.0,14.0,5.0,7.0,13.0,1.0,2.0,1.5340910831366454,3.3028434301241636,3.6020318734916614,3.579982861996726,0.27350427,0.11111111,0.11752577,,113.21120824742269,100.35208797250861,109.65780343642611,67.94536812371133,55.988258082474225,-0.803371855670103
650644,Aaron Civale,TBR,87.0,17.0,17.0,378.0,84.0,93.0,49.0,51.0,27.0,4.0,16.0,5.06896579506566,4.695215494261978,4.181386820949744,4.152369125325208,0.22222222,0.07142857,0.09383562,,108.19351030573546,97.13949700026077,101.43069292469046,41.064685390410965,47.36834085616439,0.3498173219178081
573186,Marcus Stroman,NYY,95.2,17.0,17.0,403.0,70.0,80.0,35.0,39.0,43.0,6.0,12.0,3.2926830800071847,4.870312610166528,4.756927312180607,4.954093232572259,0.17369727,0.10669975,0.0802005,,87.106811456121,96.95122878966995,87.96246572761184,38.30024604636591,34.33945115914786,0.6985054699248121
607455,Anthony Banda,LAD,18.1,16.0,0.0,73.0,17.0,10.0,2.0,4.0,9.0,0.0,0.0,0.9818183089682058,2.7846615470243816,4.599071869465172,4.348133286893152,0.23287671,0.12328767,0.09818182,,102.34323916083915,101.45131468531468,105.95765594405594,57.768371745454544,55.31799825454546,-0.2126252
458677,Justin Wilson,CIN,19.1,26.0,0.0,88.0,25.0,25.0,12.0,12.0,5.0,2.0,3.0,5.586208478130591,3.6837213040426278,3.4652484840727866,2.87933251120198,0.28409091,0.05681818,0.12640449,,109.18053506514964,94.34511920498537,102.12756385138323,53.11181901685394,54.815430477528075,0.011847640449438177
678394,Brayan Bello,BOS,71.1,14.0,14.0,318.0,64.0,76.0,44.0,47.0,29.0,6.0,11.0,5.551402116552786,4.848722843911851,4.031047163759098,4.221864483144989,0.20125786,0.09119497,0.10420032,,97.21214427072493,108.74180883287285,109.69142792453633,58.07483809369952,54.606608166397415,-0.3121620274636511
681517,Kyle Leahy,STL,28.1,17.0,0.0,114.0,18.0,24.0,13.0,13.0,7.0,0.0,1.0,4.12941251902858,3.0958915301012726,4.611573372744029,4.410655831975182,0.15789474,0.06140351,0.12077295,,91.27193236714976,111.58463768115944,109.56830917874396,52.624776859903385,56.14588253623189,-0.4366871256038648
672335,Cionel Perez,BAL,24.0,26.0,0.0,104.0,21.0,21.0,11.0,12.0,11.0,2.0,0.0,4.125000681262576,3.0414797576454746,4.238486610262231,4.127062202540824,0.20192308,0.10576923,0.10810811,,101.7563614864865,104.2884583333333,106.33336936936936,59.393692351351355,46.23780937837838,-0.3141882162162163
673513,Yuki Matsui,SDP,36.0,39.0,0.0,150.0,33.0,24.0,14.0,15.0,22.0,0.0,1.0,3.5000008866193157,3.5275909808775023,4.804489299970298,4.741676318698834,0.22,0.14666667,0.12682927,,101.44345055130408,90.19106201388729,95.11457149431497,46.30559767479674,39.127771918699196,0.6100802764227645
595014,Blake Treinen,LAD,17.2,20.0,0.0,73.0,24.0,13.0,6.0,6.0,6.0,0.0,2.0,3.056604249679467,2.940064648683909,3.0089034129152585,2.703933055651127,0.32876712,0.08219178,0.12891986,,106.99714285714283,101.25714285714287,105.5451567944251,55.48017853658536,44.36206341463415,-0.09476341463414631
621244,Jose Berrios,TOR,104.0,17.0,17.0,415.0,76.0,89.0,39.0,39.0,26.0,9.0,18.0,3.3750000618971323,4.964556734343253,4.430104723908579,4.422984589960892,0.18313253,0.0626506,0.08238276,,95.37833680120231,104.11326833983955,101.75396168940364,44.30228819098857,55.271543705447215,-0.028187565568258233
592773,Ryne Stanek,SEA,33.1,38.0,0.0,144.0,36.0,30.0,14.0,16.0,11.0,2.0,3.0,3.7800008674265944,3.3464798195958236,4.1269708427274585,3.537135419295386,0.25,0.07638889,0.14482759,,112.17589655172415,99.4963103448276,111.72251724137932,69.25491284482757,50.10427277586208,-0.4575335689655172
518876,Merrill Kelly,ARI,24.2,4.0,4.0,92.0,21.0,17.0,6.0,6.0,6.0,0.0,3.0,2.1891892456155015,3.7745879020718793,3.6646501323189704,3.8881583167831995,0.22826087,0.06521739,0.11357341,,94.77065312403818,105.94066851338874,101.85444875346262,41.59879634349031,62.84728058171745,-0.15354188365650967
668933,Graham Ashcraft,CIN,67.2,13.0,13.0,306.0,52.0,79.0,41.0,46.0,22.0,6.0,11.0,5.453202252248119,4.984213862372502,4.4797498744507545,4.542242431925192,0.16993464,0.07189542,0.09881757,,101.17373459237301,96.93767240454741,100.71675197838144,51.48148038851352,42.21163461993244,0.2583355827702703
594835,Marco Gonzales,PIT,17.0,3.0,3.0,69.0,11.0,15.0,5.0,5.0,5.0,0.0,1.0,2.6470588235294117,3.5194209547603834,4.444606820537763,4.8138742324185655,0.15942029,0.07246377,0.08606557,,85.27745901639345,97.58524590163935,83.16311475409836,36.438266598360656,52.33264290983607,0.44452180327868857
605463,Tayler Scott,HOU,42.1,37.0,0.0,172.0,39.0,23.0,7.0,10.0,20.0,2.0,2.0,1.4881891677529004,3.4971884822348844,4.133101025847574,4.080542047355138,0.22674419,0.11627907,0.11328671,,93.78831827956988,99.90555626738852,94.8352633431085,46.51813702097902,47.905586419580416,0.26708960839160834
607067,Colin Rea,MIL,87.1,16.0,14.0,369.0,62.0,79.0,35.0,37.0,28.0,5.0,13.0,3.606870360296932,4.815334800139821,4.6807799202085505,4.739833449427438,0.16802168,0.07588076,0.07407407,,95.89035555555556,97.92694814814816,93.77602962962963,39.28102179259258,57.76325097777778,0.18531868148148153
669387,Carmen Mlodzinski,PIT,24.1,17.0,3.0,104.0,20.0,21.0,10.0,13.0,9.0,2.0,1.0,3.6986304752194825,3.4130551433044274,4.8050659798976945,4.324571179148674,0.19230769,0.08653846,0.0990566,,102.64330974842764,95.27131682389938,95.66268867924528,49.844176462264144,49.10200176886792,0.1604043160377359
676664,JP Sears,OAK,90.0,17.0,17.0,388.0,62.0,89.0,50.0,51.0,29.0,8.0,13.0,5.0000002119276346,4.899813185091375,5.27324793907216,5.012061854608568,0.15979381,0.07474227,0.09478022,,101.41017117406138,103.55703507972179,101.48801425852552,53.40936082417583,55.85513504120878,-0.29036080357142857
523260,Joe Kelly,LAD,13.1,15.0,0.0,58.0,14.0,13.0,7.0,8.0,5.0,2.0,0.0,4.7250004928559575,2.641479723528022,3.435284219594763,3.3237041121188593,0.24137931,0.0862069,0.09821429,,108.14549883540371,93.4607529330573,101.65182121290546,63.405494196428556,39.524984732142855,0.1943946428571429
621389,Ty Blach,COL,55.0,13.0,9.0,247.0,31.0,76.0,32.0,32.0,10.0,3.0,9.0,5.2363638236306,4.87557074850256,4.535217034592769,4.812444181835818,0.12550607,0.04048583,0.06618532,,78.21433730789072,107.85276959289692,81.80209969507816,28.24578753309266,65.7202878700361,-0.015591107099879663
687863,Porter Hodge,CHC,11.0,10.0,0.0,44.0,15.0,6.0,2.0,2.0,6.0,0.0,0.0,1.6363639334017135,2.0755704893553197,3.4501238354340247,3.2755844598244983,0.34090909,0.13636364,0.13157895,,100.14231578947368,89.34463157894737,90.77452631578947,66.56652615789474,35.34240557894737,0.44615668421052634
678495,Randy Rodriguez,SFG,32.1,20.0,1.0,137.0,36.0,28.0,16.0,19.0,12.0,1.0,3.0,4.453608956216979,3.352046818132169,3.829334604113004,3.468284454769976,0.26277372,0.08759124,0.12683824,,112.54929599499376,91.49077127659575,105.18280976220275,58.26480970588236,39.551424044117645,-0.24091012867647071
667463,John King,STL,29.2,27.0,0.0,124.0,26.0,30.0,10.0,13.0,4.0,1.0,3.0,3.0337088657909677,3.233895530862928,3.0915199786138663,2.827682126883587,0.20967742,0.03225806,0.08809524,,102.74254808590105,109.57212698412695,111.56591596638658,47.773310023809515,63.04166542857141,-0.5415475714285714
676974,Max Meyer,MIA,17.0,3.0,3.0,65.0,14.0,11.0,4.0,4.0,3.0,1.0,2.0,2.1176470588235294,3.7547150724074423,3.6483700429691988,3.734159383963843,0.21538462,0.04615385,0.14229249,,88.3709090909091,110.10332015810276,105.88371541501976,61.81583814229249,54.44963462450592,-0.025294545454545438
680767,Victor Vodnik,COL,44.0,36.0,0.0,192.0,39.0,46.0,20.0,21.0,20.0,0.0,4.0,4.090909922172385,3.9392072080334675,4.063214493150342,4.095884159135822,0.203125,0.10416667,0.08711656,,99.54510322592533,101.99994436153945,102.8467651577958,56.067636849489794,45.780240153061214,-0.1875717984693878
642397,Gregory Soto,PHI,26.1,32.0,0.0,122.0,30.0,27.0,11.0,14.0,15.0,4.0,1.0,3.7594943119345694,3.546226678485206,4.2583347694287035,4.001182183248035,0.24590164,0.12295082,0.14408602,,116.00326881720432,87.84722580645158,101.23763440860213,63.57116554083886,50.99171878587196,-0.2352211037527594
519008,T.J. McFarland,OAK,31.2,42.0,0.0,129.0,22.0,30.0,14.0,15.0,9.0,2.0,2.0,3.9789487626947126,3.6401641548010706,3.8218118983682765,3.5811414370040433,0.17054264,0.06976744,0.08668076,,91.34737414007184,112.82086942514846,102.8503668243901,52.48823704016913,64.6297799577167,-0.6800290909090908
693312,Kyle Nicolas,PIT,25.0,22.0,0.0,108.0,32.0,20.0,12.0,14.0,13.0,2.0,1.0,4.32000053043372,2.9264797488212553,3.7370472458224886,3.482041324988354,0.2962963,0.12037037,0.12582781,,110.74568097047201,77.83808659788107,86.21282650667442,61.263168520971305,33.34226761589404,0.77735
572143,Burch Smith,MIA,29.2,25.0,0.0,135.0,23.0,39.0,14.0,15.0,9.0,1.0,1.0,4.24719152465166,3.0653561705599937,4.360017646553533,4.146251769904871,0.17037037,0.06666667,0.086,,100.11058898084293,96.92586616858237,98.54598980076628,45.78937001999999,54.82011262000002,0.010326679999999953
669467,Andre Pallante,STL,38.0,15.0,6.0,169.0,31.0,42.0,19.0,21.0,18.0,2.0,3.0,4.500000349393043,4.140164064415775,4.2279597389749135,4.355895324985102,0.18343195,0.10650888,0.07272727,,99.10837291585307,90.26070275552459,93.1245095328063,45.268509712121215,32.35792733333333,0.8118422424242424
668941,JoJo Romero,STL,37.0,38.0,0.0,145.0,33.0,27.0,11.0,12.0,8.0,3.0,4.0,2.675676184296269,3.679993389417362,3.4596756118731053,3.250375268452423,0.22758621,0.05517241,0.10912343,,104.87612066130431,98.05520754644093,100.6078052050418,51.06287456521739,51.17475490942028,0.02440505434782614
664076,Garrett Cleavinger,TBR,34.0,37.0,0.0,147.0,44.0,25.0,11.0,12.0,19.0,5.0,2.0,2.911765055544072,3.460597460667984,3.7631916661030482,3.5398314018781334,0.29931973,0.1292517,0.13410596,,115.46487621245564,84.1139976364082,97.33564662630722,59.825194628670125,40.0407819343696,-0.08797217616580313
548384,Brooks Raley,NYM,7.0,8.0,0.0,25.0,9.0,2.0,0.0,0.0,3.0,0.0,0.0,0.0,1.8807653009891225,3.6087751655933626,2.970313084014893,0.36,0.12,0.09243697,,132.38453781512607,100.0257142857143,122.24084033613445,70.50754411764706,60.62022756302522,-0.8820556302521008
434378,Justin Verlander,HOU,57.0,10.0,10.0,239.0,51.0,52.0,25.0,26.0,17.0,4.0,11.0,3.9473684870965604,4.9910412123255385,4.975756829347979,4.624452761032295,0.21338912,0.07112971,0.0956341,,107.49802494802495,90.01754677754677,97.4068399168399,39.11034306652807,52.568764002079,0.35967262993763
656222,Jalen Beeks,COL,40.2,36.0,0.0,172.0,31.0,36.0,20.0,23.0,17.0,1.0,4.0,4.426230346161938,4.248447196240491,4.828785510480145,4.564701972622693,0.18023256,0.09883721,0.09425626,,94.83411302665398,91.14231229605245,88.11511717057957,46.6872597054492,36.82928097201767,0.7060251988217966
547179,Michael Lorenzen,TEX,82.0,14.0,14.0,330.0,58.0,62.0,31.0,31.0,35.0,4.0,12.0,3.402439063961204,5.081113946898788,4.78287895978761,5.027429589191149,0.17575758,0.10606061,0.08907823,,92.66401545583918,98.0218305283233,91.59294634224467,43.503537443841985,48.69567815646785,0.5499734546862897
669276,Dylan Lee,ATL,33.0,25.0,0.0,133.0,35.0,27.0,8.0,12.0,11.0,0.0,3.0,2.1818185089048767,3.227085847981597,3.6947314521487717,3.399957471290459,0.26315789,0.08270677,0.19098712,,104.44799419338553,99.95171295127493,103.76908482706386,48.26667530042919,59.592685987124455,-0.14476077253218883
573124,Taylor Rogers,SFG,34.1,36.0,0.0,143.0,38.0,30.0,8.0,11.0,11.0,2.0,3.0,2.0970878968288202,3.2247322198683737,3.7182559640566306,3.284890067940571,0.26573427,0.07692308,0.1037415,,105.52935374149658,95.2262244897959,95.67574829931974,49.80275486394558,49.12941846938776,-0.03766113945578235
669461,Matthew Liberatore,STL,44.1,27.0,5.0,174.0,36.0,35.0,19.0,20.0,16.0,0.0,5.0,3.857143491538692,4.091291960471587,4.193977391335133,4.283103429608571,0.20689655,0.09195402,0.12071535,,100.7189401358701,95.36788278785299,96.64399249037105,47.875393368107304,49.9784284947839,0.30054400894187777
678226,Daysbel Hernandez,ATL,9.2,9.0,0.0,37.0,12.0,6.0,0.0,1.0,3.0,0.0,0.0,0.0,1.6147555383008603,3.0224875953017643,2.7533908833021767,0.32432432,0.08108108,0.12903226,,112.57948387096774,104.30567741935485,112.60154838709678,65.1162571612903,56.246583483870964,-0.8347214193548386
663992,Richard Lovelady,- - -,13.0,15.0,0.0,60.0,12.0,18.0,11.0,12.0,3.0,0.0,1.0,7.615386413576054,3.0126335881165414,4.222492313658483,3.8164740840148923,0.2,0.05,0.11682243,,102.14215160955348,99.44721495327101,102.1965960539979,55.53045985981308,60.12193528037383,-0.16572004672897195
527048,Martin Perez,PIT,61.1,12.0,12.0,276.0,50.0,78.0,36.0,39.0,21.0,2.0,10.0,5.282608887310973,4.7806102716348144,4.485316055384558,4.600896168998106,0.18115942,0.07608696,0.08137255,,84.57888354163823,105.08621460316678,90.84810397512948,31.504474901960783,56.199549784313724,0.6757336568627451
453286,Max Scherzer,TEX,10.1,2.0,2.0,38.0,8.0,5.0,2.0,2.0,2.0,0.0,1.0,1.7419355374593284,3.45680236786635,4.539912191465821,4.527130746649637,0.21052632,0.05263158,0.1119403,,100.90923016496464,111.16798311076198,109.42363707776906,44.41727947761194,69.50417701492538,-0.5897818656716418
543859,Michael Tonkin,- - -,38.1,28.0,0.0,163.0,39.0,27.0,10.0,20.0,15.0,5.0,2.0,2.3478265244254004,3.375175469349831,4.274662669529993,3.741942186896758,0.2392638,0.09202454,0.10911809,,101.88595472362687,97.58682119231626,97.5115747940718,50.06872702980745,48.75673809373077,-0.027417434274158117
605288,Adrian Houser,NYM,60.1,18.0,7.0,268.0,36.0,61.0,36.0,39.0,30.0,3.0,3.0,5.370165943921134,4.2604024705700265,5.3431966546383,5.406424018671377,0.13432836,0.1119403,0.07135576,,90.17458557666079,98.747231195532,90.78867640091315,39.8167943743428,50.46302903259725,0.3827822712933755
622554,Seranthony Dominguez,PHI,27.2,31.0,0.0,121.0,28.0,25.0,13.0,16.0,10.0,1.0,3.0,4.228916406692166,3.744793133051117,4.247936386072398,3.764784004670718,0.23140496,0.08264463,0.10311284,,115.51426261742756,93.69437556143788,109.60752719227061,61.414830200000004,44.64882949999999,0.11888814000000006
664299,Cristian Javier,HOU,34.2,7.0,7.0,150.0,27.0,30.0,15.0,16.0,19.0,0.0,4.0,3.894230840650537,4.753018268925199,5.564646520245726,5.616064408344572,0.18,0.12666667,0.10157618,,99.17952107286986,93.62355904972208,97.50867973806443,50.01409350262697,41.857566514886166,0.4398632574430824
656529,Sam Hentges,CLE,19.2,20.0,0.0,73.0,21.0,13.0,6.0,6.0,4.0,0.0,2.0,2.7457636577652744,2.9630898777145895,2.9480462914697005,2.7517981440574624,0.28767123,0.05479452,0.13284133,,101.52921894218942,110.32402214022139,109.8958671586716,52.40214642066421,65.69873306273062,-0.5033685977859776
592094,Jason Adam,TBR,36.0,37.0,0.0,139.0,35.0,19.0,8.0,10.0,14.0,3.0,3.0,2.0000001158979273,3.7220353660392194,4.150710463769029,3.706365899823457,0.25179856,0.10071942,0.16726619,,108.68881936190175,92.73414372849547,102.44978761338754,64.59967246402879,42.66508446043166,0.13153987410071946
630023,Yonny Chirinos,MIA,14.1,3.0,3.0,67.0,15.0,20.0,6.0,6.0,4.0,1.0,2.0,3.7674419440212237,3.9339216557756,4.546214228176448,4.144377552334041,0.2238806,0.05970149,0.11111111,,98.68730158730158,102.27269841269842,96.54563492063492,41.13591761904762,58.493050833333335,0.05828809523809525
592779,Brock Stewart,MIN,13.1,13.0,0.0,52.0,17.0,8.0,1.0,1.0,6.0,0.0,1.0,0.6750000160932544,2.9414797729253768,3.100486081382783,3.110442105903836,0.32692308,0.11538462,0.14832536,,118.20721956406169,89.99595427963847,107.972562466773,63.10872407216494,51.92793608247423,-0.4947657731958762
663773,Bryan Hoeing,MIA,19.2,11.0,0.0,76.0,16.0,13.0,4.0,4.0,5.0,0.0,1.0,1.830508622517717,2.963089931343382,3.378417982898583,3.528654294524766,0.21052632,0.06578947,0.08637874,,100.24485049833886,104.1251827242525,103.16405315614618,46.287559501661136,56.00897162790697,-0.07363162790697673
660600,Enoli Paredes,MIL,16.1,13.0,0.0,62.0,12.0,8.0,2.0,2.0,6.0,2.0,0.0,1.1020409725001554,3.166479778289795,4.462487167284028,4.242514718878226,0.19354839,0.09677419,0.11214953,,96.84224299065421,88.89317757009346,88.83196261682242,60.435001121495326,40.67124280373831,0.18005130841121494
605155,Colten Brewer,CHC,18.0,14.0,0.0,79.0,19.0,19.0,11.0,12.0,7.0,0.0,1.0,5.500000610119835,2.9442575314162664,3.9020447556887294,3.6644762300476175,0.24050633,0.08860759,0.11384615,,97.61398245614035,99.66449176788123,98.22820863697707,43.13850556923077,48.39713698461538,0.4487203692307692
455119,Chris Martin,BOS,25.1,25.0,0.0,100.0,28.0,24.0,10.0,12.0,2.0,2.0,4.0,3.55263162352702,3.4822692559366413,2.8023821425276667,2.5036698840148928,0.28,0.02,0.12912088,,106.43909281743898,111.08305133968595,113.68648643023644,44.15415826923076,70.86786543956045,-0.6180298351648352
663704,James McArthur,KCR,33.2,32.0,0.0,142.0,27.0,38.0,16.0,19.0,7.0,2.0,4.0,4.277228072371865,3.9090540964099105,3.442366981512472,3.296197189669752,0.19014085,0.04929577,0.13001912,,101.81427968616073,101.73123228060922,105.10934660776688,56.38323328871892,54.12710885277246,-0.21531210325047806
663568,Stephen Kolek,SDP,39.0,34.0,0.0,175.0,32.0,48.0,20.0,23.0,10.0,3.0,3.0,4.615385334872747,3.525454193224342,3.5334597986202394,3.3883550204098123,0.18285714,0.05714286,0.0949464,,109.60009316722251,110.71699581473253,118.67740791802237,55.50566318529862,68.95739666156202,-1.052454517611026
666745,Jhony Brito,SDP,41.1,25.0,0.0,177.0,26.0,48.0,20.0,23.0,9.0,0.0,4.0,4.354839270680626,3.819705668891889,4.463845359699368,4.268933174262399,0.14689266,0.05084746,0.0765391,,103.68538503112099,102.85431565754607,109.07145904973191,47.789941830282864,54.77883886855241,0.23094059900166397
666159,Matt Manning,DET,27.2,5.0,5.0,123.0,23.0,31.0,15.0,15.0,12.0,0.0,3.0,4.8795185208165295,4.214672645724457,5.209674057923791,5.047475733967616,0.18699187,0.09756098,0.10273973,,99.75770458160177,97.51006207993434,96.57411369349957,48.75340716894977,52.184461095890406,0.05149495433789954
665795,Edward Cabrera,MIA,21.1,5.0,5.0,97.0,31.0,20.0,17.0,18.0,14.0,1.0,3.0,7.171875106869267,4.197729793656618,3.5744864830776186,3.9319465309177053,0.31958763,0.1443299,0.12560386,,100.73299516908213,92.99048309178745,93.78478260869565,59.21821497584541,44.22139620772948,0.6060242753623188
614179,Jose Ruiz,PHI,23.0,21.0,0.0,96.0,23.0,24.0,8.0,10.0,5.0,1.0,2.0,3.130434916465635,3.079523252832416,3.1981388978268153,3.0361030003946916,0.23958333,0.05208333,0.15320334,,105.18967502321264,107.00810027855152,109.70693036211699,41.41995743283582,47.684545253731336,-0.147700776119403
621366,Ryan Borucki,PIT,3.1,4.0,0.0,14.0,6.0,4.0,2.0,2.0,0.0,0.0,0.0,5.40000220477671,-0.4335216915613449,0.02008101550748842,0.8191066394196271,0.42857143,0.0,0.24,,97.85600000000001,114.79440000000001,117.4624,57.5584994,47.463554,-0.0244626
622251,Josh Staumont,MIN,17.0,16.0,0.0,63.0,13.0,6.0,0.0,1.0,8.0,0.0,0.0,0.0,3.0488327058541307,4.649782968265187,4.633620230139466,0.20634921,0.12698413,0.11787072,,94.9399210109208,93.05458263498971,87.5049776287978,49.686410380228146,39.238504980988594,0.16008444866920155
622098,Drew Smith,NYM,17.2,19.0,0.0,79.0,23.0,18.0,6.0,7.0,9.0,0.0,2.0,3.0566047807742973,3.5627063239457226,4.230642967938044,3.650597532458048,0.29113924,0.11392405,0.14329268,,101.25871951219513,96.63103658536585,95.35611788617885,52.65646399371069,52.409435566037736,-0.10473729559748428
622075,Yency Almonte,CHC,15.2,17.0,0.0,67.0,20.0,9.0,6.0,7.0,8.0,2.0,1.0,3.446809109491044,3.3579691732615196,3.879338477915452,3.4556647106719045,0.29850746,0.11940299,0.11567164,,112.86597947761193,93.58659825870646,104.99650497512438,62.00384104477612,44.21089526119405,0.08355417910447765
640462,A.J. Puk,MIA,35.0,24.0,4.0,161.0,30.0,35.0,21.0,27.0,21.0,1.0,3.0,5.400000928810824,4.452194285149515,5.02271803592795,5.048322587918513,0.1863354,0.13043478,0.09984152,,99.28815469844055,106.30919518176344,104.40696986664028,57.762778304278925,53.028699318541996,-0.45632290015847854
641712,Dakota Hudson,COL,81.2,16.0,16.0,368.0,44.0,89.0,53.0,58.0,43.0,5.0,9.0,5.840816644829859,5.284847240670436,5.351859663554624,5.62734067940603,0.11956522,0.11684783,0.07290133,,87.04597642891953,89.3473130619748,80.68677750771165,37.08588452249408,44.15994812154697,0.9049214285714283
642048,Tayler Saucedo,SEA,21.0,27.0,0.0,90.0,21.0,20.0,6.0,6.0,9.0,1.0,1.0,2.5714295822750874,3.214098844628223,3.4590561254303345,3.5498468659235813,0.23333333,0.1,0.13043478,,101.56630657748049,88.8041204013378,91.02655518394648,48.09967953623189,20.0,1.6261552753623187
571656,Buck Farmer,CIN,38.1,30.0,0.0,161.0,29.0,32.0,12.0,12.0,14.0,4.0,3.0,2.8173915467505855,4.0795233351071145,4.994873289641258,4.505701691407217,0.18012422,0.08695652,0.09253247,,95.74532657787289,96.24368858881016,93.20076327110387,46.53389823051947,45.03245775974026,0.24166873376623377
640448,Kyle Finnegan,WSN,34.1,35.0,0.0,136.0,38.0,22.0,8.0,10.0,12.0,0.0,5.0,2.0970875200199246,3.8946351671856023,3.1904863906264134,3.2040533773763014,0.27941176,0.08823529,0.12310606,,103.24246759436099,108.61941670557113,108.59658902487762,50.10663200757576,62.19860742424242,-0.5038811742424244
657612,Tim Hill,- - -,29.0,32.0,0.0,144.0,14.0,48.0,16.0,23.0,10.0,1.0,1.0,4.965518455868541,3.7871695852733627,4.381658286691211,3.874883885069888,0.09722222,0.06944444,0.05976096,,111.54713360842345,96.05123454235007,105.75118816940031,47.1878849935741,62.72149351497237,-0.2101385573833698
665152,Dean Kremer,BAL,50.0,9.0,9.0,207.0,49.0,38.0,24.0,30.0,18.0,0.0,10.0,4.320000164794928,4.886479843902591,4.131130070678961,4.115913032834106,0.23671498,0.08695652,0.08848485,,99.15516324281779,101.84555674493858,100.7411881848791,43.520766800000004,51.106020036363645,0.16466349090909094
605121,Justin Anderson,CHW,19.0,20.0,0.0,86.0,22.0,16.0,8.0,8.0,11.0,2.0,1.0,3.789474896777427,3.5875325445983983,4.65406893518126,4.056355363128203,0.25581395,0.12790698,0.1372549,,110.48156862745097,91.10616246498599,99.77798319327731,63.118897899159656,47.08437134453782,0.0686510084033613
678368,Valente Bellozo,MIA,5.0,1.0,1.0,18.0,2.0,2.0,0.0,0.0,0.0,1.0,0.0,0.0,2.966479778289795,5.6880949094891555,5.4167661218083,0.11111111,0.0,0.06944444,,92.37444444444444,102.26333333333334,94.19944444444442,42.49715,52.93995,0.28266
542888,Shawn Armstrong,TBR,36.2,30.0,5.0,163.0,39.0,40.0,22.0,23.0,14.0,1.0,5.0,5.400000545707671,4.039207139212247,4.122126555227759,3.809777431193776,0.2392638,0.08588957,0.08972268,,103.38551662314737,102.75248899382959,101.09895149595228,44.34255609589041,65.77482933219177,-0.5220158732876712
608717,Chris Stratton,KCR,34.2,33.0,0.0,144.0,32.0,20.0,17.0,18.0,20.0,1.0,2.0,4.413462139206012,3.887633722604503,4.44610261169788,4.504819351156642,0.22222222,0.13888889,0.09217391,,90.96718400691253,97.06901086367387,91.80310617807629,46.75947648695652,49.71234231304348,0.16351248695652168
623211,Huascar Brazoban,MIA,17.0,11.0,0.0,76.0,18.0,13.0,10.0,12.0,10.0,2.0,0.0,5.294118909275132,3.166479778289795,4.322721776364326,4.196394248698551,0.23684211,0.13157895,0.13880126,,98.21340936665857,92.5106115020626,91.5065032759039,54.608432965299684,33.823724668769714,0.7546678233438485
677944,Slade Cecconi,ARI,57.1,12.0,11.0,241.0,48.0,61.0,37.0,37.0,11.0,3.0,12.0,5.80813976031114,4.945549614781496,4.519004214644341,4.233424583458204,0.19917012,0.04564315,0.08881579,,95.40720716847284,111.75468971354466,104.61893934895645,42.46782308114035,60.358785635964914,-0.6434110526315789
687424,Anthony Maldonado,MIA,12.0,10.0,1.0,49.0,7.0,12.0,5.0,5.0,3.0,0.0,1.0,3.7500003259629295,3.833146502905427,5.1438265933522045,4.968903499716622,0.14285714,0.06122449,0.14444444,,93.82348563985981,93.79434185647875,89.95463077660831,44.06745250000001,53.36491555555555,0.3798088888888889
622253,Dillon Tate,BAL,29.1,26.0,0.0,125.0,20.0,27.0,11.0,13.0,9.0,4.0,1.0,3.375000499485304,3.5755707479243775,4.421032582897211,4.091776636014893,0.16,0.072,0.0794702,,107.21757378162675,91.77694939718117,99.31692358634744,49.844166732891836,44.144075695364236,0.15652399558498895
642629,Emmanuel Ramirez,MIA,9.1,7.0,0.0,35.0,9.0,5.0,1.0,1.0,1.0,1.0,0.0,0.9642858456592349,1.8807653174108152,3.5007745447858425,2.8872058150962725,0.25714286,0.02857143,0.13953488,,98.75116279069769,102.07441860465116,100.07565891472866,59.66667124031007,53.638182170542635,-0.27133744186046516
641941,Emilio Pagan,CIN,20.1,22.0,0.0,87.0,26.0,21.0,10.0,11.0,7.0,0.0,4.0,4.426230265068516,4.199266840139115,3.5009164005043165,3.053999798663698,0.29885057,0.08045977,0.14501511,,103.87132224271197,104.28681013850196,105.29146819947422,54.18259776435046,63.01188435045319,-0.5495298791540785
687792,DJ Herz,WSN,21.1,5.0,5.0,99.0,27.0,25.0,13.0,14.0,7.0,1.0,5.0,5.484375326894243,4.807104876078672,3.886491642455346,3.6176619486977355,0.27272727,0.07070707,0.1285347,,96.88989872325726,98.73681600955314,94.08765683724582,49.84728133676093,47.87401467866324,0.33072979434447297
605130,Scott Barlow,CLE,33.2,39.0,0.0,142.0,47.0,25.0,13.0,13.0,18.0,1.0,4.0,3.475248350239898,3.6120244385769613,3.055514948076928,3.161043853124424,0.33098592,0.12676056,0.15692821,,103.84906873438702,86.81431460567426,92.71188718054657,56.20119540901505,38.956789165275474,0.0645137562604341
547001,Cody Poteet,NYY,21.0,4.0,4.0,82.0,13.0,15.0,5.0,6.0,7.0,1.0,2.0,2.142857240170853,4.309336973047584,4.439249346481372,4.885788867259558,0.15853659,0.08536585,0.06097561,,89.24400300918595,104.43133671206843,96.52191954387075,38.454761463414634,50.936347317073164,0.31107658536585364
624522,Keegan Thompson,CHC,18.0,13.0,0.0,77.0,26.0,12.0,7.0,10.0,10.0,0.0,2.0,3.5000001854366825,3.388702012285775,3.204264563254372,3.2100470073229634,0.33766234,0.12987013,0.12654321,,97.15017479352262,98.40321286392302,97.58798485059354,50.644068827160496,55.9585312962963,-0.03290277777777784
672582,Angel Zerpa,KCR,30.1,36.0,0.0,132.0,27.0,32.0,12.0,13.0,10.0,1.0,3.0,3.5604406786694014,3.7598865580680285,3.670486587660172,3.5224122768039328,0.20454545,0.07575758,0.04743833,,106.91167491784488,97.36981255536634,104.8036459831656,48.304406337760895,61.888195464895624,-0.3832972485768501
656550,Grant Holmes,ATL,10.0,5.0,0.0,36.0,9.0,8.0,2.0,2.0,1.0,0.0,0.0,1.8,1.666479778289795,2.573684822022915,2.6008409602527878,0.25,0.02777778,0.16666667,,91.96416666666666,96.99366666666667,90.48049999999999,47.422554999999996,51.019585916666664,0.2681210833333333
669330,Tyler Wells,BAL,15.1,3.0,3.0,67.0,13.0,18.0,10.0,11.0,3.0,0.0,3.0,5.869565339079428,4.6012624167314335,4.3257967594836995,4.220789012694995,0.19402985,0.04477612,0.11969112,,93.0117672867673,99.95678132678134,94.1324605124605,40.812665752895754,59.00877536679536,0.17378166023166022
669674,Sam Long,KCR,14.2,15.0,0.0,61.0,18.0,11.0,5.0,7.0,7.0,0.0,1.0,3.0681825995693544,3.030116107197824,3.4839418555631836,3.402652758183465,0.29508197,0.1147541,0.13559322,,101.09647792885082,86.66301406220897,88.82797355187184,50.07352440677965,43.046344279661014,0.5339987288135594
600917,Jose Leclerc,TEX,36.0,31.0,0.0,151.0,47.0,22.0,17.0,17.0,22.0,2.0,4.0,4.2500005875611455,3.999813226831196,3.983376719323951,3.7161173979653275,0.31125828,0.14569536,0.15336463,,102.39214617241717,93.40556122736841,97.00009870736119,53.38582287949923,43.24419561815336,0.43438234741784043
700363,AJ Smith-Shawver,ATL,4.1,1.0,1.0,18.0,4.0,3.0,0.0,0.0,2.0,0.0,0.0,0.0,2.7049412828930715,5.147416579815006,4.964988344170745,0.22222222,0.11111111,0.10344828,,107.73777777777778,84.65999999999998,84.9262962962963,49.12721,41.4102,0.5545
595345,Steven Okert,MIN,26.0,30.0,0.0,112.0,24.0,24.0,10.0,11.0,10.0,1.0,3.0,3.4615394257055803,4.089556958477949,4.45049048205362,4.10715255286553,0.21428571,0.08928571,0.11395349,,106.95163507083669,92.58848307939053,98.90727409783482,60.18844702325582,47.71181125581394,-0.0821174418604652
656924,Ryder Ryan,PIT,13.0,11.0,0.0,57.0,14.0,9.0,5.0,6.0,7.0,2.0,0.0,3.4615389694124326,3.08955669008063,5.066798742162296,4.175872198374019,0.24561404,0.12280702,0.09292035,,99.54513676588896,92.30003103091597,93.12508619698887,46.42303230088496,45.42737486725663,0.2568000442477875
663947,Tyler Holton,DET,42.1,31.0,1.0,166.0,34.0,29.0,19.0,20.0,9.0,4.0,5.0,4.039370771651201,4.016873624953206,4.05297685651079,3.7183567331594354,0.20481928,0.05421687,0.11287478,,100.76544794747008,101.59557407849432,101.0222278801059,49.79999453262786,57.46427636684303,-0.23621763668430343
642100,Gabe Speier,SEA,16.1,22.0,0.0,75.0,22.0,14.0,11.0,11.0,10.0,2.0,1.0,6.061226543177868,3.472602330975546,4.250407262175429,3.7293004607510745,0.29333333,0.13333333,0.14141414,,105.63773256373257,96.38667821067823,98.69584656084653,42.73770104377105,49.52667558922558,0.20975717171717168
669711,Greg Weissert,BOS,35.0,35.0,0.0,144.0,38.0,37.0,14.0,18.0,9.0,0.0,6.0,3.600000738757149,3.995051376892631,3.364888705582748,3.144481601747233,0.26388889,0.0625,0.08983051,,109.9946101694915,107.60757909604517,114.4939971751412,57.69237638983053,59.445670000000014,-0.6001052711864406
690829,Ben Joyce,LAA,11.1,10.0,1.0,50.0,10.0,10.0,5.0,5.0,6.0,1.0,0.0,3.9705890671039215,3.2547150908921045,3.7883652284133285,3.9318650034649867,0.2,0.12,0.12,,128.91279444444447,79.30862222222224,108.65111666666668,68.11513485,43.64777505,-0.11044100000000004
669212,Eli Morgan,CLE,11.2,11.0,0.0,49.0,8.0,10.0,3.0,4.0,5.0,0.0,0.0,2.3142860473175917,3.0807654802409954,5.543179524721637,5.361456278201481,0.16326531,0.10204082,0.10471204,,91.32753926701571,98.09683769633507,90.5109842931937,43.842570785340314,45.9929922513089,0.6283341361256545
608718,Brent Suter,CIN,44.2,33.0,3.0,185.0,34.0,44.0,19.0,21.0,8.0,1.0,7.0,3.828358610838488,4.285882880874148,4.110370825334844,3.872761907685,0.18378378,0.04324324,0.09129213,,104.92159405369911,100.15975270684373,105.94083258426969,53.704261432584254,50.429588820224716,0.1993763623595506
596001,Jakob Junis,MIL,11.0,4.0,1.0,43.0,10.0,8.0,3.0,3.0,3.0,1.0,1.0,2.4545454545454546,3.6210252328352497,3.8137601475824012,3.6940213769209977,0.23255814,0.06976744,0.13333333,,97.89719298245613,102.90578245614034,93.12208421052632,46.7185368,68.31512353333333,-0.7225629333333332
642528,Jonathan Loaisiga,NYY,4.0,3.0,0.0,20.0,3.0,7.0,0.0,0.0,1.0,0.0,0.0,0.0,2.416479778289795,3.1724839814007284,3.321316584014893,0.15,0.05,0.08196721,,133.4455737704918,95.43213114754097,125.90852459016394,73.41012606557376,62.14216573770491,-1.4345657377049181
668968,Hans Crouse,LAA,5.0,4.0,0.0,16.0,7.0,0.0,0.0,0.0,2.0,0.0,0.0,0.0,1.566479778289795,3.0784881845116616,2.3257876777648927,0.4375,0.125,0.17808219,,85.56923679060667,122.50136007827787,107.1030528375734,45.63798068493151,64.62550506849315,-0.036083150684931536
681892,Kody Funderburk,MIN,28.2,22.0,0.0,132.0,29.0,32.0,16.0,17.0,13.0,4.0,2.0,5.0232569750354745,3.829270629162531,3.9244390134232026,3.7027824598960337,0.21969697,0.09848485,0.10192308,,107.54666898390444,86.99748506961588,95.99488974029822,58.75304878378378,36.476191544401544,0.1130436872586873
500779,Jose Quintana,NYM,82.2,16.0,16.0,359.0,65.0,84.0,42.0,43.0,29.0,6.0,13.0,4.572580838581782,4.90841533584476,4.52848908952615,4.612258036385396,0.1810585,0.08077994,0.07505361,,86.53057160644353,102.16065410287308,92.23203051986725,36.884985924812035,46.02259832330827,0.6802152255639098
670280,David Bednar,PIT,31.1,34.0,0.0,134.0,32.0,28.0,18.0,19.0,7.0,2.0,5.0,5.170212995444784,4.0600968392308685,4.205385782473531,3.4753983780341158,0.23880597,0.05223881,0.13246269,,112.72345415778251,101.46502931769722,112.54965418443498,58.3313114738806,53.44990253731343,-0.47925873134328356
684320,Yariel Rodriguez,TOR,24.1,7.0,7.0,108.0,23.0,23.0,12.0,14.0,14.0,1.0,3.0,4.438356570263379,4.7281237567157985,4.492405307908303,4.847311048450005,0.21296296,0.12962963,0.10176991,,97.49743362831857,93.89938053097345,91.90238938053098,57.47726617848971,48.431877368421056,0.010483935926773434
689672,Drew Thorpe,CHW,20.1,4.0,4.0,87.0,13.0,13.0,10.0,12.0,12.0,0.0,2.0,4.426229577396417,4.936971609248362,5.294226611729479,5.840693674566444,0.14942529,0.13793103,0.09705882,,82.35546485275356,95.66282406543809,81.65690007397164,43.563752882352944,45.95915494117648,0.8671820588235294
669165,Kyle Hurt,LAD,6.2,3.0,1.0,27.0,3.0,8.0,1.0,2.0,1.0,0.0,0.0,1.350000128746045,2.716479735374447,4.077287430750862,4.729556119090862,0.11111111,0.03703704,0.14942529,,94.09942988505746,100.22676781609196,92.21085977011494,45.47948218390804,48.849600574712646,0.0991664367816092
641540,Dane Dunning,TEX,62.2,14.0,12.0,269.0,69.0,50.0,32.0,36.0,31.0,4.0,11.0,4.595745007233062,4.921799051885756,4.039296131140648,4.162234226925357,0.25650558,0.11524164,0.10540541,,89.938327027027,92.9915536036036,87.05253265765766,40.5403037027027,46.12541768468469,0.7560336576576576
674370,Osvaldo Bido,OAK,12.1,3.0,1.0,56.0,12.0,10.0,6.0,6.0,8.0,3.0,0.0,4.378378829788912,3.8962095832546138,5.612543626730646,4.924183731646245,0.21428571,0.14285714,0.12,,102.78871111111111,81.56284444444444,88.35928888888888,54.65095666666667,39.26669786666667,0.8013834666666667
547184,Michael Kelly,OAK,31.1,28.0,0.0,128.0,22.0,27.0,9.0,11.0,10.0,3.0,2.0,2.5851069034233003,3.8366926791773173,4.937129163983768,4.462223346710205,0.171875,0.078125,0.09361702,,107.33494984802432,94.08109810874701,97.95724214792303,46.02303257446808,50.31120793617021,0.047670595744680896
656641,Jacob Latz,TEX,32.2,35.0,0.0,141.0,30.0,26.0,12.0,14.0,18.0,1.0,3.0,3.3061234513731272,4.268520928747504,5.11122638446712,4.6417675606730135,0.21276596,0.12765957,0.12585034,,102.37434523809523,96.61409013605441,100.32630102040818,59.23303484693878,45.398240323129265,0.1733942006802721
598264,Matt Barnes,WSN,13.1,14.0,0.0,60.0,10.0,16.0,10.0,11.0,4.0,0.0,1.0,6.75000070407994,3.5414798174053472,4.607691277019389,4.326164085702592,0.16666667,0.06666667,0.08016878,,81.83902953586497,100.10631504922644,85.50715541490857,25.935190632911393,31.937268734177216,1.5132110126582277
676092,Collin Snider,SEA,7.0,7.0,0.0,26.0,6.0,6.0,2.0,2.0,2.0,0.0,0.0,2.5714285714285716,2.309336921146938,3.3893429255911283,3.683841508267082,0.23076923,0.07692308,0.1122449,,108.17699862637363,109.82331534536893,115.78433379120877,56.735532448979605,56.58870255102041,-0.6993086734693879
571927,Steven Matz,STL,27.2,6.0,6.0,127.0,17.0,37.0,19.0,22.0,11.0,2.0,3.0,6.180723246650422,4.756841315439612,5.205333599454169,5.400573283862779,0.13385827,0.08661417,0.07784431,,95.96766467065868,109.35317365269461,104.34950099800398,45.608693532934126,58.15212898203593,-0.23746500998003994
670955,Edwin Uceta,TBR,8.2,4.0,0.0,30.0,8.0,2.0,0.0,0.0,2.0,0.0,0.0,0.0,2.012633539797986,4.280646315511211,3.5766757511970932,0.26666667,0.06666667,0.16216216,,109.88793393393394,105.09111711711711,110.21304504504504,55.82098765765766,64.14713459459459,-0.4113233333333333
552640,Andrew Kittredge,STL,36.1,39.0,0.0,151.0,33.0,33.0,13.0,16.0,11.0,0.0,5.0,3.220184251348938,4.0472139325048895,3.7563598071778985,3.7124870359552844,0.21854305,0.07284768,0.13368984,,101.25757358753776,107.68662471259911,107.07896912862641,54.78704533820841,59.57302521023765,-0.5835551371115173
668674,Lucas Erceg,OAK,29.0,29.0,0.0,123.0,34.0,24.0,11.0,13.0,11.0,4.0,3.0,3.413793706865678,3.718204013742834,3.4682790223477937,3.1897308679462,0.27642276,0.08943089,0.13738739,,114.74099099099102,102.97364864864865,115.47054054054053,62.283240698198185,56.39905903153153,-0.647995855855856
656793,Nick Nelson,PHI,3.1,3.0,0.0,15.0,5.0,6.0,2.0,2.0,0.0,0.0,0.0,5.400000563263952,0.16647946536537717,1.9808897420893574,1.8782846427106705,0.33333333,0.0,0.07407407,,91.28111111111112,105.61555555555557,97.55444444444446,45.65665388888889,56.89732166666666,0.13392944444444443
675921,Spencer Howard,SFG,24.0,7.0,2.0,114.0,21.0,33.0,15.0,16.0,11.0,0.0,2.0,5.625000670552334,3.874813196063052,5.05949261328731,4.6659735055656535,0.18421053,0.09649123,0.11778846,,92.84126657824933,99.73093667108755,89.71993948938992,36.79091300480769,58.404875480769235,0.1565488221153846
693821,Bryce Elder,ATL,29.2,6.0,6.0,135.0,23.0,39.0,19.0,20.0,11.0,2.0,4.0,5.76404525264168,4.683333792142869,4.408555477885086,4.5182224165588485,0.17037037,0.08148148,0.09090909,,86.43821960325671,97.37259052674194,88.04354639917231,35.6791261508704,45.94643444874274,0.8421034235976789
656849,David Peterson,NYM,33.1,6.0,6.0,146.0,22.0,34.0,13.0,14.0,14.0,4.0,3.0,3.510000133895879,4.636479834365847,4.691206645493221,4.8436489494563375,0.15068493,0.09589041,0.08671587,,92.95516041613385,94.08722479540388,92.97366391892878,50.98533234317344,42.89328911439114,0.47023608856088556
641312,Shaun Anderson,- - -,8.2,4.0,2.0,52.0,7.0,23.0,11.0,15.0,1.0,1.0,1.0,11.423077800349791,3.7434028995195825,4.336953046025805,4.436946550218979,0.13461538,0.01923077,0.04907975,,83.71447852760737,108.84613496932516,100.64588957055214,52.54820490797547,60.75273546012269,-0.11366012269938651
683822,Naoyuki Uwasawa,BOS,4.0,2.0,0.0,16.0,3.0,2.0,1.0,1.0,2.0,0.0,0.0,2.25,3.166479778289795,5.056490286067128,4.894842365264893,0.1875,0.125,0.07936508,,87.11299372462163,86.57114064230343,72.28992986341822,42.86671253968254,42.0409234920635,1.1292338095238097
664350,Sixto Sanchez,MIA,35.2,14.0,7.0,162.0,17.0,43.0,24.0,29.0,14.0,3.0,3.0,6.056075041299733,4.736573307515652,5.296432992072967,5.422057460542465,0.10493827,0.08641975,0.0562701,,91.39449737927205,99.63307511715776,94.28687462141797,48.33416852090031,52.77439451768488,0.1750141479099678
678061,Ray Kerr,ATL,22.1,10.0,2.0,103.0,27.0,29.0,14.0,14.0,7.0,3.0,4.0,5.641791365995912,4.420211192955553,3.784399671182591,3.3860960036741465,0.26213592,0.06796117,0.16449086,,101.2354046997389,90.93618798955613,91.51744125326371,39.60702255874673,39.27663417754569,0.898323681462141
655889,Manuel Rodriguez,TBR,9.2,9.0,0.0,46.0,9.0,11.0,3.0,6.0,4.0,2.0,0.0,2.793103924758734,3.166479778289795,4.417797293456164,3.918826439519663,0.19565217,0.08695652,0.10857143,,104.15058412698413,87.43024126984129,90.75276190476191,57.48210525714286,45.67836211428572,0.38247382857142853
814005,Jake Bloss,HOU,3.2,1.0,1.0,18.0,2.0,6.0,2.0,2.0,1.0,0.0,0.0,4.909091760304496,2.8937524582728784,6.192680462048389,5.894173523742671,0.11111111,0.05555556,0.1,,91.95772151898734,109.34126582278482,102.48886075949368,50.15593,63.15614000000001,-0.27064
663546,Sean Hjelle,SFG,40.2,27.0,0.0,165.0,40.0,36.0,16.0,18.0,6.0,2.0,6.0,3.5409840978752802,3.70746345990963,2.6817633606080826,2.426484680157979,0.24242424,0.03636364,0.0880829,,106.54611237467198,108.52491218625931,111.61547041099375,47.648608531951645,64.62559620034543,-0.369937115716753
641771,Chad Kuhl,CHW,11.0,4.0,1.0,48.0,14.0,9.0,6.0,6.0,7.0,0.0,1.0,4.909091334697666,3.7119343710339803,3.7672139809172114,3.986309587040951,0.29166667,0.14583333,0.07009346,,95.17140186915888,79.15018691588784,77.59859813084111,45.035525560747665,34.06517331775701,1.259131261682243
676596,Josh Fleming,PIT,25.1,21.0,2.0,112.0,16.0,30.0,13.0,17.0,10.0,1.0,2.0,4.618421849492982,4.232269435865098,4.519013627585178,4.544841347620286,0.14285714,0.08928571,0.08101852,,100.18557591248721,96.6736809466215,99.94908435467399,47.163705694444445,43.33600618055555,0.4264079166666668
663567,Peter Lambert,COL,32.0,15.0,3.0,147.0,26.0,36.0,23.0,23.0,18.0,2.0,3.0,6.468750590400359,4.635229912342051,4.928488345329501,4.991600916109493,0.17687075,0.12244898,0.09625668,,91.31588741484153,91.05806524529247,85.28201785316348,42.56205235294117,41.27448661319073,1.0311378074866309
657571,Caleb Ferguson,NYY,26.0,33.0,0.0,121.0,32.0,27.0,16.0,19.0,13.0,2.0,3.0,5.538463512822014,3.935710821737297,4.005873422440914,3.6497898069723065,0.26446281,0.10743802,0.11087866,,103.04080598987007,97.2988835058357,95.06174190706892,54.29937838427948,62.94984032751091,-0.49094288209606984
694361,Will Klein,KCR,5.2,5.0,0.0,27.0,6.0,10.0,4.0,4.0,2.0,0.0,0.0,6.352941956074688,2.1076561189440137,3.17495630136896,3.4309814865376773,0.22222222,0.07407407,0.07920792,,97.72373408769448,109.21620933521923,113.43203677510608,52.63698346534653,61.92473643564355,-0.3305425742574257
605483,Blake Snell,SFG,23.2,6.0,6.0,119.0,31.0,32.0,25.0,26.0,14.0,1.0,4.0,9.507042892015678,4.645353117047789,4.237025006844643,4.214945237836963,0.2605042,0.11764706,0.12524462,,96.48857294339261,98.74620619494011,103.84707255727012,55.86238782778865,37.80759857142857,-0.7252997064579256
607536,Kyle Freeland,COL,28.1,6.0,6.0,135.0,16.0,40.0,25.0,27.0,11.0,1.0,4.0,7.941176826978653,5.142950455226704,5.335526443978608,5.399968426546366,0.11851852,0.08148148,0.07792208,,88.56527920941711,101.28707449702353,94.51183440103208,40.31327883116884,54.787481839826846,0.24847545454545458
471911,Carlos Carrasco,CLE,70.0,14.0,14.0,302.0,54.0,75.0,41.0,43.0,23.0,5.0,11.0,5.271428715063605,4.866479824611121,4.400431435543685,4.498350412150797,0.17880795,0.07615894,0.09596413,,85.0246727256518,94.55553778109152,83.34254341641409,44.57260104932736,46.87228539910315,0.5759246098654708
657240,Julian Merryweather,CHC,4.2,4.0,0.0,21.0,6.0,4.0,1.0,1.0,2.0,1.0,0.0,1.9285717036347392,2.523622543744882,4.143631781465633,3.3726247804572966,0.28571429,0.0952381,0.15584416,,105.20675324675325,89.26103896103896,94.67766233766234,53.6204812987013,37.244997142857144,0.33746740259740265
694037,Daniel Palencia,CHC,11.0,7.0,0.0,52.0,12.0,11.0,8.0,9.0,8.0,1.0,0.0,6.545454545454546,3.4392070510170676,4.676304837925867,4.465436179870716,0.23076923,0.15384615,0.10447761,,109.4838737347744,83.84435409161092,96.16772002058674,54.89967348258707,41.76200189054726,0.12463845771144272
683627,Anthony Molina,COL,33.0,18.0,1.0,144.0,18.0,38.0,22.0,23.0,14.0,1.0,2.0,6.000000536441851,4.227085933721435,4.767941854212091,4.948416051338194,0.125,0.09722222,0.06304729,,91.13417187890917,100.55655178884165,94.86248373780336,31.61710725378788,44.51032482954545,0.7352117045454545
622250,Josh Sborz,TEX,5.1,7.0,0.0,25.0,5.0,6.0,1.0,2.0,3.0,0.0,0.0,1.6875004400500313,2.9789797293953475,3.8294846796815962,4.145234684014892,0.2,0.12,0.10280374,,99.3392523364486,95.14560747663553,97.92859813084111,50.627715327102806,33.73359140186916,0.6988710280373832
671345,Jason Foley,DET,29.1,32.0,0.0,121.0,23.0,26.0,9.0,12.0,9.0,1.0,3.0,2.7613641544484757,3.9505708344912143,4.012760401886115,3.906675609621943,0.19008264,0.07438017,0.09411765,,105.27779095022625,103.19224893581365,107.66319071560245,49.40828419753086,58.320753580246915,-0.4267353333333334
686993,Justin Sterner,TBR,4.0,2.0,0.0,19.0,4.0,5.0,1.0,2.0,1.0,0.0,0.0,2.25,1.916479778289795,4.562494489178062,3.7184520742030895,0.21052632,0.05263158,0.15625,,109.8965625,105.264375,114.39125000000001,58.3849475,78.40782687500001,-1.235810625
672578,Carlos Hernandez,KCR,9.0,10.0,0.0,38.0,6.0,8.0,2.0,3.0,4.0,0.0,0.0,2.0000004503463065,3.166479778289795,5.854495327953026,5.153278944835153,0.15789474,0.10526316,0.07594937,,111.3712658227848,101.06759493670886,112.94759493670884,59.40486006329114,55.55925120253164,-0.4661708227848101
656638,Alex Lange,DET,18.2,21.0,0.0,90.0,21.0,16.0,9.0,16.0,17.0,2.0,0.0,4.3392868250592285,3.9700514125600224,5.18505847857805,5.220963764371824,0.23333333,0.18888889,0.1193634,,100.69985752178856,90.64149829480863,96.34775975748389,60.116942095490714,31.26781265251989,0.9181539257294431
643338,Chad Green,TOR,19.2,20.0,0.0,73.0,18.0,14.0,3.0,3.0,4.0,0.0,3.0,1.3728814689687143,3.9291917054946364,3.5606582784052097,3.2596545855042134,0.24657534,0.05479452,0.12292359,,102.47968992248062,97.48513842746401,98.79774086378738,52.42597290780142,51.76464535460994,-0.04721297872340422
681190,Randy Vasquez,SDP,51.2,11.0,11.0,231.0,32.0,73.0,28.0,31.0,13.0,2.0,10.0,4.87741959491457,5.314866980811689,4.8180007633738695,4.944742975894642,0.13852814,0.05627706,0.08378088,,102.44721345585734,97.36267227198965,98.91826975206001,51.46451911922663,53.35132308270676,-0.060471858216971
656288,Griffin Canning,LAA,93.2,17.0,17.0,404.0,63.0,93.0,49.0,53.0,32.0,6.0,16.0,4.708185181212108,5.259006525495176,4.943173690594562,4.9735572908206525,0.15594059,0.07920792,0.09687906,,86.19898690647956,103.53350460354699,94.62935221745174,46.9458405916775,47.817423732119636,0.6261522171651496
668338,Tyson Miller,- - -,29.1,25.0,0.0,109.0,28.0,16.0,7.0,8.0,4.0,2.0,5.0,2.1477276647718155,4.08693449176343,3.726672015455506,3.1315483798699884,0.25688073,0.03669725,0.14754098,,105.79059186714926,104.52923142431338,108.78330636576538,65.76328377803087,56.702921263514156,-1.1459683436527541
681432,Luke Little,CHC,23.2,26.0,1.0,97.0,26.0,12.0,10.0,11.0,17.0,3.0,1.0,3.802817836803136,4.053803940210527,4.335048063511167,4.393668361083419,0.26804124,0.17525773,0.09819121,,90.16020671834623,90.40310077519379,81.78821705426357,56.28718134366925,39.291002997416015,0.5201926873385012
686796,Blake Walston,ARI,12.2,3.0,2.0,56.0,11.0,9.0,4.0,4.0,9.0,3.0,0.0,2.842105619795149,4.271743074876797,6.062279570085412,5.541492240522761,0.19642857,0.16071429,0.07327586,,87.22413793103448,83.86146551724138,70.7128448275862,35.281231077586206,30.936526336206892,1.5655961206896551
671212,Joe Boyle,OAK,27.2,7.0,7.0,129.0,29.0,25.0,22.0,23.0,23.0,1.0,3.0,7.156626670484122,5.082142472914333,5.312031111449824,5.573817054976408,0.2248062,0.17829457,0.09009009,,101.53105670376257,82.63838600953895,85.83398028616854,61.48279659459459,30.41727762162162,0.8187018558558561
445926,Jesse Chavez,ATL,34.0,26.0,0.0,135.0,29.0,26.0,5.0,6.0,10.0,1.0,4.0,1.3235296055056103,3.9605975415931614,4.076606706522139,3.8169113152070997,0.21481481,0.07407407,0.0749543,,95.99478366849478,101.93304619134673,97.18175502742231,36.802961023766,41.85941716636198,0.6027568555758684
700249,Cade Povich,BAL,26.2,5.0,5.0,114.0,17.0,23.0,12.0,12.0,10.0,2.0,4.0,4.050000241398826,5.191479898989208,5.679593483115805,5.346179450495189,0.14912281,0.0877193,0.08189655,,95.53060344827587,99.25163793103447,95.85228448275863,45.245068297413795,54.691457586206894,0.07094935344827585
687911,Bryan King,HOU,4.1,4.0,0.0,17.0,4.0,2.0,1.0,1.0,1.0,1.0,0.0,2.076923714939855,2.7049411749698273,4.7984919190169,3.594369224424706,0.23529412,0.05882353,0.07692308,,104.33723076923077,91.7083076923077,96.37938461538461,61.172768769230764,58.1831236923077,-0.421462
656848,Michael Petersen,LAD,7.2,5.0,0.0,29.0,5.0,3.0,1.0,1.0,4.0,0.0,0.0,1.173913149955377,3.427349367168768,5.399534423732013,5.286079850871924,0.17241379,0.13793103,0.09174312,,96.27357798165137,114.01816513761467,106.722752293578,49.688508440366974,62.45658027522936,-0.37953082568807345
612434,Miguel Castro,ARI,8.2,8.0,0.0,39.0,6.0,12.0,5.0,5.0,1.0,0.0,1.0,5.192309287349638,3.628018381609763,3.8726435408590945,3.950346447298074,0.15384615,0.02564103,0.08917197,,101.2633462099973,106.11638150172975,108.57583100198467,59.959274904458596,54.599678598726115,-0.5220830573248407
622503,Nabil Crismatt,LAD,7.0,5.0,0.0,26.0,6.0,7.0,2.0,3.0,0.0,0.0,1.0,2.5714285714285716,3.309336921146938,2.7482012693371094,2.747323767666372,0.23076923,0.0,0.10752688,,89.58008960573477,112.69094086021505,104.52759856630826,53.67874086021506,62.80355731182796,-0.6935084946236559
621242,Edwin Diaz,NYM,23.0,23.0,0.0,95.0,33.0,20.0,12.0,14.0,7.0,1.0,5.0,4.695652386867266,4.166479823641158,2.720922215937901,2.4086456439298134,0.34736842,0.07368421,0.15696203,,111.70845569620252,102.13473417721518,118.5886582278481,72.64483443037973,49.5775100506329,-0.43191944303797475
628708,Yunior Marte,PHI,14.1,13.0,0.0,64.0,14.0,14.0,5.0,7.0,5.0,0.0,2.0,3.1395351752969507,4.073456606708914,3.2089036652063223,3.512899005889893,0.21875,0.078125,0.08196721,,103.71053016503836,106.04732599216206,112.2127507313573,54.72872336065573,54.97249012295082,-0.4375480737704919
680704,Nick Sandlin,CLE,28.1,33.0,0.0,118.0,30.0,16.0,11.0,11.0,12.0,4.0,3.0,3.4941186932877106,4.119421240095535,4.77082094466243,3.848665019120146,0.25423729,0.10169492,0.17211329,,102.83903400956343,91.57049401578813,95.16803599015368,59.45680771241831,41.928244139433545,0.17703455337690635
687922,Easton Lucas,OAK,3.2,3.0,0.0,23.0,6.0,8.0,6.0,7.0,3.0,0.0,0.0,14.727275280913489,2.348297818239046,4.822493821070679,4.05455894498799,0.26086957,0.13043478,0.08,,108.04138666666665,98.82613999999998,105.18701333333334,54.2622609,50.6186152,0.022814799999999982
642232,Ryan Yarbrough,- - -,55.2,24.0,0.0,226.0,28.0,38.0,18.0,19.0,18.0,7.0,5.0,2.910179876499844,4.6754619364749,5.273316111938271,5.0372971742929495,0.12389381,0.07964602,0.09199522,,109.69614430298134,96.87984111163713,100.57593711162747,40.33175454198473,52.594135050890586,0.1175626844783715
672552,Jack O'Loughlin,OAK,7.0,3.0,0.0,30.0,3.0,6.0,0.0,0.0,3.0,0.0,0.0,0.0,3.59505126889872,5.323061126146001,5.38702908489486,0.1,0.1,0.07894737,,87.39141945773525,78.69606060606061,64.69360446570973,36.69769701754385,26.44227210526316,2.005318421052632
663878,Nate Pearson,TOR,32.0,34.0,0.0,144.0,41.0,34.0,19.0,20.0,13.0,2.0,6.0,5.343751035165242,4.447730026487309,3.7112393408175457,3.2562542502074967,0.28472222,0.09027778,0.10892857,,113.92356682027652,90.80137672811061,104.30907834101383,59.279529263351755,45.87588729281767,-0.2559333333333333
686654,Ty Adcock,NYM,1.2,1.0,0.0,6.0,1.0,1.0,0.0,0.0,0.0,0.0,0.0,0.0,1.9664793205259485,3.7808901001349726,4.078923535292448,0.16666667,0.0,0.13043478,,95.09217391304347,74.35217391304347,72.14260869565217,53.43687,28.75912,1.72179
670810,Logan Gillaspie,SDP,2.2,2.0,0.0,11.0,4.0,2.0,0.0,0.0,0.0,1.0,0.0,0.0,1.2914792893453164,2.4254858897269815,1.680365452393529,0.36363636,0.0,0.14893617,,99.66382978723402,100.32042553191488,93.33148936170214,44.581812127659575,63.82035914893617,-0.26739999999999997
678692,Ronny Henriquez,MIN,3.0,2.0,0.0,12.0,3.0,2.0,0.0,0.0,1.0,0.0,0.0,0.0,2.1664797782897955,4.686493788659574,4.004041580443392,0.25,0.08333333,0.12068966,,84.30793103448276,108.80724137931034,102.60758620689654,53.1047674137931,55.8580274137931,0.658509827586207
657265,Peter Strzelecki,CLE,5.2,4.0,0.0,22.0,3.0,5.0,0.0,0.0,1.0,1.0,0.0,0.0,3.166479778289795,4.233779949488379,4.093915036388896,0.13636364,0.04545455,0.07317073,,93.31899928263988,93.93245337159253,87.7489287422286,54.68724073170732,48.97779243902439,0.281664756097561
688297,Chris Roycroft,STL,15.2,13.0,0.0,69.0,15.0,15.0,5.0,6.0,8.0,1.0,1.0,2.872341088495455,3.8047777979554516,3.843591146658417,3.875277489238935,0.2173913,0.11594203,0.099631,,112.64376779870804,105.74150683467201,112.91686528839068,60.46272250922509,51.10314612546125,-0.9503883025830258
622065,Alex Young,CIN,2.0,3.0,0.0,10.0,2.0,4.0,0.0,0.0,0.0,0.0,0.0,0.0,1.1664787352079675,2.67848793000408,2.4740690840148925,0.2,0.0,0.1875,,95.30187499999998,118.4975,107.39437500000001,38.9286996875,80.0,-1.33652
667725,Kyle Tyler,MIA,10.2,3.0,2.0,43.0,7.0,8.0,4.0,4.0,5.0,1.0,1.0,3.375000201165688,4.760229873284704,4.675486172899985,4.760059357826982,0.1627907,0.11627907,0.07784431,,77.96276055483968,105.99502463427575,90.1869248844084,43.53800467065868,39.36565401197605,0.7800979041916166
682175,Joe Jacques,BOS,1.2,1.0,0.0,9.0,2.0,3.0,1.0,1.0,0.0,1.0,0.0,5.400002059937309,2.566479549407872,3.473684939212384,2.107124149384053,0.22222222,0.0,0.09090909,,108.20969696969698,64.36727272727272,66.34060606060605,56.29241,20.0,1.45849
642239,Rob Zastryzny,MIL,1.0,1.0,1.0,3.0,0.0,0.0,0.0,0.0,0.0,0.0,0.0,0.0,3.166479778289795,4.678488184511662,6.401729084014892,0.0,0.0,0.0,,100.82799999999999,106.40799999999999,101.07400000000001,59.20563,59.19838,-1.12756
642028,Josh Rogers,COL,9.1,5.0,0.0,42.0,2.0,12.0,7.0,7.0,2.0,2.0,0.0,6.7500017170931725,4.02362285347623,6.6156379235097305,6.064784642603789,0.04761905,0.04761905,0.04225352,,85.83704225352113,101.95352112676056,90.18985915492958,30.493869647887326,28.315334929577464,-0.8758030281690142
621053,Tyler Ferguson,OAK,10.0,9.0,0.0,43.0,10.0,7.0,5.0,6.0,7.0,1.0,0.0,4.5000008985402,3.566479858160035,4.171283341413256,4.495678782246513,0.23255814,0.1627907,0.06111111,,114.03390277777777,96.13566666666668,104.95896296296294,58.423463444444444,57.29011944444445,-0.4684881666666666
543475,Jordan Lyles,KCR,5.0,5.0,0.0,19.0,3.0,2.0,0.0,0.0,2.0,0.0,0.0,0.0,3.166479778289795,5.585693228244782,5.096152904853738,0.15789474,0.10526316,0.15277778,,82.41722222222222,93.6911111111111,80.73583333333335,41.22344111111111,44.32547,0.7813534722222221
663989,Nick Vespi,BAL,11.1,10.0,0.0,45.0,7.0,10.0,4.0,4.0,2.0,0.0,1.0,3.176470677332897,3.6076562612526972,4.061547527630687,4.094598717715174,0.15555556,0.04444444,0.11184211,,99.31394736842105,96.74486842105263,98.49131578947369,46.99257510638297,47.57774581560284,0.039942695035461
606930,Jacob Barnes,WSN,29.2,27.0,0.0,121.0,21.0,27.0,13.0,14.0,8.0,0.0,4.0,3.9438205865684655,4.312547299172939,4.2926018752601225,4.26238613671112,0.17355372,0.0661157,0.12603306,,102.84000869199237,101.43147944780479,103.522924593431,53.079042458677684,44.892467933884305,-0.1261555785123967
664351,Luis Contreras,HOU,2.1,3.0,0.0,8.0,1.0,1.0,0.0,0.0,0.0,0.0,0.0,0.0,2.30933679342268,4.90135159032904,4.958791584014893,0.125,0.0,0.10344828,,105.78321687507895,109.19829026146269,112.72480282935456,51.406533448275866,33.70905931034483,0.45182965517241375
677020,Josh Walker,NYM,12.1,10.0,0.0,55.0,11.0,13.0,7.0,7.0,6.0,0.0,1.0,5.10810907911106,3.896209646734232,4.558489585095414,4.370985612777636,0.2,0.10909091,0.10232558,,95.19339534883721,91.17283720930233,90.43283720930232,49.12964725581395,35.14665879069767,0.7752177209302326
700669,Gordon Graceffo,STL,4.1,1.0,0.0,18.0,4.0,3.0,1.0,1.0,2.0,0.0,0.0,2.076923229285257,2.7049412828930715,4.449566494980168,4.2111735296188915,0.22222222,0.11111111,0.11940299,,83.22388059701493,93.23880597014926,83.55283582089552,42.7069,36.07247,1.13738
666201,Alek Manoah,TOR,24.1,5.0,5.0,103.0,26.0,17.0,10.0,16.0,8.0,4.0,5.0,3.6986303302623975,5.180178513654878,4.186653542613429,3.8447744173451395,0.25242718,0.0776699,0.12436548,,87.3228145518262,91.2327108305251,78.78592362052201,48.118523299492395,43.802764340101525,0.5836918020304569
623474,Jimmy Herget,ATL,7.1,5.0,0.0,31.0,6.0,8.0,3.0,3.0,2.0,0.0,1.0,3.681818341420709,4.121025274213682,5.028676579134434,4.464835222445098,0.19354839,0.06451613,0.125,,98.10733333333334,94.82233333333333,91.91966666666664,40.81193725,27.648339,0.32806583333333333
656354,Austin Davis,SDP,2.0,2.0,0.0,8.0,3.0,0.0,0.0,0.0,1.0,1.0,0.0,0.0,3.166479778289795,4.678488184511662,2.8397759590148928,0.375,0.125,0.11764706,,99.67294117647059,81.74058823529411,79.75,54.32601352941177,23.963550588235293,1.3157311764705881
691172,Yosver Zulueta,CIN,3.0,1.0,0.0,12.0,4.0,1.0,1.0,1.0,2.0,0.0,0.0,3.0,2.499813111623129,3.0038159136970846,3.310062409679226,0.33333333,0.16666667,0.01960784,,118.01764705882354,51.392941176470586,75.0992156862745,58.28122,26.95876,1.7316899999999997
608648,Tyler Duffey,KCR,9.0,9.0,0.0,42.0,10.0,7.0,5.0,5.0,8.0,1.0,0.0,5.000001688798839,3.9442578187696142,5.792268717224307,5.303667852397498,0.23809524,0.19047619,0.08465608,,91.18624338624339,101.74021164021163,95.07650793650794,42.99879455026455,53.93193063492063,0.19664719576719583
663687,Hogan Harris,OAK,39.2,8.0,6.0,169.0,31.0,38.0,14.0,18.0,14.0,2.0,6.0,3.1764707155175858,4.779925221092379,4.795667334081248,4.660146887487268,0.18343195,0.08284024,0.08296296,,99.61315555555557,99.84260740740743,99.2009185185185,57.01220127407407,58.20366752592592,-0.36303306666666674
694363,Jared Shuster,CHW,34.1,17.0,0.0,145.0,21.0,30.0,12.0,12.0,16.0,0.0,3.0,3.1456313646753506,4.477159513571191,5.41107402183122,5.297182347713216,0.14482759,0.11034483,0.0957265,,83.57292307692309,103.00218803418804,90.51152136752137,37.00590382905983,44.594771606837604,0.65892052991453
665896,Jose Marte,LAA,6.0,5.0,0.0,24.0,3.0,3.0,1.0,2.0,3.0,0.0,0.0,1.5000002458692,3.666479860246195,4.92648707196236,5.071854084014892,0.125,0.125,0.07777778,,107.89822222222223,80.00222222222223,90.26488888888889,55.309484777777776,36.62510555555556,0.6801014444444444
672851,Joan Adon,WSN,4.0,1.0,1.0,18.0,2.0,3.0,1.0,1.0,3.0,0.0,0.0,2.25,4.416479778289795,4.794481879845262,5.9898278401524605,0.11111111,0.16666667,0.02777778,,88.24371428571429,91.42771428571427,82.722,38.87691,48.45539,0.46706999999999993
665625,Elvis Peguero,MIL,34.1,33.0,0.0,149.0,30.0,37.0,11.0,13.0,16.0,2.0,3.0,2.883495592826095,4.127644975898494,4.1807778084491485,4.112428834273904,0.20134228,0.10738255,0.12825279,,107.60107415378599,96.90375034239875,104.60945822735277,59.20118828996284,48.212229721189594,-0.10612563197026023
676568,Ricky Vanasco,LAD,2.0,1.0,0.0,6.0,1.0,0.0,0.0,0.0,0.0,0.0,0.0,0.0,2.166479778289795,2.9224839814007284,2.676173537199615,0.16666667,0.0,0.15,,95.25684210526316,109.96,106.7,50.40803,68.9254,-0.07822
668472,Nick Pratto,KCR,1.0,1.0,0.0,4.0,1.0,1.0,0.0,0.0,0.0,0.0,0.0,0.0,1.166479778289795,2.6784881845116617,2.7268540840148927,0.25,0.0,0.13333333,,83.9,99.26,78.94,20.0,20.0,2.7814
676961,Caleb Boushley,MIN,2.0,1.0,0.0,10.0,1.0,3.0,2.0,2.0,1.0,0.0,0.0,9.0,3.666479778289795,6.690496590733528,5.833539084014893,0.1,0.1,0.03225806,,82.32903225806452,105.49419354838709,94.07806451612903,42.49898,33.53918,1.27924
628317,Kenta Maeda,DET,59.1,14.0,14.0,254.0,45.0,65.0,38.0,40.0,19.0,1.0,12.0,5.76404525264168,5.290075397684099,4.801458058965516,4.77310709486941,0.17716535,0.07480315,0.09082218,,88.38918402899407,99.55742141045542,92.76345365147641,43.874698726053644,46.90481207854406,0.3621586302681992
687014,Nick Avila,SFG,11.2,8.0,0.0,55.0,14.0,17.0,11.0,12.0,3.0,0.0,2.0,8.485714791502302,3.766479814052584,3.611519904777671,3.3417591671744096,0.25454545,0.05454545,0.10666667,,95.0734222222222,102.8208,94.30613333333334,37.888337155555554,47.02248768888889,0.49955875555555557
666808,Camilo Doval,SFG,32.2,34.0,0.0,151.0,42.0,30.0,16.0,18.0,22.0,0.0,3.0,4.4081637733730945,3.809336995240038,3.680036776554859,3.8782943670718866,0.2781457,0.14569536,0.15705128,,112.65951379502852,93.19316273187596,110.56732350982351,60.12916572115384,42.66255604166666,-0.15855028846153837
598286,Nick Ramirez,LAD,9.1,6.0,0.0,39.0,3.0,9.0,4.0,4.0,5.0,0.0,0.0,3.8571429885163644,4.130765525418886,5.7507745872623515,6.129530540694985,0.07692308,0.12820513,0.09401709,,98.85948717948718,76.12786324786325,79.05094017094017,46.26970427350427,40.443039829059835,0.6645938461538462
642520,Gerson Garabito,TEX,5.2,3.0,1.0,25.0,5.0,4.0,1.0,1.0,5.0,0.0,0.0,1.588235472312868,4.048832818463611,5.116132989662194,6.053367657717377,0.2,0.2,0.07317073,,89.82943089430894,101.13154471544716,90.05463414634146,47.15770585365854,50.56035089430895,0.16785666666666668
621363,Colin Poche,TBR,20.0,21.0,0.0,78.0,16.0,14.0,7.0,7.0,6.0,0.0,3.0,3.1500004834682493,4.416479970142275,4.280890036797906,4.064800080828105,0.20512821,0.07692308,0.08455882,,94.06676470588233,108.72860294117649,106.83161764705883,46.150717316176475,47.120791838235284,0.4157686764705882
685107,Anthony Veneziano,KCR,2.0,2.0,0.0,11.0,2.0,4.0,1.0,2.0,1.0,0.0,0.0,4.5,2.666479778289795,4.178488184511662,4.109043133226116,0.18181818,0.09090909,0.08888889,,96.15555555555555,74.96088888888889,68.7688888888889,47.752678888888894,41.903384888888894,1.3029275555555555
675650,Michael Mercado,PHI,1.0,1.0,0.0,3.0,1.0,0.0,0.0,0.0,0.0,0.0,0.0,0.0,1.166479778289795,2.6784881845116617,1.8782846427106705,0.33333333,0.0,0.06666667,,115.196,98.036,99.132,43.02182,51.29692,0.25679
673929,Jordan Leasure,CHW,28.2,30.0,0.0,124.0,26.0,23.0,13.0,13.0,17.0,1.0,3.0,4.08139588488016,4.596712524273441,5.082304246809411,4.767904422997555,0.20967742,0.13709677,0.11919192,,97.97339797979797,91.32945454545454,90.94259393939394,53.5857653939394,41.209580848484855,0.27608703030303033
643361,Kevin Herget,MIL,8.2,5.0,0.0,33.0,7.0,4.0,2.0,2.0,3.0,0.0,1.0,2.0769232435692127,4.089556775431667,4.159719356753242,4.071772233070643,0.21212121,0.09090909,0.11304348,,96.62167992599446,87.85050508788159,80.41949676225717,42.83091,47.886744,0.694916347826087
674285,Eduardo Salazar,LAD,2.0,1.0,0.0,10.0,3.0,3.0,0.0,1.0,2.0,0.0,0.0,0.0,3.166479778289795,3.166479778289795,4.535529084014893,0.3,0.2,0.08695652,,96.60088888888889,110.15111111111109,110.45866666666667,50.56582,44.90376,0.2807
656266,J.B. Bukauskas,MIL,6.0,6.0,0.0,22.0,6.0,3.0,1.0,1.0,1.0,0.0,1.0,1.500000499189066,3.8331466668182688,2.9264867036067646,2.775125782453653,0.27272727,0.04545455,0.15909091,,98.3931818181818,99.7409090909091,98.01931818181816,42.354167045454545,46.7508159090909,0.3867219318181819
680572,Adam Kloffenstein,STL,1.0,1.0,0.0,3.0,0.0,0.0,0.0,0.0,0.0,0.0,0.0,0.0,3.166479778289795,6.190496590733528,7.347395748822226,0.0,0.0,0.0,,116.27333333333334,75.348,100.84266666666666,21.99205,31.43155,1.4696
666149,Tyler Fitzgerald,SFG,3.0,3.0,0.0,14.0,0.0,6.0,3.0,3.0,0.0,0.0,0.0,9.0,3.1664797782897955,6.694499392807485,7.092933161997954,0.0,0.0,0.0,,52.76222222222222,96.43944444444443,57.01555555555555,20.0,54.81823138888889,1.9916494444444441
675911,Spencer Strider,ATL,9.0,2.0,2.0,42.0,12.0,10.0,7.0,7.0,5.0,0.0,2.0,7.0,5.0553686671786835,4.014490052560966,3.9745850998094787,0.28571429,0.11904762,0.16853933,,107.35797752808989,102.33865168539324,107.13067415730336,53.54772426966293,54.81659865168539,-0.024084831460674132
519293,Will Smith,KCR,26.2,30.0,0.0,115.0,17.0,26.0,14.0,15.0,9.0,1.0,3.0,4.725000857217393,4.478980016405737,5.624694724995896,5.186103911206074,0.14782609,0.07826087,0.11056511,,96.02970352170351,99.63090581490583,96.76566748566748,42.00529955773956,54.292347764127776,0.4374837100737101
642701,Dennis Santana,- - -,30.2,27.0,0.0,133.0,21.0,33.0,25.0,25.0,12.0,1.0,3.0,7.336958121272797,4.3403930776934425,5.139448243025781,4.823434605671124,0.15789474,0.09022556,0.10159363,,106.54753226487986,94.82183909815284,100.4675662501509,51.83758962151394,47.88046414342629,0.04451472111553783
650489,Willi Castro,MIN,1.1,2.0,0.0,4.0,0.0,0.0,0.0,0.0,0.0,0.0,0.0,0.0,3.1664797782897955,5.434492979053125,6.034729084014892,0.0,0.0,0.0,,42.80800000000001,107.132,42.53466666666666,34.205198,80.0,-1.5801039999999997
664079,Tyler Jay,NYM,4.2,3.0,0.0,24.0,3.0,7.0,4.0,5.0,3.0,0.0,0.0,7.714286863804035,3.8093370169401313,5.105344415393311,4.742239502136683,0.125,0.125,0.1011236,,104.46134831460675,72.17393258426966,76.92292134831462,39.503936741573035,36.82464325842697,0.9452991011235955
669270,Joel Kuhnel,HOU,2.0,1.0,0.0,11.0,1.0,4.0,4.0,4.0,0.0,1.0,0.0,18.0,3.666479778289795,6.690496590733528,4.699588600742661,0.09090909,0.0,0.11538462,,81.13076923076923,99.65423076923078,90.40115384615386,43.409,44.01619,0.68698
664849,Danny Young,NYM,12.1,13.0,0.0,53.0,16.0,11.0,7.0,8.0,6.0,0.0,2.0,5.108109523468466,4.139453020855217,3.0121068098220465,3.202165184689399,0.30188679,0.11320755,0.16176471,,107.45875816993464,92.65879084967321,94.67980392156863,67.06052342541437,45.807310165745854,-0.13995745856353592
664901,Danny Mendick,CHW,1.0,1.0,0.0,4.0,0.0,2.0,0.0,0.0,0.0,0.0,0.0,0.0,3.166479778289795,4.678488184511662,3.6557290840148924,0.0,0.0,0.0,,52.19333333333334,113.464,57.686666666666675,20.0,20.0,3.99338
656814,Luis F. Ortiz,PHI,0.2,1.0,0.0,4.0,0.0,3.0,2.0,2.0,0.0,0.0,0.0,27.000028163224034,3.1664797782897955,3.1664797782897955,1.5437290840148923,0.0,0.0,0.2,,104.85272727272726,101.82727272727271,102.07272727272726,54.18462000000001,49.1598,-0.28124
690925,Clayton Beeter,NYY,1.0,1.0,0.0,3.0,0.0,1.0,0.0,0.0,0.0,0.0,0.0,0.0,3.166479778289795,4.678488184511662,4.722062419207559,0.0,0.0,0.0,,88.38,127.64,124.38,58.65995,80.0,-2.76789
656671,Josh Maciejewski,NYY,2.0,2.0,0.0,7.0,1.0,0.0,0.0,0.0,1.0,0.0,0.0,0.0,3.666479778289795,5.178488184511662,5.442627042445505,0.14285714,0.14285714,0.05263158,,92.64947368421053,97.65894736842104,87.46105263157894,42.967241052631586,64.35672263157895,-0.37417842105263166
642086,Dominic Smith,BOS,1.0,1.0,0.0,4.0,0.0,1.0,0.0,0.0,0.0,0.0,0.0,0.0,3.166479778289795,7.702504996955395,10.525729084014893,0.0,0.0,0.0,,71.94,134.36,105.22,20.0,20.0,2.19931
679845,Nick Loftin,KCR,1.0,1.0,0.0,3.0,0.0,1.0,0.0,0.0,0.0,0.0,0.0,0.0,3.166479778289795,3.166479778289795,2.3160624232535594,0.0,0.0,0.0,,31.762500000000003,97.86000000000001,37.605,20.0,20.0,4.17734
622766,Miguel Diaz,HOU,1.0,1.0,0.0,3.0,0.0,0.0,0.0,0.0,0.0,0.0,0.0,0.0,3.166479778289795,6.190496590733528,7.347395748822226,0.0,0.0,0.1,,93.97999999999999,106.09,105.58399999999999,51.49846,71.10618,-0.97661
663897,Luke Williams,ATL,1.0,1.0,0.0,3.0,0.0,0.0,0.0,0.0,0.0,0.0,0.0,0.0,3.166479778289795,6.190496590733528,7.347395748822226,0.0,0.0,0.0,,29.769090909090906,135.9127272727273,73.64727272727272,20.0,20.0,7.48191
666197,Grae Kessinger,HOU,1.0,1.0,0.0,3.0,0.0,0.0,0.0,0.0,0.0,0.0,0.0,0.0,3.166479778289795,6.190496590733528,7.347395748822226,0.0,0.0,0.0,,66.18,133.76,98.87999999999998,20.0,37.0012,2.26743
664129,Geoff Hartlieb,COL,9.0,5.0,0.0,44.0,7.0,13.0,9.0,10.0,4.0,0.0,1.0,9.000000953674418,4.388702130023358,4.960268954440136,4.707373186141713,0.15909091,0.09090909,0.10144928,,98.24439130434781,104.672884057971,100.64031884057972,53.90653260869565,48.35316956521739,0.015385434782608716
670223,Matt Mervis,CHC,0.2,1.0,0.0,9.0,0.0,7.0,6.0,6.0,0.0,0.0,0.0,81.0000844896721,3.1664797782897955,5.434494753346566,5.718655010317633,0.0,0.0,0.0,,21.195675675675684,137.45783783783784,66.15675675675676,20.0,49.89082,-0.11973
670102,Bowden Francis,TOR,33.2,13.0,3.0,148.0,29.0,37.0,20.0,22.0,10.0,2.0,6.0,5.3465349058838125,4.829846193453648,4.444193545569348,4.156010191917844,0.19594595,0.06756757,0.09591474,,100.6562924807578,99.29121091223756,99.01563647128481,48.19685523978686,54.3918069982238,-0.16454669626998225
676969,Brett de Geus,SEA,3.1,4.0,0.0,14.0,2.0,4.0,1.0,1.0,0.0,2.0,0.0,2.700000281631976,3.7664798408746787,5.127287548417664,3.8678821569555457,0.14285714,0.0,0.07142857,,106.02964285714286,101.94357142857143,112.89357142857145,52.669935499999994,65.983132,-0.778376
593934,Miguel Sano,LAA,0.1,1.0,0.0,1.0,0.0,0.0,0.0,0.0,0.0,0.0,0.0,0.0,3.1664797782897955,3.1664797782897955,-1.1832709159851076,0.0,0.0,0.33333333,,61.419999999999995,101.69333333333333,49.42666666666667,20.0,72.64501,0.76222
676775,Keaton Winn,SFG,55.1,12.0,12.0,238.0,48.0,56.0,44.0,44.0,20.0,4.0,9.0,7.156626801538209,4.847202739257102,4.071692079009211,4.264750408025002,0.20168067,0.08403361,0.11972634,,101.84348103435903,96.65933566433567,99.93637436110072,53.88220401368301,47.02318419612314,-0.06493116305587229
670219,Zac Kristofak,LAA,2.0,1.0,0.0,11.0,2.0,3.0,0.0,2.0,2.0,0.0,0.0,0.0,4.166479778289795,4.922483981400728,5.278365444408439,0.18181818,0.18181818,0.12820513,,89.98051282051281,82.82410256410257,76.76564102564102,42.71504,32.71778,1.45789
669395,Dylan Coleman,HOU,1.0,1.0,0.0,4.0,1.0,0.0,0.0,0.0,1.0,0.0,0.0,0.0,4.166479778289795,5.678488184511662,6.2161040840148925,0.25,0.25,0.0625,,98.97375,36.1575,32.415,53.12082,20.0,2.46173
593833,Wander Suero,HOU,0.0,1.0,0.0,1.0,0.0,1.0,0.0,1.0,0.0,0.0,0.0,0.0,3.166479778289795,3.166479778289795,,0.0,0.0,0.0,,115.9,136.14,157.51999999999998,50.0309,80.0,-4.71291
668390,Cole Winn,TEX,17.1,13.0,0.0,77.0,14.0,18.0,15.0,15.0,4.0,3.0,2.0,7.7884625517296096,4.2626337670517405,4.507258882979279,3.9795123539742607,0.18181818,0.05194805,0.11888112,,101.30804195804197,96.91090909090909,97.19055944055944,57.03771356643357,51.6527733916084,-0.08817622377622376
664948,Anthony Misiewicz,NYY,1.0,1.0,0.0,6.0,1.0,2.0,0.0,0.0,1.0,0.0,0.0,0.0,4.166479778289795,7.190496590733528,5.98386797026267,0.16666667,0.16666667,0.13333333,,109.768,94.352,103.58133333333333,42.50079,20.0,1.5663000000000002
670036,Matt Festa,NYM,1.0,1.0,0.0,8.0,1.0,4.0,4.0,5.0,1.0,0.0,0.0,36.0,4.166479778289795,5.678488184511662,5.650697834014892,0.125,0.125,0.14285714,,110.10714285714286,102.01714285714286,101.35285714285715,57.355309999999996,44.81506,-0.28897
670103,Raymond Burgos,SFG,1.0,1.0,0.0,7.0,1.0,3.0,1.0,1.0,1.0,0.0,0.0,9.0,4.166479778289795,5.678488184511662,4.378749489993627,0.14285714,0.14285714,0.04,,83.98400000000001,106.96,99.4944,41.36648,50.68874000000001,0.62978
607237,Amir Garrett,LAA,5.1,6.0,0.0,24.0,11.0,4.0,3.0,3.0,5.0,0.0,1.0,5.062501320150094,4.291480071656483,3.5549893366011576,3.3248019976839767,0.45833333,0.20833333,0.14423077,,107.89034340659342,78.73832417582418,89.99303571428572,31.920224615384615,37.757395,-0.9702087499999998
660825,Eduard Bazardo,SEA,14.2,11.0,0.0,59.0,17.0,11.0,13.0,13.0,7.0,0.0,2.0,7.97727362420574,4.052843514312655,3.207939486769324,3.3445863017233934,0.28813559,0.11864407,0.11023622,,103.7282939632546,91.42900637420321,93.85967379077616,46.32804637795275,38.45848783464567,-0.2630913779527559
669912,Kirby Snead,SEA,10.1,11.0,0.0,48.0,7.0,12.0,5.0,5.0,7.0,0.0,0.0,4.354839722832569,3.843899290730417,5.307133572657472,5.445553302402266,0.14583333,0.14583333,0.09137056,,99.60385309047477,85.8541642281278,84.50273872797851,49.380427258883245,48.56618101522842,0.30988796954314723
621097,Jacob Waguespack,TBR,10.0,4.0,1.0,51.0,11.0,13.0,6.0,7.0,10.0,0.0,1.0,5.4,5.266479778289796,5.176086503267289,5.623465647576553,0.21568627,0.19607843,0.14027149,,81.55402714932127,100.91013574660633,87.20886877828055,47.66713484162896,39.78448615384616,0.8841041628959275
701581,David Festa,MIN,5.0,1.0,1.0,23.0,2.0,7.0,5.0,5.0,1.0,0.0,1.0,9.0,5.566479778289795,5.385693228244781,5.448878425158384,0.08695652,0.04347826,0.07692308,,98.03025641025641,96.01153846153845,99.7894871794872,61.66202,56.26367,-0.22336
681799,Ethan Roberts,CHC,1.0,1.0,0.0,6.0,2.0,1.0,0.0,0.0,2.0,0.0,0.0,0.0,5.166479778289795,6.678488184511662,7.101229079622725,0.33333333,0.33333333,0.04,,101.2752,64.7336,66.2616,63.36876,33.72034,0.42106
663531,Logan Allen,ARI,28.0,12.0,0.0,128.0,21.0,32.0,17.0,17.0,10.0,2.0,3.0,5.464286290071205,4.345051331050251,4.5722032187949555,4.411663959503175,0.1640625,0.078125,0.0893617,,95.93182978723404,97.38434042553192,95.27438297872341,41.945139319148936,46.92638234042553,0.18270327659574467
676617,Riley O'Brien,STL,1.0,1.0,0.0,6.0,2.0,1.0,1.0,1.0,2.0,0.0,0.0,9.0,5.166479778289795,6.678488184511662,7.101229079622725,0.33333333,0.33333333,0.10714286,,101.91655172413792,97.62827586206897,103.82551724137932,61.3452,54.12313,-0.2971
642121,Cole Sulser,NYM,4.2,4.0,0.0,23.0,7.0,6.0,5.0,5.0,3.0,0.0,1.0,9.64285845659235,4.880765726128435,4.6870658246906896,3.729254595921121,0.30434783,0.13043478,0.11702128,,88.82,105.92744680851064,98.48978723404254,43.44056734042553,52.900182127659576,0.3818211702127659
661527,Seth Martinez,HOU,39.2,33.0,0.0,160.0,25.0,31.0,12.0,14.0,13.0,3.0,4.0,2.7226894015638603,4.426984130865656,4.869481327186798,4.5831205683898935,0.15625,0.08125,0.09344262,,101.4289180327869,96.45570901639347,97.14131557377048,56.36560416393442,47.82897006557377,0.05956508196721315
657061,Cole Tucker,LAA,1.0,1.0,0.0,4.0,0.0,1.0,0.0,0.0,1.0,0.0,0.0,0.0,6.166479778289795,6.166479778289795,6.137604084014892,0.0,0.25,0.1,,23.477999999999994,34.444,-21.401999999999997,25.66583,20.0,5.98828
622569,Pablo Reyes,BOS,1.0,1.0,0.0,5.0,0.0,1.0,0.0,0.0,1.0,0.0,0.0,0.0,6.166479778289795,9.190496590733527,9.249769084014893,0.0,0.2,0.05555556,,36.09,80.06,24.550000000000004,20.0,20.0,2.74234
703231,James Meeker,MIL,1.0,1.0,0.0,4.0,0.0,1.0,0.0,0.0,1.0,0.0,0.0,0.0,6.166479778289795,6.166479778289795,7.965479084014892,0.0,0.25,0.0,,87.57499999999999,61.80499999999999,56.01749999999999,38.34161,29.70904,2.0934
702795,Ryan Loutos,STL,1.1,2.0,0.0,7.0,0.0,2.0,0.0,0.0,1.0,0.0,0.0,0.0,5.416480365023171,8.818500166168166,7.785912743882648,0.0,0.14285714,0.04,,75.57933333333334,119.63733333333333,97.43266666666666,32.882032,80.0,-0.79825
664875,Justin Lawrence,COL,29.1,27.0,0.0,132.0,22.0,33.0,17.0,22.0,18.0,1.0,2.0,5.215909862840924,4.496025429602188,4.743668134554987,4.928350643854883,0.16666667,0.13636364,0.08333333,,105.81600869809205,95.78162037037035,97.62725448933783,60.308265189393936,40.317990909090916,-0.21931170454545454
669391,Owen White,TEX,1.0,2.0,0.0,9.0,0.0,6.0,6.0,6.0,1.0,0.0,0.0,54.0,6.166479778289795,7.678488184511662,6.666235256041608,0.0,0.11111111,0.03125,,90.575,101.63374999999999,89.96624999999999,37.19186,62.78988,-0.04347
687134,Bradley Blalock,MIL,1.0,1.0,0.0,4.0,0.0,0.0,0.0,0.0,1.0,0.0,0.0,0.0,6.166479778289795,7.678488184511662,9.178354084014892,0.0,0.25,0.0,,75.47565217391305,90.81391304347825,77.38782608695652,43.03293,20.0,1.81992
621550,Patrick Wisdom,CHC,0.1,1.0,0.0,3.0,0.0,1.0,0.0,0.0,1.0,0.0,0.0,0.0,12.166489166031141,12.166489166031141,9.016951301623335,0.0,0.33333333,0.0,,46.70923076923077,32.12,-27.73999999999999,20.0,20.0,5.86975
666205,Kyle Muller,OAK,33.2,13.0,0.0,139.0,24.0,33.0,13.0,16.0,7.0,1.0,5.0,3.4752476888244783,4.38430161796333,4.250054173473056,4.05453096203939,0.17266187,0.05035971,0.10483871,,94.13681199596776,104.55430443548387,98.23365423387096,46.754562701612905,59.410395766129035,-0.07606689516129032
668800,Andrew Knizner,TEX,3.0,2.0,0.0,11.0,0.0,1.0,0.0,0.0,2.0,0.0,0.0,0.0,5.166480414072875,6.174486338657239,8.012348906122511,0.0,0.18181818,0.0,,69.70055555555557,74.35055555555556,48.70722222222222,20.0,20.0,5.96421
621114,Ryan Burr,TOR,5.0,4.0,0.0,22.0,6.0,5.0,2.0,3.0,2.0,0.0,1.0,3.600001394749228,4.566480320692273,3.478488305393185,3.40973321306976,0.27272727,0.09090909,0.11904762,,93.09857142857143,111.63238095238094,102.39261904761904,52.8689715625,69.861523125,-0.4337140625
641343,Jake Bauers,MIL,2.0,2.0,0.0,10.0,0.0,1.0,0.0,0.0,3.0,0.0,0.0,0.0,7.666479778289795,11.44650079384446,12.064489084014893,0.0,0.3,0.02272727,,64.87545454545453,91.7690909090909,65.0,20.0,20.0,5.967487727272727
676272,Bobby Miller,LAD,20.0,5.0,5.0,87.0,21.0,21.0,15.0,15.0,12.0,0.0,4.0,6.750000321865097,5.466479887962347,4.076086546640719,4.595543191667078,0.24137931,0.13793103,0.10743802,,109.70710743801654,89.28424242424242,100.39867768595042,63.42071082644628,40.571577685950416,0.2423965289256198
676083,Janson Junk,MIL,5.0,3.0,0.0,27.0,3.0,13.0,5.0,5.0,1.0,0.0,1.0,9.0,5.166479778289795,4.380889865756036,4.528050073023312,0.11111111,0.03703704,0.06930693,,99.60019801980197,116.4461386138614,110.56277227722772,43.52665574257426,72.20493188118812,-0.9001084158415842
657697,Vinny Nittoli,OAK,8.0,7.0,0.0,32.0,5.0,8.0,2.0,2.0,2.0,0.0,1.0,2.250000276602839,4.291479916591214,4.934492604972509,4.527881427764893,0.15625,0.0625,0.1025641,,103.37316239316239,100.14136752136753,102.92410256410255,64.50636350427351,56.54368307692308,-0.5951757264957265
681882,Colin Selby,KCR,3.0,2.0,0.0,13.0,0.0,2.0,2.0,3.0,2.0,0.0,0.0,6.0,5.166479778289796,6.678488184511663,7.00566398337952,0.0,0.15384615,0.04081633,,81.04244897959184,91.53795918367348,77.51551020408162,44.771536734693875,37.23510204081633,1.086125306122449
643396,Isiah Kiner-Falefa,TOR,2.0,2.0,0.0,9.0,0.0,1.0,1.0,1.0,2.0,0.0,0.0,4.5,6.166479778289795,9.190496590733527,9.733642659296423,0.0,0.22222222,0.0,,0.42777777777776926,66.5911111111111,1.4499999999999902,20.0,20.0,4.604974444444444
624431,Jose Trevino,NYY,2.0,2.0,0.0,13.0,0.0,5.0,3.0,3.0,2.0,0.0,0.0,13.5,6.166479778289795,9.190496590733527,7.81126161637481,0.0,0.15384615,0.02325581,,60.02930232558139,110.09999999999998,73.64651162790697,20.0,23.57822,2.78997
663893,Brendon Little,TOR,15.2,14.0,0.0,65.0,15.0,15.0,9.0,9.0,4.0,0.0,3.0,5.170213310170307,4.506905451296912,2.7896329673322144,2.53458423365653,0.23076923,0.06153846,0.1277533,,120.60899657366618,95.27647577092512,118.32796867351934,57.935048281938315,51.11755422907489,-0.10239682819383261
641149,Wes Parsons,- - -,9.0,4.0,0.0,38.0,7.0,10.0,6.0,6.0,2.0,0.0,2.0,6.0,5.166479778289795,3.4535974275734693,3.520977001608982,0.18421053,0.05263158,0.12837838,,99.32314655172414,92.4718202469711,92.66519532463496,57.49289722972972,39.29190932432433,0.54035
671305,Michel Otanez,OAK,0.2,1.0,0.0,4.0,0.0,1.0,0.0,0.0,1.0,0.0,0.0,0.0,7.666484472160468,9.934499447217238,9.776229084014892,0.0,0.25,0.11111111,,140.20333333333335,50.05555555555556,92.18333333333334,70.2616,29.20348,0.57603
694738,Landen Roupp,SFG,16.1,11.0,0.0,76.0,15.0,17.0,11.0,12.0,10.0,1.0,1.0,6.061225337691348,4.146071752058094,4.738732616188668,4.714319107488351,0.19736842,0.13157895,0.10271903,,94.45462235649546,95.68797583081572,94.51867069486406,58.656713504531716,35.50934453172206,0.3742735649546828
692230,Carlos Rodriguez,MIL,12.1,3.0,3.0,57.0,9.0,19.0,10.0,11.0,3.0,0.0,3.0,7.2972980496481865,5.598912461505858,4.643465172079875,4.856704152841921,0.15789474,0.05263158,0.09012876,,95.63288322207926,105.8890296974983,99.75213169143616,40.29972665236051,56.315959399141626,0.24159639484978543
656976,Pavin Smith,ARI,1.0,1.0,0.0,5.0,0.0,0.0,0.0,0.0,1.0,1.0,0.0,0.0,9.166479778289794,12.190496590733527,9.249769084014893,0.0,0.2,0.0,,69.70588235294117,52.22588235294118,27.952941176470585,20.0,20.0,4.32298
687798,Nick Robertson,STL,12.1,8.0,0.0,52.0,14.0,15.0,6.0,6.0,2.0,0.0,3.0,4.378378840368848,4.544858302109618,3.466815721258931,2.964149940153823,0.26923077,0.03846154,0.11707317,,96.15853658536585,101.48136585365855,95.92965853658535,50.391751317073165,46.8617843902439,0.005775609756097583
608638,JT Chargois,MIA,6.2,7.0,0.0,27.0,5.0,4.0,1.0,1.0,3.0,0.0,1.0,1.350000333935105,4.9664802235366015,5.28449291153279,5.212543899157041,0.18518519,0.11111111,0.05263158,,90.10505263157894,103.24021052631579,98.62210526315788,51.529698947368416,54.53790894736842,0.2610682105263158
641360,Phil Bickford,NYY,5.0,5.0,0.0,27.0,4.0,8.0,8.0,9.0,1.0,1.0,1.0,14.400005836489182,5.366480669975642,5.488095850467044,4.397494517579682,0.14814815,0.03703704,0.0952381,,101.70859981684983,82.47521016483515,86.0519478021978,49.952653142857145,44.207682190476184,0.5873630476190476
528748,Humberto Castellanos,ARI,2.1,1.0,0.0,15.0,1.0,5.0,5.0,5.0,2.0,1.0,0.0,19.2857169131847,6.166480187007415,8.75849495080746,6.719062421193959,0.06666667,0.13333333,0.05,,95.99166666666666,73.60633333333332,66.45966666666666,36.68205,34.62492,1.33105
665828,Oswaldo Cabrera,NYY,0.1,1.0,0.0,3.0,0.0,0.0,0.0,0.0,2.0,0.0,0.0,0.0,21.166498553772485,21.166498553772485,22.729617944513336,0.0,0.66666667,0.0,,56.93000000000001,58.435,21.600000000000005,20.0,20.0,7.0140199999999995
666215,Forrest Whitley,HOU,0.2,1.0,0.0,5.0,0.0,1.0,0.0,0.0,1.0,1.0,0.0,0.0,12.166489166031141,14.434504141087912,9.249769084014893,0.0,0.2,0.05555556,,118.40555555555557,14.419999999999996,34.912222222222226,69.66344,20.0,3.10546
671111,Sammy Peralta,CHW,0.1,1.0,0.0,3.0,0.0,1.0,1.0,1.0,1.0,0.0,0.0,27.000028163224034,12.166489166031141,12.166489166031141,11.725395742182892,0.0,0.33333333,0.0,,111.01571428571427,67.52571428571429,66.88857142857144,47.21605,20.0,2.46699
669620,Brady Basso,OAK,3.1,3.0,0.0,12.0,3.0,3.0,2.0,2.0,0.0,0.0,1.0,5.400000563263952,5.266479997336887,2.7272872980781293,2.4219790857810595,0.25,0.0,0.17073171,,102.65024390243902,117.38097560975609,112.55951219512194,43.41249585365854,67.82973658536586,-0.6885426829268292
664776,Jake Cousins,NYY,5.1,4.0,0.0,25.0,7.0,4.0,1.0,3.0,3.0,1.0,1.0,1.6875004211907394,5.228980293078477,5.059492860108154,3.9314186840148935,0.28,0.12,0.13333333,,105.35616161616161,93.67743145743145,100.63041847041845,79.5112438095238,41.34645895238095,-0.14281514285714286
672860,Prelander Berroa,CHW,0.1,1.0,0.0,2.0,0.0,0.0,0.0,0.0,0.0,1.0,0.0,0.0,12.166489166031141,12.166489166031141,3.6557290840148924,0.0,0.0,0.0,,100.91,57.007500000000014,72.575,58.06003,20.0,2.27719
663562,Noah Davis,COL,3.0,1.0,0.0,14.0,2.0,5.0,3.0,3.0,0.0,0.0,1.0,9.0,6.166479778289796,4.35316045532624,4.328014807449749,0.14285714,0.0,0.08695652,,75.85130434782609,101.8195652173913,83.53304347826086,34.59689,55.68183,0.5626
669713,Hayden Wesneski,CHC,45.0,21.0,4.0,187.0,44.0,36.0,18.0,19.0,16.0,1.0,8.0,3.600000398159071,4.65536883184941,3.95706661014292,3.8663594706516315,0.23529412,0.0855615,0.10238429,,94.475469319539,105.05596864477516,101.27297142963499,54.28464915848527,56.453193394109405,-0.42957984572230007
682842,Abner Uribe,MIL,14.1,14.0,0.0,66.0,14.0,15.0,11.0,11.0,12.0,0.0,1.0,6.906977859573199,4.631596293956838,4.674020183784265,5.105150558600981,0.21212121,0.18181818,0.08139535,,113.75232558139537,100.2939534883721,116.78682170542636,71.41156860465117,41.76068647286821,-0.17279705426356579
685126,Brandon Eisert,TOR,2.0,1.0,0.0,8.0,0.0,1.0,0.0,0.0,3.0,0.0,0.0,0.0,7.666479778289795,8.422483981400728,11.917260334014891,0.0,0.375,0.03225806,,79.82903225806452,70.16838709677418,63.50258064516129,53.47137,30.04671,1.32458
677865,Justin Bruihl,PIT,5.2,7.0,0.0,27.0,5.0,9.0,6.0,6.0,1.0,1.0,1.0,9.529414688221795,4.754715559660094,3.7947226823997995,3.166626205943477,0.18518519,0.03703704,0.15151515,,103.85614141414142,101.91595959595959,96.62826262626263,57.88901696969697,54.9214093939394,-0.45039939393939393
681871,Eli Villalobos,MIA,4.1,3.0,0.0,18.0,3.0,3.0,1.0,1.0,2.0,0.0,1.0,2.076923229285257,6.1664799983685,5.260030032794311,5.192886497465151,0.16666667,0.11111111,0.07042254,,91.24901408450705,86.14873239436619,80.90901408450704,39.848094084507046,38.28413732394366,1.3200195774647887
650960,Daniel Duarte,MIN,4.0,2.0,0.0,15.0,3.0,2.0,1.0,1.0,1.0,0.0,1.0,2.25,5.666479778289795,3.9284881845116617,3.716017965784737,0.2,0.06666667,0.125,,110.79071428571429,113.49607142857144,123.33250000000001,54.597750714285716,66.81128071428572,-1.02701875
605347,Jorge Lopez,- - -,28.2,30.0,0.0,119.0,19.0,27.0,11.0,13.0,11.0,2.0,3.0,3.4534890626277996,4.561828894503048,4.941931670691296,4.6803008625219285,0.15966387,0.09243697,0.07974138,,102.23577314546507,96.01458734787016,98.52682003404809,49.99543928879311,52.65194275862069,0.15709642241379307
680686,Josiah Gray,WSN,8.1,2.0,2.0,44.0,9.0,15.0,13.0,13.0,5.0,0.0,2.0,14.040000535583516,5.9264798835754435,5.528094999577626,5.016129908527521,0.20454545,0.11363636,0.14204545,,94.35411104718068,88.87807681242806,82.63851265822785,31.635638181818184,37.04770818181818,1.3390236363636363
592836,Taijuan Walker,PHI,53.0,10.0,10.0,230.0,43.0,58.0,33.0,34.0,21.0,2.0,12.0,5.603773887406145,5.789121429298058,4.928302772531536,4.825779442195168,0.18695652,0.09130435,0.06470588,,85.7001477858559,98.37829610046266,88.09042009253139,29.14378193255512,37.353613307393,0.7583421660181582
623451,Jackson Stephens,ATL,3.1,3.0,0.0,17.0,2.0,5.0,1.0,1.0,1.0,1.0,1.0,2.70000025749209,7.6664802074432785,6.941697791388561,5.511365767848436,0.11764706,0.05882353,0.09803922,,86.73450980392157,95.37686274509804,81.03176470588235,32.945868627450984,58.674273333333346,0.2598549019607843
806185,Hayden Birdsong,SFG,4.2,1.0,1.0,22.0,5.0,6.0,3.0,3.0,3.0,0.0,1.0,5.7857150739554095,5.737908700047755,4.896205107659998,4.784745611867091,0.22727273,0.13636364,0.08247423,,94.91773195876289,90.19835051546391,85.02515463917527,54.75433000000001,33.18574,0.8782399999999999
666208,Alex Speas,HOU,2.0,1.0,0.0,8.0,2.0,2.0,1.0,1.0,1.0,0.0,1.0,4.5,9.166479778289794,4.934492387622595,4.208604084014893,0.25,0.125,0.15384615,,119.99384615384616,89.22974358974359,110.9574358974359,54.89101,20.0,0.3611
622088,Tejay Antone,CIN,2.0,4.0,0.0,11.0,2.0,2.0,1.0,2.0,4.0,0.0,0.0,4.5,7.166479778289795,8.67848818451166,9.735258004078513,0.18181818,0.36363636,0.10638298,,90.58723404255318,43.66978723404255,34.51872340425531,45.72515043478261,20.0,2.7001721739130433
542882,Matt Andriese,MIA,5.0,3.0,0.0,20.0,6.0,5.0,3.0,3.0,0.0,0.0,2.0,5.4,5.966479778289795,2.8832915470004084,2.2024690840148926,0.3,0.0,0.09589041,,89.97473129610117,102.57580611169652,88.52822971548999,47.29208917808219,55.62602931506849,0.3056612328767123
650895,Diego Castillo,MIN,7.0,5.0,0.0,30.0,3.0,5.0,2.0,2.0,7.0,0.0,0.0,2.571428932705755,5.309337222211258,7.0373470721015785,7.804017967041938,0.1,0.23333333,0.07086614,,111.6792125984252,86.68236220472441,95.49543307086614,43.67091818897637,53.87870133858269,0.15428897637795272
690544,Bailey Horn,BOS,2.2,1.0,0.0,14.0,2.0,4.0,2.0,2.0,2.0,0.0,1.0,6.750001609325793,8.791481119394621,5.050486532138408,5.011096429685688,0.14285714,0.14285714,0.08888889,,109.32444444444445,105.43599999999999,111.73377777777779,63.22897,73.18303,-1.4791500000000002
666214,Joey Wentz,DET,34.2,25.0,0.0,159.0,40.0,38.0,20.0,21.0,15.0,3.0,5.0,5.1923085106593145,4.291479955599313,3.6813330454090747,3.5372193274295363,0.25157233,0.09433962,0.13003096,,100.69176735957542,99.35805395842546,97.38485360459974,53.40524509287926,43.53484131578947,0.05489727554179567
592454,Tommy Kahnle,NYY,12.1,15.0,0.0,53.0,16.0,9.0,4.0,5.0,7.0,1.0,2.0,2.918919494937623,4.625939525758607,3.1308075035023473,3.225048765287903,0.30188679,0.13207547,0.17012448,,93.47941908713693,87.3427385892116,87.92970954356846,53.639637938596486,33.07764890350877,1.0429892105263157
641585,J.P. France,HOU,25.1,5.0,5.0,121.0,22.0,31.0,21.0,21.0,12.0,1.0,5.0,7.460526690258563,5.53490094980045,5.595231342582405,5.180245033609445,0.18181818,0.09917355,0.09656652,,90.36613733905578,87.7734763948498,85.25021459227469,47.86881991416309,32.2876417167382,1.0794776824034336
671131,Jackson Rutledge,WSN,1.0,1.0,0.0,4.0,1.0,2.0,1.0,1.0,0.0,0.0,1.0,9.0,14.166479778289794,2.6784881845116617,2.1670415840148927,0.25,0.0,0.14285714,,96.01142857142858,106.43142857142857,111.88857142857144,45.92421,58.02069,-0.5411
640454,Matt Krook,BAL,1.0,1.0,0.0,6.0,2.0,1.0,2.0,3.0,1.0,0.0,1.0,18.0,15.166479778289794,3.6784881845116617,3.690395743744726,0.33333333,0.16666667,0.07407407,,102.31407407407407,81.05037037037037,79.84222222222222,41.39764,20.0,2.00851
592767,Drew Smyly,CHC,28.0,20.0,0.0,124.0,28.0,26.0,11.0,13.0,14.0,2.0,4.0,3.5357147862337173,4.737908572171448,5.148778382524545,4.403264980621021,0.22580645,0.11290323,0.12298387,,106.17366739471325,105.123899109543,108.2073252688172,45.677820967741944,57.83516108870968,0.01993747983870965
675989,Cody Bolton,SEA,18.2,17.0,0.0,83.0,17.0,18.0,9.0,11.0,9.0,0.0,3.0,4.339286333178164,4.88076573707623,4.573489886298089,4.3852699350822295,0.20481928,0.10843373,0.09584665,,106.86319864687088,98.40698364968992,104.63618492764517,56.67037386581469,41.01344846645367,-0.13785073482428117
643256,Adam Cimber,LAA,24.1,28.0,0.0,107.0,19.0,20.0,19.0,19.0,14.0,6.0,1.0,7.027398823847656,4.604836262703058,5.375473825838368,4.9368916300912815,0.17757009,0.13084112,0.0625,,112.33847298534799,87.68580357142855,97.94801053113552,62.76406002403846,34.88149911057692,0.2847600961538462
666818,Luis Frias,ARI,6.1,7.0,0.0,31.0,7.0,11.0,7.0,8.0,4.0,0.0,1.0,9.94736896715339,4.903321978903879,3.3281666522889397,3.947124511336889,0.22580645,0.12903226,0.11347518,,101.64939952718676,93.60181560283688,95.56527659574469,45.49711354609928,20.0,0.8094522695035462
656896,Emmanuel Rivera,MIA,3.0,3.0,0.0,17.0,0.0,7.0,4.0,4.0,0.0,1.0,1.0,12.0,8.499813111623128,8.19850219488144,7.13621697298283,0.0,0.0,0.02222222,,52.407111111111114,95.28977777777777,52.283111111111104,20.0,22.244095333333334,2.6250426666666664
661269,Vladimir Gutierrez,MIA,4.0,1.0,0.0,17.0,4.0,3.0,3.0,3.0,2.0,0.0,1.0,6.75,5.916479778289795,4.934492387622595,4.547116623405591,0.23529412,0.11764706,0.125,,86.09424999999999,105.853,93.27275,50.62812,42.77057,0.96444
622072,Alex Wood,OAK,39.1,9.0,9.0,186.0,33.0,51.0,23.0,27.0,19.0,5.0,6.0,5.262712034539434,5.3020730676681165,5.125744123639656,5.015471166310653,0.17741935,0.10215054,0.07804233,,92.91085481737113,99.34735628595044,87.5135271167689,42.23929900793651,54.14646722222222,0.4559201984126984
656271,Brock Burke,TEX,9.2,10.0,0.0,48.0,11.0,13.0,8.0,8.0,6.0,1.0,2.0,7.44827793639623,5.752687395094041,4.627178536354841,4.239238640682802,0.22916667,0.125,0.0994152,,93.23309941520466,93.16947368421053,91.00491228070176,52.787112982456144,50.23903748538012,0.16868918128654972
571466,Tucker Barnhart,ARI,1.0,1.0,0.0,7.0,0.0,4.0,2.0,2.0,0.0,0.0,1.0,18.0,16.166479778289794,6.190496590733528,4.976525006031831,0.0,0.0,0.0,,39.367272727272734,114.74909090909091,72.9981818181818,20.0,71.82674,5.62682
658648,Pedro Avila,- - -,43.1,23.0,0.0,183.0,44.0,36.0,19.0,21.0,19.0,2.0,6.0,3.9461542279163426,4.389556819690767,3.7759018175134518,3.729954738658055,0.24043716,0.10382514,0.10201149,,89.38557485584451,93.32794411349144,84.6850807652652,45.3615949137931,36.324717313218386,0.5831598419540229
668984,Casey Legumina,CIN,2.0,1.0,0.0,10.0,1.0,2.0,2.0,3.0,1.0,0.0,1.0,9.0,10.166479778289794,4.422483981400728,4.333189084014892,0.1,0.1,0.0,,93.75935483870968,90.79548387096774,96.29354838709679,48.58672,46.3067,0.40797
666207,Riley Pint,COL,0.2,1.0,0.0,5.0,1.0,2.0,2.0,2.0,1.0,0.0,1.0,27.000028163224034,24.166501683019597,9.202511293026895,6.144369084014893,0.2,0.2,0.08695652,,88.65565217391304,81.5695652173913,77.48347826086956,62.34215,20.0,1.79142
656412,Alex Faedo,DET,36.1,22.0,0.0,150.0,32.0,30.0,14.0,15.0,13.0,0.0,5.0,3.4678904051011235,4.267397367210787,3.9349283530944676,3.9651168130351198,0.21333333,0.08666667,0.15228426,,95.58766387169493,103.36753348003126,98.55775948985713,51.97671802030457,53.83554030456854,-0.017780981387478842
680911,Owen Miller,MIL,2.0,1.0,0.0,12.0,0.0,5.0,4.0,4.0,1.0,0.0,1.0,18.0,11.166479778289794,8.44650079384446,7.387423522052448,0.0,0.08333333,0.02702703,,51.68,84.98,43.26,20.0,20.0,3.5739199999999998
641645,Luis Guillorme,- - -,2.0,2.0,0.0,10.0,0.0,3.0,4.0,4.0,1.0,0.0,1.0,18.0,11.166479778289794,6.934492387622595,6.586769084014892,0.0,0.1,0.11538462,,15.189230769230768,101.34,35.58461538461539,20.0,20.0,3.8573469230769226
681806,Andrew Wantz,LAA,1.1,1.0,0.0,6.0,3.0,1.0,1.0,1.0,1.0,0.0,1.0,6.750001609325793,10.666481566429564,3.1844923919171366,2.5701735186859485,0.5,0.16666667,0.14285714,,104.70342857142857,113.71657142857144,123.7845714285714,60.86250999999999,55.93462,-0.67794
543305,Aaron Hicks,LAA,1.0,1.0,0.0,6.0,0.0,2.0,2.0,2.0,1.0,0.0,1.0,18.0,19.166479778289794,12.21451340317726,11.391617958142671,0.0,0.16666667,0.11111111,,49.900000000000006,78.86,37.14,20.0,20.0,5.05114
641329,Bryan Baker,BAL,10.0,8.0,0.0,38.0,6.0,10.0,4.0,4.0,1.0,0.0,2.0,3.6000003433227867,4.866479940414444,3.778488242877337,3.7027512524120727,0.15789474,0.02631579,0.06666667,,106.3316695652174,100.5500463768116,113.2002260869565,54.666151666666664,55.99323880952382,-0.0467915873015873
666163,Ben Rortvedt,TBR,2.0,1.0,0.0,11.0,1.0,3.0,1.0,1.0,2.0,0.0,1.0,4.5,11.666479778289794,5.922483981400728,6.025439826643331,0.09090909,0.18181818,0.02777778,,50.69888888888889,77.03888888888888,40.919999999999995,27.53552,20.0,2.72313
606303,Joel Payamps,MIL,29.2,35.0,0.0,129.0,25.0,28.0,14.0,16.0,11.0,1.0,4.0,4.2471915545179515,4.447378818541241,4.58033313993724,4.2892949720190465,0.19379845,0.08527132,0.11178862,,100.47003065718158,107.28109671409216,105.27791734417343,52.49559052845529,58.87580436991869,-0.3966167886178863
656716,Zach McKinstry,DET,2.0,3.0,0.0,8.0,0.0,1.0,2.0,2.0,1.0,0.0,1.0,9.000004693868224,11.166483950617106,8.446503547591448,8.851135334014891,0.0,0.125,0.0,,19.08416666666666,82.5475,9.194166666666673,20.0,20.0,4.324566666666667
669062,Erik Miller,SFG,39.0,40.0,8.0,158.0,44.0,27.0,16.0,19.0,19.0,1.0,6.0,3.692308067570109,4.448531190640527,3.650383945236798,3.6745209820457436,0.27848101,0.12025316,0.12265512,,103.4031515151515,100.06365079365082,102.2891212121212,65.773427979798,44.739068542568546,-0.16527643578643578
642216,Allan Winans,ATL,5.0,1.0,1.0,25.0,1.0,8.0,6.0,7.0,2.0,0.0,1.0,10.8,6.566479778289795,5.780889865756035,5.766706684014892,0.04,0.08,0.12195122,,85.67121951219511,90.71853658536585,84.70585365853658,40.20029,54.07508000000001,0.30986
605397,Joe Musgrove,SDP,49.1,10.0,10.0,214.0,44.0,58.0,31.0,32.0,15.0,7.0,10.0,5.6554056604993646,5.355669066225033,4.314272474458404,4.222549895690942,0.20560748,0.07009346,0.12619048,,104.79772503840248,98.28250128008192,103.20699257552482,47.619440059523804,53.007735404761895,0.003313642857142855
668942,Josh Rojas,SEA,2.0,2.0,0.0,8.0,0.0,1.0,2.0,2.0,2.0,0.0,1.0,9.0,12.666479778289794,9.190496590733527,10.903666584014893,0.0,0.25,0.0,,63.24148148148148,93.95629629629629,71.95925925925927,20.0,42.158960740740746,1.9842522222222225
527054,Julio Teheran,NYM,2.2,1.0,1.0,16.0,3.0,6.0,4.0,4.0,2.0,0.0,1.0,13.500003218651585,8.041480940580644,6.001496215876386,5.261842365264893,0.1875,0.125,0.10294118,,87.99764705882353,90.04176470588236,81.9135294117647,40.49111,33.29097,1.48743
573204,Caleb Thielbar,MIN,18.0,26.0,0.0,92.0,19.0,25.0,14.0,18.0,11.0,0.0,3.0,7.000002422267374,5.055369320806388,5.072714802462393,4.59660774219343,0.20652174,0.11956522,0.09695291,,109.9178024007387,100.98256694367495,107.13876269621421,50.57041366279069,61.465573401162786,-0.3281109593023255
613534,Austin Adams,OAK,28.1,40.0,0.0,137.0,36.0,30.0,15.0,17.0,18.0,10.0,2.0,4.764707509498426,4.507656706889352,4.764039792216334,3.9846989307627565,0.26277372,0.13138686,0.12478336,,92.80570768342,99.39083188908145,94.55679953783938,65.86454331022533,42.92135592720972,-0.0007002079722703594
670241,Darius Vines,ATL,12.2,3.0,2.0,59.0,8.0,17.0,11.0,11.0,4.0,1.0,3.0,7.815789865985161,6.166479928869958,5.474914219771408,5.044189241874286,0.13559322,0.06779661,0.11637931,,83.26396551724139,107.77439655172415,92.16870689655174,40.89309060344827,54.00415362068965,0.5196723275862069
659275,Dinelson Lamet,LAD,4.1,3.0,0.0,18.0,3.0,2.0,1.0,2.0,2.0,0.0,1.0,2.076923229285257,6.1664799983685,5.95788011762915,5.192886497465151,0.16666667,0.11111111,0.06756757,,85.26048262548262,82.3927027027027,68.3461196911197,42.95627202702702,33.625012702702705,1.2942878378378377
608723,Austin Voth,SEA,34.1,35.0,0.0,134.0,29.0,23.0,13.0,16.0,8.0,2.0,5.0,3.407767329479873,4.24414978846719,4.112509083584119,3.7096056703811002,0.21641791,0.05970149,0.13333333,,100.14534064171123,101.4512623885918,98.6768579322638,44.84406623529411,52.04254807843137,-0.05373317647058827
656186,Dan Altavilla,KCR,3.2,5.0,1.0,21.0,5.0,5.0,6.0,6.0,3.0,1.0,1.0,14.727279709886282,7.257390808813763,4.949032955811257,4.34513804214929,0.23809524,0.14285714,0.12048193,,99.12527443105756,100.31732262382863,105.42115127175369,48.334363734939764,63.41107831325302,-0.27716204819277096
701643,Grant Hartwig,NYM,6.2,4.0,0.0,31.0,4.0,6.0,5.0,6.0,4.0,2.0,1.0,6.750000643730225,6.616480107307466,6.934492746968315,5.742096409640822,0.12903226,0.12903226,0.10169492,,94.82661016949153,86.97084745762713,83.09813559322032,51.15818491525424,30.902251186440676,1.2185181355932204
681402,Gus Varland,LAD,6.0,7.0,0.0,30.0,3.0,7.0,2.0,3.0,4.0,1.0,1.0,3.0000005066395663,6.833147064182598,6.93449302396402,6.223213522344249,0.1,0.13333333,0.08064516,,99.7734516129032,109.31790322580645,106.48441129032257,50.699009919354836,63.64426548387096,-0.6363366935483871
670871,Guillo Zuniga,LAA,7.0,5.0,0.0,33.0,3.0,7.0,5.0,5.0,5.0,1.0,1.0,6.428571428571429,6.737908349718367,6.6087750996862145,6.495383818287498,0.09090909,0.15151515,0.06557377,,94.7783606557377,82.77377049180326,82.33508196721313,54.20529409836065,35.69696483606558,0.9452001639344262
518489,Ryan Brasier,LAD,11.2,12.0,1.0,47.0,12.0,10.0,6.0,6.0,3.0,0.0,3.0,4.628571704455801,5.223622758047929,3.306373426780152,3.1950409229789005,0.25531915,0.06382979,0.0797546,,99.79327607361964,96.50268098159508,93.85032515337423,50.18340699386503,61.149100306748466,-0.24566969325153373
669459,Kyle Nelson,ARI,10.2,11.0,0.0,42.0,8.0,8.0,5.0,5.0,4.0,0.0,2.0,4.218751477310951,5.228980500530705,3.783735511021834,4.261640651628566,0.19047619,0.0952381,0.11724138,,95.8673103448276,106.48510344827586,97.43213793103448,35.501126620689654,67.81281503448277,0.03855751724137933
672710,Roansy Contreras,- - -,33.0,22.0,1.0,142.0,31.0,31.0,14.0,14.0,15.0,1.0,5.0,3.8181822802410212,4.711934510768304,4.712430312874979,4.256736635468614,0.21830986,0.1056338,0.1091954,,94.4067911761291,97.15096895390688,92.64260243817485,48.526464942528726,50.98472808429119,0.14413655172413792
656786,Parker Mushinski,HOU,11.0,10.0,0.0,50.0,3.0,11.0,8.0,10.0,5.0,1.0,1.0,6.545455751340474,5.439207469727459,6.181763759903774,6.197228684014892,0.06,0.1,0.06701031,,102.94247422680414,96.8981443298969,102.32092783505153,54.54301742268041,49.34012835051547,-0.012582525773195833
681217,Chase Silseth,LAA,8.0,2.0,2.0,38.0,12.0,8.0,6.0,7.0,4.0,0.0,3.0,6.75,6.541479778289795,3.5564902860671284,3.5799396063806554,0.31578947,0.10526316,0.13173653,,95.10983047836912,90.37482383547511,87.91147045235371,45.04650101796407,47.57646574850298,0.3482289221556886
646242,Jhonathan Diaz,SEA,5.1,1.0,1.0,26.0,4.0,9.0,3.0,3.0,1.0,0.0,2.0,5.062500301748532,7.103980012983098,3.929989280798108,4.255859269220945,0.15384615,0.03846154,0.07317073,,92.84048780487805,104.86682926829268,94.28170731707317,43.50492,67.68731,-0.60086
605156,Aaron Brooks,OAK,26.2,5.0,4.0,119.0,12.0,33.0,15.0,19.0,8.0,1.0,4.0,5.062500120699409,5.228979827463628,5.1500902282823136,5.309729371922092,0.10084034,0.06722689,0.0942928,,87.55644935709452,100.06842431761785,89.53612226483195,36.1792112158809,49.26237595533499,0.5273154094292803
489119,Wade Miley,MIL,7.0,2.0,2.0,30.0,2.0,6.0,5.0,5.0,4.0,1.0,1.0,6.428571428571429,6.595051206861223,6.033915555051395,6.6129490900334265,0.06666667,0.13333333,0.04237288,,96.76328292046935,91.0993481095176,84.04302737940027,38.2680679661017,41.865054237288135,0.49206830508474575
685314,Andrew Saalfrank,ARI,1.0,2.0,0.0,8.0,0.0,2.0,4.0,4.0,4.0,0.0,0.0,36.00003755096538,15.166492295278253,16.678502278649436,16.676729084014895,0.0,0.5,0.07692308,,75.21692307692307,20.842307692307696,11.568461538461536,34.762491538461546,20.0,4.195456923076923
665620,Deivi Garcia,CHW,14.0,14.0,0.0,68.0,15.0,16.0,11.0,16.0,11.0,0.0,2.0,7.071430618666249,5.237908949414251,5.4327775571314305,5.030799791045754,0.22058824,0.16176471,0.12014134,,98.96096819787986,78.41068904593641,80.81243109540635,49.20447106007067,31.92039575971732,0.975974664310954
663765,Jake Woodford,CHW,8.1,2.0,2.0,46.0,7.0,15.0,10.0,10.0,5.0,1.0,2.0,10.80000041198732,6.766479915618902,6.186654015953035,5.640583523309631,0.15217391,0.10869565,0.07514451,,89.87826589595376,92.29317919075145,81.11248554913294,41.98251791907514,53.75804849710982,0.45562994219653175
595897,Nick Burdi,NYY,9.2,12.0,0.0,45.0,12.0,5.0,2.0,2.0,9.0,2.0,1.0,1.862069891693086,5.442342979248011,5.974491610278063,5.1615557583292935,0.26666667,0.2,0.1,,110.49345523809524,74.2181980952381,82.63999238095239,63.86957680952381,25.177413619047616,0.8967978571428573
669438,Mason Englert,DET,19.2,11.0,0.0,85.0,14.0,22.0,13.0,15.0,4.0,1.0,4.0,5.949152734696751,5.1495306898553785,4.735034597494597,4.248256002926821,0.16470588,0.04705882,0.13554217,,92.64301204819279,105.22427710843371,98.86921686746989,47.868561144578315,47.614673132530115,0.5005832228915663
668874,Blair Henley,HOU,0.1,1.0,1.0,9.0,0.0,4.0,5.0,5.0,3.0,1.0,0.0,135.00014081612017,39.16651732925518,48.23857722948226,12.092395742182891,0.0,0.33333333,0.025,,81.8348717948718,86.05435897435898,81.81076923076922,51.31639,24.40394,1.23456
647336,Michael Soroka,CHW,68.0,19.0,9.0,301.0,65.0,58.0,39.0,46.0,40.0,3.0,12.0,5.161764995449571,5.4458916708672405,4.863901157028507,4.8192805912855174,0.21594684,0.13289037,0.08642973,,94.92777606137504,89.7300716059674,85.41803456187435,47.66736798869144,43.171944765751206,0.6265570355411955
605182,Mike Clevinger,CHW,16.0,4.0,4.0,78.0,15.0,22.0,12.0,13.0,9.0,0.0,4.0,6.7500008046628,6.228980143368288,5.341493172293263,5.110304525427898,0.19230769,0.11538462,0.11551155,,94.98299759003552,98.09581229301583,95.36764820752653,51.6654701650165,54.505283597359735,0.05403270627062705
672782,Yoendrys Gomez,NYY,7.2,3.0,0.0,37.0,9.0,7.0,5.0,5.0,6.0,1.0,2.0,5.869565704143831,6.9490887876269305,6.318843216288686,5.005332444315154,0.24324324,0.16216216,0.15686275,,89.56980392156864,91.71098039215684,88.06823529411766,53.64236679738562,43.32283679738562,0.7077822875816995
664192,Joey Lucchesi,NYM,4.1,1.0,1.0,21.0,2.0,5.0,5.0,5.0,4.0,0.0,1.0,10.384616146426286,8.012633979955396,6.757258971963787,7.4977018680740075,0.0952381,0.19047619,0.04347826,,100.66388059701492,76.16985074626865,79.95522388059702,42.46918,40.3207,0.84374
572971,Dallas Keuchel,MIL,4.0,1.0,1.0,21.0,4.0,8.0,5.0,5.0,1.0,0.0,2.0,11.25,8.416479778289794,3.4284881845116617,4.146735886910184,0.19047619,0.04761905,0.05633803,,88.70845070422536,96.35943661971831,90.30901408450706,43.43724,49.8337,0.46115999999999996
677076,Clayton Andrews,NYY,0.1,1.0,0.0,3.0,1.0,1.0,1.0,1.0,0.0,1.0,1.0,27.000028163224034,45.1665235877494,10.702512857650452,2.618173530885782,0.33333333,0.0,0.2,,70.43066666666667,109.776,88.048,52.86916,29.96321,0.80701
672456,Keider Montero,DET,8.2,2.0,1.0,39.0,11.0,10.0,9.0,9.0,4.0,0.0,3.0,9.346154531783656,6.512633869916042,3.7572587518850824,3.6373257242458097,0.28205128,0.1025641,0.14364641,,95.21134871628209,96.23531881702957,95.0376028599285,52.6964326519337,41.28366933701657,0.502027900552486
676760,Ron Marinaccio,NYY,19.0,13.0,0.0,79.0,19.0,12.0,6.0,7.0,9.0,3.0,3.0,2.8421054058127857,5.113848297087444,4.493645703430724,4.034215056641408,0.24050633,0.11392405,0.10289389,,98.69311897106108,85.0967845659164,82.57819935691319,50.71214406143345,40.37427443686007,0.005413720136518677
650556,Bryan Abreu,HOU,40.1,40.0,0.0,174.0,56.0,30.0,13.0,13.0,23.0,6.0,6.0,2.900826683486409,4.480529472518681,3.9711819788791747,3.402888752443804,0.32183908,0.13218391,0.13043478,,104.98857835012112,86.66471248246843,92.53912278464871,58.45441509116411,43.12465938288919,0.06433667601683034
620982,Ricardo Pinto,PHI,10.2,6.0,0.0,59.0,8.0,19.0,13.0,14.0,5.0,2.0,2.0,10.96875071508116,6.072729967755745,5.336239376741622,4.401715578789901,0.13559322,0.08474576,0.10859729,,89.36287338277488,92.4361601192201,87.89922309507358,41.285632443438914,32.46208941176471,1.2722133936651585
570257,Joely Rodriguez,BOS,11.0,11.0,0.0,51.0,11.0,15.0,8.0,12.0,2.0,0.0,3.0,6.545456407484474,5.257389464014002,2.6741213512755664,2.8096333572597985,0.21568627,0.03921569,0.0990566,,98.57569811320754,99.40927987421384,94.94624213836478,48.86958617924528,63.330367499999994,-0.16163721698113204
543766,Bryan Shaw,CHW,4.0,5.0,0.0,24.0,4.0,8.0,4.0,5.0,4.0,0.0,1.0,9.000004559757636,7.416481931508678,7.190498629460349,5.98386797026267,0.16666667,0.16666667,0.04210526,,92.39198272955117,82.70863730538467,78.2150319131161,41.812580315789475,25.46034905263158,1.3914422105263156
660761,Jose Suarez,LAA,35.1,18.0,1.0,172.0,37.0,44.0,32.0,34.0,22.0,4.0,5.0,8.150944590186773,5.119310253022043,4.99139522246059,4.528845655116275,0.21511628,0.12790698,0.11220196,,99.97237010913273,84.98292577763053,88.02042836602415,49.71877136044881,32.36173412342216,0.5102478821879383
641835,Tim Mayza,TOR,24.2,35.0,0.0,121.0,16.0,36.0,22.0,24.0,12.0,0.0,3.0,8.027029959139055,4.909723658304843,5.228869474593632,5.139404314358819,0.1322314,0.09917355,0.06540084,,99.61746835443039,95.82506329113924,98.04198312236285,47.45385382096068,46.330038930130996,0.45924635371179034
595928,John Curtiss,COL,0.1,1.0,0.0,3.0,0.0,3.0,2.0,2.0,0.0,0.0,1.0,54.00005632644807,42.16652045850229,7.702509728403339,7.347395748822226,0.0,0.0,0.2,,82.988,113.17999999999999,109.144,44.58435,80.0,-0.70717
641745,Brad Keller,- - -,33.1,14.0,2.0,149.0,24.0,35.0,19.0,20.0,11.0,1.0,6.0,5.130000498408128,5.146479970657844,4.666250263653749,4.446280074404357,0.16107383,0.0738255,0.08739496,,92.3651309935739,98.08127632229363,92.58811566979732,40.91891826890756,46.7197094789916,0.28869085714285714
682052,Jacob Lopez,TBR,5.1,3.0,0.0,27.0,2.0,3.0,5.0,6.0,5.0,2.0,1.0,8.43750050291422,8.791480113565942,10.039500678119564,8.252981481345085,0.07407407,0.18518519,0.06603774,,83.65132075471699,73.12962264150943,64.15622641509434,44.21015,20.0,2.0808099056603773
571539,Matt Carasiti,COL,8.2,7.0,0.0,43.0,7.0,16.0,10.0,10.0,3.0,1.0,2.0,10.384618574699276,5.935711398209602,3.982485848653347,3.976957855376048,0.1627907,0.06976744,0.07647059,,89.12244982698962,102.95548788927336,89.16241522491349,32.53502211764706,71.36550335294116,-0.2942247647058823
669060,Bryse Wilson,MIL,78.0,20.0,9.0,330.0,62.0,72.0,37.0,38.0,28.0,4.0,14.0,4.269231084050888,5.140838898241256,4.707208402286977,4.498469594242632,0.18787879,0.08484848,0.08603896,,102.04669686685148,94.46749261516585,96.05538007476605,43.23106016233766,54.607176956168836,0.18847297077922076
595881,Tyler Beede,CLE,14.0,13.0,0.0,68.0,18.0,16.0,13.0,14.0,9.0,3.0,2.0,8.357143462008404,5.0236227698472184,4.462487077424033,3.9772221652588238,0.26470588,0.13235294,0.12592593,,90.41642035495369,93.66069074629077,81.86700571033904,34.27158359259259,40.95287725925925,0.9873699629629631
675540,Xzavion Curry,CLE,15.2,4.0,3.0,68.0,9.0,18.0,10.0,11.0,3.0,0.0,4.0,5.744681084193822,5.911160740737954,5.487347033325348,5.396535315077209,0.13235294,0.04411765,0.07984791,,91.90545588577638,106.64141499185224,95.80542542872662,29.547962319391637,44.977963688212924,-0.4091630038022814
502179,Paolo Espino,TOR,4.2,2.0,0.0,23.0,2.0,8.0,4.0,4.0,2.0,1.0,2.0,7.714286765273879,9.809337826164525,6.505921414013983,5.59453248915878,0.08695652,0.08695652,0.06024096,,91.07108433734939,100.04819277108433,96.01445783132532,48.80056180722892,47.88737012048193,0.12008746987951807
608334,Carson Fulmer,LAA,36.1,21.0,0.0,159.0,34.0,28.0,16.0,18.0,22.0,3.0,4.0,3.9633032030835427,4.790333173997635,4.982122035517928,4.691857835979281,0.21383648,0.13836478,0.10339257,,90.44175001223871,86.46402490168244,83.05071310846755,47.73435429725363,46.60465693053311,0.7393328432956382
678906,Kai-Wei Teng,SFG,11.0,4.0,0.0,55.0,7.0,15.0,12.0,12.0,8.0,1.0,2.0,9.818182669395332,6.711934631126998,6.4101278861726945,5.883549576961307,0.12727273,0.14545455,0.08333333,,95.12549019607843,90.28372549019609,89.53382352941178,53.06038666666666,48.04996416666667,0.34492808823529414
543294,Kyle Hendricks,CHC,61.1,15.0,10.0,272.0,46.0,76.0,51.0,52.0,18.0,1.0,13.0,7.483696156419101,5.351262534194282,4.222880199642702,4.407005542695833,0.16911765,0.06617647,0.08625878,,85.86603238286288,105.97774036394901,92.920257916607,38.008809338014046,61.680131173520564,-0.04883235707121366
621345,A.J. Minter,ATL,21.1,25.0,0.0,83.0,23.0,15.0,7.0,7.0,6.0,0.0,5.0,2.9531254771792055,4.9008550585379,3.6967401090545278,3.163683214104503,0.27710843,0.07228916,0.15873016,,110.59346031746033,99.6720126984127,110.0136761904762,66.41480726984126,60.159694888888886,-0.6884199682539682
702352,Spencer Bivens,SFG,14.0,6.0,1.0,55.0,14.0,10.0,4.0,5.0,4.0,0.0,4.0,2.5714285714285716,5.737908349718367,3.4276304412100997,3.3662355512674256,0.25454545,0.07272727,0.11538462,,106.03826923076923,103.45374999999999,104.6035576923077,48.47398033653846,59.46472451923077,-0.13471423076923075
663321,Nick Hernandez,HOU,6.0,3.0,0.0,27.0,7.0,8.0,6.0,6.0,1.0,0.0,4.0,9.000001430511702,9.999814197752384,3.0971562411966267,2.8567565213399764,0.25925926,0.03703704,0.16216216,,87.14674610974609,97.98931326781326,84.33690049140048,45.76797009009009,53.560827027027024,0.19427684684684682
669422,Matt Sauer,KCR,16.1,14.0,0.0,84.0,9.0,23.0,14.0,14.0,11.0,1.0,3.0,7.714285864426863,6.6562757645781385,7.323394802377711,6.282178191961712,0.10714286,0.13095238,0.06727829,,104.57013258581486,86.67678483885409,88.02797942098016,39.382256574923545,34.71753871559633,0.5989514373088685
669796,Jose Hernandez,PIT,5.1,7.0,0.0,25.0,4.0,5.0,2.0,2.0,4.0,0.0,1.0,3.3750015213161113,6.353981215088345,6.75149715593868,6.307871484014893,0.16,0.16,0.14606742,,98.62404494382021,102.90382022471908,100.54988764044943,41.19662719101123,57.6881897752809,0.18285528089887645
554431,Tyler Matzek,ATL,10.0,11.0,0.0,48.0,10.0,16.0,11.0,11.0,3.0,0.0,3.0,9.90000203579706,5.966480354070782,4.032090884379048,3.833145753839684,0.20833333,0.0625,0.06703911,,97.24495344506516,92.61873370577281,88.59307262569833,57.08422798882681,54.05490553072626,-0.10738357541899442
622786,Jesus Tinoco,TEX,10.0,9.0,0.0,50.0,9.0,11.0,9.0,9.0,7.0,2.0,2.0,8.100002438128728,6.666480831802208,5.578488910534746,4.943019084014892,0.18,0.14,0.12735849,,110.15424528301887,91.2977358490566,97.48292452830188,56.935134245283024,45.540805377358495,0.2610788679245283
622694,Elieser Hernandez,- - -,15.2,9.0,1.0,64.0,8.0,14.0,11.0,11.0,5.0,0.0,5.0,6.319149589298497,7.2515865834928634,5.997985529668432,5.98800348143766,0.125,0.078125,0.08730159,,95.81984714873603,98.19438271604939,91.15555555555554,42.2236921031746,54.834733373015865,0.3456788888888888
800049,Adam Mazur,SDP,22.1,5.0,5.0,103.0,11.0,24.0,18.0,18.0,17.0,0.0,3.0,7.253731756280458,6.211256071049494,6.631447244186827,6.953414535335761,0.10679612,0.16504854,0.06735751,,91.3508519585541,89.83278113504407,84.30173862170729,42.919837642487046,42.06187841968912,0.8031921502590674
547973,Aroldis Chapman,PIT,30.0,36.0,0.0,136.0,49.0,20.0,13.0,17.0,28.0,1.0,4.0,3.9000006780029524,4.53314668254724,4.110220561081804,4.174718747522648,0.36029412,0.20588235,0.1276252,,103.73942446133353,100.04804588285054,103.58123943433208,70.09369709208403,36.346707754442654,-0.1552276736672052
661395,Jhoan Duran,MIN,25.2,27.0,0.0,102.0,23.0,18.0,10.0,13.0,8.0,3.0,4.0,3.5064938864995474,4.685960462439599,3.543627589032011,3.2447060122968585,0.2254902,0.07843137,0.1285347,,124.10787457981041,88.11404706602036,108.89331058102962,51.5760692544987,44.05879632390746,0.10524964010282778
656420,J.P. Feyereisen,LAD,11.0,10.0,0.0,48.0,9.0,11.0,10.0,10.0,5.0,1.0,3.0,8.181818913329797,6.711934640732707,5.365764929425743,4.685616661110045,0.1875,0.10416667,0.09444444,,87.55780676328503,100.94383574879228,90.52913526570048,44.14180811111111,47.613155000000006,0.4871369444444445
682990,Quinn Priester,PIT,31.2,6.0,6.0,145.0,20.0,39.0,17.0,21.0,10.0,0.0,7.0,4.831579189881736,5.724374643521302,4.235371740796916,4.387831349704639,0.13793103,0.06896552,0.10556622,,90.1779060840066,99.0290764629737,90.16127393652636,35.466580825335896,51.41122980806142,0.5493148560460652
676680,Tom Cosgrove,SDP,14.2,18.0,0.0,76.0,15.0,23.0,19.0,19.0,6.0,4.0,3.0,11.65909553673456,5.8255717428082034,5.022127195183111,4.09262433665085,0.19736842,0.07894737,0.07430341,,110.09469969040249,99.151826625387,102.15748606811147,55.1604788854489,52.47581160990711,-0.3438875232198142
676879,Aaron Ashby,MIL,8.2,2.0,2.0,43.0,5.0,8.0,6.0,10.0,7.0,0.0,2.0,6.230769687855771,7.43571086070949,5.482485767883043,5.789041684015053,0.11627907,0.1627907,0.0867052,,96.66907300363948,99.2831807607222,93.85279112252907,44.22691901734104,44.68467994219653,0.8113290173410403
656232,Brandon Bielak,- - -,23.0,13.0,0.0,109.0,12.0,31.0,13.0,13.0,8.0,2.0,4.0,5.086957174291767,5.688219232212209,5.728232029421787,5.233300243635498,0.11009174,0.0733945,0.0556962,,87.25293369849086,96.83313015221542,89.58754534573356,35.34729065822785,39.28678448101265,0.9610616962025317
621111,Walker Buehler,LAD,37.0,8.0,8.0,168.0,31.0,46.0,24.0,27.0,10.0,3.0,10.0,5.837837988308004,6.058371744720149,4.302057144519829,4.318117017528259,0.18452381,0.05952381,0.07219662,,100.13754652948951,101.76376522702104,104.25545600685885,48.55698729646697,52.99411224270353,-0.25525261136712757
592426,Luke Jackson,SFG,26.0,28.0,0.0,117.0,20.0,29.0,18.0,19.0,14.0,1.0,3.0,6.2307702092201875,4.8587877363495995,4.696333608650216,4.7327334695322705,0.17094017,0.11965812,0.11804009,,100.36110712787507,105.44121005681076,107.31450568394105,62.001589710467705,41.93994420935413,-0.220821158129176
683409,Angel Chivilli,COL,5.1,5.0,0.0,23.0,2.0,8.0,5.0,5.0,0.0,0.0,3.0,8.437500550062431,9.72898020611613,3.8339877026393596,3.2773377931791097,0.08695652,0.0,0.09195402,,82.68285846742518,97.11919008923408,81.9543836587275,38.69044091954023,39.17540333333333,1.2720327586206897
686973,Louie Varland,MIN,26.0,6.0,5.0,124.0,25.0,33.0,19.0,21.0,10.0,3.0,6.0,6.576923318163186,5.74340294973385,4.197257129773355,4.1999481515357,0.2016129,0.08064516,0.0955414,,93.32454766357881,92.64936725213367,90.47023754439435,53.625031019108285,48.598556390658175,0.41006949044585983
621051,Steven Wilson,CHW,24.0,28.0,0.0,108.0,23.0,17.0,10.0,16.0,17.0,1.0,4.0,3.750001126900654,5.666480529556898,5.767826502678179,5.255367121789388,0.21296296,0.15740741,0.09345794,,106.95169413763807,85.6624519966015,91.26561172472385,58.98910623831776,42.61135528037383,0.18561859813084114
656794,Sean Newcomb,OAK,10.0,7.0,0.0,45.0,7.0,9.0,7.0,7.0,8.0,1.0,2.0,6.300000619590343,7.066480161845722,5.978488461066147,5.966634264232418,0.15555556,0.17777778,0.07567568,,96.21422331422332,84.55446464646465,84.28970898170897,52.73127108108109,27.800108972972975,1.0321863243243243
621016,Jose Cuas,- - -,15.1,11.0,0.0,73.0,16.0,18.0,13.0,14.0,6.0,3.0,4.0,7.630435904801508,6.231697620389546,5.009796458309686,4.003124271373598,0.21917808,0.08219178,0.10452962,,99.39268292682927,94.77714285714285,93.86167247386759,59.94369630662021,40.79878348432056,0.14440209059233453
642546,Jonathan Hernandez,TEX,29.2,18.0,0.0,132.0,29.0,27.0,14.0,16.0,23.0,0.0,3.0,4.247191801981525,4.851873350504686,4.70949781870843,5.0568477186677105,0.21969697,0.17424242,0.13848921,,103.59876533894835,86.75630900157923,90.28454132303912,53.40721046762591,37.45720913669065,0.6056458273381294
641302,Tyler Alexander,TBR,56.2,11.0,6.0,247.0,48.0,63.0,39.0,39.0,13.0,3.0,13.0,6.194117820799149,5.301773955830242,4.640798608019249,4.294329728575358,0.19433198,0.05263158,0.08874459,,100.58144429363762,106.95927298183601,101.16017349426653,47.857755714285716,64.98345851731601,-0.7781840151515153
592288,Kent Emanuel,MIA,9.1,5.0,0.0,42.0,6.0,10.0,7.0,8.0,3.0,2.0,3.0,6.750000251457105,7.666479945927865,5.1079174287088405,4.295899158612825,0.14285714,0.07142857,0.04545455,,92.01363636363637,84.0912987012987,75.06831168831168,41.38618155844156,43.50927883116883,0.981376948051948
623433,Nick Anderson,KCR,31.2,33.0,0.0,138.0,25.0,32.0,14.0,15.0,15.0,1.0,5.0,3.9789478415003674,5.155953699039979,5.060975097908386,4.704003764614752,0.18115942,0.10869565,0.09902913,,88.50618839025054,100.82682557313231,86.56624064091248,29.499462233009705,47.637492097087375,0.6034140776699031
542585,Jose Cisnero,LAA,14.0,14.0,0.0,66.0,16.0,17.0,11.0,13.0,7.0,1.0,4.0,7.071430136963159,6.3093376169400885,4.323061070025935,3.9080165077599576,0.24242424,0.10606061,0.10283688,,104.88999716312054,89.42715177304963,95.24586950354612,54.23184230496454,38.25208879432624,0.45959421985815613
543037,Gerrit Cole,NYY,13.0,3.0,3.0,57.0,11.0,13.0,9.0,9.0,6.0,2.0,4.0,6.230769230769231,7.320325932135949,5.762801049878965,5.108862652272477,0.19298246,0.10526316,0.09375,,106.04487676056338,91.60045145875253,97.68898767605636,50.12449053571429,49.52732651785714,0.18572919642857144
571863,Matt Koch,COL,0.1,2.0,0.0,5.0,0.0,3.0,3.0,4.0,1.0,0.0,1.0,81.0000844896721,51.166529846243634,21.238549066258223,9.249769084014893,0.0,0.2,0.08695652,,100.8095652173913,86.72086956521738,72.27652173913044,41.65332565217391,36.10863173913043,0.5680565217391305
669169,Jonathan Heasley,BAL,5.1,4.0,0.0,29.0,4.0,10.0,10.0,11.0,3.0,1.0,2.0,16.875001100124862,8.791480144998083,5.0504862057794355,4.205715998063612,0.13793103,0.10344828,0.08333333,,86.93347736625513,91.82185596707819,86.47252674897119,38.584964259259266,38.31539574074074,1.0839475925925925
666974,Yennier Cano,BAL,34.2,40.0,0.0,145.0,34.0,30.0,12.0,14.0,17.0,1.0,5.0,3.1153855911574833,4.637634085225273,3.591330672460115,3.551579597457051,0.23448276,0.11724138,0.13993174,,108.4478303266699,112.67180887372012,120.88535998699818,56.15029651877134,64.5564265699659,-0.6447836518771329
676106,Emerson Hancock,SEA,41.1,8.0,8.0,178.0,24.0,40.0,22.0,27.0,13.0,3.0,8.0,4.7903227280131535,5.68260888795327,5.25158820908009,5.269394024050883,0.13483146,0.07303371,0.08649469,,88.44517896551078,97.74600266022217,87.85597197399727,37.92724261001517,55.65609825493172,0.2985406069802732
502624,Chase Anderson,BOS,42.2,21.0,1.0,177.0,24.0,32.0,20.0,20.0,16.0,2.0,7.0,4.218750062864275,5.439917312166655,5.645992818611869,5.223563916449416,0.13559322,0.09039548,0.11142454,,94.28224219843092,100.03469522184906,96.40368483758999,48.61022823695345,46.01484545839211,0.18517423131170663
543351,Jay Jackson,MIN,26.1,20.0,0.0,114.0,29.0,28.0,22.0,24.0,9.0,0.0,7.0,7.518988011185568,5.444960993800573,3.8266419509537135,3.4752167010611097,0.25438596,0.07894737,0.11479029,,93.58061179438661,99.3315862503942,92.48360769473352,36.47492668874172,53.33928529801324,0.5581733333333333
641726,Daulton Jefferies,- - -,12.2,5.0,1.0,66.0,9.0,23.0,16.0,20.0,3.0,1.0,4.0,11.368421623251143,6.798058907939467,5.557653720626026,4.669162680353325,0.13636364,0.04545455,0.07936508,,93.1557142857143,106.95428571428573,101.39936507936508,42.24665746031746,65.35711646825396,-0.26966972222222224
666277,George Soriano,MIA,11.2,10.0,0.0,54.0,12.0,11.0,12.0,12.0,7.0,2.0,3.0,9.257144969629264,6.7664805998122874,5.238033195628708,4.536089846047384,0.22222222,0.12962963,0.08294931,,91.39783410138249,91.72568663594471,85.46470046082948,51.517059447004605,42.65699442396314,0.6046199078341015
621199,Matt Bowman,- - -,15.0,10.0,0.0,66.0,10.0,11.0,9.0,9.0,7.0,2.0,3.0,5.4000007188321115,6.233146853182106,5.346756262239863,4.923485748600371,0.15151515,0.10606061,0.06177606,,105.21760617760619,99.32108108108109,109.84239382239382,54.27662861003861,52.44660949806949,-0.3031865637065636
518397,Scott Alexander,OAK,12.2,16.0,0.0,50.0,6.0,9.0,6.0,7.0,5.0,0.0,2.0,4.263159181974659,5.455954153794705,4.716382283256607,4.9315994840148925,0.12,0.1,0.09032258,,105.30279815668203,104.50928294930875,109.35962396313364,40.91997148387097,44.91605632258064,0.28747574193548386
668676,Zach Plesac,LAA,12.0,3.0,3.0,54.0,5.0,12.0,11.0,11.0,7.0,0.0,4.0,8.250000655651144,8.416480195522341,7.3591649916418564,7.497679700934554,0.09259259,0.12962963,0.07177033,,81.4755162575733,81.86708969440207,65.46028962922364,30.643942679425837,40.24293440191388,1.4801313875598088
650893,Genesis Cabrera,TOR,33.1,35.0,0.0,144.0,20.0,33.0,15.0,21.0,14.0,1.0,5.0,4.050000907659734,5.2664802489281755,5.130890306006884,5.024989124674528,0.13888889,0.09722222,0.10515873,,109.7738166793524,92.8676902958153,100.1841256858221,47.5577959387755,42.743874224489794,0.11904306122448978
669084,DL Hall,MIL,16.1,4.0,4.0,84.0,13.0,27.0,14.0,14.0,10.0,2.0,4.0,7.714286314850345,6.962398441152663,5.630163732810621,5.491993691672427,0.1547619,0.11904762,0.07902736,,85.03340413237254,100.48236920870188,87.2301519756839,46.21073613981763,50.79862361702127,0.49891613981762917
656629,Michael Kopech,CHW,35.1,35.0,0.0,156.0,50.0,29.0,17.0,18.0,20.0,5.0,7.0,4.330189087091005,5.03440448252513,3.871091469333677,3.360438981090536,0.32051282,0.12820513,0.14374034,,128.01098982483256,87.31834492529624,113.33158809891809,72.71355221020094,52.79454655332306,-1.16424885625966
668868,Zack Thompson,STL,17.0,5.0,2.0,83.0,20.0,24.0,18.0,18.0,8.0,1.0,6.0,9.529412867288816,6.9900096324488885,4.358490794849268,4.024165499036669,0.24096386,0.09638554,0.09148265,,89.44258675078864,98.62927444794954,86.5591167192429,36.47538179810725,48.32496974763407,0.8400998107255521
683004,Jack Leiter,TEX,9.1,3.0,3.0,55.0,7.0,18.0,17.0,19.0,6.0,2.0,3.0,16.392859376206996,8.416480493545631,7.153925104963994,5.907841150917536,0.12727273,0.10909091,0.09569378,,100.01952153110047,86.0072727272727,85.49732057416269,53.52762679425837,45.45720626794258,0.20994229665071776
605447,Jordan Romano,TOR,13.2,15.0,0.0,62.0,13.0,16.0,10.0,10.0,4.0,1.0,4.0,6.585366691350334,6.166480159904948,4.353027586199792,3.927063114113403,0.20967742,0.06451613,0.11162791,,103.09013107822412,104.73578858350952,112.81299788583509,52.573804790697665,57.04786641860465,-0.3622732093023256
680742,Jonathan Bowlan,KCR,2.2,1.0,1.0,17.0,3.0,6.0,4.0,4.0,3.0,0.0,3.0,13.500003218651585,18.91648353338331,7.126496484097351,6.187026660617574,0.17647059,0.17647059,0.14705882,,105.83500000000001,82.60176470588236,88.38058823529411,58.35369,40.4351,-0.01142
607179,Jordan Weems,WSN,31.2,34.0,0.0,141.0,25.0,33.0,22.0,26.0,15.0,2.0,5.0,6.252632510662218,5.2506906151772,5.29895493417216,4.747940589322492,0.17730496,0.10638298,0.09477756,,100.54003642811088,85.03769062970129,85.57206339995703,47.123659787234054,45.063257292069636,0.6151223984526112
621294,Ben Heller,PIT,2.0,2.0,0.0,20.0,3.0,9.0,11.0,12.0,1.0,4.0,1.0,49.5,14.166479778289794,9.934492387622594,3.921834084014893,0.15,0.05,0.09210526,,115.59120969089389,75.30977485380117,85.54528153717628,61.1786205263158,34.61949473684211,0.857778947368421
518617,Jake Diekman,NYM,26.1,35.0,0.0,114.0,30.0,13.0,12.0,16.0,20.0,3.0,3.0,4.101267496834613,4.989265332438512,4.426941096563561,4.601252014468808,0.26315789,0.1754386,0.09958506,,106.9360732398077,82.61265362576566,89.6341210564447,67.86243127232143,42.04417392857143,0.08547024553571433
519043,Matt Moore,LAA,31.2,34.0,0.0,134.0,25.0,26.0,17.0,19.0,13.0,1.0,7.0,4.8315795263690005,5.787532723967097,5.301230149198407,4.687567964009855,0.18656716,0.09701493,0.11559633,,103.94571897633995,91.17812844036698,94.08773346209561,52.951330752293586,43.71051377981651,0.3899914128440367
663432,Tanner Rainey,WSN,23.0,22.0,0.0,113.0,17.0,27.0,19.0,19.0,15.0,4.0,5.0,7.434782608695652,6.992566734811534,6.7960596151973895,5.628528988671495,0.15044248,0.13274336,0.12472648,,100.43365426695841,82.67028446389494,84.7697592997812,49.277606936542654,38.15243376367614,0.8807267177242887
608371,Lucas Sims,CIN,27.1,33.0,0.0,119.0,31.0,22.0,12.0,12.0,16.0,1.0,6.0,3.95122046285575,5.617699880246603,4.9767364180632825,4.3050513078735975,0.2605042,0.13445378,0.10590631,,114.30639171758315,91.55446707399867,106.2290291921249,59.99313470468432,42.93625539714867,-0.3708463951120163
657508,Mike Baumann,- - -,31.2,32.0,0.0,138.0,31.0,28.0,15.0,18.0,14.0,1.0,6.0,4.263158666410744,5.092795916445761,4.539543276792338,4.066652836273729,0.22463768,0.10144928,0.11411992,,101.23443492677535,94.76578867090356,98.66831732522796,56.51832396518376,44.864720889748554,0.286195338491296
643493,Austin Pruitt,TEX,4.1,4.0,0.0,24.0,1.0,8.0,6.0,6.0,3.0,0.0,3.0,12.46154228963913,13.781867654649055,7.573265881972445,7.125123191840254,0.04166667,0.125,0.02564103,,87.87882642998026,107.60727810650889,106.99787968441815,34.805733076923076,58.373974743589734,0.20399358974358978
669952,Mitch White,- - -,23.2,13.0,0.0,110.0,13.0,26.0,19.0,21.0,13.0,1.0,4.0,7.225352925479657,6.03971953812966,5.6952790957387975,5.598784456343849,0.11818182,0.11818182,0.07021792,,92.37919895076674,105.04917594834544,99.23731746031747,45.65219825665859,56.505772736077475,-0.0165937772397094
671106,Logan Allen,CLE,83.0,17.0,17.0,365.0,67.0,97.0,53.0,54.0,31.0,4.0,18.0,5.7469882819732,5.636359438257313,4.7298639964595885,4.698051621213498,0.18356164,0.08493151,0.09135977,,92.61619457440888,94.97654214926737,86.63901584328232,42.02429830028329,49.463242875354105,0.4756331019830028
647315,Zach Pop,TOR,24.2,29.0,0.0,101.0,18.0,23.0,15.0,16.0,7.0,0.0,6.0,5.472974720866677,5.720534648027578,3.9069199446363436,3.884614392184851,0.17821782,0.06930693,0.10787172,,108.61995918367347,102.4198717201166,110.58250728862973,51.82062285714286,41.03978324404762,-0.3681071130952381
696131,Mason Black,SFG,14.1,4.0,3.0,72.0,10.0,21.0,14.0,14.0,7.0,3.0,4.0,8.79069845427566,7.492061557377818,6.501378457086746,5.633002501148569,0.13888889,0.09722222,0.05323194,,93.79011406844106,91.23368821292776,83.01939163498098,40.42727863117871,45.99869904942965,0.5891011406844107
663462,Isaiah Campbell,BOS,6.2,8.0,0.0,37.0,6.0,14.0,12.0,13.0,2.0,0.0,3.0,16.200001689791854,8.116480294615084,3.6272873919554547,3.677761956829428,0.16216216,0.05405405,0.10084034,,101.0767032967033,96.49410471881062,99.40726567550097,50.72088243697478,42.102406050420164,-0.1544951260504202
608678,Dominic Leone,CHW,15.1,18.0,0.0,70.0,15.0,15.0,12.0,15.0,11.0,0.0,4.0,7.043479830646684,6.753437099452459,4.742661717862271,4.899338881944395,0.21428571,0.15714286,0.18505338,,96.23615658362989,85.32661921708184,85.21281138790037,49.1874593594306,33.694081138790025,1.005110462633452
656234,Jake Bird,COL,23.0,22.0,0.0,109.0,16.0,25.0,16.0,17.0,18.0,2.0,3.0,6.260870952462286,6.079523902004887,6.02735911460074,5.859439125044921,0.14678899,0.16513761,0.08663366,,107.28031353135313,82.32754125412539,84.31519801980198,42.74300173267327,41.955964158415846,0.6282077227722772
694462,Hurston Waldrep,ATL,7.0,2.0,2.0,36.0,3.0,9.0,13.0,13.0,8.0,1.0,3.0,16.71428799142674,11.737909517482995,8.326492490174118,8.23947831383472,0.08333333,0.22222222,0.08270677,,101.00255639097745,64.4824060150376,71.1751879699248,55.37756766917293,35.161993082706765,0.8964086466165414
600986,Thyago Vieira,- - -,32.2,23.0,0.0,152.0,32.0,33.0,21.0,21.0,21.0,2.0,8.0,5.785715095069015,6.503214938938063,5.170980147947514,4.763670737987067,0.21052632,0.13815789,0.10126582,,97.93648268422754,94.04631791902254,94.64196931061618,48.375986803797474,39.38714712025316,0.018650000000000035
571946,Shelby Miller,DET,26.0,24.0,0.0,109.0,25.0,20.0,18.0,19.0,7.0,3.0,6.0,6.23077019493623,5.397249354254618,4.432645136441547,3.617085952315867,0.2293578,0.06422018,0.11282051,,88.85919505494505,97.21409706959707,87.76604990842493,46.03622707692307,48.381157487179486,0.39323256410256413
660853,Enyel De Los Santos,SDP,33.1,37.0,0.0,137.0,40.0,30.0,14.0,15.0,10.0,1.0,10.0,3.780001083720041,5.656480492168869,3.706970777273876,3.032207160693382,0.2919708,0.0729927,0.15544041,,96.74408279688075,109.34991233579314,103.43593525932906,41.13760563039724,66.50479637305698,-0.08199319516407595
624647,Victor Gonzalez,NYY,23.1,27.0,0.0,97.0,11.0,13.0,10.0,12.0,13.0,3.0,3.0,3.8571439245528625,5.952194834911307,5.965575634118619,5.732273140836066,0.11340206,0.13402062,0.07512953,,95.56239378238341,81.59023834196891,81.0231226252159,47.99278845528455,35.566912791327915,1.062627723577236
541640,Erasmo Ramirez,TBR,16.0,11.0,0.0,66.0,9.0,11.0,8.0,10.0,6.0,1.0,4.0,4.500000578351393,6.603980220085998,5.8109937782799195,5.214400565451071,0.13636364,0.09090909,0.08225108,,94.938354978355,107.51272727272726,100.33064935064935,41.554237792207786,63.36397943722945,-0.2246551515151515
666204,Dany Jimenez,OAK,23.2,23.0,0.0,105.0,21.0,16.0,8.0,11.0,18.0,1.0,4.0,3.0422539936127704,5.997466133457234,6.228014877844859,5.591720912108589,0.2,0.17142857,0.10353535,,94.70178022460632,86.48608821130561,85.23165600100384,42.33905277777778,42.44590085858586,0.8157113636363634
670766,Darren McCaughan,- - -,10.2,3.0,0.0,58.0,3.0,18.0,14.0,14.0,9.0,2.0,5.0,11.812500704079909,11.791480292379887,8.81624745287479,7.54945798056141,0.05172414,0.15517241,0.02870813,,87.2380861244019,78.47052631578947,67.91358851674642,49.29886464114833,31.895803253588515,1.2656251674641146
641755,Tyler Kinley,COL,33.2,36.0,0.0,160.0,34.0,39.0,30.0,30.0,21.0,1.0,8.0,8.019802877072442,6.196183087406051,5.172986537916254,4.689695334014893,0.2125,0.13125,0.14307692,,91.83606432157318,98.92026978214768,93.2968937150569,47.39258525078372,41.061090062695925,0.9275599686520383
657024,Erik Swanson,TOR,14.2,18.0,0.0,70.0,10.0,21.0,15.0,15.0,4.0,0.0,6.0,9.204546545578435,7.939207616737872,4.785946551884227,4.5482703181980115,0.14285714,0.05714286,0.08300395,,91.42426877470356,94.22252964426879,90.11644268774704,43.49844737704918,41.22241454918033,0.4867451229508197
674072,Tommy Henry,ARI,38.1,9.0,7.0,182.0,30.0,49.0,30.0,31.0,18.0,4.0,9.0,7.043478494510767,6.375175536900255,5.216299067988828,5.0149776499367285,0.16483516,0.0989011,0.07082153,,84.1428876043182,101.88503904754614,86.03728887527755,35.26769259206799,52.06550042492918,0.5331296600566572
681982,Grant Anderson,TEX,17.0,16.0,0.0,78.0,17.0,22.0,18.0,18.0,8.0,1.0,6.0,9.529414019989428,7.342951354951829,4.444607123026413,4.084036286911578,0.21794872,0.1025641,0.1048951,,104.07573426573428,100.66930069930069,105.55573426573427,53.89680793706294,52.167348426573426,-0.13378545454545457
593576,Hector Neris,CHC,29.2,31.0,0.0,134.0,30.0,26.0,14.0,15.0,22.0,1.0,4.0,4.247191260121669,5.222659674062984,4.947881358425027,4.9303735411740615,0.2238806,0.1641791,0.09090909,,92.71248063349881,95.55474244395768,90.70238527963713,47.95516705882354,39.21128379679144,0.5973370053475936
680897,Nick Nastrini,CHW,24.2,6.0,6.0,122.0,19.0,24.0,23.0,25.0,25.0,1.0,6.0,8.391892108192756,7.950263685375521,7.05611410949947,6.979708858463333,0.1557377,0.20491803,0.10728745,,90.67310591968486,70.89295108874056,69.3074094539884,38.733030364372475,20.0,1.0198512145748988
593974,Wandy Peralta,SDP,32.0,38.0,0.0,137.0,19.0,29.0,14.0,15.0,11.0,3.0,6.0,3.937500883767114,5.728980353439821,4.756238278636522,4.506483356299766,0.13868613,0.08029197,0.08076923,,94.08221205373572,102.25802309225863,99.61034108391607,49.21924800000001,42.944741,0.6434299423076925
663738,Daniel Lynch IV,KCR,22.2,5.0,3.0,99.0,15.0,20.0,16.0,17.0,8.0,4.0,6.0,6.352941354665794,6.872362235178175,5.699198341016379,4.973948257378583,0.15151515,0.08080808,0.08547009,,88.98939468446318,95.5115201186434,86.78942122311985,41.518587749287754,45.852708717948715,0.5037132193732194
676714,Brandon Hughes,ARI,14.0,12.0,2.0,74.0,18.0,23.0,16.0,16.0,7.0,2.0,8.0,10.285716453377539,9.9521954940597,5.007636833668924,4.025195295572891,0.24324324,0.09459459,0.10921502,,97.8681806977626,102.19074800910126,101.16400170648464,54.51656283276451,52.07307279863481,0.034932286689419806
641401,Connor Brogdon,- - -,3.0,4.0,0.0,19.0,3.0,5.0,8.0,9.0,6.0,0.0,4.0,24.00000834465317,24.499820529092613,10.190499032941203,8.99275400989718,0.15789474,0.31578947,0.10309278,,102.3818556701031,64.50886597938143,72.91113402061856,57.52407567010309,32.45629020618557,1.0745692783505154
666720,Yerry Rodriguez,TEX,17.0,12.0,0.0,78.0,12.0,16.0,13.0,13.0,11.0,1.0,5.0,6.88235374955167,7.695892075003288,5.918020886363798,5.510340205213565,0.15384615,0.14102564,0.09064327,,99.8432110579479,95.7487985114301,94.52517278043594,51.776595614035095,47.1720781871345,0.2689416081871345
606149,Giovanny Gallegos,STL,11.2,15.0,0.0,57.0,14.0,15.0,12.0,12.0,8.0,0.0,5.0,9.2571466012892,8.395053321610547,4.6380333180835684,4.327600735175133,0.24561404,0.14035088,0.12307692,,96.81376923076921,96.50353846153844,90.76823076923077,42.355797461538465,45.70303353846155,0.7897364615384616
543518,Scott McGough,ARI,27.0,22.0,2.0,124.0,20.0,28.0,22.0,25.0,18.0,1.0,5.0,7.333334677013596,6.203517371800476,5.756120779371269,5.510744110965574,0.16129032,0.14516129,0.12083333,,86.32507821681865,93.58990080420466,83.45189152735563,36.87439231250001,45.863069166666655,0.8593674166666666
686826,Bryce Jarvis,ARI,47.1,34.0,0.0,209.0,29.0,42.0,19.0,23.0,27.0,5.0,6.0,3.6126764604651913,5.6171842777866505,5.694264299141091,5.4508581102523275,0.13875598,0.1291866,0.09725686,,94.8840944084109,89.53536325009784,84.01253590201249,47.36786223192019,40.318553940149634,0.8441872693266834
606160,Rafael Montero,HOU,31.1,34.0,0.0,136.0,20.0,30.0,15.0,16.0,14.0,3.0,6.0,4.308511251630159,6.006905714549678,5.158233864319319,4.9673259709938025,0.14705882,0.10294118,0.07504363,,102.4466666666667,94.62076788830716,97.6488307155323,48.31207666666666,47.78930977312391,-0.014520732984293131
606965,Chris Devenski,TBR,26.2,19.0,0.0,122.0,24.0,28.0,20.0,25.0,14.0,0.0,9.0,6.750000673905082,7.328980193864596,5.7197954796398465,5.004122257615265,0.19672131,0.1147541,0.11235955,,100.66266406122782,93.85740270314281,94.71291320631816,60.244332471910134,50.42739440074905,0.0831608988764045
664208,Phil Maton,TBR,32.1,37.0,0.0,142.0,26.0,28.0,18.0,19.0,17.0,5.0,6.0,5.010309803275608,6.0118409011376714,5.189416664814666,4.693709242345253,0.18309859,0.11971831,0.12105263,,93.99660964912282,100.59792456140352,102.43597660818712,65.77265017985611,39.48761160071942,0.008238974820143855
640470,Adbert Alzolay,CHC,17.1,18.0,0.0,75.0,13.0,19.0,9.0,13.0,6.0,1.0,6.0,4.67307756317667,7.378018816708275,4.884337321851089,4.41734384379387,0.17333333,0.08,0.09422492,,101.17786173498314,90.58001018628946,93.73310260710942,48.555661823708206,54.13092747720365,0.3449301823708207
682610,Roddery Munoz,MIA,40.1,8.0,8.0,175.0,38.0,37.0,25.0,26.0,20.0,1.0,15.0,5.578512572564766,7.678876614764405,4.980971054204457,4.853225048637057,0.21714286,0.11428571,0.10882353,,96.60714705882356,93.42055882352942,89.03885294117647,41.27937000000001,38.689574735294116,0.9545478088235296
663474,Triston McKenzie,CLE,75.2,16.0,16.0,340.0,74.0,69.0,43.0,46.0,49.0,1.0,19.0,5.114537681293548,6.457228829044559,5.410967984534288,5.212469645749486,0.21764706,0.14411765,0.09097859,,88.66013593174057,82.67459039971206,74.8495494432206,36.61923993119266,31.92898858562691,1.5405259327217125
