mlb_id,player_name_fg,team,ip,g,gs,tbf,so,h,er,r,bb,hbp,hr,era,fip,xfip,siera,k_pct,bb_pct,swstr_pct,csw_pct,stuff_plus,location_plus,pitching_plus,pb_stuff,pb_command,pb_xrv100
594798,Jacob deGrom,NYM,85.0,14.0,14.0,300.0,136.0,36.0,9.0,12.0,11.0,1.0,4.0,0.9529411764705882,1.0053282401141002,1.638995623588562,1.7474995833486582,0.45333333,0.03666667,0.2173532,,123.39400442962517,108.99543720912072,134.21458679686285,76.5394268185802,58.53947939526731,-1.421677440841367
669203,Corbin Burnes,MIL,82.0,14.0,14.0,322.0,120.0,59.0,22.0,24.0,15.0,5.0,3.0,2.4146341744240805,1.4505219073468623,2.2013590040738973,2.419145135309039,0.37267081,0.04658385,0.16718995,,122.62353101458834,104.59767375322271,127.4707102216535,66.11694996860282,49.358676664050236,-0.9813867582417583
554430,Zack Wheeler,PHI,106.1,16.0,16.0,417.0,130.0,78.0,26.0,27.0,25.0,4.0,7.0,2.20062700530022,2.3988742317208103,2.83730915507082,3.1062258222308587,0.3117506,0.05995204,0.1322884,,119.68751761670846,104.82797387974091,122.65360784985418,64.88818746081506,66.57137594984327,-1.2540097931034482
607074,Carlos Rodon,CHW,83.2,14.0,14.0,336.0,122.0,53.0,22.0,23.0,26.0,6.0,7.0,2.36653388252512,2.4887592168916277,3.024885321531457,2.898761517649561,0.36309524,0.07738095,0.15636105,,113.75096626549428,98.1115114521321,112.28590571606797,64.24712540156361,57.14466749111586,-0.7064730632551528
543135,Nathan Eovaldi,BOS,97.2,17.0,17.0,407.0,90.0,98.0,37.0,39.0,19.0,4.0,4.0,3.4095564360671347,2.56593853769839,3.623247795415333,3.8897765528932515,0.22113022,0.04668305,0.12007747,,111.45069252890428,105.18937012148602,113.55595105346558,52.83996440284054,68.51292180761781,-0.900578528082634
477132,Clayton Kershaw,LAD,102.1,17.0,17.0,407.0,124.0,82.0,37.0,39.0,18.0,3.0,12.0,3.254071701671982,2.8866464967959082,2.844970368134456,3.030255407114362,0.3046683,0.04422604,0.16457369,,116.09234919899893,94.59371848676714,113.04110177166658,55.62275750826172,58.275639781890284,-0.1868686979510905
592332,Kevin Gausman,SFG,101.2,16.0,16.0,388.0,116.0,57.0,19.0,21.0,25.0,1.0,8.0,1.6819672236331078,2.678230840702975,3.3386550377423396,3.3639330183749236,0.29896907,0.06443299,0.15768194,,104.45442943228569,106.1555672113388,113.22049336785359,60.03325314016173,61.1521730458221,-0.9358726347708893
605540,Brandon Woodruff,MIL,101.0,16.0,16.0,383.0,119.0,55.0,21.0,22.0,24.0,4.0,9.0,1.8712871640514557,2.803697481885539,2.920513674596363,3.165359559397069,0.31070496,0.06266319,0.12227363,,112.6679272869628,107.35457255922599,117.3431194082018,57.80873850627891,62.136621123595496,-0.8436102181097157
543037,Gerrit Cole,NYY,101.2,16.0,16.0,389.0,129.0,75.0,30.0,32.0,17.0,1.0,14.0,2.6557377215259597,2.9536406784908524,2.864206137659805,2.8340155828083784,0.33161954,0.0437018,0.14593909,,117.55325976460578,106.92128019271749,123.96223037689566,67.31668685279188,62.69938527284264,-1.1347518654822335
669432,Trevor Rogers,MIA,92.1,16.0,16.0,367.0,110.0,64.0,22.0,25.0,32.0,3.0,5.0,2.144404361661565,2.6285178695222013,3.376801507488724,3.6050680016980983,0.29972752,0.08719346,0.15477889,,99.94736560499993,103.73470168148415,103.27810567435681,60.77742671897289,58.94474188302425,-0.674786490727532
506433,Yu Darvish,SDP,96.0,16.0,16.0,377.0,115.0,67.0,26.0,28.0,23.0,7.0,10.0,2.4375000484287748,3.065867453730769,3.7149869645253393,3.3442363989395383,0.30503979,0.06100796,0.124,,107.84078102564105,102.73204564102565,111.84772974358974,59.73309147333333,63.15224808666666,-0.7141486
642547,Freddy Peralta,MIL,87.0,16.0,15.0,337.0,122.0,39.0,21.0,21.0,37.0,3.0,8.0,2.172413816916957,2.9401490624758284,3.4888288717850293,3.320768108543704,0.3620178,0.10979228,0.14365802,,107.9155532820775,97.46659433933235,109.01433511780061,65.28900628224582,47.932521927162355,-0.25854226858877083
607192,Tyler Glasnow,TBR,88.0,14.0,14.0,340.0,123.0,55.0,26.0,26.0,27.0,0.0,10.0,2.6590909667251537,2.7723068411192613,2.6985039856698263,2.915672553938899,0.36176471,0.07941176,0.17176998,,116.01686060925466,97.95320798725285,117.3369610994913,75.66358565347274,53.14418476474981,-0.8587158103061987
592836,Taijuan Walker,NYM,84.0,15.0,14.0,337.0,88.0,64.0,24.0,27.0,25.0,3.0,5.0,2.571428629816796,2.848605543739942,3.7551409229802366,3.859991248054072,0.2611276,0.07418398,0.09914795,,100.69602548906366,102.05039530911606,100.74646849530707,44.53533322230829,60.71428015491868,-0.14832227730441516
453286,Max Scherzer,WSN,88.1,15.0,15.0,336.0,119.0,55.0,21.0,23.0,20.0,5.0,12.0,2.1396226730313583,3.0907888382806945,3.222272636737829,2.865245826459188,0.35416667,0.05952381,0.16714083,,112.08601393987621,97.31548223140577,108.43840925881261,58.654117702702706,58.1665726173542,-0.4250022830725463
608566,German Marquez,COL,99.1,17.0,17.0,408.0,94.0,78.0,40.0,42.0,40.0,2.0,7.0,3.624161122393047,3.461980435104259,3.7181673548615475,4.219632054469486,0.23039216,0.09803922,0.13108108,,98.0479943274587,94.57087188228391,94.96539028068004,45.3711379054054,45.90866033783784,0.4960054594594595
640455,Sean Manaea,OAK,97.2,17.0,17.0,407.0,102.0,96.0,34.0,34.0,25.0,1.0,10.0,3.1331058836303787,3.2109897549327977,3.650315586225984,3.84080259810115,0.25061425,0.06142506,0.12405542,,107.98161060938975,96.92387942268488,102.45590524711861,46.154347512594455,62.04667955919397,-0.3121193010075567
458681,Lance Lynn,CHW,78.2,14.0,14.0,316.0,90.0,55.0,18.0,22.0,23.0,1.0,8.0,2.0593220505417165,3.119186664428974,3.8157026623420274,3.6698341223169106,0.28481013,0.07278481,0.12607004,,108.27472919947421,104.79943340888347,111.63428886880041,56.103716132295716,58.35162621011673,-0.5838023813229571
605135,Chris Bassitt,OAK,106.2,17.0,17.0,433.0,109.0,83.0,36.0,36.0,27.0,10.0,9.0,3.037500045262278,3.263784123864025,3.9037031017604322,3.8204277344766737,0.2517321,0.06235566,0.1020025,,105.63406962785113,101.10616025133459,104.09091428060589,50.858552828535665,59.12387426783479,-0.3009358010012515
669456,Shane Bieber,CLE,90.2,14.0,14.0,383.0,130.0,80.0,33.0,35.0,33.0,4.0,11.0,3.27573538599955,3.103857650022606,2.8693832324306507,3.182400880727157,0.33942559,0.08616188,0.16542373,,102.78578403119484,99.59077349192317,102.52385092162865,55.01249286101695,53.39071524067797,-0.03736715254237289
605400,Aaron Nola,PHI,95.1,17.0,17.0,402.0,118.0,94.0,47.0,48.0,22.0,6.0,14.0,4.4370630850179404,3.4847194476456185,3.333821561767086,3.3211865615794403,0.29353234,0.05472637,0.12872543,,106.65858302961068,103.09198562263514,107.84094687373323,50.21570928344959,64.23480647431832,-0.5247933671528219
621111,Walker Buehler,LAD,103.1,16.0,16.0,397.0,101.0,71.0,27.0,29.0,22.0,3.0,13.0,2.351612932163521,3.5764857403718473,3.7508959239865804,3.7548443677389263,0.25440806,0.05541562,0.11508951,,115.91508462153381,100.09362460348149,113.48579673580637,61.64764969309463,59.401546163682866,-0.8924581649616369
656302,Dylan Cease,CHW,81.2,16.0,16.0,352.0,103.0,70.0,34.0,37.0,35.0,5.0,9.0,3.7469389797021737,3.5496259798878502,3.953349847930481,3.8666739112605324,0.29261364,0.09943182,0.14880546,,104.74739467736768,103.89823061475222,108.05182852287565,63.587815754266195,49.64033776791808,-0.27056136518771334
489119,Wade Miley,CIN,81.2,14.0,14.0,337.0,69.0,69.0,28.0,29.0,22.0,1.0,6.0,3.0857143097368693,3.280238204957643,3.643006653356338,4.058632433637188,0.20474777,0.0652819,0.10130468,,98.42437448720001,99.25884816992658,98.12965970059027,48.292814712202606,44.09986990790484,0.2475519339984651
641154,Pablo Lopez,MIA,91.0,16.0,16.0,364.0,94.0,76.0,29.0,31.0,22.0,5.0,9.0,2.8681318981897115,3.2799242335087926,3.4095773693838565,3.6156842490912644,0.25824176,0.06043956,0.11225895,,101.32692501229249,105.73128182974163,109.08291266810596,55.92763650826445,65.00116660468319,-0.7270542837465565
628711,Julio Urias,LAD,93.1,16.0,16.0,377.0,107.0,82.0,41.0,44.0,18.0,3.0,14.0,3.9535715228319193,3.502176987528801,3.348045576989072,3.364928795321676,0.28381963,0.04774536,0.13156003,,119.71629000528809,108.27172666358139,122.49279708750379,59.93867390366643,71.59618289719626,-1.47739016534867
641816,Tyler Mahle,CIN,84.1,16.0,16.0,350.0,105.0,69.0,35.0,36.0,27.0,6.0,11.0,3.7351779219311187,3.549480768504488,3.5066105069946607,3.4968077094903083,0.3,0.07714286,0.11954332,,98.665045282204,108.50388137240465,108.49372836473235,52.75594280053728,62.868111289456,-0.504864526527871
502043,Kyle Gibson,TEX,90.0,15.0,15.0,354.0,74.0,65.0,20.0,21.0,26.0,2.0,6.0,2.0000000218550364,3.325589679722433,3.9096207679663633,4.218623864282989,0.20903955,0.07344633,0.1146216,,99.28608082292432,102.9979788218006,104.96329861261184,51.22755559882439,52.786750889052165,0.05018701689933873
645261,Sandy Alcantara,MIA,106.2,17.0,17.0,429.0,93.0,85.0,37.0,41.0,29.0,5.0,10.0,3.1218750465195635,3.601284128893167,3.78851020130852,4.0203605767070165,0.21678322,0.06759907,0.12603967,,110.56482282680568,102.16486908974515,114.35281496238053,60.66522990403071,58.13917060140757,-0.6668424568138196
623352,Josh Hader,MIL,32.2,33.0,0.0,121.0,55.0,12.0,2.0,2.0,12.0,0.0,0.0,0.5510204198930426,0.9047279517956439,2.200994031577449,1.9977565178305525,0.45454545,0.09917355,0.20637899,,130.06510318949344,102.35418386491554,129.47748592870542,80.0,58.355731786407766,-1.3269241941747576
666120,Ian Anderson,ATL,88.2,16.0,16.0,363.0,90.0,70.0,33.0,33.0,31.0,1.0,8.0,3.3496241201964376,3.395598036284983,3.5160890710946306,3.982980987123346,0.24793388,0.08539945,0.12165775,,99.46716004706464,99.39070904406184,102.8936288032271,42.75494669786095,52.45932356951872,0.4848339973262032
621107,Zach Eflin,PHI,90.0,15.0,15.0,377.0,87.0,102.0,42.0,44.0,11.0,2.0,13.0,4.200000089009604,3.547811908250974,3.4736043027468826,3.6829952020839904,0.23076923,0.02917772,0.10265879,,96.49571110593307,112.03967824123922,107.62132588834305,43.572798367799116,65.5698536410635,-0.5380824372230429
598264,Matt Barnes,BOS,35.0,35.0,0.0,130.0,59.0,20.0,10.0,11.0,9.0,0.0,3.0,2.5714287947635457,1.6843197077147705,1.9311133696607892,1.6813259724362122,0.45384615,0.06923077,0.16729323,,108.70154135338348,108.08030075187972,114.1733082706767,59.58698828947368,61.57435054511278,-0.8771346616541353
605397,Joe Musgrove,SDP,89.0,16.0,15.0,353.0,106.0,56.0,26.0,29.0,22.0,9.0,11.0,2.629213511319252,3.439697046704913,3.2999531954049433,3.274359570732471,0.30028329,0.06232295,0.13494318,,114.7854999018643,96.82424472809136,108.78811863290416,50.55477800426137,54.366786747159104,-0.2635434019886364
656756,Jordan Montgomery,NYY,82.0,15.0,15.0,340.0,80.0,76.0,37.0,40.0,23.0,2.0,9.0,4.060975751445668,3.56027803852188,4.005393968847665,4.071234005220896,0.23529412,0.06764706,0.12941176,,108.22054076282568,102.39396810636583,108.8891408165458,52.01936189019609,59.24625444705881,-0.4455388784313725
545333,Trevor Bauer,LAD,107.2,17.0,17.0,432.0,137.0,71.0,31.0,36.0,37.0,3.0,19.0,2.5913313305581704,4.033811232653098,3.689778033171501,3.4862126174041213,0.31712963,0.08564815,0.12646894,,106.12175231458295,99.11367759826737,106.1618200556353,66.17186747311827,51.9946307646356,-0.48775226403823185
518886,Craig Kimbrel,CHC,30.1,31.0,0.0,112.0,52.0,10.0,2.0,5.0,10.0,0.0,1.0,0.5934066386877006,1.159044958025389,1.8937892733808896,1.812819396350473,0.46428571,0.08928571,0.18565401,,125.9864135021097,98.7154430379747,119.85472573839667,74.27369672995779,58.451719472573835,-1.073100675105485
621244,Jose Berrios,MIN,94.2,16.0,16.0,388.0,96.0,84.0,37.0,40.0,24.0,6.0,11.0,3.5176057283000066,3.6031327256511263,3.60221722126415,3.8201922211323787,0.24742268,0.06185567,0.10125745,,102.42831565481599,101.79704011066084,103.83215279161914,51.42641636002647,56.89324404367968,-0.3993671806750496
450203,Charlie Morton,ATL,86.2,16.0,16.0,364.0,100.0,69.0,36.0,44.0,29.0,12.0,8.0,3.738461650733415,3.481572593361492,3.482696041111467,3.660599567936529,0.27472527,0.07967033,0.12734864,,108.87917899962014,94.69317736386763,101.41084569668271,54.24152128740432,53.259631036882396,-0.1646136325678497
641540,Dane Dunning,TEX,74.0,16.0,16.0,325.0,79.0,85.0,36.0,38.0,27.0,3.0,6.0,4.378378491231003,3.305169261085282,3.6101509069943245,3.913102587140207,0.24307692,0.08307692,0.10770505,,90.57372388254406,95.87353682043283,86.92595871543574,39.085239204639606,51.55338841756419,0.3970895774647888
608344,Cole Irvin,OAK,94.0,16.0,16.0,394.0,68.0,98.0,38.0,41.0,17.0,5.0,9.0,3.6382979830771704,3.6700341376852483,4.640190879314202,4.634941257298663,0.17258883,0.04314721,0.09548483,,90.24023986270998,109.1096824790361,98.57637341520764,33.43106351591414,66.35376816432273,-0.11622360473723169
677651,Luis Garcia,HOU,80.1,16.0,14.0,328.0,90.0,63.0,28.0,29.0,27.0,3.0,9.0,3.136929584714074,3.5061337208292636,4.114225527871849,3.8578563510332264,0.27439024,0.08231707,0.12939417,,99.76730135216602,100.81224960257246,99.06427314361025,51.40184166043381,53.498010613313376,0.06390210919970087
622491,Luis Castillo,CIN,90.1,17.0,17.0,400.0,86.0,94.0,51.0,60.0,38.0,4.0,9.0,5.081180936976171,3.956012001607146,3.9694318818061882,4.399271953445434,0.215,0.095,0.1238825,,107.45878009387054,102.31366073467757,109.3192035914412,64.52223930395914,56.84460864623244,-0.41148098978288633
608337,Lucas Giolito,CHW,93.2,16.0,16.0,377.0,111.0,73.0,40.0,43.0,30.0,1.0,18.0,3.8434164353268248,4.2910305827706985,3.7141437784481672,3.6407910763053803,0.29442971,0.0795756,0.15184244,,110.1307174094779,98.53018564415733,107.17356124765824,61.437317820838636,55.554798316391356,-0.4784655146124523
593958,Eduardo Rodriguez,BOS,78.2,15.0,15.0,340.0,93.0,92.0,51.0,53.0,19.0,2.0,12.0,5.834745880602696,3.5895256563665816,3.378313041936117,3.525405709489835,0.27352941,0.05588235,0.11061618,,100.3195723976916,107.887050379183,106.97516609812709,47.02828984409799,64.02703115812919,-0.3246298144023757
596295,Austin Gomber,COL,78.1,15.0,15.0,317.0,76.0,61.0,32.0,38.0,23.0,1.0,9.0,3.6765958043621274,3.6423745556663425,3.7028977915589545,3.9827191552679015,0.23974763,0.07255521,0.11019737,,98.75054763458873,104.83763518644619,103.61312271754598,47.27700790296052,58.48219363486842,-0.12092777138157895
425844,Zack Greinke,HOU,103.2,17.0,17.0,414.0,74.0,98.0,42.0,42.0,21.0,1.0,13.0,3.6463023067103677,4.009262431154348,4.2341705226880775,4.543111040704881,0.17874396,0.05072464,0.09102647,,89.33922530664944,105.64211749515817,97.02939961265331,31.938227656552613,57.07153567462879,0.33386482892188507
543101,Anthony DeSclafani,SFG,92.2,16.0,16.0,368.0,86.0,69.0,30.0,31.0,26.0,0.0,11.0,2.9136691147246654,3.69881110995411,3.945394278565073,4.100115458030647,0.23369565,0.07065217,0.11078928,,98.39672905121111,101.58107896105429,101.4895948685244,48.682858001448224,58.17576484431571,-0.07663788559015206
502171,Alex Cobb,LAA,53.0,11.0,11.0,227.0,63.0,52.0,30.0,34.0,17.0,3.0,3.0,5.0943398059751335,2.6606001418695278,2.7902872275047703,3.303404276057371,0.27753304,0.07488987,0.12337662,,93.03006370444403,106.59306383348793,101.56581794111345,41.39674768398268,58.12610519480519,0.17609404761904762
607644,John Means,BAL,71.0,12.0,12.0,268.0,69.0,46.0,18.0,18.0,13.0,1.0,13.0,2.2816902040560287,4.1982031650354985,4.004736499673194,3.8159142241304607,0.25746269,0.04850746,0.13988658,,111.60490338686428,110.95324099505729,118.97692974461333,59.781273582230625,62.32653441398865,-1.0642480245746693
622608,Antonio Senzatela,COL,88.1,16.0,16.0,388.0,60.0,104.0,45.0,52.0,20.0,8.0,9.0,4.58490577587754,4.087015277642549,4.260530295155087,4.446152355785269,0.15463918,0.05154639,0.07936508,,92.9725010875668,102.4608280697422,96.62873261094192,36.127240339105334,53.834387611832604,0.4402728715728716
571510,Matthew Boyd,DET,70.2,13.0,13.0,298.0,56.0,66.0,27.0,30.0,19.0,6.0,6.0,3.438679369033215,3.750222822591987,4.8435794724084875,4.648108183945631,0.18791946,0.06375839,0.1054513,,98.8377415608008,105.96343036091405,100.46142017258612,48.8081135746202,62.219350607685435,-0.43096199285075965
573186,Marcus Stroman,NYM,88.2,17.0,17.0,361.0,78.0,75.0,24.0,32.0,24.0,2.0,9.0,2.436090270052583,3.6098837545598688,3.504162960019215,3.947784298393139,0.21606648,0.06648199,0.12009063,,101.58917156855614,101.16915392229285,104.09269583445811,49.515401140483384,57.42840394259818,-0.2751521299093655
501985,Mike Minor,KCR,96.1,17.0,17.0,409.0,95.0,95.0,57.0,58.0,29.0,3.0,15.0,5.325259691299771,4.218477063639121,4.355446593461564,4.20394857528378,0.23227384,0.07090465,0.10795805,,98.90581672612183,102.4983912238822,103.687095324947,48.945761548426894,54.330895749537326,-0.1966446267735965
425794,Adam Wainwright,STL,100.2,16.0,16.0,412.0,96.0,84.0,39.0,40.0,27.0,7.0,13.0,3.4867550219408727,3.9548023467785196,3.6781364827456438,3.9268542856242092,0.23300971,0.06553398,0.08002561,,97.71748316150016,99.7272304748131,97.76207308248527,41.03194645966709,55.022614411011524,-0.015237023047375174
519151,Ryan Pressly,HOU,33.0,31.0,0.0,124.0,41.0,23.0,6.0,9.0,5.0,0.0,1.0,1.6363636851310746,1.5336704373359666,2.369438005017808,2.291393330491803,0.33064516,0.04032258,0.128,,117.51981333333332,104.45052888888887,118.9345511111111,64.57204310000002,66.28566868000001,-1.11717268
605513,Spencer Turnbull,DET,50.0,9.0,9.0,201.0,44.0,37.0,16.0,18.0,12.0,5.0,2.0,2.880000054931642,2.950034118270874,3.770949350136094,3.8236910046240333,0.21890547,0.05970149,0.1083871,,102.54347535553242,107.29749988900453,108.22836917100241,55.618470606451616,56.15792206451612,-0.4599220387096774
518876,Merrill Kelly,ARI,98.1,17.0,17.0,415.0,89.0,100.0,51.0,54.0,25.0,2.0,14.0,4.667796715799677,4.034440921689204,3.852261369492938,4.13565093148265,0.21445783,0.06024096,0.09381107,,95.74535653831872,102.12274605990848,99.3498470988793,42.62389735504886,59.33598718566776,0.03244474918566774
664353,Jose Urquidy,HOU,77.1,14.0,14.0,303.0,66.0,61.0,29.0,29.0,13.0,1.0,12.0,3.375000097114467,4.023482422886792,4.287743801079815,4.202074545580702,0.21782178,0.04290429,0.11774892,,97.7808176808715,112.72249044986957,107.27978254303835,46.753029619047624,69.20173605194805,-0.712886787878788
518633,Danny Duffy,KCR,48.0,10.0,9.0,197.0,55.0,40.0,13.0,15.0,16.0,0.0,5.0,2.4375000484287748,3.2325341237088048,4.010305042123217,3.852859001567397,0.27918782,0.08121827,0.14585909,,103.41715977896028,108.56649330574736,112.3119866064699,59.394475080346105,57.41844794808405,-0.5411102348578491
605130,Scott Barlow,KCR,38.2,37.0,0.0,164.0,57.0,31.0,9.0,9.0,17.0,2.0,1.0,2.0948281179446036,2.0321027991391087,2.836647481757505,2.933380043333296,0.34756098,0.10365854,0.15970149,,103.11974773192858,100.37487657686799,103.3863238605733,55.349918432835835,50.39958434328358,0.015628358208955258
663903,Brady Singer,KCR,76.2,16.0,16.0,349.0,81.0,81.0,40.0,46.0,33.0,7.0,8.0,4.695652446494452,3.9787298215855302,4.118080328304444,4.265623120614249,0.23209169,0.09455587,0.1016703,,97.60886085683157,99.13996446947662,96.02048001747121,49.547216870007254,53.082464517066086,0.10718983297022511
621242,Edwin Diaz,NYM,31.2,32.0,0.0,124.0,41.0,22.0,10.0,11.0,10.0,3.0,0.0,2.8421055903725723,1.8121392292890344,3.3164902683149533,2.8811538040673854,0.33064516,0.08064516,0.15461847,,123.0216411098941,102.86608616283317,123.62815808689305,77.65691144578312,53.2778280120482,-1.038065562248996
623167,Chris Flexen,SEA,79.1,14.0,14.0,326.0,52.0,86.0,35.0,36.0,17.0,1.0,8.0,3.9705883466661214,3.8507064104669477,4.452409909108629,4.641640763756147,0.1595092,0.05214724,0.09025559,,92.38138678070304,107.57601976381008,100.82561519720412,41.454942276357826,59.905217971246,0.0641080591054313
642528,Jonathan Loaisiga,NYY,42.2,33.0,0.0,167.0,39.0,33.0,11.0,13.0,9.0,2.0,2.0,2.3203129089616406,2.724721543979453,3.1905047969651172,2.9626569009457,0.23353293,0.05389222,0.12678288,,124.40891209098534,106.49853267455953,130.94130138901838,70.15804199683045,62.01297589540412,-1.2923512678288434
663978,Chris Paddack,SDP,66.0,14.0,14.0,281.0,70.0,69.0,34.0,39.0,16.0,0.0,9.0,4.636363703357287,3.5488220067282574,3.513724100588885,3.7621053302341005,0.24911032,0.0569395,0.1285591,,102.47176526003129,106.08344852465731,107.8031070766053,53.89421586712683,63.80236427955135,-0.6239724849007766
592662,Robbie Ray,TOR,86.2,15.0,15.0,356.0,113.0,76.0,33.0,34.0,21.0,2.0,19.0,3.426923177482111,4.208495691401014,3.1092857693764366,3.1236804605258053,0.31741573,0.05898876,0.15577191,,104.8228926140107,102.45120518263671,106.77703111046046,55.927983776077895,60.91743469401948,-0.5192988317107093
593144,Richard Rodriguez,PIT,31.1,30.0,0.0,117.0,27.0,22.0,9.0,9.0,3.0,0.0,1.0,2.5851064952635987,2.148757482362903,4.549335448210633,3.8335114618622255,0.23076923,0.02564103,0.10199557,,105.51616578543408,107.39075217465464,107.39336176019106,52.22110549889135,67.61351971175166,-1.096257494456763
571901,Aaron Loup,NYM,23.2,27.0,0.0,94.0,29.0,20.0,4.0,7.0,3.0,1.0,0.0,1.521127268805179,1.2263715012159793,2.1209779488164298,2.3320626756512475,0.30851064,0.03191489,0.13114754,,113.3229143897996,114.1999635701275,122.74702185792353,66.37827330601094,68.73027661202185,-1.677014918032787
660271,Shohei Ohtani,LAA,60.0,12.0,12.0,257.0,83.0,41.0,24.0,26.0,35.0,6.0,6.0,3.6000001180172005,3.753367474923532,3.570796815777986,3.9906582853740944,0.3229572,0.13618677,0.14020619,,107.80323946325002,85.71141266886706,97.15521428257084,65.10573313402061,44.276441804123706,-0.06007138144329899
593423,Frankie Montas,OAK,87.2,16.0,16.0,383.0,92.0,93.0,46.0,51.0,24.0,2.0,14.0,4.7224335970696165,4.036954299706874,4.013740651642514,3.995182675835393,0.24020888,0.06266319,0.11859838,,111.43042477535775,103.72284337507736,111.8760147895731,58.896342358490564,60.58095473045823,-0.6977403773584905
601713,Nick Pivetta,BOS,85.1,16.0,16.0,364.0,99.0,73.0,42.0,43.0,40.0,3.0,13.0,4.429687615513106,4.341909153026064,4.408376153184639,4.249485571345048,0.27197802,0.10989011,0.11024136,,106.7138840182648,95.80347762557078,101.1414230919765,51.34807005218527,53.90916570776257,-0.11089019569471627
571927,Steven Matz,TOR,72.1,14.0,14.0,315.0,78.0,78.0,37.0,39.0,21.0,5.0,10.0,4.603686838268106,3.888928163277676,3.6771798345469424,3.838786329192114,0.24761905,0.06666667,0.10081301,,102.34628818998718,108.63438061617458,108.80806696619597,50.07431196747967,61.44842434959349,-0.4707896422764227
650644,Aaron Civale,CLE,97.2,15.0,15.0,384.0,76.0,81.0,36.0,37.0,23.0,3.0,14.0,3.3174062621193743,4.275836209840166,4.2008039600441265,4.3694444487756225,0.19791667,0.05989583,0.09595613,,94.27064634044822,108.99541177055431,102.50436561842606,37.23985008910213,56.038702323509256,0.10610389307745029
573124,Taylor Rogers,MIN,32.0,31.0,0.0,129.0,42.0,30.0,9.0,11.0,5.0,0.0,3.0,2.5312503206078367,2.232534003723398,2.281919288464247,2.3313745006565325,0.3255814,0.03875969,0.13598326,,122.51359521563158,108.49734979626436,122.80972488856068,58.81800853556484,68.42423085774058,-1.3205100627615065
521230,Liam Hendriks,CHW,35.0,37.0,0.0,137.0,53.0,24.0,10.0,12.0,4.0,1.0,6.0,2.5714288670189864,2.798605508342076,2.5864479143414005,1.9405985397498833,0.38686131,0.02919708,0.18353345,,120.40533962264152,109.01425728987995,125.62655403087479,70.4110800343053,61.75043084048027,-1.158168833619211
606149,Giovanny Gallegos,STL,42.2,35.0,0.0,156.0,49.0,20.0,12.0,12.0,10.0,3.0,3.0,2.5312503984023977,2.7012840486888194,3.482663402691808,2.887529291448744,0.31410256,0.06410256,0.15348101,,103.01923824593129,106.51707890672091,107.00120055379747,56.68633640822786,55.541915553797466,-0.33013813291139227
656427,Jack Flaherty,STL,62.0,11.0,11.0,255.0,67.0,44.0,20.0,27.0,20.0,6.0,7.0,2.9032258511085796,3.734550260182598,3.9742555476653414,3.9262635915629374,0.2627451,0.07843137,0.12222222,,100.08667851082686,106.31926653481544,106.46956212695511,50.72916341666667,56.65376698148149,-0.17484713888888886
547943,Hyun-Jin Ryu,TOR,93.2,16.0,16.0,381.0,74.0,87.0,38.0,41.0,21.0,0.0,14.0,3.651245687911358,4.205621349740145,3.9955286263755703,4.271496572870486,0.19422572,0.05511811,0.09458533,,90.11753336789629,106.99935101609226,95.76842458246195,39.92521863605209,63.949116806031505,-0.19850001370801915
643316,Paul Fry,BAL,30.2,31.0,0.0,130.0,41.0,23.0,12.0,12.0,15.0,3.0,0.0,3.5217400214202237,2.2569904132099463,3.0624602834766432,3.2868131266376444,0.31538462,0.11538462,0.10351563,,94.6020744243421,101.87538445723686,97.46644120065788,67.07124398437499,53.56810951171874,-0.3875560546875
621121,Lance McCullers Jr.,HOU,67.1,12.0,12.0,279.0,73.0,44.0,22.0,23.0,35.0,4.0,6.0,2.9405941149380017,3.8977569084870516,3.997104168921557,4.364123549419595,0.26164875,0.12544803,0.1141115,,104.0196864111498,96.25547038327527,102.82015679442509,57.42249891986063,47.71263555749129,0.20001114982578397
605447,Jordan Romano,TOR,29.2,30.0,0.0,120.0,38.0,18.0,4.0,6.0,14.0,0.0,0.0,1.213483258624714,2.023966600432589,3.3918429827559713,3.373849284832834,0.31666667,0.11666667,0.138833,,118.58398390342049,88.96768611670021,109.96764587525152,68.19234134808853,44.263515070422535,-0.1654287525150905
657277,Logan Webb,SFG,49.0,10.0,9.0,207.0,54.0,46.0,21.0,23.0,17.0,4.0,4.0,3.8571429322134314,3.3128912681045763,3.043829360520018,3.4915394156441457,0.26086957,0.0821256,0.11636829,,106.28074783726748,95.2337081244472,103.33836828245195,58.41238061381074,49.83187494884911,0.02168051150895142
656629,Michael Kopech,CHW,32.1,15.0,3.0,128.0,45.0,20.0,6.0,6.0,12.0,0.0,3.0,1.670103158463278,2.706116578449464,3.191535956021509,2.9741932381189953,0.3515625,0.09375,0.13320826,,114.6142589118199,104.50829268292682,117.02037523452158,61.9287294183865,63.86675163227019,-1.0826227016885552
661403,Emmanuel Clase,CLE,32.2,34.0,0.0,139.0,36.0,27.0,4.0,10.0,13.0,0.0,0.0,1.1020408729645998,2.159829988916158,2.9699963131710008,2.9752529036917634,0.25899281,0.09352518,0.15594542,,136.55522633744857,97.45381416504223,132.08797487546028,73.70116578947369,45.741721111111104,-1.3691087719298247
446372,Corey Kluber,NYY,53.1,10.0,10.0,220.0,55.0,41.0,18.0,21.0,23.0,3.0,5.0,3.0375001267343813,3.788784148283304,4.257205451377924,4.334909789326533,0.25,0.10454545,0.13089623,,102.96560815363881,97.65488602500749,100.2237483902366,51.064859481132075,50.94301127358491,-0.242654929245283
542585,Jose Cisnero,DET,35.0,37.0,0.0,146.0,44.0,29.0,11.0,18.0,12.0,1.0,3.0,2.8285718452444497,2.8843197946645716,3.433575594929861,3.1912449668469884,0.30136986,0.08219178,0.09915966,,108.55740280112045,104.52704873949577,110.3550767507003,57.042251798319334,59.31803489075629,-0.6055777310924368
543521,Collin McHugh,TBR,30.2,18.0,3.0,121.0,44.0,25.0,7.0,9.0,7.0,1.0,1.0,2.0543480064325714,1.5069904982121025,2.4638826812845727,2.356946259880375,0.36363636,0.05785124,0.1437247,,110.6037927594907,106.7310021709793,111.09823329226076,61.4871623076923,61.83929759109312,-1.090944939271255
456501,Johnny Cueto,SFG,72.0,13.0,13.0,304.0,58.0,80.0,32.0,34.0,14.0,3.0,10.0,4.000000158945726,4.072811936117986,4.154143658062863,4.368297158321155,0.19078947,0.04605263,0.09638554,,89.19531207028855,110.93660180530892,101.17262455931073,39.63780141135973,58.05414889845094,0.030892900172117023
592351,Jon Gray,COL,74.0,14.0,14.0,315.0,65.0,61.0,32.0,39.0,31.0,3.0,9.0,3.89189204236206,4.372736871669206,4.31759060064096,4.5980307119557455,0.20634921,0.0984127,0.1057377,,91.76793844896123,100.23726974097353,93.21150214205774,39.500873401639346,54.77790430327869,0.3767391147540983
493603,Adam Ottavino,BOS,33.0,36.0,0.0,142.0,39.0,24.0,10.0,12.0,19.0,2.0,0.0,2.7272732371142054,2.715488582948007,4.105592336492602,4.0725340783123505,0.27464789,0.13380282,0.1010101,,112.20949673097822,92.72253309105159,104.28619920545844,68.79764675084176,52.658230690235676,-0.6309214141414141
571760,Andrew Heaney,LAA,71.2,14.0,14.0,307.0,89.0,72.0,43.0,44.0,24.0,1.0,14.0,5.4000002634802655,4.272359757647767,3.8008213899907846,3.6948020011501477,0.28990228,0.0781759,0.13256705,,110.09836052836056,104.73734013878841,110.27940538899159,55.212273432950184,59.716477042145605,-0.6213049118773947
579328,Yusei Kikuchi,SEA,93.1,15.0,15.0,366.0,93.0,65.0,33.0,34.0,31.0,1.0,15.0,3.1821429330110567,4.2950341492891315,3.434500609789628,3.8351235717777543,0.25409836,0.08469945,0.13405018,,114.08742616272815,100.7819629370768,114.26145041459976,61.30391001433693,53.69179141935486,-0.47178922580645155
623149,Paul Sewald,SEA,21.2,21.0,0.0,89.0,38.0,11.0,4.0,5.0,11.0,0.0,0.0,1.6615385125797897,1.1854186768856256,2.6511964886178783,2.5271264960548914,0.42696629,0.12359551,0.14615385,,122.47789743589745,101.54230769230767,122.29799999999999,70.71941892307693,65.19755151282052,-1.5363418717948718
547942,Kwang-hyun Kim,STL,59.1,13.0,13.0,259.0,50.0,58.0,25.0,28.0,22.0,3.0,6.0,3.792134973681079,4.06329258293414,4.532872279118244,4.692317029827987,0.19305019,0.08494208,0.08529412,,87.93839506609119,100.55885393270972,92.30825927848005,41.04198753921568,47.531039637254906,0.6814341666666666
643338,Chad Green,NYY,40.0,32.0,0.0,146.0,40.0,24.0,11.0,13.0,8.0,0.0,5.0,2.475000363271737,3.3950341554917447,4.1519231374801215,3.3962130773459656,0.2739726,0.05479452,0.1394958,,109.30401689588304,101.74676058221698,110.1733117713929,60.46185897478991,55.21847927731093,-0.5786802857142859
608331,Max Fried,ATL,62.2,12.0,12.0,267.0,62.0,60.0,29.0,31.0,22.0,5.0,7.0,4.164893659276086,3.9359915770465514,4.004218516607836,4.2021902167851835,0.23220974,0.082397,0.11643836,,106.38729335152144,104.34744021669638,108.03415714168054,50.92277307240705,56.56060235812133,-0.35435829745596864
572971,Dallas Keuchel,CHW,86.1,16.0,15.0,368.0,53.0,89.0,38.0,46.0,27.0,2.0,11.0,3.9613900197355356,4.606327579915013,4.298774297642288,4.644933050145413,0.14402174,0.07336957,0.09318996,,86.1872297145584,106.3346622752309,98.8786724423421,46.26188523297492,50.59517113261649,0.19548898207885304
543243,Sonny Gray,CIN,50.0,10.0,10.0,216.0,65.0,45.0,19.0,21.0,20.0,2.0,8.0,3.420000195693981,3.9700341682434113,3.3015238312619997,3.6239716016475256,0.30092593,0.09259259,0.1120283,,103.72651220865704,98.86751859045505,106.41649084350722,59.915278974056605,53.29491091981132,-0.3932697051886793
642232,Ryan Yarbrough,TBR,86.1,16.0,11.0,363.0,70.0,88.0,43.0,51.0,15.0,7.0,13.0,4.482625598165074,4.270420251215574,4.315680735845921,4.244548577844423,0.19283747,0.04132231,0.09651076,,104.59953044209314,111.0884920411783,113.6700913826965,51.409848114328135,61.13455512991832,-0.6072549072011878
667463,John King,TEX,44.0,26.0,0.0,182.0,37.0,37.0,14.0,20.0,11.0,4.0,1.0,2.8636367418611353,2.8063977108021345,3.433223450672842,3.3787103624643544,0.2032967,0.06043956,0.11746522,,104.44676062514507,103.92426254644992,107.11912392996192,48.51601666151468,58.62294329211745,-0.508669227202473
527048,Martin Perez,BOS,75.2,16.0,16.0,332.0,62.0,82.0,34.0,39.0,26.0,7.0,9.0,4.044053101294864,4.385893224817131,4.5884548159491745,4.698737708079351,0.18674699,0.07831325,0.07428571,,95.45898775510204,100.58383673469388,97.71492244897959,40.38009406530613,50.93310660408164,0.4550215102040816
664141,JT Brubaker,PIT,77.2,14.0,14.0,325.0,75.0,71.0,33.0,33.0,17.0,7.0,13.0,3.8240344599788307,4.341707980575033,3.8013741403208074,3.8505276999545694,0.23076923,0.05230769,0.12313105,,94.44800234382195,105.08907035981836,99.61357149011012,42.20413969217239,58.754109489885664,-0.10047562005277044
518774,Matt Harvey,BAL,72.1,17.0,17.0,346.0,58.0,99.0,59.0,65.0,25.0,2.0,12.0,7.3410143410829,4.842845300001939,4.808276242454475,4.890128492114125,0.16763006,0.07225434,0.08241354,,90.65553645258157,105.53744874813695,95.39026559714623,36.88206452538632,59.45083598969831,0.16157557763061076
622088,Tejay Antone,CIN,33.2,22.0,0.0,127.0,42.0,17.0,7.0,7.0,12.0,3.0,3.0,1.8712874373733637,3.170034122467041,3.164567788445218,2.9835840812250525,0.33070866,0.09448819,0.12977099,,116.69595419847327,96.59080152671758,107.74396946564887,60.72214055343511,55.262221583969456,-0.5731080916030535
445276,Kenley Jansen,LAD,32.2,32.0,0.0,126.0,37.0,11.0,5.0,8.0,20.0,1.0,1.0,1.3775511741520436,3.231258619096021,4.507643228618023,4.309729469498914,0.29365079,0.15873016,0.138833,,122.15516395995017,95.19953997796304,116.92975819200919,60.41420977867203,41.936463661971835,-0.2778930181086518
542881,Tyler Anderson,PIT,85.1,15.0,15.0,358.0,72.0,83.0,45.0,47.0,22.0,0.0,15.0,4.746093873764043,4.541127908221098,4.323583519644461,4.448315038606918,0.20111732,0.06145251,0.11301115,,105.61843981498016,104.6742602248814,105.29807474017056,51.312818260223054,66.26915951672862,-0.6560474646840148
622072,Alex Wood,SFG,71.1,13.0,13.0,295.0,73.0,62.0,31.0,34.0,22.0,7.0,9.0,3.9112150229911276,3.983118249110358,3.6043678001536823,3.7406829120790377,0.24745763,0.07457627,0.12543554,,97.22715417778787,103.28373371389212,98.16602069956737,51.36978014808363,58.47854804006968,-0.032140000000000016
663554,Casey Mize,DET,88.1,15.0,15.0,359.0,71.0,74.0,34.0,34.0,26.0,9.0,13.0,3.4641510306630305,4.664373782753054,4.24920954015292,4.3723118027017644,0.19777159,0.0724234,0.10108303,,99.87555271514559,98.41742432716708,100.39135330113429,53.94548600722022,50.891435566786996,0.055791963898916955
605200,Zach Davies,CHC,83.1,17.0,17.0,363.0,55.0,75.0,40.0,41.0,44.0,5.0,6.0,4.320000164794928,4.550034175109865,5.265477152888986,5.67128540670502,0.15151515,0.12121212,0.09010989,,73.58235341163052,102.65625725918423,82.43923781928729,34.69876515018315,49.2421793992674,0.8232981904761904
519293,Will Smith,ATL,33.2,36.0,0.0,138.0,46.0,26.0,14.0,14.0,10.0,2.0,4.0,3.7425744506836316,3.0512222351437512,3.498126044667619,2.8606063058144646,0.33333333,0.07246377,0.14285714,,104.75936920222638,98.32808905380335,100.10259740259741,57.85523471243041,57.6012460296846,-0.2163771243042671
519076,Jimmy Nelson,LAD,24.0,22.0,1.0,96.0,39.0,12.0,6.0,7.0,13.0,1.0,0.0,2.250000284984744,1.670033932477212,3.140335890862818,2.884287161801898,0.40625,0.13541667,0.15909091,,100.73036796536798,84.17517911255412,91.03403679653681,74.50841725000001,33.76094518181819,0.48162070454545447
571670,Dylan Floro,MIA,32.0,36.0,0.0,142.0,27.0,31.0,12.0,14.0,13.0,0.0,0.0,3.3750002200249725,2.7012840919080174,4.189964733268267,4.2329746167983835,0.19014085,0.0915493,0.07821229,,105.40238361266294,102.57969584109247,107.06253879577899,52.17253007448789,60.69947523277465,-0.3254316759776537
642121,Cole Sulser,BAL,30.2,27.0,0.0,123.0,43.0,21.0,7.0,7.0,12.0,0.0,2.0,2.0543484037254216,2.387425206762119,3.0354715397823373,2.886914095089407,0.3495935,0.09756098,0.15660377,,99.17784067085954,102.47998742138367,101.41374842767296,57.73356086792453,55.61036437735849,-0.3976105094339623
664299,Cristian Javier,HOU,67.0,16.0,9.0,269.0,81.0,37.0,22.0,22.0,33.0,3.0,9.0,2.955224006790503,4.110332670082201,4.3917637828063825,4.078257251176128,0.30111524,0.12267658,0.12543253,,100.35942565796373,95.00535047708921,96.96273670965714,48.248416730103806,42.68088958477509,0.47333385813148793
664285,Framber Valdez,HOU,45.1,7.0,7.0,183.0,41.0,33.0,11.0,13.0,14.0,3.0,4.0,2.183823544725415,3.6332694198330384,3.225685896501133,3.340070051275409,0.22404372,0.07650273,0.11227545,,100.0510810144417,98.7640369848538,101.52795843606903,50.813289176646705,43.157114820359276,0.2878045658682635
650893,Genesis Cabrera,STL,37.1,37.0,0.0,159.0,43.0,28.0,11.0,13.0,19.0,3.0,1.0,2.651786238561032,2.982534085397069,4.288409551539843,3.980441083242773,0.27044025,0.11949686,0.11353033,,106.83935015043619,94.79618677071112,102.5396983984066,56.09908880248833,48.173420544323484,0.0022142612752721357
548384,Brooks Raley,HOU,28.2,34.0,0.0,128.0,38.0,31.0,19.0,23.0,9.0,1.0,2.0,5.965117899710506,2.4723595143137658,2.980975777319094,3.0583959827423097,0.296875,0.0703125,0.14531549,,108.82135520445473,99.33063969675624,106.38440357586127,58.791016022944554,45.73551799235181,-0.35969659655831726
605507,Zach Thompson,MIA,18.0,4.0,4.0,73.0,25.0,12.0,3.0,5.0,6.0,2.0,0.0,1.5,1.7255896780225968,3.5879719227552416,3.219384397243485,0.34246575,0.08219178,0.14035088,,91.1017343358396,102.35281002506265,94.83588370927319,50.769021122807025,47.041194561403515,0.22629410526315788
656945,Tanner Scott,BAL,30.2,36.0,0.0,138.0,48.0,20.0,10.0,12.0,26.0,1.0,1.0,2.9347832656215185,3.1048167165643408,3.7165076669186417,4.209996461458312,0.34782609,0.1884058,0.15780446,,112.44236706689536,84.01492281303601,101.2396397941681,74.33914113207548,38.95255437392795,-0.0032066380789022783
663556,Shane McClanahan,TBR,50.2,11.0,11.0,211.0,61.0,48.0,23.0,24.0,16.0,0.0,8.0,4.085526367056073,3.762139393054878,3.067602337042824,3.4835290764104094,0.28909953,0.07582938,0.16848485,,115.57376969696968,104.42853333333335,120.21859393939394,69.54412677575758,62.373522375757574,-1.0043376969696969
675916,James Karinchak,CLE,34.2,37.0,0.0,141.0,59.0,15.0,10.0,12.0,20.0,1.0,4.0,2.5961541214175594,3.0834956517531227,2.9067672279566668,2.84077054537528,0.41843972,0.14184397,0.1511254,,108.53587276067985,102.33654570509874,111.36596003674781,57.821667299035376,46.913433247588415,-0.27965204180064324
605452,Joe Ross,WSN,80.2,15.0,15.0,341.0,80.0,70.0,36.0,42.0,28.0,6.0,14.0,4.016529004761582,4.707224235400486,4.288295532519392,4.244560321388633,0.23460411,0.08211144,0.11276429,,93.58470225854794,104.55995906957276,97.67784200477962,44.461104346123726,59.81669974158183,-0.0841981049334377
605483,Blake Snell,SDP,66.1,15.0,15.0,302.0,90.0,63.0,39.0,40.0,40.0,1.0,10.0,5.291457544771145,4.270536688758476,3.693855714613145,4.196115625875831,0.29801325,0.13245033,0.12302839,,101.77824824540183,99.68475267538125,105.7255484209541,67.30456986593062,49.42208916403785,-0.1061658044164038
664192,Joey Lucchesi,NYM,38.1,11.0,8.0,157.0,41.0,34.0,19.0,20.0,11.0,2.0,4.0,4.4608699351493115,3.4048167506327944,4.027449100787949,3.796375015625573,0.2611465,0.07006369,0.09752322,,108.66644300648024,92.05829768232961,97.85879111453968,42.126076315789476,47.57178549535603,0.5273342414860681
660623,Huascar Ynoa,ATL,44.2,9.0,8.0,179.0,50.0,36.0,15.0,16.0,11.0,1.0,7.0,3.0223881027219988,3.7745117430114408,3.159221507922036,3.4370970958902154,0.27932961,0.06145251,0.13285714,,103.14384490958777,102.91597923135068,105.43016576545149,52.35439571428571,55.22773947142858,-0.10449897142857144
605177,Andrew Chafin,CHC,34.0,36.0,0.0,128.0,30.0,18.0,6.0,6.0,10.0,2.0,1.0,1.5882356769589914,2.8465046327161354,3.9690490700997945,3.702318590164185,0.234375,0.078125,0.11276596,,98.88736170212769,104.29940425531915,102.86,49.64847474468083,58.30914921276596,-0.16611544680851068
491624,Cesar Valdez,BAL,26.2,25.0,0.0,124.0,29.0,37.0,17.0,18.0,7.0,1.0,2.0,5.737500797244831,2.870034080781037,3.35063290199762,3.3925866858721365,0.23387097,0.05645161,0.1487965,,81.76935713812082,98.63867117565148,84.37213447384127,47.52739654266959,50.10346774617067,-0.17656787746170677
572193,Ryan Tepera,CHC,37.2,37.0,0.0,145.0,41.0,19.0,14.0,14.0,12.0,2.0,3.0,3.345133347694943,3.1434854451043828,3.7475388577002193,3.353540093394397,0.28275862,0.08275862,0.15978456,,100.11955475763014,97.29336923997606,97.30227169359665,48.53158502692998,53.130272764811494,0.22287757630161578
668678,Zac Gallen,ARI,39.0,8.0,8.0,169.0,46.0,31.0,16.0,17.0,18.0,3.0,4.0,3.6923078728850864,3.7597777410528535,4.100326441907507,4.130751061524706,0.27218935,0.10650888,0.10271903,,103.96961274375171,91.62043504531721,97.6224767920901,57.986862583081574,53.52602764350453,0.043467175226586094
663465,Kolby Allard,TEX,52.0,16.0,6.0,211.0,49.0,45.0,20.0,20.0,11.0,0.0,7.0,3.4615386519911833,3.6700341499768787,3.989766662220728,3.858958164862491,0.23222749,0.0521327,0.10046729,,95.8717306091772,104.53528609352375,97.22603920862183,42.025241273364486,64.42853071261682,-0.038807488317756995
518516,Madison Bumgarner,ARI,59.2,12.0,12.0,258.0,62.0,57.0,38.0,41.0,18.0,6.0,10.0,5.731843636495107,4.477296706229083,4.693721271446294,4.212891537181093,0.24031008,0.06976744,0.10338164,,102.66579375287061,97.687514751869,93.72843440866909,46.213583120772945,48.785126975845415,0.16206549758454106
607481,Aaron Bummer,CHW,30.1,32.0,0.0,134.0,43.0,26.0,11.0,16.0,17.0,1.0,2.0,3.2637368366492137,2.9722318899428464,2.6967468283720106,2.9989106844400237,0.32089552,0.12686567,0.14615385,,123.24509090909088,89.78102797202799,109.1029825174825,66.67489926923076,47.046200596153845,-0.22712246153846158
659275,Dinelson Lamet,SDP,34.1,11.0,9.0,149.0,38.0,37.0,14.0,15.0,11.0,1.0,4.0,3.669902946600895,3.5195486888099836,3.9577747358881443,3.9006870972589263,0.25503356,0.0738255,0.14922813,,104.84597491702124,99.86179011383129,102.71917667238421,56.630455900514576,56.884325008576326,-0.4160927272727273
543606,Jake Odorizzi,HOU,35.1,9.0,8.0,139.0,38.0,24.0,16.0,16.0,10.0,0.0,5.0,4.075471848217612,3.707769991329087,3.915473221341541,3.775086366919887,0.27338129,0.07194245,0.11550633,,88.72839232178548,111.90362258494338,98.82642363424384,34.05157085443038,61.12214286392405,0.07847770569620253
593372,Carlos Martinez,STL,79.0,15.0,15.0,351.0,55.0,76.0,56.0,57.0,35.0,10.0,7.0,6.379746917271688,4.638388571680366,5.094516085307955,5.205668858850992,0.15669516,0.0997151,0.08326597,,93.0015169728759,100.10728571287515,92.93448185733,43.09885177849636,54.204380169765564,0.23121670169765562
657031,Josh Taylor,BOS,27.2,33.0,0.0,119.0,35.0,26.0,9.0,9.0,12.0,1.0,1.0,2.927711790537376,2.5194315023476244,3.4525390374146774,3.4696567027174936,0.29411765,0.10084034,0.16052061,,104.8025596529284,95.72390455531455,101.94321041214752,60.82466418655097,51.26943060737526,-0.10438644251626902
595014,Blake Treinen,LAD,31.2,32.0,0.0,133.0,37.0,28.0,11.0,13.0,10.0,2.0,3.0,3.1263162494465933,3.2016130744816533,3.2515182053465703,3.0947267862949266,0.27819549,0.07518797,0.14553015,,127.11152564323618,109.16919393077286,133.20190311585046,69.15097259875257,61.67379952182951,-1.2853747609147614
608716,Drew Steckenrider,SEA,30.0,26.0,0.0,118.0,31.0,20.0,8.0,9.0,11.0,1.0,1.0,2.400000238418603,2.7367007460859045,3.9501055181097384,3.714693025468663,0.26271186,0.09322034,0.0950324,,91.79415118790499,101.83863498920088,94.95567170626349,39.54843086393088,50.353302332613396,0.3153126781857451
548389,Ross Stripling,TOR,65.1,13.0,12.0,276.0,68.0,63.0,31.0,32.0,18.0,2.0,12.0,4.270408371049938,4.394523977965231,4.221223373312816,3.961264398608649,0.24637681,0.06521739,0.09847036,,89.5195204259956,103.68257071691441,92.7660079709698,29.79270434034417,59.256251357552586,0.3721239579349905
657044,Ryan Thompson,TBR,34.0,36.0,0.0,134.0,37.0,26.0,9.0,11.0,9.0,2.0,3.0,2.3823535780852696,3.111210577329133,3.4690489574386136,3.1917193412544926,0.2761194,0.06716418,0.12215321,,133.2585621474977,102.91358606411083,126.66672092525165,70.48613848861284,57.953388757763975,-1.223258447204969
593334,Domingo German,NYY,76.0,15.0,15.0,322.0,68.0,75.0,38.0,40.0,19.0,2.0,15.0,4.500000112935119,4.7752973206485745,4.531036954766897,4.298423776434696,0.21118012,0.05900621,0.12786885,,94.77828314906596,104.39608601791842,101.56654301372475,49.93268363114755,55.38455475409836,-0.13525852459016394
676477,Garrett Whitlock,BOS,38.0,22.0,0.0,155.0,40.0,33.0,6.0,10.0,11.0,1.0,3.0,1.4210528121265578,3.038455158381249,3.2193345311336348,3.2120672886523907,0.25806452,0.07096774,0.11812298,,112.42514563106796,101.95058252427187,113.25614886731393,57.4916873300971,60.77885796116506,-0.6760992718446602
592791,Jameson Taillon,NYY,69.2,15.0,15.0,303.0,73.0,74.0,42.0,42.0,21.0,4.0,14.0,5.4258376695112736,4.763335660339399,4.506192262550194,4.167353339647834,0.24092409,0.06930693,0.12593828,,98.29154168934227,110.49814584754023,110.53988728713217,51.576971768140105,61.976207397831516,-0.6359087739783154
628452,Raisel Iglesias,LAA,34.2,31.0,0.0,136.0,54.0,26.0,14.0,17.0,7.0,1.0,7.0,3.6346157637353524,3.3719572204523387,2.019333612960409,1.9317610683996727,0.39705882,0.05147059,0.21518987,,113.79060048637523,106.77165554654859,116.82831701689844,64.18865057866184,64.43965258589513,-0.9592515370705241
669622,Anthony Bender,MIA,22.1,22.0,0.0,83.0,25.0,11.0,2.0,4.0,7.0,2.0,0.0,0.8059703069956157,2.1401831746393096,3.246201440609044,3.0567610470889797,0.30120482,0.08433735,0.10982659,,116.2991907514451,91.6178612716763,102.47387283236996,55.45154228323699,49.83315355491331,0.06535320809248558
680704,Nick Sandlin,CLE,22.0,20.0,0.0,87.0,34.0,9.0,5.0,5.0,11.0,2.0,0.0,2.0454550137328793,1.8518520025058522,2.9746281582881,2.8830244679037813,0.3908046,0.12643678,0.12311558,,114.21335965541995,105.59779373055756,115.95004307250538,65.55574575376883,49.89045422110553,-0.6918404271356785
543339,Daniel Hudson,WSN,24.1,23.0,0.0,94.0,35.0,15.0,7.0,7.0,7.0,0.0,3.0,2.589041446807352,2.7590751626563508,3.114052364929922,2.483976442257638,0.37234043,0.07446809,0.16020672,,116.25865633074933,104.46697674418606,121.19534883720932,64.37021790697675,62.1145515245478,-0.9749851937984495
621345,A.J. Minter,ATL,29.0,35.0,0.0,126.0,32.0,27.0,15.0,19.0,11.0,1.0,2.0,4.655173413641744,3.1010685904130892,4.212239524846375,3.751618118605484,0.25396825,0.08730159,0.13617886,,120.01485970398167,86.85739892988676,105.37310179973599,67.9542301829268,50.80478819105691,-0.3372532317073171
607200,Erick Fedde,WSN,55.1,11.0,11.0,231.0,50.0,43.0,24.0,25.0,25.0,1.0,7.0,3.903614547536794,4.417022102930184,4.302974788434607,4.667741142090117,0.21645022,0.10822511,0.08214677,,95.23094638860755,106.78432776435916,102.84641679474763,48.36208051478642,58.74935358159913,-0.15103058050383347
669302,Logan Gilbert,SEA,36.0,8.0,8.0,149.0,39.0,31.0,17.0,17.0,8.0,3.0,5.0,4.250000225173115,3.725589707456991,4.174496892993332,3.7827698475587472,0.26174497,0.05369128,0.12579618,,105.53414517490425,100.08812657258022,100.72424157161247,53.36172864649682,53.7871705732484,-0.044261273885350276
608371,Lucas Sims,CIN,28.2,28.0,0.0,126.0,44.0,23.0,16.0,18.0,15.0,4.0,3.0,5.023256823589968,3.449103945999817,3.7504218234658473,3.2138065726736107,0.34920635,0.11904762,0.14643545,,114.62752916071018,95.32643897486898,106.49016512316902,56.989451984585735,47.16196369942197,-0.1657597302504817
592826,Vince Velasquez,PHI,64.0,16.0,12.0,271.0,71.0,49.0,30.0,31.0,33.0,2.0,10.0,4.218750190557339,4.6231591881034575,4.631952897368987,4.4951974269143316,0.26199262,0.12177122,0.11656442,,92.71276873478672,97.85941752818488,93.80790916916212,47.8744933479404,51.4335569675723,0.2848879929886065
572070,Garrett Richards,BOS,81.2,16.0,16.0,375.0,67.0,99.0,45.0,50.0,39.0,4.0,11.0,4.959183885811875,4.859830113188124,4.750746699791883,5.00775575994885,0.17866667,0.104,0.09244884,,97.48410726887792,95.50460127028936,93.10269583627381,55.821444191954846,45.90412982357092,0.26753718419195477
677960,Ryan Weathers,SDP,51.1,15.0,9.0,205.0,39.0,40.0,15.0,15.0,17.0,2.0,6.0,2.6298701950140173,4.280423760361849,4.6169605512136345,4.650900728120405,0.1902439,0.08292683,0.07462687,,92.28457681627641,100.58919938322697,94.76749680933436,41.26574586681974,53.774473995407575,0.48823564867967856
453268,Daniel Bard,COL,34.1,33.0,0.0,158.0,45.0,38.0,16.0,19.0,15.0,4.0,4.0,4.194175043680515,3.7234322185082203,3.544987991506936,3.420769059959497,0.28481013,0.09493671,0.13198758,,107.40319875776397,104.00499424890731,109.5236369910283,64.3034136180124,58.38812628881989,-0.7579468322981366
643511,Tyler Rogers,SFG,38.2,37.0,0.0,152.0,22.0,30.0,6.0,9.0,6.0,3.0,2.0,1.3965517836982824,3.4027927530834217,3.9167604118473993,3.47621403295939,0.14473684,0.03947368,0.06445672,,134.0172970675733,95.73258251877039,120.32254993625162,52.90846342541437,49.47729867403314,-0.3596833149171271
642397,Gregory Soto,DET,33.0,35.0,0.0,138.0,38.0,22.0,8.0,10.0,19.0,0.0,2.0,2.181818520727289,3.38215536753775,4.037845694173097,4.11054424094919,0.27536232,0.13768116,0.12478921,,114.43753232152898,90.0063856098932,103.11221753794267,70.98021827993252,45.82477291736931,-0.20458062394603713
650895,Diego Castillo,TBR,30.0,30.0,0.0,121.0,42.0,24.0,11.0,14.0,9.0,0.0,5.0,3.300000445842803,3.436700825161409,2.7991479154025276,2.6330476192634045,0.34710744,0.07438017,0.16736402,,110.63898983861328,102.40509264793783,113.70563658099222,53.733315732217555,53.736384895397485,-0.27330387029288705
668676,Zach Plesac,CLE,58.2,10.0,10.0,235.0,38.0,48.0,27.0,29.0,12.0,1.0,9.0,4.142045638306567,4.533670546600891,4.403962333718686,4.539425107294322,0.16170213,0.05106383,0.1169126,,86.57409981326205,112.46906008567977,97.9692773363602,35.751463223609534,65.0497060045403,0.06660887627695798
676979,Garrett Crochet,CHW,24.2,24.0,0.0,113.0,31.0,21.0,8.0,11.0,16.0,1.0,1.0,2.9189194843576862,3.2511152192547548,4.226180461857122,4.245405054008929,0.27433628,0.14159292,0.13063063,,107.99368858263597,94.12155616313512,103.2458065310697,72.43569887387385,47.191848986486484,-0.2988870495495496
615698,Cal Quantrill,CLE,50.1,24.0,6.0,221.0,39.0,54.0,23.0,25.0,17.0,4.0,4.0,4.112583041196346,3.9051335066422332,4.554591469705175,4.620834698773141,0.17647059,0.07692308,0.09189843,,91.13599244001576,105.80840202218134,96.48299059011794,49.05576211608222,54.21880068923821,0.20778562273276907
446321,Ross Detwiler,MIA,28.2,30.0,2.0,123.0,37.0,22.0,11.0,11.0,11.0,3.0,1.0,3.453489188288404,2.5072432681490646,3.592443053626353,3.286291663935243,0.30081301,0.08943089,0.11205074,,97.8573826638478,100.64441437632134,96.51142494714588,44.69708566596196,46.38433450317125,-0.06751608879492602
669330,Tyler Wells,BAL,35.2,23.0,0.0,142.0,45.0,28.0,15.0,15.0,8.0,1.0,6.0,3.7850472139202878,3.5905949240137396,3.580275303156282,2.955415313441175,0.31690141,0.05633803,0.13571429,,110.03165552995392,106.74356682027648,115.16406797235024,57.98361705357142,66.0084534107143,-0.9789354821428571
605347,Jorge Lopez,BAL,76.0,16.0,16.0,340.0,73.0,85.0,50.0,51.0,33.0,6.0,14.0,5.921052928776637,5.183192118251098,4.274233863439045,4.52037023384602,0.21470588,0.09705882,0.08765244,,98.99339134092921,97.76269484721755,96.77838032487254,45.21049270579269,54.0820865625,0.07222467987804879
476595,Lucas Luetge,NYY,40.0,30.0,0.0,166.0,43.0,36.0,14.0,17.0,7.0,3.0,5.0,3.1500004693866477,3.395034155994659,3.7549416020374715,3.2091768562274647,0.25903614,0.04216867,0.13728549,,107.12176391055641,97.56886739469579,108.5401144045762,59.51382859594384,32.42410658346335,0.08735572542901716
573204,Caleb Thielbar,MIN,30.1,27.0,0.0,124.0,40.0,26.0,11.0,11.0,9.0,1.0,3.0,3.2637368398558166,2.807396695816395,3.673816585586211,2.970810736136697,0.32258065,0.07258065,0.12523719,,117.37340828589498,102.82929569892474,117.91849968374444,55.76387379506643,65.47570356736243,-0.897372827324478
501381,Michael Pineda,MIN,56.0,11.0,11.0,231.0,51.0,49.0,23.0,25.0,15.0,0.0,10.0,3.696428634378376,4.473605573238159,4.326123190987776,4.272470996513317,0.22077922,0.06493506,0.10657596,,93.06225393930623,103.97903482896704,94.25471724320933,35.734196099773236,62.7856417346939,0.26641476190476193
605242,Michael Fulmer,DET,40.0,25.0,4.0,174.0,42.0,41.0,18.0,21.0,11.0,3.0,6.0,4.050000307783508,4.070034190863376,3.796178190310817,3.6365554431673046,0.24137931,0.06321839,0.13088235,,106.09688235294118,99.44014705882356,105.17855882352941,52.04845691176471,44.96191619117648,-0.04293876470588235
592761,Caleb Smith,ARI,64.1,25.0,7.0,279.0,75.0,49.0,22.0,24.0,33.0,6.0,7.0,3.0777202680858604,4.071588544431586,4.741404955920696,4.28541641726035,0.2688172,0.11827957,0.10645724,,98.73623801548196,95.7715131026938,94.37703695595563,49.01855893542758,47.57264421465968,0.3940918848167539
502239,Trevor Cahill,PIT,37.0,9.0,8.0,166.0,32.0,42.0,27.0,29.0,14.0,1.0,4.0,6.567567736846505,4.061926037347431,4.134769983123724,4.417890450498161,0.19277108,0.08433735,0.0887218,,95.38809059278232,98.72228617330873,92.82407963590295,46.5849430075188,52.23037494736842,0.35067172932330826
459429,Jake McGee,SFG,32.1,34.0,0.0,128.0,37.0,22.0,11.0,16.0,6.0,1.0,5.0,3.0618559005809494,3.5411681710223077,3.7681428434727846,3.0856609973907467,0.2890625,0.046875,0.10307018,,109.21184210526317,104.60407894736844,111.12653508771928,53.19976265350878,69.34059135964914,-1.1032104385964911
669145,Bruce Zimmermann,BAL,59.2,12.0,11.0,262.0,53.0,68.0,32.0,33.0,20.0,2.0,12.0,4.826815925336951,5.114168314616647,4.2738620239508585,4.48823576885299,0.20229008,0.07633588,0.1122145,,89.61367515995624,105.27049111912814,98.7622505750883,50.95408384309831,52.18534671300895,0.1286866335650447
676051,Codi Heuer,CHW,30.1,31.0,0.0,131.0,31.0,39.0,19.0,19.0,6.0,1.0,4.0,5.63736400910834,3.5326715733453553,3.3888620026783354,3.3602320894776696,0.23664122,0.04580153,0.15289256,,104.89598385642135,102.48595987472126,108.32924031713236,57.83603721074382,58.25341898760331,-0.3827182851239672
595928,John Curtiss,MIA,33.2,29.0,1.0,138.0,34.0,31.0,10.0,12.0,8.0,1.0,3.0,2.673267694317098,3.110628173704439,3.6816366733320836,3.508987134459161,0.24637681,0.05797101,0.12859885,,106.56115163147791,103.50971209213051,110.29811900191936,55.438247370441466,59.962112591170836,-0.5079820729366603
643256,Adam Cimber,- - -,35.2,34.0,0.0,145.0,22.0,31.0,11.0,14.0,11.0,5.0,0.0,2.7757014595184626,3.282183676386979,4.815694973625791,4.551274744596741,0.15172414,0.07586207,0.0872093,,115.95110852713177,91.4742093023256,102.62603100775195,49.321761046511625,49.18122131782946,0.10771556201550389
621052,Alex Reyes,STL,37.2,35.0,0.0,159.0,51.0,18.0,4.0,5.0,30.0,0.0,2.0,0.9557522806996972,3.541715564961368,4.39721872816229,4.498396389453962,0.32075472,0.18867925,0.12990937,,105.2025679758308,85.96404833836858,93.74238670694862,59.45147013595166,39.286337749244716,0.46745882175226594
669160,Dustin May,LAD,23.0,5.0,5.0,93.0,35.0,16.0,7.0,8.0,6.0,1.0,4.0,2.739130548358194,3.300468910484098,1.8067132514115678,2.440272163697796,0.37634409,0.06451613,0.14130435,,132.65183016482644,103.30568489865011,128.5850737824304,77.65235766304347,63.35801388586957,-1.575586847826087
448179,Rich Hill,TBR,82.2,16.0,16.0,332.0,80.0,62.0,34.0,34.0,30.0,6.0,13.0,3.701612974397847,4.585356730325041,4.3765076483252265,4.308368098863562,0.24096386,0.09036145,0.09911362,,107.76144981548676,100.07529176183431,103.56019223681471,48.77599032232071,53.93866145850121,-0.29204729250604355
518553,Steve Cishek,LAA,34.2,38.0,0.0,156.0,33.0,28.0,13.0,18.0,22.0,3.0,0.0,3.3750013588360037,3.4296496116082724,5.058292230334031,4.857944445472739,0.21153846,0.14102564,0.08372828,,104.36399702629869,97.742293513614,100.27524858284544,57.59526208530806,45.798719241706166,-0.15555557661927327
547973,Aroldis Chapman,NYY,28.2,31.0,0.0,122.0,49.0,20.0,12.0,14.0,19.0,0.0,4.0,3.767441951854609,3.5537550620077885,2.6630142926853106,3.2084045235642047,0.40163934,0.1557377,0.1656051,,121.37629225221583,103.26360057965157,126.11492130893406,80.0,51.976911889596614,-1.495938832271762
502179,Paolo Espino,WSN,35.2,18.0,3.0,138.0,26.0,27.0,8.0,9.0,4.0,0.0,4.0,2.0186916787464675,3.5064827355914523,4.3240713091225125,4.109252022289431,0.1884058,0.02898551,0.07370518,,99.42998970734477,103.8785051126258,101.22273886184493,45.11442145418327,61.00929874501992,-0.38590727091633464
664199,Taylor Clarke,ARI,33.2,30.0,0.0,142.0,32.0,34.0,14.0,15.0,9.0,0.0,3.0,3.7425746627151675,3.229440069494266,3.905262155470485,3.755349253753007,0.22535211,0.06338028,0.10720887,,96.70529826919841,108.84500756175431,106.01198117963371,48.5151846025878,59.114130499075785,-0.13350748613678376
552640,Andrew Kittredge,TBR,39.0,30.0,4.0,150.0,38.0,25.0,7.0,10.0,10.0,3.0,4.0,1.6153849388015988,3.5546495840864694,3.442797700613017,3.3342098072647053,0.25333333,0.06666667,0.14481409,,111.8499518289929,111.0990471172663,120.94708490139999,69.09568348336595,63.29806375733855,-1.1172027984344421
433589,Yusmeiro Petit,OAK,41.2,39.0,0.0,167.0,21.0,38.0,15.0,15.0,6.0,1.0,4.0,3.2400004364491095,3.914034222688689,5.3760946460781565,4.9854030110824,0.1257485,0.03592814,0.10051993,,93.34169381860195,104.81960023108033,98.74029347198149,32.66933492201041,50.87587792027729,0.6010105545927211
608717,Chris Stratton,PIT,43.2,33.0,0.0,177.0,39.0,36.0,13.0,14.0,14.0,0.0,4.0,2.679389479995847,3.5364463590476696,3.961816272514537,3.9238098646939905,0.22033898,0.07909605,0.1115942,,91.75373913043478,102.57246376811592,94.95614492753623,52.48455320289854,54.841690405797095,-0.16444742028985507
621249,Duane Underwood Jr.,PIT,45.2,27.0,0.0,196.0,43.0,44.0,20.0,23.0,17.0,3.0,3.0,3.9416061412342627,3.454705677111738,4.262024821630518,4.083072499374687,0.21938776,0.08673469,0.10878661,,90.20252313934323,97.42404336249523,89.85807658171676,39.61360935843794,50.758555983263605,0.6192297489539751
641482,Nestor Cortes,NYY,17.2,7.0,0.0,70.0,25.0,11.0,2.0,3.0,8.0,0.0,0.0,1.0188680711952167,1.6983357974072837,3.0965097593686286,3.0278086551671164,0.35714286,0.11428571,0.1137931,,103.71910344827586,105.8355172413793,104.36772413793103,49.9348255862069,64.6330965862069,-0.6424298965517242
643290,Justin Dunn,SEA,50.1,11.0,11.0,218.0,49.0,37.0,21.0,21.0,29.0,4.0,6.0,3.7549671245705767,4.739570645435695,5.608596926836798,5.178889262429998,0.22477064,0.13302752,0.09655172,,102.72875633164229,91.2530303458079,93.8833490135529,53.205643333333335,53.59149890804598,-0.11923673563218391
622253,Dillon Tate,BAL,32.0,25.0,0.0,131.0,27.0,25.0,13.0,14.0,11.0,3.0,2.0,3.6562507933996944,3.6075342174037566,4.283714908443041,3.952784795727176,0.20610687,0.08396947,0.10373444,,108.12983402489627,95.72510373443983,101.4825726141079,56.39551159751038,55.222175809128636,-0.21882730290456434
571521,Rex Brothers,CHC,28.2,31.0,0.0,120.0,49.0,18.0,11.0,11.0,16.0,3.0,3.0,3.453489317539321,3.1002666615066508,3.216941962220362,2.812384563000807,0.40833333,0.13333333,0.13931298,,113.03970539122133,81.93973043893129,94.9384553912214,66.42686751908396,42.653863492366405,0.4089650763358778
663776,Patrick Sandoval,LAA,44.0,10.0,7.0,183.0,46.0,38.0,19.0,20.0,17.0,2.0,8.0,3.8863637205983013,4.738215974638285,3.778049463613799,3.9782089050883025,0.25136612,0.09289617,0.16391185,,101.6393098533449,92.91431318683259,97.45000293711712,54.34816779614325,46.581936432506886,0.2897987878787879
622092,Kyle Zimmer,KCR,30.2,28.0,2.0,116.0,30.0,19.0,9.0,9.0,14.0,0.0,2.0,2.6413051007715542,3.430903762049417,4.136483661595763,4.074190631532031,0.25862069,0.12068966,0.10916179,,98.52992652571604,106.10219223271854,104.18551207077523,45.09779130604288,53.27470083820663,0.12058766081871339
621076,James Kaprielian,OAK,50.0,9.0,9.0,203.0,52.0,36.0,17.0,17.0,19.0,2.0,8.0,3.0600001167297406,4.430034170532229,4.502555967737078,4.220156241302428,0.25615764,0.09359606,0.11205847,,90.29844092570035,98.28662606577346,86.30306942752742,38.75173300852618,47.09625429963458,0.673097137637028
656546,Jeff Hoffman,CIN,41.0,10.0,10.0,188.0,39.0,38.0,21.0,25.0,27.0,2.0,4.0,4.609756204785515,4.6578390351226835,5.19694171392412,5.434121812282107,0.20744681,0.14361702,0.10737387,,94.4510906378565,84.29377894264053,80.40195658391002,47.71788844760672,39.471553001293664,0.9231241914618371
500779,Jose Quintana,LAA,38.0,12.0,9.0,186.0,57.0,46.0,29.0,33.0,26.0,0.0,6.0,6.868421569755572,4.275297363577133,3.754874960642677,4.192490693707543,0.30645161,0.13978495,0.1218593,,93.53280611390284,94.40457412060303,91.0528731155779,42.04283336683418,48.34807707286433,0.6212126130653266
596133,Luke Weaver,ARI,40.0,8.0,8.0,167.0,38.0,35.0,20.0,20.0,13.0,1.0,6.0,4.500000107288363,4.270034148693085,4.216723433505042,4.314035401910686,0.22754491,0.07784431,0.11144131,,95.08281116178775,104.45389597142427,98.40182125223613,47.39550952451709,59.79150919762258,-0.08300315007429421
608665,Kendall Graveman,SEA,24.1,21.0,0.0,86.0,21.0,11.0,3.0,3.0,5.0,2.0,2.0,1.1095891425658448,3.375513593312568,3.394640933369907,3.2518273145636742,0.24418605,0.05813953,0.1091954,,110.46183908045975,91.2783448275862,99.61901149425289,58.0843432183908,39.63507477011495,0.5662219540229885
669674,Sam Long,SFG,20.0,4.0,2.0,81.0,19.0,14.0,11.0,11.0,6.0,1.0,1.0,4.95,2.970034122467041,4.701922993361951,4.14613842327643,0.2345679,0.07407407,0.09708738,,109.14129449838187,97.86420711974111,101.4324919093851,43.48455216828479,55.80741051779935,0.05309517799352749
592717,Aaron Sanchez,SFG,28.1,6.0,6.0,122.0,24.0,24.0,10.0,10.0,10.0,4.0,2.0,3.1764707307914612,3.875916507087366,4.328244766856279,4.338131832336591,0.19672131,0.08196721,0.0814978,,83.72666712555066,96.6814372246696,83.17201266519824,42.04486544052864,39.22771746696036,1.0919955947136564
613534,Austin Adams,SDP,28.0,35.0,0.0,122.0,43.0,13.0,6.0,9.0,14.0,13.0,0.0,1.928571859640831,2.9914626539817792,4.2517215975207625,3.079006858826053,0.35245902,0.1147541,0.13939394,,92.6908686868687,95.5292525252525,90.44258585858583,62.77693311111113,24.082880282828285,0.6500192929292928
676596,Josh Fleming,TBR,66.1,13.0,6.0,266.0,40.0,54.0,25.0,26.0,16.0,2.0,7.0,3.3919599127827906,4.149933652826514,4.028200281149961,4.161530479751551,0.15037594,0.06015038,0.09499489,,105.15111797081494,109.02599503464508,114.22364001874415,56.15898097037795,57.94927649642493,-0.7328592032686413
641835,Tim Mayza,TOR,24.2,33.0,0.0,103.0,23.0,25.0,13.0,14.0,6.0,1.0,2.0,4.7432449701240955,3.2105746777672475,3.229443545400339,3.10327352436727,0.22330097,0.05825243,0.08530806,,111.42829383886254,104.0116587677725,114.73976303317534,55.030334383886256,57.734350189573455,-0.4106950710900474
656557,Tanner Houck,BOS,10.1,3.0,2.0,45.0,12.0,14.0,5.0,7.0,1.0,0.0,1.0,4.354838843648321,2.3958405502628954,2.503733812876661,2.9724670211092112,0.26666667,0.02222222,0.13291139,,107.78204339963834,106.4308137432188,112.70007233273056,57.24156462025317,55.61714177215189,-0.6041033544303798
596001,Jakob Junis,KCR,34.2,15.0,5.0,149.0,35.0,39.0,20.0,21.0,11.0,0.0,6.0,5.192307930373592,4.352726484385471,3.9858437372886044,4.017078315785275,0.23489933,0.0738255,0.10746812,,94.00964858501044,96.7232964591941,91.41953707405928,44.46328526411657,50.482687905282326,0.14124107468123864
489334,Craig Stammen,SDP,46.2,34.0,1.0,186.0,49.0,40.0,15.0,15.0,7.0,3.0,7.0,2.8928573707080796,3.6628913041432325,3.1117783753883357,2.906075944336857,0.26344086,0.03763441,0.10678211,,92.79829263366788,105.6790399503584,97.75903661360051,37.827893160173154,58.50745825396827,0.1722721356421356
641941,Emilio Pagan,SDP,33.1,36.0,0.0,137.0,41.0,26.0,13.0,14.0,10.0,2.0,5.0,3.510000366121569,3.7400341819226806,4.224853967185899,3.327637004118718,0.29927007,0.0729927,0.14839798,,109.06495526823882,105.74047274906968,110.0655911884521,61.22296770657672,60.672546003372666,-0.7617419224283305
656288,Griffin Canning,LAA,60.0,13.0,12.0,261.0,62.0,59.0,33.0,35.0,26.0,1.0,12.0,4.950000236034405,5.0533675456047105,4.5117900008005725,4.48000398292962,0.23754789,0.09961686,0.1453831,,98.0387401710725,97.3321536296318,98.49017864114771,57.72057979371316,53.6124597642436,0.08337201375245579
666205,Kyle Muller,ATL,10.0,3.0,2.0,40.0,13.0,5.0,3.0,3.0,4.0,0.0,0.0,2.7,1.7700341224670413,3.7108324617147446,3.4963003284454346,0.325,0.1,0.16091954,,93.64805874840359,92.13212005108556,90.98198382290335,52.081377471264375,37.12191488505747,0.6329922988505747
475479,David Phelps,TOR,10.1,11.0,1.0,42.0,15.0,8.0,1.0,2.0,4.0,1.0,0.0,0.8709678566480802,1.7184210280535743,3.084378983383454,2.8218380098339937,0.35714286,0.0952381,0.10582011,,102.9704761904762,101.17089947089947,100.09428571428573,42.32489825396825,51.91585534391535,0.20888063492063502
570257,Joely Rodriguez,TEX,22.1,24.0,0.0,98.0,24.0,23.0,14.0,14.0,6.0,0.0,2.0,5.64179165961091,2.990929625336536,2.4587607768658515,2.528209057620271,0.24489796,0.06122449,0.136,,108.78163894179895,104.08363936507939,114.16998264550264,61.23127104000001,58.51463,-0.7875649866666663
656849,David Peterson,NYM,66.2,15.0,15.0,287.0,69.0,64.0,41.0,44.0,29.0,5.0,11.0,5.535000292796657,4.775034207370137,3.926840325544209,4.276052360499648,0.24041812,0.1010453,0.11051693,,87.76097535519983,99.05065134481234,88.6390764978267,50.23338332442068,44.903478163992865,0.4358804188948306
669373,Tarik Skubal,DET,77.2,16.0,14.0,338.0,94.0,70.0,35.0,37.0,36.0,5.0,16.0,4.055794074418597,5.011235876885642,4.423098298061849,4.135111323200013,0.27810651,0.10650888,0.12571023,,104.93918053491593,100.02346575066912,103.23115152325869,52.07944784090909,55.014702720170455,-0.12358701704545458
572955,Pierce Johnson,SDP,24.2,29.0,0.0,101.0,35.0,20.0,9.0,9.0,10.0,0.0,3.0,3.283784154081491,3.129493577354924,3.1935609728853116,2.9421320288523938,0.34653465,0.0990099,0.12019231,,107.342864010989,106.75145604395604,109.48087225274723,54.58092197115384,60.43325367788462,-0.8150408173076921
640470,Adbert Alzolay,CHC,65.1,13.0,13.0,268.0,70.0,52.0,33.0,35.0,20.0,4.0,14.0,4.545918522180001,4.914932141081587,3.722544837235553,3.821784269766997,0.26119403,0.07462687,0.11068702,,99.59836611780885,103.18473186331907,102.89377679377587,51.60033160305343,60.05221771946565,-0.3757021278625953
554431,Tyler Matzek,ATL,29.2,32.0,0.0,127.0,39.0,21.0,11.0,12.0,20.0,0.0,2.0,3.3370789612179634,3.439697068828089,3.6932773307261737,4.088795496932063,0.30708661,0.15748031,0.12476371,,117.00778552386491,84.22593118538674,101.54131179847246,74.29155446124763,45.08029795841208,-0.16473964083175807
608718,Brent Suter,MIL,40.0,31.0,1.0,173.0,41.0,41.0,15.0,18.0,13.0,0.0,5.0,3.375000505428837,3.720034204833222,3.506523874129683,3.461852532657482,0.23699422,0.07514451,0.0913242,,101.05863364945557,111.02798735511061,113.15742137922958,52.10299829528157,61.18346640791477,-0.3432902739726027
554340,Yimi Garcia,MIA,30.0,32.0,0.0,121.0,31.0,23.0,9.0,12.0,8.0,1.0,4.0,2.7000000885129003,3.7367008077104895,3.8853537476117888,3.500718815006429,0.25619835,0.0661157,0.13347023,,105.3094455852156,111.34279260780289,119.63240246406572,52.63183806981521,65.47395154004106,-0.7942075154004106
657240,Julian Merryweather,TOR,4.1,4.0,0.0,14.0,7.0,1.0,0.0,0.0,1.0,0.0,0.0,0.0,0.6315723803268924,1.8530539505887353,1.393780489464394,0.5,0.07142857,0.14545455,,116.2749625668449,107.68145454545456,120.86752941176469,65.89252781818182,56.84591290909091,-1.0284010909090913
656685,Brett Martin,TEX,31.1,32.0,0.0,136.0,25.0,34.0,9.0,14.0,10.0,0.0,2.0,2.585107001775055,3.3615235300059343,4.0520910597078945,4.071083348175386,0.18382353,0.07352941,0.11405295,,102.71059097080789,99.56093923964698,101.20760364335824,43.87622281059064,56.8771350712831,0.021618248472505073
605288,Adrian Houser,MIL,75.2,15.0,14.0,322.0,60.0,73.0,35.0,38.0,32.0,2.0,11.0,4.162995734630559,4.822016556844247,3.9814389386785756,4.443200542535015,0.1863354,0.09937888,0.0743349,,95.52941676917995,100.40295471572065,97.84534357820647,39.83052504694836,45.14493423317684,0.5296709780907668
608638,JT Chargois,SEA,22.1,22.0,0.0,87.0,23.0,16.0,7.0,8.0,4.0,4.0,2.0,2.8208960782489503,3.3491386353717365,3.6069827882070413,3.0981314816094407,0.26436782,0.04597701,0.13213213,,96.06308558558557,99.50416416416417,100.61820820820822,65.34143720720719,42.69714747747748,0.21568363363363371
624133,Ranger Suarez,PHI,29.0,17.0,0.0,110.0,26.0,13.0,3.0,5.0,8.0,3.0,2.0,0.9310346090552811,3.4114134655554476,3.4883029251381057,3.15175051724555,0.23636364,0.07272727,0.10731707,,98.31751219512199,109.89936585365854,110.8061951219512,51.2761836097561,57.74292875609756,-0.27996743902439025
642207,Devin Williams,MIL,31.0,34.0,0.0,135.0,49.0,23.0,11.0,12.0,20.0,1.0,4.0,3.193548602008437,3.7184212561452576,3.4069596557701667,3.443945456143632,0.36296296,0.14814815,0.17200675,,117.75428667790894,93.5602900505902,112.86595615514334,80.0,50.8268390625,-1.1085862152777777
542960,Brad Brach,CIN,17.1,18.0,0.0,75.0,22.0,13.0,5.0,6.0,9.0,0.0,1.0,2.5961542017648163,2.9392648600879463,3.9196970800765705,3.679012857216862,0.29333333,0.12,0.121875,,105.4758125,94.332625,98.58124999999998,53.618947500000004,55.051043281249996,0.139559375
608379,Michael Wacha,TBR,51.1,14.0,9.0,218.0,44.0,56.0,30.0,31.0,16.0,1.0,9.0,5.259740585459708,4.728475777418066,4.408384352704163,4.465776520013286,0.20183486,0.0733945,0.10012361,,94.1024685253857,103.03457400540219,98.40736803552623,48.846521644004945,60.827433090234855,-0.20600552533992586
543475,Jordan Lyles,TEX,84.1,16.0,15.0,368.0,67.0,97.0,48.0,49.0,27.0,2.0,16.0,5.122529779433105,5.079125081931695,4.9140638197673,4.835069000889738,0.18206522,0.07336957,0.10864745,,86.27449439498422,101.99771500694706,93.06299468350782,47.68644738359202,49.61067879526977,0.34823066518847
641360,Phil Bickford,- - -,17.0,17.0,0.0,70.0,23.0,13.0,5.0,6.0,6.0,2.0,1.0,2.647059139083451,2.6406222946503513,2.9137765193239438,2.7963537561525142,0.32857143,0.08571429,0.1443662,,108.48563380281692,102.40838028169013,110.29725352112676,57.45373623239436,53.81229545774649,-0.3157710915492958
543294,Kyle Hendricks,CHC,92.2,16.0,16.0,394.0,74.0,99.0,41.0,45.0,19.0,3.0,20.0,3.982014456790376,5.090897464767005,4.265289477568828,4.406931083423298,0.18781726,0.04822335,0.09679767,,93.84217090940453,107.56954152247165,99.48371589918533,39.695713071324604,70.47955695778748,-0.5993141848617176
622250,Josh Sborz,TEX,30.0,32.0,0.0,131.0,41.0,26.0,16.0,19.0,14.0,0.0,4.0,4.800000982284747,3.5700342043241036,3.3658146722423963,3.336161528004731,0.3129771,0.10687023,0.15498155,,109.43858613322978,91.29278500679743,100.86455428238494,60.24528887453875,45.85389005535055,0.23775311808118085
664208,Phil Maton,CLE,32.0,28.0,1.0,137.0,47.0,30.0,19.0,19.0,14.0,3.0,4.0,5.343750831118216,3.451284166210105,3.259828364286235,3.020078492925972,0.34306569,0.10218978,0.171875,,106.42502083333333,102.8146435185185,107.33345138888889,69.99223730902779,57.222750086805554,-0.7858788541666666
607625,Seth Lugo,NYM,13.0,13.0,0.0,54.0,18.0,11.0,4.0,4.0,6.0,0.0,1.0,2.7692312136205,2.7854186761308606,2.7354598132000483,3.1675570565010007,0.33333333,0.11111111,0.14084507,,102.9050704225352,107.8025352112676,107.81859154929577,46.65820380281691,61.171003661971824,-0.4587590610328639
657024,Erik Swanson,SEA,13.0,9.0,2.0,47.0,14.0,4.0,1.0,1.0,6.0,0.0,1.0,0.6923077430950857,3.4008033701654035,4.5723260734478846,4.036359108381813,0.29787234,0.12765957,0.13,,108.38470000000001,100.10519999999998,104.47940000000003,58.83626459999999,54.32194799999999,-0.5046120999999999
656793,Nick Nelson,NYY,12.0,8.0,1.0,61.0,20.0,14.0,13.0,14.0,9.0,2.0,0.0,9.750001549721011,2.586700696415357,3.6159121005142496,3.789363641607824,0.32786885,0.14754098,0.15294118,,103.36056108597286,83.4833665158371,93.07049170437406,64.17913062745097,35.669740784313724,0.6450076470588235
489265,Sergio Romo,OAK,26.2,31.0,0.0,115.0,25.0,26.0,15.0,15.0,9.0,2.0,2.0,5.062501303176731,3.5075342093454904,4.649769055283382,4.105879282042009,0.2173913,0.07826087,0.11590909,,104.87804545454544,109.63486363636362,113.75436363636362,60.84571411363637,50.92418270454546,-0.524965931818182
592346,Chi Chi Gonzalez,COL,69.2,15.0,11.0,298.0,41.0,81.0,45.0,45.0,20.0,2.0,12.0,5.813397261820279,5.17960354630615,4.763824682002788,5.121905476166994,0.13758389,0.06711409,0.06672761,,89.91735930799408,102.16140787000502,92.37526173584682,44.56139337294332,58.990315347349174,-0.01158753199268741
608678,Dominic Leone,SFG,13.1,13.0,0.0,52.0,16.0,8.0,2.0,3.0,3.0,0.0,1.0,1.350000140815988,2.420034044235937,2.7683056755051147,2.702519429826324,0.30769231,0.05769231,0.13875598,,104.3217908407382,95.81818597878095,98.6520669262088,51.66890779904306,51.60189177033492,0.05717708133971286
543507,Trevor May,NYM,29.2,32.0,0.0,124.0,40.0,29.0,11.0,14.0,8.0,0.0,5.0,3.337078964570302,3.473404937427978,3.0071071972272576,2.7716425546388552,0.32258065,0.06451613,0.17017208,,101.42754813913513,108.20092009965813,110.81714197423567,61.61815891013384,54.143006042065004,-0.5737768833652007
664875,Justin Lawrence,COL,10.0,10.0,0.0,45.0,13.0,10.0,6.0,6.0,6.0,0.0,0.0,5.4000011265280214,2.370033955574001,3.4286514523721134,3.8263080879240046,0.28888889,0.13333333,0.11494253,,99.68658456486045,103.01174055829227,99.42546798029558,64.30921954022989,45.88124350574713,-0.3445135057471264
623364,Brad Wieck,CHC,14.1,13.0,0.0,58.0,22.0,7.0,0.0,0.0,8.0,0.0,0.0,0.0,1.7746851556683965,3.2518256779050194,3.145690345161945,0.37931034,0.13793103,0.10084034,,103.13574229691876,95.1791736694678,95.09320728291316,54.18843092436975,56.76622210084033,-0.4157905462184873
605488,Jeffrey Springs,TBR,34.1,33.0,0.0,137.0,45.0,27.0,12.0,16.0,10.0,0.0,6.0,3.1456317496757427,3.6943060807463315,3.0155261061936605,2.8134486011195,0.32846715,0.0729927,0.14685315,,108.07275420286781,104.87604400649857,111.0452882849474,58.46136522727272,60.000918304195814,-0.529436118881119
642152,Lou Trivino,OAK,38.1,37.0,0.0,155.0,35.0,28.0,9.0,12.0,17.0,1.0,3.0,2.11304377012987,3.770034205343424,4.3175554715107,4.256926031834903,0.22580645,0.10967742,0.08580858,,105.02447304730472,100.56499449944994,104.44796259625966,52.27205467005075,53.46417372250422,-0.03850074450084604
456034,David Price,LAD,25.2,22.0,3.0,121.0,25.0,36.0,11.0,12.0,7.0,3.0,3.0,3.8571435617826824,3.910293997960687,3.628158294935741,3.5460285023276663,0.20661157,0.05785124,0.09069767,,92.02839232503159,109.38939062070479,102.1133441090769,45.184049232558145,66.30123093023255,-0.21205488372093026
570666,Luis Cessa,NYY,32.2,26.0,0.0,142.0,29.0,30.0,12.0,17.0,15.0,0.0,2.0,3.306122827013592,3.567993351644603,4.230374368747866,4.2832366163640945,0.20422535,0.1056338,0.10831721,,89.06373992392622,107.39178181077804,97.72734565444735,44.22667371373307,56.68026704061895,0.06853936170212768
542947,Richard Bleier,MIA,27.0,32.0,0.0,105.0,23.0,25.0,11.0,11.0,1.0,0.0,4.0,3.6666675084904847,3.5033675323298126,2.492295810282706,2.485246887690552,0.21904762,0.00952381,0.10086455,,116.17583093179634,98.42420268972143,109.44040826128722,47.82557423631123,64.79650193083575,-0.7928025072046111
621114,Ryan Burr,CHW,13.0,10.0,1.0,42.0,8.0,2.0,0.0,0.0,3.0,0.0,0.0,0.0,2.631572543269781,3.9887742817824283,4.0065617663553965,0.19047619,0.07142857,0.07514451,,93.20312138728323,105.31734104046244,96.09190751445088,44.652125606936416,53.635201618497106,0.28791138728323695
593833,Wander Suero,WSN,21.2,26.0,0.0,89.0,20.0,19.0,8.0,8.0,6.0,1.0,2.0,3.3230775005296436,3.493111101685201,4.24748158837859,3.861073981998367,0.2247191,0.06741573,0.11653117,,106.9089972899729,99.06175474254744,105.47424796747967,57.60797539295394,48.32216785907859,0.10329029810298111
624647,Victor Gonzalez,LAD,26.1,34.0,1.0,115.0,24.0,20.0,7.0,7.0,14.0,3.0,1.0,2.392405936932619,3.777629281053103,4.3559761008099045,4.3897255747510595,0.20869565,0.12173913,0.10411622,,107.882845855559,91.08674707349489,98.19540679786631,64.37057033898304,55.58213435835349,-0.48582740920096856
502327,Hector Santiago,SEA,17.0,9.0,0.0,71.0,23.0,13.0,5.0,5.0,7.0,0.0,1.0,2.647058972025421,2.464151729926929,3.2562360037047378,3.1354818713377286,0.32394366,0.09859155,0.14516129,,92.75180645161291,98.92658064516128,87.48993548387097,39.40577396774193,51.99076451612903,0.5578359677419356
657612,Tim Hill,SDP,33.0,40.0,0.0,143.0,36.0,28.0,9.0,18.0,12.0,2.0,4.0,2.4545460685719696,3.8367009559063416,3.3837191655696857,3.251625832547907,0.25174825,0.08391608,0.11636364,,113.95814886224885,107.72519100066603,119.59283370795875,58.29096716363637,68.40631743636365,-1.0868288
664062,Tony Gonsolin,LAD,16.0,5.0,4.0,72.0,22.0,12.0,5.0,5.0,13.0,0.0,1.0,2.812500335276167,3.670034182071693,4.952714360303311,4.87267612764727,0.30555556,0.18055556,0.12738854,,93.45464968152868,80.05490445859871,74.52968152866242,48.37726394904458,33.630378789808915,1.170056305732484
519141,Drew Pomeranz,SDP,15.2,16.0,0.0,64.0,21.0,11.0,3.0,3.0,8.0,0.0,1.0,1.7234043318149277,2.8508851721309436,3.0346676785415467,3.440279771804809,0.328125,0.125,0.13235294,,109.79360294117646,102.55566176470587,118.18000000000002,65.91684290441175,56.72706220588235,-0.5642888235294119
672715,Luis Patino,TBR,15.0,5.0,3.0,62.0,19.0,12.0,6.0,7.0,4.0,2.0,2.0,3.6000002288818505,3.570034147898358,3.953935390879394,3.2917777427504826,0.30645161,0.06451613,0.11458333,,99.11819444444444,105.82256944444445,111.03722222222223,63.30140194444445,59.416545937500004,-0.4053718055555556
592866,Trevor Williams,CHC,43.2,10.0,10.0,197.0,49.0,50.0,26.0,26.0,20.0,2.0,8.0,5.358778821012585,4.818889144317067,4.013014067738291,4.25225555944442,0.24873096,0.10152284,0.10457516,,91.96434309690956,102.35075833131609,93.77378649237474,44.93063379084968,57.05673541176471,0.01444670588235294
628317,Kenta Maeda,MIN,56.2,12.0,12.0,257.0,54.0,68.0,35.0,40.0,20.0,3.0,11.0,5.558823778885057,5.005328322479885,4.349947015337682,4.474057004331954,0.21011673,0.07782101,0.12783505,,94.8243744526264,102.6885032960501,100.87708554445462,46.39863695876288,54.197641175257736,0.09480761855670103
605521,Art Warren,CIN,12.1,13.0,0.0,49.0,20.0,7.0,3.0,3.0,5.0,0.0,1.0,2.1891894254743915,2.1970610444784224,2.8596837256510894,2.4406738707147184,0.40816327,0.10204082,0.20574163,,99.62167145135567,91.47290909090911,90.50408931419457,56.564722488038285,47.3239495215311,0.19936779904306223
614179,Jose Ruiz,CHW,30.2,28.0,0.0,126.0,29.0,24.0,11.0,13.0,9.0,0.0,4.0,3.2282612533581903,3.8548168125733238,4.287905951576052,3.8914922567895402,0.23015873,0.07142857,0.10714286,,101.7396218487395,102.7544117647059,103.40726890756304,50.26090697478991,61.192478466386575,-0.1705746638655462
607359,Spencer Patton,TEX,9.0,11.0,0.0,34.0,10.0,7.0,1.0,1.0,1.0,0.0,0.0,1.0000002284845237,1.281144801996274,3.2415476127943426,2.813529658937035,0.29411765,0.02941176,0.07971014,,87.49289855072466,115.53028985507245,102.52985507246376,39.219673840579716,59.23016101449275,0.08689181159420291
621348,Sam Clay,WSN,25.2,31.0,0.0,119.0,20.0,31.0,12.0,13.0,10.0,2.0,1.0,4.207793489498549,3.5206835799252536,4.11405235906017,4.013827175987437,0.16806723,0.08403361,0.09375,,101.16427767697986,98.9452654432985,99.16857873641878,53.87411995535715,55.09380109375001,-0.3347418973214286
656876,Drew Rasmussen,- - -,22.2,19.0,1.0,99.0,34.0,16.0,10.0,13.0,15.0,0.0,2.0,3.970588518944702,3.302387073098531,3.4007603459535165,3.712210993949942,0.34343434,0.15151515,0.11832947,,106.28148491879351,102.02928074245939,107.46672853828306,62.93774941995358,52.51953464037123,-0.6569619025522041
650633,Michael King,NYY,44.1,13.0,6.0,197.0,38.0,43.0,20.0,23.0,20.0,4.0,5.0,4.0601506670722864,4.545974070752649,4.671714344360253,4.704863235654518,0.1928934,0.10152284,0.08333333,,107.10700934664911,96.93644973661107,103.12629787337822,56.33554708333333,56.56759394444443,-0.39361801388888895
641745,Brad Keller,KCR,81.0,17.0,17.0,390.0,67.0,110.0,60.0,66.0,42.0,5.0,12.0,6.666666902141815,5.182379872557997,4.802993575056433,5.099395957267738,0.17179487,0.10769231,0.08437706,,90.11170225256772,101.50637188939314,93.61177170530436,46.31677935398813,49.298364192485174,0.2535437178642057
608349,Corey Knebel,LAD,6.0,8.0,0.0,24.0,9.0,3.0,3.0,3.0,3.0,0.0,0.0,4.500000782311099,1.6700338616966746,1.9640942672496289,2.6440482468898514,0.375,0.125,0.16853933,,103.90134831460674,87.6808988764045,94.26314606741575,58.51063033707865,43.69822887640451,0.3089657303370787
571578,Patrick Corbin,WSN,87.1,16.0,16.0,376.0,70.0,93.0,54.0,56.0,29.0,2.0,17.0,5.564885637975647,5.162400585445977,4.308683653466744,4.621113212237982,0.18617021,0.07712766,0.10909091,,92.25354830230013,103.3898512525174,97.2510519638672,45.32862684363637,57.76106696727272,-0.048618269090909105
605538,Matt Wisler,- - -,27.2,29.0,0.0,109.0,36.0,21.0,14.0,14.0,7.0,0.0,5.0,4.554217977808903,3.6760583422235857,3.3673686784398713,2.7891704140308198,0.33027523,0.06422018,0.15777262,,106.75596287703019,102.37053364269141,106.14756380510441,51.50744187935035,56.3028771461717,-0.6799152668213458
664126,Pete Fairbanks,TBR,22.0,24.0,0.0,102.0,25.0,23.0,10.0,14.0,14.0,0.0,1.0,4.090909473290164,3.3973068709831615,4.570760016346638,4.481803009480259,0.24509804,0.1372549,0.135,,113.03187837837841,96.00026621621622,108.8190162162162,63.018210374999995,45.245575825,-0.307269425
669735,Chris Rodriguez,LAA,19.2,13.0,0.0,90.0,20.0,18.0,8.0,9.0,11.0,3.0,0.0,3.661017605642772,3.271729055957118,4.258575846094354,4.103926602330754,0.22222222,0.12222222,0.1025641,,105.52401424501423,99.07508404558405,103.78183475783476,52.863213190883194,41.91007943019943,0.2759244444444444
660761,Jose Suarez,LAA,27.1,9.0,0.0,109.0,26.0,21.0,6.0,6.0,9.0,0.0,3.0,1.9756099169343788,3.682229286116695,3.804596041376224,3.7227451955426107,0.23853211,0.08256881,0.12100457,,91.03345848131237,111.18338068662271,102.26713174361576,45.96595216894978,64.00891216894976,-0.2563696803652968
650496,JC Mejia,CLE,27.2,9.0,6.0,113.0,25.0,26.0,19.0,19.0,9.0,0.0,4.0,6.180723259966079,4.21822695602854,3.869239864316387,4.2028512347406055,0.22123894,0.07964602,0.09166667,,94.95529796511627,95.4732097868217,89.1695581395349,40.23746741666667,40.830438916666665,0.6961322083333333
453178,Ian Kennedy,TEX,27.1,27.0,0.0,109.0,31.0,24.0,9.0,9.0,7.0,0.0,5.0,2.9634146686113714,4.048082913166707,3.735628813831919,3.266566681086302,0.28440367,0.06422018,0.13624679,,108.27737789203087,104.12682519280203,110.72459511568124,50.4879388688946,68.7519302570694,-0.8709321850899743
595465,Dan Winkler,CHC,28.1,30.0,0.0,119.0,29.0,16.0,4.0,4.0,16.0,4.0,1.0,1.2705884326453334,3.6994459694025967,4.9219559505060735,4.484542873728438,0.24369748,0.13445378,0.12423625,,99.0561883951615,97.9234158166841,98.16413351253742,52.54862067209775,31.781004378818743,0.41537953156822804
474463,Brett Anderson,MIL,48.0,12.0,12.0,214.0,31.0,55.0,25.0,28.0,15.0,2.0,7.0,4.687500189174906,4.836700856395897,4.264139094897126,4.625713207487852,0.14485981,0.07009346,0.05555556,,87.23407086103197,100.4423780993319,91.87581904666699,36.13971886419753,47.66640388888889,0.7928385185185185
594577,Mike Mayers,LAA,38.2,38.0,0.0,169.0,55.0,40.0,19.0,19.0,15.0,1.0,8.0,4.422414428234529,4.256241175015873,3.48304820147436,3.039499402785242,0.32544379,0.0887574,0.14492754,,96.38098721227618,101.53329752770672,99.60276214833759,44.683694434782616,49.525505260869565,0.13459534782608693
663559,Bailey Falter,PHI,13.0,5.0,0.0,48.0,15.0,10.0,4.0,4.0,1.0,0.0,2.0,2.769230769230769,3.093111045543964,2.586032844965275,2.4251037984595047,0.3125,0.02083333,0.11055276,,111.76733668341708,99.33527638190955,109.13587939698493,43.65512381909547,73.11851175879397,-0.6602654773869346
664054,Cody Stashak,MIN,15.2,15.0,0.0,75.0,26.0,16.0,12.0,12.0,10.0,1.0,2.0,6.893618218982088,3.6168427107343986,3.9844077711018984,3.444468855853594,0.34666667,0.13333333,0.17207792,,109.82837662337663,79.78337662337663,91.30636363636364,48.66582068181818,42.139630227272725,0.8121068506493505
668820,Max Kranick,PIT,5.0,1.0,1.0,15.0,3.0,0.0,0.0,0.0,0.0,0.0,0.0,0.0,1.9700341224670412,4.440141099691392,4.329118453445435,0.2,0.0,0.08,,88.59719999999999,109.84440000000001,99.6744,35.71577,70.69924,-0.61922
502042,Chris Archer,TBR,4.1,2.0,1.0,21.0,6.0,7.0,3.0,4.0,1.0,0.0,0.0,6.230769687855771,1.0931108931817843,3.1289134962837055,3.2145364570216826,0.28571429,0.04761905,0.12765957,,100.69468085106384,104.55893617021276,103.89191489361703,40.24884127659575,57.22043531914893,0.20798319148936173
621366,Ryan Borucki,TOR,13.1,13.0,0.0,51.0,14.0,7.0,6.0,7.0,5.0,0.0,1.0,4.050001653582533,3.1700341224670416,3.253651432560598,3.285906059604782,0.2745098,0.09803922,0.12690355,,108.7356417693981,102.29778100072515,111.77287164612036,66.09682781725887,54.319455228426406,-0.2791290862944163
594987,Casey Sadler,SEA,11.0,11.0,0.0,46.0,10.0,8.0,2.0,3.0,6.0,0.0,0.0,1.6363639422685234,2.9882159066594274,5.233768123923774,4.766976180221133,0.2173913,0.13043478,0.125,,106.54260000000001,97.58249999999998,97.1383,47.39444865,43.87426645000001,0.11116599999999999
675921,Spencer Howard,PHI,21.2,9.0,5.0,101.0,27.0,18.0,14.0,15.0,16.0,2.0,2.0,5.815385041998719,4.370034210498523,5.287268829693039,4.891031908447051,0.26732673,0.15841584,0.11872146,,100.89891552511416,81.54453196347032,78.40033105022832,48.79847141552511,41.101906347031964,0.5990209132420091
669211,Keegan Akin,BAL,38.0,10.0,6.0,170.0,35.0,46.0,30.0,30.0,15.0,0.0,7.0,7.1052635145319645,4.906876314908188,4.740807413842718,4.612446478083617,0.20588235,0.08823529,0.10570236,,106.34332980992117,96.52660509967549,100.58018618451553,52.890607190542426,58.65323773296245,-0.3066371627260083
608335,Kyle Funkhouser,DET,26.2,20.0,1.0,111.0,21.0,21.0,9.0,14.0,11.0,1.0,2.0,3.037500523910948,3.920034251827769,3.7389971775672937,3.6729978835449932,0.18918919,0.0990991,0.09785203,,101.22164589410411,95.0871740475559,97.2814761778485,48.20559451073985,52.90002742243438,0.00899219570405728
641394,Jake Brentz,KCR,36.2,38.0,0.0,156.0,42.0,20.0,11.0,13.0,24.0,2.0,3.0,2.7000004308603716,4.070034266087165,4.401848000975733,4.4508263725554285,0.26923077,0.15384615,0.12459547,,101.77272900698348,93.60098092318172,96.63346942599216,62.78447529126213,46.19204478964401,0.15582927184466022
544727,Jeurys Familia,NYM,23.1,25.0,0.0,109.0,26.0,24.0,9.0,10.0,15.0,1.0,1.0,3.4714290709763875,3.5557484636866397,3.981607424068356,4.24435683483088,0.23853211,0.13761468,0.10538642,,111.93563657653819,100.33790717479242,112.46377847562276,60.313167470725986,48.09474655737705,-0.055354215456674426
608652,Luke Farrell,MIN,15.1,13.0,0.0,63.0,17.0,12.0,3.0,3.0,6.0,0.0,1.0,1.7608696017238286,2.974381944497727,4.0826964991281836,3.7272929720003667,0.26984127,0.0952381,0.12587413,,100.01,103.58468531468532,104.04720279720281,48.85610888111888,50.997822937062935,0.044077797202797184
656420,J.P. Feyereisen,- - -,36.0,36.0,0.0,142.0,35.0,17.0,8.0,11.0,21.0,0.0,3.0,2.000000170535526,4.0589230871494975,4.592921748722118,4.651076874697106,0.24647887,0.14788732,0.16129032,,102.63906508205999,88.48532744765139,95.66982705149972,64.55888171714986,41.43855621305678,0.28063775631806037
670056,Caleb Baragar,SFG,18.1,22.0,0.0,78.0,14.0,14.0,1.0,4.0,11.0,2.0,0.0,0.4909091832125656,3.7700342352823992,6.753410755738178,5.976846112718679,0.17948718,0.14102564,0.10652921,,111.12557273768616,91.96683276059565,104.77386597938143,70.449529209622,51.97087714776631,-0.5049606872852235
543022,Tyler Chatwood,TOR,28.0,30.0,0.0,125.0,32.0,20.0,17.0,17.0,20.0,3.0,1.0,5.464286894936902,3.8128914042243243,4.230786843526366,4.529043189445433,0.256,0.16,0.1049505,,103.00562376237625,86.03940594059405,88.91449504950495,58.36344831683168,26.27716132673267,0.656422495049505
608723,Austin Voth,WSN,36.0,25.0,1.0,139.0,36.0,26.0,11.0,11.0,13.0,1.0,5.0,2.7500000796798227,4.142256372858897,3.757992519254936,3.713511882683092,0.25899281,0.09352518,0.10669078,,96.59647980711271,102.62346594333937,100.49927968655817,45.490500759493685,54.84961983725135,0.09422491862567813
642130,Blake Taylor,HOU,16.0,18.0,0.0,73.0,18.0,16.0,6.0,10.0,6.0,0.0,2.0,3.375001087552287,3.6700342835858986,4.029941791974058,3.7285502827040045,0.24657534,0.08219178,0.10545455,,99.1655515151515,106.64475636363635,108.79278545454547,50.944080981818175,48.40753334545454,-0.1358049090909091
666129,Braxton Garrett,MIA,11.1,3.0,2.0,51.0,8.0,15.0,7.0,7.0,5.0,1.0,0.0,5.55882368533257,3.3465047156522023,4.280578808869886,5.148178828952159,0.15686275,0.09803922,0.08585859,,94.32852160823926,97.03552679738561,92.5449450584274,45.149918131313136,51.89844237373737,0.3413764141414142
572143,Burch Smith,OAK,23.2,19.0,0.0,102.0,18.0,27.0,15.0,16.0,6.0,1.0,2.0,5.7042260009827945,3.634822907732306,4.9963984222247255,4.487493330832054,0.17647059,0.05882353,0.06036745,,98.4890813648294,96.19653543307086,96.16267716535434,49.864267664041996,51.64090729658791,0.12175325459317586
656353,Tucker Davidson,ATL,20.0,4.0,4.0,83.0,18.0,15.0,8.0,8.0,8.0,0.0,3.0,3.600000171661385,4.520034186840061,4.422614415112987,4.644705171463822,0.21686747,0.09638554,0.12541254,,103.1259665850306,93.22983843733212,96.51126344029751,42.92558105610561,50.96417587458746,0.31921904290429043
626929,Lewis Thorpe,MIN,14.0,4.0,3.0,58.0,5.0,13.0,6.0,9.0,4.0,0.0,1.0,3.857142857142857,4.241462693895612,5.077253391913006,5.544240332727609,0.0862069,0.06896552,0.07511737,,87.44140845070423,103.40563380281691,91.80234741784038,36.72940812206573,61.57730516431924,0.14314572769953054
503285,Darren O'Day,NYY,10.0,11.0,0.0,41.0,10.0,8.0,3.0,3.0,2.0,1.0,1.0,2.7000005632640107,3.3700341641903013,4.363705136051688,3.6680603607108657,0.24390244,0.04878049,0.125,,95.93654761904762,113.74988095238095,108.0440476190476,56.09248940476192,57.474951488095236,-0.2186079761904763
606160,Rafael Montero,SEA,34.2,35.0,0.0,159.0,29.0,40.0,26.0,29.0,12.0,5.0,3.0,6.750000529994227,4.093111118021807,4.5458580552315935,3.982716387938913,0.18238994,0.0754717,0.10743802,,103.28794394538266,105.5656600790514,109.38122888968739,54.65542960330579,60.06228148760331,-0.37090279338842974
501625,Jose Alvarez,SFG,28.0,27.0,0.0,117.0,18.0,24.0,9.0,14.0,9.0,0.0,2.0,2.892857564689311,3.7771770681425756,4.928032599438292,4.743780579355737,0.15384615,0.07692308,0.10804598,,99.45381682630905,98.4236369093231,98.86215105363985,48.896742321839085,56.36297763218389,-0.14559273563218392
641743,Anthony Kay,TOR,30.0,8.0,5.0,131.0,36.0,28.0,15.0,16.0,13.0,3.0,5.0,4.500000143051152,4.536700832578872,3.4874634793974355,3.7412870722170344,0.27480916,0.09923664,0.11171171,,101.18401044961045,101.6995239043239,103.7299396963397,51.83081401801801,50.721171873873864,0.008706198198198201
523260,Joe Kelly,LAD,18.0,19.0,0.0,74.0,18.0,14.0,8.0,9.0,4.0,1.0,2.0,4.000001357661814,3.4478119945268895,3.0815887253627077,3.06134573289993,0.24324324,0.05405405,0.12237762,,114.80160839160837,99.1511888111888,113.05370629370631,61.56700465034966,58.339287132867135,-0.7215368531468531
608032,Carlos Estevez,COL,25.1,27.0,0.0,109.0,23.0,25.0,14.0,16.0,9.0,2.0,3.0,4.973685080386912,4.196350091435769,4.885544477135578,4.2471442381613524,0.21100917,0.08256881,0.11904762,,94.55468571428571,99.83502857142857,94.12897142857145,44.5708683095238,51.68862542857142,0.37946833333333335
607231,John Gant,STL,67.1,16.0,14.0,305.0,50.0,60.0,27.0,30.0,49.0,3.0,6.0,3.608911013551504,5.160133199898735,5.4691076522987245,6.115066622148278,0.16393443,0.16065574,0.09127625,,93.99126788321327,91.55141642740209,88.11568342666082,48.78093457996769,47.49747797253635,0.43433832794830374
670950,Trevor Richards,- - -,31.0,20.0,0.0,127.0,40.0,24.0,13.0,13.0,12.0,0.0,5.0,3.7741937951168496,3.8474535215905785,3.7996159880503213,3.3388040021803107,0.31496063,0.09448819,0.12333966,,95.27164700953696,100.76731306012141,101.21632533247903,49.74743361151999,49.95084893188388,0.22560249055666887
608648,Tyler Duffey,MIN,30.2,32.0,0.0,127.0,28.0,24.0,12.0,14.0,16.0,1.0,2.0,3.521739915323342,3.8548168837799133,4.387796058155989,4.526793957096281,0.22047244,0.12598425,0.09179688,,94.9826171875,98.8151953125,95.81144531249998,42.2457576171875,51.3641370703125,0.47728125
543272,Brad Hand,WSN,34.2,33.0,0.0,143.0,33.0,25.0,10.0,14.0,12.0,4.0,4.0,2.5961540433021755,4.150803427714529,4.330340465697297,3.9420169528521996,0.23076923,0.08391608,0.07734807,,101.81983324821641,100.24629958060575,97.58585852020364,51.12280508287292,54.47525303867401,-0.25950802946592993
592314,Mike Foltynewicz,TEX,87.0,16.0,16.0,372.0,62.0,97.0,50.0,51.0,20.0,4.0,19.0,5.1724139631999435,5.41141350652035,4.823415740647754,4.7996430727475285,0.16666667,0.05376344,0.07918711,,95.22136480844637,102.94205727443376,95.85396085776146,42.5480487596356,57.540585998598466,0.04464290819901893
670280,David Bednar,PIT,30.0,34.0,0.0,122.0,38.0,23.0,12.0,12.0,11.0,0.0,5.0,3.6000007474424005,3.90336760805716,3.207002568966553,3.1429568764415183,0.31147541,0.09016393,0.14257028,,105.10240963855424,103.51734939759038,108.36200803212853,53.50441381526106,51.83087742971888,-0.36408773092369484
642073,Jimmie Sherfy,SFG,8.2,8.0,0.0,34.0,8.0,5.0,1.0,1.0,3.0,0.0,0.0,1.0384616217846063,2.362341749967903,4.1945641053606675,3.92350198920567,0.23529412,0.08823529,0.096,,101.75183999999999,99.42928,95.61184000000002,44.41732056,58.80944912,-0.3352832
671790,Ronald Bolanos,KCR,6.1,3.0,0.0,25.0,10.0,4.0,1.0,1.0,2.0,0.0,0.0,1.4210527029063929,0.9595076957237638,2.6310087416535746,2.2330320534454353,0.4,0.08,0.17924528,,99.55962264150943,93.5543396226415,96.1054716981132,48.700716698113204,43.94113990566037,0.5468112264150944
455119,Chris Martin,ATL,17.2,19.0,0.0,73.0,10.0,17.0,8.0,9.0,3.0,2.0,1.0,4.075471858530129,3.622864328970389,4.684667292194728,4.386116810804641,0.1369863,0.04109589,0.11538462,,101.62046853146853,101.74453846153847,98.16743356643356,43.04041438461538,65.1377698846154,-0.3448519230769231
606303,Joel Payamps,TOR,30.0,22.0,0.0,119.0,22.0,21.0,9.0,10.0,11.0,1.0,3.0,2.7000005310774893,4.203367659052253,5.020602371705088,4.603118744784534,0.18487395,0.09243697,0.11825726,,98.6692488195736,100.97250250393476,100.41312777221347,51.37852869294606,49.45751744813278,0.09447240663900422
605154,John Brebbia,SFG,5.0,5.0,0.0,19.0,8.0,2.0,1.0,1.0,1.0,1.0,0.0,1.8,1.1700341224670412,2.228651398420334,1.7729582273837672,0.42105263,0.05263158,0.12857143,,93.91748571428572,116.28537142857142,105.32737142857142,39.078113571428574,68.31308085714285,-0.5588484285714285
607560,Ryne Harper,WSN,9.0,7.0,0.0,31.0,6.0,3.0,1.0,1.0,2.0,0.0,0.0,1.0000001125865638,2.5033673807426653,3.6796089308975257,3.9111352714897705,0.19354839,0.06451613,0.11428571,,110.54930020703932,91.75436853002071,100.6032215320911,39.96567676190476,51.35514704761905,-0.22630666666666666
656605,Mitch Keller,PIT,47.1,12.0,12.0,228.0,51.0,56.0,37.0,37.0,29.0,3.0,7.0,7.035211598345805,4.965808854777531,5.093412740263471,5.008608008115978,0.22368421,0.12719298,0.08629989,,91.36907189818204,93.14203823732716,82.268770006073,42.88228,49.167805889967624,0.6001993851132685
500610,Deolis Guerra,OAK,29.2,21.0,0.0,115.0,25.0,18.0,13.0,17.0,10.0,1.0,3.0,3.9438207093859656,3.911607247308847,5.0948616393535655,4.438735915627164,0.2173913,0.08695652,0.10691824,,94.04566561844865,100.24823899371069,94.36710691823903,51.136639350104836,54.92425763102726,-0.028757798742138335
640464,Kohl Stewart,CHC,12.2,3.0,3.0,58.0,10.0,16.0,8.0,9.0,5.0,2.0,1.0,5.684210811625571,4.2752973358386805,4.781190786953056,4.810056570799163,0.17241379,0.0862069,0.07407407,,92.2143364197531,78.86008903133903,78.80246438746441,45.68891875,29.170494907407406,1.1753726851851851
605280,Clay Holmes,PIT,34.1,35.0,0.0,156.0,34.0,29.0,17.0,18.0,21.0,3.0,2.0,4.45631151385491,4.043820693811141,4.005987767473589,4.021459847702335,0.21794872,0.13461538,0.11386139,,110.72768813409118,90.18136279183476,100.4083467027258,54.270134339933996,45.655399537953805,0.26868351485148523
592254,Jose De Leon,CIN,18.1,9.0,2.0,91.0,33.0,22.0,17.0,17.0,11.0,2.0,4.0,8.345455585531097,4.533670656050553,3.525827643455435,3.257782428824537,0.36263736,0.12087912,0.15273775,,108.70182181423695,82.16218953923614,90.16766516777635,57.8697058501441,49.87560780979827,0.15234149855907791
669214,Conner Menez,SFG,14.0,8.0,1.0,62.0,15.0,16.0,6.0,10.0,3.0,0.0,2.0,3.857142857142857,3.5271769796098984,2.552215185761452,2.7967997958423245,0.24193548,0.0483871,0.10526316,,100.00906882591094,97.98493927125506,94.60242914979757,39.75771550607288,54.83340437246964,0.18105623481781377
621261,Corey Oswalt,NYM,6.1,2.0,0.0,26.0,6.0,8.0,1.0,1.0,1.0,0.0,0.0,1.4210527029063929,1.7489814195606488,3.699065973145428,3.663063073084435,0.23076923,0.03846154,0.20879121,,85.48529627235511,129.50017237664295,110.43102779573368,38.99124,77.51771285714287,-0.76464
445926,Jesse Chavez,ATL,4.1,2.0,1.0,16.0,7.0,2.0,2.0,2.0,1.0,0.0,0.0,4.153846458570514,0.6315723977850602,1.445893439025829,1.9335008568848369,0.4375,0.0625,0.10526316,,97.6098245614035,130.32350877192982,121.38491228070173,38.48847,80.0,-1.831752105263158
640448,Kyle Finnegan,WSN,30.1,33.0,0.0,140.0,36.0,32.0,13.0,19.0,17.0,0.0,4.0,3.857143685806668,4.19201236400556,4.339031781882527,4.144788653574317,0.25714286,0.12142857,0.11616162,,101.35952861952863,106.07016835016834,104.01845117845117,45.367446043771054,57.85832111111111,-0.13093663299663297
669952,Mitch White,LAD,14.1,12.0,0.0,68.0,14.0,15.0,6.0,14.0,8.0,0.0,1.0,3.7674427430266886,3.7979412463048225,5.106675386279647,4.68701322915187,0.20588235,0.11764706,0.08070175,,98.4717192982456,100.97122807017544,98.95480701754386,53.2077450877193,58.79591624561402,-0.39219957894736845
622503,Nabil Crismatt,SDP,38.2,20.0,0.0,169.0,37.0,41.0,17.0,20.0,14.0,5.0,4.0,3.956896824170893,4.075206598584566,4.373061012813554,3.98811211635877,0.21893491,0.08284024,0.12333333,,88.85236650304923,100.25920633645693,95.51476851851852,57.132622616666666,48.63111656666665,0.14781515000000006
607188,Jake Faria,ARI,8.0,4.0,1.0,34.0,8.0,6.0,3.0,4.0,1.0,1.0,1.0,3.375,3.545034122467041,4.125486780703068,3.8576248215993685,0.23529412,0.02941176,0.05594406,,86.42507522780251,99.13437592710319,84.77294236066963,33.54241335664335,42.76419874125874,1.2918206293706294
641851,Kyle McGowin,WSN,19.0,17.0,0.0,80.0,19.0,13.0,8.0,8.0,7.0,2.0,2.0,3.78947429049388,3.9595079329865994,4.54117142911962,3.955578297195434,0.2375,0.0875,0.11217949,,101.90903846153847,102.47358974358976,102.57532051282051,55.23921785256409,56.10076445512821,-0.4329034935897438
571945,Miles Mikolas,STL,4.0,1.0,1.0,17.0,3.0,3.0,1.0,1.0,1.0,1.0,0.0,2.25,3.170034122467041,4.934396249055863,4.517322052030577,0.17647059,0.05882353,0.05084746,,88.77728813559321,109.0413559322034,94.49016949152542,30.54744,75.10531000000002,-0.34786999999999996
621219,Alec Mills,CHC,37.0,16.0,4.0,167.0,26.0,45.0,21.0,23.0,14.0,4.0,4.0,5.108108371430906,4.629493657161586,4.463910278120617,4.442102074049416,0.15568862,0.08383234,0.06578947,,90.4647790958857,92.3841615217498,83.29906041339355,40.024008717105254,50.73550616776316,0.303787615131579
641401,Connor Brogdon,PHI,30.2,33.0,0.0,129.0,28.0,27.0,15.0,19.0,12.0,1.0,4.0,4.402174877041778,4.311338720218613,4.284159420932344,4.052673703340371,0.21705426,0.09302326,0.15217391,,109.98174352217833,92.01041789128749,103.36851229688187,66.20485812252964,49.34760608695652,-0.39096980237154155
605164,Dylan Bundy,LAA,67.0,15.0,14.0,293.0,63.0,72.0,49.0,51.0,21.0,4.0,15.0,6.58208983330612,5.319287945587407,4.410206139913474,4.34820028725899,0.21501706,0.07167235,0.10793934,,94.88839696581532,101.27407126664824,95.1522985181998,42.058147591436224,57.19153424620875,0.022750883140053493
656794,Sean Newcomb,ATL,21.2,23.0,0.0,103.0,29.0,18.0,14.0,14.0,19.0,2.0,1.0,5.815386161861041,4.000803574161475,5.110877930517109,4.85316058476967,0.2815534,0.18446602,0.11276596,,101.761632218845,91.5783404255319,93.44824012158055,61.715480638297855,42.20008180851064,0.35075104255319156
621593,Anthony Castro,TOR,18.0,19.0,0.0,78.0,24.0,15.0,9.0,10.0,6.0,3.0,3.0,4.500001005828605,4.170034345984509,3.473669295825476,2.9711459056801846,0.30769231,0.07692308,0.12462006,,104.60869300911853,98.509726443769,103.25343465045592,71.39325756838905,47.17352291793312,-0.0971771124620061
453343,Mark Melancon,SDP,35.2,35.0,0.0,145.0,30.0,28.0,9.0,11.0,15.0,0.0,4.0,2.271028210699483,4.207417379206311,3.6398991567907544,3.924860378524781,0.20689655,0.10344828,0.08787346,,99.2321265377856,102.93642257371607,102.12783831282954,40.077668383128284,47.67298523725834,0.10953217926186291
605525,J.B. Wendelken,OAK,13.1,16.0,0.0,63.0,14.0,16.0,6.0,7.0,6.0,0.0,1.0,4.050001056120075,3.3950341811403786,3.478651478898581,3.9047643697429475,0.22222222,0.0952381,0.13513514,,97.02423423423423,108.81792792792794,103.46027027027026,56.120711306306305,67.06228216216216,-0.921480945945946
502202,Brad Boxberger,MIL,33.2,36.0,0.0,140.0,37.0,22.0,12.0,14.0,14.0,5.0,4.0,3.207921054278899,4.209638167835203,4.28969438995049,3.7981671300826183,0.26428571,0.1,0.1295972,,97.85773992994747,97.63018128596444,98.07051078308733,47.4601379664179,46.38372292910449,0.6125899440298508
595345,Steven Okert,MIA,3.1,2.0,0.0,12.0,2.0,1.0,0.0,0.0,0.0,1.0,0.0,0.0,2.8700340080260798,5.516578207485804,4.584609018173046,0.16666667,0.0,0.15384615,,118.14230769230768,96.06230769230768,108.85615384615386,61.852634615384616,48.29803769230769,-0.2758230769230769
656887,Sean Reid-Foley,NYM,20.2,12.0,0.0,92.0,26.0,22.0,12.0,15.0,9.0,0.0,3.0,5.225806861061492,3.8474535303824196,3.753176329045613,3.5757871441679896,0.2826087,0.09782609,0.12668464,,88.64226415094342,104.85261455525607,93.67390835579512,45.82587935309973,47.745611913746636,0.3615194878706199
457918,J.A. Happ,MIN,71.0,14.0,14.0,313.0,55.0,80.0,46.0,47.0,23.0,3.0,14.0,5.830986150458946,5.282710263937673,5.502549120373054,5.078883608811428,0.17571885,0.07348243,0.08110176,,93.24547449968607,99.36449262184222,90.55788304587725,39.231609678653406,50.786780084162196,0.41298260137719967
488984,Tommy Hunter,NYM,8.0,4.0,1.0,33.0,6.0,4.0,0.0,0.0,3.0,1.0,0.0,0.0,3.170034122467041,4.493305717408657,4.563522115702801,0.18181818,0.09090909,0.04587156,,93.5748984272608,93.46521952817824,90.27934469200525,43.51259458715596,47.825230642201845,0.08800275229357798
593140,Michael Feliz,- - -,14.1,16.0,0.0,68.0,17.0,21.0,14.0,15.0,5.0,0.0,2.0,8.79069913055806,3.6584062963869335,4.798733767007128,3.9489892138190053,0.25,0.07352941,0.12367491,,99.38727915194346,101.92706713780919,95.81505300353358,49.42015780918728,57.851359787985864,-0.1568732155477032
622251,Josh Staumont,KCR,32.0,29.0,0.0,138.0,35.0,25.0,14.0,15.0,17.0,2.0,4.0,3.937500366708298,4.388784235971991,5.07950959144863,4.282049587819519,0.25362319,0.12318841,0.10834813,,102.47792652145459,87.91386370010284,89.42373188744507,56.17673667850799,37.11022987566609,0.6590457904085257
667376,Miguel Sanchez,MIL,5.2,5.0,0.0,20.0,5.0,2.0,0.0,0.0,1.0,0.0,0.0,0.0,1.9347398597269978,3.802888213187849,3.3355359534454343,0.25,0.05,0.20967742,,93.50903225806451,109.75483870967743,105.39161290322582,48.845696290322586,63.95873661290323,-0.5598916129032258
594835,Marco Gonzales,SEA,47.2,9.0,9.0,202.0,42.0,47.0,27.0,27.0,18.0,1.0,10.0,5.0979021658984385,5.3308733121276966,4.7874613916364055,4.770161973635252,0.20792079,0.08910891,0.0978121,,93.74673007502277,101.69264086386038,94.73068305239036,40.084044530244526,63.26699297297298,-0.0720225868725869
605359,Evan Marshall,CHW,27.1,27.0,0.0,113.0,26.0,28.0,17.0,17.0,9.0,0.0,5.0,5.597561864640122,4.633448989039622,4.3209948437133345,3.9455110147810393,0.2300885,0.07964602,0.10114943,,89.91975757575756,108.55907628004181,106.27403970741902,46.23425956321839,57.227606298850574,0.20993027586206894
570632,Jose Urena,DET,72.1,15.0,15.0,333.0,47.0,87.0,50.0,55.0,33.0,3.0,11.0,6.221198512115042,5.340541158916067,5.119814046504373,5.338204800455599,0.14114114,0.0990991,0.07828894,,91.91663092355587,94.14322879434259,91.00318786271573,44.767202679580315,43.74886276029055,0.5420983777239708
642068,Jordan Sheffield,COL,19.1,19.0,0.0,77.0,16.0,11.0,7.0,7.0,8.0,2.0,2.0,3.2586210998801164,4.411413589088038,5.256828749213077,4.6134723450159685,0.20779221,0.1038961,0.1025641,,92.20666666666665,96.24397435897436,91.5521153846154,56.65731647435898,44.06577275641026,0.48698897435897426
664776,Jake Cousins,MIL,5.1,4.0,0.0,20.0,11.0,0.0,0.0,0.0,3.0,2.0,0.0,0.0,1.8575340369017745,2.1883519572040524,2.087008453445435,0.55,0.15,0.24175824,,110.39772462831286,90.73973497091144,93.01730446024561,71.39988153846153,29.50562318681319,0.49061769230769237
448281,Sean Doolittle,CIN,27.2,32.0,0.0,129.0,31.0,32.0,14.0,15.0,14.0,1.0,5.0,4.554217830635806,4.904974248423539,5.80795522696122,4.800417407624292,0.24031008,0.10852713,0.11267606,,112.559379814239,98.63795459626448,107.91689947767412,58.36088641851107,57.352059557344056,-0.4822076861167001
518397,Scott Alexander,LAD,11.2,13.0,0.0,45.0,5.0,7.0,3.0,4.0,1.0,1.0,1.0,2.314286053229401,3.9414628068768414,4.188256483532911,3.744995491026175,0.11111111,0.02222222,0.09195402,,109.15892720306512,106.74609195402299,114.8246743295019,47.23167293103448,60.30306000000001,-0.29898385057471266
656548,Jordan Holloway,MIA,20.2,9.0,3.0,91.0,19.0,15.0,10.0,11.0,15.0,0.0,1.0,4.354838843648321,4.137776087722224,5.472308172884266,5.553273558481731,0.20879121,0.16483516,0.10051546,,102.425206185567,94.535206185567,96.2071649484536,46.86560822164949,45.422762680412376,0.5315634278350516
664948,Anthony Misiewicz,SEA,30.2,35.0,0.0,130.0,33.0,32.0,16.0,16.0,9.0,1.0,5.0,4.695653375583553,4.115686538383173,3.6645940861307964,3.4677355026421006,0.25384615,0.06923077,0.13921569,,104.06440505675951,106.81853508771927,105.19167647058823,48.91716037254904,49.960877333333336,-0.01059605882352946
570488,Phillips Valdez,BOS,23.1,20.0,0.0,103.0,21.0,20.0,11.0,13.0,12.0,4.0,1.0,4.242857379493678,3.9843198821678474,4.485794328946977,4.256729163111319,0.2038835,0.11650485,0.07894737,,92.71539005616809,87.30821718327438,83.96006032868732,63.44184459330143,38.56717076555024,0.8507231818181817
641778,Eric Lauer,MIL,44.0,10.0,7.0,189.0,47.0,42.0,22.0,26.0,16.0,0.0,10.0,4.5,5.07912503155795,3.9290408428419723,4.060921264998794,0.24867725,0.08465608,0.1076716,,93.13888227065566,101.89955207741339,95.84378059865833,41.09178286567164,52.64598282089551,0.31515276119402985
543548,Tommy Milone,TOR,14.0,6.0,1.0,65.0,17.0,20.0,10.0,10.0,3.0,0.0,3.0,6.428571866483134,4.17003419058664,3.2747078366568236,3.217985475838836,0.26153846,0.04615385,0.12448133,,89.92350731600786,109.36283904782704,99.82690107010265,44.0204241493776,58.97850460580912,-0.13401871369294613
642048,Tayler Saucedo,TOR,4.1,6.0,0.0,16.0,5.0,2.0,1.0,1.0,1.0,0.0,0.0,2.0769237435077796,1.5546489886276569,3.1832914743424134,2.726615953445435,0.3125,0.0625,0.18181818,,89.48606060606062,95.05666666666667,87.49878787878788,50.37618651515152,28.068913333333338,0.9017427272727273
670955,Edwin Uceta,LAD,14.1,8.0,1.0,63.0,16.0,14.0,10.0,13.0,6.0,0.0,2.0,6.279070755318889,4.00724355650956,4.532095760375949,3.980051792924046,0.25396825,0.0952381,0.11666667,,95.34500000000001,95.46025,91.341,52.029050166666664,51.545967624999996,0.38543475
453284,Blake Parker,CLE,10.1,12.0,0.0,44.0,9.0,11.0,4.0,4.0,2.0,1.0,1.0,3.4838714366401407,3.5571309487603897,4.860237436937194,4.098868537813898,0.20454545,0.04545455,0.12345679,,93.80283950617283,99.30061728395061,90.88271604938272,48.31009703703703,49.37754234567901,0.08084956790123458
573009,Joe Mantiply,ARI,17.2,22.0,0.0,77.0,16.0,16.0,7.0,13.0,9.0,1.0,1.0,3.566038910903347,3.792675837069213,4.854479108376752,4.668238073891098,0.20779221,0.11688312,0.11486486,,103.52213963963962,92.82927027027026,93.65906306306309,50.407904448275865,59.130591068965515,-0.1770668275862069
656266,J.B. Bukauskas,ARI,8.2,11.0,0.0,41.0,8.0,14.0,8.0,8.0,2.0,0.0,1.0,8.307693974153864,3.5161880380567854,3.644830026866477,3.8098557238103137,0.19512195,0.04878049,0.14388489,,95.04762589928058,106.4664748201439,101.07769784172662,44.72437676258993,57.6966845323741,-0.08990791366906474
458708,Josh Tomlin,ATL,33.2,25.0,0.0,142.0,24.0,40.0,17.0,17.0,5.0,1.0,5.0,4.544554943559783,4.209638194523201,4.899284991252339,4.313602873637887,0.16901408,0.03521127,0.12570356,,89.29474998765677,104.99963612126,93.55368488940455,37.299977748592866,43.138253264540346,0.2272947279549718
665620,Deivi Garcia,NYY,8.1,2.0,2.0,38.0,7.0,8.0,6.0,7.0,4.0,1.0,1.0,6.480000247192392,4.850034186553958,6.465886076053694,5.662537864372333,0.18421053,0.10526316,0.11764706,,96.63529411764706,95.85137254901962,96.13529411764706,49.76165830065359,43.18244202614379,0.5094640522875816
622694,Elieser Hernandez,MIA,12.1,3.0,3.0,49.0,13.0,10.0,4.0,4.0,1.0,1.0,3.0,2.918918994154002,4.710574702714987,3.55120195166273,3.3509666687174833,0.26530612,0.02040816,0.11891892,,107.2692511535926,115.33850098879368,117.26545154911008,46.527555135135124,72.32205778378378,-0.954848972972973
650382,Darwinzon Hernandez,BOS,26.1,32.0,0.0,121.0,35.0,20.0,8.0,10.0,22.0,2.0,2.0,2.7341778918235726,4.233325524842876,4.519004598269218,4.696021930873567,0.2892562,0.18181818,0.12224449,,99.27992762294099,95.63757860548684,95.76780348355514,61.78338470941882,51.594499438877754,-0.160348877755511
600921,Andres Machado,WSN,2.1,2.0,0.0,8.0,3.0,1.0,0.0,0.0,0.0,0.0,0.0,0.0,0.5986051678656961,2.110915787436529,1.8390690784454347,0.375,0.0,0.21212121,,91.66060606060606,114.39393939393939,101.59333333333333,36.41220818181818,80.0,-0.8893118181818183
502706,Derek Holland,DET,15.0,14.0,1.0,78.0,20.0,22.0,16.0,16.0,9.0,0.0,2.0,9.600001277923754,4.036700904501824,4.0677297018877745,4.054082654223006,0.25641026,0.11538462,0.10763889,,104.23766339869282,100.80879084967322,105.34017973856209,53.08693343750001,67.60276940972224,-0.5137329166666667
656061,Albert Abreu,NYY,12.2,6.0,0.0,48.0,12.0,4.0,3.0,3.0,5.0,1.0,1.0,2.131579054359589,3.722665729152861,3.949975672612269,3.9025629941786573,0.25,0.10416667,0.1185567,,112.81247422680411,87.22608247422681,101.88092783505155,62.26277623711339,45.485718762886606,0.22345561855670104
503449,Wily Peralta,DET,14.0,4.0,3.0,58.0,8.0,10.0,5.0,6.0,5.0,1.0,2.0,3.214285933241567,5.170034258706238,4.95122764706227,5.148352712414646,0.13793103,0.0862069,0.09128631,,86.52190871369294,100.47344398340249,91.06771784232365,35.9237856846473,39.59916419087138,1.2720190871369295
640451,Hunter Harvey,BAL,8.2,9.0,0.0,36.0,6.0,8.0,4.0,4.0,3.0,0.0,1.0,4.153846958509014,4.323880499830656,4.452522487755617,4.515382163093064,0.16666667,0.08333333,0.05755396,,99.263309352518,105.9053237410072,106.55410071942448,52.10349496402877,61.452354172661856,-0.5124315827338128
424144,Oliver Perez,CLE,3.2,5.0,0.0,18.0,4.0,5.0,0.0,1.0,1.0,0.0,0.0,0.0,1.8063975002154342,3.7311565487996283,3.318567338933212,0.22222222,0.05555556,0.10714286,,94.47357142857143,112.54571428571431,103.33500000000001,45.101451964285715,71.64678374999998,-1.0027578571428573
656731,Tylor Megill,NYM,9.1,2.0,2.0,40.0,12.0,8.0,5.0,5.0,4.0,0.0,2.0,4.821428735645456,4.670034173556738,3.58566904440556,3.730915953445435,0.3,0.1,0.10169492,,93.62079096045198,110.9813559322034,103.22418079096046,49.60594644067797,65.51140327683616,-0.5096024858757062
657141,Jordan Yamamoto,NYM,6.2,2.0,1.0,33.0,3.0,10.0,3.0,6.0,2.0,2.0,0.0,4.050000386238135,4.070034208297738,6.716577650575021,5.9113688369652895,0.09090909,0.06060606,0.06306306,,91.16558558558559,82.81963963963963,75.22666666666666,46.18682297297297,38.0558718018018,0.8354502702702702
596027,Dillon Maples,CHC,22.2,18.0,0.0,95.0,32.0,9.0,5.0,6.0,14.0,5.0,2.0,1.9852942646929144,4.008269478670716,3.87312421773384,3.640121447640126,0.33684211,0.14736842,0.11053985,,105.28207977444235,77.15761837631645,86.38977195455676,73.38882940874036,29.832289357326484,0.5924847814910026
669294,Paul Campbell,MIA,11.1,5.0,1.0,61.0,13.0,19.0,11.0,14.0,6.0,2.0,1.0,8.735295143661736,4.140622471762789,5.484427984785313,4.557696183210334,0.21311475,0.09836066,0.09756098,,97.28216703447879,95.19948378919749,92.36233444473106,40.550593211382115,54.27158130081301,0.36864589430894307
595918,A.J. Cole,TOR,8.0,6.0,0.0,30.0,7.0,6.0,1.0,1.0,1.0,0.0,1.0,1.1250001341104667,3.420034152269367,4.662122756044702,3.8997640093400787,0.23333333,0.03333333,0.12280702,,94.22754385964913,100.69577192982457,93.6527894736842,46.5945000877193,63.720436754385965,0.062362631578947385
664854,Ryan Helsley,STL,32.1,35.0,0.0,143.0,30.0,28.0,19.0,19.0,20.0,0.0,3.0,5.28866151782344,4.376220082672387,4.58880000634003,4.8435476865836895,0.20979021,0.13986014,0.10416667,,104.23152173913043,90.02036835748791,96.55883454106281,60.03073151041667,46.87429668402777,0.13192003472222216
622766,Miguel Diaz,SDP,24.2,14.0,2.0,102.0,26.0,15.0,7.0,9.0,14.0,0.0,3.0,2.5540541198847517,4.345709828445737,4.12366443374364,4.414563805672117,0.25490196,0.1372549,0.0625,,102.33946180555557,87.98785590277778,91.69439236111111,56.759569351851866,44.17327791666667,0.7133382175925925
656354,Austin Davis,PIT,2.0,2.0,0.0,7.0,1.0,0.0,0.0,0.0,1.0,0.0,0.0,0.0,3.670034122467041,6.316577312350273,6.1190049817069045,0.14285714,0.14285714,0.07407407,,92.02444444444444,63.19,59.819259259259255,45.74203222222222,21.88901,1.6046277777777778
598287,Noe Ramirez,- - -,9.1,9.0,0.0,39.0,5.0,8.0,4.0,4.0,4.0,0.0,1.0,3.8571434319020175,4.777177219092882,6.219902280379131,5.741246496024361,0.12820513,0.1025641,0.06338028,,95.15915492957747,93.32338028169015,93.3807042253521,49.302052253521126,49.13752316901409,0.1700819014084507
545343,Louis Head,TBR,11.0,7.0,0.0,41.0,6.0,6.0,3.0,3.0,4.0,1.0,0.0,2.454545667348833,3.4427614188391336,6.6506928362117,6.150549360033796,0.14634146,0.09756098,0.12987013,,98.45090909090908,99.51506493506493,98.58753246753248,60.319661298701305,44.127329675324674,0.11948454545454548
592426,Luke Jackson,ATL,28.2,33.0,0.0,120.0,29.0,23.0,6.0,6.0,13.0,0.0,4.0,1.883721379346733,4.321197187623378,3.9843840039998706,3.9993472067161098,0.24166667,0.10833333,0.11064718,,107.2442909908463,100.1290798137145,108.7607355066645,62.88408252609605,51.71678342379959,-0.1315209603340292
543766,Bryan Shaw,CLE,32.1,34.0,0.0,143.0,41.0,18.0,12.0,13.0,26.0,0.0,3.0,3.3402065324383323,4.252508461683167,4.301384618662211,4.709644852008974,0.28671329,0.18181818,0.135,,97.88992080262292,93.0550992940034,92.47884232259618,53.571369800000014,28.213129666666656,0.6217732666666665
666168,Mason Thompson,SDP,3.0,4.0,0.0,13.0,2.0,4.0,1.0,1.0,1.0,0.0,0.0,3.0000010430816464,2.8367006732357467,4.6010634132824855,4.551595614164121,0.15384615,0.07692308,0.11627907,,114.61348837209303,104.98790697674417,118.03395348837212,62.59917348837209,69.49883395348837,-1.4007723255813953
547176,Daniel Camarena,SDP,2.2,1.0,0.0,13.0,3.0,4.0,3.0,3.0,1.0,0.0,0.0,10.125002413988689,2.0450338542460758,3.3683057646803003,3.1995482742573818,0.23076923,0.07692308,0.05769231,,92.09038461538461,119.70807692307692,108.40384615384616,35.78194,72.27387,-0.36904
663738,Daniel Lynch IV,KCR,8.0,3.0,3.0,46.0,7.0,18.0,14.0,15.0,5.0,0.0,1.0,15.750003872440217,4.920034552738176,5.500487353689646,5.614374576943403,0.15217391,0.10869565,0.11494253,,99.8196803652968,108.869681939852,108.05419304046606,57.89284724137931,66.97809689655172,-0.94935
528748,Humberto Castellanos,ARI,10.1,6.0,0.0,43.0,10.0,8.0,4.0,5.0,4.0,0.0,1.0,3.483871084966475,3.6539051064901624,4.103287824761367,4.05293859089849,0.23255814,0.09302326,0.06358382,,95.02484826589597,103.58982039636665,96.09736581337737,38.76364191780822,52.906695342465746,0.5931264383561643
608328,Chase De Jong,PIT,28.2,6.0,6.0,128.0,26.0,34.0,18.0,18.0,11.0,0.0,6.0,5.6511629160318355,5.228173702997154,5.030691623854803,4.825209215164184,0.203125,0.0859375,0.09775967,,93.70375508592875,104.75227184832605,98.51072617222364,37.795908859470465,51.80956967413442,0.31339309572301427
605195,Kyle Crick,PIT,21.0,23.0,0.0,87.0,19.0,7.0,6.0,8.0,15.0,5.0,0.0,2.571429078676363,4.217653376742596,5.897998590678063,5.406460728499271,0.2183908,0.17241379,0.09943182,,103.15685950413221,85.2232179752066,90.24534090909088,65.11304411931819,31.233537159090915,0.34586312499999994
660825,Eduard Bazardo,BOS,3.0,2.0,0.0,12.0,3.0,1.0,0.0,0.0,2.0,0.0,0.0,0.0,3.1700341224670416,6.110637666781744,5.287365943494434,0.25,0.16666667,0.11538462,,105.63000000000001,106.7830769230769,103.00461538461538,50.26646384615385,66.58712923076922,-0.6948930769230769
596057,Daniel Norris,DET,28.1,28.0,0.0,126.0,31.0,35.0,21.0,22.0,12.0,2.0,4.0,6.670589250338685,4.299446059032322,3.709583940984439,3.802883603205861,0.24603175,0.0952381,0.12857143,,101.62963265306124,86.50497959183674,91.99938775510203,57.95693522448978,44.14396520408163,0.4343516530612244
657006,Justin Steele,CHC,13.1,11.0,0.0,56.0,21.0,7.0,3.0,4.0,7.0,2.0,2.0,2.0250003560633094,3.9950342675298707,2.574342655701052,2.7047502029792767,0.375,0.125,0.1416309,,105.53072961373388,97.61158798283262,104.81776824034336,65.46626596566524,51.5207891416309,-0.2683308583690987
647315,Zach Pop,MIA,29.0,24.0,0.0,126.0,30.0,25.0,17.0,19.0,12.0,4.0,3.0,5.275862421384204,4.101068667417195,4.033882616666013,3.6936459502862227,0.23809524,0.0952381,0.12175649,,103.45856624413511,92.50305428104829,95.94183451279258,52.073612215568865,34.42361343313373,0.5199253892215568
541650,Hernan Perez,WSN,2.0,2.0,0.0,7.0,2.0,1.0,0.0,0.0,0.0,0.0,0.0,0.0,1.1700341224670412,3.8165773123502733,3.8198825411260673,0.28571429,0.0,0.1875,,58.35,86.18375,56.167500000000004,25.79511625,51.79720375,0.783595
592865,Taylor Williams,SDP,5.1,5.0,0.0,23.0,6.0,3.0,1.0,1.0,3.0,2.0,0.0,1.6875004117610937,3.7325342597207385,4.724988198092177,4.1138485800785105,0.26086957,0.13043478,0.15730337,,98.4018683788122,79.95028571428571,75.08423113964687,52.784103932584266,27.97462696629213,0.943685617977528
642203,Taylor Widener,ARI,24.0,5.0,5.0,104.0,20.0,20.0,7.0,9.0,8.0,3.0,4.0,2.6250001043081324,5.04503419697285,5.230850373141617,4.845411803892885,0.19230769,0.07692308,0.09302326,,91.651057932341,103.17750006160844,95.42591786023179,45.95127193798449,59.0238811886305,0.013077390180878603
663574,Tony Santillan,CIN,16.2,4.0,4.0,82.0,20.0,18.0,7.0,8.0,10.0,3.0,3.0,3.780000144195562,5.450034209442142,5.333130484484534,4.763682015284803,0.24390244,0.12195122,0.10638298,,85.90581549330486,89.62131103261318,79.91890327774583,42.99883899696049,40.56212407294833,1.0221558054711244
452657,Jon Lester,WSN,57.1,12.0,12.0,255.0,39.0,67.0,34.0,34.0,22.0,0.0,11.0,5.337209509475101,5.454917932078931,5.1148949339030825,5.292659672973477,0.15294118,0.08627451,0.09552239,,87.76550193818409,97.5384968903682,88.40805948766275,41.80558693532339,46.46718457711443,0.6433474328358209
595411,Ryan Sherriff,TBR,3.2,5.0,0.0,21.0,3.0,8.0,5.0,5.0,1.0,1.0,0.0,12.272732991820234,3.170034122467041,4.613603807834023,4.0619619035260826,0.14285714,0.04761905,0.12676056,,106.71399061032865,98.63694835680751,101.00705399061033,61.21642830985915,56.40607084507042,-0.3209528169014084
572020,James Paxton,SEA,1.1,1.0,1.0,5.0,2.0,0.0,1.0,1.0,1.0,0.0,0.0,6.750001609325793,2.4200339436530642,2.4200339436530642,4.228278453445435,0.4,0.2,0.125,,110.20583333333336,101.13916666666665,107.3075,67.79209,72.66276,-1.04024
656322,Sam Coonrod,PHI,28.0,27.0,0.0,121.0,30.0,26.0,13.0,15.0,10.0,1.0,5.0,4.178572331422337,4.527177272843527,3.718058920810302,3.5466122721745488,0.24793388,0.08264463,0.1047836,,122.07261958997721,97.67936218678818,119.13753986332576,68.26087888382689,60.20743239179955,-1.0156700455580865
501789,Will Harris,WSN,6.0,8.0,0.0,30.0,9.0,7.0,6.0,6.0,3.0,0.0,1.0,9.00000312924494,3.836701020929629,3.434396340972956,3.4138584534454344,0.3,0.1,0.11851852,,87.21037037037037,110.54177777777778,104.09866666666666,40.95694533333334,47.51719074074073,0.44491533333333333
519326,Hunter Strickland,- - -,29.2,28.0,0.0,131.0,26.0,31.0,10.0,13.0,14.0,0.0,4.0,3.033708241036785,4.585764634950874,5.092925174540914,4.677940214795481,0.19847328,0.10687023,0.10666667,,98.20346328042328,94.55893587301588,92.54860656084657,54.184013219047614,46.49660243809524,0.24556209523809527
658551,Junior Fernandez,STL,15.1,11.0,0.0,72.0,10.0,19.0,9.0,9.0,11.0,0.0,0.0,5.282609154264322,4.017860283027982,5.168531335047164,5.7756483606545554,0.13888889,0.15277778,0.12367491,,91.88334772935481,89.60185316058107,84.30093181520742,52.47507833922262,37.622548939929324,0.962830777385159
656970,Devin Smeltzer,MIN,4.2,1.0,0.0,17.0,3.0,1.0,0.0,1.0,1.0,2.0,0.0,0.0,3.812891352906531,5.703279603225228,4.350287448440937,0.17647059,0.05882353,0.11538462,,83.66999999999999,86.67615384615384,72.79884615384614,45.462,40.05953,1.14524
664045,Thomas Eshelman,BAL,12.1,3.0,3.0,57.0,4.0,16.0,9.0,9.0,5.0,0.0,2.0,6.567568244683368,5.84571007400471,7.170955429945384,6.866366361032982,0.07017544,0.0877193,0.05714286,,73.1232380952381,112.17666666666666,88.39990476190476,36.96351742857143,71.95553714285714,-0.39394071428571426
650911,Cristopher Sanchez,PHI,1.1,1.0,0.0,5.0,2.0,1.0,0.0,0.0,0.0,0.0,0.0,0.0,0.17003340721113336,0.17003340721113336,-0.4069615465545646,0.4,0.0,0.09090909,,111.71727272727271,95.54818181818183,100.73272727272727,56.62692,49.78153,-0.24971
650671,Jose Quijada,LAA,3.2,3.0,0.0,20.0,6.0,4.0,5.0,5.0,5.0,0.0,0.0,12.272732692565238,3.9882163019713905,6.875355602306131,5.976018453445434,0.3,0.25,0.15853659,,100.94951219512195,101.18634146341462,103.80365853658536,61.99756853658536,47.3808674390244,-0.07992219512195116
669618,Joe Barlow,TEX,1.0,1.0,0.0,3.0,2.0,0.0,0.0,0.0,0.0,0.0,0.0,0.0,-0.8299658775329588,-0.8299658775329588,-0.19787710032634287,0.66666667,0.0,0.33333333,,103.19111111111111,125.86444444444444,125.48888888888888,45.04714,69.82917,-0.9583900000000001
592767,Drew Smyly,ATL,67.2,13.0,13.0,290.0,57.0,66.0,36.0,42.0,23.0,1.0,15.0,4.788177452373445,5.431117919421168,4.94818168609947,4.753164735364962,0.19655172,0.07931034,0.10508183,,108.32986945741446,96.14344556905712,98.35366912304227,49.015827286821704,59.52263905254092,0.014716683893195564
663992,Richard Lovelady,KCR,1.2,1.0,0.0,5.0,1.0,0.0,0.0,0.0,0.0,0.0,0.0,0.0,1.9700336647031946,3.028651344487084,3.0617184534454345,0.2,0.0,0.10526316,,94.0178947368421,118.90105263157893,104.26631578947368,57.45302000000001,53.98753,-0.16362
606424,Jarlin Garcia,SFG,27.2,24.0,0.0,110.0,33.0,16.0,11.0,13.0,12.0,1.0,4.0,3.5783137361134263,4.073648702293664,3.660889450599488,3.513707708674433,0.3,0.10909091,0.09438202,,103.48747191011235,95.00161797752807,97.85555805243446,49.43246570786516,55.481640134831466,-0.024264292134831483
664337,Miguel Yajure,PIT,9.1,2.0,2.0,34.0,8.0,5.0,4.0,4.0,3.0,0.0,2.0,3.8571429885163644,5.205748477517345,4.49946095979816,4.405014099347732,0.23529412,0.08823529,0.11965812,,88.96393162393161,109.17316239316239,105.64888888888889,56.35401692307692,56.08108076923077,-0.36525512820512823
608334,Carson Fulmer,CIN,25.2,20.0,0.0,116.0,24.0,26.0,19.0,20.0,13.0,3.0,3.0,6.662338090387305,4.6895147395729175,4.957310157738654,4.524753069195678,0.20689655,0.11206897,0.11607143,,87.68361019736842,90.59236254699249,82.17816611842105,47.155392165178576,34.51136488839286,0.8891163169642857
656803,James Norwood,SDP,1.0,2.0,0.0,5.0,1.0,1.0,0.0,0.0,1.0,0.0,0.0,0.0,4.170035165549413,5.934399132513265,6.0909584534454355,0.2,0.2,0.0,,111.54545454545455,92.33000000000001,100.14,52.97561136363636,63.09137454545455,-0.5894327272727273
593576,Hector Neris,PHI,30.2,33.0,0.0,134.0,37.0,25.0,12.0,16.0,14.0,4.0,5.0,3.521739559385464,4.637425605544317,4.18633321378816,3.6837193297956117,0.2761194,0.10447761,0.15770609,,99.47448028673833,101.21770609318993,99.57567502986858,53.833182562724005,46.49318928315412,-0.012934157706093246
572888,Shane Greene,ATL,7.2,9.0,0.0,37.0,9.0,9.0,9.0,9.0,4.0,1.0,1.0,10.565219787039787,4.474382244323805,4.849937869392214,4.140322720711925,0.24324324,0.10810811,0.07096774,,105.6945806451613,91.07341935483872,93.21019354838708,48.7204710967742,48.57320787096774,0.37400799999999995
607229,Robert Gsellman,NYM,26.2,15.0,1.0,110.0,15.0,25.0,11.0,13.0,7.0,1.0,3.0,3.712500366498752,4.4075342446332915,4.46679658466654,4.548773538102071,0.13636364,0.06363636,0.09560724,,93.95422443706164,113.3805749354005,109.02473366555922,44.84114142118861,58.976039612403106,-0.16833852713178296
607374,Nick Tropeano,SFG,6.0,4.0,0.0,23.0,2.0,4.0,1.0,2.0,2.0,0.0,0.0,1.5,3.503367455800375,4.385548519094786,4.780892067374813,0.08695652,0.08695652,0.10843373,,84.24703906535231,85.00694414019715,73.13585250091275,40.0022634939759,34.903585903614456,1.6007302409638555
661269,Vladimir Gutierrez,CIN,38.1,7.0,7.0,170.0,30.0,35.0,21.0,21.0,19.0,1.0,8.0,4.930434823495905,5.883077623226693,5.563429722731181,5.410237059832703,0.17647059,0.11176471,0.09904153,,86.86702051955454,103.75001512165255,91.17548857626346,44.276994376996804,54.98256330670926,0.1241323322683706
475054,Chaz Roe,TBR,0.2,1.0,0.0,4.0,2.0,1.0,2.0,2.0,1.0,0.0,0.0,27.000028163224034,1.6700325578434843,1.6700325578434843,4.014178453445434,0.5,0.25,0.13043478,,111.26086956521739,103.97391304347826,121.38869565217392,72.05181,42.86944,-0.79228
656725,Alex McRae,CHW,2.0,2.0,0.0,10.0,1.0,3.0,1.0,1.0,1.0,0.0,0.0,4.5,3.670034122467041,6.316577312350273,5.866498453445435,0.1,0.1,0.14285714,,92.26979591836735,100.98857142857143,94.12897959183672,47.7496006122449,51.4746875510204,-0.05438612244897953
467008,Pedro Strop,CHC,2.0,2.0,0.0,10.0,3.0,2.0,0.0,0.0,2.0,0.0,0.0,0.0,3.170034122467041,3.170034122467041,4.191618453445435,0.3,0.2,0.11111111,,78.46488888888891,126.00355555555555,110.04533333333335,41.10254333333334,46.057718888888886,-0.4009022222222223
665733,Antonio Santos,COL,3.2,2.0,0.0,14.0,2.0,3.0,1.0,2.0,2.0,0.0,0.0,2.454545880152248,3.715488762500874,4.677868271148707,5.466913144852312,0.14285714,0.14285714,0.08333333,,90.13458333333331,111.91208333333334,104.06666666666668,39.515701666666665,67.95880041666668,-0.5602758333333333
656981,Peter Solomon,HOU,3.0,3.0,0.0,14.0,2.0,3.0,0.0,0.0,2.0,0.0,0.0,0.0,3.836700789133708,6.18918362458547,5.657576411876047,0.14285714,0.14285714,0.07017544,,88.48070175438598,101.2140350877193,91.84105263157895,42.25524736842105,60.58426789473685,0.09356736842105262
630105,Jake Cronenworth,SDP,0.2,1.0,0.0,3.0,1.0,1.0,0.0,0.0,0.0,0.0,0.0,0.0,0.17003099321992687,2.816576943665706,2.0932340121412123,0.33333333,0.0,0.14285714,,75.2,110.84,90.24,30.76122,56.06279,0.09341999999999999
667373,Angel Rondon,STL,2.0,2.0,0.0,7.0,1.0,1.0,0.0,0.0,1.0,0.0,0.0,0.0,3.670034122467041,6.316577312350273,6.550535594466721,0.14285714,0.14285714,0.03448276,,89.79586206896552,104.20758620689654,91.9151724137931,41.075122758620694,51.81363275862069,0.4641437931034483
670990,Yohan Ramirez,SEA,6.0,4.0,0.0,21.0,6.0,2.0,3.0,3.0,2.0,0.0,1.0,4.5,4.336700789133708,4.228456603487333,3.5875741498878386,0.28571429,0.0952381,0.14285714,,105.33380952380953,76.77238095238096,79.60238095238094,64.60891738095239,30.86734607142857,0.49833630952380953
641312,Shaun Anderson,MIN,8.2,4.0,0.0,47.0,8.0,13.0,9.0,12.0,5.0,1.0,1.0,9.346154531783656,4.900803480204756,6.454507274818285,5.055005753190553,0.17021277,0.10638298,0.10843373,,88.37759036144578,100.92578313253013,97.1121686746988,54.459620301204815,51.16513584337349,0.10781373493975903
664789,Ka'ai Tom,OAK,1.0,1.0,0.0,4.0,0.0,1.0,0.0,0.0,0.0,0.0,0.0,0.0,3.170034122467041,6.698758375644684,6.249678453445434,0.0,0.0,0.05,,33.446000000000005,100.2,35.39900000000001,20.0,20.0,3.85006
663855,Jordan Hicks,STL,10.0,10.0,0.0,44.0,10.0,5.0,6.0,6.0,10.0,0.0,0.0,5.4000010782482395,4.170034322142641,4.875779313698196,5.80060510502744,0.22727273,0.22727273,0.07729469,,110.6057004830918,83.28473429951691,94.86183574879227,79.14761120772948,51.442137294686,-0.37950425120772946
666201,Alek Manoah,TOR,29.2,6.0,6.0,123.0,33.0,22.0,11.0,13.0,11.0,2.0,7.0,3.3370787232019388,5.327337539486477,4.460418375417286,4.035201230956677,0.26829268,0.08943089,0.12328767,,101.84119006849316,94.94534572733204,98.89598377364644,58.2726318590998,46.833519119373776,-0.08461371819960861
600887,Miguel Del Pozo,DET,0.2,1.0,0.0,5.0,1.0,3.0,2.0,2.0,0.0,0.0,0.0,27.000028163224034,0.17003099321992687,2.816576943665706,3.5119184534454346,0.2,0.0,0.11764706,,102.68117647058823,57.37529411764705,52.84588235294118,43.97014,40.18835,1.33568
621011,Max Schrock,CIN,0.2,1.0,0.0,3.0,0.0,0.0,0.0,0.0,0.0,0.0,0.0,0.0,3.1700341224670416,11.10967197380438,13.467678453445433,0.0,0.0,0.0,,49.54,49.90000000000001,13.740000000000009,35.78642,20.0,2.91397
640462,A.J. Puk,OAK,3.1,1.0,0.0,14.0,4.0,1.0,0.0,0.0,3.0,0.0,0.0,0.0,3.470034151077274,4.5286515279881865,5.249943762666557,0.28571429,0.21428571,0.09230769,,91.03076923076924,96.52769230769229,91.75999999999999,58.8348,41.05088,0.4341
519299,Eric Sogard,CHC,3.1,4.0,0.0,15.0,1.0,4.0,0.0,0.0,0.0,1.0,0.0,0.0,3.470034153759483,7.175195006074402,6.12681623861979,0.06666667,0.0,0.06382979,,31.881276595744673,106.04553191489363,53.2531914893617,20.0,20.0,4.148590212765957
663366,Beau Burrows,DET,1.2,1.0,0.0,9.0,3.0,2.0,4.0,4.0,2.0,0.0,0.0,21.600008239749236,3.170034122467041,5.287269482034821,4.976950057933609,0.33333333,0.22222222,0.08,,81.1024,74.5832,64.956,43.51982,20.0,2.1985
622446,Jefry Rodriguez,WSN,6.0,2.0,1.0,23.0,4.0,2.0,2.0,2.0,4.0,0.0,1.0,3.0,6.003367455800375,6.777304333448411,6.860133399215333,0.17391304,0.17391304,0.08695652,,88.8921739130435,82.66695652173914,71.99065217391305,40.59742826086956,37.77799608695652,1.2011539130434783
594795,Grant Dayton,ATL,13.0,13.0,0.0,61.0,14.0,15.0,9.0,10.0,6.0,0.0,2.0,6.230771187671452,4.400803739784859,4.708046617204666,4.315355421253349,0.2295082,0.09836066,0.124,,101.10052496551725,106.6911788045977,105.53692018390805,44.4554156,53.72526532,0.018387000000000025
665155,Nick Maton,PHI,0.1,1.0,0.0,1.0,1.0,0.0,0.0,0.0,0.0,0.0,0.0,0.0,-2.829972136027188,-2.829972136027188,-0.12232154655456462,1.0,0.0,0.75,,69.66,144.57999999999998,104.12,38.65918,39.67894,-0.92552
649144,Alex Wells,BAL,4.2,2.0,0.0,23.0,1.0,5.0,2.0,2.0,4.0,0.0,0.0,3.8571433826369397,5.312891557265341,7.959435107711518,8.081211539193383,0.04347826,0.17391304,0.05319149,,80.60106382978722,93.93425531914893,74.3531914893617,24.624388085106386,31.00773638297872,1.932531914893617
502273,Mike Freeman,CIN,0.1,1.0,0.0,1.0,1.0,0.0,0.0,0.0,0.0,0.0,0.0,0.0,-2.829972136027188,-2.829972136027188,-0.12232154655456462,1.0,0.0,0.0,,40.4,120.42,56.04,20.0,54.0089,4.53767
592233,Stefan Crichton,ARI,22.1,29.0,0.0,108.0,15.0,29.0,15.0,18.0,12.0,2.0,2.0,6.044777625121052,4.871527083612226,6.077386957014491,5.390964215953184,0.13888889,0.11111111,0.06434316,,86.37265415549597,90.53924932975868,75.49533512064342,29.865176621983917,40.11280501340484,1.1944332975871315
665759,Ramon Rosso,PHI,1.1,1.0,0.0,4.0,0.0,1.0,0.0,0.0,0.0,0.0,0.0,0.0,3.170034122467041,3.170034122467041,3.8706784534454344,0.0,0.0,0.0,,82.86999999999999,120.14714285714284,109.60714285714286,51.56021,65.43071,-0.50841
594986,Kyle Ryan,CHC,2.2,3.0,0.0,15.0,2.0,5.0,1.0,1.0,2.0,0.0,0.0,3.3750008801000626,3.9200343180448334,4.581670288050665,4.992291786718433,0.13333333,0.13333333,0.06666667,,88.04933333333334,93.877,84.62166666666667,38.989279,53.63738166666667,0.8611893333333334
593619,Domingo Tapia,SEA,2.0,2.0,0.0,11.0,1.0,4.0,0.0,0.0,1.0,0.0,0.0,0.0,3.670034122467041,4.552215185761452,4.710703248028732,0.09090909,0.09090909,0.11428571,,114.77714285714285,90.18228571428571,102.19485714285713,67.22513571428571,48.82294714285714,-0.6062657142857143
642162,Pat Valaika,BAL,1.0,1.0,0.0,4.0,0.0,0.0,0.0,0.0,0.0,0.0,0.0,0.0,3.170034122467041,4.934396249055863,3.8706784534454344,0.0,0.0,0.0,,52.42,128.024,93.852,20.0,36.45847,1.98265
452678,Asdrubal Cabrera,ARI,1.1,2.0,0.0,4.0,0.0,1.0,0.0,0.0,0.0,0.0,0.0,0.0,3.1700341224670416,5.816580072912821,6.249678453445434,0.0,0.0,0.0,,34.21764705882353,88.34823529411766,34.28470588235294,20.0,20.0,3.771241764705882
658069,Joshua Fuentes,COL,1.0,1.0,0.0,4.0,0.0,1.0,0.0,0.0,0.0,0.0,0.0,0.0,3.170034122467041,4.934396249055863,6.249678453445434,0.0,0.0,0.0,,54.2,101.08,72.18,28.74603,49.06783,1.7927
598286,Nick Ramirez,SDP,16.1,10.0,0.0,71.0,12.0,17.0,9.0,10.0,6.0,0.0,2.0,4.959184059546651,4.394524013713127,4.747086384748129,4.667478099802402,0.16901408,0.08450704,0.10612245,,89.32767346938775,98.2178775510204,89.99526530612245,48.515631469387756,51.59778040816326,0.17069273469387758
592222,Alex Claudio,LAA,29.2,35.0,0.0,131.0,27.0,29.0,15.0,17.0,14.0,0.0,4.0,4.550563156973892,4.518349131940787,3.95499758833828,4.156713188122369,0.20610687,0.10687023,0.10433071,,101.57680708661414,98.82486428902271,99.28142473367302,53.92965854330708,48.28293348425198,0.04168893700787406
518586,Charlie Culberson,TEX,1.0,1.0,0.0,4.0,0.0,1.0,0.0,0.0,0.0,0.0,0.0,0.0,3.170034122467041,4.934396249055863,5.367678453445435,0.0,0.0,0.0,,62.9,94.36,76.64,42.6167,26.11612,2.05085
503556,Marwin Gonzalez,BOS,1.0,1.0,0.0,3.0,0.0,0.0,0.0,0.0,0.0,0.0,0.0,0.0,3.170034122467041,4.934396249055863,4.937011788638101,0.0,0.0,0.0,,30.863636363636363,134.65818181818182,75.3490909090909,35.00012,46.37735,0.42389000000000004
621002,Daniel Robertson,MIL,1.0,1.0,0.0,4.0,0.0,1.0,0.0,0.0,0.0,0.0,0.0,0.0,3.170034122467041,6.698758375644684,6.249678453445434,0.0,0.0,0.1,,45.22,87.96000000000001,44.04,20.0,27.0605,2.30542
595943,Phillip Evans,PIT,1.0,1.0,0.0,3.0,0.0,0.0,0.0,0.0,0.0,0.0,0.0,0.0,3.170034122467041,6.698758375644684,9.968345114206768,0.0,0.0,0.0,,62.38000000000001,95.5,77.52,38.90797,55.18089,1.04273
506702,Sandy Leon,MIA,1.0,1.0,0.0,3.0,0.0,0.0,0.0,0.0,0.0,0.0,0.0,0.0,3.170034122467041,6.698758375644684,7.562345118252768,0.0,0.0,0.08333333,,69.2,125.64,97.09999999999998,24.701450000000005,80.0,0.01006
676220,Seth Elledge,STL,11.2,11.0,0.0,52.0,11.0,13.0,6.0,6.0,7.0,1.0,1.0,4.628572496638252,4.455748704866556,5.30746669960382,4.896752045627378,0.21153846,0.13461538,0.08597285,,90.92398190045247,101.34235294117649,95.84153846153845,43.924656063348415,48.74584787330318,0.5202023529411766
621500,Wyatt Mathisen,ARI,1.0,1.0,0.0,4.0,0.0,1.0,0.0,0.0,0.0,0.0,0.0,0.0,3.170034122467041,6.698758375644684,7.131678453445434,0.0,0.0,0.0,,32.580000000000005,72.376,15.720000000000004,20.0,32.20244,4.14063
573131,Darin Ruf,SFG,1.0,1.0,0.0,6.0,0.0,3.0,2.0,2.0,0.0,0.0,0.0,18.0,3.170034122467041,10.227482628822326,8.628678453445435,0.0,0.0,0.04761905,,54.68,115.92,71.24000000000001,20.0,45.77142,1.07884
594056,Reymin Guduan,OAK,14.1,11.0,0.0,65.0,5.0,19.0,10.0,11.0,5.0,0.0,1.0,6.27907037670519,4.4258481978080795,5.611487114154613,5.848587332363051,0.07692308,0.07692308,0.08296943,,94.39371179039301,95.57153808830665,90.75082969432314,51.53149703056767,49.180717205240185,0.2575357641921397
592741,Chasen Shreve,PIT,19.0,22.0,0.0,72.0,16.0,11.0,3.0,3.0,6.0,0.0,3.0,1.4210530127350676,4.485823949073585,4.47613798778898,4.086007926614071,0.22222222,0.08333333,0.1245283,,99.48219083557953,118.1386911051213,117.46233099730459,54.590662150943395,70.77934086792453,-0.9422040377358489
664901,Danny Mendick,CHW,1.0,1.0,0.0,5.0,1.0,1.0,0.0,0.0,0.0,1.0,0.0,0.0,4.170034122467041,5.934396249055863,3.0617184534454345,0.2,0.0,0.2,,46.452000000000005,104.55199999999999,49.668000000000006,20.0,40.33756,2.11559
641302,Tyler Alexander,DET,33.1,22.0,2.0,150.0,32.0,42.0,18.0,19.0,6.0,1.0,7.0,4.860000624257406,4.6100343074321986,4.31485400420945,3.7546959215133975,0.21333333,0.04,0.09333333,,104.2791619047619,104.29234285714287,105.88255238095236,47.31035803809523,63.177350057142846,-0.6793215047619047
676684,Will Vest,SEA,33.0,31.0,0.0,149.0,24.0,37.0,24.0,25.0,18.0,3.0,2.0,6.545455745429267,4.412458592664263,5.282011052813781,5.204845252494332,0.16107383,0.12080537,0.09565217,,83.87045217391305,98.99736695652174,85.92555478260869,44.83661373913044,51.0708,0.40823754782608684
593643,Hanser Alberto,KCR,0.1,1.0,0.0,1.0,0.0,0.0,0.0,0.0,0.0,0.0,0.0,0.0,3.1700341224670416,8.4631260233586,13.467678453445433,0.0,0.0,0.0,,76.8,90.28,70.32,45.12663,20.0,2.13906
622110,Matt Duffy,CHC,0.1,1.0,0.0,1.0,0.0,0.0,0.0,0.0,0.0,0.0,0.0,0.0,3.1700341224670416,3.1700341224670416,-0.9683215465545656,0.0,0.0,0.0,,81.688,68.044,75.088,26.37919,20.82883,2.05834
608686,Jack Mayfield,SEA,0.1,1.0,0.0,1.0,0.0,0.0,0.0,0.0,0.0,0.0,0.0,0.0,3.1700341224670416,3.1700341224670416,-0.9683215465545656,0.0,0.0,0.0,,44.79333333333333,141.99333333333334,96.26666666666667,20.0,31.17358,1.98071
605501,Stephen Tarpley,NYM,0.0,1.0,0.0,4.0,0.0,1.0,2.0,2.0,2.0,1.0,0.0,18.0,12.17003412246704,12.17003412246704,,0.0,0.5,0.06666667,,101.04533333333333,23.338666666666665,32.1,49.96942,20.0,4.27396
641576,Bernardo Flores Jr.,STL,0.0,1.0,0.0,3.0,0.0,1.0,1.0,1.0,2.0,0.0,0.0,9.0,9.17003412246704,9.17003412246704,,0.0,0.66666667,0.0,,82.71166666666666,-15.828333333333342,-17.09,43.49793,20.0,5.56806
680692,Jonathan Stiever,CHW,0.0,1.0,0.0,4.0,0.0,4.0,3.0,3.0,0.0,0.0,0.0,27.0,3.170034122467041,3.170034122467041,,0.0,0.0,0.06666667,,84.89333333333335,101.12266666666667,100.57600000000001,52.14079,46.67796,0.89997
624586,James Hoyt,LAA,6.1,6.0,0.0,33.0,8.0,6.0,4.0,4.0,6.0,2.0,0.0,5.684211721050693,4.433192282700529,6.38327714828216,5.2551513555922815,0.24242424,0.18181818,0.15328467,,96.71518248175184,70.84058394160584,75.36569343065692,55.78007649635037,26.700028540145986,1.4594516788321168
660853,Enyel De Los Santos,PHI,4.2,6.0,0.0,27.0,8.0,9.0,5.0,10.0,2.0,1.0,1.0,9.642858579755044,4.4557485997677135,3.182344518520423,3.14537118546352,0.2962963,0.07407407,0.13043478,,98.1447729468599,103.92293719806763,95.58884057971014,39.03574339130435,61.706387652173916,0.07489086956521732
519203,Anthony Rizzo,CHC,0.2,1.0,0.0,3.0,1.0,0.0,0.0,0.0,1.0,0.0,0.0,0.0,4.670035687090599,4.670035687090599,7.100678448687434,0.33333333,0.33333333,0.06666667,,73.80933333333333,69.61866666666667,48.806666666666665,20.0,20.0,4.58562
592165,Brandon Brennan,BOS,3.0,1.0,0.0,11.0,1.0,3.0,0.0,0.0,2.0,0.0,0.0,0.0,4.503367455800375,5.679608873526256,6.910653659781228,0.09090909,0.18181818,0.16666667,,74.16428571428571,106.18333333333335,78.38,36.62666,56.21851,0.83962
543456,Kyle Lobstein,WSN,0.1,1.0,0.0,3.0,1.0,1.0,1.0,1.0,1.0,0.0,0.0,27.000028163224034,6.170037251714156,6.170037251714156,7.100678448687434,0.33333333,0.33333333,0.125,,84.83875,93.00625,84.43125,33.78617,23.17498,2.12564
656232,Brandon Bielak,HOU,30.0,19.0,0.0,136.0,26.0,33.0,20.0,24.0,10.0,2.0,4.0,6.00000079274188,4.370034281015418,4.753935550311098,4.309084486052278,0.19117647,0.07352941,0.09411765,,88.50075510347234,103.54649869309347,91.76646907348594,41.33681427450982,50.29988939215686,0.32790366666666665
663959,Tyler Ivey,HOU,4.2,1.0,1.0,20.0,3.0,6.0,4.0,4.0,1.0,0.0,1.0,7.714286765273879,5.312891557265341,5.551798092537467,5.265390953445435,0.15,0.05,0.06329114,,90.13620253164557,117.59215189873416,100.90481012658229,33.80615,58.443130000000004,0.07804
453265,Tony Watson,LAA,25.1,29.0,0.0,104.0,17.0,21.0,14.0,15.0,10.0,0.0,3.0,4.973685864431926,4.551613529253688,4.474703161245642,4.608980141509386,0.16346154,0.09615385,0.12189055,,102.23532472254114,89.04556123230006,94.2755380788366,48.982406641791044,56.016614676616925,-0.12698549751243776
572761,Matt Carpenter,STL,1.1,1.0,0.0,6.0,0.0,2.0,0.0,0.0,0.0,1.0,0.0,0.0,5.420034658908972,9.389850390211645,8.628678453445435,0.0,0.0,0.0,,51.05615384615385,75.27923076923076,38.934615384615384,33.05344,20.0,2.60127
676606,Nick Margevicius,SEA,12.0,5.0,3.0,60.0,12.0,13.0,11.0,16.0,7.0,1.0,2.0,8.250000676140244,5.336700966705893,5.522517150719811,4.9949362298121756,0.2,0.11666667,0.06949807,,97.06277992277991,91.1627027027027,80.61019305019305,40.89004401544402,50.113634208494204,0.48215444015444014
668670,Jake Rogers,DET,1.0,1.0,0.0,6.0,0.0,2.0,2.0,2.0,1.0,0.0,0.0,18.0,6.170034122467041,9.698758375644683,8.393011775397435,0.0,0.16666667,0.05882353,,53.89411764705883,109.50235294117647,71.13882352941177,20.0,37.17697,1.91812
607391,Chris Mazza,TBR,12.1,7.0,0.0,51.0,5.0,16.0,11.0,11.0,4.0,0.0,1.0,8.027027893406103,4.386250469952814,6.193324383787928,5.806994487613653,0.09803922,0.07843137,0.09677419,,96.55666666666667,90.21903225806453,87.25430107526881,48.31872279569892,40.657586182795704,0.47255376344086025
641645,Luis Guillorme,NYM,1.0,1.0,0.0,7.0,0.0,3.0,2.0,2.0,1.0,0.0,0.0,18.0,6.170034122467041,9.698758375644683,8.336780478598822,0.0,0.14285714,0.0,,35.31999999999999,95.9,48.52,23.06564,23.32553,2.30453
676755,Isaac Mattson,BAL,0.2,1.0,0.0,4.0,0.0,1.0,1.0,1.0,1.0,0.0,0.0,13.500014081612017,7.670038816337714,12.963130717229273,11.801928453445433,0.0,0.25,0.05555556,,115.21666666666667,73.02000000000001,82.38666666666667,58.806250000000006,40.24272,0.15989
624522,Keegan Thompson,CHC,29.0,19.0,1.0,125.0,32.0,23.0,6.0,7.0,17.0,0.0,4.0,1.8620692850860754,4.514861939473651,4.2427602777658535,4.390313840213643,0.256,0.136,0.10973085,,96.85970587268724,95.33073959052223,93.80968710769332,48.860685175983434,50.99714672877847,0.2689190683229814
642083,Aaron Slegers,LAA,21.1,25.0,0.0,103.0,19.0,30.0,15.0,15.0,11.0,0.0,3.0,6.328126915396422,4.763784604863178,4.507044546146307,4.450472965582577,0.18446602,0.10679612,0.12339332,,91.27142452805691,105.44039443275948,103.25110617745581,45.01216881748072,55.06595290488433,-0.07677051413881754
547001,Cody Poteet,MIA,30.2,7.0,7.0,132.0,32.0,25.0,17.0,17.0,16.0,0.0,7.0,4.989130693369881,5.615686423138552,4.9496369885155875,4.789890576240163,0.24242424,0.12121212,0.10928962,,91.59418080720927,98.72349199501487,91.57009299204294,43.90393187613844,54.75382524590164,0.11261575591985433
476454,Dellin Betances,NYM,1.0,1.0,0.0,5.0,1.0,0.0,1.0,1.0,1.0,1.0,0.0,9.0,7.170034122467041,7.170034122467041,5.1606384534454355,0.2,0.2,0.04761905,,94.59142857142858,20.217142857142854,21.01142857142857,41.9615,20.0,4.48099
660546,Yennsy Diaz,NYM,6.1,4.0,0.0,27.0,8.0,5.0,3.0,3.0,4.0,0.0,1.0,4.263158108719178,4.591086825373434,4.488539696982313,4.184913022414793,0.2962963,0.14814815,0.07619048,,89.9215238095238,94.77238095238096,84.7135238095238,47.13313885714286,48.940425999999995,0.7541860952380953
676831,Kodi Whitley,STL,10.1,12.0,0.0,46.0,8.0,7.0,7.0,8.0,7.0,0.0,1.0,6.096775594381908,4.911970006576158,5.7028423352983335,5.604178459303151,0.17391304,0.15217391,0.11764706,,105.26142602495543,73.17202614379086,82.66856803327393,51.694256470588236,35.04737609625668,0.7184727807486629
605612,Harold Castro,DET,2.2,3.0,0.0,11.0,0.0,0.0,0.0,0.0,3.0,0.0,0.0,0.0,6.545035002567104,9.853214852596265,10.843000749451846,0.0,0.27272727,0.0,,38.425625,90.38624999999999,39.13999999999999,20.0,20.0,3.700385625
592612,Josh Osich,CIN,5.2,5.0,0.0,21.0,3.0,5.0,1.0,1.0,1.0,0.0,1.0,1.5882357730173942,4.934740536930812,3.57469654679638,3.666102493596874,0.14285714,0.04761905,0.06493506,,94.13974025974026,87.95584415584416,81.41636363636363,52.76695480519481,32.844403246753245,0.5434158441558441
606213,Yermin Mercedes,CHW,1.0,1.0,0.0,7.0,0.0,3.0,1.0,1.0,2.0,0.0,0.0,9.0,9.17003412246704,10.934396249055862,11.026698843519025,0.0,0.28571429,0.03125,,39.83124999999999,96.00125,55.13875,22.7669,20.0,3.7055
669459,Kyle Nelson,CLE,9.2,10.0,0.0,49.0,8.0,10.0,10.0,10.0,8.0,2.0,0.0,9.310347449199085,4.618310392342455,6.626033377589641,5.921271123011343,0.16326531,0.16326531,0.11363636,,108.86943181818182,74.64988636363636,81.74477272727273,50.77531448863636,33.45321142045455,0.4956077840909092
656529,Sam Hentges,CLE,35.2,13.0,6.0,171.0,38.0,51.0,29.0,30.0,20.0,0.0,7.0,7.317757726788164,5.272838066946399,4.848564327499196,4.703693338108023,0.22222222,0.11695906,0.10650888,,94.56039623837702,94.87455674133558,95.37845836855452,55.57681136094675,39.35216004437871,0.6171179881656804
592094,Jason Adam,CHC,7.2,9.0,0.0,40.0,13.0,9.0,7.0,7.0,6.0,3.0,1.0,8.21739204968764,4.99612124461985,5.371676818592379,3.8646690784454347,0.325,0.15,0.13218391,,98.13609195402299,78.1119540229885,81.08586206896551,53.94829247126437,26.35029764367816,1.3656249425287357
544931,Stephen Strasburg,WSN,21.2,5.0,5.0,95.0,21.0,16.0,11.0,12.0,14.0,1.0,4.0,4.569230903309482,5.708495735416753,5.100001876866789,5.330792032606359,0.22105263,0.14736842,0.09668508,,93.43384530386741,93.46209944751381,90.90835201262826,47.81473367403315,41.01969049723757,0.7014560773480664
660813,Brusdar Graterol,LAD,1.1,3.0,0.0,9.0,1.0,3.0,3.0,3.0,2.0,0.0,0.0,20.250021122418026,6.170037251714156,7.493310226937046,7.306641413981359,0.11111111,0.22222222,0.02777778,,129.11555555555555,74.63499999999999,100.62555555555555,67.24590194444446,48.52114805555556,-0.24584694444444447
527054,Julio Teheran,DET,5.0,1.0,1.0,20.0,3.0,4.0,1.0,1.0,3.0,0.0,1.0,1.8,6.370034122467041,5.887268674373627,6.324215953445435,0.15,0.15,0.05555556,,91.06266666666666,108.21733333333334,93.76333333333334,41.65047,54.84746,-0.22451
621248,Ralph Garza,HOU,9.1,8.0,0.0,42.0,11.0,11.0,5.0,6.0,4.0,0.0,2.0,4.821429259086848,4.884320081253476,4.745148965573087,4.041559412883101,0.26190476,0.0952381,0.14285714,,96.79584415584418,102.04740259740262,96.76051948051949,46.51384493506493,48.2040562987013,0.24175876623376627
617228,Hirokazu Sawamura,BOS,31.2,30.0,0.0,137.0,40.0,25.0,9.0,13.0,17.0,1.0,6.0,2.557895274472812,4.812139730770575,4.0204826316709585,3.8071918064012205,0.2919708,0.12408759,0.16291161,,100.41934549903151,89.8481476195331,94.86544398001836,55.44065076256501,38.697625025996544,0.8153396013864819
641995,Roel Ramirez,STL,0.1,1.0,0.0,4.0,0.0,1.0,3.0,3.0,2.0,0.0,0.0,81.0000844896721,21.17005289794973,21.17005289794973,16.577928453445438,0.0,0.5,0.07142857,,83.81428571428572,36.77571428571428,28.84714285714286,42.45182,20.0,2.25855
642545,Jaime Barria,LAA,6.0,2.0,0.0,28.0,1.0,7.0,7.0,7.0,5.0,0.0,0.0,10.5,5.336700789133708,7.98324397901694,8.08432258625723,0.03571429,0.17857143,0.09565217,,93.78347826086957,85.64626086956521,81.16886956521739,37.12592834782609,48.27388060869565,0.8784080869565217
596112,Robert Stephenson,COL,23.2,27.0,0.0,109.0,27.0,24.0,12.0,15.0,13.0,1.0,4.0,4.563381214530809,4.8601753130340075,4.675856011323216,4.255518449085486,0.24770642,0.11926606,0.12910798,,101.74521126760563,94.45103286384976,93.4808450704225,55.835373145539904,47.17379429577464,0.19808262910798122
664074,Cody Ponce,PIT,8.0,2.0,1.0,38.0,6.0,15.0,7.0,7.0,1.0,0.0,2.0,7.875,5.295034122467041,4.029941514879465,4.147075621842615,0.15789474,0.02631579,0.09923664,,91.39267175572517,111.02992366412214,98.22137404580153,44.34589641221374,63.13983862595419,-0.16734931297709923
621056,Hunter Wood,TEX,5.0,5.0,0.0,19.0,5.0,2.0,2.0,2.0,2.0,0.0,1.0,3.600001437664606,4.970034841299344,5.545886899126387,4.716262937948704,0.26315789,0.10526316,0.12121212,,98.93606060606062,87.03939393939393,91.36575757575757,50.565388484848484,36.29706212121212,0.8533375757575757
667297,Tommy Nance,CHC,21.1,19.0,0.0,88.0,23.0,13.0,12.0,12.0,10.0,2.0,3.0,5.062500803877029,4.52940933832291,3.9418513652820515,3.8142259691140623,0.26136364,0.11363636,0.1,,103.61327272727274,93.28206060606063,97.86242424242424,55.00745448484848,49.655535727272735,0.1846450303030303
641447,Daniel Castano,MIA,17.1,4.0,4.0,78.0,10.0,20.0,10.0,10.0,7.0,1.0,3.0,5.19230778753405,5.650803398733309,5.334815724006646,5.634753397754893,0.12820513,0.08974359,0.07368421,,91.16480865015322,99.0325753208345,88.26528381977063,40.96370614035088,54.785736,0.15489038596491225
570240,Felix Pena,LAA,1.2,2.0,0.0,16.0,2.0,7.0,7.0,7.0,4.0,0.0,0.0,37.800015771395586,7.970036125183941,11.145889278113014,8.119748765945435,0.125,0.25,0.18461538,,83.05595141700405,83.70137651821864,74.97046153846154,42.823925384615386,43.899060769230765,0.8537853846153847
605441,Yacksel Rios,- - -,9.2,9.0,0.0,45.0,9.0,9.0,5.0,5.0,8.0,1.0,1.0,4.6551732222831195,5.445896586694344,5.926271283836284,5.5928374524835105,0.2,0.17777778,0.08854167,,110.0734375,81.77197916666667,90.19656249999998,57.88295963541666,42.475824270833336,0.4855321875
571948,Hoby Milner,MIL,10.2,9.0,0.0,49.0,14.0,16.0,7.0,9.0,1.0,1.0,3.0,5.906250385043702,4.763784226367723,2.761623589518725,2.726058300326007,0.28571429,0.02040816,0.08866995,,115.70624060150377,106.63727767695099,112.30457868809958,44.551276305418725,73.69425995073891,-1.0276468965517243
606625,Reyes Moronta,SFG,4.0,4.0,0.0,13.0,2.0,1.0,1.0,1.0,0.0,0.0,1.0,2.25,5.420034122467041,4.375486780703068,3.9338914836986474,0.15384615,0.0,0.0625,,91.56625000000001,108.79041666666667,105.30333333333333,53.19001374999999,47.67497,0.38268375000000004
656954,Justus Sheffield,SEA,72.0,14.0,14.0,335.0,57.0,91.0,47.0,54.0,32.0,4.0,13.0,5.875000155634354,5.433923071328506,4.90007302062482,5.075375393782793,0.17014925,0.09552239,0.08839779,,95.06878743768516,99.12090360800629,94.3735332991122,42.66921982636148,48.97736666929756,0.4652930228887135
605155,Colten Brewer,BOS,1.0,1.0,0.0,9.0,1.0,4.0,4.0,4.0,3.0,0.0,0.0,36.0,10.17003412246704,10.17003412246704,9.114419188593802,0.11111111,0.33333333,0.06666667,,90.03133333333334,54.856,59.692666666666675,43.37563,20.0,2.0944
622098,Drew Smith,NYM,19.1,15.0,1.0,81.0,18.0,13.0,6.0,7.0,10.0,2.0,3.0,2.7931039376754403,5.187275855232637,5.269017020152133,4.780943780114809,0.22222222,0.12345679,0.14878893,,104.41859284890427,97.15507208765858,100.41198385236449,57.2433647750865,54.951524083044994,-0.37212114186851214
503569,Rafael Dolis,TOR,21.0,26.0,0.0,98.0,25.0,16.0,12.0,13.0,17.0,2.0,2.0,5.142858135457133,4.741462997190054,5.099695466577926,4.937894194108805,0.25510204,0.17346939,0.1037234,,100.89771276595746,81.82909574468086,81.69382978723404,52.07699638297872,38.57836646276595,0.999806755319149
621078,Brady Lail,SEA,2.0,2.0,0.0,10.0,1.0,4.0,3.0,3.0,0.0,0.0,1.0,13.5,8.67003412246704,6.580939438939095,5.342638453445434,0.1,0.0,0.14285714,,92.15285714285713,110.31357142857142,103.71142857142857,43.75969785714286,72.30224535714287,-0.8583089285714285
664129,Geoff Hartlieb,PIT,4.2,4.0,0.0,23.0,4.0,3.0,4.0,4.0,5.0,2.0,0.0,7.714286863804035,5.955748823285164,7.089981787963289,6.52858960661095,0.17391304,0.2173913,0.04716981,,91.95169811320756,71.32433962264152,62.18433962264152,51.310357641509434,25.586710754716982,1.8033649056603773
672578,Carlos Hernandez,KCR,17.0,10.0,0.0,83.0,23.0,18.0,11.0,11.0,15.0,1.0,2.0,5.8235297486650275,4.817093041281392,5.155829430207163,4.83799489873364,0.27710843,0.18072289,0.12536443,,103.28768323276154,92.9153013763645,100.95645535290528,62.16687927113702,39.9390301457726,0.15685078717201167
622256,Patrick Weigel,MIL,4.0,3.0,0.0,21.0,9.0,4.0,2.0,2.0,4.0,1.0,1.0,4.50000113993912,5.670034755766553,3.7433058626297058,3.5136512395092168,0.42857143,0.19047619,0.08602151,,111.52580645161288,78.09354838709677,86.24387096774194,58.1770664516129,44.21724344086021,0.2531984946236559
650556,Bryan Abreu,HOU,25.2,21.0,0.0,108.0,23.0,21.0,12.0,15.0,13.0,2.0,3.0,4.2077928103732365,4.6505538150057735,4.643383688717439,4.496069406821887,0.21296296,0.12037037,0.13215859,,96.6952422907489,88.36035242290748,90.31233480176212,58.9262590088106,33.951367312775325,0.919610704845815
453192,Andrew Miller,STL,17.1,18.0,0.0,79.0,16.0,19.0,8.0,8.0,8.0,3.0,2.0,4.153846958509014,4.7277267319079215,5.161739147051193,4.4641456829891055,0.20253165,0.10126582,0.09655172,,104.05137400530504,88.60338107869141,90.95193103448277,57.18534724137931,44.135912172413796,0.14671958620689646
553902,Willians Astudillo,MIN,3.0,3.0,0.0,11.0,0.0,1.0,1.0,1.0,1.0,0.0,1.0,3.0,8.503367455800374,5.9343962490558635,6.739397451925334,0.0,0.09090909,0.0,,54.59290322580645,88.72064516129032,51.5258064516129,20.0,50.8707964516129,2.189656129032258
453281,Wade LeBlanc,- - -,17.2,11.0,2.0,80.0,12.0,23.0,11.0,11.0,3.0,2.0,4.0,5.60377441993312,5.603996749306679,4.957600176280964,4.571844024141194,0.15,0.0375,0.08391608,,95.64217382617383,104.69676323676323,98.37826973026974,40.26433342657343,59.27850094405595,-0.05000706293706296
542992,Andy Burns,LAD,1.0,1.0,0.0,6.0,1.0,3.0,2.0,2.0,0.0,0.0,1.0,18.0,14.17003412246704,2.9343962490558626,3.9174006839805458,0.16666667,0.0,0.08333333,,63.785000000000004,100.17,68.50833333333334,20.0,31.527959999999997,2.23518
650347,Luis Madero,MIA,3.0,2.0,0.0,16.0,1.0,6.0,5.0,5.0,1.0,0.0,1.0,15.0,7.836700789133708,9.38457454442978,8.014826890945432,0.0625,0.0625,0.08064516,,84.39419354838711,85.2216129032258,77.59322580645161,53.71603887096774,36.28749322580645,0.919460806451613
670057,Ryan Hartman,HOU,2.1,1.0,0.0,10.0,2.0,3.0,1.0,1.0,0.0,0.0,1.0,3.8571433826369397,7.027177505103981,4.480369375138317,3.962118453445435,0.2,0.0,0.10869565,,75.01782608695652,112.14217391304351,91.97304347826088,27.92873,37.61325,1.50088
641386,Ben Bowden,COL,17.0,21.0,0.0,89.0,18.0,25.0,15.0,17.0,12.0,0.0,3.0,7.9411798117496595,5.464152734750276,5.97225750252361,5.248747246741406,0.20224719,0.13483146,0.10119048,,95.41064761904762,90.46074113756616,87.27444550264549,49.11575687500001,46.298739047619044,0.46768080357142855
592145,Jesse Biddle,ATL,10.2,8.0,0.0,51.0,11.0,10.0,10.0,10.0,8.0,2.0,1.0,8.437501328007993,5.138784432335573,5.243306043728213,4.974711906517317,0.21568627,0.15686275,0.08064516,,95.7272098024506,77.2924381095274,75.27558522964074,57.51861043010753,32.13679559139784,1.0937047311827957
592859,Stevie Wilkerson,BAL,1.0,1.0,0.0,5.0,0.0,2.0,1.0,1.0,0.0,0.0,1.0,9.0,16.17003412246704,6.698758375644684,5.593278453445435,0.0,0.0,0.08333333,,37.779999999999994,92.46,41.06,,,
621532,Anthony Bemboom,LAA,1.0,1.0,0.0,7.0,0.0,3.0,2.0,2.0,0.0,0.0,1.0,18.0,16.17003412246704,6.698758375644684,6.249678453445434,0.0,0.0,0.0,,15.120000000000005,99.86,28.76000000000001,23.33004,40.06388,0.9605400000000001
501593,Luis Avilan,WSN,5.0,4.0,0.0,27.0,4.0,7.0,7.0,7.0,3.0,1.0,1.0,12.6,6.570034122467041,6.087268674373627,5.357903419597357,0.14814815,0.11111111,0.07407407,,81.39314814814814,75.52648148148148,64.91777777777779,38.93115314814814,20.0,2.7589916666666663
667465,Aaron Fletcher,SEA,3.2,4.0,0.0,20.0,2.0,7.0,5.0,5.0,1.0,0.0,1.0,12.272729600264462,6.442762015870898,4.822065846600914,4.7568984534454355,0.1,0.05,0.12790698,,91.88976744186046,100.71186046511627,83.75232558139534,41.43180930232558,53.456137790697674,0.07556616279069767
571710,Mychal Givens,COL,22.2,24.0,0.0,94.0,25.0,18.0,7.0,8.0,11.0,2.0,4.0,2.7794121021282816,4.978857871471161,4.397209276665448,4.058640768060247,0.26595745,0.11702128,0.11197917,,90.76167317708335,106.07727213541669,101.07139322916667,60.05469260416666,47.05911018229167,0.15734575520833335
605138,Wes Benjamin,TEX,13.1,7.0,1.0,66.0,12.0,17.0,12.0,12.0,12.0,0.0,1.0,8.10000077247627,5.045034301280993,6.584250478461158,6.101272444962453,0.18181818,0.18181818,0.10175439,,103.18350877192982,86.42652631578947,88.65971929824562,53.765347438596486,51.15732161403509,0.24125673684210527
605388,Adam Morgan,CHC,2.0,2.0,0.0,7.0,1.0,1.0,1.0,1.0,0.0,0.0,1.0,4.5,8.67003412246704,3.9343962490558626,3.8959845888678832,0.14285714,0.0,0.08,,102.27680000000001,106.4048,111.10559999999998,49.338656,46.22426,0.42315600000000003
676709,Ty Tice,- - -,8.0,5.0,0.0,39.0,6.0,10.0,4.0,4.0,5.0,1.0,1.0,4.500000536441867,5.545034405589138,6.566577717249823,5.78157589630764,0.15384615,0.12820513,0.07746479,,98.7949295774648,83.64267605633803,83.02056338028167,41.99702323943662,40.21390253521126,0.9187254929577465
592464,Mike Kickham,LAD,2.0,1.0,0.0,12.0,2.0,5.0,3.0,3.0,1.0,1.0,1.0,13.5,10.67003412246704,6.816577312350273,4.635011791467434,0.16666667,0.08333333,0.08888889,,88.524,72.53822222222223,60.96044444444445,37.79574,28.145469999999996,1.31452
676840,Matt Peacock,ARI,49.1,18.0,7.0,229.0,33.0,66.0,32.0,36.0,17.0,1.0,8.0,5.837838108213924,5.034899073702045,4.3931189194542135,4.477128357338108,0.1441048,0.07423581,0.07787392,,92.1540008843659,105.73386591002063,100.09378902224525,39.467147796143244,54.16434804407714,0.24001506887052343
641927,Bailey Ober,MIN,24.2,6.0,6.0,106.0,26.0,28.0,16.0,16.0,6.0,1.0,7.0,5.837837988308004,5.602466617595377,4.273707806756012,4.06342640956651,0.24528302,0.05660377,0.07962529,,96.7490705367523,110.6737186782673,105.19515738306643,41.96454770491803,54.18347409836066,0.06307044496487121
675912,Zac Lowther,BAL,5.1,3.0,1.0,29.0,7.0,11.0,9.0,9.0,2.0,0.0,2.0,15.187500905245596,6.545034323632729,3.6549415437821997,3.6511303603478944,0.24137931,0.06896552,0.12820513,,88.21333333333332,100.83333333333333,90.93128205128204,48.53687965811966,53.65677410256411,0.09570974358974364
664042,Travis Lakins Sr.,BAL,28.0,24.0,1.0,123.0,24.0,23.0,18.0,20.0,17.0,1.0,4.0,5.785715529657407,5.241463139257965,5.400734175317426,5.160997414916472,0.19512195,0.13821138,0.09381238,,91.37828343313375,95.652375249501,87.93005988023953,41.18331353293413,49.049882395209586,0.45675704590818367
571946,Shelby Miller,CHC,2.0,3.0,0.0,18.0,1.0,7.0,7.0,7.0,5.0,0.0,0.0,31.5,9.67003412246704,12.316577312350272,9.561789555257713,0.05555556,0.27777778,0.04705882,,104.26635294117646,86.93835294117646,90.88752941176469,61.721839176470596,35.68514164705882,0.3861891764705883
444482,David Peralta,ARI,1.0,1.0,0.0,9.0,1.0,4.0,3.0,3.0,0.0,1.0,1.0,27.0,17.17003412246704,7.698758375644684,4.638369812968521,0.11111111,0.0,0.07142857,,37.800000000000004,111.32000000000001,49.800000000000004,20.0,61.53942,1.4464400000000002
666159,Matt Manning,DET,14.1,3.0,3.0,66.0,6.0,18.0,13.0,13.0,4.0,1.0,3.0,8.162791421827398,6.100266940558928,5.718142283765275,5.795453942052983,0.09090909,0.06060606,0.04741379,,85.39247653705591,103.14697901387265,91.90437995674118,42.034570172413794,54.596960344827586,0.2683414655172413
669060,Bryse Wilson,ATL,28.2,6.0,6.0,124.0,19.0,37.0,17.0,18.0,7.0,0.0,7.0,5.337209420696734,5.751429528555658,4.731173962809648,4.941980349126668,0.15322581,0.05645161,0.09785203,,89.88510350890608,104.81462038191648,96.35098816135114,43.982263389021476,61.97232424821002,-0.1426978997613365
663474,Triston McKenzie,CLE,42.1,11.0,10.0,189.0,59.0,28.0,30.0,30.0,39.0,0.0,8.0,6.377953100140924,5.603105119928209,5.313660157438806,5.324002078747823,0.31216931,0.20634921,0.12592593,,89.06891276624609,89.95125437525438,81.39807814407816,40.10853508641976,35.13311971604938,1.1751786172839507
465657,Joakim Soria,ARI,20.1,22.0,0.0,89.0,17.0,23.0,11.0,11.0,8.0,0.0,3.0,4.868852792039949,4.596263728216117,4.934300568942801,4.554320045381777,0.19101124,0.08988764,0.09968847,,97.14284208003832,97.01652048885694,96.25099448837767,49.93598526479751,57.81124012461059,-0.020263208722741424
607572,Sam Howard,PIT,27.1,35.0,0.0,116.0,35.0,18.0,14.0,14.0,18.0,1.0,4.0,4.6097580812157535,4.596864004748108,4.114521118588783,4.150887354081059,0.30172414,0.15517241,0.16046967,,110.08806262230918,85.69577299412913,94.99949119373777,54.03282802348336,44.7887130332681,0.30782166340508804
656186,Dan Altavilla,SDP,1.1,2.0,0.0,5.0,2.0,1.0,1.0,1.0,0.0,0.0,1.0,6.750001760200125,9.920035882667166,4.1398491601908685,3.4186384534454346,0.4,0.0,0.04545455,,120.15363636363637,121.41090909090909,124.61181818181818,50.004581818181826,72.82870636363636,-1.6651268181818182
624414,Christian Arroyo,BOS,1.0,1.0,0.0,5.0,0.0,1.0,0.0,2.0,1.0,0.0,1.0,0.0,19.17003412246704,11.463120502233505,10.332878453445435,0.0,0.2,0.0,,53.56,78.02,48.620000000000005,20.0,32.65442,2.20674
607179,Jordan Weems,OAK,4.1,5.0,0.0,18.0,4.0,2.0,3.0,3.0,3.0,0.0,1.0,6.230769730707638,6.400803612463594,5.029445465434966,5.28385745741131,0.22222222,0.16666667,0.09638554,,103.36280120481929,84.21554216867472,87.4145481927711,52.742603012048185,41.555198674698794,0.6038101204819277
664092,Sean Poppen,PIT,4.2,3.0,0.0,26.0,4.0,11.0,4.0,7.0,2.0,1.0,1.0,7.714286765273879,6.170034531184661,4.51855281613809,4.44166070127161,0.15384615,0.07692308,0.10891089,,99.95148514851483,93.7209900990099,89.47584158415843,44.27027940594059,57.78753009900989,0.1418251485148515
670090,Wyatt Mills,SEA,8.1,8.0,0.0,44.0,8.0,13.0,10.0,10.0,6.0,1.0,1.0,10.800002999783395,5.33003472242372,4.405204831117124,4.54589746558738,0.18181818,0.13636364,0.08536585,,107.13618410700236,89.84701022816678,95.6689653815893,60.09366219512195,46.86756237804878,-0.29748091463414633
676969,Brett de Geus,- - -,28.2,21.0,0.0,133.0,28.0,31.0,25.0,25.0,13.0,6.0,3.0,7.848837913763044,4.565383084913805,4.189678191614641,3.922092720644089,0.21052632,0.09774436,0.0804829,,95.61473298739809,86.74100049419322,80.70124161577654,40.35649104627767,39.996646317907455,0.9934949698189134
676879,Aaron Ashby,MIL,0.2,1.0,1.0,10.0,0.0,4.0,4.0,7.0,3.0,0.0,0.0,54.00005632644807,16.67004820407906,16.67004820407906,10.324678453445433,0.0,0.3,0.05128205,,107.91743589743591,42.60871794871795,59.69435897435897,51.18437,20.0,2.57563
519455,Jordan Zimmermann,MIL,5.2,2.0,0.0,26.0,0.0,8.0,5.0,5.0,2.0,1.0,1.0,7.94117736156434,7.05238749923183,6.9377759956883684,6.507820454082807,0.0,0.07692308,0.02439024,,82.08512195121952,82.75,67.8468292682927,32.12266829268293,38.54190341463414,1.703921951219512
596049,Shawn Morimando,MIA,0.2,1.0,0.0,7.0,0.0,4.0,4.0,4.0,1.0,0.0,1.0,54.00005632644807,27.17005915644396,12.963130717229273,7.664943748027556,0.0,0.14285714,0.09090909,,99.66454545454545,53.056363636363635,64.56545454545454,49.22026,20.84379,2.50968
670912,Johan Oviedo,STL,43.0,10.0,9.0,198.0,35.0,43.0,25.0,30.0,25.0,3.0,6.0,5.2325583716351876,5.309569101091206,5.095851020377931,5.353478788278885,0.17676768,0.12626263,0.10993377,,92.2817519700697,91.5048428254923,85.43743804664071,49.85711300662252,40.426222529801315,0.7903568344370862
607468,Alex Blandino,CIN,3.2,4.0,0.0,18.0,1.0,4.0,4.0,5.0,4.0,0.0,1.0,9.818183600410281,9.442762533840277,9.265635652448108,8.83931117256644,0.05555556,0.22222222,0.05555556,,79.70472222222223,79.12555555555555,61.231944444444444,21.976310416666664,22.667059166666668,1.9581566666666665
621295,Nick Wittgren,CLE,27.0,28.0,0.0,107.0,28.0,24.0,15.0,15.0,6.0,0.0,6.0,5.000000386326431,4.651515718415613,3.2656018673156613,3.265972984202672,0.26168224,0.05607477,0.11547344,,90.97879487717826,105.72469452026036,94.2951459164392,43.311155704387986,60.16922540415704,0.09593030023094683
642701,Dennis Santana,LAD,15.0,16.0,0.0,74.0,8.0,18.0,10.0,11.0,11.0,3.0,0.0,6.000001239776868,4.903367813958136,6.1972336408073705,5.95371825647576,0.10810811,0.14864865,0.09025271,,95.34980207518113,85.2069445356088,84.34466713791625,57.32265985559566,32.9186523465704,0.8727295306859206
592831,Konner Wade,BAL,1.2,1.0,0.0,13.0,1.0,7.0,6.0,6.0,1.0,0.0,1.0,32.40001235962386,11.570037326813967,10.121740430052302,6.256175495676161,0.07692308,0.07692308,0.11627907,,88.1553488372093,107.13581395348838,88.85441860465117,32.86716,65.56682,0.03459
546991,Albert Almora Jr.,NYM,1.0,1.0,0.0,6.0,0.0,1.0,3.0,3.0,1.0,1.0,1.0,27.0,22.17003412246704,12.698758375644683,8.393011775397435,0.0,0.16666667,0.07142857,,9.099999999999994,78.47999999999999,-8.580000000000013,20.0,20.0,4.46452
657610,Trevor Hildenberger,NYM,2.1,2.0,0.0,14.0,4.0,3.0,4.0,4.0,3.0,1.0,1.0,15.428573530547759,10.455749400781261,7.908941270815597,5.408188659894518,0.28571429,0.21428571,0.06896552,,89.18448275862069,75.34758620689655,60.78034482758621,61.60878206896552,20.0,1.7626006896551722
461872,Anthony Swarzak,- - -,10.0,11.0,0.0,47.0,8.0,17.0,11.0,11.0,1.0,1.0,3.0,9.900001003146274,6.07003441631797,4.816577479191047,4.250636357347334,0.17021277,0.0212766,0.08536585,,87.93548780487806,99.83,89.88939024390243,40.35213524390244,54.49910408536586,0.29490152439024386
669424,Jimmy Lambert,CHW,5.0,2.0,1.0,29.0,6.0,11.0,7.0,7.0,3.0,1.0,2.0,12.600002403259735,8.37003511428852,6.345886556072699,5.248773739826548,0.20689655,0.10344828,0.10084034,,92.21344537815128,95.22487394957983,89.57764705882354,45.40304176470588,43.014040420168065,0.9886953781512604
501925,Joe Smith,HOU,17.1,22.0,0.0,83.0,15.0,27.0,12.0,12.0,4.0,3.0,3.0,6.230771230523339,4.900803908723525,3.9740752062333358,3.8507523471777905,0.18072289,0.04819277,0.08479532,,114.54875113710202,94.63877063027942,102.67476348278103,56.96520824561405,45.19829687134503,-0.3558922222222222
594694,Wilmer Difo,PIT,1.0,1.0,0.0,12.0,1.0,6.0,8.0,8.0,3.0,0.0,1.0,72.0,23.17003412246704,17.227482628822326,9.468081235459573,0.08333333,0.25,0.05,,48.76500000000001,80.4275,40.670500000000004,25.18644,30.43156,2.03339
605309,Keone Kela,SDP,10.2,12.0,0.0,48.0,13.0,11.0,6.0,8.0,3.0,0.0,3.0,5.062500330037459,5.232534256926748,3.726600500531166,3.273648509372602,0.27083333,0.0625,0.08866995,,97.30615763546797,123.16768472906405,118.27845179451087,55.10110334975369,66.79076320197044,-0.7467219704433498
621237,Jose Alvarado,PHI,30.1,32.0,0.0,136.0,41.0,20.0,11.0,14.0,25.0,4.0,3.0,3.263736846269022,4.62058383191994,4.265522033120549,4.508792420500825,0.30147059,0.18382353,0.11958406,,111.86056544344811,96.68357471177758,107.4278113179112,76.77898459272095,39.77676133448873,0.09197214904679375
671345,Jason Foley,DET,5.0,4.0,0.0,22.0,2.0,4.0,2.0,2.0,0.0,3.0,1.0,3.6,6.770034122467042,5.934396249055863,4.419281773934584,0.09090909,0.0,0.07142857,,98.64183673469387,85.26673469387754,85.56142857142858,45.876090612244894,20.0,1.6870386734693879
518617,Jake Diekman,OAK,32.1,34.0,0.0,141.0,45.0,26.0,12.0,14.0,17.0,2.0,6.0,3.3402067479501367,4.561786934112932,3.950156424250499,3.500755904342629,0.31914894,0.12056738,0.14705882,,110.42496732026146,98.8683660130719,106.23960784313725,72.50417821731747,48.58589762308999,-0.37754390492359935
571735,David Hale,PHI,26.2,17.0,1.0,116.0,21.0,30.0,19.0,20.0,9.0,1.0,5.0,6.412500855205694,5.157534387530794,4.506450953869979,4.468834938675199,0.18103448,0.07758621,0.0867679,,85.78632803085083,100.8582325058247,89.18753032859324,42.178528937093276,45.14540540130152,0.7304749457700649
663770,Demarcus Evans,TEX,9.1,9.0,0.0,46.0,14.0,11.0,9.0,10.0,7.0,0.0,2.0,8.678572721779538,5.205748711526439,4.688499940064565,4.207888283606367,0.30434783,0.15217391,0.14146341,,109.17198048780489,88.82127893569844,95.06370731707315,58.665651707317075,45.77649653658536,0.17983380487804868
650530,Bryan Garcia,DET,30.0,29.0,0.0,140.0,25.0,27.0,17.0,21.0,20.0,2.0,3.0,5.100000856220866,5.003367763592189,5.820602452701378,5.443294263737276,0.17857143,0.14285714,0.08043876,,82.698664955848,84.79097166172724,71.82788794894796,45.62678904936014,32.26146546617916,1.5608452285191958
623354,Daniel Zamora,SEA,4.1,4.0,0.0,18.0,3.0,5.0,3.0,4.0,1.0,0.0,1.0,6.230771144819565,5.4777271390668805,4.513529296628222,4.245925369088132,0.16666667,0.05555556,0.07692308,,98.42818461538462,109.24313846153846,107.5803076923077,64.67484676923077,52.68892984615385,-0.11433692307692311
663878,Nate Pearson,TOR,2.1,1.0,1.0,16.0,0.0,4.0,3.0,3.0,5.0,0.0,0.0,11.571430147910819,9.598606426861942,14.135538227626814,11.973694078445433,0.0,0.3125,0.015625,,97.4290625,54.621562499999996,59.0396875,53.40052,20.0,1.97572
623485,Ashton Goudeau,CIN,9.0,5.0,0.0,44.0,5.0,8.0,4.0,4.0,9.0,0.0,1.0,4.000000423855297,6.503367809013122,6.8232855250572,7.0878339269206405,0.11363636,0.20454545,0.07738095,,82.41683473389355,101.56666433239963,87.2452614379085,30.21245934523809,50.87754845238095,0.8049855357142858
641755,Tyler Kinley,COL,35.1,34.0,0.0,150.0,32.0,27.0,18.0,18.0,17.0,2.0,6.0,4.584906103815588,5.179468279077577,4.96931217564492,4.562546364075817,0.21333333,0.11333333,0.1130742,,91.27710347735307,96.16124759074849,91.10092896723418,51.42956367491167,42.67229319787987,0.825892367491166
642758,Domingo Acevedo,OAK,3.0,3.0,0.0,13.0,3.0,5.0,3.0,3.0,0.0,0.0,2.0,9.0,9.836700789133708,3.5225169579188034,3.0412938481674345,0.23076923,0.0,0.15686275,,94.21058823529411,116.26627450980394,109.64980392156862,45.8016268627451,52.82744705882354,0.39075313725490196
676265,Cory Abbott,CHC,8.1,4.0,0.0,38.0,6.0,8.0,4.0,6.0,5.0,0.0,2.0,4.320000164794928,6.650034255218511,6.282439158674432,5.61966737856916,0.15789474,0.13157895,0.08641975,,86.15725455614344,80.54877718988831,70.66938271604937,41.51332216049383,38.01169358024691,1.417109074074074
641907,Patrick Murphy,TOR,7.0,6.0,0.0,31.0,4.0,8.0,5.0,6.0,3.0,1.0,1.0,6.428573207588104,5.598606223111436,5.001721862638436,4.902585836772594,0.12903226,0.09677419,0.06779661,,101.12661016949151,93.06915254237288,91.59898305084747,47.83464974576272,45.8067227118644,0.9152386440677966
542888,Shawn Armstrong,BAL,20.0,20.0,0.0,100.0,22.0,28.0,19.0,20.0,10.0,1.0,5.0,8.55000215314383,5.870034802407197,5.178359711776711,4.395344853445434,0.22,0.1,0.13,,101.535773794658,98.62580378408495,100.69315725374874,59.753357975,51.607120475,-0.4713601
596825,Robel Garcia,HOU,1.0,1.0,0.0,8.0,0.0,5.0,4.0,4.0,0.0,0.0,2.0,36.0,29.17003412246704,10.227482628822326,7.803303453445434,0.0,0.0,0.0,,52.63931034482759,134.67172413793102,98.35103448275859,20.229939999999996,53.83397,1.19623
642003,Cody Reed,TBR,9.2,12.0,0.0,42.0,7.0,8.0,4.0,5.0,6.0,1.0,1.0,3.7241390026426733,5.239000235046304,5.171814169450478,5.359308835439096,0.16666667,0.14285714,0.09459459,,96.63624466571835,80.58041963015646,84.12482930298721,57.88660912162161,30.558478243243243,1.0254622297297296
621129,Kyle Cody,TEX,11.1,7.0,0.0,55.0,14.0,16.0,10.0,11.0,2.0,3.0,3.0,7.94117740332885,5.464152038984265,3.8911235176692807,3.1170781262246017,0.25454545,0.03636364,0.11483254,,94.00366998577523,101.02017586964955,92.5586732186732,47.66162736842105,46.41340186602871,0.5474734449760765
665152,Dean Kremer,BAL,49.2,12.0,12.0,225.0,45.0,56.0,40.0,41.0,24.0,1.0,14.0,7.248322383964732,6.532450339472902,5.496801930558592,5.150449644752356,0.2,0.10666667,0.08152174,,90.95012903165455,97.22987907530744,89.6378392607698,42.50085479347826,51.67865558695652,0.3336388913043479
663378,Thomas Szapucki,NYM,3.2,1.0,0.0,20.0,4.0,7.0,6.0,6.0,3.0,0.0,2.0,14.727275280913489,10.533671762923785,5.367520459779625,5.215103453445434,0.2,0.15,0.1097561,,79.57926829268293,85.27024390243902,71.52829268292683,37.8929,32.26782,2.01489
572125,Sam Selman,SFG,8.0,7.0,0.0,33.0,8.0,4.0,4.0,4.0,4.0,1.0,2.0,4.500001123175306,6.295034902449892,6.132668583454597,4.92867570145722,0.24242424,0.12121212,0.07344633,,107.91186440677964,98.93378531073445,102.95615819209038,56.38899960451977,58.98368107344633,-0.5474211864406779
657097,Jacob Webb,ATL,17.0,17.0,0.0,83.0,17.0,24.0,10.0,15.0,7.0,1.0,3.0,5.294118899994127,4.8759168791318155,4.553733297304877,4.2708127225192385,0.20481928,0.08433735,0.15015974,,99.55004347930529,100.08791963935397,96.58335903656906,57.42581194888179,53.769437028754,-0.19725990415335465
641582,Matt Foster,CHW,22.0,22.0,0.0,102.0,29.0,26.0,16.0,17.0,9.0,2.0,6.0,6.545455760207283,5.5791254786544435,4.359420782796324,3.539299660603513,0.28431373,0.08823529,0.13103448,,97.49391315453384,98.57773946360153,95.06151979565773,50.46875827586206,46.90466542528736,0.34934480459770106
669212,Eli Morgan,CLE,16.1,4.0,4.0,75.0,19.0,23.0,17.0,17.0,2.0,1.0,6.0,9.367347668032561,6.170034356019953,4.203100445217314,3.9034347178168343,0.25333333,0.02666667,0.11397059,,85.85902413380124,108.60086449281418,96.3305620543672,36.03109283088235,65.54722919117647,-0.30930522058823534
573062,Aaron Northcraft,SDP,8.0,5.0,0.0,34.0,5.0,5.0,2.0,2.0,8.0,0.0,1.0,2.25,6.545034122467041,6.022760451585055,7.154359244862066,0.14705882,0.23529412,0.10077519,,95.65255813953489,90.54511627906976,85.01410852713178,42.76505728682171,21.457002868217057,1.4447048062015504
657697,Vinny Nittoli,SEA,1.0,1.0,0.0,6.0,1.0,1.0,2.0,2.0,2.0,0.0,1.0,18.0,20.17003412246704,10.698758375644683,9.5077617874971,0.16666667,0.33333333,0.15384615,,87.88153846153847,76.17076923076924,70.4923076923077,55.55466,20.0,2.04928
641871,Keynan Middleton,SEA,19.1,20.0,0.0,79.0,15.0,11.0,9.0,10.0,11.0,2.0,2.0,4.189655680470806,4.980379169584056,5.917054446862071,5.30087057454836,0.18987342,0.13924051,0.15719064,,105.84147157190635,81.51946488294314,89.77518394648827,59.77650428093645,43.96937682274248,0.26851953177257526
570663,Hansel Robles,MIN,35.0,36.0,0.0,148.0,35.0,27.0,16.0,19.0,20.0,2.0,4.0,4.114286194236967,4.541462853879364,4.618469317841208,4.522537386917971,0.23648649,0.13513514,0.09888357,,97.61604386460223,99.20791425203326,97.03202403241306,54.316583973941356,50.282585700325725,0.26928858306188924
594985,Ben Rowen,LAA,11.1,8.0,0.0,49.0,8.0,12.0,7.0,8.0,2.0,2.0,3.0,5.558824182330195,6.25826977931715,5.463636405277521,4.424353167228826,0.16326531,0.04081633,0.05555556,,102.47757575757575,118.65353535353535,112.70353535353537,46.477761565656564,62.508124343434346,-0.41124909090909095
664852,Jay Flaa,- - -,2.2,2.0,0.0,13.0,3.0,3.0,4.0,4.0,3.0,0.0,2.0,13.500003218651585,14.045036715269706,6.941578211556456,6.40784412823383,0.23076923,0.23076923,0.18032787,,91.75868852459016,64.25344262295081,62.29836065573771,48.58042180327869,20.0,2.554011803278688
650828,Edgar Santana,ATL,20.0,21.0,0.0,84.0,18.0,20.0,10.0,12.0,5.0,0.0,5.0,4.5000006973744515,5.370034463405663,4.14905071976442,3.8855027151086,0.21428571,0.05952381,0.15,,109.6129025974026,95.19966233766233,105.50472727272727,52.84627532142858,51.795804392857136,0.014122357142857173
643778,Tyler Webb,STL,16.1,22.0,0.0,92.0,14.0,22.0,24.0,26.0,19.0,0.0,1.0,13.224496737268922,5.741464043602665,7.538078723648671,6.882843858001073,0.15217391,0.20652174,0.08163265,,89.05816026410564,94.49611044417767,81.9511044417767,43.97770591836736,42.265808112244905,1.039729362244898
543056,Danny Coulombe,MIN,3.2,2.0,1.0,15.0,5.0,3.0,1.0,3.0,1.0,0.0,2.0,2.454545880152248,8.351853202788455,3.66689165396821,2.983563263438418,0.33333333,0.06666667,0.12,,101.29226666666666,84.652,86.17653333333332,42.373228266666665,45.326661333333334,0.9236373333333334
542882,Matt Andriese,BOS,36.0,24.0,0.0,167.0,37.0,50.0,21.0,24.0,10.0,3.0,7.0,5.250000443309583,4.725589809373584,4.207224409773457,3.7697442477568295,0.22155689,0.05988024,0.09006211,,92.97404573687183,105.51902315076227,99.87015245623942,43.431980869565216,54.07402041925466,0.040468431677018656
665854,Luis Oviedo,PIT,18.2,12.0,0.0,87.0,19.0,21.0,15.0,16.0,12.0,0.0,3.0,7.232143103468183,5.152177047121284,5.047798721692889,4.848954976208833,0.2183908,0.13793103,0.0988024,,91.38359281437126,85.76053892215567,80.11022455089821,48.19592017964072,34.56269976047904,1.173641107784431
502624,Chase Anderson,PHI,38.0,11.0,8.0,176.0,29.0,44.0,31.0,31.0,17.0,3.0,7.0,7.3421056316830295,5.617402666361384,5.63705610373256,5.316238805269643,0.16477273,0.09659091,0.10014104,,90.00409026798306,100.45058254337914,91.23520516941647,44.25256084626234,54.967951170662914,0.33440338504936534
664076,Garrett Cleavinger,LAD,12.0,13.0,0.0,53.0,13.0,11.0,3.0,6.0,8.0,1.0,2.0,2.250000771135356,5.420034893602397,5.164760443250915,4.7170536827640985,0.24528302,0.1509434,0.07488987,,102.12599118942732,91.22290748898678,92.18017621145376,61.8496577092511,47.874441189427316,0.06361964757709253
621057,Justin Garza,CLE,4.2,2.0,0.0,17.0,3.0,2.0,2.0,2.0,1.0,0.0,2.0,3.8571433826369397,8.09860622250313,5.551798092537467,5.105564265721057,0.17647059,0.05882353,0.12121212,,97.87363636363636,105.89242424242424,96.8130303030303,41.407336666666666,52.767607272727275,0.43574515151515153
573668,Juan Minaya,MIN,6.1,4.0,0.0,27.0,4.0,5.0,3.0,3.0,3.0,1.0,2.0,4.263158108719178,7.9068764654883505,5.751697655121329,5.09744800139648,0.14814815,0.11111111,0.11363636,,93.94954545454544,75.76227272727273,76.15227272727273,55.89209488636364,23.72293954545454,1.3658169318181816
502154,Zack Britton,NYY,4.1,5.0,0.0,19.0,3.0,3.0,2.0,2.0,3.0,1.0,1.0,4.153846487138425,7.554649858890934,6.997612758703536,5.922387592425513,0.15789474,0.15789474,0.09090909,,97.44649350649352,88.55012987012988,85.99792207792208,40.62680779220779,20.0,1.9033287012987017
667498,Robert Dugger,SEA,22.1,11.0,4.0,102.0,19.0,27.0,16.0,18.0,10.0,1.0,4.0,6.447761561138185,5.274511854227422,4.92118585641145,4.849209157937482,0.18627451,0.09803922,0.1171875,,92.1125375124008,108.05477725074405,97.99109095982145,34.95562541666667,57.413873333333335,0.11955966145833336
571882,Derek Law,MIN,8.0,6.0,0.0,41.0,10.0,12.0,6.0,6.0,6.0,0.0,2.0,6.750001659617236,6.1700348600747015,4.463851301342002,4.641585646171794,0.24390244,0.14634146,0.16574586,,96.24585635359117,95.15104972375691,90.12917127071823,47.81580093922652,45.48116546961326,0.5049977900552487
641771,Chad Kuhl,PIT,45.1,10.0,10.0,202.0,35.0,38.0,26.0,31.0,28.0,7.0,6.0,5.161764850665958,5.66268125120744,5.6156423846671375,5.681766978840104,0.17326733,0.13861386,0.09927361,,93.15186865506399,79.05321066233542,78.43225272785985,48.369471222760296,33.07201146489104,1.304542348668281
664714,Ljay Newsome,SEA,14.2,7.0,1.0,69.0,16.0,20.0,13.0,14.0,3.0,0.0,5.0,7.977273073078202,6.033670610238703,4.128098117977446,3.692108705251466,0.23188406,0.04347826,0.11956522,,89.45089814476515,114.56740323955668,103.66784955141478,38.20632652173913,70.55826072463768,-0.43945355072463765
665621,Rony Garcia,DET,3.2,2.0,0.0,12.0,2.0,1.0,1.0,1.0,2.0,0.0,1.0,2.4545459200528925,7.260943989221862,6.1214375820979265,6.426414564001823,0.16666667,0.16666667,0.03571429,,93.13214285714285,90.3425,88.94107142857142,40.509751071428575,46.60724642857143,0.6944521428571429
624418,Ryan Castellani,COL,3.1,1.0,1.0,17.0,2.0,5.0,2.0,2.0,4.0,1.0,1.0,5.40000051498418,10.370034809112616,8.587269191001422,8.239861843254445,0.11764706,0.23529412,0.09230769,,80.28215384615385,70.44215384615384,52.91476923076923,31.810700000000004,20.0,2.33693
664918,Kyle Keller,PIT,3.1,3.0,0.0,15.0,4.0,2.0,3.0,3.0,3.0,0.0,2.0,8.10000077247627,11.270034894943311,5.057960216443644,5.309962905303791,0.26666667,0.2,0.06849315,,111.21260273972601,81.8413698630137,86.14657534246575,52.48584054794521,35.5676001369863,0.6727043835616437
476594,Robert Stock,CHC,4.0,1.0,1.0,22.0,3.0,4.0,5.0,5.0,6.0,1.0,1.0,11.25,10.17003412246704,9.125486780703067,8.758839599691914,0.13636364,0.27272727,0.06329114,,102.42126582278482,68.7686075949367,72.25670886075949,54.95946,31.89392,1.14414
431148,Scott Kazmir,SFG,7.0,3.0,2.0,29.0,7.0,8.0,5.0,5.0,1.0,0.0,3.0,6.428571428571429,7.170034122467041,3.6150194099971227,3.6092926868403685,0.24137931,0.03448276,0.09734513,,94.99433628318585,106.72176991150444,97.00035398230088,44.24587672566371,57.007737964601766,-0.20838681415929206
592390,Heath Hembree,- - -,25.2,26.0,0.0,106.0,43.0,17.0,17.0,20.0,12.0,1.0,8.0,5.961039814695418,5.390813661275139,3.6760723366497943,2.7597872118560693,0.40566038,0.11320755,0.12716763,,108.01798612716762,105.1529795761079,115.86725394990366,67.77629928709055,56.82042593448942,-0.8078458766859347
592288,Kent Emanuel,HOU,17.2,10.0,0.0,68.0,13.0,12.0,5.0,5.0,4.0,1.0,4.0,2.547170049081562,5.490789056074687,4.245175137088776,3.976992038740703,0.19117647,0.05882353,0.05,,98.33433333333332,91.14725,88.72799999999998,51.9773855,53.478084875,0.11895908333333335
448855,Junior Guerra,LAA,39.0,22.0,1.0,175.0,32.0,31.0,22.0,23.0,28.0,2.0,4.0,5.076923833443681,5.1700344204903095,5.691543400512528,5.5413399551493825,0.18285714,0.16,0.11,,89.85322402597401,90.13608571428573,86.45042337662336,47.786543057142865,41.08002755714286,0.7394902285714287
607219,Sal Romano,CIN,20.2,14.0,0.0,91.0,12.0,20.0,12.0,14.0,9.0,0.0,4.0,5.225807109745022,5.831324780207561,6.132483697688286,5.491309173135034,0.13186813,0.0989011,0.05059524,,92.70092857142858,102.1529523809524,98.35340476190478,39.18389550595238,57.775879940476194,0.23219110119047615
429722,Ervin Santana,KCR,36.0,17.0,2.0,150.0,27.0,32.0,21.0,21.0,11.0,1.0,7.0,5.25000014342368,5.197811955641267,5.071527068937212,4.600040939689605,0.18,0.07333333,0.09156194,,91.50973070017953,93.774039497307,85.5125314183124,37.92360876122083,44.41867542190305,0.9036152064631958
519043,Matt Moore,PHI,23.1,10.0,4.0,108.0,19.0,27.0,15.0,17.0,12.0,0.0,5.0,5.785714601010709,5.870034269605372,5.428401070863421,5.266475522554285,0.17592593,0.11111111,0.07619048,,100.04420113606199,85.47750732069863,81.83934604236343,42.270891404761905,44.07844721428571,0.7237280476190477
660600,Enoli Paredes,HOU,8.2,12.0,0.0,53.0,15.0,7.0,6.0,10.0,17.0,2.0,0.0,6.230771187671452,6.285419716302767,7.5069015721881405,7.617238070135313,0.28301887,0.32075472,0.0984252,,97.58031496062992,70.78850393700786,72.19708661417324,65.87663047244094,25.002082952755906,1.0340549212598427
663804,Jackson Kowar,KCR,5.0,3.0,2.0,31.0,2.0,11.0,10.0,10.0,5.0,1.0,1.0,18.000003647805,8.570035216808542,8.440142167709311,7.278345206037751,0.06451613,0.16129032,0.05072464,,97.23260869565216,81.09260869565216,79.91608695652175,52.88897565217391,21.291589565217393,1.3838478260869564
623470,Jake Newberry,KCR,4.1,4.0,0.0,24.0,5.0,10.0,8.0,8.0,3.0,0.0,2.0,16.615389605247145,8.939266624288965,4.567907274506145,4.748628110932699,0.20833333,0.125,0.11,,93.47300000000001,90.4118,86.86560000000001,46.490225499999994,49.1192527,0.5970125999999999
468504,Jhoulys Chacin,COL,28.1,16.0,1.0,126.0,25.0,31.0,18.0,18.0,12.0,0.0,6.0,5.717647519903649,5.428857834033915,4.170435063310307,4.301507484381305,0.1984127,0.0952381,0.07594937,,90.88134458509144,96.57083075480546,89.38570042194092,39.124662362869195,49.12632924050633,0.522320316455696
661255,Yoan Lopez,ARI,12.1,13.0,0.0,61.0,13.0,18.0,9.0,10.0,6.0,0.0,3.0,6.567568292293078,5.68354791334464,4.524175064239397,4.27376256224996,0.21311475,0.09836066,0.13023256,,98.76613953488372,93.03573953488373,93.97534883720931,56.356576093023264,47.334174930232564,0.3711033488372093
641420,Zack Burdi,CHW,9.0,6.0,0.0,45.0,6.0,13.0,6.0,7.0,4.0,2.0,3.0,6.0000006556511645,8.170034668843012,6.9733449853435445,5.458569311304237,0.13333333,0.08888889,0.14102564,,90.2525641025641,93.14064102564103,87.9379487179487,53.34910294871794,39.10998493589744,0.6512482692307692
670970,Adrian Morejon,SDP,4.2,2.0,2.0,20.0,3.0,5.0,2.0,2.0,2.0,0.0,2.0,3.8571434319020175,8.741463524103288,4.304267087145166,4.976705953445434,0.15,0.1,0.15,,114.20725,109.68875,123.3285,60.768282,62.420124,-1.0654720000000002
641793,Zack Littell,SFG,24.1,28.0,2.0,100.0,17.0,19.0,9.0,10.0,11.0,1.0,3.0,3.3287675907742695,4.854965865945375,4.774894813263285,4.662112147344374,0.17,0.11,0.12146893,,97.72245928880028,96.1517082087072,94.46404785643072,42.615294943502825,56.965142288135574,0.19884135593220337
592169,Austin Brice,BOS,11.2,12.0,0.0,55.0,9.0,12.0,9.0,9.0,6.0,4.0,2.0,6.942858744957379,6.427177731212478,6.467071903175318,5.086037469077336,0.16363636,0.10909091,0.0826087,,91.50286956521738,94.71556521739132,84.8586956521739,39.107968086956525,41.2054587826087,0.9186433913043477
621139,Brooks Kriske,NYY,5.0,5.0,0.0,26.0,4.0,9.0,7.0,7.0,2.0,1.0,3.0,12.6,11.17003412246704,6.193013525009155,4.845773128015222,0.15384615,0.07692308,0.0989011,,105.80483516483514,77.98615384615385,85.18021978021977,62.277583516483524,33.027713516483516,0.6565721978021978
595263,Mickey Jannis,BAL,3.1,1.0,0.0,21.0,1.0,8.0,7.0,7.0,4.0,0.0,3.0,18.90000180244463,17.87003552436842,10.933812604668473,8.799660312462384,0.04761905,0.19047619,0.0,,79.53211267605633,62.81661971830985,53.833239436619714,20.97131,20.0,2.51175
622492,Keury Mella,ARI,1.2,2.0,0.0,15.0,2.0,8.0,6.0,6.0,2.0,0.0,2.0,32.40001351833907,19.970041131976192,9.663123211361386,6.271509564792656,0.13333333,0.13333333,0.06,,83.7772,84.2272,78.67200000000001,39.7146636,30.948403199999998,1.4330448000000002
593974,Wandy Peralta,- - -,23.2,30.0,0.0,102.0,17.0,24.0,14.0,15.0,9.0,0.0,4.0,5.3239452128754445,5.071443127065414,4.439820604690287,4.48151659966192,0.16666667,0.08823529,0.15,,101.32957894736842,100.84036842105266,105.22189473684209,57.986454157894734,57.75139828947368,-0.18473352631578951
676424,Alec Bettinger,MIL,10.0,4.0,1.0,51.0,5.0,18.0,15.0,15.0,3.0,1.0,3.0,13.5,7.270034122467041,5.663704887032509,5.429149354762444,0.09803922,0.05882353,0.04020101,,88.55684559159432,96.59598104157149,84.85138076747374,36.75189477386935,48.388153216080404,0.7878808542713567
543699,Tanner Roark,TOR,7.0,3.0,1.0,31.0,5.0,7.0,5.0,7.0,2.0,0.0,3.0,6.4285723043948995,8.170034803663075,5.1191231402790915,4.806084903173183,0.16129032,0.06451613,0.06870229,,84.47022900763359,112.17725190839695,101.49618320610686,36.579300916030526,52.70102427480916,0.2435179389312977
670550,Nivaldo Rodriguez,HOU,7.1,4.0,0.0,31.0,3.0,4.0,2.0,2.0,4.0,3.0,2.0,2.454545560947139,8.760943455735525,6.418462985956836,5.795161292102096,0.09677419,0.12903226,0.05263158,,81.73421052631579,84.70842105263158,68.24947368421053,32.74634578947368,30.86689017543859,1.6131389473684208
641729,Joe Jimenez,DET,17.0,21.0,0.0,81.0,20.0,12.0,13.0,13.0,17.0,3.0,2.0,6.882354630318894,5.875917139515495,6.422225657818624,5.699472081605962,0.24691358,0.20987654,0.11403509,,104.29847953216373,84.94847953216373,89.12397660818714,55.09550225146199,45.467085526315785,0.2379667251461988
642092,Riley Smith,ARI,61.1,20.0,6.0,274.0,33.0,79.0,41.0,42.0,15.0,3.0,10.0,6.016304668422017,5.0939472684664935,5.275723965007966,5.106699415955873,0.12043796,0.05474453,0.06101344,,92.24426421268964,110.56440877614918,102.02214008660957,41.94079384694933,65.42712341261634,-0.35586795243019653
641682,Ryan Hendrix,CIN,24.0,26.0,0.0,106.0,27.0,23.0,16.0,17.0,14.0,1.0,5.0,6.0000015348199955,5.503368052674817,4.265336174806236,4.3228091858634246,0.25471698,0.13207547,0.13580247,,92.40355555555556,99.21106172839501,98.25851851851854,60.99921995061728,46.11337140740739,0.2833555802469136
592135,Cam Bedrosian,- - -,14.2,15.0,0.0,71.0,15.0,19.0,9.0,9.0,10.0,0.0,4.0,5.522728679224837,6.715489570858295,5.094793296205354,4.969727453061415,0.21126761,0.14084507,0.10861423,,90.51430711610487,98.98688514357055,91.34785580524344,39.653122059925096,49.63917423220974,0.47595367041198505
622780,Angel Perdomo,MIL,12.2,13.0,0.0,58.0,19.0,8.0,10.0,10.0,12.0,2.0,3.0,7.105264116357367,6.56477142250445,5.157324826257795,4.740922504740317,0.32758621,0.20689655,0.11923077,,106.80415384615384,76.59484615384613,84.74738461538462,65.64413053846154,36.04273030769231,0.5281521923076923
664157,Travis Bergen,TOR,10.2,10.0,1.0,46.0,6.0,5.0,2.0,2.0,8.0,2.0,1.0,1.6875002656015985,6.076284579892016,7.504077994500673,6.785035559258175,0.13043478,0.17391304,0.08510638,,95.49191489361704,97.5181914893617,89.94510638297872,47.42112872340426,52.57019255319148,0.02342276595744678
543901,Ryan Weber,- - -,6.2,2.0,0.0,33.0,7.0,14.0,11.0,11.0,2.0,0.0,4.0,14.850001416206496,9.77003475189215,3.82261441762021,3.6030172928914097,0.21212121,0.06060606,0.12621359,,86.88854368932039,102.56873786407768,90.95514563106795,37.572047281553395,56.60009485436893,-0.06076640776699029
676604,Tyler Zuber,KCR,17.0,20.0,0.0,79.0,16.0,14.0,12.0,13.0,15.0,1.0,3.0,6.35294311434399,6.405329226994073,6.498289779558751,6.008176124690901,0.20253165,0.18987342,0.10724638,,84.98713043478259,98.35733333333333,85.78104347826088,44.28683055072463,44.205392463768106,0.6325353913043479
606965,Chris Devenski,ARI,7.1,8.0,0.0,35.0,5.0,11.0,7.0,7.0,2.0,1.0,2.0,8.590910720185123,6.579125678096059,5.6802141520451475,4.804430299113713,0.14285714,0.05714286,0.11724138,,100.07428045977012,91.38936091954024,93.49385747126436,55.7109095862069,39.85219537931035,0.5939804827586206
641703,Brent Honeywell,TBR,4.1,3.0,2.0,21.0,4.0,5.0,4.0,4.0,3.0,0.0,2.0,8.307692917141027,9.400803810322813,5.436605973267325,5.478231579100093,0.19047619,0.14285714,0.07692308,,82.56169230769231,94.12470512820512,78.2383205128205,40.523185,58.70319192307692,0.5942484615384616
595191,Jerad Eickhoff,NYM,10.0,2.0,2.0,45.0,6.0,11.0,5.0,5.0,4.0,0.0,4.0,4.5,8.370034122467041,6.169449737668037,6.0688799293556634,0.13333333,0.08888889,0.08609272,,82.27674799581737,98.79735622168003,83.07765597769259,31.729099337748345,46.274650927152315,1.0596567549668874
640444,Wil Crowe,PIT,50.1,12.0,11.0,230.0,46.0,56.0,35.0,35.0,25.0,3.0,11.0,6.258278429785319,5.852153449517893,4.868932067982118,4.940896848953457,0.2,0.10869565,0.09043659,,91.45027551639485,98.92703330337363,92.93475095764255,50.71028277546777,46.815788898128886,0.27910599792099794
656730,Trevor Megill,CHC,3.0,5.0,0.0,20.0,2.0,7.0,6.0,6.0,5.0,0.0,2.0,18.00000625848988,15.50337174402492,10.365427544104753,8.474538453445435,0.1,0.25,0.06410256,,94.5476923076923,88.98871794871796,87.07820512820511,55.35501487179488,48.083702307692306,0.2321244871794872
592473,Adam Kolarek,OAK,9.0,12.0,0.0,51.0,4.0,15.0,8.0,10.0,5.0,1.0,2.0,8.000003682244195,7.170035963589139,5.4573877041278545,4.926245927216561,0.07843137,0.09803922,0.04736842,,103.2922105263158,82.18384210526317,84.62984210526315,54.08049305263158,39.258495578947375,0.4584198421052632
491703,Neftali Feliz,PHI,1.0,2.0,0.0,9.0,2.0,4.0,4.0,4.0,1.0,1.0,1.0,36.00003755096538,18.170049768702615,6.934400175595638,4.4261228990494335,0.22222222,0.11111111,0.08823529,,103.64411764705882,87.57235294117648,85.60176470588236,50.51760382352941,35.50390941176471,0.8412811764705882
518813,Greg Holland,KCR,31.1,33.0,0.0,139.0,32.0,28.0,14.0,15.0,17.0,0.0,6.0,4.021277298231008,5.244502569967164,4.669661372866598,4.47971768591606,0.23021583,0.12230216,0.12941176,,100.67192875043062,99.51634965429255,99.8956315550384,44.06423650420167,47.06998527731092,0.620545731092437
605218,Carl Edwards Jr.,- - -,5.2,7.0,0.0,31.0,6.0,11.0,7.0,7.0,3.0,0.0,3.0,11.117652399113524,9.522978350531911,5.754203822441834,4.716132141010144,0.19354839,0.09677419,0.11711712,,86.87765765765766,85.54108108108109,80.9781981981982,56.12369333333333,27.74671045045045,0.9158111711711712
681911,Alex Vesia,LAD,10.2,10.0,0.0,48.0,16.0,4.0,7.0,9.0,11.0,1.0,3.0,5.906250385043702,7.201284385274647,6.356986469483623,5.430035216620913,0.33333333,0.22916667,0.18181818,,114.21757575757577,75.36616161616162,88.26161616161616,64.47311712121214,37.92897747474748,0.42599873737373734
676886,Jeremy Beasley,TOR,9.1,8.0,0.0,47.0,13.0,7.0,8.0,9.0,9.0,2.0,3.0,7.714286839171495,8.098606269715496,6.944655461314666,5.402951875897949,0.27659574,0.19148936,0.17171717,,107.04852525252525,81.90070707070707,90.35826262626263,62.20172893939394,29.65998828282828,0.7822987878787879
643377,Griffin Jax,MIN,12.2,4.0,0.0,57.0,11.0,14.0,11.0,11.0,5.0,0.0,5.0,7.815789865985161,7.748981720720975,5.681821099985875,4.790426373624112,0.19298246,0.0877193,0.06198347,,87.47314049586777,104.69677685950414,89.68760330578512,39.647415123966944,51.9806126446281,0.3951734297520661
663734,Nick Neidert,MIA,16.0,4.0,4.0,76.0,11.0,17.0,10.0,10.0,13.0,2.0,3.0,5.625000335276147,7.045034353435053,6.923259637324543,6.7354045521751145,0.14473684,0.17105263,0.06796117,,87.81278457114509,89.23498614426299,75.93515525766794,31.55916724919094,45.38150789644013,1.0421040453074435
612434,Miguel Castro,NYM,34.2,32.0,2.0,149.0,39.0,23.0,12.0,14.0,23.0,2.0,5.0,3.1153850340830536,4.958495901292498,4.355872353899402,4.49822683543272,0.26174497,0.15436242,0.1372549,,98.47144444444443,96.47998039215688,96.41412418300654,76.5556270261438,38.604170147058824,0.02839501633986929
488748,Ryan Buchter,ARI,13.2,15.0,0.0,61.0,12.0,9.0,7.0,8.0,10.0,2.0,3.0,4.609757015671252,6.90174218277234,7.017376028598578,5.997395733922538,0.19672131,0.16393443,0.08296943,,97.58995633187776,92.66786026200874,94.08829694323144,46.52002475982532,44.500704497816606,0.45077794759825324
657140,Kyle Wright,ATL,6.1,2.0,2.0,35.0,6.0,7.0,7.0,7.0,5.0,4.0,2.0,9.94736892034475,9.643718657929497,8.32429037052738,5.937344568598912,0.17142857,0.14285714,0.09774436,,82.1113172541744,66.29368421052632,57.95844546431013,39.59739225563909,20.0,2.5225080451127817
571676,Seth Frankoff,ARI,14.2,4.0,3.0,74.0,11.0,20.0,15.0,15.0,9.0,2.0,4.0,9.204545853551771,7.465488854124534,6.08538776783959,5.751057661119836,0.14864865,0.12162162,0.07692308,,84.73961607835137,90.39166533360539,78.84615821260968,30.947901038461538,41.20130038461539,1.3732906923076924
663399,Brandon Waddell,- - -,6.0,6.0,0.0,33.0,3.0,10.0,5.0,6.0,5.0,0.0,2.0,7.500001303851831,9.003368469907354,7.6106384387669515,6.836611423782894,0.09090909,0.15151515,0.10852713,,102.03860465116279,102.47627906976744,106.75782945736435,54.961034186046504,61.493025658914725,-0.2203564341085271
607536,Kyle Freeland,COL,31.2,7.0,7.0,148.0,26.0,44.0,23.0,24.0,13.0,3.0,9.0,6.536842236505653,6.738455246743074,4.826652725754158,4.856557925613832,0.17567568,0.08783784,0.0802139,,93.61634945337809,99.8587092619998,93.89532548966461,42.05042770053476,53.17291636363637,0.3777645276292335
643327,Zack Godley,MIL,3.1,2.0,1.0,20.0,5.0,4.0,6.0,7.0,5.0,1.0,2.0,16.200001689791854,13.37003518641006,7.687269145557957,6.761353487898413,0.25,0.25,0.125,,79.54840909090908,83.04795454545454,67.80431818181819,37.36294897727273,20.0,1.8532101136363637
456713,Matt Bush,TEX,3.0,3.0,0.0,14.0,4.0,4.0,3.0,3.0,1.0,0.0,3.0,9.0,14.503367455800376,5.620212417840959,4.0331376413540365,0.28571429,0.07142857,0.125,,100.9042857142857,86.87071428571429,89.70571428571428,57.65836660714286,45.15919732142857,0.06379553571428571
672335,Cionel Perez,CIN,18.2,20.0,0.0,88.0,16.0,17.0,16.0,18.0,18.0,0.0,3.0,7.714288083114914,6.437892268786554,6.1444750575361615,6.294237338662482,0.18181818,0.20454545,0.11570248,,91.97509641873276,81.91669421487603,77.92336088154269,54.664623250688706,39.8009147107438,0.9151280440771349
656638,Alex Lange,DET,16.0,18.0,0.0,80.0,20.0,23.0,13.0,15.0,9.0,0.0,5.0,7.31250186602167,6.420034951810006,3.6808058477486045,3.9595700159454346,0.25,0.1125,0.11821086,,94.1311530641882,89.13952367121696,83.77012489108334,48.00739412140576,37.64224226837061,0.8736252076677316
445213,Brandon Kintzler,PHI,18.0,20.0,0.0,88.0,14.0,31.0,17.0,18.0,4.0,1.0,5.0,8.500002856884699,6.058923982323279,3.8200937727459756,3.575311458855781,0.15909091,0.04545455,0.05182927,,90.12359756097561,112.15153310104529,102.22705574912894,43.51785844512196,54.63498338414634,0.14274518292682925
592644,Adam Plutko,BAL,41.2,28.0,1.0,180.0,36.0,42.0,24.0,25.0,17.0,3.0,10.0,5.184000820678841,6.002034570800853,5.295681848151705,4.572826757677253,0.2,0.09444444,0.11126761,,89.36666744913929,95.10288654147104,86.82278951486698,39.13562328169013,42.540043098591546,0.8606833802816901
605151,Archie Bradley,PHI,18.0,21.0,0.0,83.0,13.0,19.0,9.0,11.0,12.0,1.0,3.0,4.500001020729774,6.058923666639242,5.166518333419059,5.3185746635722335,0.15662651,0.14457831,0.06006006,,89.69615615615615,102.87543543543545,90.11561561561561,35.58125888888889,54.53979660660661,0.4297959459459459
660365,Hyeon-jong Yang,TEX,29.0,8.0,4.0,127.0,19.0,30.0,18.0,20.0,15.0,0.0,7.0,5.586207263960165,6.549344689554054,5.5408161553124415,5.599140177314526,0.1496063,0.11811024,0.09572301,,92.05967413441954,99.38700610997962,93.89828920570265,53.37380132382892,49.9265849694501,0.35336723014256605
571666,Mike Fiers,OAK,9.1,2.0,2.0,45.0,5.0,15.0,8.0,8.0,4.0,0.0,4.0,7.714285977032729,8.955748605241588,6.21990192979124,5.933899184442338,0.11111111,0.08888889,0.04605263,,83.3069558154646,95.13158382066275,77.75446231319039,29.895019473684208,44.661740131578945,0.9240844078947368
594965,Daniel Ponce de Leon,STL,24.1,17.0,2.0,117.0,17.0,27.0,19.0,20.0,13.0,5.0,4.0,7.027398204155984,6.128938629480087,6.964781776957308,5.705963640210846,0.14529915,0.11111111,0.09414226,,90.71672803347278,93.93993305439332,82.08330543933054,43.73683054393305,43.04969161087866,0.6810761297071128
606930,Jacob Barnes,- - -,23.0,23.0,0.0,96.0,24.0,21.0,13.0,13.0,7.0,0.0,6.0,5.086956969957085,5.387425622191923,4.144040275439514,3.6071960239260594,0.25,0.07291667,0.11421911,,102.07707969325358,96.98927370021283,101.55484489037532,60.68865776223775,50.07193673659674,-0.1231169696969697
519443,Brandon Workman,- - -,17.2,20.0,0.0,85.0,19.0,21.0,8.0,11.0,13.0,0.0,4.0,4.075473054782427,6.170035121126327,4.724681728601109,4.892637902350206,0.22352941,0.15294118,0.08504399,,75.66228739002932,100.71290322580647,80.06938416422287,39.57492853372434,45.246529472140764,0.7134052492668623
656458,Lucas Gilbreath,COL,13.1,16.0,0.0,64.0,13.0,15.0,11.0,12.0,9.0,0.0,4.0,7.425001919623961,7.1450351501445155,4.7006332726164946,4.787903551101685,0.203125,0.140625,0.12653061,,105.295763001975,86.55168136932191,94.98881369321924,56.96727375510205,47.87046208163266,0.12514089795918368
458677,Justin Wilson,NYY,14.1,16.0,0.0,64.0,13.0,13.0,9.0,11.0,6.0,1.0,4.0,5.651163750287488,6.4491044467079295,5.283097913723095,4.44504344367981,0.203125,0.09375,0.07924528,,104.75592806209377,97.28164712563891,100.43000252413707,53.520145094339625,54.345803773584905,0.09906690566037736
458676,Josh Lindblom,MIL,16.2,8.0,0.0,85.0,17.0,23.0,18.0,18.0,10.0,3.0,5.0,9.720000370788588,7.370034282684332,6.222439156385613,4.961300448080501,0.2,0.11764706,0.09064327,,92.41912280701756,93.58432748538011,87.34824561403508,46.6513796491228,44.60368923976608,0.6492302339181287
502522,Justin Miller,WSN,3.0,5.0,0.0,15.0,4.0,5.0,5.0,5.0,1.0,0.0,3.0,15.000010430820089,14.50337533686444,3.855850768160474,3.379029564535124,0.26666667,0.06666667,0.08474576,,100.62847457627119,111.56806779661017,105.16583050847457,49.87111711864407,71.56837932203392,-0.9606857627118643
666200,Jesus Luzardo,OAK,38.0,13.0,6.0,173.0,40.0,46.0,29.0,32.0,16.0,0.0,11.0,6.868421575142281,6.091086976263183,4.649458085788021,4.374668195536031,0.23121387,0.09248555,0.12537764,,104.33876510574018,92.6535498489426,100.2142900302115,60.55318790030211,49.8700200755287,-0.021266148036253776
517008,Alex Colome,MIN,28.2,31.0,0.0,135.0,27.0,32.0,16.0,26.0,13.0,3.0,5.0,5.023256656477694,5.228174002551652,4.49941992095138,4.217219465467812,0.2,0.0962963,0.12945591,,92.29131064057894,90.58295363173413,83.46750469043153,43.418720318949354,23.38699382739212,1.2697494559099434
453562,Jake Arrieta,CHC,72.2,16.0,16.0,333.0,62.0,80.0,45.0,54.0,34.0,3.0,16.0,5.573394617321177,5.853520419695756,4.933552098569914,5.052579544722626,0.18618619,0.1021021,0.07758621,,88.92465730710201,95.92752925800562,86.74652847482008,36.909972343260186,45.48286435736677,0.7246977037617554
534910,Jesse Hahn,KCR,3.1,5.0,0.0,19.0,3.0,5.0,5.0,5.0,4.0,1.0,2.0,13.50000140815988,13.670035217702502,7.4579604836625535,6.724055181937126,0.15789474,0.21052632,0.04545455,,92.61740641711229,77.12732620320857,68.79423796791443,48.15301352272727,23.158739886363634,1.945395
663423,Trent Thornton,TOR,37.0,25.0,3.0,161.0,40.0,37.0,17.0,24.0,14.0,3.0,9.0,4.135135784625587,5.548412874408555,4.1982980896584685,3.854322812975562,0.2484472,0.08695652,0.09925926,,93.67556356356356,100.48638798798801,93.89285205205204,49.744777525925926,49.63084410370371,0.11828903703703704
592773,Ryne Stanek,HOU,33.1,35.0,0.0,147.0,40.0,24.0,17.0,19.0,21.0,4.0,6.0,4.590000901463805,5.360034552577222,5.348992557505849,4.423108406187621,0.27210884,0.14285714,0.12931034,,99.5770344827586,104.47124137931036,104.00272413793101,59.48148937931035,44.22389346551723,0.11697494827586201
669135,Mac Sceroler,BAL,7.2,5.0,0.0,48.0,11.0,15.0,12.0,15.0,7.0,1.0,6.0,14.086957689945196,13.60481759650052,7.113051061465797,4.971131581976186,0.22916667,0.14583333,0.14646465,,93.74606060606061,82.41797979797981,79.68424242424243,47.90644393939394,31.58482727272727,1.076050303030303
685503,Kohei Arihara,TEX,28.2,7.0,7.0,127.0,17.0,32.0,21.0,22.0,12.0,2.0,7.0,6.593023840706745,6.623522800932479,5.664814688807249,5.6752815882438465,0.13385827,0.09448819,0.06311637,,88.05279233586926,94.57337137221752,89.63701606086222,45.01363360946746,45.764505147928986,0.6610195463510848
642233,Eric Yardley,MIL,18.2,17.0,0.0,89.0,5.0,24.0,14.0,15.0,10.0,3.0,3.0,6.750000251457105,6.812891401031193,6.3304354626302715,5.910384421556546,0.05617978,0.11235955,0.03809524,,105.90743709200851,83.69324867724868,87.02046766989623,49.730261460317465,27.86890019047619,1.1697070476190476
663986,Trevor Stephan,CLE,29.0,21.0,0.0,138.0,34.0,31.0,15.0,16.0,18.0,2.0,8.0,4.655172719966804,6.480379167776769,5.510295360639917,4.5762153140466975,0.24637681,0.13043478,0.12521151,,102.90906937394244,102.26182741116753,103.14927241962774,54.671408223350255,59.74849693739424,-0.4951289509306261
542914,Anthony Bass,MIA,29.2,35.0,0.0,125.0,28.0,24.0,16.0,19.0,12.0,3.0,6.0,4.8539335513685735,5.428461538728808,4.761852984928089,4.214850549445434,0.224,0.096,0.12,,103.31017587301587,100.0292907936508,101.57229269841272,50.86068948888889,50.87732542222223,0.25862008888888893
621368,Taylor Hearn,TEX,37.0,24.0,1.0,169.0,43.0,40.0,23.0,24.0,21.0,0.0,9.0,5.59459504071515,5.710574865593728,4.3604601852412,4.228206302780013,0.25443787,0.12426036,0.10195531,,103.45819667297322,101.13785447161246,106.67967551170564,61.62338284916201,50.602789357541894,-0.2130185055865922
622065,Alex Young,ARI,38.2,29.0,2.0,175.0,37.0,43.0,25.0,27.0,19.0,0.0,8.0,5.818966536823834,5.4200345167055906,4.464321266757988,4.5238417758335165,0.21142857,0.10857143,0.1441048,,95.0199420474049,96.49434372119441,93.42448687628608,42.36827772925765,46.65961388646289,0.4919043813682678
663460,Kris Bubic,KCR,52.1,14.0,7.0,229.0,44.0,52.0,29.0,30.0,27.0,2.0,12.0,4.9872614551211685,6.131817745240149,4.971477956921943,5.025770142723751,0.19213974,0.11790393,0.08599779,,84.4792986872456,100.10142452692709,88.01862732503777,42.81905927232635,47.301654366041895,0.6761619625137817
451584,Wade Davis,KCR,25.2,22.0,0.0,119.0,22.0,31.0,23.0,23.0,11.0,2.0,7.0,8.064935920220089,6.520683828452198,5.587401683128775,4.711183570229246,0.18487395,0.09243697,0.09730849,,91.58539609894301,93.26498202026806,88.44092622861501,45.83292900621118,40.55215091097309,0.7499977432712217
641541,Jon Duplantier,ARI,13.0,4.0,4.0,70.0,12.0,19.0,19.0,19.0,8.0,2.0,5.0,13.153847118806627,8.631572984661606,5.6673752209656865,5.298066210304252,0.17142857,0.11428571,0.07777778,,94.661261065944,89.16514363143631,87.88775067750677,42.543225888888884,41.64372922222222,0.9270965925925926
663432,Tanner Rainey,WSN,24.2,30.0,0.0,117.0,31.0,21.0,19.0,20.0,20.0,3.0,5.0,6.932433507324433,6.088953493972065,6.314946166724425,5.132982417171578,0.26495726,0.17094017,0.16346154,,111.94526923076921,88.32265384615387,98.68661538461538,63.890221807692306,48.87003890384615,-0.01467223076923078
660896,Jorge Alcala,MIN,31.2,33.0,0.0,121.0,26.0,23.0,17.0,19.0,8.0,1.0,8.0,4.831579530916126,5.6647712658812495,4.442078445063474,3.978471017002011,0.21487603,0.0661157,0.14533623,,104.07895878524948,104.13843817787416,109.12485900216919,57.21256056399132,60.169565249457705,-0.5060115184381779
656464,Kevin Ginkel,ARI,28.1,32.0,0.0,129.0,31.0,30.0,20.0,24.0,14.0,2.0,7.0,6.3529421899559555,5.8876816148370885,4.66860805744674,4.169703328055322,0.24031008,0.10852713,0.10611511,,94.79249042324582,95.6498514435205,91.37117864150238,49.36513483082706,41.49869945488722,0.5585074248120301
668941,JoJo Romero,PHI,9.0,11.0,0.0,44.0,8.0,12.0,7.0,8.0,4.0,1.0,4.0,7.000001599391667,8.836702083879343,4.627245234607216,4.259256964652445,0.18181818,0.09090909,0.09356725,,103.73625730994154,117.52947368421056,119.74619883040937,52.03250304093567,68.26480847953216,-0.5613165497076024
663765,Jake Woodford,STL,25.1,17.0,0.0,117.0,21.0,23.0,13.0,13.0,14.0,7.0,5.0,4.618421827760395,6.564771534325109,5.670482872580253,4.962231741724426,0.17948718,0.11965812,0.08686441,,87.79526768899652,94.40881275221952,83.2452511433952,41.563752605932216,44.40428792372882,0.6939899576271188
677976,Randy Dobnak,MIN,43.2,13.0,5.0,200.0,25.0,60.0,38.0,39.0,12.0,1.0,11.0,7.8320613537876245,6.1929349958587565,4.4131196337559935,4.6285141669601,0.125,0.06,0.07828656,,87.9594327751191,107.4295197593227,98.73856492691617,40.53557449039882,43.68120257016248,0.3786918906942393
571656,Buck Farmer,DET,18.2,19.0,0.0,95.0,19.0,25.0,19.0,19.0,12.0,4.0,6.0,9.1607165721783,7.884321013412599,6.163253545878141,4.943458834434631,0.2,0.12631579,0.09903382,,95.83163043478258,89.7686312399356,85.10578904991947,48.16395253623188,41.00431282608695,0.8732170772946858
666808,Camilo Doval,SFG,10.2,13.0,0.0,50.0,13.0,11.0,9.0,10.0,6.0,1.0,4.0,7.593751237640592,7.576284840604176,4.52078278565874,4.044559253445435,0.26,0.12,0.0921659,,115.44986175115207,98.58092165898617,112.6341013824885,65.88750976958525,48.10238198156683,-0.22896944700460825
656686,Corbin Martin,ARI,16.0,5.0,3.0,86.0,13.0,23.0,19.0,19.0,14.0,1.0,5.0,10.687500656931702,8.420034445170334,6.893804908328571,6.38350705726468,0.15116279,0.1627907,0.07602339,,88.20022468254437,94.41496207784708,86.56122601678157,43.38449160818713,42.228508187134494,0.8663194444444444
668687,Andre Scrubb,HOU,16.2,15.0,0.0,76.0,15.0,14.0,11.0,11.0,14.0,0.0,5.0,5.940001309991172,7.790035141349064,6.536578054798397,5.990562104785674,0.19736842,0.18421053,0.08090615,,86.65741100323625,103.63605177993527,95.37462783171522,43.855027637540445,34.48986663430421,0.7270123948220065
666619,Gregory Santos,SFG,2.0,3.0,0.0,13.0,3.0,5.0,5.0,6.0,2.0,0.0,3.0,22.5,22.67003412246704,7.580939438939095,5.1203648396111205,0.23076923,0.15384615,0.09433962,,112.01408805031446,101.98603773584907,116.01698113207547,63.84503943396226,44.70678396226416,-0.10434509433962266
622075,Yency Almonte,COL,24.0,28.0,0.0,117.0,21.0,27.0,27.0,27.0,19.0,2.0,6.0,10.12500214995862,7.295034998376108,5.73588170528404,5.565870579124978,0.17948718,0.16239316,0.10470085,,88.12692307692308,89.02457264957266,78.69376068376067,44.655091047008554,37.84159318376068,0.9923296581196581
607237,Amir Garrett,CIN,24.1,32.0,0.0,108.0,31.0,23.0,20.0,20.0,15.0,0.0,8.0,7.397262898300387,6.745377856645562,4.429121312354839,4.081838934663237,0.28703704,0.13888889,0.13670886,,100.85033095512081,86.01191377061755,90.73116041426927,54.71608060759493,44.090192379746846,0.4601874430379747
643615,T.J. Zeuch,TOR,15.0,5.0,3.0,74.0,8.0,21.0,11.0,16.0,9.0,0.0,6.0,6.600000445842773,9.103367856608525,6.60872294885997,6.242037509659102,0.10810811,0.12162162,0.07342657,,98.64979020979021,101.68888111888111,101.61804195804196,44.89425531468531,46.15610164335664,0.2792394055944056
663531,Logan Allen,CLE,19.1,6.0,6.0,90.0,15.0,23.0,18.0,21.0,9.0,2.0,8.0,8.379310895940248,8.704517245094241,5.424189214424764,5.247171796225102,0.16666667,0.1,0.07323232,,94.00481362925024,96.00930786740645,88.47286954047516,45.76990424242423,41.66904202020202,0.753618005050505
533167,Matt Shoemaker,MIN,60.1,16.0,11.0,284.0,40.0,73.0,54.0,56.0,27.0,3.0,15.0,8.055248919860682,6.567824304712802,5.441317187156015,5.432405370146914,0.14084507,0.09507042,0.10338346,,87.064938331913,99.70035797515342,89.8031306319665,40.649598186090216,51.910913195488725,0.42460772556390974
518858,Nate Jones,- - -,19.0,20.0,0.0,87.0,14.0,16.0,12.0,15.0,12.0,1.0,7.0,5.684212371913949,8.538456918163549,6.349095130697094,5.692383692900341,0.16091954,0.13793103,0.13268608,,97.21326860841424,94.32012944983819,91.13941747572814,50.91262310679612,46.36448734627832,0.49642025889967645
