mlb_id,player_name_fg,team,ip,g,gs,tbf,so,h,er,r,bb,hbp,hr,era,fip,xfip,siera,k_pct,bb_pct,swstr_pct,csw_pct,stuff_plus,location_plus,pitching_plus,pb_stuff,pb_command,pb_xrv100
554430,Zack Wheeler,PHI,192.0,32.0,32.0,787.0,212.0,168.0,77.0,82.0,39.0,9.0,20.0,3.6093750537838796,3.1508736912781994,3.5361708548212625,3.5332911320929963,0.26937738,0.04955527,0.13267891,,116.66153236250749,106.33436181028445,121.93963822839044,63.23032101646612,63.58486992083597,-1.1653952723242555
675911,Spencer Strider,ATL,186.2,32.0,32.0,763.0,281.0,146.0,80.0,85.0,58.0,9.0,22.0,3.857142949104311,2.8532546356320374,2.9242724987447257,2.8590582222789687,0.36828309,0.07601573,0.18935484,,117.07004718476011,99.65512903088434,114.10613992300377,61.900371003225814,59.03714070967741,-0.7439596451612903
543243,Sonny Gray,MIN,184.0,32.0,32.0,754.0,183.0,156.0,57.0,59.0,55.0,6.0,8.0,2.7880435216122637,2.8256925267341684,3.6442586813551188,3.9499351412851196,0.24270557,0.0729443,0.11390166,,99.47085062576014,97.76135777741044,100.56171843384502,57.55081825610186,52.24549447824548,-0.21485896002829852
543037,Gerrit Cole,NYY,209.0,33.0,33.0,821.0,222.0,157.0,61.0,64.0,48.0,7.0,20.0,2.6267943063178234,3.164131266928694,3.5971962118542296,3.6260404162447184,0.27040195,0.05846529,0.1168594,,107.13422226133154,106.3901836799095,111.5397264851115,53.67952185521781,61.796744208712006,-0.5554771701660921
592332,Kevin Gausman,TOR,185.0,31.0,31.0,763.0,237.0,163.0,65.0,72.0,55.0,3.0,19.0,3.1621622273659007,2.9685538671032368,3.2152741989428826,3.340367661446791,0.31061599,0.07208388,0.12927385,,99.90644212438963,103.88371769963143,106.12468534969356,56.3983419830674,59.62621307066102,-0.44799400521002936
668678,Zac Gallen,ARI,210.0,34.0,34.0,846.0,220.0,188.0,81.0,87.0,47.0,5.0,22.0,3.471428666017496,3.264564169280383,3.4851532350241676,3.6684335189806765,0.26004728,0.05555556,0.11223862,,97.90551984099535,105.1954150357493,105.21861868390758,49.76413113499841,62.216652466013265,-0.2652879386658236
657277,Logan Webb,SFG,216.0,33.0,33.0,850.0,194.0,201.0,78.0,83.0,31.0,5.0,20.0,3.2500000860956004,3.1624477644516116,2.9538168700984633,3.161129235048294,0.22823529,0.03647059,0.08951005,,108.02895705764006,104.26259330285616,112.48716670486498,57.58474875485123,62.80372640362226,-0.38876302716688244
621107,Zach Eflin,TBR,177.2,31.0,31.0,703.0,186.0,158.0,69.0,69.0,24.0,3.0,19.0,3.495309599750347,3.0073855730413293,3.124700681820241,3.3025405238582066,0.26458037,0.0341394,0.11128344,,105.69190779968343,107.39722354229141,109.16078116855118,42.644817223730136,63.44169771616904,-0.584792807289647
657006,Justin Steele,CHC,173.1,30.0,30.0,716.0,176.0,167.0,59.0,71.0,36.0,7.0,14.0,3.0634615777900236,3.0185018949219464,3.3229785280283917,3.605750762222971,0.24581006,0.05027933,0.11558538,,105.64003348148515,103.03400358166019,107.7517328425314,56.49426974546858,59.494102418048605,-0.6468872734284613
641154,Pablo Lopez,MIN,194.0,32.0,32.0,801.0,234.0,176.0,79.0,81.0,48.0,9.0,24.0,3.6649485436898788,3.332359949026393,3.28371753016519,3.367610397951726,0.29213483,0.05992509,0.14531044,,98.5802763952936,114.17617891257729,111.65406105910205,60.04777410125721,66.32480338090384,-0.9039564593951752
664285,Framber Valdez,HOU,198.0,31.0,31.0,808.0,200.0,166.0,76.0,86.0,57.0,10.0,19.0,3.4545454878233466,3.4974646042566038,3.3856254038722593,3.6990487334250277,0.24752475,0.07054455,0.11613774,,104.51354911152737,99.83744221053648,105.59253503657108,53.188475491831774,50.21462610010428,0.03132794230100799
669923,George Kirby,SEA,190.2,31.0,31.0,757.0,172.0,179.0,71.0,74.0,19.0,6.0,22.0,3.351398679625874,3.3442012007390733,3.630514815710879,3.7158033315816246,0.22721268,0.02509908,0.10938053,,103.60738953256893,113.61215648047539,113.16391132616529,48.40608591150443,71.45426786902654,-0.8318319292035399
656756,Jordan Montgomery,- - -,188.2,32.0,32.0,777.0,166.0,177.0,67.0,75.0,48.0,4.0,18.0,3.1961131657541832,3.562460863002448,4.013504454609597,4.232973433673417,0.21364221,0.06177606,0.11358194,,99.11609362388414,101.96393636856766,100.8788540392927,45.16092528566541,53.09271451932946,0.04137278481012658
605483,Blake Snell,SDP,180.0,32.0,32.0,742.0,234.0,115.0,45.0,47.0,99.0,3.0,15.0,2.250000011920929,3.4383736938017386,3.6226100394729492,4.057019763956012,0.31536388,0.13342318,0.1533123,,98.0961920641835,100.68131640442533,105.08405859606994,67.27303963600907,43.681639216769575,0.08947514137146573
680694,Kyle Bradish,BAL,168.2,30.0,30.0,671.0,168.0,132.0,53.0,54.0,44.0,8.0,14.0,2.8280633157286936,3.2668980673198327,3.530786554270011,3.7584503675629026,0.25037258,0.06557377,0.10976533,,100.92335381231014,106.30914663330383,109.43325872023318,58.621168103709316,56.410089061317194,-0.3405673694171082
666200,Jesus Luzardo,MIA,178.2,32.0,32.0,741.0,208.0,162.0,71.0,79.0,55.0,6.0,22.0,3.576492645492082,3.5516821595144106,3.718418274657361,3.6907090824087274,0.28070175,0.07422402,0.14147157,,105.13911540671462,101.3299688754999,106.46647257080127,61.408167340462214,52.94004750948602,-0.23471433252845808
605400,Aaron Nola,PHI,193.2,32.0,32.0,793.0,202.0,178.0,96.0,105.0,45.0,1.0,32.0,4.461273812550852,4.029567063064928,3.631651953064402,3.752039282779126,0.25472888,0.05674653,0.11797027,,107.69778586353362,104.03937813315271,110.03063296960195,46.66271780939774,65.85658921575117,-0.4964682395764395
656302,Dylan Cease,CHW,177.0,33.0,33.0,784.0,214.0,172.0,90.0,98.0,79.0,9.0,19.0,4.576271309725209,3.723966925802246,4.075248166840165,4.099556928388007,0.27295918,0.10076531,0.1360711,,103.2715152713182,97.3831604094144,99.84322592389199,59.0904868303431,45.729778844822164,0.10682788794460181
673540,Kodai Senga,NYM,166.1,29.0,29.0,694.0,202.0,126.0,55.0,60.0,77.0,5.0,17.0,2.975951977745805,3.6337978839374454,3.7663191767930977,3.998979302274246,0.29106628,0.11095101,0.12522298,,101.28995542434475,92.74489790149042,96.05490563168755,49.73663036032823,53.920710788440935,0.20358853014627187
669203,Corbin Burnes,MIL,193.2,32.0,32.0,784.0,200.0,141.0,73.0,77.0,66.0,8.0,22.0,3.3924268948057885,3.8126995750815835,3.8043166232301284,4.022315412491031,0.25510204,0.08418367,0.1220383,,108.75805663720665,98.74775301132463,110.19613467018432,59.045538817635276,39.23085239144957,-0.15267513026052104
434378,Justin Verlander,- - -,162.1,27.0,27.0,669.0,144.0,139.0,58.0,63.0,45.0,5.0,18.0,3.215605755783656,3.8464161306756743,4.564140393913355,4.427296958402253,0.21524664,0.06726457,0.09904031,,104.75654447510367,98.83606025957583,102.88493488987118,41.89300114011517,58.70015461804223,-0.021805401151631473
669373,Tarik Skubal,DET,80.1,15.0,15.0,310.0,102.0,58.0,25.0,28.0,14.0,3.0,4.0,2.800829919851943,1.9977789288079761,2.5647634209741392,2.7706385788049825,0.32903226,0.04516129,0.14930271,,107.41438035251207,108.87949768402214,114.45039995777465,53.10765951599672,65.02176396226416,-0.725957670221493
622491,Luis Castillo,SEA,197.0,33.0,33.0,802.0,219.0,160.0,73.0,81.0,56.0,5.0,28.0,3.335025413000285,3.808339857239888,3.807006790572292,3.7367733762074966,0.27306733,0.06982544,0.14708632,,106.7342209211311,100.70207950984036,107.37451507210655,57.289240102138535,56.5256284423875,-0.33444745930418135
656605,Mitch Keller,PIT,194.1,32.0,32.0,825.0,210.0,187.0,91.0,97.0,55.0,12.0,25.0,4.214408281533808,3.8004949111974176,3.7020561852714597,3.825565993861125,0.25454545,0.06666667,0.09673286,,106.83912593861271,99.52645353096972,103.88523314508073,50.13406153260509,56.583783614697104,-0.39123250910294616
607192,Tyler Glasnow,TBR,120.0,21.0,21.0,485.0,162.0,93.0,47.0,52.0,37.0,1.0,13.0,3.525000084042551,2.9133736846844354,2.745054162800641,3.0758008365609246,0.33402062,0.07628866,0.16447714,,110.68177647695404,99.86479423269492,114.54259084754437,70.46882011035207,54.06671003152917,-0.4998673305307409
518876,Merrill Kelly,ARI,177.2,30.0,30.0,722.0,187.0,143.0,65.0,71.0,69.0,4.0,20.0,3.292682991635308,3.8460347426111,3.834343599507931,4.116648637272662,0.25900277,0.09556787,0.1202847,,96.0320686715736,102.82191204484823,100.12091701271754,43.900204214181294,59.03827872076023,-0.030619999999999963
593958,Eduardo Rodriguez,DET,152.2,26.0,26.0,621.0,143.0,128.0,56.0,59.0,48.0,3.0,15.0,3.30131013990665,3.6611539084538407,4.062482665975942,4.26315173875636,0.23027375,0.07729469,0.10412413,,95.5256389628031,99.77422901800145,95.12404761252029,40.2153870944515,59.46501094027955,0.22646323591698436
666129,Braxton Garrett,MIA,159.2,31.0,30.0,659.0,156.0,154.0,65.0,68.0,29.0,11.0,20.0,3.6638832137799007,3.680927639047555,3.419397973753624,3.6176678912484563,0.23672231,0.04400607,0.11182623,,102.53827628049957,99.08086213382322,101.6071646241617,48.27035897023331,55.92364699919549,-0.09123350362027353
676440,Tanner Bibee,CLE,142.0,25.0,25.0,585.0,141.0,122.0,47.0,49.0,45.0,5.0,13.0,2.978873319461267,3.5156037467785524,4.223324441099747,4.185945285010876,0.24102564,0.07692308,0.11134996,,101.51898348117979,97.72204120744139,97.89628885431301,51.3775495571797,53.09601576096303,0.013476423043852086
645261,Sandy Alcantara,MIA,184.2,28.0,28.0,762.0,151.0,176.0,85.0,91.0,48.0,5.0,22.0,4.142599399208919,4.029408613205405,4.002710768587575,4.237504411087933,0.19816273,0.06299213,0.12289068,,110.03614424051416,105.04933679193665,114.77587478764868,56.040111228604026,62.47950385697983,-0.789583134271586
571945,Miles Mikolas,STL,201.1,35.0,35.0,860.0,137.0,226.0,107.0,110.0,39.0,8.0,26.0,4.783112727689389,4.273252310874355,4.762415552727847,4.806336562777798,0.15930233,0.04534884,0.07317073,,92.7363367252808,108.05791921866117,98.05477782561175,34.48986106177607,68.38507995817244,-0.20603555019305014
669302,Logan Gilbert,SEA,190.2,32.0,32.0,770.0,189.0,169.0,79.0,82.0,36.0,2.0,29.0,3.729021066062592,3.847697715988031,3.7607956983710915,3.776583167201096,0.24545455,0.04675325,0.12140903,,100.87072703271437,107.80254884629726,108.52175203197693,51.88542951778387,56.59552594391244,-0.22768605335157313
642547,Freddy Peralta,MIL,165.2,30.0,30.0,680.0,210.0,131.0,71.0,77.0,54.0,6.0,26.0,3.857142938557424,3.846589667757833,3.4231066656999745,3.4498250670267234,0.30882353,0.07941176,0.14406481,,102.33731735248551,106.99316497512373,108.0950526505079,55.388395357520245,55.576835780204284,-0.2710614230362804
621244,Jose Berrios,TOR,189.2,32.0,32.0,782.0,184.0,173.0,77.0,82.0,52.0,9.0,25.0,3.6537786813537747,3.993177466841267,4.005639579467044,4.076863510659641,0.23529412,0.06649616,0.10956108,,95.01178103846061,107.6744938479247,103.96905397312456,48.53694414766928,58.5924803402518,-0.2812962266076896
676272,Bobby Miller,LAD,124.1,22.0,22.0,505.0,119.0,105.0,52.0,53.0,32.0,6.0,12.0,3.7640751921343805,3.5124130222071135,3.747067693082271,3.9331005052980967,0.23564356,0.06336634,0.11314985,,109.3633899927074,107.2545815031719,115.12939023367741,66.69624700305809,58.54169585117228,-0.7909258715596329
607625,Seth Lugo,SDP,146.1,26.0,26.0,604.0,140.0,140.0,58.0,62.0,36.0,3.0,19.0,3.5671982319216795,3.8290722588867663,3.7568351335163017,3.970865363186414,0.23178808,0.05960265,0.08999159,,98.64808393765868,105.24633066740166,103.62553942045872,43.09373425567703,56.87722362910009,-0.08782151387720774
656945,Tanner Scott,MIA,78.0,74.0,0.0,307.0,104.0,53.0,20.0,22.0,24.0,4.0,3.0,2.3076926013069414,2.165296631102126,2.6615471100832977,2.6621485441746113,0.33876221,0.0781759,0.17384106,,123.7289024683926,99.53323901264302,122.67488862131248,73.37426679798827,60.140909815590916,-1.1060155993294216
642585,Felix Bautista,BAL,61.0,56.0,0.0,237.0,110.0,30.0,10.0,14.0,26.0,2.0,4.0,1.475409932656821,1.8779910890173708,2.2994260745691895,2.0575454561125106,0.46413502,0.10970464,0.20850202,,126.51884160284415,95.41334810826875,126.6971468268664,80.0,35.80774146417445,-0.7315446728971965
543294,Kyle Hendricks,CHC,137.0,24.0,24.0,578.0,93.0,138.0,57.0,68.0,27.0,4.0,13.0,3.744525677775838,3.80978490435275,4.422652212942147,4.631441776697011,0.16089965,0.0467128,0.09232955,,89.11437170052122,103.7633586832177,96.63759881205084,37.940840838068176,60.75999575757575,0.06583180397727273
573186,Marcus Stroman,CHC,136.2,27.0,25.0,575.0,119.0,120.0,60.0,68.0,52.0,3.0,9.0,3.951219613292545,3.5769915872468334,3.7854912585397114,4.215226835505856,0.20695652,0.09043478,0.0923913,,98.54958095433435,100.58931413428634,101.58515701218207,42.686389956161726,47.74485655138822,0.1272293813930833
450203,Charlie Morton,ATL,163.1,30.0,30.0,716.0,183.0,150.0,66.0,70.0,83.0,12.0,14.0,3.636734828361125,3.8734077293025813,4.267383731658652,4.442659821253432,0.25558659,0.11592179,0.12583246,,98.73411556060027,95.67751858945965,94.3077380368729,49.37181133193129,45.958171160182275,0.31368791447599015
502043,Kyle Gibson,BAL,192.0,33.0,33.0,807.0,157.0,198.0,101.0,101.0,55.0,6.0,23.0,4.7343751410953745,4.1300403855741035,4.131377195327337,4.398557391829074,0.19454771,0.06815366,0.10562685,,92.97467866934132,100.62419189472254,97.82071422837747,48.38135897972973,51.47606658783785,0.32793832094594594
608379,Michael Wacha,SDP,134.1,24.0,24.0,553.0,124.0,113.0,48.0,49.0,43.0,3.0,15.0,3.215880946571517,3.8877947124104475,4.466973675367633,4.426498611391903,0.22423146,0.07775769,0.10741573,,98.13701567475876,102.51825890768279,99.33226421700058,47.91949332134831,59.89880738876404,-0.20170271910112353
605135,Chris Bassitt,TOR,200.0,33.0,33.0,826.0,186.0,176.0,80.0,88.0,59.0,12.0,28.0,3.6000000858306906,4.280040383934976,4.212593241514036,4.247488615404764,0.2251816,0.07142857,0.09390863,,97.98081800676684,99.48008384643995,95.94785257039719,43.6543048604061,54.82368567258882,0.0643297176395939
650644,Aaron Civale,- - -,122.1,23.0,23.0,504.0,116.0,109.0,47.0,47.0,33.0,5.0,12.0,3.4577657843830285,3.565667072987744,4.101491083153872,4.1534538367491365,0.23015873,0.06547619,0.1,,108.15454357688171,102.61834380283054,105.51042462162751,41.0320695721393,57.2254831840796,-0.1156504129353234
579328,Yusei Kikuchi,TOR,167.2,32.0,32.0,700.0,181.0,165.0,72.0,78.0,48.0,4.0,27.0,3.8648112577696043,4.119851520572059,3.7717993847961755,3.859037500901649,0.25857143,0.06857143,0.12242725,,98.36452049956789,104.55817164423563,104.45804559625653,60.16448229950322,54.52353482611781,-0.27161409510290985
641927,Bailey Ober,MIN,144.1,26.0,26.0,577.0,146.0,125.0,55.0,58.0,29.0,7.0,22.0,3.4295612537985942,3.961737829976781,4.202501623062788,3.865742156373402,0.25303293,0.05025997,0.13837559,,100.95788650310111,105.04786652065366,103.42178309831435,44.65721235926084,61.63776092393638,-0.19661613235926084
477132,Clayton Kershaw,LAD,131.2,24.0,24.0,523.0,137.0,100.0,36.0,39.0,40.0,3.0,19.0,2.460759523376749,4.029723913152713,3.572727058494383,3.818426813513587,0.26195029,0.07648184,0.13159192,,108.5936758768167,94.3671304347673,103.6444594825537,44.36404303104978,53.10883936914737,0.25881881222276976
506433,Yu Darvish,SDP,136.1,24.0,24.0,574.0,141.0,134.0,69.0,71.0,43.0,8.0,18.0,4.555012331149102,4.025211526599576,3.9217576117816884,4.042739774586907,0.2456446,0.07491289,0.10680487,,104.11845848246884,100.98366354137876,106.38226388586155,54.8114196484903,57.82721528616494,-0.3633030959891843
676710,Kutter Crawford,BOS,129.1,31.0,23.0,527.0,135.0,107.0,58.0,59.0,36.0,5.0,17.0,4.036082664574142,3.827205334934784,4.317229855566322,3.9359198405623115,0.25616698,0.0683112,0.1247619,,101.49167960213923,101.27799826779675,102.21983595546322,46.34505604761904,53.19725782857144,-0.10771433333333327
672282,Reid Detmers,LAA,148.2,28.0,28.0,644.0,168.0,141.0,74.0,81.0,60.0,13.0,19.0,4.4798207906478265,4.129479853167067,4.26967930315078,4.143037209648087,0.26086957,0.0931677,0.12221368,,102.1755422014146,100.37628033473345,101.79023448681018,42.5680167179093,51.51218398923905,0.19230333973866262
592836,Taijuan Walker,PHI,172.2,31.0,31.0,733.0,138.0,155.0,84.0,87.0,71.0,8.0,20.0,4.378378516925128,4.53496317992095,4.829346180023616,4.967558250286752,0.18826739,0.09686221,0.08418457,,92.2636351278914,98.26218958921426,94.62021327858359,41.64692123282846,49.76140488904543,0.46689292356463535
624133,Ranger Suarez,PHI,125.0,22.0,22.0,540.0,119.0,129.0,58.0,59.0,48.0,2.0,13.0,4.176000159301764,3.9030403842163097,4.04567037522812,4.378073064158974,0.22037037,0.08888889,0.09387352,,99.71000972004256,105.91701315947694,105.84091195968583,44.138193196640316,56.557297297430836,-0.1238739229249012
543135,Nathan Eovaldi,TEX,144.0,25.0,25.0,577.0,132.0,117.0,58.0,59.0,47.0,6.0,15.0,3.625000096029708,3.8800403760539166,3.9610748868378542,4.175416759090963,0.2287695,0.08145581,0.11498881,,100.13699007298489,96.40889880135333,98.12476366334566,48.12847506935122,54.97441660402684,0.11575587919463089
657746,Joe Ryan,MIN,161.2,29.0,29.0,672.0,197.0,155.0,81.0,83.0,34.0,6.0,32.0,4.509278421449617,4.133390888778067,3.7589823907189253,3.4394628090904025,0.29315476,0.05059524,0.13780261,,102.4300482486938,106.72455049195527,105.79702051856773,44.57514734450651,64.96996638361266,-0.3377693705772811
670280,David Bednar,PIT,67.1,66.0,0.0,277.0,80.0,53.0,15.0,22.0,21.0,3.0,3.0,2.0049506234279617,2.527317540623218,3.8633785688668763,3.279657071065309,0.28880866,0.07581227,0.16094033,,107.58897486699686,101.93624456849335,107.02727386849068,51.050475045955885,49.670685165441185,-0.06406845588235298
660271,Shohei Ohtani,LAA,132.0,23.0,23.0,531.0,167.0,85.0,46.0,50.0,55.0,11.0,18.0,3.1363636590232535,3.997464607285184,3.577479675664608,3.663227650638675,0.31450094,0.10357815,0.12923224,,119.49249361206253,88.27711915149445,107.17157273243318,66.4479474201597,50.758355269461084,-0.38217189121756495
663776,Patrick Sandoval,LAA,144.2,28.0,28.0,652.0,128.0,145.0,66.0,89.0,74.0,4.0,12.0,4.105990936793152,4.181307675204616,4.611554913775157,5.002070072125967,0.19631902,0.11349693,0.12,,102.25893294618757,96.48211359494908,99.42737425728502,50.06073078476191,48.68139926095238,0.2598832952380953
650633,Michael King,NYY,104.2,49.0,9.0,431.0,127.0,88.0,32.0,35.0,32.0,5.0,10.0,2.7515927063794874,3.1308365220563297,3.373655644042654,3.2868240516550005,0.29466357,0.07424594,0.11652794,,104.62462500550494,101.96547061366492,106.872010986453,60.7251379429251,55.90999452437574,-0.45063766349583817
666142,Cole Ragans,- - -,96.0,29.0,12.0,392.0,113.0,70.0,37.0,40.0,41.0,2.0,7.0,3.4687502509041406,3.192540354976275,3.7085289244424664,3.8539437795441533,0.28826531,0.10459184,0.14114682,,109.27266213763936,97.98210864950035,105.85726843143333,59.83469721125917,53.42364064149263,-0.32641001567614913
453286,Max Scherzer,- - -,152.2,27.0,27.0,621.0,174.0,126.0,64.0,65.0,45.0,4.0,28.0,3.7729258270417896,4.322725966802299,4.017770962323361,3.77318889934887,0.28019324,0.07246377,0.13325233,,104.84730850439264,103.03911078652692,106.18528492950614,50.58596758498702,60.64546289817945,-0.3131355202219747
605182,Mike Clevinger,CHW,131.1,24.0,24.0,549.0,110.0,121.0,55.0,56.0,40.0,9.0,16.0,3.7690355968553986,4.282959158639452,5.154052513654668,4.809458488664788,0.2003643,0.07285974,0.09786223,,99.64704778527945,98.26778069262852,96.94724667560946,48.908340964370545,56.44767185273159,-0.014700950118764851
671096,Andrew Abbott,CIN,109.1,21.0,21.0,459.0,120.0,100.0,47.0,47.0,44.0,1.0,16.0,3.868902619008442,4.197113574054682,4.562992521799875,4.334956211035037,0.26143791,0.09586057,0.10906217,,90.11146783371117,102.84004877618969,93.07854148045354,47.680326253951534,53.02931113277133,0.19228383034773447
605397,Joe Musgrove,SDP,97.1,17.0,17.0,399.0,97.0,90.0,33.0,35.0,21.0,9.0,10.0,3.0513699028768917,3.522163650658011,3.698344880030476,3.7680459679800413,0.24310777,0.05263158,0.11368015,,103.53797680134448,103.82310890878627,104.67929784560391,45.33835796403339,58.28012863198458,-0.17308599229287094
519242,Chris Sale,BOS,102.2,20.0,20.0,425.0,125.0,87.0,49.0,52.0,29.0,8.0,15.0,4.295454651856228,3.800494918462941,3.720904801520947,3.505359899945017,0.29411765,0.06823529,0.13157895,,102.85647702053642,104.05870240039421,102.3290447753944,46.41266749401913,57.71240843899522,-0.25071350478468896
669456,Shane Bieber,CLE,128.0,21.0,21.0,533.0,107.0,124.0,54.0,56.0,34.0,3.0,14.0,3.7968751131556964,3.872227877890692,3.961619718149807,4.29110938888587,0.20075047,0.06378987,0.10475217,,91.17119812909496,98.51204783269921,91.0757943967005,46.14761937433155,55.383037791443854,0.35624108556149736
666374,Matt Brash,SEA,70.2,78.0,0.0,308.0,107.0,65.0,24.0,26.0,29.0,6.0,3.0,3.0566044662423852,2.26447409728889,3.0461872457795525,2.855313285792175,0.3474026,0.09415584,0.15467075,,118.30597398236995,92.25568393574135,111.43725873204748,77.8906417158385,46.50047347049688,-0.3966734782608698
664299,Cristian Javier,HOU,162.0,31.0,31.0,687.0,159.0,143.0,82.0,85.0,62.0,7.0,25.0,4.555555662827566,4.576028044924034,5.1621474754129135,4.761381437017418,0.23144105,0.09024745,0.11399861,,98.43978293215964,101.05152874768365,100.49219193361812,44.63619880171185,45.48772751783167,0.41693246077032803
621381,Matt Strahm,PHI,87.2,56.0,10.0,351.0,108.0,68.0,32.0,34.0,21.0,3.0,11.0,3.2851714994962697,3.2436335140127084,3.517266936598342,3.0975744512427905,0.30769231,0.05982906,0.13094367,,113.81076440478235,97.8486798325454,108.77492393635038,54.97308712805328,64.31481940044412,-0.829700414507772
571927,Steven Matz,STL,105.0,25.0,17.0,449.0,98.0,108.0,45.0,48.0,32.0,3.0,11.0,3.857143067340473,3.7502784817235018,3.9629944494585723,4.186833991795389,0.21826281,0.07126949,0.10658811,,97.33849858788075,106.50692560344652,100.8223826828737,44.3348331315355,59.91783127132635,-0.13300930654925702
641540,Dane Dunning,TEX,172.2,35.0,26.0,722.0,140.0,163.0,71.0,73.0,55.0,10.0,20.0,3.7007723376785817,4.268553910504507,4.39057977315495,4.516995987420202,0.19390582,0.07617729,0.09673832,,91.35066171220976,98.68684314922217,91.54352048626875,41.26125376945887,54.171828302446265,0.32099724981467753
668881,Hunter Greene,CIN,112.0,22.0,22.0,498.0,152.0,111.0,60.0,65.0,48.0,8.0,19.0,4.821428735645456,4.246111821824192,4.0041098785402784,3.7364476302731995,0.30522088,0.09638554,0.13425705,,112.19317192598884,102.1469487624867,112.93679279750255,56.470304907914375,57.145089472374316,-0.4491162568442011
663903,Brady Singer,KCR,159.2,29.0,29.0,702.0,133.0,182.0,98.0,102.0,49.0,8.0,20.0,5.524008504704531,4.288443311057442,4.27543416841645,4.459154972839422,0.18945869,0.06980057,0.09560229,,88.88879491952684,100.5341488015111,91.7337031573693,45.41110006118547,54.575591678776284,0.08882560611854685
666808,Camilo Doval,SFG,67.2,69.0,0.0,281.0,87.0,51.0,22.0,32.0,26.0,8.0,3.0,2.926108794943527,2.767355560339816,3.3638219148797273,3.1215504647276,0.30960854,0.09252669,0.14847162,,116.21230127604,98.54845900577693,116.79339771452136,66.18059931004369,51.0930591004367,-0.5031883668122272
680570,Grayson Rodriguez,BAL,122.0,23.0,23.0,515.0,129.0,121.0,59.0,62.0,42.0,2.0,16.0,4.352459186509367,3.92717153330831,3.780740803849519,4.008468249930484,0.25048544,0.0815534,0.12119772,,113.05208377153953,101.01809248847178,112.10226802038673,62.82975533745247,57.683933155893534,-0.8099853659695816
657376,Clarke Schmidt,NYY,159.0,33.0,32.0,694.0,149.0,169.0,82.0,91.0,46.0,11.0,24.0,4.6415097140977455,4.418562442299351,4.35921257062218,4.294318577259817,0.21469741,0.06628242,0.10169492,,103.21131564592065,102.36700446364607,103.44338426395333,53.684174285187915,53.27138322402358,-0.36071670965364766
608331,Max Fried,ATL,77.2,14.0,14.0,311.0,80.0,70.0,22.0,24.0,18.0,2.0,7.0,2.5493562753488326,3.139160528799396,3.095739621808074,3.384265630020419,0.25723473,0.05787781,0.11655949,,101.28017378439134,101.31550605500674,104.36866739232177,52.67619294754372,49.31753107410492,0.05549054121565364
663556,Shane McClanahan,TBR,115.0,21.0,21.0,469.0,121.0,95.0,42.0,42.0,41.0,0.0,15.0,3.28695657625541,3.915909935675407,3.8448555709870416,4.0568370235967475,0.25799574,0.08742004,0.15642151,,112.71476363545848,102.81032023318475,115.286459710558,66.36470783861671,58.01697210374639,-0.8108593371757925
601713,Nick Pivetta,BOS,142.2,38.0,16.0,587.0,183.0,110.0,64.0,69.0,50.0,6.0,23.0,4.03738336508343,3.9629843176106583,3.547582459458513,3.3625011767888076,0.31175468,0.08517888,0.13050776,,102.39190738025098,100.68446671676313,103.23265118310547,55.317764464960135,55.52406526227445,-0.35514759546789754
686613,Hunter Brown,HOU,155.2,31.0,29.0,665.0,178.0,157.0,88.0,94.0,55.0,9.0,26.0,5.087794609177053,4.372813417573847,3.5185239927757923,3.7363281779134336,0.26766917,0.08270677,0.10605505,,98.66772497791098,99.38667922826663,99.84376121647092,47.56900811009173,54.84700998899083,0.1442959779816514
502171,Alex Cobb,SFG,151.1,28.0,28.0,646.0,131.0,163.0,65.0,69.0,37.0,6.0,19.0,3.8656388720821293,4.008344344825896,3.512409853821396,3.8075650033360047,0.20278638,0.05727554,0.08569151,,99.11712562954125,107.43412633395216,108.74683709710199,44.503285412514934,59.346741944998016,0.029703144679155045
682243,Bryce Miller,SEA,131.1,25.0,25.0,537.0,119.0,124.0,63.0,64.0,26.0,7.0,18.0,4.317259050447069,3.978390641318008,4.311612187194702,4.168763737464846,0.22160149,0.04841713,0.11408115,,102.455108199303,106.5775016497118,107.9851579688567,53.08779041050119,58.72466849164678,-0.5725022673031026
642207,Devin Williams,MIL,58.2,61.0,0.0,231.0,87.0,26.0,10.0,13.0,28.0,1.0,4.0,1.534091005205714,2.6584494130281815,2.7866425428019346,2.930693930541185,0.37662338,0.12121212,0.17789474,,109.6776213973252,102.54914062295535,116.2387285982878,79.35403068421053,57.241052757894735,-0.850082642105263
670912,Johan Oviedo,PIT,177.2,32.0,32.0,781.0,158.0,161.0,85.0,91.0,83.0,13.0,19.0,4.305816266056076,4.487685800368025,4.865566674435469,4.918656297479016,0.20230474,0.10627401,0.111334,,93.48641802521861,96.62166483428062,92.43590800675466,47.6131976228686,43.39627830825811,0.5753333767970578
693821,Bryce Elder,ATL,174.2,31.0,31.0,732.0,128.0,160.0,74.0,79.0,63.0,8.0,19.0,3.812977217209453,4.422979326930597,4.494980619445529,4.811606268369194,0.17486339,0.08606557,0.09891266,,87.80160305735507,103.5481951415512,93.62280382728196,38.36556684321292,48.388133879340586,0.6014635741844967
650911,Cristopher Sanchez,PHI,99.1,19.0,18.0,396.0,96.0,88.0,38.0,44.0,16.0,3.0,16.0,3.4429530642074617,3.9899396977635755,3.0943825683573554,3.3299982146555642,0.24242424,0.04040404,0.11575342,,108.86955449010655,93.83003805175039,103.30125814307459,54.930509999999984,58.20737140410958,-0.3959383630136987
682227,Brandon Williamson,CIN,117.0,23.0,23.0,491.0,98.0,111.0,58.0,63.0,39.0,2.0,18.0,4.4615386797361465,4.631108802863967,4.722528120023993,4.716143816811559,0.19959267,0.07942974,0.09278351,,99.28419870605818,98.55432843012834,96.81440405827155,42.830149680412354,51.21422062371134,0.3869302268041237
656427,Jack Flaherty,- - -,144.1,29.0,27.0,650.0,148.0,162.0,80.0,83.0,66.0,12.0,17.0,4.988452831680715,4.356657026493229,4.360461657315404,4.533825023435094,0.22769231,0.10153846,0.10740038,,97.50707004090727,99.64944114728438,99.2601372122259,47.66644305502846,51.578877085388996,0.15547333206831115
656288,Griffin Canning,LAA,127.0,24.0,22.0,536.0,139.0,121.0,61.0,62.0,36.0,5.0,22.0,4.32283477551422,4.28653645347223,3.818104866891456,3.80145355536125,0.25932836,0.06716418,0.12752294,,94.35109410536127,108.5547746559167,103.92700036186122,51.13033509343557,55.414514868231926,0.07187586487781504
661403,Emmanuel Clase,CLE,72.2,75.0,0.0,302.0,64.0,68.0,26.0,37.0,16.0,1.0,4.0,3.220183651762962,2.91100364456513,3.4467974308298075,3.4302135578598794,0.21192053,0.05298013,0.13422222,,133.47208476804,97.01571822681257,129.05589020325755,68.41728331838567,52.762270475336315,-1.1883464484304935
547179,Michael Lorenzen,- - -,153.0,29.0,25.0,624.0,111.0,138.0,71.0,76.0,47.0,2.0,20.0,4.176470693179345,4.464190716677319,4.677545365497011,4.866234863749237,0.17788462,0.07532051,0.09413255,,94.8767541508049,103.17133084790456,97.27431770656126,48.81936628957366,55.64811619248628,-0.02898760658505695
547973,Aroldis Chapman,- - -,58.1,61.0,0.0,249.0,103.0,37.0,20.0,24.0,36.0,1.0,4.0,3.085714466484236,2.51789745917028,2.590136771418906,2.9527122682719957,0.41365462,0.14457831,0.17472853,,117.68240528503705,99.05275137994978,118.50328376635977,79.77988741362289,47.91144427443238,-0.9857873247778876
605288,Adrian Houser,MIL,111.1,23.0,21.0,481.0,96.0,121.0,51.0,56.0,34.0,1.0,13.0,4.122754573420227,3.9915673203259567,4.300210431906821,4.448928291041737,0.1995842,0.07068607,0.07208176,,89.82236085230952,109.24041580065776,98.52694858084588,36.106673130715436,54.15545548682086,0.19934079074771385
623352,Josh Hader,SDP,56.1,61.0,0.0,231.0,85.0,32.0,8.0,11.0,30.0,3.0,3.0,1.2781066114272077,2.6869929766405343,3.5208562010396536,3.1494947348843016,0.36796537,0.12987013,0.1569378,,112.31636636029371,98.6732379161426,109.59134559307218,73.58105311890837,45.74061491228069,-0.5511606140350875
666974,Yennier Cano,BAL,72.2,72.0,0.0,283.0,65.0,60.0,17.0,19.0,13.0,3.0,4.0,2.1055050166120064,2.8421962385927557,3.013949279185297,2.9755802722566207,0.22968198,0.0459364,0.11886051,,114.2278007232021,109.08293202655108,122.04174845678725,63.44968465618861,62.874001227897836,-0.9373670923379174
664747,Alexis Diaz,CIN,67.1,71.0,0.0,286.0,86.0,44.0,23.0,30.0,36.0,10.0,4.0,3.074257806283162,3.5223671252608235,4.198818993395843,3.7582173760947732,0.3006993,0.12587413,0.14665523,,91.90906583820014,99.33642277429485,94.55110382321924,71.38024420240136,36.5360338250429,0.5196927101200683
592351,Jon Gray,TEX,157.1,29.0,29.0,656.0,142.0,149.0,72.0,75.0,54.0,9.0,22.0,4.118644175978787,4.469023442231558,4.364127269310224,4.48485025845474,0.21646341,0.08231707,0.12156536,,96.17407881872096,103.06748899885754,99.1132529045094,44.53008027893423,56.14945951290592,0.14364606994171528
671106,Logan Allen,CLE,125.1,24.0,24.0,537.0,119.0,127.0,53.0,55.0,48.0,1.0,16.0,3.805851131401057,4.188551014369028,4.283464180485281,4.493150727705736,0.22160149,0.08938547,0.10777882,,92.3720507588349,103.46829628976204,95.51169254125396,48.06188936269916,57.96599547797563,-0.117182160262418
628317,Kenta Maeda,MIN,104.1,21.0,20.0,428.0,117.0,94.0,49.0,50.0,28.0,3.0,17.0,4.226837112217584,4.021813531781439,3.9795363405390183,3.760014380210399,0.27336449,0.06542056,0.12808461,,90.42073294508079,108.16301582279839,101.26796014600363,43.52501388954172,58.06348784958872,-0.06807103407755581
518585,Fernando Cruz,CIN,66.0,58.0,2.0,279.0,98.0,52.0,36.0,39.0,28.0,2.0,6.0,4.90909164281927,2.8307978718460225,3.502737817614304,2.98339316692596,0.35125448,0.10035842,0.16399287,,103.00445631473765,89.06842681984114,95.7717788029911,55.20240347905284,38.38759736794171,0.27269341530054636
665152,Dean Kremer,BAL,172.2,32.0,32.0,735.0,157.0,171.0,79.0,85.0,55.0,5.0,27.0,4.1177607466390835,4.511797155588042,4.336605491415611,4.442283971157732,0.21360544,0.07482993,0.10160245,,102.0129094027695,98.46582584584728,100.91732355992964,47.839913801568365,53.229130112512784,0.09822386293897034
678394,Brayan Bello,BOS,157.0,28.0,28.0,668.0,132.0,165.0,74.0,77.0,45.0,6.0,24.0,4.242038319631159,4.535295167674041,4.022360413510512,4.176634534564623,0.19760479,0.06736527,0.1071701,,102.00537386441346,103.19573526023123,106.2869258238079,51.94906162852785,52.70692937452325,0.045787498093058744
680686,Josiah Gray,WSN,159.0,30.0,30.0,698.0,143.0,152.0,69.0,72.0,80.0,9.0,22.0,3.9056604476363783,4.934285672732035,5.121645330219538,5.077640178201232,0.20487106,0.11461318,0.11016347,,90.90260203832585,93.03555574284178,84.09719242007812,36.71756619047619,44.060852647476906,0.9490474378109452
605280,Clay Holmes,NYY,63.0,66.0,0.0,262.0,71.0,51.0,20.0,22.0,23.0,3.0,2.0,2.8571431342166296,2.6518656978291153,2.9739903181246072,2.972133495910181,0.27099237,0.08778626,0.10731707,,119.35927303135885,96.39854085946571,113.55340543554007,60.16838903414634,44.90559742439025,-0.014747073170731734
671345,Jason Foley,DET,69.0,70.0,0.0,276.0,55.0,65.0,20.0,21.0,15.0,1.0,2.0,2.608696111884676,2.7333011371201352,3.5066474210765404,3.468161368298421,0.19927536,0.05434783,0.07251908,,112.246650420826,107.73634969661383,118.98834521432764,53.982320288739174,57.98805063522619,-0.7783985370548603
592791,Jameson Taillon,CHC,154.1,30.0,29.0,655.0,140.0,156.0,83.0,96.0,41.0,5.0,27.0,4.840172975600485,4.609252075561999,4.4882393443291555,4.344659043762961,0.21374046,0.06259542,0.09629045,,99.30140353490012,105.64994329356438,103.1791376948487,45.37485276637726,60.985147474348864,-0.26413315311760055
500779,Jose Quintana,NYM,75.2,13.0,13.0,319.0,60.0,75.0,30.0,33.0,24.0,1.0,5.0,3.5682820132814737,3.5193575456660686,4.473915216526268,4.715419462329914,0.18808777,0.07523511,0.08935825,,87.47592046173688,105.39031042533962,93.004156783903,34.55862277822908,49.38139772542648,0.6421905280259951
681857,Reese Olson,DET,103.2,21.0,18.0,422.0,103.0,83.0,46.0,49.0,33.0,1.0,14.0,3.99356930327943,4.007451967361311,3.9104929510844446,4.057242624743406,0.24407583,0.07819905,0.11869266,,97.50162794261179,103.95109395373805,99.50223635077101,47.698466559633026,51.90379163417431,0.0826231766055046
656546,Jeff Hoffman,PHI,52.1,54.0,0.0,208.0,69.0,29.0,14.0,16.0,19.0,2.0,3.0,2.407643798379572,2.5671421313886214,3.2435912284156556,2.991875402342694,0.33173077,0.09134615,0.15825688,,112.30569536115344,90.90998488126634,102.71040693211503,67.27761698394498,43.8742725,-0.08670194954128435
666619,Gregory Santos,CHW,66.1,60.0,0.0,289.0,66.0,69.0,25.0,29.0,17.0,5.0,2.0,3.391960426352001,2.652025172590048,3.306911328878332,3.3150198287906507,0.2283737,0.05882353,0.13441373,,110.58372047384883,108.30700498494498,118.81906042762057,64.00237904671116,58.70921656816018,-0.93964360343184
650556,Bryan Abreu,HOU,72.0,72.0,0.0,287.0,100.0,44.0,14.0,17.0,31.0,3.0,6.0,1.7500001209684628,2.977262562517949,3.2946855982230585,3.0419435663094467,0.34843206,0.10801394,0.1683087,,113.67121805982974,89.26085084104919,105.19401679571062,70.34240788107206,45.11672278894473,-0.1621026549413735
691587,Eury Perez,MIA,91.1,19.0,19.0,374.0,108.0,72.0,32.0,35.0,31.0,2.0,15.0,3.153284782313842,4.109054988040403,4.236817429504472,3.9375677146383588,0.28877005,0.0828877,0.15669701,,110.90658067248756,98.0508764005269,109.75131671869376,62.78152490897269,50.48108694408323,-0.21065585825747735
621112,Paul Blackburn,OAK,103.2,21.0,20.0,464.0,104.0,117.0,51.0,54.0,43.0,3.0,11.0,4.427652841737332,3.9592204410805683,4.334159610418505,4.501420894336308,0.22413793,0.09267241,0.10127932,,89.87909886866301,102.5606459735826,95.68261420004684,37.83154937100214,49.48463449893391,0.5691586300639659
664854,Ryan Helsley,STL,36.2,33.0,0.0,146.0,52.0,22.0,10.0,11.0,17.0,1.0,1.0,2.4545458961125055,2.2459492688730407,3.2441463380419044,3.075491249330961,0.35616438,0.11643836,0.15901639,,124.25453429494002,100.01161280249805,122.90255677382726,74.69942822222221,52.91443051282052,-1.016201418803419
640470,Adbert Alzolay,CHC,64.0,58.0,0.0,253.0,67.0,52.0,19.0,23.0,13.0,5.0,5.0,2.671875296116956,3.020665333521899,3.5550576620754404,3.2125548986562116,0.26482213,0.0513834,0.13429752,,105.98132535718418,97.42527968983771,103.25309011035772,50.835607825630255,57.40041650210084,-0.0537284243697479
455119,Chris Martin,BOS,51.1,55.0,0.0,199.0,46.0,45.0,6.0,6.0,8.0,0.0,2.0,1.0519481231991816,2.4368584858977074,2.896609542073603,3.0831251067571332,0.23115578,0.04020101,0.11325967,,112.11217050337632,109.77991766421114,115.05959975445056,47.10382912429379,73.15527072033898,-0.9958055932203391
656234,Jake Bird,COL,89.1,70.0,3.0,381.0,77.0,94.0,43.0,47.0,27.0,7.0,6.0,4.332090288819445,3.5460851851025113,4.00550309475873,3.854774976114003,0.20209974,0.07086614,0.08692529,,103.70813505747124,94.39287212643676,92.40198850574713,39.475788579710155,49.7960486521739,0.35846099275362325
594798,Jacob deGrom,TEX,30.1,6.0,6.0,115.0,45.0,19.0,9.0,11.0,4.0,0.0,2.0,2.670329782269228,1.5407545733489243,2.31879480217858,2.246049668951895,0.39130435,0.03478261,0.20399113,,123.50792781161415,105.50954222683768,128.97239439782203,71.84019666666667,61.91198735449735,-1.322027037037037
656876,Drew Rasmussen,TBR,44.2,8.0,8.0,177.0,47.0,36.0,13.0,13.0,11.0,1.0,2.0,2.619403078285725,2.538622423555675,3.1040083624611325,3.468599717345813,0.26553672,0.06214689,0.10487445,,115.95899633248425,103.92622404778717,115.23521770667674,60.866424135893645,63.03300264401773,-1.3737007828655836
668933,Graham Ashcraft,CIN,145.2,26.0,26.0,624.0,111.0,148.0,77.0,78.0,52.0,10.0,23.0,4.757437185143026,5.060532393685549,4.574234043648653,4.797093679479891,0.17788462,0.08333333,0.09630267,,111.49777400232087,97.42176594231155,106.56851308568086,56.29767748925193,44.07480277300086,-0.16025255803955288
660813,Brusdar Graterol,LAD,67.1,68.0,1.0,257.0,48.0,53.0,9.0,14.0,12.0,2.0,3.0,1.2029704480666705,3.032268054299539,3.5334682732735168,3.3050679455143213,0.18677043,0.04669261,0.07750269,,121.89667073316593,105.9535553163497,124.24725846190644,56.551120731969874,64.2657385898816,-0.8467664370290635
605540,Brandon Woodruff,MIL,67.0,11.0,11.0,253.0,74.0,40.0,17.0,17.0,15.0,3.0,9.0,2.2835821220566213,3.5983239464729024,3.628791503390286,3.445838481204433,0.29249012,0.05928854,0.12547893,,108.30554055949715,107.04658782225391,113.7797730410027,53.667473553639844,63.99773062260538,-0.7551805651340996
621345,A.J. Minter,ATL,64.2,70.0,0.0,260.0,82.0,56.0,27.0,28.0,21.0,0.0,6.0,3.7577324217283543,2.89937021258451,3.380626185702269,3.0605022008673273,0.31538462,0.08076923,0.14258912,,117.87246605353835,99.98276927981952,113.81224151123867,65.03159811483253,56.93397722488037,-0.8027036076555024
543056,Danny Coulombe,BAL,51.1,61.0,0.0,210.0,58.0,45.0,16.0,17.0,12.0,2.0,4.0,2.80519583392571,2.8264687737584206,3.456097695270849,3.1539955779580784,0.27619048,0.05714286,0.125,,109.05683335888868,90.22435102468445,105.79914218579202,56.81121585042217,32.42103518697226,0.33077312424607974
607259,Nick Martinez,SDP,110.1,63.0,9.0,461.0,106.0,99.0,42.0,45.0,40.0,3.0,12.0,3.425982033822529,3.9166718104733795,3.7914897880426492,3.9148846946793165,0.22993492,0.0867679,0.12664005,,101.70531906301217,103.2031986832968,103.83656931393382,47.75916917675543,56.131992342615,-0.13084990314769976
664126,Pete Fairbanks,TBR,45.1,49.0,0.0,184.0,68.0,26.0,13.0,14.0,20.0,4.0,3.0,2.580882669655342,2.7035697035878092,2.8279924546649293,2.8178500618957747,0.36956522,0.10869565,0.12907609,,136.3735575828157,86.95161070134576,120.30414583333337,67.59804693793102,56.455022468965524,-0.8747388827586208
657571,Caleb Ferguson,LAD,60.1,68.0,7.0,270.0,70.0,64.0,23.0,30.0,23.0,8.0,4.0,3.430939895381064,3.3379133038299464,3.6817942080044217,3.5517679786681637,0.25925926,0.08518519,0.11340206,,107.06105963894176,96.1099935229211,100.30759684485534,63.684590541825095,60.71510731939165,-0.7971457224334598
641585,J.P. France,HOU,136.1,24.0,23.0,581.0,101.0,138.0,58.0,64.0,47.0,2.0,19.0,3.8288509985907817,4.66335337047299,4.804108625499059,4.956155973341084,0.17383821,0.08089501,0.09111514,,93.94241958741559,103.30504343127107,100.41720910428793,54.411427248413425,57.00687104261106,-0.24062387579329103
628711,Julio Urias,LAD,117.1,21.0,21.0,482.0,117.0,112.0,60.0,61.0,24.0,6.0,24.0,4.602272814555357,4.686858568469848,4.12733649540306,3.9047599886432414,0.24273859,0.04979253,0.10415542,,107.9220668534939,103.3469102752253,108.74881907747219,50.67821054114994,63.31029387824126,-0.6505535625704623
608718,Brent Suter,COL,69.1,57.0,2.0,292.0,55.0,65.0,26.0,36.0,25.0,3.0,3.0,3.3750003549413985,3.442540379216037,4.477750596471319,4.409048329355652,0.18835616,0.08561644,0.09292035,,99.07089752890795,95.54305937629573,96.138128045326,53.38004099082567,43.49505889908257,0.48239315596330284
621237,Jose Alvarado,PHI,41.1,42.0,0.0,172.0,64.0,30.0,8.0,15.0,18.0,0.0,3.0,1.7419355412272601,2.4082661380671526,2.344727553400096,2.6786670925231366,0.37209302,0.10465116,0.15343203,,120.2113224379927,106.89801435621357,132.51145177209509,68.88324504710634,52.20502627187079,-0.748054468371467
640451,Hunter Harvey,WSN,60.2,57.0,0.0,235.0,67.0,44.0,19.0,21.0,13.0,2.0,7.0,2.818681767775685,3.2880073977166693,3.341431306917981,3.0417390632179546,0.28510638,0.05531915,0.11318795,,108.82330618332863,106.55714996695929,113.09571792693289,55.247004437434285,57.87131560462671,-0.4512902733964248
542888,Shawn Armstrong,TBR,52.0,39.0,6.0,207.0,54.0,36.0,8.0,12.0,11.0,4.0,2.0,1.3846154901579368,2.5435018437214647,3.8240345994304206,3.4050536379394516,0.26086957,0.0531401,0.12515645,,111.7514446986244,104.46830400739064,110.69960158611954,50.81855040050063,59.666474981226536,-0.6974590112640802
641835,Tim Mayza,TOR,53.1,69.0,0.0,215.0,53.0,50.0,9.0,10.0,15.0,0.0,2.0,1.5187505946333986,2.5987901025567135,2.9792999223607786,3.1131075851164427,0.24651163,0.06976744,0.08888889,,107.86078024691356,106.31343209876543,115.54373717421127,53.61291569825436,56.59837711970075,-0.2448992144638405
656464,Kevin Ginkel,ARI,65.1,60.0,0.0,254.0,70.0,41.0,18.0,24.0,23.0,2.0,3.0,2.479592190387522,2.8570811190645053,3.6013818827618675,3.4623218071054476,0.27559055,0.09055118,0.12878788,,95.32366349575298,108.30534304694675,104.21496156163916,52.417647988505756,53.93757761494254,-0.20440725095785436
669160,Dustin May,LAD,48.0,9.0,9.0,187.0,34.0,29.0,14.0,14.0,16.0,2.0,1.0,2.6250001043081324,3.2342070253358948,4.58228067131302,4.869528729467512,0.18181818,0.0855615,0.05978261,,116.74677422062729,98.50150090340348,111.92902796009393,61.28808782208589,60.32918739263805,-0.9319434815950921
623465,Evan Phillips,LAD,61.1,62.0,0.0,234.0,66.0,38.0,14.0,19.0,13.0,3.0,6.0,2.0543480044361253,3.157214264047731,3.3681003660611752,3.075699864638408,0.28205128,0.05555556,0.12445415,,114.64032145922977,104.37637442615608,116.81383325068919,60.25110209836063,58.71726298360655,-0.7643588852459017
687330,Kevin Kelly,TBR,67.0,57.0,0.0,276.0,56.0,53.0,23.0,27.0,15.0,10.0,2.0,3.0895529314362635,3.0908612182130177,4.28212286218315,3.8279717218914078,0.20289855,0.05434783,0.09099437,,120.25018761726079,102.80052532833022,113.80268292682929,62.951582917448405,54.361595093808624,-0.7649827204502815
643377,Griffin Jax,MIN,65.1,71.0,0.0,274.0,68.0,58.0,28.0,30.0,19.0,4.0,5.0,3.857143308739326,3.2244281110150124,3.5707696254325665,3.3582512557732844,0.24817518,0.06934307,0.11545802,,112.6044451467177,110.47964972773654,121.84142231155836,69.37349689124156,65.1999371703561,-1.2299951491819054
662253,Andres Munoz,SEA,49.0,52.0,0.0,211.0,67.0,40.0,16.0,20.0,22.0,5.0,2.0,2.9387757532897667,2.7040199057552394,3.1181801259438653,3.075146054842815,0.31753555,0.1042654,0.18421053,,123.4487578211263,92.97794810452706,115.9073997055576,69.33314864799026,51.191416382460424,-0.4873690012180268
605447,Jordan Romano,TOR,59.0,59.0,0.0,248.0,72.0,48.0,19.0,20.0,24.0,2.0,6.0,2.8983053804745547,3.4584302107584426,4.013931411755284,3.5181237005314605,0.29032258,0.09677419,0.17121047,,109.98780196500964,100.32439400896412,112.00708872284804,58.73083659668508,52.39069415469615,-0.3299703314917129
502085,David Robertson,- - -,65.1,62.0,0.0,269.0,78.0,53.0,22.0,28.0,25.0,3.0,7.0,3.030612490511132,3.5458567095966234,3.8485286858813614,3.439275761997658,0.28996283,0.0929368,0.12628625,,110.43407397279988,95.96157228178744,108.1527364179319,60.584871502775556,46.16817744044185,-0.032262513681710465
668941,JoJo Romero,STL,36.2,27.0,0.0,147.0,42.0,29.0,15.0,17.0,10.0,1.0,1.0,3.6818187274593774,2.2186765695455417,2.6757765892263756,2.7579606775605967,0.28571429,0.06802721,0.14727273,,104.73192324189742,101.27563381281259,104.91037106973522,49.811951109090906,54.284308781818176,-0.06308983636363631
656557,Tanner Houck,BOS,106.0,21.0,21.0,463.0,99.0,104.0,59.0,61.0,41.0,6.0,14.0,5.009434007333666,4.434285653125523,4.074300768694881,4.3304799291700125,0.21382289,0.08855292,0.12858783,,100.25535083635006,105.98548340201425,106.45968234923534,51.737738754305404,53.592848995407586,-0.16441694029850745
669022,MacKenzie Gore,WSN,136.1,27.0,27.0,582.0,151.0,134.0,67.0,71.0,57.0,1.0,27.0,4.422983019156746,4.890737230594839,4.111001702689886,4.20792514614411,0.25945017,0.09793814,0.12144598,,100.29568221945227,99.71613127751736,101.53936757446556,57.38800376929324,47.78761412672625,-0.005052558895207148
664875,Justin Lawrence,COL,75.0,69.0,0.0,326.0,78.0,65.0,31.0,37.0,36.0,7.0,5.0,3.7200006415368234,3.7617071135415125,4.2618113163863,4.109920469322969,0.2392638,0.11042945,0.0978903,,101.57783887386252,106.53724351126296,105.0987619356733,60.16611169974119,53.32628723037101,-0.5357951164797241
571670,Dylan Floro,- - -,56.2,62.0,0.0,248.0,58.0,70.0,30.0,34.0,17.0,3.0,3.0,4.76470662242,2.955040312900256,3.287992918525718,3.3383401506586954,0.23387097,0.06854839,0.08835759,,101.76830185156273,100.42986565008306,101.36922041530738,44.14268338579882,54.63656618867744,0.03820991931872701
641941,Emilio Pagan,MIN,69.1,66.0,1.0,273.0,65.0,45.0,23.0,26.0,21.0,1.0,5.0,2.985577326896242,3.2694634383709653,4.5735270503982095,4.01028932660847,0.23809524,0.07692308,0.12229539,,108.57838037002197,102.36378122713495,108.04187153757707,58.35092553151459,60.2165752398871,-0.6387894825964249
607536,Kyle Freeland,COL,155.2,29.0,29.0,677.0,94.0,187.0,87.0,96.0,42.0,1.0,29.0,5.029978699714296,5.297866957848471,5.127699321289898,5.245564553740308,0.13884786,0.0620384,0.07771807,,80.2525070746611,104.51446491142008,86.0701549275887,35.725657582089546,58.279585876332625,0.2845582430703624
571760,Andrew Heaney,TEX,147.1,34.0,28.0,641.0,151.0,143.0,68.0,74.0,60.0,10.0,23.0,4.153846405635856,4.660017820226845,4.58320699105043,4.401896412987265,0.23556942,0.09360374,0.11132438,,102.65249042804015,96.6745326336048,98.52261766673665,56.24686979270632,54.339815063339735,-0.16056783109404982
676684,Will Vest,DET,48.1,48.0,4.0,199.0,56.0,40.0,16.0,18.0,13.0,0.0,3.0,2.979311049639566,2.551591917221062,3.3524376053448854,3.198187206095436,0.28140704,0.06532663,0.10512821,,91.39442298052822,111.67898611914404,101.80271274339691,47.257984179487174,61.20980193589744,-0.2661956025641025
606303,Joel Payamps,MIL,70.2,69.0,0.0,287.0,77.0,57.0,20.0,24.0,17.0,5.0,8.0,2.547170054452665,3.4814554754484184,3.6475114739851975,3.2443722121149157,0.26829268,0.05923345,0.10784314,,102.10163954850853,105.69779602177556,106.41558615877032,55.75490353832441,55.32265421568629,-0.35656329768270945
640455,Sean Manaea,SFG,117.2,37.0,10.0,499.0,128.0,104.0,58.0,68.0,42.0,8.0,14.0,4.43626108540575,3.9009327780618923,4.012226049991838,3.8292627510496913,0.25651303,0.08416834,0.1105699,,97.17205030772384,101.36403279516739,96.68292836423694,42.093717759376524,54.92856423770091,0.22893077934729658
518489,Ryan Brasier,- - -,59.2,59.0,0.0,238.0,56.0,42.0,20.0,24.0,19.0,3.0,3.0,3.016760018128518,3.1377219143476283,4.0358398335547,3.8309972167167023,0.23529412,0.07983193,0.11823204,,106.98812380952381,102.54782094185741,105.45932533543805,53.809948801203035,62.17873680728366,-0.6475834196606624
594580,Sam Moll,- - -,62.1,70.0,1.0,268.0,68.0,47.0,21.0,22.0,30.0,7.0,2.0,3.0320865728888915,3.2710831455970117,4.233237870900929,3.965723167305423,0.25373134,0.1119403,0.08966862,,115.18664478620013,98.03012512303577,109.08066478373436,54.956057615228346,55.22075911951261,-0.3432138847291299
641793,Zack Littell,- - -,90.0,28.0,14.0,379.0,74.0,94.0,41.0,43.0,12.0,4.0,13.0,4.10000021858349,4.021707067037073,4.146321975686928,4.098507604805008,0.19525066,0.03166227,0.10585586,,94.14357563788138,111.07480674997842,104.87695325215776,40.56320606606605,63.12101603603603,-0.23462711711711712
668909,Gavin Williams,CLE,82.0,16.0,16.0,345.0,81.0,66.0,30.0,32.0,37.0,4.0,8.0,3.2926830034182246,4.047723304764421,4.533596518427713,4.607762036783187,0.23478261,0.10724638,0.12112473,,96.03974264129651,104.02245509545153,99.53479075891039,51.75009623648162,54.63346160057678,-0.23947652487382842
641656,Ian Hamilton,NYY,58.0,39.0,3.0,239.0,69.0,45.0,17.0,19.0,26.0,3.0,2.0,2.6379313489486806,2.8240058253551292,3.259418021612958,3.428195948874707,0.28870293,0.10878661,0.15274949,,107.79018442743414,88.93017523516677,96.55489632876207,50.414744419551916,46.367209501018316,0.46514425661914466
665795,Edward Cabrera,MIA,99.2,22.0,20.0,434.0,118.0,78.0,47.0,48.0,66.0,4.0,11.0,4.244147306096579,4.428953444162082,4.304687104304465,4.682841759979167,0.2718894,0.15207373,0.12126246,,101.05331770962493,97.09695138252849,100.6687308247343,55.68857951273534,46.094917452934645,0.3980376633444075
621363,Colin Poche,TBR,60.2,66.0,0.0,246.0,61.0,42.0,15.0,17.0,24.0,1.0,4.0,2.2252750535870685,3.3374579540743694,4.55154714364151,4.057707076315239,0.24796748,0.09756098,0.13052859,,104.34165538883988,98.46172992056489,105.29640547873558,52.552316215621566,46.36634584158415,0.08288341034103419
608717,Chris Stratton,- - -,82.2,64.0,0.0,338.0,81.0,69.0,36.0,39.0,25.0,2.0,8.0,3.919355661531891,3.5332662243589024,4.355225055114716,3.818019512530709,0.23964497,0.0739645,0.09191176,,94.8871099056345,107.33949069870546,103.38203846654235,58.236301044117646,60.61158981617647,-0.6121834705882352
518886,Craig Kimbrel,PHI,69.0,71.0,0.0,278.0,94.0,44.0,25.0,28.0,28.0,4.0,10.0,3.260869663807308,3.8057650138289714,3.57505878978937,3.075239730329611,0.3381295,0.10071942,0.13732394,,116.6878684904384,104.30121731661562,118.75140666577794,68.02586600352113,56.7700656338028,-0.8408268133802821
663855,Jordan Hicks,- - -,65.2,65.0,0.0,285.0,81.0,57.0,24.0,30.0,32.0,4.0,4.0,3.2893404901594865,3.2245835031067047,3.3642893302143295,3.4546030483412165,0.28421053,0.1122807,0.10625,,124.66687135965684,93.38715300675355,117.25010962847415,76.80915340095808,46.718105171147684,-0.6336648450290931
519151,Ryan Pressly,HOU,65.1,65.0,0.0,268.0,74.0,54.0,26.0,33.0,16.0,1.0,8.0,3.5816327276709865,3.3621832188718437,3.1368923169334506,2.988695044986622,0.2761194,0.05970149,0.15512195,,112.68596477798626,99.71019569284375,114.71483273474492,64.68003538844623,54.1890635557769,-0.5623397410358565
656849,David Peterson,NYM,111.0,27.0,21.0,492.0,128.0,124.0,62.0,64.0,50.0,6.0,16.0,5.027027245678991,4.33612148760008,3.5942722057854697,3.9601937895123727,0.2601626,0.10162602,0.1234129,,90.57978555966201,98.41968241807639,95.35244970152416,52.09336447745359,41.22595572944296,0.5937279522546419
425844,Zack Greinke,KCR,142.1,30.0,27.0,593.0,97.0,158.0,80.0,82.0,23.0,4.0,25.0,5.0585482240279696,4.744501781016417,4.424242608767411,4.568458665245975,0.16357504,0.03878583,0.07068888,,87.40416576589254,108.43712366193554,95.86197229126049,34.84695156468939,62.090937393741235,0.08841789817842131
445276,Kenley Jansen,BOS,44.2,51.0,0.0,188.0,52.0,40.0,18.0,21.0,17.0,2.0,5.0,3.626865895079555,3.6580254589503545,4.608798592302121,3.8623835385962666,0.27659574,0.09042553,0.12845304,,123.54854728631787,96.90777640558987,117.07121676958079,53.95726287292819,52.23754759668506,-0.4225136878453039
661395,Jhoan Duran,MIN,62.1,59.0,0.0,255.0,84.0,46.0,17.0,25.0,25.0,4.0,6.0,2.4545456254922833,3.2069120138991827,2.751305874443952,2.782422365957389,0.32941176,0.09803922,0.16176471,,129.76108468602533,92.0731301720143,120.18537341904849,67.80058626121632,49.616054277168494,-0.5318054336989034
656529,Sam Hentges,CLE,52.1,56.0,0.0,223.0,56.0,53.0,21.0,24.0,18.0,0.0,2.0,3.6114657016826097,2.6435752671486923,2.999763187073869,3.1931283690023515,0.25112108,0.08071749,0.11551925,,100.96784687644782,102.01977209578959,104.68733791963253,52.83894203033839,54.96187109684946,0.012232065344224038
519293,Will Smith,TEX,57.1,60.0,0.0,226.0,55.0,44.0,28.0,31.0,17.0,0.0,5.0,4.395349793752844,3.3596915450626144,4.302273022595572,3.8986329305973606,0.24336283,0.07522124,0.13641618,,101.01385275364191,106.08755131065395,103.5429009792898,46.64764578034684,60.263619930635834,-0.22074980346820808
668868,Zack Thompson,STL,66.1,25.0,9.0,287.0,72.0,69.0,33.0,35.0,25.0,2.0,8.0,4.477387294080327,3.8731308613734794,3.8257106111995025,3.983772999352652,0.25087108,0.08710801,0.09580838,,90.27627564242871,103.53740060353935,93.18017989486022,44.752937827225146,53.352382635253036,0.302983664921466
542881,Tyler Anderson,LAA,141.0,27.0,25.0,629.0,119.0,146.0,85.0,90.0,64.0,7.0,20.0,5.425532061679165,4.921707071254723,5.516722440697476,5.228063117500352,0.18918919,0.10174881,0.12546277,,99.55303251227353,90.97979484350535,88.59748018303974,50.582096219662695,48.08403222542165,0.3348446112710819
623437,Justin Topa,SEA,69.0,75.0,0.0,279.0,61.0,61.0,20.0,26.0,18.0,3.0,4.0,2.6086959586477367,3.153591072216325,3.5501256722743983,3.4723866049173533,0.21863799,0.06451613,0.08413002,,112.95320966108463,104.42394811842081,111.12365098228729,56.1505109369025,62.69918575525812,-0.8688166061185469
664294,Dauri Moreta,PIT,58.0,55.0,0.0,239.0,76.0,39.0,24.0,26.0,24.0,3.0,4.0,3.7241387634443632,2.927454079379279,3.7697724916341375,3.256704223950913,0.31799163,0.10041841,0.13782383,,105.35601383724476,89.2767014324901,95.43746583358731,48.39469351380043,43.447440679405524,0.6889108386411888
489119,Wade Miley,MIL,120.1,23.0,23.0,490.0,79.0,99.0,42.0,44.0,38.0,3.0,16.0,3.1412742963165328,4.692713516276859,4.846529504920436,5.0446557876090665,0.16122449,0.07755102,0.07675906,,93.94558486082593,105.14512208651162,100.84060600633103,44.5024341151386,53.90571647121534,0.007957995735607674
628452,Raisel Iglesias,ATL,55.2,58.0,0.0,231.0,68.0,51.0,17.0,23.0,15.0,0.0,7.0,2.748503131349086,3.2550403594970705,3.3132628170498633,3.0593291239842335,0.29437229,0.06493506,0.16647532,,98.01184309223116,105.3752846208518,104.45332382045815,51.00398096440874,58.48633783008038,-0.1685498851894374
572020,James Paxton,BOS,96.0,19.0,19.0,411.0,101.0,93.0,48.0,51.0,33.0,2.0,18.0,4.500000089406969,4.682123721184003,3.984087531783624,4.112485667589867,0.24574209,0.08029197,0.12706856,,103.19377644704913,99.11003893292757,100.8019988855236,47.923237251773045,53.87430599881796,-0.02984595744680852
554340,Yimi Garcia,TOR,66.0,73.0,0.0,282.0,79.0,67.0,30.0,35.0,15.0,6.0,8.0,4.09090991847788,3.391404023446333,3.1433379574965907,2.9924225363968473,0.28014184,0.05319149,0.13363636,,109.69365057726587,101.73512910050736,112.0987440696558,51.84203333642262,55.67113251158481,-0.41647572752548667
605130,Scott Barlow,- - -,68.0,63.0,0.0,299.0,79.0,61.0,33.0,39.0,34.0,5.0,4.0,4.367647568002454,3.416805084237902,4.037997068055625,3.940615621782888,0.26421405,0.11371237,0.13,,100.40146888462633,99.3605146947142,99.49990512643102,56.938852725,48.37603695833333,-0.13337702499999993
571948,Hoby Milner,MIL,64.1,73.0,0.0,252.0,59.0,49.0,13.0,16.0,13.0,2.0,5.0,1.818653437517104,3.1306879877010294,3.66231155698451,3.4288709901618986,0.23412698,0.0515873,0.08276534,,105.26916042729559,109.26435124750029,109.25930849849755,51.90837160662124,71.84550553067189,-0.509173417721519
543101,Anthony DeSclafani,SFG,99.2,19.0,18.0,419.0,79.0,105.0,54.0,59.0,20.0,4.0,15.0,4.876254258367198,4.348685861888067,4.150578359585351,4.368496058316706,0.18854415,0.0477327,0.08435287,,91.94869528446272,100.58324156693222,95.2245563430732,38.767991506761106,50.88156265936897,0.512700405666452
663947,Tyler Holton,DET,85.1,59.0,1.0,324.0,74.0,56.0,20.0,21.0,18.0,1.0,9.0,2.10937534894589,3.5597279099003654,3.758026677899011,3.6177842221892504,0.22839506,0.05555556,0.11966527,,99.25771773649217,101.31970598000757,99.3461121619187,54.083832778242666,58.846913966527204,-0.25832042677824263
641627,Trevor Gott,- - -,58.0,64.0,0.0,261.0,62.0,63.0,27.0,34.0,19.0,4.0,4.0,4.189655760123824,3.2033162143103566,4.159658831337836,3.767287467085675,0.23754789,0.07279693,0.09304703,,98.37264894342194,105.08847239263805,104.04053442399456,40.9813407633854,52.21241453488101,0.08413978736754042
596112,Robert Stephenson,- - -,52.1,60.0,0.0,201.0,77.0,30.0,18.0,20.0,16.0,0.0,8.0,3.0955419154302284,3.2168237926399073,2.84079072607011,2.403942655754209,0.38308458,0.07960199,0.24770642,,111.5813704686768,98.47180380409046,105.72643683773204,61.28768247208337,36.189003930162535,-0.1844662631093045
593334,Domingo German,NYY,108.2,20.0,19.0,444.0,114.0,83.0,55.0,61.0,34.0,6.0,20.0,4.555214870509527,4.65381341064343,4.041317886751277,3.9640395192865974,0.25675676,0.07657658,0.14846107,,91.76143994639843,97.17144946352485,91.64430405302902,50.06181409776705,49.12667162945081,0.30611222691611345
663986,Trevor Stephan,CLE,68.2,71.0,0.0,294.0,75.0,63.0,31.0,35.0,26.0,5.0,6.0,4.063107197006801,3.5608656323900556,4.254866671255715,3.76567810944696,0.25510204,0.08843537,0.13994686,,95.25048759096197,98.31498428246407,96.43419853592454,50.129117142857154,52.12572532549729,0.10267233273056063
640462,A.J. Puk,MIA,56.2,58.0,0.0,242.0,78.0,54.0,25.0,29.0,13.0,2.0,10.0,3.970588927192792,3.5903345355711282,3.0176477325368856,2.663139757562698,0.32231405,0.05371901,0.15141956,,114.57893007396609,108.01725522342322,116.9077779093082,69.34559646121147,63.867520531349626,-1.1806386928799153
596295,Austin Gomber,COL,139.0,27.0,27.0,603.0,87.0,164.0,85.0,88.0,43.0,3.0,26.0,5.503597311102137,5.42770230453347,5.077605579870733,5.24336377663645,0.14427861,0.07131012,0.08090615,,89.22088182131843,103.46520595756103,93.41156631144571,39.8634231021729,53.89803939898288,0.3016450624133148
642397,Gregory Soto,PHI,60.1,69.0,0.0,250.0,65.0,47.0,31.0,34.0,22.0,2.0,6.0,4.624310293774478,3.5865321368285743,3.828317237354745,3.602816370592774,0.26,0.088,0.15615305,,118.64778219333238,100.81186507115771,115.52797321120798,66.44646321729961,58.99947889240506,-0.7896557911392404
663372,Ryan Feltner,COL,43.1,10.0,10.0,201.0,38.0,45.0,28.0,29.0,28.0,2.0,2.0,5.815385041998719,4.178117350290518,5.29505963825404,5.543549617407655,0.18905473,0.13930348,0.08290816,,94.66762797334013,102.64791948304332,98.18403856170072,45.2161693112245,54.93642977040817,-0.10161730867346935
571510,Matthew Boyd,DET,71.0,15.0,15.0,303.0,73.0,69.0,43.0,46.0,25.0,2.0,11.0,5.450704522784154,4.353631968740388,4.365485527044397,4.248931354351393,0.24092409,0.08250825,0.14006791,,92.74382427843805,100.0310253120268,90.57230609025835,43.81963871816638,52.575639049235996,0.18125357385398985
670059,Colin Holderman,PIT,56.0,58.0,0.0,240.0,58.0,55.0,24.0,25.0,20.0,2.0,4.0,3.857143347740844,3.29075464975393,3.7202936451326183,3.6287004945467984,0.24166667,0.08333333,0.10311493,,116.89659371643393,96.19933282882533,111.40942473879508,64.00936096529286,47.034138882863346,-0.2622851409978308
693433,Bryan Woo,SEA,87.2,18.0,18.0,371.0,93.0,75.0,41.0,44.0,31.0,7.0,13.0,4.20912564317675,4.361504281958167,4.263121617955922,4.127801270977261,0.25067385,0.08355795,0.12474156,,109.68572952721428,95.16744391059115,102.62786696453078,56.629202543073745,54.76600552033082,-0.40944751895244663
592767,Drew Smyly,CHC,142.1,41.0,23.0,626.0,141.0,147.0,79.0,89.0,56.0,6.0,26.0,4.995316474775618,4.955274658928435,4.7063053526137715,4.478620668519458,0.22523962,0.08945687,0.11388196,,93.29083698325312,102.66093608452853,94.71821600220318,37.628633196176224,49.67761324189526,0.4968528387364921
657024,Erik Swanson,TOR,66.2,69.0,0.0,262.0,75.0,52.0,22.0,22.0,21.0,0.0,8.0,2.9700003005013174,3.5100403852976885,3.8100611388473378,3.3546562249480494,0.28625954,0.08015267,0.15391879,,97.67217849935064,100.0616547718238,98.18707187426433,51.63114498080613,46.65120837811898,0.2504264107485604
677053,Andrew Nardi,MIA,57.1,63.0,0.0,237.0,73.0,45.0,17.0,18.0,21.0,4.0,7.0,2.6686052846335464,3.6038776516060307,3.45854484438916,3.180536037225424,0.30801688,0.08860759,0.13465553,,107.08316556929502,101.28671238156417,107.00445736309617,65.75635460251048,58.92444599372385,-0.8842859832635985
664139,Ian Gibaut,CIN,75.2,74.0,0.0,318.0,69.0,69.0,28.0,33.0,28.0,4.0,8.0,3.330397129445311,4.074423780233615,4.448011611039946,4.19010602774922,0.21698113,0.08805031,0.1232539,,100.85734340108442,106.19845123722257,105.67236349722131,53.44511377703827,65.55165714642263,-0.7213614059900165
665871,Javier Assad,CHC,109.1,32.0,10.0,449.0,94.0,93.0,37.0,38.0,41.0,3.0,13.0,3.045731877233867,4.288577002522377,4.345789986678038,4.412048125095088,0.20935412,0.09131403,0.07476636,,93.1776046436995,96.98144111029366,94.67919667131629,42.23845075350468,48.25477579439252,0.6379741997663552
593576,Hector Neris,HOU,68.1,71.0,0.0,273.0,77.0,41.0,13.0,16.0,31.0,3.0,7.0,1.712195284492144,3.8257721209944515,4.453891576768399,3.8897968625028603,0.28205128,0.11355311,0.14259598,,99.73036525311151,95.27486518105812,95.6665979072317,47.48376409470751,46.78923701021354,0.2322783936861653
608337,Lucas Giolito,- - -,184.1,33.0,33.0,794.0,204.0,169.0,100.0,110.0,73.0,9.0,41.0,4.88245942229944,5.267698632467173,4.448119528175098,4.2084983142857535,0.25692695,0.09193955,0.12253829,,97.45604951658407,100.72867463775364,97.8959043454315,48.079672841512966,54.56078036261333,0.09135939356048764
592779,Brock Stewart,MIN,27.2,28.0,0.0,109.0,39.0,19.0,2.0,2.0,11.0,1.0,1.0,0.6506025451312137,2.2068473701190037,3.1712008996803767,2.8663233353853954,0.35779817,0.10091743,0.19772727,,121.45766761363637,95.97085511363638,114.67932102272728,62.52855081818182,52.94458638636363,-0.6159993409090909
608032,Carlos Estevez,LAA,62.1,63.0,0.0,281.0,78.0,62.0,27.0,34.0,31.0,5.0,7.0,3.8983959952927907,3.9448799800632846,4.55388703038548,3.8756027703767018,0.27758007,0.11032028,0.125,,106.90944655521783,97.68793882978721,102.26364868287737,50.9244127216312,56.70440664007092,-0.21228147163120573
642232,Ryan Yarbrough,- - -,89.2,25.0,9.0,377.0,67.0,96.0,45.0,45.0,14.0,8.0,13.0,4.516728896755769,4.381434479428756,4.654023587443004,4.329019123453907,0.17771883,0.03713528,0.1058906,,106.81351989935594,104.02828266439663,102.90499485293637,38.695197251051894,62.60828100280504,-0.19593913744740532
623433,Nick Anderson,ATL,35.1,35.0,0.0,141.0,36.0,30.0,12.0,14.0,9.0,0.0,3.0,3.056603973819604,3.0852290276182037,3.759588505288261,3.472359990971174,0.25531915,0.06382979,0.11678832,,93.53511616812175,103.29427007299272,89.23162325270741,25.407697281021903,58.0377416240876,0.2994309489051095
657240,Julian Merryweather,CHC,72.0,69.0,0.0,303.0,98.0,58.0,27.0,28.0,36.0,1.0,8.0,3.375000476371564,3.518929285633119,3.6130205143951843,3.4263163216640624,0.32343234,0.11881188,0.15365854,,119.37116834340537,99.6534903657478,113.88920303353586,60.96318981085527,54.7610818256579,-0.4915819407894739
600917,Jose Leclerc,TEX,57.0,57.0,0.0,233.0,67.0,37.0,17.0,19.0,28.0,2.0,5.0,2.6842110034832523,3.623461477622223,4.716585971140813,3.9853813006750496,0.28755365,0.12017167,0.16359918,,104.44256800305158,92.70180356473708,98.4127497452926,52.248357565308254,46.368624775339576,0.36541688610240314
523260,Joe Kelly,- - -,39.1,42.0,0.0,168.0,60.0,29.0,18.0,22.0,18.0,2.0,3.0,4.118644528611112,2.721141994677112,2.6123382579176537,2.7949838543029526,0.35714286,0.10714286,0.12167832,,114.43288413125335,98.13588832705756,111.15163507261967,67.21499380419581,51.01663002797201,-0.5306721958041958
671737,Taj Bradley,TBR,104.2,23.0,21.0,460.0,129.0,106.0,65.0,69.0,39.0,1.0,23.0,5.5891721612507945,4.793256971396862,3.832131561649843,3.8249464924027854,0.28043478,0.08478261,0.11306257,,108.21046167025824,96.70165096874351,103.46243593368844,54.010812052689346,52.33928270581778,-0.1349636608122942
641482,Nestor Cortes,NYY,63.1,12.0,12.0,266.0,67.0,59.0,35.0,36.0,20.0,3.0,11.0,4.973684310384736,4.486619331592339,4.839280002804599,4.351340860887896,0.2518797,0.07518797,0.10373832,,111.18999193047758,102.60304204236338,108.74386622067533,50.036253009345785,61.1237398224299,-0.4864662990654205
656730,Trevor Megill,MIL,34.2,31.0,2.0,148.0,52.0,35.0,14.0,14.0,12.0,1.0,2.0,3.6346157637353524,2.1300402421504137,3.1446753930664846,2.7520426447142023,0.35135135,0.08108108,0.13787375,,119.77104611353587,98.74048115203405,116.59303356651485,66.36871734219268,54.87060064784052,-1.0135442026578068
571578,Patrick Corbin,WSN,180.0,32.0,32.0,790.0,124.0,210.0,104.0,113.0,57.0,4.0,33.0,5.200000110202367,5.277262624575769,4.758542647204183,5.009677663752899,0.15696203,0.0721519,0.09196581,,83.68626261374884,105.55742359089132,92.7431442683663,38.473121633802826,59.681765947183116,0.08694185211267602
675627,Michael Grove,LAD,69.0,18.0,12.0,302.0,73.0,83.0,47.0,47.0,19.0,3.0,12.0,6.130435036801671,4.356489680529995,3.9167031883846297,3.8884436215583698,0.24172185,0.06291391,0.12739965,,94.55983308527375,105.84610912320173,100.08813488565937,45.83038301919721,58.853111963350784,-0.004593795811518327
623149,Paul Sewald,- - -,60.2,65.0,0.0,249.0,80.0,46.0,21.0,23.0,24.0,1.0,8.0,3.115384862292971,3.5682271975053585,3.7616550607998156,3.2315684833989815,0.32128514,0.09638554,0.13487476,,117.8453949465756,100.34325718164301,116.25831196356634,69.05809022459322,61.742767151035956,-1.065964786271464
668674,Lucas Erceg,OAK,55.0,50.0,0.0,251.0,68.0,51.0,29.0,33.0,36.0,6.0,1.0,4.745455502005841,3.3095858250373675,4.546208546006986,4.294510124117748,0.27091633,0.14342629,0.10636277,,108.78697746697745,92.84208408875077,100.25532763532762,57.045242041785386,42.31661673314339,0.38663998100664765
676477,Garrett Whitlock,BOS,71.2,22.0,10.0,304.0,72.0,82.0,41.0,43.0,13.0,3.0,13.0,5.1488373941528085,4.273645047229198,3.738037426540497,3.6771760616341567,0.23684211,0.04276316,0.12887029,,103.10944783285056,106.12934021679158,105.88345492704647,48.71451146443515,60.93446725523014,-0.4123298326359833
605200,Zach Davies,ARI,82.1,18.0,18.0,377.0,72.0,98.0,64.0,67.0,39.0,2.0,10.0,6.9959517681545496,4.578927065623539,4.787206097554213,4.996453102552623,0.19098143,0.10344828,0.08061292,,79.81402949126772,105.43098503862281,88.87973043664383,33.3900911392405,52.78865023317789,0.6118942638241173
670174,Josh Winckowski,BOS,84.1,60.0,1.0,367.0,82.0,89.0,27.0,34.0,31.0,3.0,9.0,2.881423275860834,3.9072143519758606,3.8922098771424736,3.8447981485286693,0.22343324,0.08446866,0.12121212,,108.51388221519397,98.60448618947845,107.08863754732704,56.63178950401171,52.30553658643328,-0.13579706783369805
669461,Matthew Liberatore,STL,61.2,22.0,11.0,275.0,46.0,66.0,36.0,42.0,25.0,5.0,5.0,5.254054527188714,4.276662073117098,5.018952423982821,5.0511304111704645,0.16727273,0.09090909,0.07837583,,94.96925401322,94.53408876298396,90.5693673276676,44.63909173479562,44.61893251246261,0.6847361615154538
607067,Colin Rea,MIL,124.2,26.0,22.0,517.0,110.0,110.0,63.0,65.0,38.0,4.0,23.0,4.548128576368815,4.899425470882621,4.304686177196923,4.369997915150918,0.21276596,0.07350097,0.10242454,,99.46049181720483,99.43825394498543,96.64902163049543,39.193481786244426,55.699003587332996,0.13544655121227117
596001,Jakob Junis,SFG,86.0,40.0,4.0,367.0,96.0,90.0,37.0,42.0,21.0,5.0,12.0,3.8720934150701614,3.743412501938352,3.6597108406257424,3.361247027695685,0.26158038,0.05722071,0.1133429,,107.07420954405512,101.93172232295603,104.62343167558954,52.22946102582495,57.536331276901,-0.42425827833572466
608371,Lucas Sims,CIN,61.0,67.0,0.0,258.0,72.0,33.0,21.0,23.0,39.0,10.0,5.0,3.0983613762796978,4.369794717100348,5.526759639010262,4.582249030062557,0.27906977,0.15116279,0.14083176,,111.00228955839347,92.65531714702685,103.23729074166364,60.44049216446124,45.72573661625709,-0.20718727788279764
607481,Aaron Bummer,CHW,58.1,61.0,0.0,267.0,78.0,53.0,44.0,45.0,36.0,5.0,4.0,6.788573591610566,3.580754748993537,3.5112781702486013,3.7194884833470683,0.29213483,0.13483146,0.11796733,,113.90995297631046,90.56493432815756,100.1581448064606,58.79144244239631,51.63731619354842,-0.14520717050691248
625643,Reynaldo Lopez,- - -,66.0,68.0,0.0,278.0,83.0,50.0,24.0,25.0,34.0,1.0,8.0,3.272727724934475,3.906555601034952,4.059302152785437,3.7385354567021256,0.29856115,0.12230216,0.14285714,,113.15024680099167,95.99329280261487,106.82332973293269,56.79596704733054,50.51259169394335,-0.13106172322629903
445926,Jesse Chavez,ATL,34.2,36.0,1.0,144.0,39.0,26.0,6.0,10.0,12.0,3.0,2.0,1.557692567928126,3.0531172488397207,3.400052605094285,3.348604283637558,0.27083333,0.08333333,0.10309278,,99.8850812989988,96.26977534302277,92.86954538016396,42.031006057347675,44.81181218637994,0.5491319892473119
657514,Brennan Bernardino,BOS,50.2,55.0,6.0,216.0,58.0,48.0,18.0,19.0,18.0,6.0,4.0,3.197369236024588,3.4129351365847045,3.561369315383396,3.4453115417509594,0.26851852,0.08333333,0.09237875,,94.40580831408775,100.24663972286375,91.70400837182446,39.70818742494226,51.50598712471131,0.2601976905311778
615698,Cal Quantrill,CLE,99.2,19.0,19.0,444.0,58.0,111.0,58.0,59.0,35.0,7.0,11.0,5.237458377736203,4.790157470212855,5.428976582028152,5.504546881763305,0.13063063,0.07882883,0.07934656,,88.6716013705503,95.43757985223301,85.94808207936595,43.321393605600946,42.67040378646441,0.8188265052508753
660853,Enyel De Los Santos,CLE,65.2,70.0,0.0,262.0,62.0,50.0,24.0,26.0,25.0,4.0,4.0,3.289340593165629,3.483466789578017,4.403689047961203,4.061400411898892,0.23664122,0.09541985,0.12606635,,94.90261721662783,98.1132362461904,90.26559521443153,39.27707796116504,51.9903045145631,0.4074455048543689
681911,Alex Vesia,LAD,49.2,56.0,1.0,217.0,64.0,52.0,24.0,27.0,17.0,2.0,7.0,4.348994330690853,3.6577250197462234,4.122448708738097,3.3776633138822802,0.29493088,0.07834101,0.13700234,,113.22725397163336,101.87427233188357,113.48907326865174,61.366863100961545,60.8514459855769,-0.8771473798076923
669194,Ryne Nelson,ARI,144.0,29.0,27.0,619.0,96.0,159.0,85.0,87.0,46.0,1.0,24.0,5.312500211099792,5.067540431519353,5.300530139219024,5.245534925823728,0.15508885,0.07431341,0.08778626,,98.26206331004302,104.48237554396246,101.2195039769116,50.34520719253604,62.495281636980486,-0.3652396734520781
605488,Jeffrey Springs,TBR,16.0,3.0,3.0,55.0,24.0,4.0,1.0,1.0,4.0,0.0,1.0,0.5625,1.8175403594970705,1.9350507210940124,2.2258558562088133,0.43636364,0.07272727,0.1563981,,107.51504847048687,116.03987613097803,121.10762171477812,58.647222843601895,74.26423222748815,-1.5418165876777252
448179,Rich Hill,- - -,146.1,32.0,27.0,660.0,129.0,165.0,88.0,98.0,58.0,7.0,23.0,5.412300871492386,4.867796679790255,4.767863885971139,4.799464607266994,0.19545455,0.08787879,0.07492114,,95.06992634399515,99.04215163786002,88.62106557720023,36.99292389195584,46.485065595425866,0.4349097791798107
663623,Jake Irvin,WSN,121.0,24.0,24.0,530.0,99.0,118.0,62.0,66.0,54.0,8.0,20.0,4.6115704660133705,5.30462723328079,5.13715618670633,5.0916651307659535,0.18679245,0.10188679,0.07026524,,97.03508544822769,102.2421034983174,96.88168384015958,42.89778599813867,54.27240951140065,0.06917404839460217
677651,Luis Garcia,HOU,27.0,6.0,6.0,115.0,31.0,25.0,12.0,12.0,10.0,1.0,3.0,4.0,3.6254107298674407,4.140494290104619,4.077649966311036,0.26956522,0.08695652,0.14529915,,99.16375089981528,98.1741005431721,94.62104839856575,44.5854952991453,38.09544702991453,0.5828235683760683
669330,Tyler Wells,BAL,118.2,25.0,20.0,470.0,117.0,83.0,48.0,50.0,34.0,4.0,25.0,3.640449545477066,4.9825685002905855,4.626302899276642,4.196115106769403,0.24893617,0.07234043,0.11076115,,93.86389542326897,100.90252367638698,95.24160028484002,43.06393354855643,55.61362553805775,0.13798871391076115
674370,Osvaldo Bido,PIT,50.2,16.0,9.0,236.0,48.0,55.0,33.0,35.0,21.0,8.0,4.0,5.861842399488871,4.103724612621722,4.9374295881883965,4.633306657107564,0.20338983,0.08898305,0.0881104,,100.63157715763704,93.12941490646003,92.90391595832887,49.443027101910836,47.08893646496815,0.3358016560509554
664192,Joey Lucchesi,NYM,46.2,9.0,9.0,195.0,32.0,44.0,15.0,17.0,17.0,2.0,4.0,2.892857241387273,4.219326106626162,5.0182045919780816,5.155615170090013,0.16410256,0.08717949,0.07285714,,94.81416891177763,92.92646975504263,89.62032816441983,35.28774345714286,46.11069604285714,0.6733935571428572
518397,Scott Alexander,SFG,48.1,55.0,8.0,208.0,31.0,55.0,25.0,30.0,11.0,1.0,2.0,4.655173721729163,3.255040359497071,3.7775350795224383,3.749674723212081,0.14903846,0.05288462,0.09325681,,105.8428975147282,98.9732991663207,104.09572046955115,41.99386611190818,50.24817606886658,0.16738658536585366
695243,Mason Miller,OAK,33.1,10.0,6.0,139.0,38.0,24.0,14.0,15.0,16.0,3.0,2.0,3.7800000360488895,3.4650403614997867,4.7682635839054415,4.339737435287875,0.27338129,0.11510791,0.1096563,,112.34572905311508,91.05603871306,104.30078531397682,64.50836436988544,46.2017037806874,-0.11231693944353517
572955,Pierce Johnson,- - -,62.2,67.0,0.0,277.0,90.0,63.0,28.0,34.0,30.0,0.0,10.0,4.021277303968193,3.8933383442539267,3.269950146174934,3.272387385106415,0.32490975,0.10830325,0.14101382,,104.16996095517386,92.02626553774465,93.20374473132979,52.01425930235252,44.21377372240751,0.2866573390788503
674072,Tommy Henry,ARI,89.0,17.0,16.0,381.0,64.0,86.0,41.0,42.0,35.0,4.0,12.0,4.146067682292018,4.884253947389598,5.397837283576811,5.29308677364049,0.167979,0.09186352,0.10280374,,83.64261253482638,98.63746729433392,85.05317295026067,41.593876196980595,45.323573227893604,0.7349768296189791
592826,Vince Velasquez,PIT,37.1,8.0,8.0,162.0,37.0,35.0,16.0,16.0,14.0,1.0,4.0,3.8571429885163644,3.8711118090517678,4.559706451317364,4.515739446662463,0.22839506,0.08641975,0.12098009,,92.99354655645135,99.34053902223177,93.87574603728855,49.83276839203675,52.14529885145482,0.1277736753445636
548384,Brooks Raley,NYM,54.2,66.0,0.0,236.0,61.0,44.0,17.0,19.0,25.0,6.0,4.0,2.798781312243333,3.675772190749336,4.3879860554353805,3.9335337355667854,0.25847458,0.1059322,0.11788618,,116.34606664045081,89.85197423421204,104.06562041718439,61.45254725308643,44.09801363168724,-0.028817695473251054
676254,Ryan Walker,SFG,61.1,49.0,13.0,263.0,78.0,61.0,22.0,25.0,24.0,2.0,8.0,3.228261576497304,3.678953495804797,3.465926489382666,3.4534520804237667,0.29657795,0.09125475,0.12962963,,112.82568126780625,100.85409953703704,108.15465705128204,56.8125739722222,53.30775993518518,-0.2959077314814815
598286,Nick Ramirez,NYY,40.2,32.0,0.0,172.0,28.0,41.0,12.0,17.0,9.0,1.0,1.0,2.655738199912194,2.9353681687668995,4.4452248992272105,4.281665888539959,0.1627907,0.05232558,0.10318665,,109.67074824102069,93.75670913571676,100.5778777673693,53.63353329286799,55.80230585735964,-0.16973688922610022
658648,Pedro Avila,SDP,50.1,14.0,6.0,220.0,54.0,43.0,18.0,23.0,25.0,5.0,3.0,3.2185433144256135,3.6722589372929835,3.8828659604997835,4.05070378911304,0.24545455,0.11363636,0.12178771,,92.48626236142417,97.43883048495245,89.65068829800053,42.12246672625698,42.03800520670392,0.6270054748603352
622250,Josh Sborz,TEX,52.1,44.0,0.0,215.0,66.0,43.0,32.0,33.0,17.0,1.0,8.0,5.5031854738701345,3.751855714777013,3.186266380459743,3.048096550899983,0.30697674,0.07906977,0.15669856,,107.79949238799479,99.45917181383211,108.08240591561548,57.01190630382774,46.62458065789473,0.05086106459330144
666159,Matt Manning,DET,78.0,15.0,15.0,316.0,50.0,60.0,31.0,37.0,21.0,5.0,11.0,3.5769232518574277,4.806322486646708,5.325835905496062,5.13303513217457,0.15822785,0.0664557,0.07861369,,98.08213218054478,100.79503178315257,98.29661869110961,44.566386424344884,55.98955635672021,-0.036581555367709226
621366,Ryan Borucki,PIT,40.1,38.0,2.0,152.0,33.0,26.0,11.0,11.0,4.0,4.0,4.0,2.454546144947458,3.5029743135321674,3.9353903111740687,3.497280632684578,0.21710526,0.02631579,0.13559322,,101.26906980801273,106.01745113544399,108.13755497863882,56.17891821092279,60.13290900188323,-0.4309039548022599
676680,Tom Cosgrove,SDP,51.1,54.0,0.0,205.0,44.0,31.0,10.0,12.0,19.0,5.0,3.0,1.7532471814321897,3.7030924169741857,4.908049665623235,4.315530391782355,0.21463415,0.09268293,0.1051374,,112.42174819031554,96.7644339025933,101.58428584815049,53.75838227001198,46.47721205495819,-0.23499657108721628
519043,Matt Moore,- - -,52.2,50.0,0.0,218.0,60.0,46.0,15.0,16.0,15.0,3.0,7.0,2.563291464631911,3.729723964058535,3.9482266894839984,3.376543691901212,0.27522936,0.06880734,0.13593381,,108.80579189752432,97.17538486035853,103.45425553043262,60.2364706253501,48.44479016835604,-0.004599050938403975
656731,Tylor Megill,NYM,126.1,25.0,25.0,567.0,105.0,141.0,66.0,76.0,58.0,6.0,18.0,4.701847190492314,4.9648029742215485,4.918596180812817,5.066399196036382,0.18518519,0.10229277,0.09432275,,88.59506481112763,99.67762394521705,90.92222474788483,43.93498185963345,47.56971061689763,0.5624178140366562
643410,Mark Leiter Jr.,CHC,64.1,69.0,0.0,269.0,77.0,48.0,25.0,27.0,24.0,8.0,7.0,3.497410181334648,3.767993852759486,3.664174233362916,3.374378442121001,0.28624535,0.08921933,0.12961211,,86.9953989052417,86.01674265460181,79.46733226094835,45.109949484240694,30.491003390639925,1.1232042311365809
664208,Phil Maton,HOU,66.0,68.0,0.0,274.0,74.0,49.0,22.0,27.0,25.0,9.0,6.0,3.0000004172325716,3.739888911777082,4.236473337123501,3.629934907782871,0.27007299,0.09124088,0.15369837,,102.42658936004757,102.68084671332508,109.64591418507845,67.27311679961092,46.2887200680934,-0.5986744844357974
643511,Tyler Rogers,SFG,74.0,68.0,0.0,309.0,60.0,66.0,25.0,27.0,19.0,3.0,7.0,3.040540918920146,3.7550404217194946,4.133977310557429,3.956395391597456,0.19417476,0.06148867,0.10577778,,124.56545968151144,106.2954417118009,125.48534140170938,58.6755210502693,49.60521614003591,-0.8444166517055657
676130,Jose Butto,NYM,42.0,9.0,7.0,179.0,38.0,33.0,17.0,17.0,23.0,0.0,3.0,3.6428573082904503,4.016945156002262,4.899187593251058,5.10755744153281,0.2122905,0.12849162,0.11580381,,87.37159627611263,97.54490355088448,90.40707981921197,46.49189916893733,38.87442791553133,0.8434248092643052
682842,Abner Uribe,MIL,30.2,32.0,0.0,127.0,39.0,16.0,6.0,8.0,20.0,1.0,0.0,1.7608697814039715,2.765909864662634,3.6824419277469733,4.051677921301998,0.30708661,0.15748031,0.12307692,,115.94522307692307,95.68687909590409,110.66096958041956,72.8279634423077,37.25355044230769,-0.09042549999999996
665625,Elvis Peguero,MIL,61.1,59.0,0.0,252.0,54.0,49.0,23.0,25.0,26.0,4.0,4.0,3.3750006259096246,3.809388288390439,4.093748781331393,4.067574495638594,0.21428571,0.1031746,0.1308615,,103.15806264388708,98.49582391383372,104.69594192098789,52.85145785169029,38.932147066521274,0.3629183860414396
571656,Buck Farmer,CIN,75.0,71.0,0.0,309.0,70.0,58.0,35.0,36.0,29.0,4.0,11.0,4.200001004696133,4.615040684827247,4.890798399339652,4.282280100483252,0.22653722,0.09385113,0.13316993,,93.06207664701782,100.61268485868062,93.66323395120293,47.755012071251016,51.19010505385255,0.27854014084507045
608344,Cole Irvin,BAL,77.1,24.0,12.0,336.0,68.0,78.0,38.0,42.0,21.0,7.0,11.0,4.422413976598365,4.431764546252776,4.485406437722805,4.324033217050705,0.20238095,0.0625,0.09490196,,93.55449479684144,102.19371388544137,94.69899257470856,37.73205708235294,60.66632102745097,0.06697368627450981
676664,JP Sears,OAK,172.1,32.0,32.0,735.0,161.0,165.0,87.0,90.0,53.0,16.0,34.0,4.543520418432308,5.152525898229337,5.101335333374685,4.616264381324165,0.21904762,0.07210884,0.11258278,,100.90611011345254,102.06130313173517,99.13141558121617,51.9708582886023,57.64662301847333,-0.27273109097246423
594835,Marco Gonzales,SEA,50.0,10.0,10.0,215.0,34.0,55.0,29.0,32.0,18.0,0.0,5.0,5.220000199127205,4.2750403984069845,4.8267943838788625,5.194480445280286,0.15813953,0.08372093,0.08754624,,87.29743433097933,106.51012685423906,94.06027668796473,35.789626436498146,68.94914192355117,-0.22547166461159063
622772,Jimmy Cordero,NYY,32.2,31.0,1.0,132.0,34.0,25.0,14.0,14.0,10.0,2.0,2.0,3.857143776757596,3.071366846318137,3.287704706437992,3.2593215043628003,0.25757576,0.07575758,0.09514563,,106.49678486493103,101.70324730656988,109.66209455000464,66.51370370873788,46.6500872815534,-0.11077827184466027
642100,Gabe Speier,SEA,54.2,69.0,0.0,216.0,64.0,47.0,23.0,24.0,11.0,3.0,7.0,3.7865868404608674,3.3465038097497484,2.7101735552546526,2.6190292989704917,0.2962963,0.05092593,0.15089514,,115.7570814259207,107.11969724974387,116.00296438780114,50.614376649616375,62.844618874680314,-0.744522902813299
676395,Robert Garcia,- - -,32.0,25.0,0.0,127.0,33.0,26.0,13.0,16.0,12.0,0.0,3.0,3.6562505788752793,3.536290404025938,3.557554222855118,3.694853452913228,0.25984252,0.09448819,0.11472275,,103.05644803677308,102.78638121173492,102.35371439055952,61.35693021032506,59.52347954110899,-0.3694299235181644
571946,Shelby Miller,LAD,42.0,36.0,1.0,163.0,42.0,19.0,8.0,8.0,19.0,2.0,3.0,1.7142859149952558,3.6836118382458842,4.487123293602527,4.1354388634899975,0.25766871,0.11656442,0.09653092,,97.18490560149789,96.55826181931658,93.3335996255266,54.67665726153845,50.631885753846156,0.09727587692307692
595345,Steven Okert,MIA,58.2,64.0,2.0,247.0,73.0,50.0,29.0,31.0,24.0,2.0,9.0,4.448864706095627,4.090267833055253,4.237791731599202,3.640475451497212,0.29554656,0.09716599,0.13222331,,110.66943649507054,92.78145525416207,101.35756675582398,60.91944469147893,48.2310974730656,-0.212067874632713
606965,Chris Devenski,- - -,42.1,38.0,0.0,173.0,42.0,36.0,21.0,24.0,11.0,1.0,6.0,4.464567704411966,3.963701899879922,3.9958487760828776,3.6306474803116906,0.24277457,0.06358382,0.13069016,,103.27372068704666,103.01879232857206,105.32661343612332,60.175185154185016,55.67982675477239,-0.3675624082232011
686218,Emmet Sheehan,LAD,60.1,13.0,11.0,248.0,64.0,46.0,33.0,33.0,26.0,1.0,11.0,4.92265211526104,4.846200639177407,4.777938990225662,4.409177817086061,0.25806452,0.10483871,0.13676043,,98.309336913468,94.94748541928446,94.87255252086936,51.23663571580064,40.51576962884412,0.5483594697773064
663704,James McArthur,KCR,23.1,18.0,2.0,90.0,23.0,20.0,12.0,12.0,2.0,1.0,2.0,4.62857186998644,2.783611743109563,2.8030529476722736,2.647225943936397,0.25555556,0.02222222,0.11143695,,100.71958944281525,112.85906158357771,116.72697947214074,53.67562721407624,62.593959178885626,-0.6330293255131965
687830,Sawyer Gipson-Long,DET,20.0,4.0,4.0,82.0,26.0,14.0,6.0,7.0,8.0,0.0,2.0,2.7,3.1550403594970704,3.7563948765397073,3.6277981436980378,0.31707317,0.09756098,0.1577381,,99.10666666666665,106.46571428571427,107.32964285714284,55.255507321428574,53.469890297619045,-0.09189925595238096
623211,Huascar Brazoban,MIA,58.2,50.0,0.0,257.0,65.0,53.0,27.0,28.0,31.0,4.0,5.0,4.142046418940788,3.936858700063455,4.097100139550221,4.0558151180677235,0.25291829,0.12062257,0.14159292,,106.81799667801478,101.62002265317558,108.49591095220042,56.743445897959205,47.42140796938776,-0.10877128571428574
663460,Kris Bubic,KCR,16.0,3.0,3.0,68.0,16.0,19.0,7.0,7.0,2.0,1.0,1.0,3.9375,2.6300403594970705,3.574226598069072,3.5501270837170504,0.23529412,0.02941176,0.14716981,,89.45873118058645,102.74024895844033,91.90118082617083,52.473756301886795,51.07243464150944,0.29094826415094344
656412,Alex Faedo,DET,64.2,15.0,12.0,262.0,58.0,48.0,32.0,35.0,20.0,1.0,12.0,4.453608488248517,4.847823950780395,4.583105596236187,4.423754899654968,0.22137405,0.07633588,0.10434783,,93.45566113512443,106.54387178574457,97.43379298245613,40.731117391304345,62.536569458937194,-0.05996281159420291
622780,Angel Perdomo,PIT,29.0,30.0,0.0,117.0,44.0,21.0,12.0,14.0,11.0,3.0,3.0,3.724138975852461,3.013660981432559,3.1511487994087197,2.6247564112437987,0.37606838,0.09401709,0.13265306,,100.52971921058533,98.42976140390222,100.80707071540706,59.32730824489794,56.51285755102041,-0.2521963061224489
543272,Brad Hand,- - -,53.2,60.0,0.0,236.0,59.0,54.0,33.0,33.0,22.0,5.0,6.0,5.534162515098729,4.019015656194202,4.0135659490175115,3.865589959325562,0.25,0.09322034,0.09044193,,100.56560835053357,94.67022491768692,91.77543186118267,42.58733767937132,47.04254430389381,0.41107896880878037
656222,Jalen Beeks,TBR,42.1,30.0,8.0,192.0,47.0,42.0,28.0,28.0,21.0,1.0,4.0,5.952756658439523,3.8219695650627394,4.429234187596068,4.259927974121916,0.24479167,0.109375,0.12568306,,97.72005471865309,92.00755590016247,91.8010095997637,52.93760329234973,46.867104521857925,0.5830664207650271
458681,Lance Lynn,- - -,183.2,32.0,32.0,808.0,191.0,189.0,117.0,127.0,67.0,9.0,44.0,5.733212509890196,5.530902495426892,4.4960073025216865,4.32969710527026,0.23638614,0.08292079,0.12933754,,98.88703203383253,102.25762380652708,101.15481288838511,52.33896125551583,53.514881530673456,-0.1425472581008125
641729,Joe Jimenez,ATL,56.1,59.0,0.0,238.0,73.0,51.0,19.0,22.0,14.0,2.0,9.0,3.0355034173286928,3.5923185169780365,3.5992056398613297,3.0186836775038683,0.30672269,0.05882353,0.14925373,,108.6031161454632,108.34290686448709,114.15896244965653,51.6735498294243,64.92076738805972,-0.8014876865671644
605177,Andrew Chafin,- - -,51.1,63.0,0.0,224.0,63.0,45.0,27.0,30.0,28.0,1.0,6.0,4.733767508042053,4.014780823750733,4.073499721574507,3.9514674121289306,0.28125,0.125,0.13015184,,91.79574703821126,97.79135891873854,94.46530051727015,52.427557160078926,40.68981095959379,0.6167199287085618
663941,Tristan Beck,SFG,85.0,33.0,3.0,354.0,68.0,83.0,37.0,40.0,21.0,2.0,10.0,3.917647370628032,3.9962168890753467,4.489729662598748,4.215043948452145,0.1920904,0.05932203,0.10708783,,96.33750553298782,100.68543689592381,100.32524415184197,49.98657892141757,52.49301842064715,0.11537209553158706
642216,Allan Winans,ATL,32.1,6.0,6.0,141.0,34.0,37.0,19.0,19.0,8.0,2.0,5.0,5.2886600018003795,4.090091938728709,3.971762497873784,3.8817876291759164,0.24113475,0.05673759,0.10841121,,80.65978192735703,100.22278185137498,81.54432989360458,37.80355639252336,58.82012282242991,0.21539938317757007
680735,Austin Cox,KCR,35.2,24.0,3.0,149.0,33.0,28.0,18.0,20.0,17.0,2.0,2.0,4.542056918576489,3.731675962063739,4.764219144076457,4.606395389062731,0.22147651,0.11409396,0.10553633,,96.29799825609952,101.60386088530542,95.22722362212546,39.61825397923875,55.509683010380634,0.20487
666168,Mason Thompson,WSN,54.0,51.0,0.0,240.0,44.0,62.0,33.0,35.0,22.0,4.0,4.0,5.5000014509319675,4.032818342457147,4.600736782971847,4.418342361841244,0.18333333,0.09166667,0.08695652,,100.55897961867191,96.5988591315782,95.01856187290969,48.92651663615561,46.81842017162471,0.13695673913043477
667427,Zach Jackson,OAK,18.0,19.0,0.0,80.0,23.0,18.0,5.0,7.0,10.0,0.0,1.0,2.5000004221996384,3.088373664683761,4.478767807318436,4.0122613763427735,0.2875,0.125,0.10215054,,92.69895780744078,90.27305002763269,84.2368156674915,47.91527900849858,33.371701926345615,1.1153418696883852
666745,Jhony Brito,NYY,90.1,25.0,13.0,372.0,72.0,82.0,43.0,47.0,28.0,4.0,14.0,4.28413317583304,4.738435309268717,4.663770571911737,4.515581059318311,0.19354839,0.07526882,0.09191431,,104.32541454954628,109.00891337345922,113.54894204493218,50.101980331720796,59.80205645473393,-0.25542033172080164
686752,Ryan Pepiot,LAD,42.0,8.0,3.0,159.0,38.0,27.0,10.0,10.0,5.0,3.0,7.0,2.142857142857143,4.183611788068499,3.985221018961498,3.574909436541698,0.23899371,0.03144654,0.12232416,,98.23680630780001,105.62753767363031,103.39941601267454,51.531376529051975,59.33636010703365,-0.2693094189602447
665622,Luis Medina,OAK,109.2,23.0,17.0,495.0,106.0,109.0,66.0,73.0,57.0,8.0,14.0,5.4164135936684605,4.759599691071642,4.773478518581345,4.804387488095058,0.21414141,0.11515152,0.10717949,,103.36594544969927,86.19177427657353,90.4467353845335,50.107552251282044,41.12953939999999,0.6371528153846154
675540,Xzavion Curry,CLE,95.0,41.0,9.0,404.0,67.0,98.0,43.0,47.0,30.0,2.0,12.0,4.073684416276277,4.4971456853900955,5.274155133045811,4.975688401608698,0.16584158,0.07425743,0.09018036,,89.44775170687696,104.24241950784688,93.87623091854708,34.93024166332665,56.08217752839011,0.39264205744822983
621051,Steven Wilson,SDP,53.0,52.0,0.0,219.0,57.0,35.0,23.0,23.0,27.0,3.0,7.0,3.90566096593588,4.519191493399022,5.297835767645414,4.461467011935251,0.26027397,0.12328767,0.10660981,,114.60822174840084,100.57222174840088,114.59669936034112,67.59284733115469,55.356374172113284,-0.8008196405228758
664062,Tony Gonsolin,LAD,103.0,20.0,20.0,435.0,82.0,86.0,57.0,61.0,40.0,7.0,19.0,4.980582708732187,5.429797721594555,5.246909773511588,5.0479335786455035,0.18850575,0.09195402,0.09663866,,88.71714130437233,98.41248856550696,87.83616644102736,37.44872129651861,47.36200079231693,0.7117387394957984
681806,Andrew Wantz,LAA,39.1,27.0,3.0,160.0,33.0,28.0,17.0,18.0,15.0,1.0,4.0,3.8898310350536884,4.119447256175668,5.1093036562924485,4.66329084101884,0.20625,0.09375,0.11532625,,106.7344725209474,96.44713333773176,102.73109982186448,54.63494485584218,49.534042943854324,0.019272989377845214
518617,Jake Diekman,- - -,56.2,63.0,0.0,243.0,64.0,37.0,21.0,29.0,38.0,1.0,3.0,3.335294879515246,3.749158119425255,4.519762784230941,4.57841758127182,0.26337449,0.1563786,0.09729188,,113.7595759659932,87.85793744726244,98.98231753992135,67.17764522567704,47.40814170224961,-0.2779087852844246
669212,Eli Morgan,CLE,67.1,61.0,0.0,299.0,75.0,73.0,30.0,37.0,24.0,1.0,9.0,4.00990148468148,3.878802812669745,3.8845648113575377,3.6848907274960836,0.25083612,0.08026756,0.13666667,,102.4381512820513,103.49530338461538,103.33694215384614,51.95432489813243,56.152549278438016,-0.1893842614601019
672851,Joan Adon,WSN,51.2,12.0,10.0,240.0,48.0,60.0,37.0,37.0,24.0,3.0,8.0,6.445161369633353,4.977621025855534,4.916739547511983,4.8903291531234725,0.2,0.1,0.09415584,,87.28287485468495,94.68942345910695,82.78154134143776,35.79503416666667,46.70224413419914,0.850075487012987
672335,Cionel Perez,BAL,53.1,65.0,0.0,247.0,44.0,56.0,21.0,30.0,27.0,4.0,2.0,3.5437510468790605,3.8362905312073927,4.526803859885207,4.395357872045095,0.17813765,0.10931174,0.08418658,,105.81088396975822,96.28362202598576,102.23880825421708,58.559219355581114,50.645020552359036,-0.07393705408515537
669211,Keegan Akin,BAL,23.2,24.0,1.0,112.0,27.0,35.0,18.0,22.0,7.0,0.0,2.0,6.8450726665248975,2.9592656146472294,3.8866124340588737,3.6684839720467606,0.24107143,0.0625,0.12831858,,106.79769422008171,104.3615544885841,108.3644883538516,50.902858390804596,64.49620721839081,-0.4842765977011494
641329,Bryan Baker,BAL,45.0,46.0,0.0,186.0,51.0,33.0,18.0,19.0,24.0,1.0,4.0,3.600000984669001,3.810596067007719,4.602321682656598,4.142351331605859,0.27419355,0.12903226,0.09287532,,103.90630279898221,101.76627491518236,104.11092175572516,57.404561157347196,54.45107174252274,-0.1656372431729519
608638,JT Chargois,MIA,42.1,46.0,5.0,174.0,35.0,35.0,17.0,17.0,18.0,0.0,3.0,3.6141739628152236,3.798347556521581,4.283087729255286,4.358612885975095,0.20114943,0.10344828,0.078125,,101.82585869271128,103.7631082301251,106.21677365849995,57.686706383601766,52.81217603221084,-0.25427292825768666
547943,Hyun-Jin Ryu,TOR,52.0,11.0,11.0,224.0,38.0,53.0,20.0,25.0,14.0,1.0,9.0,3.4615385250226995,4.9088865436745825,4.407623966544108,4.694563178053564,0.16964286,0.0625,0.09518072,,85.48626876105064,108.7782446074307,91.8981575433036,33.53952422891567,63.31950143373494,0.017564048192771055
605218,Carl Edwards Jr.,WSN,31.2,32.0,0.0,142.0,24.0,31.0,13.0,14.0,17.0,1.0,1.0,3.694737274438771,3.855040429705076,5.010847489744758,5.052277008833526,0.16901408,0.11971831,0.09717314,,83.63760762341052,102.11652908515835,91.06391105963395,56.03766941696114,44.216910212014135,0.3532440282685513
643493,Austin Pruitt,OAK,48.1,38.0,6.0,196.0,30.0,44.0,16.0,18.0,12.0,1.0,5.0,2.979310985343064,4.16538538279634,5.044031033903206,4.834244545549095,0.15306122,0.06122449,0.08168643,,91.98838288018524,105.43338140296242,100.58459424282347,33.757129304812835,55.367821925133704,0.2416501069518717
592094,Jason Adam,TBR,54.1,56.0,0.0,222.0,69.0,35.0,18.0,21.0,20.0,9.0,7.0,2.9815952828249226,3.991236725626681,3.807449645342134,3.188399965502562,0.31081081,0.09009009,0.14521452,,108.21171425881326,94.64778067176087,102.44389830424478,64.0517870917226,45.22767060402683,-0.1562147091722595
596133,Luke Weaver,- - -,123.2,29.0,25.0,563.0,109.0,155.0,88.0,90.0,40.0,4.0,29.0,6.4043130964915145,5.608140247223119,4.698730056783085,4.652562729375813,0.19360568,0.07104796,0.09159292,,85.8329127623592,110.18620512208165,97.96203346570653,38.885040911504426,58.10865297345131,0.15212600442477878
605242,Michael Fulmer,CHC,57.0,58.0,1.0,237.0,65.0,48.0,28.0,29.0,28.0,2.0,7.0,4.421053500717207,4.149777377499363,4.177631737733284,3.949872717062392,0.2742616,0.11814346,0.14105263,,104.25212145748988,95.22577004048584,101.84273522267208,58.110734403153145,42.38811369369369,0.0969151126126126
669084,DL Hall,BAL,19.1,18.0,0.0,81.0,23.0,18.0,7.0,8.0,5.0,0.0,2.0,3.258621421362594,2.9964196117698805,3.1054013509214715,3.047593122137652,0.28395062,0.0617284,0.14477212,,111.696236222818,110.97397155198095,119.72548853142685,65.36533029490616,70.12578179624664,-1.2178859517426275
622766,Miguel Diaz,DET,14.0,12.0,3.0,54.0,16.0,8.0,1.0,1.0,5.0,0.0,0.0,0.6428572359133875,2.0407544694384496,3.69410646271811,3.4583061449642094,0.2962963,0.09259259,0.12440191,,107.9045802151065,93.06269046742732,102.74777491514335,52.356157703349275,51.06936559808612,0.02784248803827751
670950,Trevor Richards,TOR,72.2,56.0,3.0,315.0,105.0,63.0,40.0,41.0,35.0,2.0,13.0,4.9541291684307165,4.218343253358599,3.803869073160043,3.3207866053989585,0.33333333,0.11111111,0.16678967,,107.03012680028135,101.03490364218027,106.90688947681286,71.72433307749077,48.714756339483394,-0.6390657933579336
671212,Joe Boyle,OAK,16.0,3.0,3.0,60.0,15.0,8.0,3.0,4.0,5.0,0.0,1.0,1.6875,3.1300403594970705,4.590899021178484,4.37274972182583,0.25,0.08333333,0.0875,,109.96491666666665,97.66841666666666,104.37025,64.50901941666667,49.62636308333333,-0.50957025
624647,Victor Gonzalez,LAD,33.2,34.0,1.0,135.0,30.0,27.0,15.0,15.0,10.0,3.0,2.0,4.009901786400511,3.403555240474867,3.760795618571058,3.623164785721788,0.22222222,0.07407407,0.12745098,,107.73486655773421,91.45278812636163,97.00065631808278,53.77795104627765,47.20097402414487,0.16980277665995971
670046,Kenny Rosenberg,LAA,33.0,7.0,3.0,146.0,29.0,35.0,14.0,14.0,14.0,1.0,3.0,3.8181818181818183,4.042919147375859,4.865163697618427,4.674355016160077,0.19863014,0.09589041,0.10477941,,90.68135057471264,95.90396298174444,89.73274721095333,41.03874404411764,46.48879729779412,0.7415364522058825
641816,Tyler Mahle,MIN,25.2,5.0,5.0,102.0,28.0,22.0,9.0,11.0,5.0,0.0,5.0,3.1558442340168207,4.190105317724276,3.6545431371509944,3.530681292686955,0.2745098,0.04901961,0.10165485,,95.16797146338301,106.76661819667403,104.50552173468755,53.83462595744681,61.83091245862884,-0.3829558156028369
669684,Chris Murphy,BOS,47.2,20.0,0.0,212.0,49.0,50.0,26.0,27.0,17.0,1.0,5.0,4.909091484069285,3.6955998516571347,4.066248588024116,3.878869165426032,0.23113208,0.08018868,0.0940367,,95.24957200444815,98.28858344144811,96.43774747281685,45.2694665940367,43.6020531880734,0.6527366972477064
543766,Bryan Shaw,CHW,45.2,38.0,0.0,190.0,40.0,39.0,21.0,21.0,17.0,6.0,3.0,4.138686920958808,3.868179162602079,4.896813472830253,4.302659194571015,0.21052632,0.08947368,0.10206718,,95.41904300900055,105.25605476700629,98.61488642946144,45.23980032299742,41.494168630490954,0.3219591085271317
667755,Jose Soriano,LAA,42.0,38.0,0.0,185.0,56.0,33.0,17.0,22.0,23.0,7.0,4.0,3.6428574969878347,3.969326143220176,3.7940998727730015,3.6169109098749654,0.3027027,0.12432432,0.14798851,,111.01883672991768,86.71819982020267,97.35145098356068,61.85667849702382,39.14959032738094,0.44894875000000006
663559,Bailey Falter,- - -,80.2,18.0,14.0,347.0,60.0,94.0,48.0,55.0,20.0,0.0,17.0,5.355372196288979,5.25090823820662,4.560848390982416,4.657561513906657,0.17291066,0.05763689,0.07864302,,93.77175532594758,106.73789602025712,100.42754281932861,33.469314988434846,62.58472032382421,0.03835419429452582
594902,Ben Lively,CIN,88.2,19.0,12.0,383.0,79.0,96.0,53.0,53.0,25.0,3.0,20.0,5.379699633870779,5.352784870817752,4.415664175869742,4.332684523018257,0.20626632,0.06527415,0.08381503,,87.74541939586894,104.29960906275582,93.18588546725358,35.86580195809249,56.80625091763006,0.2323941763005781
657053,Touki Toussaint,- - -,87.0,20.0,16.0,384.0,85.0,69.0,48.0,48.0,57.0,7.0,10.0,4.965517404671945,5.002166853733495,4.876205082745324,5.178760912192317,0.22135417,0.1484375,0.09216301,,91.1427953601705,92.67023242591483,86.22729729885705,43.76654360501568,38.613247416927905,0.881889379310345
592426,Luke Jackson,SFG,33.1,33.0,0.0,143.0,43.0,26.0,11.0,14.0,15.0,1.0,3.0,2.970000381490637,3.2850403633505114,3.503855864775027,3.4047397988815895,0.3006993,0.1048951,0.13988658,,99.52220473973664,103.94575747345174,104.90108082813327,58.16853982986766,44.92581330812853,0.00726665406427227
660906,Francisco Perez,OAK,16.2,17.0,1.0,74.0,14.0,17.0,11.0,12.0,8.0,1.0,0.0,5.940002032256822,3.195040338969224,5.079861983327635,4.821080221653347,0.18918919,0.10810811,0.1038961,,88.7307792207792,90.79870129870132,78.70064935064936,35.84466097402598,36.166951201298694,1.4699112012987015
605154,John Brebbia,SFG,38.1,40.0,10.0,161.0,47.0,31.0,17.0,21.0,14.0,0.0,6.0,3.9913051256567122,3.9333013612426555,4.22758823720165,3.6418704877227133,0.29192547,0.08695652,0.12,,102.58654814814814,109.19362962962963,109.05925925925926,49.3649351993865,63.881484923312875,-0.5552384815950919
694297,Brandon Pfaadt,ARI,96.0,19.0,18.0,421.0,94.0,109.0,61.0,63.0,26.0,3.0,22.0,5.718750340864083,5.182123807693529,4.459093345508654,4.27583329699562,0.22327791,0.06175772,0.1133829,,100.24813589504564,106.50184681955776,106.87181373161762,57.32156639405206,60.46621057620816,-0.6736638351920695
543521,Collin McHugh,ATL,58.2,41.0,1.0,268.0,47.0,70.0,28.0,34.0,22.0,4.0,5.0,4.295455242260973,4.090267767714482,4.616876973523246,4.514156053068245,0.17537313,0.08208955,0.10784314,,92.24019909682458,101.16805815151908,90.79505489799983,56.7811747236181,50.01737045226132,-0.1976487336683417
669060,Bryse Wilson,MIL,76.2,53.0,0.0,314.0,61.0,60.0,22.0,26.0,22.0,2.0,9.0,2.5826090543888065,4.12895352436601,4.716281500128366,4.314290857239518,0.19426752,0.07006369,0.08376511,,102.84872067247662,90.71837339217264,93.58955079455963,45.0476666580311,45.6509279447323,0.3982653799654576
663738,Daniel Lynch IV,KCR,52.1,9.0,9.0,223.0,34.0,50.0,27.0,29.0,16.0,1.0,9.0,4.643312130115971,5.165868396581832,5.331245467017139,5.242942585114026,0.15246637,0.07174888,0.11248455,,86.76324804285126,107.12197500343359,98.33802630133225,46.73671957972805,55.060229233621754,0.17531290482076636
621076,James Kaprielian,OAK,61.0,14.0,11.0,280.0,57.0,66.0,43.0,45.0,31.0,5.0,9.0,6.34426259883981,5.074712577768954,5.650259512922547,5.184183225379565,0.20357143,0.11071429,0.11253431,,94.09703534416917,101.86813927757129,94.03319459515056,40.67973557182068,56.89635330283624,0.1344147666971638
527054,Julio Teheran,MIL,71.2,14.0,11.0,288.0,50.0,68.0,35.0,36.0,13.0,4.0,13.0,4.395348934691428,4.929459001284281,4.670691687770252,4.585523613921051,0.17361111,0.04513889,0.08864266,,94.25651131536743,101.67231936976981,92.83569912336662,43.73005924284396,57.074168217913204,0.012260433979686076
667463,John King,- - -,37.1,35.0,0.0,157.0,20.0,45.0,15.0,15.0,10.0,0.0,2.0,3.6160721463789423,3.6836118731419822,3.917193709677458,3.750930598793998,0.12738854,0.06369427,0.0926276,,105.39489653434151,101.60007467818886,107.65978928796473,52.853909338374294,63.06591094517958,-0.496519527410208
677944,Slade Cecconi,ARI,27.0,7.0,4.0,111.0,20.0,27.0,13.0,13.0,4.0,2.0,4.0,4.3333337925099045,4.3661515883457644,4.583459440567132,4.355252023324036,0.18018018,0.03603604,0.07655502,,90.35052631578947,102.74684210526316,91.36157894736841,37.758393708133966,52.64711019138756,0.35519260765550237
527048,Martin Perez,TEX,141.2,35.0,20.0,608.0,93.0,150.0,70.0,74.0,49.0,4.0,21.0,4.44705908298164,4.991511049042282,4.955108582023787,5.080592917675424,0.15296053,0.08059211,0.07322552,,89.0335592375412,108.02195117777974,99.70070966305519,34.817732583108715,61.455994636118604,0.3429158670260557
573124,Taylor Rogers,SFG,51.2,60.0,0.0,216.0,64.0,39.0,22.0,27.0,25.0,3.0,6.0,3.8322591064080838,3.9131050545368424,4.003445486146568,3.665879178476093,0.2962963,0.11574074,0.10287081,,111.34714970276933,98.39477838190521,106.20546114252576,51.96566166267943,56.801467846889956,-0.3770019976076555
663558,Jovani Moran,MIN,42.1,43.0,0.0,184.0,48.0,35.0,25.0,27.0,27.0,0.0,3.0,5.314962080449781,3.821969648078381,4.462932110203089,4.484166809871739,0.26086957,0.14673913,0.15272244,,99.77445492539645,88.03923677837669,92.8661534255136,61.77438187250997,39.698531181938925,0.474026507304117
641672,Thomas Hatch,- - -,28.2,18.0,2.0,129.0,26.0,33.0,13.0,18.0,12.0,1.0,2.0,4.0813958551785685,3.7085287878502444,4.474128912990073,4.323809611416621,0.20155039,0.09302326,0.14164905,,102.89190597397824,92.68691238165273,96.52532683485279,46.10766911205074,34.75591697674418,0.5894438054968287
571882,Derek Law,CIN,55.0,54.0,3.0,240.0,45.0,50.0,22.0,24.0,26.0,3.0,6.0,3.6000006554344677,4.618676971404065,4.974090735804453,4.828052796026803,0.1875,0.10833333,0.11330561,,98.06241366588122,102.72603381021258,101.01109794309951,43.46932590860787,40.641511115834234,0.5658906482465461
592454,Tommy Kahnle,NYY,40.2,42.0,0.0,165.0,48.0,26.0,12.0,14.0,19.0,1.0,5.0,2.655737954685706,3.9681551806626767,3.792761181911122,3.6692051804073564,0.29090909,0.11515152,0.1497093,,94.52251245440036,95.98106352599179,96.61305235408118,58.483163343023236,42.7747984011628,0.542640421511628
657265,Peter Strzelecki,- - -,37.0,37.0,0.0,163.0,37.0,33.0,18.0,18.0,12.0,8.0,3.0,4.378379094287315,3.9307161456525206,4.75343989276814,3.925232725126566,0.22699387,0.07361963,0.11026034,,100.85595108976707,103.47609413388952,101.48009809712677,58.13614775757712,47.44010753593999,-0.01605951322304279
606149,Giovanny Gallegos,STL,55.0,56.0,0.0,229.0,59.0,54.0,27.0,28.0,12.0,0.0,11.0,4.418182715946175,4.364131493952694,3.9285191560629005,3.418327370167764,0.25764192,0.05240175,0.17494357,,98.88322685090176,102.41142399160911,97.21043277013932,46.63537690721651,48.64139674684996,0.38744406643757157
681892,Kody Funderburk,MIN,12.0,11.0,0.0,47.0,19.0,6.0,1.0,1.0,5.0,1.0,1.0,0.7500000651925859,2.671706975458392,2.552828821595997,2.4866667508127493,0.40425532,0.10638298,0.13020833,,113.51229166666667,83.8596875,91.70197916666666,56.89814546875001,39.74794755208334,0.3968529166666667
663462,Isaiah Campbell,SEA,28.2,27.0,0.0,120.0,33.0,22.0,9.0,9.0,13.0,1.0,2.0,2.8255819456442337,3.324807814945076,4.148083066624958,3.8008181253330924,0.275,0.10833333,0.12734864,,99.35767107399676,96.89776617954072,95.97383437717465,54.38656146137787,52.552068162839255,-0.1218448643006263
641712,Dakota Hudson,STL,81.1,18.0,12.0,354.0,45.0,88.0,45.0,46.0,34.0,6.0,9.0,4.97950844973271,5.062417500511166,5.107843872143385,5.355385454119751,0.12711864,0.0960452,0.08573596,,85.94859901949339,94.40739231936499,85.17206326602077,42.7672854552352,43.992138437025794,0.7034194840667679
656578,Andre Jackson,- - -,61.1,19.0,7.0,257.0,57.0,52.0,34.0,34.0,22.0,2.0,11.0,4.989130693369881,4.9017795752825535,4.457235358380494,4.298941127111398,0.22178988,0.08560311,0.10479042,,94.59465161983725,102.78338618088108,99.42144367674908,48.160361906187624,54.54704763473054,0.22146969061876245
669432,Trevor Rogers,MIA,18.0,4.0,4.0,79.0,19.0,16.0,8.0,9.0,6.0,3.0,2.0,4.000000211927637,4.088373736981995,4.38913393764197,4.050727892827073,0.24050633,0.07594937,0.11515152,,91.77430303030302,116.93757575757576,108.14430303030304,52.14064836363636,59.334617030303036,-0.5739624242424243
640448,Kyle Finnegan,WSN,69.1,67.0,0.0,288.0,63.0,66.0,29.0,33.0,24.0,1.0,11.0,3.764423476055461,4.581963577110489,3.997941525931952,3.989652501875781,0.21875,0.08333333,0.11041293,,102.23169484723402,104.68352923039846,105.34607882780038,50.08387616865261,56.35366840513291,-0.2666435472043996
696136,Jordan Wicks,CHC,34.2,7.0,7.0,147.0,24.0,33.0,17.0,17.0,11.0,0.0,5.0,4.413461740817553,4.69734811793418,4.30082611049761,4.833442138182384,0.16326531,0.07482993,0.09948542,,95.02513908567668,103.90790712628947,101.63459429825289,43.54373917667239,50.168725197255576,0.30120536878216125
643338,Chad Green,TOR,12.0,12.0,0.0,52.0,16.0,12.0,7.0,10.0,4.0,0.0,1.0,5.250001329928973,2.6717068783938513,3.2417254434075917,3.1074413737078523,0.30769231,0.07692308,0.19487179,,104.81446153846154,106.18441025641027,105.40420512820512,51.984265743589745,66.4981381025641,-0.7772469743589744
573009,Joe Mantiply,ARI,39.0,35.0,3.0,157.0,28.0,35.0,20.0,22.0,9.0,0.0,4.0,4.615385673455475,3.8447840844386034,4.207196222854546,4.063046466962963,0.17834395,0.05732484,0.10683012,,104.70938704028022,97.6497373029772,103.15313485113836,49.66945737302977,57.27626809106831,-0.011769527145358968
689225,Beau Brieske,DET,35.0,25.0,1.0,152.0,31.0,36.0,14.0,14.0,12.0,0.0,4.0,3.6000004015650515,3.997897585216843,4.354489579394756,4.220292166083954,0.20394737,0.07894737,0.09717868,,103.5128614054054,103.0365664864865,106.14951091891892,52.703645376000004,55.884785664,-0.134383968
672578,Carlos Hernandez,KCR,70.0,67.0,4.0,300.0,77.0,62.0,41.0,43.0,31.0,1.0,10.0,5.271429264916541,4.283611923383225,4.339633246038302,4.028043890192004,0.25666667,0.10333333,0.14126097,,116.91425855462414,96.94054762246272,112.83184355705586,62.932395605815856,50.39913169628433,-0.4165545557350564
682010,Lane Ramsey,CHW,20.0,21.0,0.0,92.0,18.0,25.0,13.0,13.0,9.0,0.0,1.0,5.850000897869606,3.455040390193467,5.037065500838443,4.617160668666742,0.19565217,0.09782609,0.10294118,,85.75371945701355,92.85523981900452,85.89112669683257,49.18077052941177,41.42019770588235,0.8074145588235293
674003,Cody Bradford,TEX,56.0,20.0,8.0,234.0,51.0,56.0,33.0,33.0,12.0,1.0,11.0,5.303571795493542,4.683611886902739,4.432923241132484,4.1459067032409145,0.21794872,0.05128205,0.10153846,,99.75334601638063,105.77258692568354,101.39684272110414,46.99201955897435,66.56037065641027,-0.32984275897435894
694037,Daniel Palencia,CHC,28.1,27.0,0.0,119.0,33.0,22.0,14.0,16.0,14.0,2.0,3.0,4.447059673297939,3.9962169717133937,4.136939784581236,3.8922064478629137,0.27731092,0.11764706,0.12955466,,116.71525963738777,84.88407951316418,101.77350734696273,62.26762566801618,39.72812151821863,0.13725995951417005
656290,Drew Carlton,SDP,20.2,11.0,0.0,85.0,18.0,18.0,10.0,12.0,6.0,1.0,2.0,4.35483906344435,3.78729846725138,4.129251805304392,3.9907157398608315,0.21176471,0.07058824,0.09090909,,89.14047431087432,101.22219134939132,87.06256613016615,32.54719796969696,55.8206720909091,0.4688742727272727
656887,Sean Reid-Foley,NYM,7.2,8.0,0.0,34.0,16.0,4.0,3.0,3.0,6.0,0.0,0.0,3.521739915323342,1.4289529959960783,2.291571494656225,3.001922928089951,0.47058824,0.17647059,0.16969697,,94.08766942148762,106.64662258953167,101.33738842975208,52.34791836363637,48.14397757575757,-0.06334696969696967
668676,Zach Plesac,CLE,21.1,5.0,5.0,105.0,14.0,37.0,18.0,20.0,5.0,0.0,3.0,7.593750113155695,4.473790377657861,4.505686101327028,4.750443015135888,0.13333333,0.04761905,0.09625668,,87.94694355828629,99.79757066970124,88.60901682778739,35.06989631016042,52.97073652406417,0.7082361497326203
669459,Kyle Nelson,ARI,56.0,68.0,2.0,239.0,67.0,59.0,26.0,30.0,14.0,1.0,12.0,4.178573043029239,4.451469393184929,3.555299622878553,3.191419687297091,0.28033473,0.05857741,0.15017065,,100.36853423058128,108.81928916498856,106.61423795524003,43.31187231664727,69.40792825378348,-0.5263712572759023
608566,German Marquez,COL,20.0,4.0,4.0,80.0,17.0,19.0,11.0,11.0,3.0,0.0,4.0,4.950000236034405,4.60504042387009,3.4930569494016925,3.8640202825927736,0.2125,0.0375,0.10891089,,93.3482601561864,102.5660678477715,99.34036373770205,45.31716351851852,51.481464629629635,0.4213668981481482
669387,Carmen Mlodzinski,PIT,36.0,35.0,1.0,152.0,34.0,28.0,9.0,14.0,18.0,1.0,3.0,2.2500005029143026,4.032818311121767,4.327278171897108,4.402099828772103,0.22368421,0.11842105,0.08265802,,97.68499837925442,99.95872825499733,97.56177147487844,51.61154003241492,53.89180411669369,0.037886077795786025
641360,Phil Bickford,- - -,67.1,61.0,0.0,304.0,76.0,59.0,37.0,41.0,39.0,4.0,8.0,4.945545245431341,4.458010824601992,5.049717876486201,4.472601390350721,0.25,0.12828947,0.13219789,,107.9897061278849,94.53595583538609,100.7877495104808,51.60074876447478,51.34982462209162,-0.008134082219483602
660261,Shintaro Fujinami,- - -,79.0,64.0,7.0,357.0,83.0,73.0,63.0,65.0,45.0,7.0,9.0,7.177216473259733,4.609470981434974,5.053880698413156,4.606536051585911,0.232493,0.12605042,0.12082445,,106.97141649821397,87.72710709740802,97.2757588230502,59.444128621179814,38.125140049751245,0.4247142786069652
547184,Michael Kelly,CLE,16.2,14.0,0.0,71.0,16.0,13.0,7.0,8.0,9.0,0.0,0.0,3.780000590300652,2.9550403126478124,4.542258244306496,4.581819964794082,0.22535211,0.12676056,0.08791209,,111.0180352980353,103.52209124209124,107.65722943722946,51.2363752014652,58.71321139194139,-0.5098736996336997
622072,Alex Wood,SFG,97.2,29.0,12.0,429.0,74.0,98.0,47.0,52.0,42.0,8.0,9.0,4.33105834603026,4.473470485212439,5.137655104432527,4.980893646470702,0.17249417,0.0979021,0.09005848,,98.56986310377236,95.93880274269299,91.97872638889375,44.30410335672515,53.58702041520469,0.4922433508771929
663567,Peter Lambert,COL,87.1,25.0,11.0,375.0,71.0,93.0,52.0,54.0,28.0,5.0,18.0,5.358778938047624,5.442063387631891,4.920866028464335,4.617126726919025,0.18933333,0.07466667,0.09648518,,83.8877393544594,102.72800808356065,91.25162322192912,36.17842166901408,51.513869253521136,0.6676570352112675
663474,Triston McKenzie,CLE,16.0,4.0,4.0,73.0,16.0,12.0,9.0,9.0,13.0,0.0,1.0,5.062500301748532,4.505040434002881,6.06923367353936,5.947329197896959,0.21917808,0.17808219,0.10333333,,91.4662,85.2968,79.69126666666666,41.481743333333334,37.14016966666666,1.0034876333333334
676775,Keaton Winn,SFG,42.1,9.0,5.0,172.0,35.0,36.0,22.0,22.0,8.0,5.0,6.0,4.677165389452697,4.365276588306549,3.8897012631980337,3.721761150604536,0.20348837,0.04651163,0.13804714,,106.84291700491964,99.01514419557897,107.81514852078094,62.007989393939404,50.18528496632997,0.007219023569023497
682052,Jacob Lopez,TBR,12.1,4.0,1.0,54.0,8.0,14.0,6.0,7.0,2.0,2.0,0.0,4.378378491231003,2.930716026813293,4.539382639687572,4.562027872750171,0.14814815,0.03703704,0.11340206,,89.74581707175814,103.13905038239541,91.46995660440793,41.96532567010309,54.7727412371134,0.2592509793814433
650671,Jose Quijada,LAA,9.0,10.0,0.0,41.0,8.0,8.0,6.0,7.0,3.0,2.0,0.0,6.000000695387603,3.143929235508411,5.164692724538621,4.290577436533667,0.19512195,0.07317073,0.09937888,,103.17614906832299,94.50571428571428,96.21304347826087,57.38520813664597,47.80825894409938,-0.12919826086956515
686839,Brendan White,DET,40.2,33.0,2.0,177.0,44.0,40.0,23.0,25.0,15.0,5.0,4.0,5.0901648868953355,3.8452044043545004,3.86751398540784,3.6159212945405805,0.24858757,0.08474576,0.12705531,,98.5386361705742,101.17770684675502,98.59054706082232,62.06219818042814,56.19793636085625,-0.48990259938837905
687798,Nick Robertson,- - -,22.1,18.0,1.0,106.0,26.0,30.0,15.0,19.0,9.0,0.0,3.0,6.0447764635670485,3.88190606682995,3.912373625048354,3.76213808914603,0.24528302,0.08490566,0.13520408,,98.67956420068028,97.7349893707483,96.90866071428572,55.44589614795919,51.954505153061234,0.13504951530612255
664353,Jose Urquidy,HOU,63.0,16.0,10.0,275.0,45.0,65.0,37.0,37.0,25.0,2.0,11.0,5.285714525754771,5.382024583074065,5.44787071466054,5.243680599358737,0.16363636,0.09090909,0.11020036,,97.99111291280587,101.21814045299753,97.64686625881048,46.70380443533698,54.8627491712204,0.06181081967213117
656457,Tyler Gilbert,ARI,17.1,11.0,0.0,72.0,19.0,21.0,10.0,10.0,5.0,0.0,2.0,5.192308376747213,3.4281173053886445,3.0727453958943247,3.32030181464951,0.26388889,0.06944444,0.12547529,,99.4932699619772,95.89615547106041,94.94749049429657,40.373368022813686,46.48940133079848,0.40412779467680604
502624,Chase Anderson,- - -,86.1,19.0,17.0,372.0,64.0,90.0,52.0,53.0,33.0,7.0,17.0,5.420849620452705,5.722221917523623,5.345566690723917,5.171223513740136,0.17204301,0.08870968,0.09178744,,88.34926146522443,100.22902535401924,94.00075582130215,40.22255228427513,49.71820074450639,0.4389621725959585
656814,Luis F. Ortiz,PHI,19.0,14.0,0.0,80.0,16.0,23.0,7.0,7.0,5.0,0.0,1.0,3.3157896505168365,3.0445140324801283,3.7525997577796164,3.788135907592773,0.2,0.0625,0.09364548,,107.3371962095875,106.37022853957637,110.62506688963212,49.40924675585285,62.28699658862877,-0.6225234448160536
680767,Victor Vodnik,COL,8.2,6.0,0.0,44.0,12.0,15.0,8.0,9.0,3.0,0.0,0.0,8.30769297427685,1.52427098985606,2.2873564759838216,2.656650328993278,0.27272727,0.06818182,0.10752688,,96.92236559139783,107.90784946236559,105.12838709677418,50.93094048387097,55.7026085483871,-0.03632155913978493
612434,Miguel Castro,ARI,64.2,75.0,0.0,268.0,60.0,51.0,31.0,32.0,25.0,3.0,8.0,4.3144339308444035,4.3065869806347745,4.257944552358271,4.1209288904334365,0.2238806,0.09328358,0.11485149,,102.25000062578978,106.62604977873356,109.05032215942984,62.75408443564354,53.24672173267327,-0.5075393861386136
670102,Bowden Francis,TOR,36.1,20.0,0.0,136.0,35.0,22.0,7.0,7.0,8.0,1.0,5.0,1.7339451072588616,3.860545000127149,4.164788531996969,3.531600911151193,0.25735294,0.05882353,0.10204082,,107.49799706246135,102.11022340754482,105.2591287878788,51.68767513914657,55.6058677922078,-0.3947017810760669
686730,Carson Spiers,CIN,13.0,4.0,2.0,64.0,12.0,18.0,10.0,12.0,7.0,0.0,1.0,6.923076923076923,4.02427112872784,5.822251020028041,5.285230237520659,0.1875,0.109375,0.09965636,,98.9593365406644,97.62378923253151,94.45281649484537,45.28105604810996,49.28645237113402,0.21767024054982811
622088,Tejay Antone,CIN,5.2,5.0,1.0,21.0,7.0,3.0,1.0,1.0,2.0,0.0,0.0,1.588235489018672,1.843275480369362,2.4268114651371056,2.714055800384367,0.33333333,0.0952381,0.1,,96.80111111111111,104.9377777777778,98.57000000000001,44.792782333333335,49.751938555555554,0.2971704444444444
642048,Tayler Saucedo,SEA,47.2,52.0,0.0,207.0,43.0,41.0,19.0,20.0,23.0,6.0,2.0,3.587413496549065,3.821474069478502,4.143162133842932,4.134110757412536,0.20772947,0.11111111,0.12801014,,100.2463243279301,90.12323874324596,91.0971602961777,52.676981242078575,42.33000774397973,0.35162978453738897
543475,Jordan Lyles,KCR,177.2,31.0,31.0,748.0,120.0,176.0,124.0,130.0,45.0,6.0,39.0,6.281425981094704,5.619017879263895,5.343099127720659,5.148176430716077,0.16042781,0.06016043,0.08720312,,86.20338305762276,103.52156800087666,93.0815776372308,42.73970530662885,53.911997912087905,0.31981898263027303
660730,Elvin Rodriguez,TBR,3.1,1.0,0.0,10.0,5.0,0.0,0.0,0.0,0.0,0.0,0.0,0.0,0.25504007339474866,1.7430567938581887,0.9282052825927737,0.5,0.0,0.17021277,,99.40468085106384,115.45106382978723,117.95531914893618,59.872060000000005,67.34482,-0.84898
664028,Brett Kennedy,CIN,18.0,5.0,2.0,83.0,9.0,19.0,13.0,13.0,7.0,3.0,1.0,6.5,4.643929248385959,6.309881781869464,5.777798547789344,0.10843373,0.08433735,0.07096774,,81.41773835125447,96.70572759856631,82.36212903225807,35.06411025806452,41.80905629032258,1.1347472258064515
613534,Austin Adams,ARI,17.1,24.0,0.0,81.0,22.0,16.0,11.0,12.0,8.0,5.0,1.0,5.71154028482617,3.7165789683719126,4.68352148307286,3.7184006204201294,0.27160494,0.09876543,0.12121212,,92.63054178145087,101.62686868686866,97.97114784205695,62.83239269972451,41.55659137741047,0.019342754820936687
592741,Chasen Shreve,- - -,44.2,50.0,0.0,193.0,45.0,46.0,23.0,25.0,14.0,1.0,7.0,4.634329490948104,4.284891357485538,4.0613294209810515,3.771206482802222,0.23316062,0.07253886,0.12749004,,89.36329395969234,108.53510806590488,99.92735729609038,46.731796087012896,53.777609239491724,-0.1736530593994829
668834,Easton McGee,SEA,6.2,1.0,1.0,22.0,2.0,1.0,0.0,0.0,1.0,0.0,0.0,0.0,3.105040345191955,4.841059852399301,5.532111077345172,0.09090909,0.04545455,0.078125,,91.90250000000002,108.1803125,104.86218749999999,39.97923,65.3304,-0.29199
592254,Jose De Leon,MIN,17.1,12.0,1.0,70.0,17.0,16.0,9.0,10.0,5.0,1.0,2.0,4.67307752300304,3.8319635104851,4.048905744361102,3.724935936969205,0.24285714,0.07142857,0.1056338,,111.46851830985916,100.87731267605633,109.51707887323944,58.61975475352113,59.298264436619704,-0.5783171126760566
607755,Andrew Vasquez,- - -,48.1,42.0,0.0,219.0,43.0,46.0,18.0,21.0,23.0,7.0,4.0,3.3517247861773853,4.413661273237401,4.979748641817836,4.569565850184208,0.19634703,0.10502283,0.07134503,,111.90573922366303,95.14791878125267,97.92272260078536,58.12110053058395,47.29309854571658,-0.15585363864637897
666277,George Soriano,MIA,52.0,26.0,1.0,228.0,52.0,46.0,22.0,26.0,23.0,5.0,6.0,3.807692735417403,4.370425100174895,4.682753019396893,4.241067920893166,0.22807018,0.10087719,0.11764706,,90.54923927986907,100.21973836526428,93.83123865408686,52.96252933257918,45.502074298642526,0.40514113122171946
665734,Angel Felipe,OAK,15.0,14.0,0.0,64.0,19.0,6.0,7.0,7.0,13.0,1.0,0.0,4.200000834465192,3.521707079145654,4.62394180077343,4.986303329467773,0.296875,0.203125,0.12915129,,100.35918819188193,82.46590405904058,85.68383763837639,49.44494625498008,33.53169091633466,0.9631665737051792
686747,Joe La Sorsa,- - -,32.2,25.0,0.0,145.0,28.0,32.0,16.0,16.0,9.0,6.0,3.0,4.408164179558647,4.112183394411252,4.841592728857092,4.14899453188124,0.19310345,0.06206897,0.09426987,,105.71610396117534,96.96298489706632,96.78737378470173,48.92412665434381,49.65990735674676,0.2224297966728281
681217,Chase Silseth,LAA,52.1,16.0,8.0,221.0,56.0,41.0,23.0,26.0,26.0,2.0,9.0,3.9554141809250853,4.955677374484185,3.9837168903152547,4.2919831056490665,0.25339367,0.11764706,0.11248594,,94.13417930740647,96.68123894196201,91.77760363290975,44.135358042744656,45.27365512935882,0.44411390326209227
607644,John Means,BAL,23.2,4.0,4.0,88.0,10.0,13.0,7.0,7.0,4.0,1.0,4.0,2.6619719024973025,5.240955905804582,5.908030089018775,6.002266030491416,0.11363636,0.04545455,0.07964602,,107.48766961651917,106.96088495575223,111.40725663716813,54.02035530973452,62.710270884955754,-0.7561817404129794
570666,Luis Cessa,CIN,26.0,7.0,6.0,132.0,11.0,46.0,26.0,26.0,12.0,1.0,3.0,9.000000660236113,5.408886671348449,5.625828893288359,6.137824875752268,0.08333333,0.09090909,0.05806452,,81.55342270197956,108.69336143240548,92.47033524638046,33.35419750537634,61.424295935483876,0.13985645161290325
641427,Alan Busenitz,CIN,7.0,6.0,0.0,29.0,5.0,8.0,2.0,2.0,1.0,0.0,0.0,2.571428954601345,2.2550402104854363,4.144585353706883,4.111390296576829,0.17241379,0.03448276,0.10280374,,92.59963551401869,114.492015576324,101.00514953271029,35.918359626168225,68.21448654205608,-0.42290112149532716
592473,Adam Kolarek,- - -,6.0,5.0,0.0,22.0,7.0,2.0,0.0,0.0,1.0,1.0,0.0,0.0,1.9217068009905967,2.7483828175745586,2.278468503188687,0.31818182,0.04545455,0.08433735,,120.25124086087939,94.50492019359488,103.66342910101949,60.28688578313252,54.20298602409639,-0.2320665060240964
666720,Yerry Rodriguez,TEX,13.2,13.0,1.0,66.0,15.0,20.0,12.0,12.0,6.0,0.0,1.0,7.902440012387882,3.328211100352514,4.675553951124112,4.276256399068868,0.22727273,0.09090909,0.12589928,,109.88827338129498,97.41028776978418,103.16043165467627,56.53192974820144,53.95857158273382,-0.2598396043165467
622251,Josh Staumont,KCR,20.0,21.0,1.0,89.0,24.0,16.0,12.0,12.0,13.0,2.0,1.0,5.400000555217323,3.755040410906082,4.5103894794271735,4.363217264542579,0.26966292,0.14606742,0.11911357,,95.69670272171659,92.13742528836711,90.18771402189685,54.25810675900277,35.8491515235457,0.725513213296399
663465,Kolby Allard,ATL,12.1,4.0,3.0,56.0,13.0,16.0,9.0,9.0,4.0,0.0,2.0,6.567568244683368,4.228013432783495,4.398849651787401,4.275826261681248,0.23214286,0.07142857,0.11,,86.76832191780822,102.82391917808219,87.58722465753425,34.55443375,56.854347749999995,0.22795680000000001
572971,Dallas Keuchel,MIN,37.2,10.0,6.0,172.0,25.0,45.0,25.0,25.0,18.0,2.0,3.0,5.97345173074177,4.555925403080834,4.837356022573364,5.106253314380005,0.14534884,0.10465116,0.08510638,,86.90076028368794,97.6844085106383,87.40519432624113,42.476724361702125,44.27742197568389,0.5329615349544073
686973,Louie Varland,MIN,68.0,17.0,10.0,283.0,71.0,66.0,35.0,35.0,17.0,1.0,16.0,4.63235313607748,5.019746316098015,3.8087864607395607,3.766120451320539,0.25088339,0.06007067,0.12557287,,97.88277917995363,110.63555340508644,109.65520272846575,53.397420705774515,63.640542832263975,-0.5188762144821265
571901,Aaron Loup,LAA,48.2,55.0,0.0,231.0,45.0,65.0,33.0,37.0,20.0,2.0,6.0,6.102741233354744,4.364629674652479,4.596430993137838,4.331518279050481,0.19480519,0.08658009,0.09415971,,111.18009169874978,97.52601669830244,102.87675521052836,58.44132527912619,61.87959754854367,-0.5902612621359224
656794,Sean Newcomb,OAK,15.0,7.0,2.0,61.0,17.0,8.0,5.0,5.0,9.0,2.0,1.0,3.0000001907348754,4.0550404103597035,4.621278633116931,4.47239283917045,0.27868852,0.14754098,0.07829181,,91.22243292097386,111.11781562447042,100.09775348810938,45.10609768683274,50.54064295373664,0.2665794661921708
683232,Nick Mears,COL,19.1,16.0,0.0,87.0,21.0,14.0,8.0,8.0,14.0,1.0,1.0,3.7241381759734433,4.082626620824502,5.633685978150902,5.007471816606875,0.24137931,0.16091954,0.08815427,,92.37858649187804,94.72538045027075,88.28521136126153,52.72985652892563,38.17708859504132,0.579450220385675
696147,Sam Bachman,LAA,17.0,11.0,0.0,77.0,14.0,17.0,6.0,7.0,11.0,1.0,0.0,3.176470766430505,3.7256286211904786,4.698188531014396,4.870369625124377,0.18181818,0.14285714,0.11356467,,99.46969716088329,92.52176340694005,97.14982018927445,62.29130466876972,42.95142479495268,0.45243624605678234
622098,Drew Smith,NYM,56.1,62.0,0.0,244.0,60.0,50.0,26.0,31.0,29.0,5.0,7.0,4.153846783805217,4.550898544188442,5.2247703057012185,4.420084679393723,0.24590164,0.11885246,0.09870849,,99.89179229289402,95.11112410158093,95.36729773812642,52.370428442776735,41.53382348968105,0.3122887335834897
628708,Yunior Marte,PHI,39.1,40.0,0.0,182.0,38.0,47.0,22.0,27.0,17.0,1.0,6.0,5.033899631125775,4.678769548098299,4.293024530809181,4.188752515663028,0.20879121,0.09340659,0.11285714,,110.81527428571428,96.29045333333332,105.4918819047619,58.935787357142836,47.95974360000001,-0.3741355
656232,Brandon Bielak,HOU,80.0,15.0,13.0,353.0,62.0,86.0,34.0,43.0,36.0,5.0,12.0,3.82500022798778,5.192540474981077,4.895892211249581,5.020853270127806,0.17563739,0.101983,0.09654179,,84.76355715720484,97.65993896937854,85.7325727566907,36.15555363112392,42.643584452449566,1.0029187680115275
650893,Genesis Cabrera,- - -,55.2,61.0,0.0,239.0,58.0,49.0,25.0,28.0,24.0,2.0,8.0,4.041917473233143,4.440669484978793,4.5623683419169865,4.082742908508985,0.24267782,0.10041841,0.13354364,,108.1114181131872,100.0481781121087,107.43298835773413,49.609701460967955,44.23668824010125,0.08872256261224794
676106,Emerson Hancock,SEA,12.0,3.0,3.0,49.0,6.0,13.0,6.0,6.0,3.0,0.0,1.0,4.5,4.088373692830404,5.07173005193472,5.311588288314922,0.12244898,0.06122449,0.07731959,,86.96350515463917,107.26350515463918,93.02113402061855,37.384594639175255,57.83967525773196,0.21859257731958762
552640,Andrew Kittredge,TBR,11.2,14.0,0.0,50.0,10.0,12.0,4.0,4.0,2.0,1.0,1.0,3.0857150214060765,3.426468971797408,4.154489671201201,3.852441282592774,0.2,0.04,0.09090909,,106.95629946524065,113.21256327985739,115.1494973262032,59.35356668449197,69.40974818181819,-1.2905817112299467
680739,Josh Winder,MIN,34.2,19.0,0.0,147.0,28.0,35.0,16.0,16.0,14.0,0.0,3.0,4.153846465712491,3.976194259794378,4.997372093994719,4.628377824572079,0.19047619,0.0952381,0.09285714,,93.7796094642857,99.70797660714285,94.07338446428571,39.75716805357142,53.99317401785713,0.37250528571428576
622075,Yency Almonte,LAD,48.0,49.0,0.0,208.0,49.0,43.0,27.0,30.0,24.0,4.0,6.0,5.0625006412156734,4.588373861710252,4.547835954111257,4.302893227361785,0.23557692,0.11538462,0.12219451,,114.83420001874397,98.962764453246,112.91549137776474,66.57894586956522,48.35430464194372,-0.4168461636828645
672582,Angel Zerpa,KCR,42.2,15.0,3.0,182.0,36.0,46.0,23.0,24.0,8.0,4.0,7.0,4.8515626841235715,4.544102908418791,4.038808522036813,3.8099976283509625,0.1978022,0.04395604,0.08769448,,96.2895718422774,101.64788861805435,98.93134580228208,40.354639872701554,56.07743637906648,0.1918974964639321
681432,Luke Little,CHC,6.2,7.0,0.0,30.0,12.0,5.0,0.0,0.0,4.0,1.0,0.0,0.0,1.9050398203728431,2.649048406771059,2.8649430558915294,0.4,0.13333333,0.17647059,,101.57691176470587,100.00951680672269,99.3898949579832,62.82236080882353,31.996286250000004,0.7103063970588236
677865,Justin Bruihl,- - -,28.0,27.0,0.0,121.0,22.0,28.0,17.0,18.0,11.0,3.0,2.0,5.4642863133352675,4.1121833106084855,4.836963715444831,4.493541228235296,0.18181818,0.09090909,0.1047836,,105.80143507972666,87.94040546697039,92.63117995444192,52.89951275014644,41.44097005610153,0.2381245386267491
683769,Hunter Gaddis,CLE,42.0,11.0,7.0,182.0,24.0,41.0,21.0,21.0,14.0,4.0,6.0,4.500000204358791,5.2550404503232,6.4290425287372575,5.93658987762748,0.13186813,0.07692308,0.0727802,,93.5577963078487,99.4595698343384,93.02027023405189,43.80652662337663,51.356454594155835,0.40738131493506485
598264,Matt Barnes,MIA,21.1,24.0,1.0,99.0,20.0,25.0,13.0,13.0,10.0,1.0,2.0,5.484376131360711,4.145665543222314,4.399432001433102,4.353201861791254,0.2020202,0.1010101,0.0775,,88.41624999999998,105.32475000000001,93.87915,33.13102875,43.920219124999996,0.6882202249999999
543351,Jay Jackson,TOR,29.2,25.0,0.0,116.0,27.0,18.0,7.0,8.0,9.0,1.0,4.0,2.123595841258174,4.198860733389592,4.285173372212013,3.886772061244006,0.23275862,0.07758621,0.14446953,,98.30193634747714,97.4983857318895,96.25792030621257,39.3793193227991,52.33536957110609,0.3951413769751694
606160,Rafael Montero,HOU,67.1,68.0,0.0,298.0,79.0,74.0,38.0,40.0,29.0,3.0,11.0,5.079208255009911,4.4580107356836285,4.102188825404912,3.7559439350865302,0.26510067,0.09731544,0.13157895,,100.86762816131234,107.48597174755069,108.79418546365916,53.319077540849655,62.46105048202616,-0.4445776307189544
621389,Ty Blach,COL,78.0,20.0,13.0,352.0,50.0,104.0,48.0,51.0,24.0,6.0,15.0,5.538461745843387,5.626835320101298,5.013352042021868,5.145131264462598,0.14204545,0.06818182,0.07041139,,84.294896476812,101.576965536099,80.1761970683071,33.53797143987342,63.17486393196201,0.1300485522151899
685314,Andrew Saalfrank,ARI,10.1,10.0,0.0,41.0,6.0,7.0,0.0,2.0,4.0,0.0,0.0,0.0,3.2550403594970705,3.735045817707147,3.644987908101088,0.14634146,0.09756098,0.1474359,,92.80507495069034,90.43171597633138,88.72168244575937,41.80578230769231,29.147948141025637,1.0844219871794871
642239,Rob Zastryzny,PIT,20.2,21.0,1.0,97.0,15.0,24.0,11.0,15.0,13.0,0.0,1.0,4.79032436518005,4.319556885092637,5.850549263011736,5.635586411612679,0.15463918,0.13402062,0.1025641,,104.68651265765907,89.66974487316605,92.40669825860414,56.75245853333333,43.97824653333333,0.13166405333333334
664849,Danny Young,ATL,8.1,8.0,0.0,35.0,11.0,7.0,1.0,1.0,2.0,3.0,0.0,1.0800001725197115,2.4150402253150727,3.6054536783163367,2.718346509191978,0.31428571,0.05714286,0.1037037,,102.39659259259258,87.1551111111111,83.86133333333333,51.5917177037037,53.751368148148146,-0.07597444444444437
661527,Seth Martinez,HOU,43.0,35.0,0.0,195.0,45.0,45.0,25.0,29.0,19.0,6.0,5.0,5.232558614615215,4.417831162744896,4.713355199707971,4.161136857348099,0.23076923,0.0974359,0.10849673,,104.35096808919646,95.58165013456363,97.01874817377934,58.462917992021275,49.095532393617034,-0.01611102393617023
656986,Bennett Sousa,- - -,9.0,7.0,0.0,34.0,10.0,6.0,4.0,4.0,2.0,0.0,1.0,4.000000860956165,3.1439292244705106,3.5365423689207462,3.013189361951673,0.29411765,0.05882353,0.12857143,,105.69057142857143,90.97571428571428,94.93085714285714,52.459744428571426,49.449253142857145,0.30276257142857144
595411,Ryan Sherriff,BOS,6.2,5.0,0.0,29.0,5.0,6.0,2.0,2.0,2.0,1.0,0.0,2.7000006558002636,3.1050403230637227,5.3370657330306415,4.690788632637348,0.17241379,0.06896552,0.11320755,,98.12999376735225,96.34788146637203,91.90519802821689,56.932499716981134,55.31093094339622,-0.4724891509433963
641302,Tyler Alexander,DET,44.0,25.0,1.0,181.0,44.0,44.0,22.0,25.0,5.0,2.0,8.0,4.500000496818315,4.095949543245948,4.137188462635429,3.480311304629474,0.24309392,0.02762431,0.07511046,,99.14593928980528,111.66095409172728,106.59357261867571,41.492635832106046,74.28287972017677,-0.8211029307805597
656353,Tucker Davidson,- - -,51.1,38.0,1.0,236.0,46.0,64.0,34.0,37.0,19.0,3.0,6.0,5.9610399254400575,4.268027536369237,4.423370896671564,4.272527886176702,0.19491525,0.08050847,0.10743802,,95.32420710811387,95.32796753054971,93.2353253106099,45.87123651711924,48.03798114521842,0.4463610271546635
682120,Tim Herrin,CLE,27.2,23.0,0.0,121.0,32.0,29.0,17.0,18.0,12.0,2.0,3.0,5.530121395335083,3.8694982923120795,4.013612012598514,3.759815665946268,0.26446281,0.09917355,0.11764706,,100.3292388733271,102.41198716153129,103.68311204481792,66.45381086274509,44.289526705882366,-0.008865745098039255
678061,Ray Kerr,SDP,27.0,22.0,0.0,114.0,35.0,25.0,13.0,15.0,9.0,1.0,5.0,4.333333983833505,4.18096642441876,3.2432048797501185,3.087243806248281,0.30701754,0.07894737,0.14849188,,100.93015704986557,93.57794504750855,95.14292647221302,43.349361392111376,43.62444157772622,0.7405360092807425
573204,Caleb Thielbar,MIN,30.2,36.0,0.0,120.0,36.0,23.0,11.0,12.0,6.0,0.0,7.0,3.228261482379109,4.46156232765896,3.4889756722573657,2.9295752825927734,0.3,0.05,0.10165975,,111.20807630244354,102.88897418165054,110.21518787459661,53.14719191082803,58.068126029724,-0.4380422929936304
660787,Yerry De Los Santos,PIT,24.1,22.0,0.0,104.0,18.0,17.0,9.0,10.0,13.0,1.0,1.0,3.3287677212356694,4.035862417564696,4.860535240180585,4.919305285333686,0.17307692,0.125,0.06549118,,93.93869017632242,99.06171284634759,92.127959697733,40.21711060453399,54.557640806045356,0.32649889168765744
641871,Keynan Middleton,- - -,50.2,51.0,0.0,212.0,64.0,40.0,19.0,20.0,23.0,1.0,8.0,3.3750003798326023,4.20240888716938,3.2592632474914858,3.3370103872623704,0.30188679,0.10849057,0.17016317,,100.30295374659013,90.32971433448705,92.95608616131342,58.682883997669,45.848050034965034,0.4007228554778555
657044,Ryan Thompson,- - -,30.2,31.0,0.0,121.0,21.0,20.0,13.0,14.0,8.0,4.0,3.0,3.8152179709391842,4.331127479505558,4.40722946439641,3.986965104800713,0.17355372,0.0661157,0.0738255,,120.85386246474077,90.47455685244627,107.80186129753912,57.396591096196865,48.11663787472036,-0.24146659955257274
689147,Orion Kerkering,PHI,3.0,3.0,0.0,14.0,6.0,3.0,1.0,1.0,2.0,0.0,0.0,3.0,1.255040359497071,1.255040359497071,2.5517644585171606,0.42857143,0.14285714,0.14754098,,124.54997861724877,110.87240199572345,134.14179615110478,74.89975229508195,74.15208540983608,-1.9138706557377048
680232,Jackson Wolf,SDP,5.0,1.0,1.0,22.0,1.0,6.0,3.0,3.0,1.0,0.0,0.0,5.4,3.4550403594970707,5.10839211344719,5.288328011236637,0.04545455,0.04545455,0.02631579,,89.68986666666666,108.24586666666667,100.68133333333334,49.07551,57.94104,0.14469
543507,Trevor May,OAK,46.2,49.0,0.0,205.0,40.0,35.0,17.0,21.0,29.0,3.0,4.0,3.2785717621780512,4.712183364909538,5.688206753146124,5.300246345690822,0.19512195,0.14146341,0.10282776,,89.15629514719933,101.24944203134083,94.54024165509361,52.76360959264125,50.20273098554532,0.1762950722733245
686651,Levi Stoudt,CIN,10.1,4.0,2.0,55.0,9.0,16.0,11.0,11.0,8.0,0.0,1.0,9.580645483657806,5.093750098784932,5.595705208589251,5.765433071174739,0.16363636,0.14545455,0.08035714,,93.92724505163513,95.84485692771084,91.82882207401032,46.713787633928575,41.66360767857143,0.5898976785714284
472610,Luis Garcia,SDP,59.2,61.0,0.0,267.0,53.0,59.0,27.0,30.0,24.0,6.0,6.0,4.0726263702869305,4.294146676195793,4.012146879323462,3.8178666269008876,0.19850187,0.08988764,0.11089109,,112.43944074638229,95.18135806042142,106.36620393500887,66.34284841463418,46.54730644308945,-0.09477571138211387
674444,Steven Cruz,KCR,12.2,10.0,4.0,62.0,15.0,11.0,7.0,7.0,11.0,1.0,1.0,4.973684858045834,4.755040554780734,6.078224798447692,5.431275652799742,0.24193548,0.17741935,0.08979592,,106.94427210884353,76.15819780219779,86.58181894296179,60.35666889795919,35.50648632653061,0.6828148571428571
681869,Shawn Dubin,HOU,9.0,3.0,1.0,42.0,11.0,12.0,7.0,7.0,3.0,1.0,1.0,7.0,3.588373692830404,3.9809867527749807,3.639563224803297,0.26190476,0.07142857,0.09883721,,99.37709302325582,91.55744186046512,92.36116279069766,55.35421122093023,40.45099627906977,0.4657808139534883
606930,Jacob Barnes,STL,13.2,13.0,0.0,61.0,8.0,18.0,9.0,11.0,3.0,1.0,1.0,5.926830913998303,3.913577127719104,5.502874166552987,4.842371263366218,0.13114754,0.04918033,0.10047847,,97.66210526315791,103.00239234449761,101.03090909090909,49.76690363636364,50.53934516746413,-0.30867751196172255
623381,Thomas Pannone,MIL,2.2,1.0,0.0,14.0,4.0,5.0,2.0,2.0,1.0,0.0,0.0,6.750001609325793,1.380039912462128,3.8600681346721117,3.2369889588599574,0.28571429,0.07142857,0.11864407,,93.98305084745763,94.97932203389831,88.51966101694914,40.10258,35.16574,0.71939
670167,John Schreiber,BOS,46.2,46.0,2.0,204.0,53.0,41.0,20.0,22.0,25.0,4.0,6.0,3.8571433358351173,4.51932623068747,4.477630097263587,4.162312256499364,0.25980392,0.12254902,0.10583942,,100.3755030149159,107.39529355760078,106.18250290912938,61.55200239659369,58.0089340024331,-0.6892043552311435
668754,Braden Bristo,- - -,7.0,3.0,0.0,30.0,5.0,5.0,2.0,3.0,4.0,0.0,0.0,2.5714285714285716,3.540754645211356,6.138878829990114,5.572655286854773,0.16666667,0.13333333,0.10526316,,98.87245614035086,110.6922807017544,105.24298245614035,44.05447684210527,61.2915597368421,-0.571318947368421
657097,Jacob Webb,- - -,53.2,54.0,0.0,232.0,57.0,39.0,22.0,22.0,30.0,4.0,6.0,3.689441680830149,4.48485425310712,4.849098174657541,4.429769767783513,0.24568966,0.12931034,0.15086207,,101.12494597701146,101.90206939655174,102.91092931034483,62.5476451400862,56.48519728448276,-0.4152688900862068
611093,Silvino Bracho,CIN,7.1,5.0,0.0,31.0,6.0,5.0,3.0,3.0,6.0,0.0,0.0,3.681818850153855,4.073222326197927,6.327793309023292,6.2044254694364644,0.19354839,0.19354839,0.0952381,,80.21002442002442,105.70355311355313,89.04489621489623,38.783426507936504,52.24328761904762,0.30090563492063493
622065,Alex Young,CIN,53.2,63.0,0.0,236.0,50.0,53.0,23.0,27.0,20.0,1.0,10.0,3.8571442287112734,4.987960230367353,4.260028539233751,4.090210482720494,0.21186441,0.08474576,0.14789534,,97.38032744800611,95.02798944067378,94.21547217927152,42.800821927990704,51.48941433217189,0.2622926248548199
663362,Matt Waldron,SDP,41.1,8.0,6.0,173.0,31.0,39.0,20.0,20.0,12.0,0.0,9.0,4.354838944126503,5.456653381249914,4.786032249500238,4.7381536239113045,0.17919075,0.06936416,0.08023774,,94.10624442793463,110.14813428677564,103.66055627786034,40.24415423476969,69.62901457652303,-0.6303528528974739
592773,Ryne Stanek,HOU,50.2,55.0,0.0,213.0,51.0,42.0,23.0,24.0,21.0,1.0,8.0,4.0855266986869205,4.597145748437701,5.057173786041725,4.295173799159592,0.23943662,0.09859155,0.14682081,,108.6265499587118,98.72405615194057,108.3517456647399,67.9646379768786,47.21809120231212,-0.2837085549132947
676050,Packy Naughton,STL,5.0,4.0,0.0,17.0,5.0,2.0,0.0,0.0,1.0,0.0,0.0,0.0,1.8550400757789038,2.8470513291858017,2.6197637577345345,0.29411765,0.05882353,0.10294118,,96.77647058823531,90.20147058823531,90.52294117647061,45.693869852941184,38.81124132352941,0.9833305882352941
621383,Tanner Banks,CHW,61.0,32.0,3.0,255.0,51.0,59.0,30.0,32.0,16.0,4.0,10.0,4.4262298628451875,4.697663425905873,4.707741927730773,4.22718668790348,0.2,0.0627451,0.09821429,,102.43867561078771,106.27101128277853,108.26876809971637,45.81134197420636,57.866460327380956,-0.029171190476190486
689690,Alek Jacob,SDP,3.0,3.0,0.0,10.0,5.0,0.0,0.0,0.0,1.0,0.0,0.0,0.0,0.9217062148780117,1.4728236578148148,1.6530452825927735,0.5,0.1,0.19148936,,129.00212765957448,95.44425531914894,109.72340425531915,55.21838191489362,49.59752574468085,0.18465446808510647
681190,Randy Vasquez,NYY,37.2,11.0,5.0,166.0,33.0,30.0,12.0,12.0,18.0,4.0,5.0,2.8672569759469972,4.980704280205911,5.274178138289232,4.936458729434641,0.19879518,0.10843373,0.06875934,,104.79294543341224,88.91566795603208,89.9239780306537,51.115032286995515,49.548627040358745,0.12502705530642752
669111,John McMillon,KCR,4.0,4.0,0.0,13.0,8.0,1.0,1.0,1.0,0.0,0.0,1.0,2.25,2.5050403594970705,0.9083921134471895,0.23408930728375021,0.61538462,0.0,0.25454545,,108.77239160839159,100.31208391608392,113.31723076923075,66.5184010909091,44.55761945454545,-0.0674238181818182
660593,Denyi Reyes,NYM,19.2,9.0,3.0,90.0,17.0,25.0,17.0,17.0,8.0,1.0,3.0,7.779662046529205,4.882159218901871,4.748620485308813,4.7247054909156905,0.18888889,0.08888889,0.1043956,,89.08100783475781,107.843516992267,97.0790394790395,41.7312964010989,61.52475489010989,0.0474812912087912
657697,Vinny Nittoli,NYM,3.2,3.0,0.0,15.0,3.0,4.0,1.0,1.0,0.0,1.0,0.0,2.4545459200528925,2.436858386146106,5.59325778775654,4.209778613332107,0.2,0.0,0.09259259,,94.4942760942761,120.46579124579124,119.59693602693605,61.88116333333333,59.09058592592593,-1.5575012962962962
641755,Tyler Kinley,COL,16.1,18.0,0.0,76.0,17.0,21.0,11.0,11.0,6.0,1.0,3.0,6.061225757952649,4.846877427242211,5.293439711119069,4.477411239787537,0.22368421,0.07894737,0.09731544,,85.91513391100105,115.02653711103711,105.20711243264034,43.87654087248322,54.76196684563758,0.4104169798657718
669796,Jose Hernandez,PIT,50.2,50.0,0.0,223.0,62.0,47.0,28.0,30.0,22.0,1.0,9.0,4.973685683048356,4.478724932310555,3.9969030440270616,3.6472806813703254,0.27802691,0.09865471,0.125,,102.93156953347574,93.2824341329966,94.42219144975391,46.922623182870346,46.420192442129625,0.5774605208333335
661440,Mauricio Llovera,- - -,35.0,30.0,0.0,160.0,29.0,36.0,19.0,25.0,15.0,4.0,3.0,4.885714992941745,4.340754802373015,4.785343663310632,4.531210790405273,0.18125,0.09375,0.06602254,,113.84801466083267,96.01523956689817,105.6125350119553,52.204689243156196,61.10184011272141,-0.49747510466988726
543859,Michael Tonkin,ATL,80.0,45.0,0.0,325.0,75.0,64.0,38.0,41.0,23.0,2.0,13.0,4.275000410880933,4.430040472429257,4.301562564821068,3.87072357797805,0.23076923,0.07076923,0.11379579,,98.84367230910418,106.03037791026573,100.44235920096551,42.97819264224474,64.29582941543256,-0.4995774201091193
641420,Zack Burdi,TBR,4.0,3.0,0.0,20.0,5.0,6.0,5.0,6.0,2.0,0.0,0.0,11.25,2.2550403594970705,4.321730051934719,3.9285177825927735,0.25,0.1,0.18421053,,93.87265350877193,108.99031432748538,109.00135964912279,54.423315526315776,63.82784934210526,-0.562795
678606,Jose A. Ferrer,WSN,34.0,39.0,0.0,142.0,25.0,37.0,19.0,19.0,13.0,1.0,4.0,5.02941327681327,4.549158395636158,4.089562333542667,4.161841327611915,0.17605634,0.0915493,0.07321429,,105.04959700538112,99.13036076219962,101.7337584181041,50.818534535714285,48.99854741071428,0.1547850714285714
681982,Grant Anderson,TEX,35.2,26.0,0.0,154.0,30.0,38.0,20.0,20.0,14.0,1.0,5.0,5.046730183630741,4.6569098549500545,4.688706222154263,4.429544698500396,0.19480519,0.09090909,0.08361204,,103.22117168338909,102.68244147157192,106.56880769230767,52.53897864548495,53.77182802675585,-0.19578518394648828
670871,Guillo Zuniga,STL,2.0,2.0,0.0,8.0,4.0,2.0,1.0,1.0,0.0,0.0,0.0,4.5,-0.7449596405029295,0.9083921134471895,1.0249302825927735,0.5,0.0,0.06976744,,121.93162790697673,110.31534883720929,125.9860465116279,64.13484186046512,67.14702348837208,-0.8996339534883719
622259,Trey Wingenter,DET,17.0,17.0,0.0,76.0,22.0,16.0,11.0,11.0,7.0,3.0,2.0,5.82352976908323,3.960922755749583,4.18211874409238,3.4315074993305283,0.28947368,0.09210526,0.13915858,,99.32278317152102,81.49249190938511,81.04750809061491,49.28602925566343,28.066897799352752,1.2070252750809058
660825,Eduard Bazardo,- - -,16.0,12.0,0.0,67.0,15.0,15.0,8.0,8.0,4.0,0.0,2.0,4.5000002766028215,3.7550403902307172,3.8867266368971154,3.766047647460771,0.2238806,0.05970149,0.12962963,,105.11859259259258,104.52185185185188,106.71518518518518,50.13112648148147,55.75828296296296,-0.34074651851851845
623451,Jackson Stephens,ATL,12.0,5.0,0.0,52.0,11.0,13.0,4.0,4.0,5.0,0.0,1.0,3.000000238418598,3.7550403992335033,4.0495002175935,4.281146264601105,0.21153846,0.09615385,0.10619469,,92.80871547331725,118.08333869670155,108.1763073209976,30.660357035398228,61.73389274336283,0.052460796460177025
672710,Roansy Contreras,PIT,68.1,19.0,11.0,302.0,55.0,75.0,50.0,50.0,32.0,1.0,11.0,6.585366162886455,5.186747767277097,5.199063903372405,5.174023949642272,0.18211921,0.10596026,0.11441048,,90.25509920562531,99.55479727897408,89.20320652985471,47.00179392139738,50.56667323144105,0.29772246288209603
571479,Andrew Bellatti,PHI,24.2,27.0,0.0,113.0,25.0,25.0,14.0,15.0,12.0,0.0,4.0,5.108109307461383,4.795581261747329,4.966417503249353,4.4677854652279425,0.22123894,0.10619469,0.15570175,,101.06117763157897,84.57310526315788,89.58835307017542,47.71681929384965,48.45581193621868,0.5423608883826878
656641,Jacob Latz,TEX,6.1,3.0,0.0,22.0,5.0,1.0,0.0,0.0,3.0,0.0,0.0,0.0,3.097145614729694,5.185590040334887,4.890084205888621,0.22727273,0.13636364,0.13541667,,99.97520833333333,87.63395833333334,88.43645833333333,54.19762458333333,41.780554895833326,0.4601866666666667
663546,Sean Hjelle,SFG,29.0,15.0,0.0,139.0,31.0,38.0,21.0,25.0,13.0,4.0,3.0,6.517242263386968,4.220557731850695,4.0159727068225575,3.8542273093740134,0.22302158,0.09352518,0.09496124,,109.69354777391665,93.89477843119784,102.85843914283167,50.570816046511624,47.06978424418605,0.3324904651162791
663978,Chris Paddack,MIN,5.0,2.0,0.0,22.0,8.0,6.0,3.0,3.0,1.0,0.0,1.0,5.4,3.2550403594970705,1.9777217626571657,2.204879664208939,0.36363636,0.04545455,0.16455696,,103.17100339610991,92.70497684470516,95.9292312442112,48.96766392405063,55.36621455696203,0.1402307594936709
685410,Peyton Battenfield,CLE,34.2,7.0,6.0,146.0,27.0,34.0,20.0,22.0,12.0,0.0,7.0,5.192307930373592,5.36080968681525,4.834294581149827,4.854602743981226,0.18493151,0.08219178,0.1215971,,84.94480270804871,93.51524378555843,76.5094390179245,35.32194800362977,40.895852631578954,1.1185522323049002
600986,Thyago Vieira,MIL,3.0,2.0,0.0,10.0,2.0,0.0,0.0,1.0,1.0,0.0,0.0,0.0,2.9217070261637375,5.67729328274727,5.671005282592773,0.2,0.1,0.11111111,,113.06272380952382,105.54323809523811,112.93251428571428,62.16801666666667,58.85601,-0.6631966666666667
643396,Isiah Kiner-Falefa,NYY,4.0,4.0,0.0,16.0,1.0,4.0,1.0,1.0,0.0,0.0,0.0,2.25,2.7550403594970705,6.888419744372368,7.1317935638427725,0.0625,0.0,0.03921569,,37.03137254901961,95.84431372549018,43.16901960784313,20.0,42.820049215686275,2.3467984313725494
657508,Mike Baumann,BAL,64.2,60.0,0.0,273.0,61.0,52.0,27.0,29.0,33.0,2.0,7.0,3.757732875457714,4.399370535562383,4.807432096919768,4.547514235251122,0.22344322,0.12087912,0.10624418,,99.51108064507336,97.77137846557991,99.47387057656569,53.54610071761416,48.466862935694294,0.26083269338303827
671111,Sammy Peralta,CHW,20.0,16.0,0.0,90.0,18.0,19.0,9.0,11.0,11.0,0.0,2.0,4.050001025945208,4.405040650814845,5.006395320192491,4.849373674619266,0.2,0.12222222,0.08707124,,105.45026762156051,98.20839803995476,97.36817188088956,51.93983543535621,59.79084422163589,-0.16985794195250667
676083,Janson Junk,MIL,7.1,2.0,1.0,33.0,5.0,8.0,4.0,5.0,2.0,0.0,1.0,4.909091760304496,4.482313299573194,4.06232829816349,4.34189069091169,0.15151515,0.06060606,0.03636364,,93.6670909090909,113.88667599067597,105.06015850815852,43.884792272727275,59.00120936363636,-0.17197536363636365
670241,Darius Vines,ATL,20.1,5.0,2.0,84.0,14.0,15.0,9.0,10.0,7.0,1.0,3.0,3.9836066196567756,4.9763518618179,5.579002905950587,5.085045113850188,0.16666667,0.08333333,0.11326861,,82.03348563666148,99.08054624635423,83.35892053218267,37.72175207119741,48.93118245954693,0.5795864724919094
666204,Dany Jimenez,OAK,23.1,25.0,1.0,94.0,21.0,11.0,9.0,9.0,14.0,0.0,3.0,3.471429075410245,4.9264691735834845,5.522494522674538,5.201934715404617,0.22340426,0.14893617,0.09852217,,97.06814778325125,90.62578325123154,89.96978325123152,45.07436430079156,35.30620166226913,0.9600274142480213
669165,Kyle Hurt,LAD,2.0,1.0,0.0,6.0,3.0,0.0,0.0,0.0,0.0,0.0,0.0,0.0,0.2550403594970705,1.08171623647213,0.6972219501664403,0.5,0.0,0.20833333,,99.68,112.69,102.31,49.65113,76.95594,-0.90177
694363,Jared Shuster,ATL,52.2,11.0,11.0,230.0,30.0,53.0,34.0,34.0,26.0,1.0,7.0,5.810126968042137,5.381622779172623,6.133802358772979,6.124770087869042,0.13043478,0.11304348,0.09027778,,80.46189814814815,96.72527777777779,80.32060185185186,38.060873750000006,48.21580829861112,0.7794048032407406
624522,Keegan Thompson,CHC,28.2,19.0,0.0,125.0,26.0,20.0,15.0,15.0,19.0,1.0,2.0,4.709302596485972,4.441086939352797,5.437387271561452,5.203124962592775,0.208,0.152,0.09832636,,99.61745594474566,84.51570327626814,84.95504189326654,49.43764034482759,41.66467577586206,0.6841402801724139
622554,Seranthony Dominguez,PHI,50.0,57.0,0.0,224.0,48.0,48.0,21.0,25.0,22.0,6.0,7.0,3.7800007818104455,4.835040686285564,4.899861699195507,4.343556951468702,0.21428571,0.09821429,0.12922002,,115.7264891346527,86.52170976772545,102.46621757026443,62.305981920838185,42.87798038416764,0.12969748544819548
543339,Daniel Hudson,LAD,3.0,3.0,0.0,14.0,5.0,2.0,0.0,0.0,3.0,0.0,0.0,0.0,2.9217070261637375,4.5750587801138565,4.588958340070855,0.35714286,0.21428571,0.15625,,100.6090625,78.4471875,79.2125,53.457440468749994,41.2526546875,1.086968125
683175,Connor Phillips,CIN,20.2,5.0,5.0,96.0,26.0,18.0,16.0,16.0,13.0,1.0,5.0,6.9677421498373135,5.916330763948823,5.011194402745587,4.651448506308535,0.27083333,0.13541667,0.09186352,,104.66871653543309,87.60682152230972,92.71293044619422,52.94855981627297,48.448474199475065,0.17754965879265094
682175,Joe Jacques,BOS,26.2,23.0,1.0,122.0,20.0,32.0,15.0,17.0,10.0,6.0,2.0,5.062500697793535,4.5300405352376645,4.8570550865476765,4.121238863768132,0.16393443,0.08196721,0.06636156,,108.3020442410374,97.00657077476298,101.58269859431185,48.11373329519451,51.83578073226545,-0.062464118993135094
663423,Trent Thornton,- - -,31.1,27.0,1.0,125.0,26.0,30.0,7.0,12.0,6.0,0.0,5.0,2.0106385095106747,4.244402165764228,4.17506279623491,3.8925899209734216,0.208,0.048,0.09586057,,101.79824536955255,113.44578545866126,113.11672783895003,58.11863923747276,65.66218610021787,-1.005836100217865
663687,Hogan Harris,OAK,63.0,14.0,6.0,284.0,56.0,67.0,50.0,51.0,28.0,3.0,10.0,7.142857470615125,5.0169452022488015,5.210409510169146,4.781444994498237,0.1971831,0.09859155,0.09017133,,98.60714329350051,92.49410355007424,88.83855758128142,44.90207064923354,54.94303406672678,0.16024834986474304
672782,Yoendrys Gomez,NYY,2.0,1.0,0.0,8.0,4.0,1.0,0.0,0.0,0.0,1.0,0.0,0.0,0.7550403594970705,1.58171623647213,0.7873052825927735,0.5,0.0,0.12903226,,101.57333333333332,118.64533333333333,114.60466666666667,54.42362,76.76267,-1.14992
664202,Tyler Cyr,LAD,1.2,2.0,0.0,6.0,2.0,1.0,0.0,0.0,0.0,0.0,0.0,0.0,0.8550393581386206,1.8470508244081294,1.3634719531134403,0.33333333,0.0,0.15384615,,90.83,99.81384615384614,93.49615384615383,45.27981,48.05167615384615,0.47509538461538475
613564,Jason Vosler,CIN,2.0,2.0,0.0,11.0,0.0,5.0,1.0,1.0,0.0,0.0,0.0,4.5,3.2550403594970705,8.215095621347427,6.840268089166146,0.0,0.0,0.04,,62.096,100.368,72.404,20.0,51.12479799999999,2.6427020000000003
669276,Dylan Lee,ATL,23.2,24.0,1.0,101.0,24.0,24.0,11.0,14.0,8.0,0.0,4.0,4.18309962048345,4.438139242058046,4.057314314696376,3.897720864812503,0.23762376,0.07920792,0.14540816,,103.82611145037166,103.69394635524738,103.67103537940272,46.099543412698424,61.59486076719579,-0.203459708994709
608334,Carson Fulmer,LAA,10.0,3.0,1.0,39.0,6.0,6.0,3.0,3.0,4.0,1.0,1.0,2.7,4.855040359497071,5.043056938052178,5.016601801813669,0.15384615,0.1025641,0.07006369,,80.58127388535031,103.49171974522294,92.0428025477707,41.04121783439491,60.5764321656051,0.279874076433121
592229,Dylan Covey,- - -,43.0,29.0,1.0,191.0,30.0,48.0,18.0,22.0,17.0,2.0,5.0,3.7674419492434805,4.696900858590254,4.4156742502517154,4.456500382153219,0.15706806,0.08900524,0.07065217,,102.22039906832299,101.22901469182993,103.32467569477623,43.47817732336955,44.39356767663043,0.544202730978261
621295,Nick Wittgren,KCR,29.0,27.0,0.0,128.0,18.0,30.0,16.0,17.0,11.0,3.0,2.0,4.965518103768661,4.358488827001217,5.45736182434017,5.046385848999024,0.140625,0.0859375,0.06779661,,88.6930357676969,91.03061454920953,78.93187905925083,43.435531864406784,49.12312165254237,0.619181525423729
670097,Zack Short,DET,6.0,6.0,0.0,32.0,1.0,12.0,4.0,4.0,1.0,1.0,0.0,6.0,3.9217070261637375,6.952851908405623,6.506599227905274,0.03125,0.03125,0.02,,22.636999999999997,111.67659999999998,43.3392,20.0,20.0,3.413569186046512
701643,Grant Hartwig,NYM,35.1,28.0,0.0,158.0,30.0,34.0,19.0,23.0,15.0,6.0,3.0,4.8396234932947575,4.443719813990519,4.8373214717484805,4.441229892321319,0.18987342,0.09493671,0.07981221,,96.26291079812205,96.16084507042252,89.13399061032862,45.755138779342715,41.48692892018779,0.5899981846635366
669711,Greg Weissert,NYY,20.0,17.0,0.0,87.0,22.0,21.0,9.0,9.0,8.0,1.0,3.0,4.05000060953209,4.355040525048996,3.89305703407479,3.704356997666659,0.25287356,0.09195402,0.1091954,,112.2407005199781,90.96709536124796,102.95481900656814,60.38585841954023,44.72097048850575,0.2528106896551724
656820,Nicholas Padilla,CHW,4.2,3.0,0.0,23.0,6.0,9.0,3.0,3.0,1.0,0.0,1.0,5.7857150739554095,4.11218333341639,2.7436275074941294,3.3149432719212313,0.26086957,0.04347826,0.15,,99.6974,102.1734,108.21520000000001,43.991049000000004,36.4914547,0.7329563
687888,Brandon Walter,BOS,23.0,9.0,0.0,106.0,16.0,32.0,16.0,17.0,7.0,1.0,3.0,6.2608698248187284,4.602866502339991,5.279414699103494,4.742157359121367,0.1509434,0.06603774,0.07123288,,96.352,99.99386301369861,95.67556164383562,49.795215890410965,49.866847890410966,-0.1508232602739726
673111,Jose Lopez,TBR,2.0,1.0,0.0,10.0,2.0,3.0,1.0,1.0,1.0,0.0,0.0,4.5,2.7550403594970705,5.235067990422249,4.689285282592772,0.2,0.1,0.07843137,,97.12196078431371,97.09803921568627,104.24274509803922,64.52911,33.53523,0.9763
666157,Nick Lodolo,CIN,34.1,7.0,7.0,166.0,47.0,50.0,24.0,24.0,10.0,7.0,10.0,6.291262368924867,5.789021035869586,3.7843806187954785,3.465098605060694,0.28313253,0.06024096,0.12962963,,104.80749957157306,102.23529786991547,100.86967788837254,54.49837842592593,55.735631219135804,-0.2590562345679013
682171,Penn Murfee,SEA,14.0,16.0,0.0,58.0,16.0,5.0,2.0,5.0,10.0,1.0,1.0,1.285714657939318,4.255040649005429,4.153145067909446,4.642523483885536,0.27586207,0.17241379,0.13392857,,112.42965816326532,87.09525765306122,94.36800765306121,55.50482166666666,47.23304606481482,-0.022262916666666625
670766,Darren McCaughan,SEA,5.0,3.0,0.0,27.0,10.0,7.0,3.0,5.0,3.0,0.0,1.0,5.4,3.6550403594970704,2.7083921134471893,2.783048082773234,0.37037037,0.11111111,0.14285714,,97.52785714285714,104.14553571428571,99.93392857142858,59.93613848214285,62.29452714285714,-0.8542149107142857
571466,Tucker Barnhart,CHC,4.0,4.0,0.0,19.0,0.0,7.0,1.0,1.0,0.0,0.0,0.0,2.25,3.2550403594970705,5.735067990422249,5.774303900794745,0.0,0.0,0.02380952,,24.94285714285714,110.07523809523809,46.54142857142857,20.0,20.0,6.35089
642546,Jonathan Hernandez,TEX,31.2,33.0,0.0,147.0,34.0,35.0,19.0,20.0,15.0,4.0,4.0,5.40000151107228,4.549777563906214,4.630638888018347,4.104468520868084,0.23129252,0.10204082,0.12658228,,100.38020040421232,97.87529113924049,99.25836884374003,57.936885660377364,40.90725503773584,0.3974861320754717
657424,Matt Gage,HOU,6.2,5.0,0.0,27.0,8.0,6.0,2.0,2.0,3.0,0.0,1.0,2.7000006799401564,4.15504058614379,2.7010457461698514,3.386949317197703,0.2962963,0.11111111,0.12605042,,98.76355421289395,100.79779431186395,105.0225773679435,49.91000647058824,53.620774201680675,-0.11823949579831936
676534,Calvin Faucher,TBR,25.2,17.0,4.0,120.0,25.0,31.0,20.0,20.0,12.0,1.0,4.0,7.01298772414117,4.852443118884781,4.4368766033189235,4.381617812114085,0.20833333,0.1,0.10465116,,102.2480728398804,100.58864939316828,100.97955903059952,52.14373067829457,48.38739705426356,0.11866775193798443
669105,Zach Muckenhirn,NYM,6.0,3.0,0.0,31.0,3.0,11.0,4.0,4.0,2.0,1.0,0.0,6.000000953674468,3.7550404389699428,6.510627133542184,5.481645040163274,0.09677419,0.06451613,0.09473684,,88.51578947368424,92.66252631578946,84.01326315789474,41.44011105263158,39.22162789473684,1.069588947368421
663455,Konnor Pilkington,CLE,2.0,1.0,0.0,8.0,2.0,1.0,0.0,0.0,1.0,0.0,0.0,0.0,2.7550403594970705,5.235067990422249,4.433680282592774,0.25,0.125,0.1,,95.00250000000001,96.219,95.06949999999999,48.47661,34.33362,0.9229199999999999
570731,Jonathan Schoop,DET,1.1,1.0,0.0,5.0,1.0,1.0,0.0,0.0,0.0,0.0,0.0,0.0,1.7550400018691166,4.2350682240791,3.9722452825927737,0.2,0.0,0.05882353,,42.30941176470588,126.89999999999998,65.59411764705882,33.54767,68.33827,-0.14048
542585,Jose Cisnero,DET,59.1,63.0,0.0,267.0,70.0,63.0,35.0,39.0,25.0,5.0,10.0,5.308990155138593,4.603355319532269,4.195734632716175,3.732262068889236,0.26217228,0.09363296,0.1082996,,105.80082947209465,90.36909089705084,94.9843448724897,52.38132612348178,45.94472648785425,0.3260272975708502
572888,Shane Greene,CHC,3.0,2.0,0.0,12.0,3.0,2.0,0.0,0.0,2.0,0.0,0.0,0.0,3.255040359497071,4.357274862130484,4.748499717084496,0.25,0.16666667,0.07142857,,105.10190476190476,85.1704761904762,88.30857142857141,47.964060714285715,45.99216357142857,0.717235
681987,Nate Eaton,KCR,1.0,1.0,0.0,5.0,1.0,2.0,0.0,0.0,0.0,0.0,0.0,0.0,1.2550403594970705,1.2550403594970705,0.9906452825927736,0.2,0.0,0.09090909,,86.35909090909091,108.9681818181818,100.03818181818183,35.94212,27.18233,1.1517
663897,Luke Williams,LAD,1.0,1.0,0.0,3.0,0.0,0.0,0.0,0.0,0.0,0.0,0.0,0.0,3.2550403594970705,6.5617438673973085,7.572471947400107,0.0,0.0,0.0,,75.12,62.62,48.440000000000005,20.0,36.26804,2.38817
642133,Rowdy Tellez,MIL,1.0,1.0,0.0,4.0,1.0,1.0,0.0,0.0,0.0,0.0,0.0,0.0,1.2550403594970705,4.5617438673973085,4.686555282592773,0.25,0.0,0.25,,100.25,47.66166666666667,52.80666666666667,20.0,20.0,4.27108
641645,Luis Guillorme,NYM,1.0,1.0,0.0,4.0,0.0,1.0,0.0,0.0,0.0,0.0,0.0,0.0,3.2550403594970705,8.215095621347427,10.750805282592774,0.0,0.0,0.0,,17.879999999999995,159.06,102.44,20.0,38.06702,1.51652
670970,Adrian Morejon,SDP,9.0,8.0,1.0,44.0,8.0,14.0,7.0,7.0,5.0,0.0,1.0,7.000001576212072,4.588373993061275,4.980987141411772,5.008286372194994,0.18181818,0.11363636,0.0617284,,98.27339178311401,91.56583706417038,93.68968841857732,59.079017654320985,56.19604506172839,-0.05954228395061728
681808,Chris Vallimont,BAL,0.2,1.0,0.0,2.0,1.0,1.0,0.0,0.0,0.0,0.0,0.0,0.0,0.25503723024995617,0.25503723024995617,0.7873052825927735,0.5,0.0,0.18181818,,94.52545454545456,43.67818181818182,38.91636363636364,60.917699999999996,20.0,3.22161
592390,Heath Hembree,TBR,1.1,1.0,0.0,4.0,2.0,0.0,0.0,0.0,1.0,0.0,0.0,0.0,2.5050401806830935,2.5050401806830935,4.070805282592773,0.5,0.25,0.22222222,,125.15333333333332,53.26444444444444,66.01111111111112,62.74688,26.6983,0.9205999999999999
676689,Ricky Karcher,CIN,1.0,1.0,0.0,4.0,0.0,0.0,0.0,0.0,1.0,0.0,0.0,0.0,6.2550403594970705,11.215095621347427,13.639930282592772,0.0,0.25,0.0,,110.35684210526318,54.38526315789475,72.16842105263157,66.78862,20.0,2.48523
664874,Seby Zavala,ARI,0.2,1.0,0.0,2.0,0.0,0.0,0.0,0.0,0.0,0.0,0.0,0.0,3.255040359497071,8.215100795093633,13.477805282592772,0.0,0.0,0.0,,89.32,69.48,62.96,30.039820000000002,20.0,4.68072
663432,Tanner Rainey,WSN,1.0,1.0,0.0,5.0,1.0,1.0,0.0,0.0,1.0,0.0,0.0,0.0,4.2550403594970705,7.5617438673973085,6.369445282592774,0.2,0.2,0.11111111,,106.39111111111112,59.96000000000001,72.74666666666667,56.15128,20.0,1.74582
671131,Jackson Rutledge,WSN,20.0,4.0,4.0,88.0,12.0,24.0,15.0,15.0,6.0,2.0,4.0,6.750000321865097,5.8550404834747365,6.148406066876206,5.78224640097484,0.13636364,0.06818182,0.09248555,,89.47052023121388,100.73439306358384,92.45260115606938,46.15924913294798,49.159329364161856,0.3327623121387283
595897,Nick Burdi,CHC,3.0,3.0,0.0,15.0,4.0,3.0,3.0,3.0,3.0,0.0,0.0,9.0,3.5883736928304044,6.343959949413936,5.496907513133884,0.26666667,0.2,0.17241379,,109.6148275862069,87.50551724137931,98.40586206896552,67.90281086206896,43.80896413793103,-0.2123662068965517
674285,Eduardo Salazar,CIN,12.1,8.0,0.0,61.0,5.0,16.0,11.0,11.0,5.0,4.0,0.0,8.027027253320052,4.633418776733847,6.510196496288893,5.522226675441121,0.08196721,0.08196721,0.06694561,,92.2181589958159,86.2697071129707,83.09355648535565,42.59579974895398,26.86312184100418,1.3959737238493723
623507,Josh Lester,BAL,1.0,1.0,0.0,5.0,1.0,1.0,0.0,0.0,1.0,0.0,0.0,0.0,4.2550403594970705,9.215095621347427,8.086965282592775,0.2,0.2,0.0,,47.199999999999996,64.36,9.36,20.0,20.0,4.52238
645444,Jose Herrera,ARI,2.0,2.0,0.0,10.0,0.0,4.0,2.0,2.0,0.0,0.0,0.0,9.0,3.2550403594970705,5.735067990422249,5.980805282592773,0.0,0.0,0.02631579,,37.5921052631579,105.18894736842104,47.42105263157895,20.0,34.62971631578947,3.5020155263157897
642578,Jose Rodriguez,SEA,3.0,1.0,0.0,12.0,1.0,3.0,3.0,3.0,1.0,0.0,0.0,9.0,3.5883736928304044,4.690608195463817,4.8550969503735235,0.08333333,0.08333333,0.02040816,,101.12,115.53125,115.01291666666667,43.13538,74.6734,-1.26574
656266,J.B. Bukauskas,- - -,7.0,6.0,0.0,30.0,7.0,6.0,1.0,2.0,3.0,1.0,0.0,1.2857142857142858,2.969326073782785,2.969326073782785,2.6099508411736516,0.23333333,0.1,0.10784314,,108.19577777777779,93.91474509803922,101.35483660130718,46.48775745098039,49.04127009803921,0.22911284313725488
656924,Ryder Ryan,SEA,1.0,1.0,0.0,4.0,2.0,0.0,0.0,0.0,1.0,0.0,0.0,0.0,2.2550403594970705,2.2550403594970705,4.024305282592773,0.5,0.25,0.07692308,,95.21846153846155,66.46000000000001,61.638461538461534,46.58668,34.94147,1.4232
668873,Caleb Kilian,CHC,5.1,3.0,1.0,33.0,5.0,13.0,10.0,10.0,2.0,4.0,0.0,16.87500100582844,4.755040448904043,5.685050865933926,4.3377202194854965,0.15151515,0.06060606,0.07633588,,89.70550485773767,86.150567314365,79.00705759888966,38.122675038167934,32.702701526717554,1.3098980152671755
685107,Anthony Veneziano,KCR,2.1,2.0,0.0,12.0,1.0,2.0,0.0,2.0,2.0,0.0,0.0,0.0,4.96932630733571,8.512223405624532,7.7026177775116915,0.08333333,0.16666667,0.09090909,,95.31345454545455,91.00836363636364,89.33418181818182,48.97102818181818,42.16153763636364,0.69853
642528,Jonathan Loaisiga,NYY,17.2,17.0,0.0,69.0,6.0,14.0,6.0,7.0,1.0,2.0,2.0,3.056604404367263,4.55692742061646,5.050534324345884,4.695702369555939,0.08695652,0.01449275,0.07594937,,130.8577918424754,102.91379746835445,132.91676511954992,70.36264195744681,53.23795727659576,-1.2671549787234042
663971,Blair Calvo,COL,1.0,1.0,0.0,3.0,0.0,0.0,0.0,0.0,0.0,0.0,0.0,0.0,3.2550403594970705,3.2550403594970705,2.5411386218314402,0.0,0.0,0.0,,96.88545454545452,112.08000000000001,121.31454545454545,49.68046,22.29315,0.62715
657031,Josh Taylor,KCR,17.2,17.0,1.0,83.0,26.0,22.0,16.0,17.0,9.0,0.0,4.0,8.150944184561045,4.783342394102267,3.3373212012211697,3.375317717199679,0.31325301,0.10843373,0.13782991,,91.92287390029328,102.87612903225806,96.12791788856303,50.71822777126099,54.46649343108505,0.09288351906158357
660634,Yonny Hernandez,LAD,1.0,1.0,0.0,4.0,0.0,1.0,0.0,0.0,0.0,0.0,0.0,0.0,3.2550403594970705,6.5617438673973085,7.141805282592773,0.0,0.0,0.0,,35.664,81.988,23.804000000000002,20.0,20.0,2.39567
572008,Chris Owings,PIT,1.0,1.0,0.0,6.0,0.0,2.0,0.0,0.0,0.0,0.0,0.0,0.0,3.2550403594970705,8.215095621347427,7.572471947400107,0.0,0.0,0.0,,28.5,87.3,35.28,,,
518626,Josh Donaldson,NYY,1.0,1.0,0.0,3.0,0.0,0.0,0.0,0.0,0.0,0.0,0.0,0.0,3.2550403594970705,6.5617438673973085,7.572471947400107,0.0,0.0,0.0,,58.7,50.901818181818186,28.787272727272736,36.81942,20.0,3.54293
668942,Josh Rojas,ARI,2.0,2.0,0.0,13.0,1.0,6.0,4.0,4.0,1.0,0.0,0.0,18.0,3.7550403594970705,7.0617438673973085,6.2663023248235,0.07692308,0.07692308,0.05555556,,48.86055555555556,101.62722222222222,53.73444444444444,20.0,28.737181666666668,2.5348025
641525,Brandon Dixon,SDP,1.0,1.0,0.0,3.0,0.0,0.0,0.0,0.0,0.0,0.0,0.0,0.0,3.2550403594970705,6.5617438673973085,7.572471947400107,0.0,0.0,0.0,,34.019999999999996,99.42,53.28000000000001,20.0,20.0,4.35069
571875,Jake Lamb,LAA,1.0,1.0,0.0,4.0,0.0,1.0,0.0,0.0,0.0,0.0,0.0,0.0,3.2550403594970705,8.215095621347427,10.750805282592774,0.0,0.0,0.0,,33.2725,122.575,75.34,29.24535,80.0,0.00647
543510,James McCann,BAL,1.0,1.0,0.0,5.0,0.0,2.0,0.0,0.0,0.0,0.0,0.0,0.0,3.2550403594970705,3.2550403594970705,3.1098052825927733,0.0,0.0,0.0,,32.32000000000001,40.58,-14.039999999999992,,,
663630,Ryan McKenna,BAL,1.0,1.0,0.0,6.0,0.0,4.0,2.0,2.0,0.0,0.0,0.0,18.0,3.2550403594970705,4.9083921134471895,3.8808052825927732,0.0,0.0,0.0,,7.780000000000001,87.16,7.079999999999998,,,
593423,Frankie Montas,NYY,1.1,1.0,0.0,7.0,1.0,2.0,0.0,0.0,1.0,0.0,0.0,0.0,4.0050405383110474,4.0050405383110474,3.7706624219472022,0.14285714,0.14285714,0.15384615,,101.65076923076923,101.28153846153847,98.93153846153847,48.54594,49.40724999999999,0.21469
663992,Richard Lovelady,OAK,23.1,27.0,0.0,96.0,24.0,15.0,12.0,13.0,10.0,3.0,3.0,4.628572733110679,4.54075500758337,4.569916819865456,3.991015343938746,0.25,0.10416667,0.10026385,,92.2909028236495,102.10783582117088,94.19543557146457,49.773021081794205,53.581718021108195,0.22460765171503955
691094,Randy Wynne,CIN,2.1,1.0,0.0,11.0,0.0,3.0,1.0,1.0,1.0,0.0,0.0,3.8571433826369397,4.54075482037605,6.666493079349344,7.254846592867814,0.0,0.09090909,0.14705882,,73.47941176470587,116.76588235294118,89.6164705882353,40.19884,80.0,-0.88859
592222,Alex Claudio,MIL,0.1,1.0,0.0,3.0,0.0,2.0,0.0,0.0,0.0,0.0,0.0,0.0,3.255040359497071,3.255040359497071,6.259805282592773,0.0,0.0,0.0,,87.005,87.78,81.475,55.33824,80.0,-2.31943
663158,Robert Suarez,SDP,27.2,26.0,0.0,108.0,24.0,15.0,13.0,13.0,10.0,0.0,4.0,4.228916060485038,4.48395613775768,3.91915145523473,4.019875923339166,0.22222222,0.09259259,0.12026726,,113.10013363028952,103.06498886414253,116.06788418708241,62.504827750556785,61.19240064587974,-0.6232787082405344
670955,Edwin Uceta,NYM,3.0,1.0,0.0,11.0,3.0,0.0,0.0,0.0,2.0,1.0,0.0,0.0,4.255040359497071,5.90839211344719,4.9621937066483435,0.27272727,0.18181818,0.19607843,,95.33725490196078,85.64078431372549,83.47215686274511,56.76347,34.97137,1.10677
500871,Eduardo Escobar,LAA,3.2,3.0,0.0,16.0,0.0,2.0,1.0,2.0,1.0,1.0,0.0,2.454545880152248,4.89140427959857,6.6950610511989055,5.789219345092773,0.0,0.0625,0.02272727,,52.843636363636364,90.72681818181817,52.03363636363636,34.53043954545455,44.32128045454545,1.0393461363636365
668470,Hagen Danner,TOR,0.1,1.0,0.0,1.0,0.0,0.0,0.0,0.0,0.0,0.0,0.0,0.0,3.255040359497071,3.255040359497071,6.259805282592773,0.0,0.0,0.0,,96.06285714285715,93.43714285714285,74.65142857142857,51.25252,80.0,-3.16731
663989,Nick Vespi,BAL,14.2,9.0,0.0,59.0,9.0,16.0,7.0,7.0,2.0,1.0,2.0,4.2954550371467395,4.414131401266825,4.332332049352402,4.1764749296940735,0.15254237,0.03389831,0.08910891,,97.17920792079208,99.4239603960396,94.4439603960396,47.67105351485148,43.943868564356436,-0.03611900990099016
646241,Enmanuel De Jesus,MIA,6.1,2.0,0.0,34.0,5.0,9.0,8.0,8.0,4.0,3.0,0.0,11.368421623251143,4.991882551938218,6.297160317941463,5.286568254903462,0.14705882,0.11764706,0.11029412,,94.1304411764706,86.22058823529412,76.15794117647059,43.94768323529412,43.09309279411765,0.9776655882352943
650496,JC Mejia,MIL,11.1,9.0,0.0,50.0,13.0,15.0,7.0,7.0,3.0,1.0,2.0,5.558823699950146,4.313863921392336,3.0409340833094896,3.1547500825927735,0.26,0.06,0.10747664,,112.98932398753892,93.18871651090343,102.58104569055037,51.135402663551396,39.05014121495327,0.24179042056074768
686972,Cole Waites,SFG,2.1,3.0,0.0,15.0,2.0,6.0,4.0,5.0,2.0,0.0,0.0,15.42857372760807,4.112183344364185,5.5293422017802705,5.266187505961084,0.13333333,0.13333333,0.07692308,,109.68399999999998,93.8206153846154,105.26092307692306,59.473129692307694,46.18547615384615,-0.020001230769230677
543063,Brandon Crawford,SFG,1.0,1.0,0.0,5.0,0.0,1.0,0.0,0.0,1.0,0.0,0.0,0.0,6.2550403594970705,11.215095621347427,10.343005282592774,0.0,0.2,0.05,,76.245,45.783,38.842,22.25046,20.0,4.21726
607461,Matt Beaty,SFG,1.0,1.0,0.0,7.0,1.0,3.0,3.0,3.0,1.0,0.0,0.0,27.0,4.2550403594970705,5.9083921134471895,5.667703241023386,0.14285714,0.14285714,0.04545455,,1.4799999999999898,62.400000000000006,-15.379999999999995,20.0,20.0,5.6375
661383,Oliver Ortega,MIN,14.2,10.0,0.0,63.0,14.0,11.0,7.0,7.0,7.0,1.0,2.0,4.295455028418475,4.755040528151142,5.462340965875104,4.629134080414325,0.22222222,0.11111111,0.12552301,,98.2389958158996,96.38083682008367,91.46836820083684,42.06985573221757,50.0365630962343,0.4835714644351464
664744,Jose Espada,SDP,1.0,1.0,0.0,5.0,2.0,0.0,0.0,0.0,2.0,0.0,0.0,0.0,5.2550403594970705,5.2550403594970705,8.492605282592773,0.4,0.4,0.24,,82.3584,64.1696,54.6304,42.56618,20.0,3.1606800000000006
663562,Noah Davis,COL,30.0,8.0,6.0,146.0,26.0,43.0,29.0,30.0,15.0,4.0,6.0,8.70000027656556,6.021707114113704,5.350617472388812,5.0769052786094635,0.17808219,0.10273973,0.08305648,,91.29485743816906,91.7476712522046,81.83858967228578,35.29748626245847,45.39895458471761,0.8910606312292358
676702,Hunter Stratton,PIT,12.0,8.0,0.0,47.0,10.0,9.0,3.0,3.0,3.0,1.0,2.0,2.250000189989821,4.755040486156951,3.966166881169632,3.7274693867319124,0.21276596,0.06382979,0.12,,107.52808847926268,93.81685161290325,99.4671594470046,58.07557748571428,53.70025891428572,-0.5358385714285714
542914,Anthony Bass,TOR,20.0,22.0,0.0,88.0,19.0,19.0,11.0,12.0,9.0,0.0,3.0,4.950000774487974,4.655040578544174,4.606395087975631,4.39535565152448,0.21590909,0.10227273,0.1196319,,102.79440295089248,99.08496381941168,100.57378268744971,47.91171124600639,56.39362744408944,0.15241000000000005
663542,Bryan Hudson,LAD,8.2,6.0,0.0,44.0,7.0,12.0,7.0,7.0,4.0,1.0,1.0,7.269231302498399,4.870425093385604,4.896595945105596,4.463096594485565,0.15909091,0.09090909,0.11585366,,106.11060975609756,93.21890243902439,94.41707317073171,58.2578818902439,66.0760438414634,-0.7027941463414634
519008,T.J. McFarland,NYM,1.2,3.0,0.0,11.0,2.0,4.0,1.0,2.0,1.0,1.0,0.0,5.400002253056512,4.455040860176295,4.455040860176295,3.221838338508534,0.18181818,0.09090909,0.15686275,,95.7043137254902,88.51333333333334,82.49019607843137,50.024925490196075,21.838161568627456,1.095085294117647
669947,Jesse Scholtens,CHW,85.0,26.0,11.0,377.0,58.0,100.0,50.0,54.0,30.0,2.0,15.0,5.294117892077236,5.313863984193773,5.2760851996007805,5.113193432434442,0.15384615,0.0795756,0.08638563,,79.87706720195443,109.44587902223596,93.37921433031438,39.461666523842425,53.23679741534207,0.4965198410504492
672715,Luis Patino,- - -,21.2,9.0,1.0,99.0,18.0,21.0,11.0,12.0,14.0,0.0,3.0,4.569230903309482,5.331963497365017,5.287059973317502,5.36775035745522,0.18181818,0.14141414,0.07792208,,94.1832025012025,87.3219672919673,86.66575084175084,51.026436363636364,34.912562883116884,0.9494006493506495
608648,Tyler Duffey,CHC,2.0,1.0,0.0,7.0,3.0,1.0,1.0,1.0,0.0,0.0,1.0,4.5,6.7550403594970705,3.5617438673973085,2.946335898460876,0.42857143,0.0,0.09677419,,90.44,103.44645161290323,107.22064516129032,57.80798,50.63148,-0.40745
663629,Ethan Small,MIL,4.0,2.0,0.0,23.0,6.0,9.0,5.0,5.0,2.0,0.0,1.0,11.25,5.0050403594970705,4.235067990422249,3.7712986592305584,0.26086957,0.08695652,0.10752688,,96.72064516129032,100.27806451612904,93.30967741935483,47.90714193548387,48.31476806451613,0.6593229032258064
689167,Jeff Lindgren,MIA,7.0,3.0,0.0,28.0,1.0,4.0,4.0,4.0,4.0,0.0,0.0,5.142857142857143,4.683611788068499,7.754122188261578,8.12146472081437,0.03571429,0.14285714,0.06185567,,85.3261855670103,97.51917525773196,87.82927835051545,44.00394721649484,40.62286969072165,0.9524702061855671
676391,Ernie Clement,TOR,1.0,1.0,0.0,7.0,0.0,3.0,1.0,1.0,0.0,1.0,0.0,9.0,6.2550403594970705,7.9083921134471895,4.371274674070814,0.0,0.0,0.0,,12.95,102.235,21.465000000000003,20.0,80.0,0.48219
669145,Bruce Zimmermann,BAL,13.1,7.0,0.0,61.0,14.0,17.0,7.0,8.0,0.0,2.0,3.0,4.72500012321398,4.5300403927452875,3.341059703387825,2.9873269251099024,0.2295082,0.0,0.1627907,,88.40800000000002,114.30130232558137,107.71897674418605,46.77285720930233,61.06463897674418,-0.07035813953488373
500743,Miguel Rojas,LAD,3.0,3.0,0.0,14.0,0.0,3.0,2.0,2.0,1.0,1.0,0.0,6.0,5.255040359497071,8.010626616080602,6.840407319163305,0.0,0.07142857,0.02702703,,45.81081081081081,79.01945945945945,42.54918918918919,20.0,20.0,4.605333783783784
681584,David Villar,SFG,1.0,1.0,0.0,3.0,0.0,0.0,0.0,0.0,1.0,0.0,0.0,0.0,6.2550403594970705,7.9083921134471895,11.950471940760773,0.0,0.33333333,0.0,,48.08,75.34,30.239999999999995,20.0,20.0,3.34248
669724,Brenan Hanifee,DET,5.0,3.0,0.0,23.0,3.0,8.0,3.0,3.0,0.0,0.0,1.0,5.4,4.65504035949707,4.369732815027238,3.959797730199751,0.13043478,0.0,0.04494382,,103.54112359550561,111.18988764044943,110.07550561797753,42.950133370786524,69.31912056179775,-0.766891011235955
680983,Kelvin Caceres,LAA,1.1,2.0,0.0,8.0,1.0,2.0,1.0,1.0,2.0,0.0,0.0,6.750001760200125,6.2550411418082374,7.495055280629712,7.6415552825927735,0.125,0.25,0.11111111,,83.30261111111112,83.36769444444444,66.60611111111112,42.52617333333333,22.6138625,1.4571383333333334
673858,Jake Wong,CIN,3.0,1.0,0.0,15.0,0.0,6.0,3.0,3.0,3.0,0.0,0.0,9.0,6.255040359497071,7.357274862130483,7.657565282592774,0.0,0.2,0.03508772,,73.86000000000001,86.38947368421053,68.10947368421053,32.10338,37.32489,1.39536
621433,Brett Phillips,LAA,0.1,1.0,0.0,3.0,0.0,1.0,0.0,0.0,1.0,0.0,0.0,0.0,12.255049747238417,17.215110182834977,12.758027495467216,0.0,0.33333333,0.0,,17.51142857142857,47.605714285714285,-4.268571428571428,20.0,20.0,3.5229400000000006
682989,Victor Mederos,LAA,3.0,3.0,0.0,17.0,3.0,5.0,3.0,3.0,3.0,1.0,0.0,9.0,5.255040359497071,6.90839211344719,5.736964451380011,0.17647059,0.17647059,0.04545455,,109.80696969696967,66.76575757575758,72.50484848484848,51.90333,29.662178787878787,1.2214290909090908
687145,Evan Justice,COL,7.1,9.0,0.0,42.0,7.0,14.0,7.0,7.0,8.0,1.0,0.0,8.59091190722948,5.0277682133698205,6.155053869707029,6.014847799608542,0.16666667,0.19047619,0.04117647,,84.71111429098285,78.41356128833979,63.82113924641957,47.87315482352941,27.287744352941182,1.3359682352941176
657585,Reed Garrett,- - -,19.2,11.0,0.0,87.0,16.0,22.0,14.0,14.0,7.0,1.0,3.0,6.406780819583512,4.831311830981903,4.445566845550619,4.3604938927889565,0.18390805,0.08045977,0.13793103,,106.47149920729291,99.24454419342054,106.19603745541023,54.33962020114942,48.972750086206894,-0.038404425287356325
605612,Harold Castro,COL,2.0,2.0,0.0,11.0,0.0,4.0,2.0,2.0,1.0,1.0,0.0,9.0,6.2550403594970705,9.561743867397308,7.254846592867814,0.0,0.09090909,0.10344828,,36.53034482758621,82.18344827586206,17.247586206896553,20.0,35.069,3.3013503448275863
672860,Prelander Berroa,SEA,1.2,2.0,0.0,8.0,3.0,0.0,0.0,0.0,3.0,0.0,0.0,0.0,5.0550411105159085,6.047052576785417,7.956024032592773,0.375,0.375,0.14634146,,111.13804878048781,60.77658536585365,72.49707317073171,60.995553658536586,27.679219268292677,1.5558314634146342
607179,Jordan Weems,WSN,54.2,51.0,0.0,232.0,60.0,38.0,22.0,25.0,28.0,3.0,9.0,3.6219519961722297,4.901382175938993,4.636281059548628,4.164317772427962,0.25862069,0.12068966,0.10314875,,100.5451268917155,94.67365690450572,96.55784935713197,49.71442788273616,47.79634930510316,0.39543710097719875
668338,Tyson Miller,- - -,15.1,10.0,0.0,64.0,10.0,13.0,8.0,8.0,6.0,1.0,2.0,4.695652599821508,5.015910084430136,5.692458314505941,5.451754013061524,0.15625,0.09375,0.10222222,,85.38658518518518,94.29465925925928,87.79882962962962,64.15014333333333,40.8109052888889,-0.021469466666666662
669912,Kirby Snead,OAK,11.2,15.0,0.0,56.0,9.0,14.0,6.0,7.0,6.0,0.0,1.0,4.628572922288637,4.369326433381372,4.813915373439134,4.908502357724421,0.16071429,0.10714286,0.09326425,,101.91512953367875,94.23699481865286,91.83005181347148,49.287166683937826,51.15482658031088,0.052239948186528495
687922,Easton Lucas,OAK,6.2,6.0,0.0,35.0,7.0,10.0,6.0,6.0,4.0,0.0,1.0,8.100000844895927,4.905040531605501,5.18706542885565,4.74821997257968,0.2,0.11428571,0.10135135,,97.34108108108107,91.98797297297298,90.45662162162162,50.59176121621621,44.48139520270269,0.6066400000000001
660431,Hector Perez,TBR,0.1,1.0,0.0,5.0,0.0,3.0,1.0,1.0,1.0,0.0,0.0,27.000028163224034,12.255049747238417,12.255049747238417,6.395805282592773,0.0,0.2,0.0,,93.89647058823529,45.190588235294115,49.21411764705882,50.49782,20.0,2.43752
607188,Jake Faria,BOS,2.0,1.0,0.0,14.0,3.0,4.0,5.0,5.0,4.0,0.0,0.0,22.5,6.2550403594970705,9.561743867397308,7.8445756789639365,0.21428571,0.28571429,0.13846154,,83.08307692307692,85.07507692307692,71.07107692307692,36.83745,30.90112,1.63023
650489,Willi Castro,MIN,2.1,3.0,0.0,11.0,0.0,3.0,3.0,3.0,2.0,0.0,0.0,11.571430295706053,5.826469314098416,7.2436281715145,7.900350724551137,0.0,0.18181818,0.0,,11.626666666666665,104.63555555555556,19.05277777777778,20.0,20.0,12.401603703703703
665019,Kody Clemens,PHI,2.2,4.0,0.0,15.0,1.0,4.0,1.0,1.0,3.0,0.0,0.0,3.375002200251017,5.880042070803418,7.7400640065935935,7.952587514885486,0.06666667,0.2,0.0,,34.83609756097561,86.48829268292683,27.734634146341467,20.0,80.0,5.248870000000001
657272,Erich Uelmen,PHI,1.0,1.0,0.0,8.0,1.0,3.0,4.0,4.0,2.0,0.0,0.0,36.0,7.2550403594970705,8.908392113447189,7.9368209075927725,0.125,0.25,0.09090909,,89.33696969696969,106.30424242424242,106.56181818181818,58.91015,50.47547,0.11589
643361,Kevin Herget,CIN,24.1,14.0,0.0,105.0,13.0,26.0,14.0,14.0,6.0,2.0,4.0,5.178082462367357,5.309834987420625,5.618903351881105,5.162091006175346,0.12380952,0.05714286,0.06698565,,83.79790182527023,102.02748715222397,87.89318979266348,37.08739366028708,53.34328105263158,0.6490347607655501
543281,Josh Harrison,PHI,1.2,2.0,0.0,15.0,0.0,8.0,5.0,5.0,2.0,0.0,0.0,27.000011265282563,6.855041861534746,9.831076260343272,7.996809720443928,0.0,0.13333333,0.0,,27.213636363636365,88.585,26.12136363636364,20.0,20.0,3.891848181818182
607732,Jacob Stallings,MIA,8.0,7.0,0.0,36.0,1.0,12.0,4.0,4.0,0.0,2.0,1.0,4.5,5.3800403594970705,7.0617438673973085,6.229992791693801,0.02777778,0.0,0.02173913,,43.80217391304348,116.02499999999999,66.72608695652174,27.72914282608696,65.71968478260871,0.05354326086956523
543901,Ryan Weber,NYY,14.1,8.0,0.0,60.0,7.0,17.0,5.0,5.0,1.0,1.0,2.0,3.1395349533510197,4.510854340837478,4.542502811065107,4.461102786638573,0.11666667,0.01666667,0.07142857,,91.31934065934067,96.2530769230769,87.95714285714286,40.85821994505495,61.35789395604395,-0.2724976923076924
656638,Alex Lange,DET,66.0,67.0,0.0,288.0,79.0,43.0,27.0,30.0,45.0,6.0,6.0,3.6818185808245247,4.36110108542378,4.381720545076622,4.410872889390631,0.27430556,0.15625,0.15518745,,102.96898066076989,89.99612458240934,96.7431897454538,57.429077436791616,25.94586126416739,0.8920995466434178
570257,Joely Rodriguez,BOS,11.0,11.0,0.0,51.0,14.0,13.0,8.0,9.0,6.0,0.0,2.0,6.54545516613107,4.709585951970642,3.3980823983020985,3.7855553781803066,0.2745098,0.11764706,0.10648148,,104.06469898035687,91.72088881391511,97.36370932673563,52.62583814814815,48.461310833333336,0.015323333333333404
605513,Spencer Turnbull,DET,31.0,7.0,7.0,145.0,24.0,37.0,25.0,26.0,15.0,3.0,5.0,7.258064962698719,5.545363081059778,5.2086084758354385,5.2374010436057485,0.16551724,0.10344828,0.08992806,,91.37199070012282,95.88322424986839,88.12526144937708,49.70124071942447,50.877338021582744,0.17838647482014386
681882,Colin Selby,PIT,24.0,21.0,5.0,114.0,30.0,29.0,24.0,24.0,15.0,0.0,4.0,9.000001117587228,4.79670721760229,3.93894391629889,4.251156178182103,0.26315789,0.13157895,0.12072893,,103.76429422678885,89.08357792362557,94.50831225092735,60.14615097949886,37.99381678815489,0.48692574031890656
663878,Nate Pearson,TOR,42.2,35.0,0.0,182.0,43.0,36.0,23.0,25.0,18.0,3.0,7.0,4.851563023001346,4.848790531304275,5.0410039560173505,4.280876098038283,0.23626374,0.0989011,0.10433604,,101.64820234869012,94.79464317976512,100.72766034327012,60.60032939024388,39.06068953929538,0.22114322493224944
669721,Davis Daniel,LAA,12.1,3.0,0.0,52.0,9.0,7.0,3.0,3.0,9.0,0.0,1.0,2.1891892456155015,5.03882418925785,5.99560337412842,5.967155504377898,0.17307692,0.17307692,0.08256881,,90.98119266055046,99.14504587155965,88.13807339449541,39.35791573394496,47.57575174311927,0.49568229357798166
608348,Carson Kelly,- - -,2.2,3.0,0.0,18.0,1.0,9.0,3.0,3.0,1.0,0.0,1.0,10.125002640300188,8.505041728541613,6.110068734928915,5.542067631580817,0.05555556,0.05555556,0.01923077,,12.000769230769226,121.13115384615384,36.9773076923077,20.0,33.87069326923077,2.373980576923077
680742,Jonathan Bowlan,KCR,3.0,2.0,1.0,14.0,3.0,5.0,1.0,1.0,0.0,0.0,1.0,3.0,5.588373692830404,4.010626616080603,3.870043379127297,0.21428571,0.0,0.16071429,,103.91250000000001,101.21499999999999,101.22107142857142,47.19795107142857,50.91271625,0.15552714285714284
592662,Robbie Ray,SEA,3.1,1.0,1.0,19.0,3.0,4.0,3.0,5.0,5.0,0.0,0.0,8.10000077247627,5.9550406169891605,7.443057337452601,8.234065666589455,0.15789474,0.26315789,0.0989011,,110.91333333333334,73.02,84.91333333333333,,,
571539,Matt Carasiti,COL,24.1,16.0,0.0,110.0,16.0,28.0,17.0,19.0,11.0,1.0,3.0,6.287672331530655,5.022163955940327,4.710397462768441,4.690113884681587,0.14545455,0.1,0.0973236,,97.39486839194868,97.82997861829978,96.3782909385829,35.5493653298153,49.60513686015832,0.6946946965699208
656793,Nick Nelson,PHI,5.1,1.0,0.0,20.0,3.0,2.0,1.0,1.0,2.0,0.0,1.0,1.687500100582844,5.692540504783401,4.805057721213541,4.923647782592775,0.15,0.1,0.11594203,,90.84086956521739,107.17101449275363,95.95623188405797,54.15039,53.51182,0.058289999999999995
680573,Simeon Woods Richardson,MIN,4.2,1.0,0.0,24.0,5.0,7.0,5.0,5.0,3.0,0.0,1.0,9.64285845659235,5.82646928125503,5.520782584819416,4.830487577691065,0.20833333,0.125,0.07070707,,98.70249999999999,109.69958333333334,108.76874999999998,53.640890000000006,50.610009999999996,0.20571
686753,Drey Jameson,ARI,40.2,15.0,3.0,174.0,37.0,40.0,15.0,15.0,18.0,1.0,6.0,3.3196723387466394,4.755040453301107,4.707192434285247,4.484024663180616,0.21264368,0.10344828,0.12759644,,101.86145400593472,96.84489614243324,99.80448071216615,54.01159218750001,53.517076036184214,-0.047506398026315816
595928,John Curtiss,NYM,19.2,15.0,0.0,81.0,16.0,17.0,10.0,10.0,8.0,0.0,3.0,4.5762715701638035,4.8313116781090475,4.949979171894285,4.596798425053805,0.19753086,0.09876543,0.09602649,,92.30857314870559,90.60257977122217,86.25148404575556,41.43550455172414,45.74110503448275,0.7551987586206895
592346,Chi Chi Gonzalez,MIA,3.2,3.0,0.0,19.0,3.0,7.0,3.0,3.0,1.0,0.0,1.0,7.363637760158678,5.982313604000284,3.7896009868362923,3.64550611456979,0.15789474,0.05263158,0.06666667,,87.7776,111.79280000000001,100.0872,35.88447026666666,70.24922613333334,-0.17306813333333343
594577,Mike Mayers,KCR,26.1,6.0,2.0,119.0,17.0,34.0,18.0,19.0,10.0,0.0,4.0,6.151899031235853,5.077825257641027,5.175063536273893,5.162809060048834,0.14285714,0.08403361,0.08351648,,89.26195326512567,110.61726866237213,101.12025413666794,36.686898505494504,61.276272703296705,0.0725110769230769
669952,Mitch White,TOR,12.2,10.0,0.0,60.0,13.0,15.0,10.0,11.0,7.0,0.0,2.0,7.105265754660369,4.912935702251157,5.992970999193567,5.10120916992665,0.21666667,0.11666667,0.11857708,,91.52998682476944,89.81962095875139,83.03757373061721,39.08954770750989,39.83843434782609,1.1351604347826088
607216,Joey Krehbiel,BAL,5.0,6.0,0.0,19.0,5.0,2.0,1.0,1.0,2.0,0.0,1.0,1.8000003647804999,5.05504072427757,4.769733121988499,4.203550431255097,0.26315789,0.10526316,0.075,,86.9610625,100.61945312499999,91.163421875,40.00792575,42.911176749999996,0.95345575
595978,Austin Hedges,TEX,3.2,4.0,0.0,16.0,1.0,5.0,2.0,2.0,0.0,1.0,1.0,4.909091840105785,7.07322290180157,8.036909686248013,7.993770126342773,0.0625,0.0,0.01960784,,46.05843137254902,105.10431372549019,58.09764705882354,20.0,20.0,3.436765714285715
676714,Brandon Hughes,CHC,13.2,17.0,0.0,63.0,17.0,14.0,11.0,11.0,8.0,1.0,2.0,7.2439050033192345,4.645284754073489,4.315546061837293,4.121166326094599,0.26984127,0.12698413,0.15481172,,101.28496712492529,89.13132098027496,87.7247818290496,53.335792008368195,45.13376707112971,0.44584707112970706
657140,Kyle Wright,ATL,31.0,9.0,7.0,155.0,34.0,40.0,24.0,26.0,17.0,4.0,5.0,6.9677421498373135,5.190524290007436,4.053760757330014,4.234072078419338,0.21935484,0.10967742,0.10069444,,99.10269224828068,92.59326362024498,91.17728417821834,43.26460970486111,43.23902204861112,0.664805295138889
664129,Geoff Hartlieb,MIA,4.0,2.0,0.0,16.0,3.0,2.0,1.0,1.0,3.0,0.0,1.0,2.25,7.2550403594970705,6.485067990422249,6.302590438842774,0.1875,0.1875,0.07575758,,96.52030303030303,64.08575757575757,65.18121212121213,60.568137575757575,20.0,1.5713536363636362
678226,Daysbel Hernandez,ATL,3.2,4.0,0.0,20.0,6.0,6.0,3.0,3.0,3.0,0.0,1.0,7.363637760158678,5.982313604000284,4.240515187066355,4.167905282592773,0.3,0.15,0.1686747,,99.5462212486309,89.39783132530121,88.69601314348303,57.91805795180723,45.71540903614458,0.3614593975903615
666207,Riley Pint,COL,0.1,1.0,0.0,5.0,0.0,1.0,1.0,1.0,3.0,0.0,0.0,27.000028163224034,30.255068522721103,35.21512895831767,20.54652528259277,0.0,0.6,0.0,,88.376,5.791999999999999,4.448000000000005,56.164660000000005,20.0,5.33429
621016,Jose Cuas,- - -,65.1,72.0,2.0,292.0,71.0,63.0,29.0,30.0,35.0,7.0,8.0,3.99489885332802,4.601979436481231,4.477914129056217,4.2462882156447534,0.24315068,0.11986301,0.12659303,,98.28804769998246,94.6051977929745,92.89744862293375,57.800366183135964,41.15140215438767,0.18560715863575677
620454,Jose Castillo,SDP,0.1,1.0,0.0,6.0,0.0,2.0,4.0,4.0,2.0,1.0,0.0,108.00011265289614,30.255068522721103,35.21512895831767,11.950471940760773,0.0,0.33333333,0.0,,91.39478260869565,31.491304347826095,31.49739130434783,58.16953,20.0,3.24213
679346,Edgar Navarro,CHW,8.2,8.0,0.0,39.0,9.0,11.0,7.0,7.0,2.0,2.0,2.0,7.269231352492244,5.5627328523517505,4.08890358389619,3.3768743232790475,0.23076923,0.05128205,0.06666667,,103.14173333333332,85.25546666666666,86.14933333333335,45.19490353333333,38.52213666666667,0.8106354000000002
664942,James Naile,STL,15.1,10.0,0.0,80.0,7.0,27.0,15.0,19.0,9.0,0.0,1.0,8.804348573328141,4.950692677323231,5.288966790388695,5.434395126342773,0.0875,0.1125,0.05519481,,100.63551948051949,97.75435064935066,100.58181818181818,47.41455392857142,54.54352577922078,0.029955389610389623
676475,Alec Burleson,STL,1.2,2.0,0.0,13.0,1.0,8.0,4.0,4.0,0.0,0.0,1.0,21.60000901222605,9.855043113232808,6.02308572389588,5.120231331121199,0.07692308,0.0,0.06666667,,65.64222222222222,93.99111111111112,71.88844444444445,20.0,20.0,3.069452666666667
657041,Lane Thomas,WSN,1.0,1.0,0.0,6.0,1.0,3.0,3.0,3.0,0.0,0.0,1.0,27.0,14.25504035949707,4.5617438673973085,3.9275275131278846,0.16666667,0.0,0.14285714,,35.32,128.16571428571427,78.46285714285715,20.0,45.77965,1.50763
646242,Jhonathan Diaz,LAA,7.0,4.0,1.0,42.0,4.0,13.0,8.0,11.0,7.0,2.0,0.0,10.28571573082302,5.969326455130923,8.56745100493751,6.9703812183071125,0.0952381,0.16666667,0.06875,,90.78912500000001,88.259875,79.880875,50.1275291875,43.3115214375,0.549205875
642231,Jimmy Yacabonis,NYM,13.2,7.0,0.0,62.0,11.0,14.0,10.0,10.0,6.0,1.0,2.0,6.585366633908604,5.0843088689161275,5.238478142096036,4.782294100091598,0.17741935,0.09677419,0.06896552,,91.9370019157088,105.97798690932312,97.72187579821201,44.7255825,55.50454043103448,-0.19471676724137935
656716,Zach McKinstry,DET,1.0,1.0,0.0,6.0,0.0,3.0,2.0,2.0,0.0,0.0,1.0,18.0,16.25504035949707,6.5617438673973085,5.74013861855144,0.0,0.0,0.0,,50.099999999999994,128.44,76.82,20.0,51.23407,1.249
622569,Pablo Reyes,BOS,2.0,2.0,0.0,13.0,0.0,3.0,1.0,1.0,4.0,0.0,0.0,4.5,9.25504035949707,10.908392113447189,10.570858522027057,0.0,0.30769231,0.02272727,,46.77181818181818,77.22363636363637,19.594090909090912,24.920396818181818,20.842127045454546,2.7988104545454546
593643,Hanser Alberto,CHW,1.2,2.0,0.0,12.0,1.0,6.0,4.0,4.0,1.0,0.0,1.0,21.60000901222605,11.655043864251645,7.823086474914718,6.0565900049167185,0.08333333,0.08333333,0.0,,37.53454545454546,106.08181818181818,48.72727272727273,20.0,39.22624181818182,2.601547272727273
506702,Sandy Leon,TEX,1.0,1.0,0.0,5.0,0.0,1.0,2.0,2.0,0.0,1.0,1.0,18.0,19.25504035949707,12.868447375297546,11.247005282592774,0.0,0.0,0.0,,61.61999999999999,96.68,56.260000000000005,20.0,36.77765,1.75941
571863,Matt Koch,COL,38.2,39.0,1.0,163.0,27.0,41.0,22.0,22.0,9.0,2.0,7.0,5.120690276130985,5.0653854066140855,4.422300936165296,4.232032220434005,0.16564417,0.05521472,0.10787671,,90.20188013698629,96.5109931506849,85.91704109589043,38.449914209591476,42.67348017761989,0.5710602841918294
502179,Paolo Espino,WSN,4.0,3.0,0.0,28.0,3.0,14.0,11.0,11.0,3.0,0.0,1.0,24.750006454067126,7.255041402578626,6.898406878991635,5.987509363535156,0.10714286,0.10714286,0.04950495,,91.06514851485149,89.8178217821782,85.64514851485148,44.32632643564356,37.771039801980194,0.7964851485148514
521230,Liam Hendriks,CHW,5.0,5.0,0.0,20.0,3.0,4.0,3.0,3.0,1.0,0.0,1.0,5.4,5.2550403594970705,4.639062464237213,4.424255282592775,0.15,0.05,0.13793103,,101.52988505747125,103.23172413793104,106.8577011494253,57.07977367816092,53.97980850574713,0.039851609195402336
689172,Brett Wisely,SFG,1.0,1.0,0.0,4.0,0.0,1.0,1.0,1.0,0.0,0.0,1.0,9.0,16.25504035949707,6.5617438673973085,7.141805282592773,0.0,0.0,0.0,,57.50181818181818,121.17454545454547,85.2181818181818,20.5924,58.35712999999999,0.8078500000000001
677161,Zack Kelly,BOS,9.1,8.0,0.0,43.0,6.0,7.0,4.0,4.0,8.0,2.0,0.0,3.8571434319020175,5.183612075448079,6.955060647218185,6.540724698131217,0.13953488,0.18604651,0.07734807,,96.2632670349908,84.51896607853621,82.26275803481256,59.815791886792454,40.2630658490566,0.37725213836477994
666818,Luis Frias,ARI,31.0,29.0,0.0,139.0,26.0,30.0,14.0,14.0,17.0,2.0,3.0,4.064516910529312,4.674395471110481,5.389686411743405,5.008299879210407,0.18705036,0.12230216,0.11688312,,99.443172541744,89.94311688311689,88.38747912801486,44.70317220779221,33.70782719851577,0.7417799628942485
670156,Miles Mastrobuoni,CHC,0.1,1.0,0.0,5.0,0.0,4.0,4.0,4.0,0.0,0.0,1.0,108.00011265289614,42.255081039709566,8.215100795093633,6.259805282592773,0.0,0.0,0.0,,47.24,91.42,53.419999999999995,27.49507,20.0,2.94386
593619,Domingo Tapia,SDP,17.2,15.0,0.0,75.0,14.0,13.0,7.0,8.0,12.0,1.0,2.0,3.5660378701982283,5.349380061042062,5.6558149777785225,5.559693646510365,0.18666667,0.16,0.09717868,,108.51620689655174,95.67925287356323,103.69741901776385,57.84908563176896,47.33408519855596,0.07133855595667869
592527,Michael Mariot,CIN,2.2,1.0,0.0,13.0,2.0,4.0,1.0,1.0,1.0,0.0,1.0,3.3750008046628963,7.755041432380932,5.360068492300066,4.9738762874167675,0.15384615,0.07692308,0.09756098,,84.35024390243902,92.32878048780488,79.75219512195122,33.04095,44.70545,1.08043
542194,Christian Bethancourt,TBR,0.1,1.0,0.0,4.0,0.0,3.0,3.0,3.0,0.0,0.0,1.0,81.0000844896721,42.255081039709566,13.175161230690197,8.638805282592774,0.0,0.0,0.0,,36.388000000000005,141.36399999999998,81.476,25.37538,80.0,-3.64233
476595,Lucas Luetge,ATL,13.2,12.0,0.0,65.0,14.0,17.0,11.0,11.0,7.0,1.0,2.0,7.243903328892416,4.864796654806496,4.535058038789316,4.389742793800874,0.21538462,0.10769231,0.09027778,,97.54620379148759,106.15128752068003,104.95446655766679,59.83025132841327,37.45241380073801,-0.329409667896679
543548,Tommy Milone,SEA,9.0,2.0,2.0,40.0,3.0,7.0,2.0,3.0,6.0,0.0,1.0,2.0000002119276483,6.0328184316188045,7.343960382691492,7.565375907592774,0.075,0.15,0.06748466,,95.99134355828221,110.86531288343559,109.77538036809815,44.09675993865031,70.2710209202454,-0.6388138036809816
676961,Caleb Boushley,MIL,2.1,1.0,0.0,10.0,5.0,1.0,1.0,1.0,2.0,0.0,1.0,3.8571433826369397,7.11218374213401,2.9579132509739594,3.0545152825927735,0.5,0.2,0.18421053,,98.59842105263158,93.87421052631578,89.91684210526314,40.4663,46.66527,0.34263
665665,Reiver Sanmartin,CIN,14.0,14.0,0.0,70.0,13.0,17.0,11.0,13.0,10.0,0.0,2.0,7.071430573506581,5.397898109044519,4.8398171862860195,5.002397930248721,0.18571429,0.14285714,0.09646302,,100.04584315827081,98.24398892461593,99.58663093962129,50.96818549839228,49.93466601286175,0.34448077170418
670990,Yohan Ramirez,- - -,38.1,31.0,0.0,176.0,35.0,39.0,18.0,21.0,17.0,11.0,3.0,4.22608765854063,4.637649284822091,4.655399951113436,4.049964507417867,0.19886364,0.09659091,0.07552448,,110.95135227055822,86.78685572657284,93.5415803617392,62.891673706293716,34.352999986013984,0.30610011188811187
493603,Adam Ottavino,NYM,61.2,66.0,0.0,261.0,62.0,46.0,22.0,24.0,29.0,8.0,7.0,3.2108112194313976,4.519905385333682,4.3311629427666345,4.037139385982012,0.23754789,0.11111111,0.0963035,,105.26150585480548,86.72653339443484,91.6966068308114,59.07642377431907,40.84180392996108,0.1887644455252918
593833,Wander Suero,LAD,8.0,5.0,0.0,35.0,9.0,6.0,7.0,7.0,5.0,0.0,2.0,7.875000938773267,6.130040702223819,5.153399247480499,4.540973434337239,0.25714286,0.14285714,0.06875,,94.71802447916667,108.05410624999999,108.95964010416667,49.94980425,46.767469,0.24732362499999988
670712,Mike Brosseau,MIL,2.1,3.0,0.0,9.0,0.0,1.0,1.0,1.0,1.0,0.0,1.0,3.8571434319020175,10.11218423843399,7.375072551629913,7.532694169896773,0.0,0.11111111,0.03333333,,32.29666666666666,104.208,41.54466666666667,20.0,20.0,2.2450483333333335
607455,Anthony Banda,WSN,7.0,10.0,0.0,35.0,6.0,9.0,5.0,5.0,5.0,1.0,1.0,6.428572386503363,5.969326478242935,5.5293422017802705,5.4189938471919445,0.17142857,0.14285714,0.11180124,,106.15716176073452,97.81999504905933,100.95264942839138,47.4864748447205,52.45191782608695,0.25750124223602483
693312,Kyle Nicolas,PIT,5.1,4.0,0.0,26.0,7.0,7.0,7.0,7.0,4.0,1.0,1.0,11.812500770087404,5.880040530627605,4.682554268022975,4.416457639003407,0.26923077,0.15384615,0.12612613,,105.40864864864865,82.94378378378379,90.2917117117117,60.322929369369376,37.65671576576577,0.3421947747747748
622110,Matt Duffy,KCR,2.0,2.0,0.0,10.0,0.0,3.0,1.0,1.0,0.0,1.0,1.0,4.5,11.25504035949707,9.715095621347427,8.638805282592774,0.0,0.0,0.10344828,,42.16,115.94344827586205,60.79448275862069,20.0,53.35288172413794,1.4299355172413795
621074,Michael Rucker,CHC,40.1,35.0,0.0,176.0,40.0,39.0,22.0,22.0,19.0,3.0,6.0,4.9090918002051405,4.841817507038126,4.21968324847995,4.121193000758099,0.22727273,0.10795455,0.10416667,,94.56410784313725,92.56091830065361,91.66004901960785,47.62574811111112,37.428428444444435,0.6372257499999999
676632,Bligh Madris,HOU,1.0,1.0,0.0,4.0,0.0,1.0,1.0,1.0,1.0,0.0,1.0,9.0,19.25504035949707,9.561743867397308,10.599180282592773,0.0,0.25,0.0,,29.85636363636364,58.592727272727274,0.6490909090909169,20.0,20.0,5.26727
596082,Jake Reed,LAD,0.2,1.0,0.0,7.0,1.0,5.0,6.0,6.0,1.0,0.0,1.0,81.0000844896721,24.255062264226872,9.715102359717191,5.667703241023386,0.14285714,0.14285714,0.10344828,,89.67379310344828,95.46413793103449,77.40275862068967,44.28346,27.581840000000003,0.77996
680723,Drew Rom,STL,33.2,8.0,8.0,170.0,32.0,51.0,30.0,34.0,19.0,0.0,7.0,8.019802813179005,5.7500901235972055,5.600811629044976,5.255509700540464,0.18823529,0.11176471,0.05952381,,90.78063647444912,96.34765687663251,85.49611960936976,35.78722645833333,46.003220342261905,0.7881540476190475
664076,Garrett Cleavinger,TBR,12.0,15.0,0.0,48.0,14.0,6.0,4.0,5.0,6.0,1.0,2.0,3.0000007823111665,4.838374105716852,4.325059059142975,3.8473443521455235,0.29166667,0.125,0.1042654,,112.88255924170616,100.86568720379147,110.16966824644548,63.95624241706161,53.9112790521327,-0.620451990521327
543543,Brad Miller,TEX,2.0,1.0,0.0,9.0,0.0,2.0,3.0,3.0,2.0,0.0,1.0,13.5,12.75504035949707,8.735067990422248,9.429583055952772,0.0,0.22222222,0.02564103,,55.96615384615385,90.82256410256412,56.16205128205127,21.87654,22.76938,3.01243
686826,Bryce Jarvis,ARI,23.2,11.0,1.0,92.0,12.0,14.0,8.0,9.0,9.0,0.0,3.0,3.042253974457929,5.029688511264196,5.268019421003053,5.408382341121859,0.13043478,0.09782609,0.06756757,,85.14148044198043,96.29495403095403,83.92056876106875,42.15371283783784,40.075680540540546,1.0218674864864865
666208,Alex Speas,TEX,2.0,3.0,0.0,12.0,4.0,2.0,3.0,3.0,5.0,0.0,0.0,13.500006638470577,6.755042080582035,8.408394647548967,9.451221934626275,0.33333333,0.41666667,0.09230769,,109.01384615384615,66.01969230769232,87.3750769230769,63.49289369230769,20.0,1.400241230769231
545121,Ildemaro Vargas,WSN,2.0,2.0,0.0,10.0,0.0,2.0,1.0,1.0,1.0,1.0,1.0,4.5,12.75504035949707,9.561743867397308,7.377325282592773,0.0,0.1,0.0,,48.53928571428571,90.86285714285715,42.48142857142857,20.0,20.0,3.9469457142857145
656657,Zach Logue,DET,11.0,3.0,0.0,49.0,10.0,13.0,9.0,9.0,2.0,0.0,3.0,7.363637002046499,5.5277678292645085,3.7859695916547977,3.6758202789873544,0.20408163,0.04081633,0.0867052,,82.97109826589596,108.89907514450867,92.5150289017341,34.01834682080925,66.9466576300578,-0.08943641618497114
670032,Nicky Lopez,ATL,2.1,2.0,0.0,13.0,0.0,4.0,2.0,2.0,2.0,0.0,1.0,7.714286765273879,11.39789861173061,10.077945799201617,8.550811183813472,0.0,0.15384615,0.02380952,,39.07380952380952,103.48190476190476,54.67047619047619,20.0,20.0,2.984527142857143
455117,Martin Maldonado,HOU,1.0,1.0,0.0,10.0,0.0,5.0,4.0,4.0,1.0,1.0,1.0,36.0,22.25504035949707,15.868447375297546,8.373145282592773,0.0,0.1,0.0,,35.333333333333336,83.62266666666666,29.514666666666667,20.0,29.34595,2.00312
605151,Archie Bradley,MIA,7.1,4.0,0.0,39.0,7.0,13.0,9.0,10.0,3.0,1.0,2.0,11.045455024262125,6.527767774093256,5.236883746248739,4.498746106849484,0.17948718,0.07692308,0.0738255,,87.40026845637584,107.48738255033558,99.61812080536913,34.64428530201342,58.14387704697986,-0.03977738255033554
629498,Johan Quezada,MIA,0.2,1.0,0.0,8.0,0.0,1.0,3.0,3.0,5.0,0.0,0.0,40.50004224483605,25.75506382885043,30.71512426444699,21.545649032592774,0.0,0.625,0.0,,85.59625,37.60875,31.986250000000002,60.44911,20.0,3.36797
681402,Gus Varland,- - -,20.1,16.0,0.0,103.0,20.0,27.0,15.0,18.0,16.0,1.0,3.0,6.6393456895391,5.714057281548589,5.259647261132489,5.232513917961092,0.19417476,0.15533981,0.10891089,,99.50022782923453,98.32457521558605,95.24357021185988,50.346969616336615,49.048736842959286,0.024132071369636954
666721,Max Castillo,KCR,20.1,7.0,0.0,89.0,10.0,20.0,10.0,10.0,9.0,3.0,2.0,4.42623020019378,5.320614452920834,5.830798397612655,5.63250191308839,0.11235955,0.1011236,0.06705539,,93.71373106926168,99.87207544716728,94.7103585611851,44.732233119533525,58.26204355685131,0.016513090379008732
542208,Carlos Perez,OAK,1.2,2.0,0.0,10.0,0.0,4.0,2.0,2.0,2.0,0.0,1.0,10.800004506113025,14.655045115949708,10.82308772661278,9.859725282592773,0.0,0.2,0.0,,54.271904761904764,88.54476190476191,53.24809523809523,20.0,20.0,3.1775504761904765
681810,Austin Warren,LAA,1.2,2.0,0.0,6.0,2.0,2.0,1.0,1.0,0.0,0.0,1.0,5.400002156496909,8.65504251599398,3.831073746646863,3.6231941754810513,0.33333333,0.0,0.08695652,,98.23814229249011,94.1998814229249,99.48126482213438,56.915888695652164,43.99082217391304,0.43302043478260865
675921,Spencer Howard,TEX,3.1,3.0,0.0,18.0,2.0,4.0,4.0,4.0,3.0,1.0,1.0,10.800001126527905,9.555041016638349,8.631074077371299,6.717089223700823,0.11111111,0.16666667,0.13580247,,105.28469135802469,93.37590413943356,99.54185911401598,49.392060123456794,48.98263839506173,0.29219604938271604
664948,Anthony Misiewicz,- - -,11.0,11.0,0.0,55.0,8.0,17.0,9.0,11.0,6.0,0.0,2.0,7.363638418519381,5.800495615281548,5.992039288474457,5.512598013156573,0.14545455,0.10909091,0.07083333,,99.00114880952381,100.05619047619048,97.62888095238097,43.97726841666666,36.56619479166667,0.2555756666666667
690986,Kyle Harrison,SFG,34.2,7.0,7.0,147.0,35.0,29.0,16.0,19.0,11.0,4.0,8.0,4.153846344298874,5.533886617827703,5.013914224912289,4.450363882495424,0.23809524,0.07482993,0.09353741,,92.93056332645418,104.27752885423831,94.6005579759994,48.49192853741497,52.211774472789116,0.12357724489795914
663321,Nick Hernandez,SDP,3.0,2.0,0.0,18.0,5.0,3.0,4.0,4.0,4.0,2.0,1.0,12.0,10.255040359497071,8.126176031430562,5.582777509516772,0.27777778,0.22222222,0.12345679,,87.3562962962963,88.7948148148148,76.21975308641976,43.34469,37.54654222222222,1.0714018518518518
690829,Ben Joyce,LAA,10.0,12.0,0.0,48.0,10.0,9.0,6.0,6.0,9.0,1.0,1.0,5.4,5.55504035949707,6.239062464237213,5.766284453570503,0.20833333,0.1875,0.0990099,,115.179801980198,95.69544554455446,103.5810891089109,77.9364364851485,44.01485237623762,-0.2729533663366338
607054,Jace Peterson,OAK,2.0,2.0,0.0,12.0,1.0,3.0,2.0,2.0,3.0,0.0,1.0,9.0,13.25504035949707,11.715095621347427,10.283527510675052,0.08333333,0.25,0.0,,34.6646511627907,67.66093023255816,3.924186046511625,20.0,20.0,5.96584
621199,Matt Bowman,NYY,4.0,3.0,0.0,20.0,3.0,6.0,4.0,4.0,2.0,0.0,1.0,9.0,6.5050403594970705,4.9083921134471895,4.923647782592775,0.15,0.1,0.04819277,,107.71831325301204,98.81012048192773,112.56385542168674,53.42709421686747,60.863867469879516,-0.6584360240963856
669618,Joe Barlow,TEX,9.2,13.0,0.0,44.0,6.0,13.0,5.0,5.0,2.0,0.0,2.0,4.655173753303342,5.324006472076333,5.884042839264762,5.079481935921303,0.13636364,0.04545455,0.1292517,,95.0054081632653,101.5694217687075,99.61265306122449,46.2181143537415,57.235788367346935,-0.16254965986394548
669467,Andre Pallante,STL,68.0,62.0,0.0,302.0,43.0,76.0,36.0,37.0,30.0,3.0,6.0,4.764706936906806,4.593275949801143,4.005438912945316,3.480839607946652,0.14238411,0.09933775,0.07280702,,102.55903561253561,99.20186429749592,103.03233895636524,47.03823170173836,43.388307465690744,0.3428794967978043
621219,Alec Mills,CIN,1.0,1.0,0.0,10.0,0.0,4.0,2.0,5.0,1.0,1.0,1.0,18.0,22.25504035949707,12.561743867397308,5.852765282592773,0.0,0.1,0.075,,84.12599999999999,106.48299999999999,93.375,36.79076,55.38051,-0.26633
543518,Scott McGough,ARI,70.1,63.0,1.0,301.0,86.0,60.0,37.0,40.0,30.0,2.0,14.0,4.734598265152396,4.762149717173209,3.5143918416800597,3.4924139742306908,0.28571429,0.09966777,0.14251012,,91.66811329707909,96.99244635924362,89.93460539247512,37.60474058101474,49.21328381342063,0.7083624058919803
676701,Alan Trejo,COL,2.0,2.0,0.0,10.0,1.0,4.0,3.0,3.0,0.0,0.0,2.0,13.5,15.25504035949707,8.041771498322486,6.920715282592774,0.1,0.0,0.04,,45.076800000000006,92.01039999999999,45.9608,22.280412000000002,48.420559999999995,1.440886
663574,Tony Santillan,CIN,3.1,3.0,0.0,18.0,1.0,4.0,1.0,1.0,5.0,0.0,0.0,2.70000025749209,7.1550407314300895,8.64305745189353,9.715860829355885,0.05555556,0.27777778,0.05084746,,90.9962711864407,74.60644067796612,72.46271186440678,41.365195932203385,52.00152305084746,0.24905627118644064
656322,Sam Coonrod,NYM,6.2,10.0,0.0,34.0,6.0,5.0,7.0,7.0,8.0,2.0,0.0,9.450003942848896,5.955041486025326,6.699050085727459,6.7251755158191235,0.17647059,0.23529412,0.07482993,,104.73292517006804,77.46068027210885,82.56462585034015,51.24926360544218,30.320420544217686,1.0569978911564626
664901,Danny Mendick,NYM,2.0,2.0,0.0,15.0,0.0,9.0,8.0,8.0,0.0,0.0,2.0,36.000018239030545,16.255046945813657,10.69512702171425,8.884871946744106,0.0,0.0,0.02631579,,37.828421052631576,85.44105263157893,24.627368421052637,20.0,53.62447368421053,1.9781463157894739
642701,Dennis Santana,NYM,10.2,9.0,0.0,50.0,12.0,10.0,7.0,7.0,7.0,1.0,2.0,5.906250946107472,5.692540749954122,5.735068387691696,4.826586082592774,0.24,0.14,0.1036036,,103.67295659295658,98.78076167076166,98.19241605241605,56.08085873873874,53.120016756756755,-0.19056725225225224
641401,Connor Brogdon,PHI,29.0,27.0,1.0,127.0,26.0,29.0,13.0,14.0,13.0,1.0,5.0,4.034483596133453,5.151592477337582,5.133686211691296,4.597897580516823,0.20472441,0.1023622,0.12293578,,106.82903339083614,101.6331440772106,106.36316111241801,60.762654274661514,57.86991851063831,-0.5691435783365572
686654,Ty Adcock,SEA,15.2,12.0,0.0,58.0,11.0,11.0,6.0,7.0,0.0,0.0,4.0,3.446809089820695,5.169934298286345,3.644847647369499,3.645709568196807,0.18965517,0.0,0.10144928,,104.99555555555557,106.15314009661836,110.48057971014494,44.00119869565217,62.82260280193237,-0.35189714975845404
670042,Luke Raley,TBR,2.2,2.0,0.0,19.0,1.0,11.0,9.0,9.0,0.0,0.0,2.0,30.375007241966067,12.255042505264793,6.2250825139980694,5.5887000310704575,0.05263158,0.0,0.02439024,,1.1146341463414642,112.65073170731706,30.136097560975607,20.0,21.443810000000003,2.27681
677020,Josh Walker,NYM,10.0,13.0,0.0,48.0,12.0,12.0,9.0,11.0,6.0,0.0,2.0,8.100002510548416,5.255040979385568,5.135068573126001,4.511846947872106,0.25,0.125,0.13242009,,97.12059752120027,97.06724853228963,96.15404653185475,56.00883547945207,43.72431136986301,0.26314173515981737
621294,Ben Heller,ATL,18.2,19.0,0.0,82.0,16.0,16.0,8.0,9.0,11.0,2.0,2.0,3.8571436412786113,5.022897861749767,5.312916670265341,4.995245790876084,0.19512195,0.13414634,0.12258065,,98.11225179574248,91.28911714770798,85.83191717382788,47.961226741935484,44.75103529032258,0.44367374193548387
670036,Matt Festa,SEA,9.0,8.0,0.0,43.0,13.0,4.0,4.0,4.0,12.0,0.0,1.0,4.000000437100776,5.810596194311455,6.386915067672284,6.450322854539345,0.30232558,0.27906977,0.15306122,,101.04548057932851,85.73421658986176,89.95335418038182,60.90923969387755,29.778222806122447,0.5960270918367346
607074,Carlos Rodon,NYY,64.1,14.0,14.0,286.0,64.0,65.0,49.0,51.0,28.0,4.0,15.0,6.854922720133309,5.788719278730017,5.301908215972585,4.868664343733542,0.22377622,0.0979021,0.12522046,,107.300722439561,94.08921200707441,101.00029010170377,55.993075952380956,48.17598233686066,-0.19512858024691365
542947,Richard Bleier,BOS,30.2,27.0,0.0,132.0,16.0,37.0,18.0,20.0,5.0,3.0,5.0,5.282609328810758,5.113736234449004,4.503752980162162,4.263259133206372,0.12121212,0.03787879,0.0877193,,106.9569852157782,98.78601027604738,98.02989793935897,46.188674188596494,60.5933638377193,-0.48101006578947386
622103,Gerardo Reyes,LAA,9.2,8.0,0.0,49.0,10.0,11.0,8.0,9.0,6.0,2.0,2.0,7.448276351946887,6.358488839474941,5.892306684815724,4.847125565201855,0.20408163,0.12244898,0.10958904,,110.51403823573686,104.76862481810429,112.68779948818306,54.0717789041096,57.73502223744293,-0.41561707762557076
543594,Sean Nolin,MIA,3.0,1.0,0.0,18.0,2.0,7.0,6.0,6.0,2.0,0.0,2.0,18.0,12.588373692830405,7.779527785380681,6.067867010863711,0.11111111,0.11111111,0.0952381,,93.26225806451613,94.6548387096774,89.23870967741935,36.79716,51.01835,0.66663
621139,Brooks Kriske,KCR,6.2,4.0,0.0,25.0,6.0,3.0,3.0,3.0,4.0,0.0,2.0,4.050000386238135,7.1550407314300895,5.2390626534483244,5.301373282592774,0.24,0.16,0.11956522,,116.02239130434783,88.33173913043478,99.8695652173913,64.46547652173913,48.74180184782609,-0.24179173913043478
672841,Carlos Vargas,ARI,4.2,5.0,0.0,22.0,7.0,5.0,3.0,3.0,4.0,1.0,2.0,5.785715147853026,9.040755507350097,4.532195248775913,4.420018080777828,0.31818182,0.18181818,0.10843373,,114.54116465863453,84.46381526104419,99.65331325301206,70.62405061538462,34.74088153846154,0.25401369230769233
669270,Joel Kuhnel,- - -,13.0,9.0,0.0,58.0,3.0,16.0,8.0,8.0,5.0,1.0,2.0,5.538462363756743,6.178117718146463,5.704288497340516,5.5702743760347095,0.05172414,0.0862069,0.09230769,,91.88714058355438,101.14517064544651,93.3662104332449,45.12002348717949,55.83377082051281,-0.09988625641025642
656818,Connor Overton,CIN,11.0,3.0,3.0,55.0,9.0,19.0,14.0,14.0,7.0,0.0,3.0,11.454545454545455,7.073222177678889,5.932642910697243,5.775912394285538,0.16363636,0.12727273,0.125,,83.6605,80.2387,70.0254,38.378530250000004,36.16154675,1.43323375
641447,Daniel Castano,MIA,3.0,2.0,0.0,20.0,4.0,7.0,7.0,8.0,3.0,0.0,2.0,21.0,12.255040359497071,6.343959949413936,5.068320282592775,0.2,0.15,0.07246377,,90.70782608695653,95.63101449275362,93.99884057971015,42.28624043478261,42.74289942028986,0.4417784057971015
669674,Sam Long,OAK,45.0,40.0,1.0,199.0,32.0,49.0,28.0,29.0,21.0,1.0,5.0,5.600001123746462,4.74392954715982,5.393730788113806,5.112773040838407,0.16080402,0.10552764,0.07989691,,99.70624226804125,100.32636082474227,96.87349312714778,46.13069837628866,54.358123530927855,0.10074856958762886
642758,Domingo Acevedo,OAK,9.1,9.0,0.0,47.0,7.0,16.0,11.0,11.0,2.0,1.0,2.0,10.607144369991065,5.505040680404266,5.376498838062197,4.790507859924396,0.14893617,0.04255319,0.09039548,,87.38758885762276,101.04257947778287,87.42808182274283,38.875627692307695,51.04944525641025,0.8979596153846154
640454,Matt Krook,NYY,4.0,4.0,0.0,27.0,3.0,8.0,11.0,11.0,6.0,0.0,1.0,24.75000590086124,9.505041849613544,8.321731259927965,7.316768243128698,0.11111111,0.22222222,0.10280374,,96.5106542056075,70.32990654205607,62.743925233644866,51.78473803738317,28.487880093457942,1.3568883177570092
663485,Cole Sands,MIN,21.2,15.0,0.0,98.0,21.0,20.0,9.0,10.0,13.0,0.0,4.0,3.7384618281401347,5.516578996273202,5.32952671398942,4.863945015826967,0.21428571,0.13265306,0.07021792,,92.71118437999073,95.6134119828963,86.78997784761218,43.58897450363197,41.5965805811138,0.7265018401937046
608665,Kendall Graveman,- - -,66.1,68.0,0.0,282.0,66.0,51.0,23.0,27.0,36.0,5.0,9.0,3.120603318848226,4.883181221504841,4.814255374623567,4.526058258301692,0.23404255,0.12765957,0.11917563,,101.4605816278251,93.40433895015278,94.7971076787097,51.430043767811235,42.39233422538235,0.45961410386507157
676979,Garrett Crochet,CHW,12.2,13.0,0.0,64.0,12.0,12.0,5.0,6.0,13.0,1.0,1.0,3.5526326182107915,5.702409496486727,7.1561217631975005,6.420832138061524,0.1875,0.203125,0.09589041,,105.67684735812132,88.25487279843443,94.6824011741683,62.77597910958904,42.99225626712329,0.08276883561643843
571710,Mychal Givens,BAL,4.0,6.0,0.0,22.0,2.0,4.0,5.0,6.0,6.0,1.0,0.0,11.250002933666876,7.505041467771223,8.331717560318872,8.793044950055561,0.09090909,0.27272727,0.04444444,,105.1552016931217,57.22281862433863,62.03850328042328,48.74088033333333,20.0,1.9057164444444448
686842,McKinley Moore,PHI,3.1,3.0,0.0,21.0,2.0,5.0,7.0,7.0,5.0,2.0,1.0,18.90000180244463,12.255041217804038,10.835068713310084,8.265038844259118,0.0952381,0.23809524,0.09302326,,101.14186046511627,89.85674418604651,91.60511627906978,55.29805593023256,37.16931162790697,0.2739594186046512
664776,Jake Cousins,MIL,9.1,9.0,0.0,45.0,7.0,10.0,5.0,5.0,10.0,0.0,1.0,4.821429751737674,6.362183977283571,5.855050864179662,6.618029484424131,0.15555556,0.22222222,0.0990099,,97.91465346534655,86.08574257425742,87.86554455445543,64.41153272277228,27.577468217821778,0.8911301980198021
606625,Reyes Moronta,LAA,1.1,2.0,0.0,11.0,2.0,4.0,1.0,1.0,3.0,0.0,1.0,6.750007040806008,16.75505444110909,9.485074488854245,7.830499492324649,0.18181818,0.27272727,0.14583333,,97.01166666666666,81.93041666666666,79.24791666666667,60.71072,37.6738225,0.68989625
676760,Ron Marinaccio,NYY,47.1,45.0,0.0,205.0,56.0,35.0,21.0,24.0,27.0,7.0,6.0,3.992958452095242,4.691660331679485,4.790271356799338,4.151096377854341,0.27317073,0.13170732,0.11024499,,100.37576958768774,88.66815719404943,89.85832273285362,60.27233786713288,39.03297638694638,0.33435749417249433
665048,Hobie Harris,WSN,19.1,16.0,0.0,91.0,9.0,21.0,11.0,12.0,13.0,1.0,2.0,5.120690007750567,5.84124743411857,7.061965757057586,6.586100293767739,0.0989011,0.14285714,0.08285714,,87.7044,102.71177142857144,95.16525714285716,49.764665514285724,47.70963048571428,0.17483708571428577
645801,Mike Ford,SEA,2.0,2.0,0.0,12.0,0.0,5.0,4.0,4.0,1.0,0.0,2.0,18.0,17.75504035949707,10.541771498322486,8.342360832633718,0.0,0.08333333,0.0,,14.427619047619048,136.85047619047617,63.66285714285715,20.0,20.0,2.799441904761905
661309,Adrian Martinez,OAK,55.0,22.0,1.0,241.0,47.0,59.0,29.0,31.0,19.0,5.0,8.0,4.745455126585125,4.745949632983585,4.658696990244171,4.3522085307889755,0.19502075,0.07883817,0.0962963,,84.59327192086099,104.54014352674055,89.33535956757756,40.81309222222222,45.17173160846561,0.5334522645502646
688427,Kolton Ingram,LAA,5.1,5.0,0.0,30.0,7.0,8.0,5.0,7.0,5.0,0.0,2.0,8.437500550062431,8.31754068953453,6.232571638400843,5.20621527628834,0.23333333,0.16666667,0.13,,86.698,89.45620000000001,77.91900000000001,64.2589855,41.8600378,0.48599010000000015
669391,Owen White,TEX,4.0,2.0,0.0,19.0,4.0,5.0,5.0,5.0,2.0,0.0,2.0,11.25,9.25504035949707,4.4083921134471895,4.367317746502286,0.21052632,0.10526316,0.08823529,,89.64657754010693,87.31505347593584,79.80371657754011,36.450625882352945,41.28854058823529,0.5627111764705882
621368,Taylor Hearn,- - -,15.0,13.0,0.0,76.0,15.0,23.0,19.0,19.0,8.0,0.0,4.0,11.400002287626725,6.321707641548704,5.059509726864906,4.7156470294371875,0.19736842,0.10526316,0.11182109,,109.61993610223642,91.52751153709622,95.72556620518283,54.3287563258786,47.53184469648562,0.27724626198083063
657756,Connor Seabold,COL,87.1,27.0,13.0,408.0,67.0,116.0,73.0,76.0,28.0,7.0,19.0,7.522901209191458,5.751223713536245,5.592322146565383,5.032113528916283,0.16421569,0.06862745,0.10044786,,85.24345680827837,102.48585618118523,87.02852707706487,32.81444300063979,53.21770773512475,0.6245625143953936
453178,Ian Kennedy,TEX,16.1,16.0,0.0,75.0,21.0,16.0,13.0,15.0,7.0,2.0,4.0,7.1632667395014895,5.520346935236858,4.664862499207553,3.6555094554671297,0.28,0.09333333,0.15605096,,86.5076433121019,97.38955414012739,86.36445859872612,39.6005253821656,39.07547372611466,0.9861327070063695
641743,Anthony Kay,- - -,14.2,16.0,0.0,66.0,11.0,13.0,10.0,10.0,9.0,2.0,2.0,6.136364750256425,5.777768090158046,6.034154380182352,5.575283476067508,0.16666667,0.13636364,0.09917355,,99.52628099173552,86.35561983471074,87.72578512396696,54.67250419454634,44.26513554337738,0.20333216113492733
605463,Tayler Scott,- - -,17.2,18.0,2.0,88.0,17.0,23.0,11.0,12.0,10.0,3.0,3.0,5.6037754125132535,5.74560720950296,6.252052706630254,4.977423997631468,0.19318182,0.11363636,0.09467456,,96.24696255814187,101.05198139460121,95.95140062888659,47.501254230769234,50.933602662721896,0.17510375739644976
472551,Fernando Abad,COL,6.1,6.0,0.0,32.0,2.0,11.0,3.0,3.0,3.0,0.0,2.0,4.26315879078802,8.149778230401834,6.916125754283358,6.3881060638427725,0.0625,0.09375,0.02797203,,85.83908216783216,107.0978484015984,90.67306818181818,28.455664475524475,49.60491328671329,1.081133006993007
605441,Yacksel Rios,OAK,1.2,3.0,0.0,14.0,2.0,3.0,7.0,7.0,6.0,0.0,1.0,37.800015771395586,19.455047118666606,14.631078263060171,12.328060380552813,0.14285714,0.42857143,0.11290323,,102.91032258064516,58.87903225806453,64.92645161290321,49.709383220338985,22.498218813559323,1.986982033898305
657093,Spenser Watkins,OAK,4.1,1.0,1.0,21.0,4.0,7.0,5.0,5.0,2.0,0.0,2.0,10.384616146426286,8.793502304257757,5.845843787619035,5.32917263178352,0.19047619,0.0952381,0.06666667,,81.82266666666666,111.81666666666666,93.8448888888889,33.33948,64.29236,0.05326
489446,Kirby Yates,ATL,60.1,61.0,0.0,254.0,80.0,35.0,22.0,22.0,37.0,5.0,9.0,3.2817683054110116,4.630731113785525,4.335721776893929,3.9038781064130053,0.31496063,0.14566929,0.1328935,,92.10677187128815,87.19459214068631,80.36589191481582,47.27387951932139,43.520857002827505,0.7434556456173422
640444,Wil Crowe,PIT,9.2,5.0,0.0,47.0,9.0,9.0,5.0,6.0,9.0,1.0,1.0,4.655173207931223,5.841247697236639,5.009529134163709,5.883604735405495,0.19148936,0.19148936,0.10055866,,91.38011173184358,93.03955307262571,90.52201117318435,56.79027145251397,39.724095810055864,0.6349394413407821
592866,Trevor Williams,WSN,144.1,30.0,30.0,659.0,111.0,178.0,89.0,97.0,53.0,5.0,34.0,5.549653775244796,5.984832603500129,5.213495514817453,5.090427764820543,0.16843703,0.08042489,0.0792381,,84.18290660323574,106.35963145581756,92.16030260938122,40.829483459047616,58.4942532304762,0.018435001904761883
650907,Rene Pinto,TBR,1.0,1.0,0.0,8.0,0.0,5.0,5.0,5.0,0.0,0.0,3.0,45.0,42.25504035949707,14.828502637147903,12.037430282592773,0.0,0.0,0.07692308,,17.9953846153846,116.7969230769231,48.23384615384615,29.71761,20.0,2.8908600000000004
622608,Antonio Senzatela,COL,7.2,2.0,2.0,30.0,4.0,7.0,4.0,4.0,2.0,0.0,3.0,4.695652563315065,8.081127716237553,4.503752934048493,4.91499194510604,0.13333333,0.06666667,0.08333333,,82.10119017857143,117.59435736607143,104.26881852678572,31.6349735,65.76979525,0.11112425000000001
642121,Cole Sulser,ARI,5.1,4.0,0.0,23.0,4.0,5.0,4.0,4.0,3.0,0.0,2.0,6.750000402331376,8.317540661245602,5.302561204732707,5.411563313146481,0.17391304,0.13043478,0.14285714,,92.34119047619048,109.92666666666666,109.67285714285715,61.02149859375,60.8687890625,-0.56957984375
502083,Zach McAllister,NYY,5.1,7.0,0.0,29.0,5.0,9.0,6.0,7.0,2.0,1.0,2.0,10.125002640300188,7.9425415818582685,5.857572122950939,4.690788632637348,0.17241379,0.06896552,0.08943089,,109.76735291040168,103.73757313934144,105.48640332841553,55.626465447154466,60.32469243902439,-0.43224040650406503
656669,Jordan Luplow,MIN,1.1,2.0,0.0,6.0,0.0,1.0,2.0,3.0,0.0,1.0,1.0,13.50000352040025,15.255043488741737,10.465097501516343,8.638805282592774,0.0,0.0,0.0,,29.46593939393939,105.5809696969697,53.87842424242424,20.0,62.703748,1.148296
502202,Brad Boxberger,CHC,20.0,22.0,0.0,84.0,17.0,15.0,11.0,11.0,11.0,1.0,3.0,4.950000508949213,5.305040570274018,5.00839229372335,4.9101933124808665,0.20238095,0.13095238,0.08259587,,85.81497988736926,103.05791364977206,90.9255081791365,31.628058799999998,54.380862369230776,0.8334084307692307
517008,Alex Colome,CHW,3.0,4.0,0.0,15.0,2.0,2.0,2.0,4.0,3.0,0.0,1.0,6.000002086163293,9.255042445660363,5.472825048590343,5.918400842089751,0.13333333,0.2,0.12698413,,80.54584126984126,97.21466666666667,77.00926984126984,33.33670126984127,32.12416857142857,1.624067142857143
571616,Matt Dermody,BOS,4.0,1.0,1.0,17.0,1.0,4.0,3.0,3.0,1.0,1.0,2.0,6.75,10.75504035949707,5.9083921134471895,5.8697706819837805,0.05882353,0.05882353,0.06578947,,97.70842105263158,99.12131578947368,92.68,39.2801,46.52918,0.80427
641745,Brad Keller,KCR,45.1,11.0,9.0,211.0,31.0,42.0,23.0,26.0,45.0,3.0,3.0,4.56617679078276,5.924158193722741,6.413290909555068,7.110429654457429,0.14691943,0.21327014,0.07849829,,90.50733640329756,80.52956252463551,76.95676441279059,48.909428361774744,29.102732229806595,1.2073072923777022
663804,Jackson Kowar,KCR,28.0,23.0,0.0,137.0,29.0,34.0,20.0,24.0,20.0,1.0,4.0,6.428572338606759,5.290754933389211,5.264108657204769,5.0205413315732805,0.21167883,0.1459854,0.10739437,,103.62893951946975,87.82973280861641,91.76824772162384,56.129937306338036,38.53971440140845,0.5354152640845071
621249,Duane Underwood Jr.,PIT,24.1,20.0,0.0,100.0,14.0,24.0,14.0,14.0,11.0,0.0,3.0,5.178082893614704,5.06325978266411,4.887385245111913,5.261466882592774,0.14,0.11,0.08823529,,93.44255487394959,88.86835378151261,85.34861154061628,41.6150910882353,45.469699088235295,0.8736878235294118
681807,David Fry,CLE,5.0,2.0,0.0,26.0,0.0,10.0,7.0,7.0,1.0,0.0,3.0,12.6,11.655040359497072,8.815095621347428,8.174213558899257,0.0,0.03846154,0.01388889,,42.11527777777778,102.11416666666666,51.07805555555555,20.0,54.01188666666667,1.8478644444444443
621057,Justin Garza,BOS,18.1,17.0,1.0,91.0,17.0,22.0,15.0,17.0,12.0,1.0,3.0,7.363638119264501,5.655040931701796,5.872521652791592,5.235739780513304,0.18681319,0.13186813,0.08522727,,94.54089027232914,100.14894998597471,95.84305369258645,44.71822892045454,52.46466002840909,0.3112973579545455
686610,Ken Waldichuk,OAK,141.0,35.0,22.0,639.0,132.0,149.0,84.0,93.0,71.0,9.0,24.0,5.36170245404157,5.29759367532243,5.078230528433858,4.895161446524409,0.20657277,0.11111111,0.11041504,,91.1444743041749,98.76738839567537,89.6794764220871,52.306850845732185,42.59192367267032,0.3921519851213781
650960,Daniel Duarte,CIN,31.2,31.0,0.0,136.0,23.0,24.0,13.0,14.0,20.0,1.0,5.0,3.6947377403854538,5.84451467327149,5.619271820243842,5.521480070999607,0.16911765,0.14705882,0.10314685,,103.96206148018648,94.08556818181818,96.1179356060606,48.68238821678321,51.64637496503496,0.13689059440559437
679885,Justin Martinez,ARI,10.0,10.0,0.0,57.0,14.0,13.0,14.0,14.0,11.0,2.0,2.0,12.600003792644689,6.955041473210192,6.173728167377318,5.39714169296773,0.24561404,0.19298246,0.12711864,,106.44584745762712,85.42338983050847,96.4685593220339,68.53307377118644,33.601427796610174,0.3880629237288135
675989,Cody Bolton,PIT,21.1,16.0,0.0,107.0,22.0,30.0,15.0,15.0,15.0,1.0,3.0,6.328125686595815,5.2706655781905525,4.992557817344353,4.988128275285619,0.20560748,0.14018692,0.08571429,,92.37543406593407,90.73653296703294,87.61803296703297,53.38126410989011,35.91264971428571,0.6984173186813186
672730,Juan Then,SEA,11.0,9.0,0.0,48.0,5.0,14.0,6.0,6.0,2.0,0.0,3.0,4.909091773604711,6.436859101648272,4.244146514187889,3.9555331505547735,0.10416667,0.04166667,0.05952381,,95.35098639455782,97.8383163265306,98.4525680272109,44.48844208333333,44.48615684523809,0.4077817857142857
641149,Wes Parsons,TOR,4.0,1.0,1.0,26.0,3.0,10.0,9.0,9.0,3.0,1.0,2.0,20.25,11.25504035949707,7.648405928909779,6.291218003856784,0.11538462,0.11538462,0.07865169,,95.22539325842696,71.2991011235955,69.25797752808988,53.47986,24.177900000000005,1.43159
675916,James Karinchak,CLE,39.0,44.0,0.0,171.0,52.0,24.0,14.0,18.0,28.0,3.0,6.0,3.230769744286252,4.972989350506427,4.965490180997943,4.358942932784821,0.30409357,0.16374269,0.10869565,,98.51997072334366,98.46644329063147,96.79741783126296,47.767668030942325,38.953432447257384,0.5215442897327708
666154,Karl Kauffmann,COL,35.0,11.0,3.0,158.0,16.0,42.0,32.0,34.0,16.0,4.0,5.0,8.228571652782213,5.912183289041327,6.275255654238709,5.981734567486033,0.10126582,0.10126582,0.0754717,,81.4818616192827,93.65032778909999,79.81861759133642,31.34575466552316,42.418434271012,1.184507718696398
665620,Deivi Garcia,- - -,15.0,8.0,0.0,67.0,10.0,9.0,4.0,9.0,12.0,1.0,2.0,2.4000004577637593,6.255040931701769,6.726176693497276,6.410877675917942,0.14925373,0.17910448,0.0899654,,92.11467128027681,80.68802768166088,75.75612456747403,46.03495249134948,26.40452193771626,1.440923598615917
605446,Dereck Rodriguez,- - -,5.1,4.0,0.0,30.0,1.0,9.0,9.0,9.0,5.0,0.0,2.0,15.18750396045028,10.56754226638054,9.412583411589317,7.924695276087572,0.03333333,0.16666667,0.08163265,,81.8166931216931,81.65051020408163,68.39192365835224,37.82031326530612,30.11860857142857,1.3889375510204083
672391,Kaleb Ort,BOS,23.0,21.0,2.0,107.0,24.0,27.0,16.0,19.0,9.0,1.0,6.0,6.260870408921815,5.863736363214493,5.275941432006608,4.405443182360929,0.22429907,0.08411215,0.07989691,,104.94937892631795,94.94016718500386,101.12466530358928,55.75285274725276,46.56558436813188,-0.024020027472527412
668984,Casey Legumina,CIN,12.2,11.0,0.0,61.0,11.0,16.0,8.0,11.0,9.0,0.0,3.0,5.6842117477984955,6.72872531648504,5.346638661699809,5.301448929388939,0.18032787,0.14754098,0.09090909,,103.15506493506493,82.13541125541127,86.41030303030303,53.17039047619047,42.42133454545454,0.35326129870129874
571912,Luke Maile,CIN,4.1,4.0,0.0,25.0,0.0,12.0,8.0,8.0,0.0,0.0,4.0,16.615385834282055,15.255041239811888,9.359724206534448,9.089597282592774,0.0,0.0,0.0625,,31.363999999999997,102.70674999999999,41.009249999999994,20.0,27.882315500000004,2.99870675
572403,Drew VerHagen,STL,61.0,60.0,0.0,268.0,60.0,52.0,27.0,30.0,26.0,9.0,9.0,3.9836076219713927,4.927171953904816,5.069052865595525,4.241712717787797,0.2238806,0.09701493,0.1291866,,92.42007848498253,92.97204765925507,85.92910161500008,44.20735454905848,42.53254970267592,0.7263022794846383
656981,Peter Solomon,ARI,13.1,5.0,0.0,67.0,6.0,17.0,18.0,18.0,11.0,1.0,2.0,12.150001158714405,7.005040717124974,7.287065611853624,6.967798603461341,0.08955224,0.1641791,0.06355932,,76.91228813559322,81.2292372881356,67.47694915254237,39.08914542372881,29.878008220338987,1.568590127118644
548389,Ross Stripling,SFG,89.0,22.0,11.0,381.0,70.0,104.0,53.0,54.0,16.0,2.0,20.0,5.359550848947528,5.21009664401881,3.9792539894159527,4.132852514549714,0.18372703,0.04199475,0.10302198,,91.66419853653333,109.59129875868088,100.2840621048831,32.242145734890116,66.07590125,-0.064768646978022
677960,Ryan Weathers,- - -,57.2,15.0,12.0,257.0,43.0,68.0,42.0,44.0,29.0,1.0,12.0,6.554913692276192,6.02960700173038,5.5607301549420205,5.515158560641528,0.16731518,0.11284047,0.09226468,,91.43097797957219,99.87800145671144,92.1169193841767,49.0334250419385,50.74431746505125,0.2769822180801491
663385,Chad Smith,OAK,13.2,10.0,0.0,60.0,9.0,15.0,10.0,10.0,7.0,2.0,2.0,6.585367107802908,5.816016456975978,5.486277818668335,5.117776385662097,0.15,0.11666667,0.06854839,,104.24306451612904,83.00362903225808,85.18451612903226,48.52682717741936,36.246336129032265,0.7978023387096774
592848,Zack Weiss,- - -,14.0,12.0,0.0,58.0,15.0,9.0,5.0,6.0,6.0,1.0,4.0,3.214286412207599,6.326469597828776,4.3836317694960405,3.9540903556030735,0.25862069,0.10344828,0.11842105,,105.0931259968102,87.9373524720893,92.31759170653909,55.299244385964904,41.589612105263164,0.18297425438596485
650895,Diego Castillo,SEA,8.2,8.0,0.0,41.0,7.0,7.0,6.0,6.0,7.0,1.0,2.0,6.230769730707638,7.408886846635496,6.507371692775756,5.899195526122188,0.17073171,0.17073171,0.10493827,,89.06061728395062,92.549012345679,86.9274074074074,35.37782765432099,41.175282592592595,1.143342037037037
607237,Amir Garrett,KCR,24.1,27.0,0.0,112.0,28.0,22.0,9.0,11.0,20.0,0.0,4.0,3.3287675907742695,5.55641054571138,5.050127273026353,5.103283908249155,0.25,0.17857143,0.10504202,,101.46795506715507,84.7017625224449,90.06868087337499,50.77688482300886,42.066043008849554,0.8640425221238938
670810,Logan Gillaspie,BAL,9.0,11.0,0.0,46.0,8.0,14.0,6.0,7.0,5.0,1.0,2.0,6.00000272194668,6.366152881987942,5.1306151865381375,4.951187139936831,0.17391304,0.10869565,0.08376963,,98.84944735311227,98.29876672484004,92.82467713787086,46.01779756756757,50.01469891891892,0.3261305945945946
664199,Taylor Clarke,KCR,59.0,58.0,2.0,266.0,65.0,71.0,39.0,42.0,24.0,3.0,12.0,5.949153260582397,5.068599900472331,4.806479514349294,4.076390171901959,0.2443609,0.09022556,0.12336449,,96.41538762064548,108.8761968021567,106.96443753566389,48.334854355140195,58.294852046729,0.09196577570093455
608723,Austin Voth,BAL,34.2,25.0,0.0,160.0,34.0,39.0,20.0,22.0,15.0,3.0,6.0,5.192308532977998,5.101194504555915,5.092757938833888,4.404322313842773,0.2125,0.09375,0.10510511,,101.39438820590233,94.64666602431132,95.6708528759772,45.78322252252253,49.147510705705706,0.2301143843843844
623474,Jimmy Herget,LAA,29.0,29.0,1.0,127.0,26.0,33.0,15.0,15.0,8.0,2.0,7.0,4.655172896973493,5.634350951283523,5.06196568248545,4.3250477165597365,0.20472441,0.06299213,0.09019608,,107.62198650369238,106.32975833969955,108.29137866055515,46.33382536437247,52.64845376518218,-0.28679742914979756
663752,Cody Morris,CLE,8.0,6.0,0.0,38.0,9.0,10.0,6.0,6.0,6.0,0.0,3.0,6.75,8.13004035949707,5.115061082690954,4.9292574887288705,0.23684211,0.15789474,0.10843373,,96.68765490533562,95.19293029259897,95.84497848537006,47.53251168674699,40.86886126506024,0.5672581325301205
681517,Kyle Leahy,STL,1.2,3.0,0.0,15.0,2.0,4.0,4.0,4.0,5.0,1.0,1.0,21.600022530579228,19.455057257431488,14.631085382746928,9.864623056859395,0.13333333,0.33333333,0.10344828,,86.45965517241379,59.09758620689655,56.94586206896552,52.82015224137931,20.0,1.9921806896551724
674681,Michael Plassmeyer,PHI,3.2,1.0,1.0,23.0,4.0,8.0,9.0,10.0,0.0,3.0,3.0,22.090912921370233,14.16413316017373,7.1350812227146605,4.4711568939855235,0.17391304,0.0,0.14117647,,94.7270588235294,95.39741176470588,84.49929411764707,52.16656,49.76627,0.29868
683155,Joey Estes,OAK,10.0,2.0,2.0,47.0,7.0,12.0,8.0,9.0,2.0,3.0,4.0,7.2000006866455735,8.555040864944507,6.827079383448508,5.489035701446369,0.14893617,0.04255319,0.15151515,,89.19078787878787,103.82727272727273,90.34339393939393,37.62103181818182,56.56173454545455,0.2928818181818182
622503,Nabil Crismatt,- - -,13.0,8.0,0.0,65.0,12.0,19.0,12.0,13.0,7.0,1.0,3.0,8.307693564680392,6.255040813409434,4.908392363606124,4.637891908460208,0.18461538,0.10769231,0.13307985,,83.23033329964758,97.19675075477181,87.88259167793035,49.418053872150686,39.78973309335856,0.6571132186215283
680704,Nick Sandlin,CLE,60.0,61.0,0.0,239.0,66.0,38.0,25.0,28.0,24.0,2.0,12.0,3.7500009443613287,4.9550407876075395,4.118615781184404,3.6941999947400515,0.27615063,0.10041841,0.13690476,,108.03623101088728,102.31902214590967,107.90243490537239,56.63243620202022,51.574644111111105,-0.348863595959596
656271,Brock Burke,TEX,59.2,53.0,0.0,250.0,52.0,64.0,29.0,32.0,9.0,2.0,13.0,4.374302395530714,4.897498730232741,4.115622005957909,3.7550664985927735,0.208,0.036,0.10940919,,96.57154874787257,112.65189399465108,107.53537806953558,50.06479725714286,63.09594925714285,-0.5415565714285714
605155,Colten Brewer,NYY,8.1,3.0,0.0,34.0,4.0,6.0,4.0,4.0,3.0,1.0,3.0,4.320000164794928,8.415040556335457,5.719062558232201,5.097725707500683,0.11764706,0.08823529,0.09615385,,98.35211538461537,76.68807692307692,78.86576923076925,49.67828192307692,34.16108615384615,0.7305053846153846
665001,Trevor Kelley,TBR,15.1,10.0,3.0,69.0,11.0,16.0,10.0,10.0,6.0,2.0,4.0,5.869565738368621,6.776779802518243,6.081157600476731,5.248552506031752,0.15942029,0.08695652,0.08759124,,106.94486958816374,98.45735886288821,102.3236421300272,58.11586335766423,55.860455036496354,-0.6657920072992699
607359,Spencer Patton,OAK,12.1,12.0,0.0,55.0,7.0,13.0,7.0,7.0,6.0,0.0,3.0,5.108109955482684,6.741528106890014,6.796699107502585,6.231563961227078,0.12727273,0.10909091,0.07804878,,85.66489430894309,96.27728455284553,81.65044715447155,35.12318048780488,38.4222496097561,1.1689800000000001
471911,Carlos Carrasco,NYM,90.0,20.0,20.0,417.0,66.0,115.0,68.0,71.0,38.0,6.0,18.0,6.800000288221583,5.85504046969944,4.926762759347911,5.1566918881503305,0.15827338,0.0911271,0.10929648,,89.04132923144125,94.67160460297428,87.7803732224571,45.11939422110552,44.67189329773869,0.5706488505025126
630023,Yonny Chirinos,- - -,85.0,20.0,9.0,367.0,53.0,91.0,51.0,53.0,27.0,5.0,15.0,5.40000048469099,5.431511143087121,4.965805982125508,4.971592611672868,0.14441417,0.07356948,0.07806691,,91.24870337854462,103.86074121910023,97.11027831483061,38.96823728624536,51.09629046096654,0.2398611078066915
541640,Erasmo Ramirez,- - -,60.1,38.0,2.0,274.0,43.0,82.0,43.0,47.0,13.0,4.0,11.0,6.4143652038114265,5.045095765211887,4.730201509061587,4.42747801263908,0.15693431,0.04744526,0.0977131,,96.74047583539486,102.41481289976028,97.38155028259482,42.03043723715863,54.9972563230508,0.04981853969152401
488984,Tommy Hunter,NYM,23.2,14.0,0.0,106.0,20.0,28.0,18.0,20.0,5.0,2.0,6.0,6.845071477009054,5.747998490012714,4.687741543290201,4.022362242907169,0.18867925,0.04716981,0.08423913,,89.74365846681924,107.15088672768879,97.02717677345537,38.43879324712643,58.678507902298854,0.015062643678160893
647315,Zach Pop,TOR,13.2,15.0,0.0,56.0,14.0,11.0,10.0,11.0,6.0,0.0,4.0,6.585368630009312,6.32821238683475,3.975056837251679,4.035582067042952,0.25,0.10714286,0.12562814,,114.7753768844221,80.11065326633167,96.54854271356784,54.66514306451613,29.274369677419354,0.2461621505376343
663753,Reiss Knehr,SDP,5.2,4.0,1.0,32.0,4.0,10.0,10.0,10.0,5.0,0.0,3.0,15.88235489018672,11.372688414481395,6.82447856780479,6.560080804002742,0.125,0.15625,0.05645161,,85.45863782991202,96.68389882697947,90.96546334310851,48.70563217741935,40.46161919354839,0.6704478225806452
669169,Jonathan Heasley,KCR,15.0,12.0,0.0,63.0,9.0,17.0,12.0,13.0,2.0,1.0,5.0,7.200000457763701,6.9883739301893595,5.079956381315615,4.814179434901196,0.14285714,0.03174603,0.11764706,,94.44934099083422,99.91110221603432,94.47362803109408,41.874234977375565,49.28009113122172,0.350260633484163
687396,Brent Headrick,MIN,25.2,14.0,0.0,117.0,30.0,27.0,18.0,18.0,10.0,4.0,7.0,6.311688717209026,6.099196386387558,5.452475393969602,4.246221527697656,0.25641026,0.08547009,0.10526316,,100.31979812360963,93.57081237223635,90.24795390906208,42.269624979757076,51.64879374493926,0.29409151821862345
700363,AJ Smith-Shawver,ATL,25.1,6.0,5.0,105.0,20.0,17.0,12.0,14.0,11.0,1.0,7.0,4.263158269205945,6.6892511874685265,5.7077012390667035,5.251225232644704,0.19047619,0.1047619,0.09030837,,89.82651982378854,90.69665198237885,83.26229074889868,40.31755035242291,36.29847544052863,1.3190956387665198
681867,Cooper Criswell,TBR,33.0,10.0,0.0,151.0,27.0,40.0,21.0,23.0,11.0,4.0,6.0,5.727273058300195,5.345949571257459,4.535461778123244,4.308991589987481,0.17880795,0.07284768,0.07761733,,102.54751036234791,97.5187511699425,95.91884743949727,54.381287942238274,50.580062870036095,-0.28393990974729244
663773,Bryan Hoeing,MIA,70.2,33.0,7.0,304.0,53.0,71.0,43.0,45.0,25.0,2.0,13.0,5.476415522380684,5.292776367824766,4.9133647934485705,4.742892015337738,0.17434211,0.08223684,0.08525755,,102.72813005543892,101.407988110232,102.86655701060337,45.539740106571934,52.542666172291284,0.04967301065719359
659275,Dinelson Lamet,- - -,27.2,17.0,4.0,145.0,32.0,42.0,36.0,38.0,23.0,1.0,7.0,11.710844096744342,6.8333538335022865,5.635786701285829,5.334695577915173,0.22068966,0.15862069,0.09586777,,93.26030572603177,84.76690247258546,81.57020788627288,48.25802435620593,34.0953823674274,1.1719223762226094
686539,Declan Cronin,CHW,11.0,9.0,0.0,51.0,8.0,11.0,11.0,12.0,7.0,2.0,3.0,9.000000829046499,7.800495323661969,5.6077829203639435,5.267989814012894,0.15686275,0.1372549,0.06735751,,93.7120207253886,98.8779274611399,93.94922279792746,55.45620886010363,45.354912694300516,0.04932621761658028
656970,Devin Smeltzer,MIA,22.1,9.0,1.0,100.0,16.0,29.0,16.0,18.0,4.0,4.0,7.0,6.447761561138185,6.971458481541997,5.487905175653276,4.593393429618821,0.16,0.04,0.08839779,,87.4368427039324,101.97751137471563,87.1468223919402,36.64407011049724,57.83942099447514,0.19449080110497233
656382,Tommy Doyle,COL,23.2,15.0,0.0,103.0,18.0,23.0,18.0,18.0,13.0,0.0,5.0,6.845071433910662,6.128280220644756,4.918719700530855,5.122787095220547,0.17475728,0.12621359,0.12747875,,78.9251502241043,85.49470693524509,67.92135208163918,23.398170283286117,28.9800123796034,1.9802460056657223
676092,Collin Snider,KCR,20.1,20.0,1.0,95.0,11.0,24.0,11.0,12.0,13.0,0.0,3.0,4.868853277302925,6.009139183021958,5.5547291839186075,5.8017987231961365,0.11578947,0.13684211,0.06811989,,103.69727770980057,92.71993161919366,91.51648730760868,53.40284324250681,45.222956049046324,0.13352468664850134
642770,Javy Guerra,- - -,19.1,17.0,2.0,97.0,14.0,17.0,13.0,13.0,22.0,2.0,2.0,6.051724881119896,6.875730459312393,7.49782141540825,7.37744681635809,0.1443299,0.22680412,0.07162534,,107.26254178145088,75.4245142332415,81.9100459136823,59.58733408702408,29.550932376209648,1.0447466687857598
677076,Clayton Andrews,MIL,3.1,4.0,0.0,22.0,4.0,10.0,10.0,11.0,2.0,0.0,3.0,27.000010782484544,14.355044792296273,5.135068741213689,4.542235034478022,0.18181818,0.09090909,0.08045977,,90.17310344827587,100.53011494252874,93.75954022988505,56.19960965517241,48.536991609195404,0.3240583908045977
572193,Ryan Tepera,- - -,10.2,12.0,0.0,57.0,11.0,18.0,9.0,11.0,4.0,3.0,3.0,7.593752701593127,6.81754162691113,5.486317057300079,4.241805277781422,0.19298246,0.07017544,0.10775862,,95.96009084831756,88.39002865683477,90.03138547941863,44.32736982052006,37.53790031750518,1.0290362144337668
665896,Jose Marte,LAA,9.1,10.0,0.0,48.0,7.0,14.0,9.0,10.0,7.0,0.0,3.0,8.678572721779538,8.183612522482981,6.662213328910955,5.949419864534856,0.14583333,0.14583333,0.08092486,,90.80231213872834,79.45768786127167,72.97815028901735,48.018998728323695,29.81949838150289,1.2931219075144507
669713,Hayden Wesneski,CHC,89.1,34.0,11.0,379.0,83.0,82.0,46.0,50.0,32.0,3.0,20.0,4.634328781311184,5.482652503170804,4.348940851671961,4.3208732587481675,0.21899736,0.08443272,0.09047941,,102.49513319722647,102.35023712086316,105.2994467856067,55.09666465481886,58.39270440191389,-0.435136917293233
596057,Daniel Norris,CLE,12.2,7.0,0.0,63.0,11.0,10.0,8.0,11.0,12.0,1.0,3.0,5.684211239590298,7.67609354584508,7.077173733194675,6.312660913030079,0.17460317,0.19047619,0.09302326,,85.13999119097956,77.80123502466526,66.84131606765328,35.99963569767442,22.400253682170543,2.0399962790697677
656786,Parker Mushinski,HOU,14.2,14.0,0.0,69.0,15.0,19.0,9.0,9.0,4.0,4.0,5.0,5.522727893680896,7.277768084523896,4.424148983353939,3.65105985059519,0.2173913,0.05797101,0.09411765,,111.83615686274513,94.27317647058824,103.06384313725492,58.448759960784315,48.005322352941185,-0.20760137254901959
676206,Freddy Tarnok,OAK,14.2,5.0,1.0,65.0,14.0,11.0,8.0,8.0,11.0,0.0,4.0,4.909091441099366,7.141404417034069,6.188705927937201,5.729118583698561,0.21538462,0.16923077,0.09059233,,95.16933797909407,87.65742160278745,85.31811846689895,46.80110526132404,36.71144696864112,1.0786739721254355
669854,Ronel Blanco,HOU,52.0,17.0,7.0,226.0,52.0,49.0,26.0,29.0,28.0,2.0,12.0,4.5000000825295094,5.985809640348311,5.116089768910397,4.85508867001459,0.2300885,0.12389381,0.15673289,,90.2622963074453,95.6015803732691,89.7226941601445,49.20715453642384,41.9921941611479,0.7439600110375276
682847,Luis L. Ortiz,PIT,86.2,18.0,15.0,400.0,59.0,99.0,46.0,50.0,48.0,2.0,13.0,4.776923322226182,5.574271247824274,5.379367715085774,5.624748911640112,0.1475,0.12,0.09370725,,95.13387596899226,92.21385134518925,89.60812129502965,53.69522718194253,41.58025930916553,0.5400007729138167
682967,Devin Sweet,- - -,8.2,7.0,0.0,43.0,6.0,10.0,10.0,10.0,6.0,2.0,4.0,10.384616146426286,10.639656285844652,7.3104550287660945,5.947305550903123,0.13953488,0.13953488,0.09036145,,93.96445783132529,85.6333734939759,81.15759036144578,47.77260506024096,39.21354801204819,0.7306192168674698
666364,Jordan Balazovic,MIN,24.1,18.0,0.0,108.0,17.0,26.0,12.0,13.0,12.0,0.0,5.0,4.438356771391352,6.008465393600964,5.307665333286282,5.176358442121351,0.15740741,0.11111111,0.07633588,,89.70919469294861,99.82360263894168,91.6981513591931,36.556219541984724,49.145818829516536,0.5492428498727736
605498,Andrew Suarez,STL,27.2,13.0,0.0,130.0,17.0,33.0,22.0,27.0,15.0,0.0,7.0,7.156627179282372,6.941787694278899,6.1625384763653415,5.669087476261239,0.13076923,0.11538462,0.08829175,,87.91501656289499,98.24525368662515,85.25772071844328,32.00533151631478,51.74239259117083,0.874390479846449
668665,Stephen Nogosek,NYM,25.2,13.0,0.0,118.0,25.0,28.0,16.0,16.0,14.0,2.0,6.0,5.61039038777342,6.2160797308219315,5.238440223660234,4.683072516933205,0.21186441,0.11864407,0.08163265,,102.19566023166023,81.66878323221181,85.46055377826805,51.793400775510214,40.453452673469386,0.7864924693877552
670329,Rico Garcia,- - -,11.2,10.0,0.0,60.0,10.0,19.0,12.0,12.0,6.0,0.0,5.0,9.257144969629264,8.655041591780808,5.917929688227467,5.196478624200873,0.16666667,0.1,0.10861423,,91.2705617977528,102.58741573033709,97.3638202247191,46.95337029962546,46.62745599250936,0.6328934831460675
425794,Adam Wainwright,STL,101.0,21.0,21.0,484.0,55.0,151.0,83.0,89.0,41.0,1.0,20.0,7.396039953139274,5.987713755837687,5.770710305679905,5.8270573303005,0.11363636,0.08471074,0.04910714,,81.25076639722286,100.7234437090091,86.78210151901564,33.36181560209424,50.93441340314137,0.4624010413030832
676265,Cory Abbott,WSN,39.1,22.0,0.0,183.0,40.0,48.0,29.0,29.0,19.0,4.0,9.0,6.635593932596158,5.9499559030035565,4.824891642591407,4.370785250219182,0.21857923,0.10382514,0.11505682,,89.69818500344353,90.05138455578513,81.57803245523418,41.27773947443182,40.81487901988636,0.9311708380681818
656061,Albert Abreu,NYY,59.0,45.0,0.0,268.0,61.0,52.0,31.0,39.0,35.0,6.0,9.0,4.728814120651967,5.255040596905429,4.981387293081935,4.596880581920459,0.22761194,0.13059701,0.0980019,,96.47602660763039,93.25026191313239,92.56274790745263,55.3498504947669,46.312217659372024,0.43503580399619407
670183,Garrett Acton,OAK,5.2,6.0,0.0,32.0,5.0,9.0,8.0,8.0,5.0,1.0,3.0,12.705886117315913,11.549160463856069,8.168021999902404,6.170454696655275,0.15625,0.15625,0.08064516,,108.43258064516128,96.265,106.24725806451613,60.40567241935485,52.243678790322576,-0.4422375806451612
518516,Madison Bumgarner,ARI,16.2,4.0,4.0,90.0,10.0,25.0,19.0,20.0,15.0,1.0,4.0,10.260000391387955,8.055040542602546,7.514269258135944,7.108020087714826,0.11111111,0.16666667,0.06285714,,88.02605714285714,78.1989142857143,64.16051428571429,36.4415808,27.007137685714287,1.4279673428571429
647336,Michael Soroka,ATL,32.1,7.0,6.0,145.0,29.0,36.0,23.0,23.0,12.0,4.0,9.0,6.402062107442565,6.564318840155788,4.684338136355323,4.592141408063991,0.2,0.08275862,0.09310987,,87.68658270997065,104.12812864943346,95.4698532335953,46.64594476722533,56.78653186219739,-0.03181156424581007
666201,Alek Manoah,TOR,87.1,19.0,19.0,415.0,79.0,93.0,57.0,61.0,59.0,9.0,15.0,5.8740460814894275,6.014582475752338,5.84529248120171,5.652099466155967,0.19036145,0.14216867,0.08860012,,90.59459992675772,89.13324000184639,80.18531374083307,49.05737399502178,42.61796965774734,0.7018689483509646
694813,Gavin Stone,LAD,31.0,8.0,4.0,152.0,22.0,46.0,31.0,32.0,13.0,2.0,8.0,9.000000276873196,6.642137237890209,5.153985946569,5.084487630193007,0.14473684,0.08552632,0.14416058,,93.04614418428285,97.5984012702626,94.62198786614844,47.096046240875914,45.7869497810219,0.6186481934306569
544727,Jeurys Familia,OAK,12.2,14.0,0.0,64.0,9.0,13.0,9.0,12.0,13.0,1.0,2.0,6.394738216273307,7.202409628801582,6.846638984035524,6.784423934936523,0.140625,0.203125,0.1015625,,96.677045361453,84.48642380814417,82.61181562366795,41.214060859375,34.7852537109375,1.375450703125
641703,Brent Honeywell,- - -,52.1,40.0,0.0,234.0,45.0,53.0,28.0,29.0,23.0,5.0,10.0,4.815287295120703,5.624467441223131,4.783211741948165,4.475419644466407,0.19230769,0.0982906,0.10348469,,95.31030617891635,100.8001329216243,95.78258635359009,44.211006092925025,51.535288173178444,0.3803102006335798
596271,Casey Lawrence,STL,27.1,15.0,0.0,122.0,20.0,32.0,20.0,20.0,10.0,2.0,7.0,6.585367366290738,6.4379679198709265,5.951658019228084,5.052565831105479,0.16393443,0.08196721,0.0917226,,91.48378307490549,102.6689601172568,94.68048137005322,40.251729328859064,53.00977758389262,0.28938635346756153
660896,Jorge Alcala,MIN,17.1,11.0,0.0,75.0,16.0,14.0,12.0,13.0,10.0,1.0,5.0,6.230769687855771,7.0627329465200415,5.506603428950719,4.931946793171795,0.21333333,0.13333333,0.1,,94.28352916666668,94.978115,94.88605749999999,49.070610062499995,38.97842396874999,0.97233978125
657612,Tim Hill,SDP,44.1,48.0,0.0,202.0,26.0,59.0,27.0,36.0,14.0,6.0,7.0,5.481204181692474,5.4881235446310415,4.740769506073774,4.314254746411535,0.12871287,0.06930693,0.06815021,,113.86607848144773,94.63540162075894,102.92621305932566,47.90635753191491,60.24374029787236,-0.16033550354609932
592789,Noah Syndergaard,- - -,88.2,18.0,18.0,391.0,56.0,104.0,64.0,65.0,19.0,10.0,22.0,6.496240717956728,6.1986494348212124,5.2107044224571295,5.069253566631555,0.14322251,0.04859335,0.08161817,,85.4738625114351,104.55024227011882,91.37392296857332,38.165689084457064,64.28896122072393,0.05893696948190206
669093,Jeremiah Estrada,CHC,10.2,12.0,0.0,56.0,13.0,12.0,8.0,8.0,12.0,0.0,4.0,6.750001665903667,9.067541794025228,6.672568833869925,6.110630214360033,0.23214286,0.21428571,0.1092437,,105.0313063407181,98.82943086325437,105.7015049656226,61.406331638655466,48.339809243697474,-0.6426110084033616
607457,Kyle Barraclough,BOS,7.2,3.0,0.0,46.0,4.0,14.0,11.0,11.0,6.0,4.0,3.0,12.91304454911643,11.211562758447599,9.143770137660796,6.5556956422020525,0.08695652,0.13043478,0.07051282,,92.41965398400883,79.36090984284532,75.73035015164048,48.21711166666667,34.27076673076923,1.0435998717948718
669395,Dylan Coleman,KCR,18.1,23.0,1.0,96.0,21.0,18.0,18.0,19.0,19.0,5.0,3.0,8.83636630332255,7.018677859060379,6.604878642808266,5.8530414488412355,0.21875,0.19791667,0.11227154,,106.4959268929504,73.62360313315926,82.66736292428199,60.14411598337951,31.7273731301939,0.6665250692520778
663658,Thad Ward,WSN,35.1,26.0,0.0,160.0,30.0,29.0,25.0,26.0,28.0,2.0,7.0,6.367925316063621,6.679569085024617,5.975816266587714,5.805091923217773,0.1875,0.175,0.07782673,,99.39000195790506,89.99812139011254,92.49496818404307,51.27341002936858,39.59364116005873,0.4268164757709251
680689,Lyon Richardson,CIN,16.2,4.0,4.0,81.0,12.0,17.0,16.0,16.0,15.0,0.0,6.0,8.640000823974688,9.195040925979669,6.598263888308862,6.824508070566996,0.14814815,0.18518519,0.06344411,,84.34677047021458,113.45390890076689,105.98005577504067,50.21939827794562,58.448332809667676,-0.21714060422960724
593974,Wandy Peralta,NYY,54.0,63.0,0.0,227.0,51.0,36.0,17.0,19.0,30.0,6.0,7.0,2.8333340854742435,5.051337132640872,4.499003928539089,4.441647333976446,0.2246696,0.13215859,0.13378685,,98.32400399322118,98.70692247150967,102.1781434232031,56.83558160138251,39.81829396313364,0.40248052995391703
600921,Andres Machado,WSN,50.0,44.0,0.0,207.0,43.0,53.0,29.0,29.0,13.0,1.0,12.0,5.220000948965722,5.495040766716078,4.028392254038053,3.9571231934533286,0.20772947,0.06280193,0.10810811,,103.89353154923045,108.24473560603181,113.57593418779443,54.46780323037322,60.381893436293446,-0.49510153153153164
670124,Adam Oller,OAK,19.2,9.0,1.0,101.0,13.0,29.0,22.0,24.0,12.0,1.0,5.0,10.067797942567205,7.221142579296273,6.942532193722796,6.02623972534238,0.12871287,0.11881188,0.07524272,,86.63097876213592,81.75579004854369,73.17640169902913,38.16578019417476,26.20130560679612,1.7272087135922332
668970,Gavin Hollowell,COL,33.2,26.0,0.0,154.0,32.0,31.0,22.0,23.0,18.0,6.0,8.0,5.881189271102352,6.581773684565068,5.6043712778126045,4.77229372603612,0.20779221,0.11688312,0.10766721,,100.11014057614791,93.42182709487359,93.05492581205878,54.3162668,50.81882349565216,-0.06541144347826085
679525,Alec Marsh,KCR,74.1,17.0,8.0,342.0,85.0,77.0,47.0,50.0,39.0,9.0,16.0,5.690583276011303,5.703470988892004,4.840353487009727,4.376908355602745,0.24853801,0.11403509,0.12295082,,87.83627261971523,92.45428288651051,83.81865935133833,46.33877369597615,40.689420268256335,0.787430573770492
594943,Zach Neal,OAK,27.0,14.0,2.0,124.0,25.0,30.0,20.0,22.0,14.0,2.0,8.0,6.666667152334178,7.032818412486439,4.834318154423695,4.839197456440356,0.2016129,0.11290323,0.10606061,,88.50380663780665,99.27774025974024,88.7411976911977,42.97992387445888,51.89598660173161,0.24776603896103894
686294,Amos Willingham,WSN,24.1,18.0,0.0,116.0,15.0,35.0,18.0,18.0,9.0,1.0,8.0,6.657535157087028,7.529013546762817,6.244663117978518,5.354198342127495,0.12931034,0.07758621,0.0950324,,97.1112510315688,99.49713756048612,96.30610855549544,46.721790496760256,52.474370626349916,0.1997568250539957
660761,Jose Suarez,LAA,33.2,11.0,7.0,165.0,28.0,46.0,31.0,32.0,20.0,1.0,10.0,8.287129338869102,7.324347597579748,6.163981563410236,5.6518699302729845,0.16969697,0.12121212,0.12741935,,96.99098856676194,94.23244467129442,93.56438791343406,50.145584338709675,44.096347048387095,0.36296485483870966
676596,Josh Fleming,TBR,51.2,12.0,3.0,221.0,25.0,56.0,27.0,29.0,19.0,0.0,9.0,4.703225864327042,5.65504038903021,4.51053672439663,4.698918228232149,0.11312217,0.08597285,0.07490145,,103.73126561028401,102.38510204454293,107.47927751916073,50.403078528252294,49.690845676741134,-0.07597547963206308
453268,Daniel Bard,COL,49.1,50.0,0.0,232.0,47.0,35.0,25.0,30.0,49.0,8.0,5.0,4.560811592366781,6.133419231124106,6.759657211325648,6.29758131327741,0.20258621,0.2112069,0.0758547,,94.69097848891664,72.36834134126487,67.1707575298703,47.05071061688312,30.541257456709964,1.196169880952381
623167,Chris Flexen,- - -,102.1,29.0,16.0,466.0,74.0,133.0,78.0,81.0,38.0,4.0,25.0,6.859935066519345,6.215952503593027,5.124249306092712,5.107967682893248,0.15879828,0.08154506,0.0985755,,83.76821384427959,100.94308944602471,87.93276344241151,43.27760131603274,49.23998310360558,0.5489620036322634
689266,Dylan Dodd,ATL,34.1,7.0,7.0,164.0,15.0,53.0,29.0,29.0,12.0,1.0,9.0,7.601941817958997,6.9249433060979655,6.502840644274409,6.1884416592611675,0.09146341,0.07317073,0.08450704,,91.11880460795074,106.20460488308639,96.73289612676055,40.469047271126755,67.89426230633802,-0.29204957746478877
608328,Chase De Jong,PIT,11.1,6.0,0.0,60.0,7.0,18.0,17.0,17.0,6.0,2.0,6.0,13.500001514659377,11.019747113026646,8.076261255422299,6.3253547345680285,0.11666667,0.1,0.08849558,,90.64595714951093,83.61302980903587,75.97850489054495,35.87842584070796,34.49142946902655,1.2377567256637165
682051,Garrett Hill,DET,15.2,9.0,0.0,80.0,14.0,19.0,16.0,20.0,14.0,1.0,4.0,9.191490311706904,7.659296133856628,6.661875089504656,5.988004032592774,0.175,0.175,0.07419355,,91.89987657440675,84.1323564180519,81.60559572787935,42.129704548387096,38.0082204516129,0.9134962258064516
666214,Joey Wentz,DET,105.2,25.0,19.0,492.0,98.0,131.0,81.0,87.0,47.0,0.0,25.0,6.899054167399748,5.810245606682162,5.128505663966074,4.843195824600837,0.19918699,0.09552846,0.11134127,,95.71360383818063,96.8544700339139,90.14094149284027,45.76344428793371,54.82095650958051,0.24195700673226303
570632,Jose Urena,- - -,44.2,10.0,10.0,203.0,29.0,50.0,32.0,37.0,22.0,1.0,13.0,6.447761561138185,7.284891335208436,5.463122044007482,5.63469487899879,0.14285714,0.10837438,0.0920882,,89.73502061253193,97.14737214107663,88.57408315409914,45.48080840466926,47.931409546044094,0.5751050324254214
622663,Luis Severino,NYY,89.1,19.0,18.0,417.0,79.0,113.0,66.0,73.0,34.0,5.0,23.0,6.649254038939912,6.143100194592184,4.8319287861889855,4.77719543023285,0.18944844,0.08153477,0.09096459,,101.55313958451207,102.00955462925548,100.7379531897508,49.37047366910867,58.66123065934066,-0.19408037851037852
607968,Drew Rucinski,OAK,18.0,4.0,4.0,95.0,6.0,27.0,18.0,22.0,14.0,1.0,5.0,9.000000953674418,8.69948538085567,7.5684017808158055,7.367036651283675,0.06315789,0.14736842,0.06857143,,74.94451428571429,95.414,78.7408,35.26567614285714,43.40998577142857,0.9139027428571428
669424,Jimmy Lambert,CHW,37.2,35.0,1.0,172.0,41.0,41.0,22.0,26.0,20.0,1.0,10.0,5.25663782250909,6.2019433812067115,4.9014362089662535,4.387252191671095,0.23837209,0.11627907,0.11225997,,93.58936730674546,96.49610290497291,91.30978089611027,44.400072421991084,47.366120282317986,0.6768927934621101
656257,Jeff Brigham,NYM,37.2,37.0,0.0,160.0,42.0,26.0,22.0,23.0,18.0,5.0,9.0,5.256638109488106,5.963005446203065,4.875948101492149,4.065697626342773,0.2625,0.1125,0.11013216,,101.1966079295154,94.16481434864696,94.21876232431302,55.67695365638767,43.51549668135095,0.13488679882525695
641771,Chad Kuhl,WSN,38.1,16.0,5.0,187.0,31.0,47.0,36.0,38.0,28.0,3.0,8.0,8.452174824244231,6.776779869598833,6.349674857276407,6.003414382435403,0.1657754,0.14973262,0.10246433,,91.89865637299647,91.60896212394722,86.00195299143942,46.395058508430616,42.93941744487678,0.7727299870298315
682990,Quinn Priester,PIT,50.0,10.0,8.0,234.0,36.0,58.0,43.0,43.0,27.0,3.0,12.0,7.740000147628787,6.735040425872804,5.103056973300298,5.310689310915782,0.15384615,0.11538462,0.09468822,,92.77764434180139,103.08445406723119,96.86952206825765,44.95415066974596,49.788041605080835,0.26376375288683607
657248,Glenn Otto,TEX,10.2,6.0,0.0,51.0,11.0,14.0,12.0,12.0,6.0,0.0,6.0,10.125000603497064,10.192540773004318,5.050064643548387,4.588384669964913,0.21568627,0.11764706,0.15625,,100.28739583333333,86.37458333333335,87.64072916666665,54.52949546875001,36.24475572916666,0.5412796875
643256,Adam Cimber,TOR,20.2,22.0,0.0,95.0,12.0,25.0,17.0,18.0,7.0,4.0,6.0,7.403227486112124,7.464718733952984,5.370543428158303,4.910784119349499,0.12631579,0.07368421,0.05630027,,116.99653949267892,90.2028047020004,100.92871107444834,55.29592953038675,49.23075864640884,-0.3883214640883978
663765,Jake Woodford,STL,47.2,15.0,8.0,222.0,29.0,61.0,33.0,34.0,22.0,3.0,11.0,6.230770061835718,6.611684163853012,5.276597640105198,5.355783044685644,0.13063063,0.0990991,0.05714286,,90.31870064102564,105.27102971611723,95.44411921550673,38.794644711316394,53.369425831408776,0.1846612933025404
669438,Mason Englert,DET,56.0,31.0,1.0,253.0,41.0,67.0,34.0,39.0,17.0,2.0,12.0,5.464286470367697,5.594326397464941,5.022922417441295,4.673468321585002,0.16205534,0.06719368,0.10729167,,87.05089703459225,111.25820946338382,102.72764025252523,43.464007025586355,60.143901524520246,-0.039643827292110884
614179,Jose Ruiz,- - -,44.1,38.0,1.0,207.0,39.0,52.0,29.0,31.0,21.0,6.0,10.0,5.887219132128641,6.255040913417029,5.224685973957066,4.716300021965216,0.1884058,0.10144928,0.12180268,,96.60376376385544,99.13050865592727,96.80078674660665,46.14252460162989,43.88350390861032,0.5004041441792131
456501,Johnny Cueto,MIA,52.1,13.0,10.0,218.0,39.0,51.0,35.0,36.0,15.0,3.0,17.0,6.019108426503672,7.019371661151748,5.197487539818567,4.9332175510896406,0.17889908,0.06880734,0.08837209,,92.15812974296206,110.2752829865361,101.0626264381885,35.86395424418604,68.54150299999999,-0.14761491860465117
666205,Kyle Muller,OAK,77.0,21.0,13.0,372.0,56.0,112.0,65.0,65.0,39.0,3.0,16.0,7.597402788536573,6.138157315146847,5.498180265010214,5.471488017667364,0.15053763,0.10483871,0.09059712,,89.71816310532684,97.87467254305803,90.56862693061737,48.23000603610108,46.86187588447653,0.40609324909747285
456713,Matt Bush,MIL,10.1,12.0,0.0,48.0,10.0,11.0,11.0,11.0,6.0,0.0,5.0,9.580647417863164,9.351815989046356,4.981513770728328,4.854826988159614,0.20833333,0.125,0.12886598,,105.92676975945018,86.4187399770905,91.6764547537228,46.47867417525774,45.57662103092784,0.3050428350515464
642545,Jaime Barria,LAA,82.1,34.0,6.0,362.0,62.0,91.0,52.0,63.0,30.0,2.0,20.0,5.684210815740617,6.0728542681548126,5.324702940271646,4.910949607534172,0.17127072,0.08287293,0.10273466,,91.51945889052553,101.61123077805763,95.08660808612503,39.300408972653365,52.48545201034738,0.48754903917221
446372,Corey Kluber,BOS,55.0,15.0,9.0,257.0,42.0,69.0,43.0,47.0,21.0,4.0,17.0,7.036363880378164,7.109585947714566,5.796888772291649,5.287895664638746,0.16342412,0.08171206,0.0979798,,95.87641995780847,94.35908577995498,89.15827748612418,48.445710373626376,49.43887898901098,0.17924253846153845
608678,Dominic Leone,- - -,54.0,51.0,0.0,235.0,54.0,49.0,28.0,28.0,28.0,2.0,14.0,4.666667449621638,6.292077906076232,4.942470564102013,4.488808304305804,0.22978723,0.11914894,0.15990991,,101.94014559721012,92.20087840829446,95.32274212352769,49.61254204954955,45.098345788288285,0.3242208445945946
641778,Eric Lauer,MIL,46.2,10.0,9.0,211.0,43.0,54.0,34.0,39.0,24.0,0.0,16.0,6.557143214478804,7.4121834431862474,5.576783981571531,5.31044706126703,0.20379147,0.11374408,0.08854782,,91.9822666728251,92.255304676605,83.59660861257666,34.608421239669426,47.361539787485235,0.7598088665879575
605347,Jorge Lopez,- - -,59.0,61.0,0.0,266.0,49.0,67.0,39.0,42.0,22.0,8.0,12.0,5.949153567098645,5.763515367846356,4.6887304068057745,4.35002572438434,0.18421053,0.08270677,0.0981405,,109.08720975047677,99.21698339160838,107.66662609265737,53.39967008681919,55.44492019060592,-0.16276386538698306
656629,Michael Kopech,CHW,129.1,30.0,27.0,591.0,134.0,115.0,78.0,80.0,91.0,11.0,29.0,5.427835270008605,6.4638033752428985,5.683724036446417,5.416156240586379,0.22673435,0.15397631,0.10320724,,97.71099583808595,84.02834555550062,82.96455847823893,53.69849952713816,35.043855875822366,0.6121348314144739
