mlb_id,player_name_fg,team,season,ip,g,gs,tbf,so,h,er,r,bb,hbp,hr,era,fip,xfip,siera,k_pct,bb_pct,swstr_pct,csw_pct,stuff_plus,location_plus,pitching_plus,pb_stuff,pb_command,pb_xrv100
592332,Kevin Gausman,TOR,,64.2,11.0,11.0,265.0,73.0,68.0,20.0,24.0,7.0,0.0,2.0,2.783505223055604,1.581503128982626,2.5987645412863785,2.8347301602466297,0.2754717,0.02641509,0.16272189,,104.78583273199598,112.95034372444317,114.9753042767114,58.587552495069026,70.34940475345168,-1.3006514398422089
669373,Tarik Skubal,DET,,58.2,10.0,10.0,226.0,61.0,46.0,14.0,17.0,10.0,0.0,2.0,2.1477272960026403,1.9874309894713489,2.8563947887606385,3.0516466381369702,0.2699115,0.04424779,0.11804009,,105.3203542727547,102.92691858509295,105.11764404415413,45.204049922049,56.860096336302895,-0.04994471046770599
527048,Martin Perez,TEX,,69.1,11.0,11.0,270.0,56.0,52.0,12.0,16.0,16.0,3.0,1.0,1.5576923148342845,2.506661768116542,3.6216021622879975,3.723474685599026,0.20740741,0.05925926,0.09276249,,94.81347227394426,103.5365997671763,101.98190430851828,37.6960599490316,58.77491445463813,0.1680230071355759
605397,Joe Musgrove,SDP,,66.0,10.0,10.0,258.0,64.0,47.0,12.0,16.0,14.0,3.0,4.0,1.6363636600084546,2.733643117401992,3.2915547048196463,3.391227110650845,0.24806202,0.05426357,0.11344538,,101.06861344537816,101.98126700680272,101.60395308123248,47.49727215336134,60.364583098739494,-0.4149893907563025
554430,Zack Wheeler,PHI,,57.1,10.0,10.0,237.0,67.0,52.0,20.0,22.0,15.0,5.0,2.0,3.139535005573589,2.2752216668435845,3.06111236112489,3.1283866790089587,0.28270042,0.06329114,0.12914286,,107.30935035250462,107.96346389610389,113.04198233766233,56.35044707428572,63.92084817142858,-0.9593960571428571
645261,Sandy Alcantara,MIA,,74.2,11.0,11.0,287.0,71.0,49.0,15.0,20.0,24.0,5.0,4.0,1.808035752774046,3.0722524293793403,3.6050591779367878,3.669642272588273,0.24738676,0.08362369,0.13248639,,107.20376486745495,102.02122090359028,110.17447655399987,58.588123185117965,57.76628967332123,-0.603208666061706
471911,Carlos Carrasco,NYM,,64.0,11.0,11.0,264.0,61.0,61.0,25.0,25.0,13.0,5.0,3.0,3.5156252095475917,2.6593059746548517,3.4377773372662865,3.4931961904541775,0.23106061,0.04924242,0.13038906,,90.55385795540784,109.862188498155,101.17718687845051,47.08919024185069,60.512918370136696,-0.3105581808622503
543037,Gerrit Cole,NYY,,64.2,11.0,11.0,257.0,81.0,47.0,20.0,20.0,15.0,1.0,6.0,2.783505264105463,2.5557299488421155,2.608621454288781,2.769692563143336,0.3151751,0.05836576,0.15549077,,116.81043731778426,102.73552964042759,118.01208940719145,67.26897566569487,56.373022254616124,-0.8095605539358601
641482,Nestor Cortes,NYY,,60.0,10.0,10.0,229.0,68.0,38.0,10.0,11.0,14.0,1.0,4.0,1.5000000238418583,2.462430991331736,3.100806562169402,3.055447484892601,0.29694323,0.06113537,0.09967497,,110.71428533107876,101.8591852296308,107.46994022495365,49.93034034669556,55.27848430119177,-0.4508689815817985
607074,Carlos Rodon,SFG,,55.0,10.0,10.0,230.0,70.0,48.0,21.0,22.0,21.0,1.0,3.0,3.4363636959485784,2.4760673542653233,3.328093285940557,3.319359138312757,0.30434783,0.09130435,0.13263158,,117.85740159489634,99.48969973418394,114.56710154173311,62.84691742105262,52.07276924210526,-0.6984332947368421
663556,Shane McClanahan,TBR,,64.1,11.0,11.0,247.0,89.0,47.0,15.0,16.0,12.0,1.0,8.0,2.0984456373312685,2.5683895401328796,1.8722461505962067,2.14576140867122,0.36032389,0.048583,0.16580311,,120.89774275465467,103.72920093378126,122.69146501167226,67.66211682901555,61.492270632124345,-0.9867964663212435
669022,MacKenzie Gore,SDP,,48.0,9.0,8.0,190.0,57.0,34.0,8.0,8.0,17.0,2.0,1.0,1.500000029802323,2.195764316784011,3.1277311426833303,3.264755577297902,0.3,0.08947368,0.11238825,,102.5402818126956,102.25349669487599,105.89989361851431,56.131910613026804,54.46369966794381,-0.23649459770114942
608331,Max Fried,ATL,,69.0,11.0,11.0,276.0,61.0,58.0,21.0,22.0,12.0,2.0,5.0,2.739130472641136,2.895039694310737,3.025742162753688,3.309660697040133,0.22101449,0.04347826,0.12292683,,104.5133268292683,105.46479999999998,110.71061463414635,52.366366312195126,54.716713219512194,-0.31169697560975607
592791,Jameson Taillon,NYY,,58.2,10.0,10.0,229.0,44.0,48.0,15.0,15.0,5.0,2.0,4.0,2.3011364259811,2.8567491765541972,3.7115018509584625,3.775724224672281,0.19213974,0.02183406,0.09952038,,99.46782465037795,108.89161411755235,107.1850860018944,46.52746225419664,62.364875035971224,-0.3750260191846523
593423,Frankie Montas,OAK,,70.2,12.0,12.0,280.0,78.0,55.0,24.0,28.0,16.0,1.0,8.0,3.0566038423350137,3.098280057948694,2.8625507342533063,3.079482558036176,0.27857143,0.05714286,0.13707452,,107.56822616941476,105.16227201784804,112.02138577632604,56.39366942962281,56.16619939282428,-0.5927952713891445
641154,Pablo Lopez,MIA,,66.0,11.0,11.0,257.0,67.0,47.0,16.0,17.0,17.0,0.0,6.0,2.181818213344606,3.036673424810965,3.1109262534848887,3.362944084467579,0.26070039,0.06614786,0.1372549,,93.72159375756475,105.57581528427458,102.08483347385977,59.90536037254902,62.24823722549021,-0.508598117647059
669456,Shane Bieber,CLE,,60.2,10.0,10.0,247.0,62.0,54.0,21.0,23.0,16.0,1.0,4.0,3.115384697007208,2.766277146440185,3.3488342193988188,3.5242892835672457,0.25101215,0.06477733,0.13804348,,89.02431703369149,98.78617005572417,90.46793860071598,41.61443740217391,48.00645705434782,0.7186539130434783
666201,Alek Manoah,TOR,,63.2,10.0,10.0,248.0,57.0,48.0,14.0,17.0,10.0,4.0,5.0,1.9790576113861404,3.0024833565862004,3.7021797388548503,3.5931053699871107,0.22983871,0.04032258,0.12403952,,104.4688688097025,97.75133778870237,99.96626993290172,54.78282434687157,53.823509264544455,-0.3776575082327113
669203,Corbin Burnes,MIL,,68.1,11.0,11.0,268.0,84.0,50.0,19.0,20.0,13.0,4.0,9.0,2.502439070956329,3.112431001663208,2.7434003076559264,2.7056859137398233,0.31343284,0.04850746,0.16558742,,115.50643848288621,96.3504532839963,113.69304347826088,61.341893469010195,34.95318157261794,-0.05186922294172062
542881,Tyler Anderson,LAD,,55.2,10.0,8.0,219.0,53.0,47.0,16.0,16.0,6.0,3.0,6.0,2.586826376850178,3.0944669296017486,3.581405156978295,3.3498822468482072,0.24200913,0.02739726,0.14470284,,101.98881315621774,100.56510362191196,98.61322937337255,50.36385062015503,59.54662291989665,-0.3941267700258398
669302,Logan Gilbert,SEA,,65.0,11.0,11.0,261.0,67.0,48.0,16.0,19.0,19.0,3.0,5.0,2.215384680392476,3.0662771541550318,3.614971315935291,3.6085782624899125,0.25670498,0.07279693,0.11455399,,102.07545703932448,101.83947215875965,102.55960513168135,51.002301605633804,56.51594229107982,-0.22044690140845066
657140,Kyle Wright,ATL,,59.2,10.0,10.0,240.0,66.0,41.0,16.0,18.0,23.0,4.0,3.0,2.413407885519696,2.9113136778699,3.324540801227687,3.5009501208636196,0.275,0.09583333,0.12061404,,102.40633959247074,96.05627699195905,96.66459817251463,52.793496820175434,49.97729941885965,0.07629804824561404
642547,Freddy Peralta,MIL,,38.2,8.0,8.0,165.0,50.0,33.0,19.0,19.0,13.0,3.0,1.0,4.422413865819698,2.103810295423628,2.9161658808175432,3.0803905042038595,0.3030303,0.07878788,0.12838802,,100.34164246565057,104.65384037840678,105.61609219911404,51.85945569186876,51.99080462196861,-0.0038197289586304984
650633,Michael King,NYY,,31.0,17.0,0.0,119.0,42.0,25.0,10.0,11.0,6.0,0.0,2.0,2.903226169289506,1.822108259756761,1.938475631692527,1.9326101487791343,0.35294118,0.05042017,0.15695067,,110.22300448430494,106.6633981066268,115.3266467364225,67.09088849775785,59.48346403587443,-1.0717653139013452
657277,Logan Webb,SFG,,66.0,11.0,11.0,269.0,56.0,61.0,28.0,28.0,16.0,2.0,5.0,3.818181928524304,3.2184916107888832,3.2878455822786297,3.5102535689493624,0.20817844,0.05947955,0.10657371,,107.78571315513642,98.71264683476825,107.23938247269488,56.26752349601594,61.101760756972105,-0.5750099103585657
656302,Dylan Cease,CHW,,58.1,11.0,11.0,249.0,81.0,45.0,22.0,25.0,30.0,1.0,5.0,3.3942858437674435,3.043859570475987,3.2999729713387835,3.4484307856767895,0.3253012,0.12048193,0.15505397,,107.27602704176206,100.81859295605713,106.96797252208044,62.99909173699706,52.89595789008833,-0.2709697055937194
621107,Zach Eflin,PHI,,51.0,9.0,9.0,208.0,45.0,48.0,22.0,25.0,10.0,1.0,4.0,3.882353013774517,3.01439178414365,3.562233908383106,3.7222548839353884,0.21634615,0.04807692,0.10037641,,95.3267655493816,111.43552876859653,104.80254854513952,43.428491179422835,63.76112616060225,-0.45452062735257215
663776,Patrick Sandoval,LAA,,48.0,9.0,9.0,209.0,46.0,39.0,15.0,18.0,24.0,2.0,0.0,2.8125001117587134,2.820764323406749,4.085246572867158,4.352177611213531,0.22009569,0.11483254,0.11221945,,100.97250449556381,90.08765955010432,96.0402822450676,53.57727774314215,45.90242894014962,0.40183902743142147
664285,Framber Valdez,HOU,,69.0,11.0,11.0,280.0,55.0,53.0,20.0,21.0,25.0,3.0,3.0,2.6086957242853948,3.3008368039727087,3.2934397675786165,3.5340952480741166,0.19642857,0.08928571,0.0965251,,106.33524034449596,98.97357258347061,107.77987548509388,53.35916759652509,55.43380580115831,-0.25503793436293437
605400,Aaron Nola,PHI,,66.2,11.0,11.0,262.0,79.0,52.0,29.0,30.0,10.0,6.0,10.0,3.915000093340876,3.4124310088157657,2.7947634576519125,2.6896494191057303,0.30152672,0.03816794,0.11121951,,109.13329403876753,103.5640897351139,111.34718682748337,52.269796497560975,67.27537380487806,-0.7256883024390244
453286,Max Scherzer,NYM,,49.2,8.0,8.0,193.0,59.0,36.0,14.0,15.0,11.0,4.0,5.0,2.5369127841528667,2.951357174097947,3.2819675921094382,2.9652156811892745,0.30569948,0.05699482,0.13965744,,105.04271672924817,104.90362615139951,107.41784159537907,55.10754561264822,59.04889173913043,-0.36232176548089595
623352,Josh Hader,MIL,,17.2,19.0,0.0,64.0,28.0,4.0,0.0,0.0,6.0,0.0,0.0,0.0,0.9614875207723066,2.2184049887017143,1.7386157402992246,0.4375,0.09375,0.18315018,,115.52051282051282,100.37758241758242,114.86175824175822,76.93896318681318,51.22001542124543,-0.6260165201465201
601713,Nick Pivetta,BOS,,61.2,11.0,11.0,249.0,58.0,47.0,24.0,24.0,21.0,1.0,6.0,3.5027027929848025,3.5664850674204973,4.030051518585116,4.067065185604096,0.23293173,0.08433735,0.09518936,,98.12311156601842,95.9505424769703,93.49087001023541,50.408918567041965,51.855584575230296,0.003205496417604905
664062,Tony Gonsolin,LAD,,51.0,10.0,10.0,195.0,49.0,28.0,9.0,10.0,17.0,1.0,3.0,1.588235294117647,3.0143917859769336,3.526867350176269,3.7367988444770135,0.25128205,0.08717949,0.11662531,,96.21112445083511,102.24866268982049,98.52197034288139,44.059643076923074,55.45053648883375,0.06660600496277913
502043,Kyle Gibson,PHI,,57.1,11.0,11.0,241.0,52.0,56.0,28.0,29.0,17.0,2.0,5.0,4.395349080914624,3.4263845074428243,3.428761026891444,3.7670087742521203,0.21576763,0.07053942,0.12172088,,89.8072003386658,103.44826910602852,94.13402772815657,44.879915183630644,57.08863485834208,0.005466348373557178
668678,Zac Gallen,ARI,,56.1,10.0,10.0,225.0,53.0,39.0,15.0,15.0,15.0,5.0,4.0,2.3964497582350908,3.21893987980699,3.7937515382070215,3.6811860350696706,0.23555556,0.06666667,0.09513274,,104.1187168141593,103.55199115044248,107.60411504424776,60.044796050884955,61.50773748893806,-0.6317582853982303
571945,Miles Mikolas,STL,,65.2,11.0,11.0,270.0,51.0,60.0,22.0,23.0,15.0,3.0,6.0,3.0152285869594246,3.5692838178691817,3.93698163754774,4.10822756841342,0.18888889,0.05555556,0.08434864,,91.40977911265763,107.18458215975402,95.3157925648235,37.20777466729147,65.77913457357076,-0.15916146204311155
641816,Tyler Mahle,CIN,,59.2,12.0,12.0,262.0,64.0,55.0,36.0,38.0,28.0,1.0,6.0,5.430167829211691,3.732542759937383,4.236458420895168,4.186101363027961,0.24427481,0.10687023,0.11229001,,92.96978620050491,104.81334782099218,101.60271430549786,49.581338054818744,55.4532942086649,0.030323227232537543
621112,Paul Blackburn,OAK,,58.1,11.0,11.0,233.0,44.0,48.0,17.0,17.0,14.0,3.0,3.0,2.6228572857915218,3.1467167178173456,3.5947668069341283,3.8953792304565305,0.1888412,0.06008584,0.10034602,,92.85713577851686,105.50606378182688,98.85951620132099,38.85597462514417,54.60188079584775,0.3623428835063437
621345,A.J. Minter,ATL,,24.0,25.0,0.0,90.0,34.0,15.0,3.0,5.0,4.0,1.0,0.0,1.1250000963918947,0.9040974791161549,2.5695132012648774,1.833681268942316,0.37777778,0.04444444,0.1548913,,119.04836956521739,104.25663043478262,123.25336956521738,71.49956103260868,55.78637722826087,-1.0765834239130434
640455,Sean Manaea,SDP,,62.0,10.0,10.0,251.0,68.0,48.0,26.0,27.0,21.0,0.0,8.0,3.774193606441153,3.6124310093541303,3.4870118341554495,3.5601319227126855,0.27091633,0.08366534,0.13607595,,98.46120742964027,103.3721102288051,101.77634742920526,46.24698966244727,62.23257866033755,-0.40044753164556957
664854,Ryan Helsley,STL,,21.1,17.0,0.0,74.0,30.0,6.0,1.0,2.0,5.0,0.0,0.0,0.42187508349163017,1.0030555842050575,2.2521175159918,1.7177791112357337,0.40540541,0.06756757,0.1829653,,117.81481907589533,93.988903321581,111.6816106884394,74.19331962145111,47.509696971608825,-0.6476605362776027
506433,Yu Darvish,SDP,,60.1,10.0,10.0,243.0,48.0,51.0,27.0,27.0,15.0,2.0,5.0,4.027624521604534,3.443922731836421,4.084130361321189,4.1479108208025455,0.19753086,0.0617284,0.10638298,,101.64482272848191,101.9586317781522,105.74911421177657,57.95645938297872,58.8646129893617,-0.5387051382978723
434378,Justin Verlander,HOU,,64.2,10.0,10.0,241.0,61.0,40.0,16.0,16.0,12.0,3.0,9.0,2.2268041456045973,3.7309877087755963,3.6157403245432778,3.434907528478643,0.25311203,0.04979253,0.10764263,,110.38694204156012,102.58793208432866,110.17427555118634,46.24272839612487,61.09345121636167,-0.29750104413347683
500779,Jose Quintana,PIT,,50.1,10.0,10.0,210.0,41.0,45.0,15.0,18.0,18.0,1.0,2.0,2.68211932387469,3.1322985522104285,4.0274853081443,4.331766314354616,0.1952381,0.08571429,0.10874704,,86.95576019380051,106.7267251897429,97.13435457628843,40.19824810874705,50.33966379432625,0.47021640661938535
518876,Merrill Kelly,ARI,,59.0,11.0,11.0,252.0,49.0,58.0,24.0,25.0,24.0,1.0,3.0,3.6610170083291167,3.383617446724624,4.303333943783678,4.548507683859204,0.19444444,0.0952381,0.08359457,,96.40120058406383,95.14044344927105,95.65754326687976,45.21290801462905,53.91590028213165,0.25857115987460816
477132,Clayton Kershaw,LAD,,30.0,5.0,5.0,109.0,32.0,19.0,6.0,6.0,3.0,1.0,2.0,1.8,2.2457643349965415,2.612738838295142,2.624399927852351,0.29357798,0.02752294,0.12009804,,111.7284320794803,102.19925472097727,114.84952492315995,52.81379294117646,63.2523162745098,-0.5929324754901961
657746,Joe Ryan,MIN,,43.1,8.0,8.0,173.0,42.0,29.0,11.0,11.0,14.0,3.0,3.0,2.284615451654741,3.250892544187738,4.434797201423203,4.054823938947207,0.24277457,0.08092486,0.11323529,,105.70931331356071,94.86924563354754,98.24120936315703,39.75290758823529,53.12336763235294,0.28120602941176476
660271,Shohei Ohtani,LAA,,47.1,9.0,9.0,197.0,65.0,44.0,21.0,21.0,11.0,1.0,8.0,3.9929578537459536,3.323698612972518,2.752836816069934,2.672788762706801,0.32994924,0.05583756,0.15064935,,115.96741883116881,97.76408733766233,114.30248474025971,67.94960512987014,55.56796719480519,-0.8705523766233766
670280,David Bednar,PIT,,27.0,22.0,0.0,101.0,37.0,16.0,4.0,5.0,5.0,0.0,2.0,1.333333480505312,1.8902086445333388,2.572100650123937,1.9965447592479642,0.36633663,0.04950495,0.16962025,,104.32246055282874,104.78044602428312,105.71141290622579,47.32741032911393,51.7883809113924,-0.255342329113924
502171,Alex Cobb,SFG,,37.2,8.0,8.0,164.0,47.0,44.0,24.0,29.0,12.0,0.0,3.0,5.734513525395595,2.608006200818225,2.3586448114718728,2.7070711361296986,0.28658537,0.07317073,0.11783961,,98.59956990500758,109.23790767310787,109.93261771353038,44.273206710310966,62.40393556464813,-0.3517883960720131
657006,Justin Steele,CHC,,47.0,11.0,11.0,211.0,47.0,47.0,25.0,29.0,26.0,0.0,2.0,4.787234139690686,3.3251969634272385,4.031894342837706,4.463733061782321,0.22274882,0.12322275,0.08888889,,104.15393094608669,88.84547272290315,93.94160826724345,54.55669832748537,45.44042804678362,0.2482064912280701
656629,Michael Kopech,CHW,,45.0,9.0,9.0,180.0,43.0,23.0,11.0,13.0,23.0,1.0,2.0,2.2,3.379097668329875,4.742248664630784,4.6556456783847695,0.23888889,0.12777778,0.10091743,,106.70781127129749,85.95554390563566,91.01355176933158,54.49336204456095,41.469965294888596,0.22525201834862385
656756,Jordan Montgomery,NYY,,59.2,11.0,11.0,237.0,46.0,50.0,20.0,20.0,10.0,4.0,6.0,3.01675985689962,3.581704757180927,3.6390285109600544,3.8036133018170735,0.19409283,0.04219409,0.13663133,,98.76799707124806,98.91581326766652,97.17512920248379,51.64655170789163,49.969071684334516,-0.029006796230859836
656420,J.P. Feyereisen,TBR,,24.1,22.0,2.0,86.0,25.0,7.0,0.0,1.0,5.0,0.0,0.0,0.0,1.674074577145423,3.560024980806379,2.929610600439396,0.29069767,0.05813953,0.1627907,,103.5898837209302,101.1707558139535,104.90505813953487,55.305892441860465,51.27092930232556,-0.022839156976744147
425794,Adam Wainwright,STL,,66.0,11.0,11.0,269.0,48.0,59.0,20.0,21.0,22.0,0.0,5.0,2.7272727666807572,3.642734039628911,4.0933952863427985,4.4422713728224394,0.17843866,0.08178439,0.06267806,,89.2756106550826,103.42869500625275,88.65450904064767,35.93455858499525,59.82066001899335,0.09638764482431152
607536,Kyle Freeland,COL,,59.2,11.0,11.0,269.0,45.0,68.0,30.0,35.0,20.0,5.0,6.0,4.525139857676409,4.168296968454371,4.473727337739964,4.553773589590863,0.16728625,0.07434944,0.0977131,,86.97466874279115,100.95734045856611,91.1293040216832,40.952108908523904,50.993984594594586,0.425628607068607
663978,Chris Paddack,MIN,,22.1,5.0,5.0,93.0,20.0,25.0,10.0,10.0,2.0,1.0,0.0,4.029850975711366,1.7243712211404045,3.1826456423959955,3.4184481080319573,0.21505376,0.02150538,0.10354223,,93.3902390035033,111.32410743479952,103.82032541845075,48.689254604904626,70.67532076294277,-0.7377252588555857
641771,Chad Kuhl,COL,,54.0,10.0,10.0,225.0,41.0,48.0,19.0,20.0,20.0,0.0,5.0,3.166666778517362,3.9087273260857027,4.3772927804408,4.6444380189956815,0.18222222,0.08888889,0.11494253,,88.71372313843078,97.07967391304348,87.99600749625188,42.12197044827586,50.86496081609196,0.5166760689655172
605280,Clay Holmes,NYY,,26.2,25.0,0.0,98.0,28.0,15.0,1.0,1.0,3.0,3.0,0.0,0.3375000721682017,1.687430696953023,2.020513884067377,1.0223608664090316,0.28571429,0.03061224,0.15819209,,112.60151412429377,109.41068926553673,122.74461016949152,61.728983474576275,49.2563431638418,-0.6006827401129945
641778,Eric Lauer,MIL,,56.2,10.0,10.0,235.0,65.0,46.0,15.0,20.0,17.0,2.0,8.0,2.382352967905751,3.659489831330455,3.574514831527781,3.4390550594043505,0.27659574,0.07234043,0.11099021,,99.87359475744145,101.53987522507543,101.74443034151882,41.58209535364527,55.777922557127305,0.03116
641927,Bailey Ober,MIN,,33.2,7.0,7.0,142.0,29.0,36.0,15.0,17.0,7.0,0.0,2.0,4.009901065824548,2.7856983222256524,4.299932281687733,4.295268869367231,0.20422535,0.04929577,0.13307985,,97.81880771319935,108.7971102661597,106.96214376244794,40.9378116920152,61.1451335931559,-0.18842701520912544
676477,Garrett Whitlock,BOS,,44.2,12.0,8.0,181.0,44.0,38.0,15.0,17.0,11.0,1.0,5.0,3.0223881027219988,3.4034757819253265,3.4728114377349946,3.4745019460376594,0.24309392,0.06077348,0.12121212,,110.1857761286333,101.32051423324151,110.54281104177208,53.71633923520924,61.18487561327561,-0.5039916594516595
656876,Drew Rasmussen,TBR,,53.2,11.0,11.0,213.0,46.0,41.0,18.0,18.0,14.0,1.0,5.0,3.0186335761340786,3.4478347323447727,3.422789099194789,3.746390079201799,0.21596244,0.0657277,0.11200924,,96.9400923787529,106.29815242494226,105.1606466512702,58.02008572748268,59.8838612817552,-0.591636247113164
605288,Adrian Houser,MIL,,51.1,10.0,10.0,225.0,41.0,49.0,20.0,29.0,23.0,0.0,3.0,3.506493593352023,3.6189245207029446,4.1569106998368905,4.626201384814394,0.18222222,0.10222222,0.07877462,,95.49059688345626,105.8875196326902,102.47940522896148,42.65537566739606,51.319283905908094,0.12157664113785557
543243,Sonny Gray,MIN,,33.2,7.0,7.0,133.0,39.0,23.0,9.0,9.0,10.0,0.0,3.0,2.4059407076477157,2.8451042563690176,3.093772216425849,3.1795781739328266,0.29323308,0.07518797,0.09922179,,103.8294653408272,93.37389633472641,97.83780467886822,52.28951544747081,52.09500079766537,-0.11314698443579765
621111,Walker Buehler,LAD,,61.0,11.0,11.0,258.0,52.0,63.0,26.0,27.0,17.0,2.0,7.0,3.8360656337435617,3.8337424883500315,3.749503559649148,3.950590281053758,0.20155039,0.06589147,0.1147541,,98.84262295081967,102.5729918032787,102.52653688524592,48.54353892418033,52.452812100409844,0.01915494877049179
446372,Corey Kluber,TBR,,50.2,10.0,10.0,206.0,46.0,49.0,21.0,21.0,8.0,4.0,6.0,3.730263204703371,3.546641533427622,3.7894547004506616,3.6289761778640086,0.22330097,0.03883495,0.11942257,,96.67848149189686,101.40496417114528,96.61583859309253,45.153132664042005,44.60085942257218,-0.08516032808398949
543475,Jordan Lyles,BAL,,62.0,11.0,11.0,272.0,54.0,73.0,31.0,36.0,19.0,4.0,7.0,4.500000207654901,3.9511407177852687,4.011522040786637,4.131892841532272,0.19852941,0.06985294,0.09643202,,90.05057925714097,104.33821916669437,95.47217952981079,45.70659235294117,54.68642710703954,0.06061644165863065
641540,Dane Dunning,TEX,,61.1,11.0,11.0,263.0,63.0,58.0,28.0,29.0,20.0,4.0,7.0,4.108695865128137,3.715691902495514,3.3422732839360076,3.572993029211475,0.23954373,0.07604563,0.10862944,,89.46815440933844,99.77842805169126,90.84805486102181,43.629256883248736,50.93583114720812,0.15079139086294419
622663,Luis Severino,NYY,,55.0,10.0,10.0,221.0,61.0,41.0,18.0,19.0,14.0,4.0,7.0,2.9454545965273526,3.530612827096104,3.4371841969230514,3.2819252290232193,0.2760181,0.06334842,0.14205186,,96.96627746277682,97.4283378567621,94.99045026834906,54.85219568207441,54.70333455467869,0.06751754227733933
642207,Devin Williams,MIL,,21.0,23.0,0.0,90.0,38.0,14.0,7.0,7.0,13.0,1.0,0.0,3.0000002980232536,1.4933832217776428,2.1278273150718525,2.539507434194788,0.42222222,0.14444444,0.18944844,,121.74709832134293,93.12374100719425,116.1529496402878,80.0,52.8328014148681,-0.9807237649880095
641755,Tyler Kinley,COL,,22.0,23.0,0.0,92.0,24.0,20.0,2.0,5.0,5.0,1.0,0.0,0.8181819312336187,1.748794449607177,3.0945850027958213,2.9116599624696105,0.26086957,0.05434783,0.16814159,,92.49305801376597,97.38943952802359,90.07552605703047,46.498904955752224,48.280510737463125,0.5867010914454278
664299,Cristian Javier,HOU,,44.2,11.0,7.0,184.0,56.0,35.0,16.0,16.0,16.0,4.0,4.0,3.2238808494019104,3.112431001663208,3.903665276297541,3.347328831692476,0.30434783,0.08695652,0.12406015,,114.46130456752822,96.18602643764333,109.49660633336643,54.97227362155388,45.757101390977446,-0.030612017543859657
547179,Michael Lorenzen,LAA,,53.2,9.0,9.0,215.0,40.0,41.0,22.0,22.0,20.0,2.0,4.0,3.6894411686223743,3.8205055693786134,4.313541215285051,4.474152728411781,0.18604651,0.09302326,0.10501193,,95.53954431653331,96.11198315103869,92.79862551529615,49.53908492840096,51.24238659904535,0.21054313842482103
675911,Spencer Strider,ATL,,32.2,13.0,2.0,133.0,49.0,20.0,10.0,12.0,18.0,0.0,1.0,2.7551022553036946,2.1634513359474914,2.9437454120895357,2.9669242364822592,0.36842105,0.13533835,0.15248227,,114.1880348012535,93.23830611908298,107.81478558469404,64.24457429078014,52.483154716312065,-0.6219537411347519
608379,Michael Wacha,BOS,,49.2,9.0,9.0,190.0,33.0,30.0,11.0,12.0,15.0,0.0,4.0,1.9932886926683615,3.7365921074482507,4.29914142109361,4.618678981913574,0.17368421,0.07894737,0.09241379,,96.73500689655171,104.34102068965515,100.76215172413792,45.73300633103448,63.37464070344828,-0.008302027586206896
676879,Aaron Ashby,MIL,,46.0,12.0,6.0,197.0,60.0,37.0,16.0,20.0,22.0,1.0,4.0,3.130434977309702,3.134170133450081,2.776101974114395,3.073560892693583,0.30456853,0.11167513,0.13375796,,111.03213674220974,96.54074328440875,106.05790846790696,57.37499901910828,52.47059980891719,-0.30302935031847134
592789,Noah Syndergaard,LAA,,46.1,9.0,9.0,195.0,30.0,45.0,19.0,21.0,10.0,3.0,4.0,3.6906476640120176,3.7814957828583693,4.3525658486410475,4.408976419599293,0.15384615,0.05128205,0.10387812,,93.54178242878149,103.11849868335557,95.95073800485619,46.51686234072022,61.94149993074793,-0.16330004155124653
622072,Alex Wood,SFG,,48.1,10.0,10.0,211.0,50.0,54.0,25.0,26.0,15.0,2.0,5.0,4.6551726281146895,3.443465499662475,3.2931428738666937,3.5983522650234696,0.23696682,0.07109005,0.10388128,,94.8825778058159,114.73259793318911,107.82356584955541,49.05952422374429,64.45948704337899,-0.2810935273972603
592094,Jason Adam,TBR,,23.0,24.0,0.0,86.0,29.0,8.0,2.0,3.0,7.0,2.0,0.0,0.7826087980730231,1.7646047383152241,3.244974336011095,2.5123752498857304,0.3372093,0.08139535,0.17151163,,109.3135306553911,91.85667547568711,101.4130708245243,65.81584558139534,51.845264156976754,-0.3533713081395349
622491,Luis Castillo,CIN,,33.0,6.0,6.0,135.0,34.0,25.0,13.0,15.0,12.0,0.0,3.0,3.545454647915425,3.3245522199145583,3.2193663288444556,3.63768000183043,0.25185185,0.08888889,0.10590278,,96.74921054292929,101.81365056818181,100.84937468434345,57.23411017361111,53.023262222222215,-0.2591776736111111
622554,Seranthony Dominguez,PHI,,20.2,21.0,0.0,81.0,26.0,14.0,4.0,4.0,7.0,1.0,0.0,1.7419358790852058,1.757591984596937,2.8320538925365115,2.613804688282706,0.32098765,0.08641975,0.13274336,,107.99740412979352,97.65174041297934,105.97221238938052,63.06918233038349,44.68074545722714,-0.17855321533923305
615698,Cal Quantrill,CLE,,53.2,9.0,9.0,218.0,33.0,45.0,21.0,23.0,19.0,3.0,3.0,3.52173923473889,3.8391390977204396,4.933009577221858,5.078029405553914,0.15137615,0.08715596,0.07040573,,90.17948182958935,98.62188913219987,85.45344265925252,38.55438663484487,53.58349392601433,0.5474947016706443
677651,Luis Garcia,HOU,,55.2,10.0,10.0,226.0,53.0,41.0,19.0,24.0,16.0,1.0,8.0,3.0718563225095865,3.992670532674727,4.065729811753899,3.8861123189875904,0.23451327,0.07079646,0.12029162,,98.47184667187439,98.91680455797983,97.36819383176933,49.31101343863912,53.48596539489672,0.11045392466585663
573009,Joe Mantiply,ARI,,21.0,24.0,0.0,78.0,18.0,17.0,1.0,1.0,1.0,0.0,0.0,0.42857155447107237,1.5410019686026095,2.3869275907970526,2.2384668776522103,0.23076923,0.01282051,0.12280702,,102.0463157894737,108.04266666666665,108.69445614035087,50.83371298245615,68.21669971929823,-0.7677569122807018
548389,Ross Stripling,TOR,,37.0,14.0,6.0,154.0,31.0,34.0,15.0,16.0,8.0,0.0,3.0,3.6486488426141026,3.1394580301270163,3.605783388712324,3.634262330837273,0.2012987,0.05194805,0.11842105,,99.43565789473685,101.58174342105262,103.04960526315789,36.20593131578947,63.38136804276316,-0.06269495065789474
472610,Luis Garcia,SDP,,21.1,22.0,0.0,90.0,22.0,21.0,6.0,9.0,6.0,1.0,0.0,2.5312502817105584,2.034305881675378,2.7282291170096724,2.7474521286478746,0.24444444,0.06666667,0.12285714,,114.85042539682539,99.37375238095238,113.39937142857144,68.4385962857143,43.61490071428572,-0.09827854285714287
571578,Patrick Corbin,WSN,,60.1,12.0,12.0,286.0,53.0,82.0,45.0,48.0,24.0,3.0,7.0,6.712707429901418,4.20635369394344,4.145720456903948,4.324348631978017,0.18531469,0.08391608,0.09579668,,87.06097204301075,105.68933958944282,93.0837494949495,40.48882991202346,62.223415200391,-0.07276557184750732
502085,David Robertson,CHC,,21.2,19.0,0.0,85.0,30.0,11.0,4.0,4.0,9.0,0.0,1.0,1.6615385834282055,2.189354010869761,2.614225167855422,2.572633531910625,0.35294118,0.10588235,0.14035088,,105.22360467836258,99.85998596491228,106.82216842105264,57.84314295321638,51.159679795321644,-0.05226552631578947
543606,Jake Odorizzi,HOU,,31.2,7.0,7.0,128.0,21.0,25.0,11.0,15.0,12.0,1.0,1.0,3.126315952278579,3.4282204917923575,4.887634551739627,5.025851152896881,0.1640625,0.09375,0.08669355,,90.53569975186105,101.62071153846153,91.87513709677421,32.18483949596774,56.44241572580645,0.43709306451612895
605540,Brandon Woodruff,MIL,,43.2,9.0,9.0,186.0,53.0,41.0,23.0,26.0,13.0,2.0,7.0,4.740458187818826,3.7994539274340524,3.4444655084486047,3.283384460680911,0.28494624,0.06989247,0.13209877,,107.45376998593856,105.77857718091946,112.32270182454602,54.55813250617283,61.94516907407407,-0.7369974320987653
624522,Keegan Thompson,CHC,,45.1,12.0,4.0,177.0,38.0,35.0,10.0,10.0,14.0,4.0,3.0,1.9852942568620693,3.487431027959377,3.9660004489216347,3.7577050079317798,0.21468927,0.07909605,0.09402985,,98.05065156509123,97.24009199834164,95.68616716417911,48.78232808955224,56.2556786119403,0.10615514925373136
445276,Kenley Jansen,ATL,,23.2,23.0,0.0,95.0,33.0,16.0,10.0,11.0,8.0,0.0,2.0,3.802817003567575,2.436374645473417,2.9015536058133113,2.4470080897809927,0.34736842,0.08421053,0.11948052,,125.09996992481203,99.34724265208473,116.57093369788109,48.48338680519482,61.18448207792208,-0.38664836363636373
543521,Collin McHugh,ATL,,23.2,21.0,0.0,95.0,25.0,21.0,9.0,9.0,5.0,0.0,1.0,3.4225361824180287,2.1828532731052253,3.4475316339932816,3.029954352278992,0.26315789,0.05263158,0.125,,98.98457646520146,108.17680173992676,102.33908195970697,58.91236504807694,57.40751310096155,-0.5993737980769231
656731,Tylor Megill,NYM,,34.2,7.0,7.0,144.0,37.0,30.0,17.0,17.0,9.0,1.0,4.0,4.413461740817553,3.3432002430131456,3.209695071315035,3.412639062012858,0.25694444,0.0625,0.1234347,,100.49959136707649,99.18291921712148,100.10997915375958,54.820131001788916,50.840037799642225,0.03882209302325584
605154,John Brebbia,SFG,,23.0,24.0,1.0,96.0,22.0,22.0,8.0,9.0,6.0,0.0,0.0,3.1304353383178833,1.98199601838175,3.655457380795756,3.39523047639997,0.22916667,0.0625,0.11609499,,102.65836411609497,108.39804749340371,107.5763060686016,49.889291741424806,66.54122073878628,-0.7856829551451189
656271,Brock Burke,TEX,,28.0,16.0,0.0,108.0,32.0,20.0,3.0,5.0,9.0,0.0,1.0,0.9642858148685628,2.255288055113375,2.9012794611785555,2.8898222323471163,0.2962963,0.08333333,0.09049774,,103.63001077354018,95.19099062702004,98.02990417534537,51.820169072398194,51.496328981900454,-0.01350954751131224
664123,Scott Effross,CHC,,25.1,26.0,1.0,104.0,31.0,21.0,8.0,12.0,6.0,0.0,1.0,2.8421058738992477,1.8887465281788103,2.602737108574003,2.5291535212510823,0.29807692,0.05769231,0.09574468,,114.17329930600039,108.96298444374226,118.3165294533019,49.51741021276597,57.81374212765955,-0.625199760638298
656818,Connor Overton,CIN,,24.2,4.0,4.0,89.0,10.0,15.0,5.0,5.0,7.0,0.0,0.0,1.8243244418791462,3.152971544816078,4.713361017103454,5.3646918803907635,0.11235955,0.07865169,0.05278592,,82.66773559483235,104.42028295157328,90.33050249663152,38.93301507331378,57.199374281524925,0.25705123167155425
605488,Jeffrey Springs,TBR,,38.1,14.0,6.0,143.0,40.0,25.0,8.0,8.0,8.0,0.0,5.0,1.8782610793555625,3.3472136365826537,3.1576764003092226,3.059702616606469,0.27972028,0.05594406,0.15547703,,108.50682483594144,107.0388061585058,113.72673733804476,56.94809766784453,63.302383798586575,-0.8488795759717315
521230,Liam Hendriks,CHW,,23.2,23.0,0.0,100.0,36.0,21.0,8.0,10.0,7.0,1.0,3.0,3.0422537292759846,2.73214928550371,2.585481628778641,2.1561354684242247,0.36,0.07,0.16301703,,116.12963503649637,98.37907542579076,114.05571776155718,69.86996440389295,48.42909116788321,-0.5014755474452556
661403,Emmanuel Clase,CLE,,21.1,23.0,0.0,84.0,24.0,15.0,5.0,8.0,4.0,0.0,1.0,2.109375137515608,2.034305931377453,2.0494617746604185,2.108559837118066,0.28571429,0.04761905,0.12068966,,129.96542873563214,99.55575172413793,127.51267126436778,67.12923344827588,51.460319689655165,-1.065827482758621
606149,Giovanny Gallegos,STL,,20.2,20.0,0.0,84.0,28.0,19.0,8.0,10.0,5.0,0.0,2.0,3.4838712457315704,2.386624492135798,2.990960242111767,2.4096003645784134,0.33333333,0.05952381,0.17888563,,106.68385421030582,96.95874151654796,102.69885043988269,59.335388445747796,49.16507724340176,0.018892199413489727
592836,Taijuan Walker,NYM,,40.2,8.0,8.0,168.0,21.0,39.0,13.0,14.0,13.0,0.0,2.0,2.877049225307671,3.678004780997195,4.531164111441012,4.998164317975721,0.125,0.07738095,0.09828393,,91.08277691107642,100.77196827873115,95.6986004011589,43.19238297971919,48.333767238689546,0.3877526053042122
592351,Jon Gray,TEX,,41.0,8.0,8.0,169.0,44.0,35.0,22.0,22.0,15.0,1.0,5.0,4.829268405013396,3.722187113407324,3.5449775179286473,3.699972027529195,0.26035503,0.0887574,0.11026034,,99.65768757466576,97.35598375199687,96.20649599597407,45.69434961715161,52.31629710566615,0.2986838897396631
669212,Eli Morgan,CLE,,25.0,14.0,1.0,90.0,32.0,10.0,6.0,6.0,4.0,2.0,2.0,2.1600001673698555,2.312430939674373,2.8120151585018283,2.0758867026409584,0.35555556,0.04444444,0.13333333,,99.69564000469813,101.03457305614282,94.78188242894056,38.229044972222226,58.265221527777776,0.0107654444444444
621242,Edwin Diaz,NYM,,22.2,23.0,0.0,91.0,41.0,16.0,6.0,6.0,10.0,0.0,3.0,2.382353014264348,2.5389015723032724,1.797969537485916,1.8467683907402916,0.45054945,0.10989011,0.20734908,,128.72939632545933,92.24383202099737,120.88955380577427,80.0,49.16156674540683,-0.6586205249343833
606160,Rafael Montero,HOU,,21.2,24.0,0.0,85.0,24.0,16.0,5.0,7.0,5.0,0.0,1.0,2.0769233407001155,2.1893539613520456,2.819199392325532,2.657939835242982,0.28235294,0.05882353,0.10693642,,99.28367132305716,115.91335581245987,115.94155507385997,54.37371343930636,67.40265190751445,-0.9712966763005781
669459,Kyle Nelson,ARI,,17.1,18.0,0.0,68.0,19.0,16.0,4.0,4.0,2.0,1.0,0.0,2.076923729223817,1.4393535531217998,2.805848816720891,2.538148782299104,0.27941176,0.02941176,0.15298507,,102.91214285714283,105.67643390191898,104.81614072494669,44.63545037313433,61.7927746641791,-0.23706085820895526
608717,Chris Stratton,PIT,,22.1,23.0,0.0,95.0,22.0,24.0,9.0,12.0,6.0,0.0,1.0,3.626866386320079,2.530341334722949,3.539096713872504,3.3305593368355755,0.23157895,0.06315789,0.11928934,,90.83806952776497,105.67342408860176,96.10489446068125,54.116034923857875,56.04435434010152,-0.24104342639593906
663986,Trevor Stephan,CLE,,18.0,19.0,0.0,74.0,18.0,16.0,8.0,10.0,5.0,0.0,0.0,4.000001357661814,1.9457639390118457,3.2616483002727996,3.2247447783666465,0.24324324,0.06756757,0.1320132,,101.88316136876846,101.25550112906026,104.20565224943546,54.234454620462046,54.236761650165015,-0.20348871287128714
573124,Taylor Rogers,SDP,,24.0,25.0,0.0,94.0,26.0,14.0,8.0,10.0,6.0,5.0,1.0,3.000000376254367,2.862430970308678,3.5544055603934215,2.850996539015416,0.27659574,0.06382979,0.11290323,,109.99987844787285,97.23657082748952,103.91404160822816,56.44224561827957,48.17885607526881,-0.1622884946236559
628711,Julio Urias,LAD,,58.1,11.0,11.0,235.0,46.0,50.0,18.0,24.0,15.0,1.0,10.0,2.777142872277085,4.586716723983142,4.439121713885938,4.329926302350266,0.19574468,0.06382979,0.10613208,,107.54796942385444,104.47616100909703,111.7402128537736,54.67547258254717,64.2902091509434,-0.8524813797169811
621381,Matt Strahm,BOS,,15.0,19.0,0.0,63.0,17.0,13.0,7.0,9.0,4.0,1.0,0.0,4.200001718998659,1.8457638165683745,3.5235164944005244,2.988403375526651,0.26984127,0.06349206,0.11111111,,112.12166666666668,95.3257142857143,104.20492063492063,58.08287948412697,56.11311908730159,-0.48003765873015874
656638,Alex Lange,DET,,22.1,24.0,0.0,91.0,27.0,13.0,4.0,5.0,10.0,1.0,0.0,1.6119406161422574,2.1721323089135582,3.10012525246595,3.0198567892084562,0.2967033,0.10989011,0.17191977,,102.42223699213869,92.58702747042831,98.43592218793623,60.668029197707746,32.1100606017192,0.49120899713467064
543339,Daniel Hudson,LAD,,18.1,18.0,0.0,71.0,22.0,11.0,4.0,5.0,3.0,2.0,1.0,1.963636506214625,2.239703665567819,2.4188344118584597,2.0863351406930524,0.30985915,0.04225352,0.15017065,,105.7701612620858,103.77817284964402,111.53918185680355,63.41805491467578,54.10882911262798,-0.41072805460750855
607200,Erick Fedde,WSN,,51.2,11.0,11.0,231.0,43.0,56.0,28.0,29.0,25.0,0.0,6.0,4.87741959491457,4.409205259041288,4.475404950384426,4.773948938904713,0.18614719,0.10822511,0.07395833,,93.03056776537238,108.92023714620963,100.00920232719385,41.986463083333334,57.71830404166667,-0.04467475000000001
641745,Brad Keller,KCR,,60.2,10.0,10.0,252.0,33.0,57.0,28.0,30.0,18.0,0.0,7.0,4.153846262676278,4.41462883797839,4.451935527681768,4.820923364274701,0.13095238,0.07142857,0.08361204,,92.58943376068375,100.66627067075437,98.45751161278335,48.31600341137123,51.10121284280937,0.23866723522853953
669330,Tyler Wells,BAL,,47.2,11.0,11.0,190.0,29.0,42.0,20.0,20.0,9.0,1.0,7.0,3.7762239021429282,4.4341093674132335,4.698987521918721,4.709689489845685,0.15263158,0.04736842,0.1055409,,107.1890825480588,108.21163705658164,111.2748703773506,53.85447222955146,65.62716175461742,-0.7652266622691292
448179,Rich Hill,BOS,,45.0,10.0,10.0,186.0,34.0,42.0,22.0,24.0,11.0,2.0,6.0,4.400000093248157,4.201319913628661,4.507606654462299,4.390642347769784,0.1827957,0.05913978,0.07412587,,97.653491989492,104.74114359714359,99.10695136961803,39.47118591608392,54.32557457342657,-0.16347318881118877
641329,Bryan Baker,BAL,,22.0,21.0,2.0,97.0,23.0,26.0,13.0,15.0,7.0,2.0,1.0,5.318183525596824,2.8397036413761922,3.5272956200931764,3.419889621781074,0.2371134,0.07216495,0.09895833,,96.40588541666665,98.57526041666665,95.01020833333335,52.74343497395833,54.488505885416664,0.010095338541666669
666204,Dany Jimenez,OAK,,21.2,22.0,0.0,91.0,22.0,15.0,9.0,11.0,10.0,0.0,0.0,3.738462182953624,2.466277044115668,4.106071128115602,3.824665026377375,0.24175824,0.10989011,0.13207547,,105.59676549865229,88.02420485175205,89.313423180593,48.56908641509435,40.569337951482474,0.7345386792452828
456501,Johnny Cueto,CHW,,24.2,4.0,4.0,103.0,19.0,24.0,8.0,9.0,7.0,1.0,1.0,2.918918994154002,3.0718904600777366,3.9252078992763577,4.177105266333486,0.18446602,0.06796117,0.0726257,,92.10823368596219,105.16535421371685,95.64949245215738,36.197719497206705,59.27363273743017,0.12529044692737426
625643,Reynaldo Lopez,CHW,,22.0,19.0,0.0,91.0,16.0,22.0,11.0,14.0,6.0,1.0,0.0,4.500000396235458,2.612430957637046,4.361958589092294,4.078178373537623,0.17582418,0.06593407,0.10714286,,103.83787912087911,99.6812197802198,103.08420879120882,48.965374670329666,49.36445233516484,0.1892537362637363
605347,Jorge Lopez,BAL,,27.0,23.0,0.0,109.0,25.0,13.0,3.0,7.0,13.0,2.0,0.0,1.000000146804054,2.927245789292087,3.8593303656551745,3.702687868512205,0.2293578,0.11926606,0.11617312,,114.05380410022778,94.48569476082001,104.36186788154899,57.802642870159445,50.22733767653758,-0.16942207289293854
622608,Antonio Senzatela,COL,,35.0,8.0,8.0,165.0,14.0,61.0,21.0,25.0,8.0,1.0,3.0,5.400000294276662,4.19814534654423,4.6065253271563025,5.189085909124507,0.08484848,0.04848485,0.06403941,,87.41047196377512,110.43404340514769,97.42219252669908,34.04370878489327,54.40381236453202,0.3237218719211823
622251,Josh Staumont,KCR,,20.2,22.0,0.0,92.0,27.0,19.0,8.0,8.0,11.0,1.0,1.0,3.483871260803299,2.870495497440757,3.9606019937366845,3.519398858662224,0.29347826,0.11956522,0.14784946,,102.73221146953405,96.46348387096775,96.80425089605733,54.83133811827957,43.39220169354839,0.2318970430107527
596001,Jakob Junis,SFG,,43.0,8.0,6.0,166.0,35.0,31.0,12.0,12.0,9.0,1.0,5.0,2.511627962680816,3.6938263633948782,3.628140663478755,3.7030243337500504,0.21084337,0.05421687,0.09886548,,97.48700162074553,108.485056726094,104.68188006482983,47.24107325769854,68.37153277147488,-0.7205795623987034
672710,Roansy Contreras,PIT,,23.1,6.0,3.0,95.0,26.0,16.0,5.0,6.0,8.0,1.0,2.0,1.9285715336702365,3.15528814685588,3.309890501531029,3.3519976756830463,0.27368421,0.08421053,0.13178295,,105.86558139534883,97.60981912144703,97.57100775193797,52.035285555555554,45.704635917312665,0.36311708010335914
605135,Chris Bassitt,NYM,,65.0,11.0,11.0,272.0,68.0,55.0,27.0,28.0,21.0,5.0,11.0,3.7384616481623034,4.420123347728211,3.814367303446588,3.69631846255691,0.25,0.07720588,0.10516605,,103.01564969065636,101.27118094553637,102.62492333920298,48.44614585793358,57.51019399446495,-0.19346892988929884
669923,George Kirby,SEA,,32.0,6.0,6.0,131.0,31.0,32.0,12.0,14.0,3.0,1.0,5.0,3.375,3.581181001663208,3.492915844358504,3.3293906228681784,0.23664122,0.02290076,0.10485437,,94.20838834951456,113.66598058252427,107.69370873786407,48.94786899029126,66.54992007766991,-0.522439572815534
608665,Kendall Graveman,CHW,,24.2,23.0,0.0,103.0,23.0,24.0,7.0,9.0,8.0,0.0,1.0,2.5540542248024334,2.7475661124057176,3.360823667264139,3.2679814964165295,0.22330097,0.0776699,0.08743169,,102.96724292101341,99.17317436661699,100.78116244411326,53.25552912568305,53.176773224043714,-0.11905964480874313
623474,Jimmy Herget,LAA,,28.0,20.0,1.0,109.0,27.0,22.0,9.0,10.0,3.0,1.0,3.0,2.892857450763823,3.0052881331164,2.775578354634063,2.762696861472925,0.24770642,0.02752294,0.10526316,,102.62295967190705,104.061995898838,104.8523034859877,47.07166913875598,55.790055287081344,-0.22213918660287085
663474,Triston McKenzie,CLE,,58.0,10.0,9.0,220.0,49.0,34.0,20.0,20.0,16.0,3.0,9.0,3.1034483779199658,4.422775872340527,4.523994160643961,4.283212966781377,0.22272727,0.07272727,0.11084906,,93.91793570034834,99.88995907507031,94.71541512572794,43.5640472995283,53.1437791745283,0.1949696462264151
542914,Anthony Bass,MIA,,21.0,21.0,0.0,83.0,20.0,16.0,5.0,7.0,5.0,0.0,1.0,2.14285765375422,2.541002293995416,3.684299476052897,3.311951080775792,0.24096386,0.06024096,0.13380282,,105.19255197853789,101.21378604963114,102.87338698859827,46.4931270774648,63.70167802816902,-0.5244620774647888
571760,Andrew Heaney,LAD,,10.1,2.0,2.0,40.0,16.0,4.0,0.0,1.0,3.0,1.0,0.0,0.0,1.1769470711528431,2.179777988556031,2.2027595684242254,0.4,0.075,0.20512821,,94.71628205128204,110.37205128205129,106.86115384615383,50.90297493589743,63.66534198717949,-0.7475134615384615
622503,Nabil Crismatt,SDP,,25.0,17.0,1.0,102.0,21.0,19.0,5.0,5.0,9.0,1.0,0.0,1.800000141620647,2.6324309638977024,3.520652676156319,3.4743881888955386,0.20588235,0.08823529,0.09768638,,90.73748071979433,102.0834447300771,98.09912596401027,57.712747532133676,54.965862339331615,-0.17981082262210796
623465,Evan Phillips,LAD,,22.2,21.0,0.0,89.0,28.0,16.0,6.0,8.0,6.0,2.0,2.0,2.3823532272633314,2.847725087522838,3.0721850034386784,2.547649712858873,0.31460674,0.06741573,0.11299435,,111.69351271186443,98.45886864406779,109.55369632768362,60.49413197740114,50.363563248587575,-0.20552618644067797
642701,Dennis Santana,TEX,,19.1,21.0,0.0,71.0,10.0,9.0,3.0,6.0,3.0,1.0,0.0,1.3965519731432892,2.698637824435567,4.2300547222718246,4.11541825539831,0.14084507,0.04225352,0.07954545,,97.10280303030302,104.40045454545454,103.67484848484848,56.5517628409091,46.67254337121211,-0.08040590909090906
425844,Zack Greinke,KCR,,51.2,10.0,10.0,223.0,25.0,60.0,29.0,31.0,10.0,2.0,7.0,5.051613245119561,4.602753683173577,4.8757774632203885,5.041101585297989,0.11210762,0.04484305,0.06575964,,85.52076908541196,107.72639914696038,92.44388537954865,32.00154401360545,55.63651361678004,0.2855326984126984
593958,Eduardo Rodriguez,DET,,39.0,8.0,8.0,169.0,34.0,35.0,19.0,26.0,17.0,0.0,4.0,4.384615709619434,4.009866965620402,4.498526781072441,4.597930080489824,0.20118343,0.10059172,0.06706408,,92.20351322863688,96.43135904936058,90.66171667919912,41.266606378539485,55.53539512667659,0.34200350223546944
624133,Ranger Suarez,PHI,,48.0,10.0,10.0,216.0,42.0,53.0,25.0,27.0,22.0,1.0,6.0,4.687500186264522,4.424931053817274,4.218618391079203,4.464887300563767,0.19444444,0.10185185,0.08017817,,97.79188250757602,101.96816532184454,99.55013326517945,45.66938699331848,54.535373741648115,0.032036069042316255
641726,Daulton Jefferies,OAK,,39.1,8.0,8.0,172.0,28.0,46.0,25.0,26.0,8.0,2.0,4.0,5.720339029282546,3.7734479561580803,4.333239575883563,4.315538453294371,0.1627907,0.04651163,0.09656301,,87.25013624673198,103.77230301613281,93.144363721385,37.99945746317512,55.52986988543372,0.33428175122749587
656412,Alex Faedo,DET,,32.0,6.0,6.0,133.0,21.0,32.0,11.0,11.0,10.0,0.0,3.0,3.0937500922009376,3.9561810268089186,4.634154345835697,4.868505644345092,0.15789474,0.07518797,0.10176125,,91.69553816046968,98.2189432485323,89.0023483365949,39.801737866927596,53.65191121330724,0.4355266340508806
656557,Tanner Houck,BOS,,38.2,13.0,4.0,157.0,35.0,32.0,16.0,16.0,15.0,3.0,2.0,3.7241381759734433,3.3710517083280305,3.8089149969918727,3.8703859974613737,0.22292994,0.0955414,0.11577181,,102.92600936064996,98.4442149417167,102.9064350052985,56.79701352348994,45.1031599328859,-0.010947936241610756
548384,Brooks Raley,TBR,,14.1,18.0,0.0,63.0,18.0,11.0,6.0,8.0,5.0,2.0,0.0,3.76744330703075,2.0659189719324442,3.305298483682639,2.9641889643776973,0.28571429,0.07936508,0.11417323,,107.77732283464566,103.69692913385828,110.31314960629922,63.41071893700787,58.26644543307086,-0.7560423228346456
669211,Keegan Akin,BAL,,35.2,15.0,0.0,135.0,30.0,20.0,8.0,8.0,10.0,0.0,2.0,2.0186917867001832,3.0002814579576427,3.433468696058707,3.351230020100327,0.22222222,0.07407407,0.11175337,,109.2166921965318,105.7627941554271,111.27274823378292,52.28199152215799,66.79758023121387,-0.8082716763005781
640444,Wil Crowe,PIT,,32.2,22.0,1.0,129.0,34.0,18.0,8.0,10.0,14.0,2.0,2.0,2.204081872610812,3.2961044910474424,3.8143916713953994,3.580853340794214,0.26356589,0.10852713,0.12414966,,95.5146507936508,111.87607256235827,110.411641723356,55.209133826530596,55.458656071428564,-0.3267669217687075
573186,Marcus Stroman,CHC,,47.1,9.0,9.0,198.0,45.0,46.0,28.0,31.0,12.0,0.0,8.0,5.323943697727524,4.168769036926606,3.410254790608808,3.721290656122392,0.22727273,0.06060606,0.09266409,,96.8944029229872,104.8283643052362,104.04817172356948,46.01572383526383,56.48924060489061,-0.1091421364221364
666200,Jesus Luzardo,MIA,,29.0,6.0,6.0,119.0,41.0,18.0,13.0,14.0,16.0,0.0,4.0,4.034482891295956,3.7331206772472014,3.1651505101210335,3.455780748630845,0.34453782,0.13445378,0.13706564,,111.79332748332747,98.89573885573886,106.81201123201124,60.76592409266409,51.72398826254826,-0.15755285714285716
663903,Brady Singer,KCR,,30.1,7.0,4.0,122.0,30.0,29.0,14.0,14.0,4.0,1.0,5.0,4.153846336136614,3.771771689938861,2.702589012921896,2.769291939756667,0.24590164,0.03278689,0.10596026,,97.77933774834437,99.74701986754965,95.78569536423842,46.927797461368655,63.79356061810154,-0.4005746136865342
663432,Tanner Rainey,WSN,,17.1,17.0,0.0,72.0,20.0,14.0,5.0,7.0,6.0,0.0,1.0,2.5961540455340435,2.5932001925563997,3.636724742877576,3.1724338628773103,0.27777778,0.08333333,0.17006803,,111.67455782312928,96.33945578231294,105.09843537414964,64.76455649659864,56.08768666666667,-0.5969479251700679
644364,Victor Arano,WSN,,23.1,24.0,0.0,95.0,25.0,24.0,13.0,13.0,4.0,1.0,2.0,5.014286877762568,2.726716626450703,2.5640969198337307,2.424678017426486,0.26315789,0.04210526,0.14363144,,99.23518066847336,111.8440650406504,114.32724480578142,55.13915224932249,57.47049712737127,-0.6022865582655826
664353,Jose Urquidy,HOU,,51.0,10.0,10.0,229.0,40.0,69.0,27.0,28.0,8.0,2.0,9.0,4.764706060548149,4.426156540991299,4.3671064231905445,4.231641636304754,0.17467249,0.0349345,0.10431655,,99.52524498661941,106.39069180597551,104.48359692535827,47.87056342925659,64.01431327338129,-0.4973758513189449
606303,Joel Payamps,KCR,,22.2,15.0,0.0,101.0,18.0,25.0,7.0,9.0,9.0,1.0,0.0,2.7794120838563083,2.847725088914988,4.480485648412177,4.204387322240459,0.17821782,0.08910891,0.095,,101.05792424242425,107.34118484848486,105.46526060606062,48.52363482500001,57.594325524999995,-0.31075384999999994
605177,Andrew Chafin,DET,,13.0,17.0,0.0,55.0,14.0,13.0,4.0,4.0,3.0,1.0,0.0,2.7692318738569344,1.881661279949015,3.134282044498007,2.7979205405111536,0.25454545,0.05454545,0.13065327,,94.53468350410061,99.11615793251974,93.58133398594707,43.380752763819096,60.67162462311557,0.16481140703517583
592866,Trevor Williams,NYM,,32.2,10.0,5.0,138.0,28.0,34.0,13.0,15.0,6.0,1.0,4.0,3.5816329384299657,3.6328392063923483,3.6724299812559367,3.7026367282913517,0.20289855,0.04347826,0.10018553,,93.68641117517203,103.16748630844744,97.5670062204974,43.20468174397031,57.59174742115028,0.06244025974025973
502202,Brad Boxberger,MIL,,20.1,21.0,0.0,77.0,19.0,15.0,6.0,6.0,5.0,0.0,2.0,2.65573802280417,3.2599720029301067,3.510189614017899,3.2481850275567834,0.24675325,0.06493506,0.06930693,,99.91722772277228,112.47161716171615,108.08653465346534,40.517514191419146,65.23807805280529,-0.18778821782178215
663455,Konnor Pilkington,CLE,,17.0,6.0,3.0,79.0,23.0,17.0,5.0,5.0,10.0,0.0,0.0,2.647058972025421,2.171254478276392,3.8257850813994176,3.787845690533473,0.29113924,0.12658228,0.15269461,,95.23062874251497,90.93928834638416,85.5308129894058,43.297426826347305,44.29641979041916,0.7299544910179641
596295,Austin Gomber,COL,,52.1,10.0,10.0,223.0,40.0,59.0,38.0,40.0,18.0,0.0,8.0,6.535032125006663,4.602876924910342,4.114843370588033,4.477548340045386,0.1793722,0.08071749,0.08608491,,94.50896394716422,99.64021601971237,94.68339446392078,42.881311497641505,54.12058416273586,0.3439359787735849
682171,Penn Murfee,SEA,,19.1,17.0,0.0,71.0,22.0,9.0,2.0,2.0,5.0,1.0,0.0,0.9310345927898002,1.7676032565223858,3.528732583157648,2.8378507116493226,0.30985915,0.07042254,0.09505703,,114.27300380228138,98.2057794676806,111.06342205323195,66.16669292775666,62.1848614068441,-1.3057609885931558
475479,David Phelps,TOR,,21.1,23.0,0.0,82.0,19.0,13.0,5.0,6.0,10.0,0.0,0.0,2.109375635518709,2.7374308886821046,3.986492949592919,4.07703461790865,0.23170732,0.12195122,0.07222222,,88.61373703703701,96.10533333333335,86.50459259259257,34.141120388888886,40.330775638888895,0.9417293333333332
656970,Devin Smeltzer,MIN,,28.0,5.0,5.0,104.0,13.0,20.0,6.0,6.0,6.0,0.0,2.0,1.9285714942581822,3.7552881664159354,4.677178524191806,4.962801857357389,0.125,0.05769231,0.07614213,,88.07717212508616,92.95089951745315,80.17069872783105,35.35125984771573,45.29640248730964,0.7769026142131981
518886,Craig Kimbrel,LAD,,18.0,18.0,0.0,77.0,25.0,16.0,8.0,10.0,6.0,1.0,1.0,4.0000002317958545,2.2235420612641295,2.7349610386433723,2.469210662636731,0.32467532,0.07792208,0.14953271,,116.59545171339563,108.37327102803738,123.49582554517133,67.87251426791276,62.00037277258567,-1.0877321183800623
605447,Jordan Romano,TOR,,20.1,22.0,0.0,85.0,25.0,18.0,7.0,8.0,7.0,1.0,2.0,3.0983608676617855,3.112431001663208,3.2170384846481377,2.9175503546487933,0.29411765,0.08235294,0.16012085,,109.94780005492994,85.58487778082944,94.74411425432572,56.4850807854985,42.99409945619336,0.2627408761329305
670167,John Schreiber,BOS,,15.1,15.0,0.0,59.0,17.0,8.0,2.0,3.0,3.0,1.0,1.0,1.1739133804023445,2.5254743114620357,2.7396524235989026,2.4110471594993212,0.28813559,0.05084746,0.1440678,,106.57669491525424,104.01703389830507,110.2364406779661,67.11197427966103,59.100433601694924,-0.8007781355932204
622253,Dillon Tate,BAL,,27.1,24.0,0.0,110.0,21.0,20.0,5.0,8.0,5.0,3.0,1.0,1.6463417877210527,2.929504136360869,3.482931757886021,3.129876331040651,0.19090909,0.04545455,0.09189189,,97.65599999999998,101.37924324324324,99.15248648648648,51.159630027027035,55.85552454054054,-0.1449342162162162
605200,Zach Davies,ARI,,56.0,11.0,11.0,234.0,43.0,49.0,26.0,30.0,21.0,1.0,8.0,4.178571642053382,4.612431078297756,4.394268621534328,4.5930183062188545,0.18376068,0.08974359,0.08851423,,80.83787144362486,108.19591148577452,93.20023182297153,37.84685650158061,56.657981664910444,0.3577826659641728
605242,Michael Fulmer,DET,,20.0,20.0,0.0,83.0,20.0,12.0,6.0,7.0,10.0,1.0,1.0,2.700000269562033,3.4124310316145454,4.316818996062868,4.015451152383305,0.24096386,0.12048193,0.13141026,,95.40948717948719,83.80826923076923,84.98006410256409,45.84939150641026,24.37314455128205,1.0084646474358974
519043,Matt Moore,TEX,,24.1,17.0,0.0,108.0,29.0,20.0,8.0,9.0,16.0,0.0,0.0,2.958904394671295,2.7014720579588616,3.8573770463904564,3.941266680813135,0.26851852,0.14814815,0.12527964,,106.14054833642723,95.67953924508544,101.6305126374411,56.03832076062638,47.605390134228195,0.12188964205816555
681911,Alex Vesia,LAD,,16.1,21.0,0.0,71.0,22.0,15.0,6.0,6.0,5.0,0.0,1.0,3.3061231527663635,2.1328389563991004,2.8777133925525735,2.639327006158415,0.30985915,0.07042254,0.12068966,,106.13015673981192,101.04080250783699,108.92056426332287,55.98709000000001,59.19945220689655,-0.41958979310344824
656849,David Peterson,NYM,,33.1,7.0,6.0,140.0,29.0,24.0,11.0,15.0,17.0,2.0,2.0,2.9700001982689037,3.862431051731113,4.414763552165774,4.556506909264177,0.20714286,0.12142857,0.09824561,,86.44129247168554,94.81199467021985,89.15933644237174,53.32133801754386,36.2688563508772,0.8653034561403509
640448,Kyle Finnegan,WSN,,21.0,23.0,0.0,87.0,26.0,20.0,9.0,11.0,7.0,0.0,2.0,3.857143612540646,2.874335716938477,2.552659570676291,2.594246199703197,0.29885057,0.08045977,0.10746269,,100.17092537313434,106.32967164179105,105.33546268656718,45.318233134328366,62.15599065671643,-0.39428328358208964
592858,Rowan Wick,CHC,,23.0,22.0,0.0,104.0,26.0,26.0,9.0,12.0,11.0,1.0,1.0,3.5217394453028255,2.9819962073927337,3.8327844089844767,3.6529326802946422,0.25,0.10576923,0.11058824,,99.420225,96.74812794117648,95.94336323529411,48.280172564705886,48.99770454117647,0.11434350588235291
621249,Duane Underwood Jr.,PIT,,13.2,9.0,0.0,57.0,15.0,11.0,4.0,5.0,5.0,0.0,0.0,2.6341466478192688,2.01486989840518,2.66478824890035,2.9942586997648575,0.26315789,0.0877193,0.1146789,,102.86128440366973,97.28045871559632,102.75559633027524,51.34258587155963,49.07133270642202,0.14103477064220185
667427,Zach Jackson,OAK,,23.0,24.0,0.0,97.0,31.0,16.0,9.0,10.0,17.0,1.0,0.0,3.5217400522225453,2.7646048236659198,3.92315509522255,3.9575624588253113,0.31958763,0.17525773,0.12028302,,89.04119946091643,98.0097641509434,93.34611859838274,55.953454481132084,35.51326700471698,0.9433403066037734
664054,Cody Stashak,MIN,,16.1,11.0,0.0,65.0,15.0,16.0,7.0,7.0,0.0,0.0,1.0,3.8571433967126763,2.071614529534391,3.632202778633461,3.241442166664521,0.23076923,0.0,0.14096916,,105.44334801762116,100.93259911894272,108.66246696035242,49.56432198237886,54.30320942731279,-0.02178911894273126
608337,Lucas Giolito,CHW,,48.1,9.0,9.0,204.0,62.0,49.0,19.0,22.0,19.0,0.0,10.0,3.53793112755956,4.41587931181673,3.227012400414701,3.33930982053618,0.30392157,0.09313725,0.14475271,,97.06544967162579,95.94801045436269,92.93678354108029,47.44378780458384,47.063689408926415,0.4596369601930036
593576,Hector Neris,HOU,,24.0,26.0,0.0,92.0,27.0,14.0,8.0,8.0,5.0,3.0,2.0,3.0000002607703435,2.9457643205092996,3.836256936525076,2.9517574411192045,0.29347826,0.05434783,0.15789474,,105.69900000000001,105.17236842105261,110.6607894736842,56.640495368421064,58.838938921052645,-0.6758384210526317
664141,JT Brubaker,PIT,,51.2,11.0,11.0,236.0,53.0,51.0,27.0,35.0,24.0,2.0,8.0,4.703225951140187,4.583398788851086,4.46154808822346,4.315017357311012,0.22457627,0.10169492,0.11046512,,91.70951403278264,104.20307598309456,98.55488498661566,44.23252412790698,54.629781686046506,0.0393368488372093
660853,Enyel De Los Santos,CLE,,13.2,13.0,0.0,53.0,19.0,6.0,4.0,4.0,5.0,1.0,0.0,2.634147245213389,1.6490158654335476,2.515573862619102,2.433595074626166,0.35849057,0.09433962,0.1838565,,100.812466367713,97.4582062780269,93.4219730941704,42.645096591928244,53.79688367713004,0.24829506726457398
445926,Jesse Chavez,- - -,,22.0,17.0,1.0,93.0,22.0,27.0,10.0,11.0,4.0,1.0,2.0,4.090910016382246,2.976067334450467,3.3419081577153174,3.15219005218172,0.23655914,0.04301075,0.07799443,,102.42123055443389,108.2053137411912,105.02197287943805,41.67459685236768,61.53052699164345,-0.21195286908077995
650895,Diego Castillo,SEA,,20.0,22.0,0.0,89.0,23.0,21.0,13.0,15.0,9.0,0.0,1.0,5.850000915303969,2.812430954724543,3.3467265614882615,3.5123089678459927,0.25842697,0.1011236,0.14201183,,98.27757692307694,94.33325443786981,95.13132544378699,48.673271331360944,42.85887065088757,0.3235247928994084
650556,Bryan Abreu,HOU,,22.1,17.0,0.0,96.0,31.0,20.0,7.0,9.0,10.0,2.0,1.0,2.8208960518988806,2.5303413401602644,3.075100242445015,2.8837485511909122,0.32291667,0.10416667,0.1511335,,114.53707808564232,92.62347607052898,107.00735516372794,68.07464617128463,45.7021498488665,-0.022738261964735555
670059,Colin Holderman,NYM,,11.0,9.0,0.0,41.0,14.0,9.0,1.0,2.0,1.0,0.0,0.0,0.8181818913329797,0.8397035257382641,1.7817568670287822,1.7516647525288784,0.34146341,0.02439024,0.15068493,,99.08013698630137,98.52328767123288,102.09671232876711,53.8069093150685,46.556010547945206,-0.015158287671232843
641712,Dakota Hudson,STL,,51.2,10.0,10.0,215.0,28.0,44.0,17.0,18.0,24.0,2.0,4.0,2.961290468340989,4.544689136677804,4.827591534695529,5.20463903774525,0.13023256,0.11162791,0.06382979,,80.93348225524899,98.67059205877526,83.97704845838416,32.230627281323876,46.32487810874705,0.9144937825059102
453268,Daniel Bard,COL,,21.1,20.0,0.0,88.0,27.0,11.0,6.0,8.0,11.0,2.0,2.0,2.5312500412546806,3.6280560100669392,3.6583676951507966,3.304868605728605,0.30681818,0.125,0.12947658,,104.91207529951568,97.16096783436446,99.3326733456861,60.361782369146006,50.049228898071625,-0.24209735537190075
489119,Wade Miley,CHC,,16.0,3.0,3.0,65.0,10.0,12.0,6.0,6.0,7.0,0.0,0.0,3.375,3.174931001663208,4.285208054631949,4.722571151736511,0.15384615,0.10769231,0.09170306,,95.9050655021834,107.08296943231441,106.10873362445416,50.96452982532751,53.40219248908297,-0.178127423580786
623149,Paul Sewald,SEA,,20.1,20.0,0.0,78.0,19.0,10.0,5.0,5.0,7.0,0.0,2.0,2.213115116315574,3.555054024926323,3.878076711585929,3.5710497156619345,0.24358974,0.08974359,0.1221865,,118.81189710610934,103.82681672025723,122.35369774919616,67.79210549839227,65.88077376205787,-1.3662004501607719
607644,John Means,BAL,,8.0,2.0,2.0,34.0,7.0,8.0,3.0,3.0,2.0,0.0,0.0,3.375,2.112431001663208,3.777846581116319,3.9912807091740548,0.20588235,0.05882353,0.11111111,,111.22918518518517,106.13481481481482,117.47748148148149,56.36758622222222,57.948511555555555,-0.6861133333333334
605182,Mike Clevinger,SDP,,17.0,4.0,4.0,71.0,20.0,12.0,6.0,7.0,7.0,0.0,2.0,3.176470766430505,3.5241957306449403,3.4751533671461763,3.599032816594804,0.28169014,0.09859155,0.11214953,,97.24959944954169,105.07625410719957,101.23776292579436,54.189040342679135,60.659229626168226,-0.2889377881619937
605483,Blake Snell,SDP,,19.0,4.0,4.0,83.0,22.0,15.0,12.0,13.0,11.0,0.0,2.0,5.684210811625571,3.901904725500093,4.40342399777829,4.311070699731101,0.26506024,0.13253012,0.1312336,,110.60824146981629,90.09322834645668,103.56241469816273,67.43638157480315,41.948301443569555,0.11439393700787401
643338,Chad Green,NYY,,15.0,14.0,0.0,62.0,16.0,13.0,5.0,6.0,5.0,0.0,1.0,3.0000004053116394,2.8457642989688403,4.150306267689701,3.5998573995959138,0.25806452,0.08064516,0.14522822,,106.94832722602433,104.9982457652997,109.07846257476963,59.57865385892117,62.48747410788383,-0.9553243153526971
608344,Cole Irvin,OAK,,45.2,8.0,8.0,189.0,28.0,45.0,15.0,16.0,11.0,1.0,5.0,2.956204482454609,4.097832495814744,4.424984649108401,4.649313089247399,0.14814815,0.05820106,0.09103841,,94.92628191011065,102.91992165509276,96.39280772933596,35.77593514935988,62.35542176386914,-0.02966337126600284
571927,Steven Matz,STL,,37.1,9.0,9.0,164.0,44.0,44.0,25.0,25.0,8.0,1.0,8.0,6.026785919556819,4.264216755178511,2.9853069977909668,3.193790723609919,0.26829268,0.04878049,0.11078287,,108.10897156573118,111.04735905957656,114.20748184391928,47.66392665676077,67.3181774294205,-0.7888623031203567
656546,Jeff Hoffman,CIN,,26.2,19.0,0.0,113.0,29.0,22.0,10.0,12.0,13.0,0.0,2.0,3.3750004501082604,3.3749310366716285,4.6204853087229445,3.9439287391792885,0.25663717,0.11504425,0.11336032,,94.70412955465586,91.78125506072878,88.76206477732794,49.84928929149797,39.86190781376518,0.7567012550607287
663372,Ryan Feltner,COL,,20.0,4.0,4.0,88.0,23.0,21.0,13.0,13.0,6.0,2.0,3.0,5.85,3.9624310016632083,3.418781935423613,3.3891973711584704,0.26136364,0.06818182,0.11560694,,97.47300578034682,102.078612716763,97.25300578034683,46.036279537572256,58.39042132947977,-0.027181734104046232
656793,Nick Nelson,PHI,,27.2,14.0,0.0,119.0,26.0,25.0,12.0,13.0,13.0,1.0,1.0,3.9036146820950037,3.220864742832514,4.516727118387057,4.192295624864046,0.21848739,0.1092437,0.09263158,,95.43694235588974,96.45055438596492,94.25740551378445,53.70026368421052,48.42923555789474,0.35760743157894737
664747,Alexis Diaz,CIN,,25.0,23.0,0.0,102.0,32.0,12.0,6.0,6.0,13.0,2.0,2.0,2.160000254917175,3.3924310347080273,4.0696596232242985,3.3801189328254857,0.31372549,0.12745098,0.15470852,,118.1973542600897,94.62986547085201,112.52349775784754,74.45248547085201,47.60332878923768,-0.39632784753363237
661395,Jhoan Duran,MIN,,25.1,19.0,0.0,95.0,36.0,14.0,6.0,6.0,4.0,3.0,4.0,2.1315790593748005,3.1519046879479267,2.092678837577454,1.6106876529183947,0.37894737,0.04210526,0.20505618,,129.65076660401675,96.49321571306274,122.00205512454494,64.63327,52.61069264044944,-0.5458204775280898
594580,Sam Moll,OAK,,18.0,21.0,0.0,75.0,24.0,10.0,3.0,3.0,10.0,1.0,1.0,1.5000006034972713,3.0013198458485957,3.1015251105856043,3.205877686715949,0.32,0.13333333,0.1043771,,106.97307090512973,99.07263715587243,103.91732719350365,56.461390303030306,47.34260902356902,0.06429185185185182
676684,Will Vest,DET,,19.0,16.0,0.0,68.0,25.0,7.0,4.0,4.0,5.0,1.0,2.0,1.89473714524694,2.7966414774553847,2.596933080207693,2.0988570413267675,0.36764706,0.07352941,0.14134276,,92.6320848056537,110.41816254416962,104.42643109540634,51.854798197879845,62.34314575971731,-0.4902750883392226
657024,Erik Swanson,SEA,,14.0,13.0,0.0,53.0,21.0,10.0,2.0,2.0,1.0,0.0,2.0,1.2857144690898261,2.1838594406538894,1.8070859337318805,1.3715769223229006,0.39622642,0.01886792,0.18032787,,108.58872092115534,115.16456752537083,117.78314402810305,56.35741717213116,62.97758327868853,-1.0125412704918033
656222,Jalen Beeks,TBR,,24.1,14.0,1.0,92.0,30.0,15.0,4.0,4.0,7.0,0.0,3.0,1.4794522480706316,3.112431001663208,2.6047589875839163,2.4270620608115765,0.32608696,0.07608696,0.14835165,,106.39148028442148,107.6297026502909,115.87927278603748,63.17953214285713,55.81024019230769,-0.48090780219780216
656529,Sam Hentges,CLE,,16.1,16.0,0.0,61.0,19.0,8.0,2.0,2.0,4.0,1.0,0.0,1.1020409765217944,1.7042675316631375,2.3387116541552766,2.0721393935745325,0.31147541,0.06557377,0.12048193,,107.10928514056226,92.2476546184739,99.24636947791164,56.11371562248996,45.768306345381525,0.1566709638554217
676664,JP Sears,NYY,,7.0,3.0,1.0,30.0,7.0,5.0,0.0,0.0,3.0,0.0,0.0,0.0,2.3981452873774938,4.724440065026283,4.496881039984771,0.23333333,0.1,0.08181818,,100.21606352683462,103.10561883899236,104.88095728368017,48.757526000000006,63.343436363636364,-0.2594254545454545
605164,Dylan Bundy,MIN,,42.0,9.0,9.0,188.0,36.0,52.0,26.0,27.0,9.0,1.0,8.0,5.571428824444218,4.588621544892018,4.051010025660948,4.057243709954328,0.19148936,0.04787234,0.10787172,,97.50323017208248,98.86956938160141,95.17173912336739,37.52807034985423,61.053397915451896,0.011759475218658893
543272,Brad Hand,PHI,,16.0,23.0,0.0,70.0,17.0,12.0,2.0,3.0,9.0,3.0,0.0,1.1250004400500886,3.2374310505576624,4.717801033570816,4.108577070043424,0.24285714,0.12857143,0.08561644,,104.64472602739727,91.46501956947162,91.25007827788649,46.51337931506849,48.64495154109588,0.2919978767123289
493603,Adam Ottavino,NYM,,20.2,24.0,0.0,94.0,29.0,18.0,8.0,8.0,9.0,2.0,2.0,3.4838717782660553,3.1608181096946812,3.263738392116936,2.91205933811067,0.30851064,0.09574468,0.13164557,,111.98035443037972,86.91341772151901,100.5006582278481,67.11800260759493,41.29922212658228,-0.12192934177215188
643511,Tyler Rogers,SFG,,23.1,24.0,0.0,103.0,14.0,28.0,15.0,15.0,6.0,3.0,0.0,5.785714881821616,3.0695738543904554,4.211573226533796,3.846896570924728,0.13592233,0.05825243,0.08379888,,128.68207785186524,98.1928751126329,119.55332528383494,50.73886240223463,53.10232365921789,-0.3414464804469273
641582,Matt Foster,CHW,,23.1,24.0,0.0,92.0,22.0,18.0,7.0,7.0,7.0,0.0,2.0,2.700000629936093,3.2410024602315937,3.7762713495256692,3.488711475438211,0.23913043,0.07608696,0.1012987,,97.19909956709954,103.91712554112556,100.12827705627707,42.4814928051948,50.40490301298702,0.4483541298701298
572125,Sam Selman,OAK,,6.1,5.0,0.0,22.0,9.0,2.0,0.0,0.0,2.0,0.0,0.0,0.0,1.2176934670871098,2.620149204446048,2.005202265482609,0.40909091,0.09090909,0.16842105,,104.77663157894736,93.12926315789473,92.5941052631579,52.13446010526315,44.72300484210527,0.04922094736842106
669060,Bryse Wilson,PIT,,28.2,8.0,5.0,137.0,24.0,37.0,24.0,28.0,14.0,0.0,3.0,7.534884389379137,4.2635938944850205,4.555634185276758,4.672787612719823,0.17518248,0.10218978,0.07939509,,96.39358272808677,104.8954551785892,100.63529250820815,44.36575338374291,56.708415652173905,-0.0751393572778828
656685,Brett Martin,TEX,,18.2,23.0,0.0,81.0,16.0,20.0,9.0,10.0,6.0,0.0,1.0,4.339287074463754,3.058859556299458,3.3140971102785524,3.436857271609579,0.19753086,0.07407407,0.13993174,,101.34273037542664,96.81249146757679,102.12996587030717,47.19428822525597,47.989940887372015,-0.05633252559726962
661527,Seth Martinez,HOU,,12.1,7.0,0.0,47.0,11.0,5.0,0.0,0.0,4.0,0.0,0.0,0.0,2.301620107257854,4.702219388205387,4.1253681844754295,0.23404255,0.08510638,0.12068966,,103.00551724137932,88.74528735632184,92.88758620689656,58.02277827586206,55.145413793103444,-0.301731724137931
668933,Graham Ashcraft,CIN,,17.2,3.0,3.0,71.0,9.0,12.0,3.0,3.0,5.0,1.0,1.0,1.52830194179254,3.848280084748505,4.034170475034965,4.152323033261567,0.12676056,0.07042254,0.07307692,,105.50738461538462,102.73207692307693,105.16115384615384,52.716575692307686,45.95319923076923,-0.06466046153846157
448281,Sean Doolittle,WSN,,5.1,6.0,0.0,17.0,6.0,1.0,0.0,0.0,0.0,0.0,0.0,0.0,0.8624304149298334,3.0829850999220723,2.1456967963871865,0.35294118,0.0,0.2,,110.74800000000002,99.73163636363635,107.9709090909091,55.777421818181814,69.15986945454544,-0.7914747272727274
572955,Pierce Johnson,SDP,,6.0,6.0,0.0,28.0,11.0,6.0,3.0,3.0,4.0,0.0,0.0,4.50000075995935,1.445764053530116,1.9392206048510796,2.6116403278366023,0.39285714,0.14285714,0.12318841,,96.90260869565218,103.25811594202898,94.9968115942029,46.95007275362319,56.86087557971015,-0.21019268115942027
672282,Reid Detmers,LAA,,45.0,9.0,9.0,178.0,31.0,31.0,21.0,21.0,14.0,2.0,7.0,4.200000178019213,4.823542185300665,4.709351634451362,4.723263489488829,0.1741573,0.07865169,0.08948864,,99.2613010966108,100.61347648618872,98.21586595906592,43.35197735795454,46.46101596590909,0.3367301704545454
592767,Drew Smyly,CHC,,42.2,9.0,9.0,180.0,34.0,44.0,18.0,19.0,10.0,1.0,8.0,3.796875226311399,4.729618598055101,4.096318771381693,4.10189608642879,0.18888889,0.05555556,0.12150838,,98.31011173184359,107.6977094972067,103.4545810055866,37.45241451117318,53.69478843575419,0.20579780726256985
666808,Camilo Doval,SFG,,22.2,23.0,0.0,98.0,25.0,20.0,8.0,11.0,9.0,1.0,2.0,3.176470969684442,3.3771369158035784,3.2750447181025666,3.220151059521111,0.25510204,0.09183673,0.13611111,,110.51337134502926,103.76937134502924,117.21471052631578,70.34228991666666,50.114461611111125,-0.5484866944444445
669270,Joel Kuhnel,CIN,,11.2,9.0,0.0,46.0,14.0,9.0,1.0,1.0,2.0,1.0,0.0,0.7714286134680947,1.483859484341675,3.1334140529316796,2.4255243196928014,0.30434783,0.04347826,0.13372093,,96.93697730322003,101.93278734347047,94.65081059928444,50.89876540697674,48.79988691860464,0.15487767441860464
517008,Alex Colome,COL,,18.1,19.0,0.0,82.0,10.0,22.0,6.0,11.0,7.0,0.0,0.0,2.9454547688980903,3.1669764603465063,4.378187882740911,4.193003243713732,0.12195122,0.08536585,0.09893993,,89.61950058892816,91.83305064782095,82.99532626619552,41.86612141342757,24.368583003533566,0.814981448763251
621244,Jose Berrios,TOR,,56.2,11.0,11.0,248.0,49.0,64.0,33.0,33.0,16.0,3.0,10.0,5.241176708562368,4.68301930826944,4.426586593839404,4.305426649980079,0.19758065,0.06451613,0.08958567,,100.33789473684213,104.49209406494961,103.89005599104142,50.26884067189249,63.09763889137738,-0.6612829227323628
671345,Jason Foley,DET,,16.2,14.0,0.0,66.0,8.0,17.0,5.0,5.0,2.0,0.0,0.0,2.7000004312992787,2.512430905818924,4.022407939060819,3.8937594373960076,0.12121212,0.03030303,0.07860262,,105.44531732168848,105.35045042859453,108.00195827268315,50.86342895196506,60.38638978165938,-0.6039640174672489
605507,Zach Thompson,PIT,,45.0,11.0,10.0,200.0,35.0,47.0,23.0,28.0,17.0,1.0,7.0,4.60000009748671,4.779097703651146,4.3359361695926495,4.5671986126958295,0.175,0.085,0.09860936,,95.52275600505689,103.58341340075853,94.99198482932995,40.76980448798989,47.29601147914033,0.22523625790139065
663423,Trent Thornton,TOR,,18.1,13.0,0.0,76.0,14.0,14.0,7.0,7.0,9.0,0.0,0.0,3.4363640646304514,3.0578855403198677,4.99582391065921,4.850985373704707,0.18421053,0.11842105,0.07806691,,98.3692936802974,100.36691449814128,99.65457249070633,51.25067472118959,53.069687955390336,-0.2685905204460967
641835,Tim Mayza,TOR,,13.0,15.0,0.0,51.0,13.0,11.0,3.0,3.0,2.0,0.0,1.0,2.0769237339851383,2.5739692928522464,1.9155927931719727,1.7273796140196032,0.25490196,0.03921569,0.08484848,,106.20618181818182,113.85018181818181,119.25733333333332,56.03037672727274,66.03136696969698,-0.716222484848485
592773,Ryne Stanek,HOU,,19.0,21.0,0.0,73.0,17.0,8.0,2.0,2.0,9.0,0.0,1.0,0.9473685235858404,3.428220509525155,4.458122036100503,4.193509438452736,0.23287671,0.12328767,0.15441176,,107.95470588235293,92.91875,101.35205882352942,65.68114911764705,39.2564319485294,0.1093196691176471
661383,Oliver Ortega,LAA,,23.0,18.0,0.0,93.0,20.0,19.0,9.0,9.0,11.0,0.0,1.0,3.521739586765298,3.37330060068286,3.837905463637796,4.018788601044724,0.21505376,0.11827957,0.11538462,,89.16043717152414,101.05503105590063,88.27626851409458,37.715445384615386,39.725471593406596,0.9247462362637363
665621,Rony Garcia,DET,,28.0,11.0,3.0,110.0,33.0,21.0,14.0,14.0,7.0,0.0,5.0,4.500000311327853,3.826716765366042,3.144268558248283,2.90347294146227,0.3,0.06363636,0.09259259,,105.75703409758965,98.37204879482657,103.34797766019987,45.73842995884774,48.8910650617284,0.17699952674897118
669467,Andre Pallante,STL,,29.1,18.0,1.0,127.0,20.0,29.0,4.0,4.0,14.0,0.0,1.0,1.2272728665093164,3.62379469604209,4.038554284027795,4.076570057313165,0.15748031,0.11023622,0.0738523,,93.34159680638723,100.85465069860281,98.02586826347307,48.111555748503,41.4023697005988,0.5887365668662675
450203,Charlie Morton,ATL,,54.1,11.0,11.0,246.0,54.0,58.0,34.0,35.0,25.0,7.0,7.0,5.6319020711472545,4.5664187912731204,4.553581986602431,4.384473860566375,0.2195122,0.10162602,0.09793814,,100.82857731958762,100.81909278350514,101.99474226804125,52.1971139072165,54.423532484536075,-0.1808899587628866
593974,Wandy Peralta,NYY,,18.1,16.0,0.0,72.0,11.0,13.0,4.0,4.0,6.0,0.0,0.0,1.9636367168900046,2.8942491442309857,4.186208129196821,4.198379852557475,0.15277778,0.08333333,0.14942529,,96.9740856844305,108.14704980842912,110.3276349703936,56.449794980842924,52.762314636015326,-0.3796925287356321
608678,Dominic Leone,SFG,,19.0,20.0,0.0,77.0,22.0,20.0,6.0,7.0,3.0,0.0,3.0,2.84210571787041,3.3229573511350905,2.8286092762102957,2.497419300564602,0.28571429,0.03896104,0.18637993,,100.09987813620072,106.14749820788532,104.83186379928314,48.918763010752684,51.354997526881725,-0.2167993189964158
554340,Yimi Garcia,TOR,,21.0,22.0,0.0,83.0,18.0,15.0,7.0,8.0,5.0,2.0,2.0,3.000000285250827,3.636240575278432,4.019502339865167,3.502543915330754,0.21686747,0.06024096,0.0968661,,105.63816129739207,104.26205566513258,111.25952794214332,48.99697404558405,54.13803746438748,-0.19087048433048434
642152,Lou Trivino,OAK,,13.1,19.0,0.0,63.0,21.0,15.0,10.0,12.0,7.0,1.0,1.0,6.750002801233203,2.737430846039141,2.872707955147522,2.8470327519462577,0.33333333,0.11111111,0.13671875,,103.20721137152776,88.85585520382396,88.35090389103084,52.92837089843749,45.7912405859375,0.3277543749999999
543135,Nathan Eovaldi,BOS,,63.1,11.0,11.0,258.0,67.0,59.0,24.0,28.0,10.0,1.0,16.0,3.4105264356195804,4.801904745234019,3.1538919232844127,3.161109104011346,0.25968992,0.03875969,0.13381001,,106.95006575098341,110.53232409536434,116.19106479907853,51.860590132788545,68.25416093973443,-0.881188958120531
596071,Dillon Peters,PIT,,25.2,16.0,4.0,104.0,21.0,14.0,11.0,11.0,16.0,0.0,1.0,3.8571435617826824,3.852690877156854,4.788115792159609,5.059640794319516,0.20192308,0.15384615,0.08148148,,95.626315177923,92.99432679738564,93.29750907770516,47.43888283950617,48.13750261728396,0.4289735061728395
455119,Chris Martin,CHC,,16.0,18.0,0.0,68.0,21.0,20.0,7.0,7.0,4.0,0.0,2.0,3.937500506057469,2.8624309695325754,2.0701386574317295,1.9651531053971911,0.30882353,0.05882353,0.13483146,,101.50561423220975,96.68662671660424,98.41595880149814,45.26768475655431,51.31559299625468,0.27264805243445694
666120,Ian Anderson,ATL,,53.2,10.0,10.0,231.0,45.0,51.0,28.0,29.0,24.0,0.0,8.0,4.695652396428477,4.714915549650704,4.29417609898695,4.6037912013785975,0.19480519,0.1038961,0.12163617,,86.4663054986213,102.07685695070684,91.670926130488,37.42487569429495,45.047474747039836,0.9469190958019378
680739,Josh Winder,MIN,,29.1,7.0,3.0,122.0,23.0,27.0,12.0,14.0,9.0,1.0,4.0,3.681818341420709,4.339703782136778,4.232392084210779,4.219273027252813,0.18852459,0.07377049,0.1141649,,91.21661733615221,103.47644820295983,95.58393234672303,36.84330830866807,46.1217966807611,0.7674795771670191
579328,Yusei Kikuchi,TOR,,46.0,10.0,10.0,199.0,50.0,39.0,20.0,23.0,24.0,1.0,7.0,3.913043721637128,4.5472136995968215,4.081504148588895,4.224401707697849,0.25125628,0.12060302,0.11642157,,99.68936366368409,99.04058391666385,103.2837146287665,62.13166986519607,52.926039803921576,-0.12229901960784316
605218,Carl Edwards Jr.,WSN,,15.0,13.0,0.0,54.0,14.0,5.0,3.0,3.0,7.0,0.0,0.0,1.8000001144409252,2.645764305326672,3.3366034044295887,3.4914050456504264,0.25925926,0.12962963,0.11162791,,95.9037488372093,104.17055348837211,104.04646046511628,59.26044534883721,53.86035632558139,-0.3883440000000001
642232,Ryan Yarbrough,TBR,,28.2,7.0,6.0,133.0,20.0,34.0,18.0,20.0,10.0,5.0,3.0,5.651163292034353,4.647314858758959,5.55904472246181,5.04929045836731,0.15037594,0.07518797,0.08484848,,94.64439187552952,110.26336987888823,104.31601706496052,43.311853535353535,50.14898313131313,0.17376230303030304
642121,Cole Sulser,MIA,,20.0,23.0,0.0,82.0,23.0,17.0,10.0,13.0,9.0,0.0,2.0,4.5000006973744515,3.4624310559034432,3.346726561139134,3.3937675230671798,0.2804878,0.1097561,0.1440678,,95.37869303201506,97.75768361581923,93.25224858757063,52.425020536723174,54.23072341807908,-0.0213387570621469
573204,Caleb Thielbar,MIN,,19.1,22.0,0.0,83.0,23.0,16.0,12.0,12.0,10.0,0.0,2.0,5.586208452297172,3.6296725250240574,4.275686730950355,3.722210192198931,0.27710843,0.12048193,0.13390313,,122.9622792022792,89.85304843304844,109.11122507122508,57.35431461538461,52.569841737891736,-0.4769565811965812
663558,Jovani Moran,MIN,,6.2,6.0,0.0,26.0,12.0,3.0,0.0,0.0,3.0,0.0,0.0,0.0,0.8624304350464116,1.5285968345880898,1.79920191977545,0.46153846,0.11538462,0.23893805,,99.5387610619469,97.14230088495574,101.67150442477876,57.23689309734514,46.59871946902655,0.07734159292035399
663574,Tony Santillan,CIN,,18.0,18.0,0.0,85.0,21.0,20.0,10.0,10.0,10.0,4.0,1.0,5.000001374218576,3.8346534223836692,4.757286347028261,3.9370837760443744,0.24705882,0.11764706,0.12430939,,99.01053735858984,101.65530255196,101.58437494518986,51.916685718232046,48.79623279005524,0.067377817679558
657612,Tim Hill,SDP,,12.1,16.0,0.0,54.0,5.0,15.0,9.0,9.0,4.0,0.0,0.0,6.567569942763451,3.2745932224721823,4.594923168371644,4.518278518570545,0.09259259,0.07407407,0.04784689,,114.8709090909091,98.80535885167464,114.32995215311006,51.82712751196173,61.429114976076555,-0.5446734928229664
458677,Justin Wilson,CIN,,3.2,5.0,0.0,13.0,7.0,3.0,1.0,1.0,0.0,0.0,0.0,2.4545466183143807,-0.7057526268258281,0.10172197636127667,0.22056878709143185,0.53846154,0.0,0.18518519,,108.08740740740741,113.84481481481482,117.75814814814814,51.675405555555564,71.82271074074075,-0.9380446296296296
607457,Kyle Barraclough,LAA,,9.0,8.0,0.0,37.0,9.0,7.0,3.0,3.0,4.0,0.0,0.0,3.0000003278255822,2.445764262146412,4.255104842478159,3.972146536548758,0.24324324,0.10810811,0.18705036,,106.19913669064748,86.77755395683454,91.75928057553958,59.091085179856115,42.381223021582734,0.2020035971223021
617228,Hirokazu Sawamura,BOS,,18.0,20.0,0.0,72.0,15.0,14.0,6.0,7.0,6.0,0.0,1.0,3.0000006804865156,3.167986569820366,3.8438911602067316,3.824697554998238,0.20833333,0.08333333,0.12811388,,99.25686832740213,90.4579359430605,92.3302491103203,52.79665341637009,42.926529822064055,0.5683713879003558
502179,Paolo Espino,WSN,,25.2,19.0,0.0,102.0,19.0,23.0,6.0,6.0,4.0,0.0,2.0,2.1038962415125715,3.112431001663208,4.1181296053114895,3.794982745042857,0.18627451,0.03921569,0.09234828,,95.70052770448547,107.18343007915567,101.41736147757256,48.43800269129287,56.48181635883904,-0.27372931398416883
656354,Austin Davis,BOS,,21.1,21.0,1.0,90.0,23.0,17.0,4.0,4.0,10.0,1.0,2.0,1.6875003504683992,3.721806128221241,4.3766487911069465,3.8921381450410157,0.25555556,0.11111111,0.1253406,,106.91193460490462,97.47694822888283,102.60310021192855,57.50512449591281,47.948419673024524,-0.13323831062670297
666214,Joey Wentz,DET,,6.2,2.0,2.0,29.0,5.0,8.0,6.0,6.0,2.0,0.0,0.0,8.10000077247627,2.512430944442744,3.8447635350663703,4.304229148786584,0.17241379,0.06896552,0.0859375,,90.56975694444444,99.40069878472224,89.52072482638889,38.317114687499995,50.15859921875,0.827502421875
592662,Robbie Ray,SEA,,70.2,12.0,12.0,298.0,77.0,66.0,39.0,40.0,27.0,2.0,14.0,4.966981243794398,4.739789528832313,3.861156325871097,3.8117332710599277,0.25838926,0.09060403,0.15686275,,102.30502747082288,95.77312862189316,99.36585509366905,54.0006538680927,53.15936756684492,-0.05219877005347595
571948,Hoby Milner,MIL,,21.1,23.0,0.0,87.0,15.0,19.0,7.0,9.0,5.0,1.0,1.0,2.9531254771792055,3.159306009237482,3.868385124214032,3.7096544338603765,0.17241379,0.05747126,0.09329446,,103.49904373177843,98.66492128279883,105.20779008746356,53.430386997084554,48.99661521865888,0.21381533527696794
668873,Caleb Kilian,CHC,,5.0,1.0,1.0,19.0,6.0,3.0,3.0,3.0,2.0,0.0,0.0,5.4,1.9124310016632082,3.0967265248298648,3.2771183385594718,0.31578947,0.10526316,0.10843373,,92.5166265060241,109.41975903614458,99.64289156626506,49.15577,56.35579,-0.19434999999999997
607481,Aaron Bummer,CHW,,17.1,19.0,0.0,78.0,20.0,19.0,6.0,9.0,8.0,2.0,1.0,3.115385599192212,3.285507979396109,3.13334942140605,3.092076342078127,0.25641026,0.1025641,0.1009772,,107.59173941368077,89.91372855591747,96.54638436482085,57.724083257328985,47.56714019543974,0.20594410423452766
543101,Anthony DeSclafani,SFG,,13.1,3.0,3.0,63.0,13.0,22.0,9.0,9.0,2.0,1.0,2.0,6.075000579357202,3.7874310660362314,3.9469574818904625,3.7633973215286183,0.20634921,0.03174603,0.09502262,,87.95900452488686,112.10135746606335,105.46579185520363,41.67296167420814,60.37097719457014,-0.03037990950226245
641627,Trevor Gott,MIL,,21.0,22.0,0.0,87.0,21.0,19.0,9.0,12.0,3.0,2.0,3.0,3.8571432293678174,3.683859628236218,3.7300488663543048,3.0840567334557907,0.24137931,0.03448276,0.14153846,,107.60553846153847,97.55913846153845,106.17273846153846,49.959572769230775,42.55159704615385,-0.016457446153846172
640462,A.J. Puk,OAK,,23.0,19.0,0.0,90.0,21.0,18.0,4.0,4.0,5.0,1.0,2.0,1.565217600202318,3.1993875350077814,3.163138828747825,3.075822869269989,0.23333333,0.05555556,0.10344828,,114.20412075212393,103.29104354072963,116.08681346826585,58.65980163793104,56.75133468390804,-0.6720141666666667
641729,Joe Jimenez,DET,,19.1,21.0,0.0,78.0,22.0,13.0,7.0,7.0,7.0,0.0,2.0,3.2586209190462507,3.2676034263796963,3.6839049879805468,3.1804773886696913,0.28205128,0.08974359,0.13141026,,115.64636324786323,96.19740598290598,108.9036581196581,61.369799455128195,63.8074778525641,-0.8223619230769231
666159,Matt Manning,DET,,8.0,2.0,2.0,29.0,4.0,6.0,2.0,2.0,0.0,0.0,1.0,2.25,3.737431001663208,3.4077542301267387,3.7786215476742107,0.13793103,0.0,0.08490566,,90.42382427485215,115.36276260208392,104.62630808223037,40.7230020754717,62.20118490566038,-0.1761467924528302
476595,Lucas Luetge,NYY,,12.1,17.0,0.0,59.0,14.0,15.0,8.0,9.0,5.0,1.0,1.0,5.837839483605703,3.3556743134801126,4.342129715950546,3.5829316774782543,0.23728814,0.08474576,0.10683761,,101.14709401709399,89.71649572649572,96.49427350427351,58.13934884615385,20.0,0.8531172649572649
607625,Seth Lugo,NYM,,23.1,23.0,0.0,96.0,22.0,22.0,10.0,10.0,5.0,0.0,3.0,3.857143254547744,3.5410024743907353,3.455683969841352,3.2527179582861,0.22916667,0.05208333,0.07567568,,98.4905746799431,104.2421024182077,104.08633854907542,45.26432624324324,53.313041,0.14756164864864868
608566,German Marquez,COL,,55.0,10.0,10.0,251.0,46.0,71.0,41.0,47.0,18.0,1.0,11.0,6.709091025423414,5.07606739934811,3.90260516826975,4.1452512064767415,0.18326693,0.07171315,0.09747706,,87.53906581678098,97.91532670645171,86.59999198992014,43.483216020642196,48.57075769495413,0.5002397362385321
676637,Phoenix Sanders,TBR,,10.0,5.0,0.0,39.0,9.0,8.0,2.0,2.0,2.0,0.0,0.0,1.8,1.9124310016632082,3.5408373460173608,3.285150644385424,0.23076923,0.05128205,0.08333333,,94.91,103.45319444444445,91.9173611111111,31.481875833333334,64.4068579861111,0.19833479166666668
668676,Zach Plesac,CLE,,55.1,10.0,10.0,238.0,41.0,58.0,29.0,33.0,13.0,4.0,9.0,4.716867740864796,4.6666479584232565,4.31793192624333,4.376498446671128,0.17226891,0.05462185,0.0899654,,88.28961249867211,100.23380057311121,90.65250300406785,37.59589952710496,51.086462352941176,0.7221163783160323
571901,Aaron Loup,LAA,,20.1,24.0,0.0,92.0,22.0,18.0,10.0,17.0,7.0,2.0,2.0,4.426230939765876,3.555054095639796,3.65966160530275,3.303671778341135,0.23913043,0.07608696,0.13186813,,107.04341758241758,96.95622802197803,100.78266758241755,57.747893763736265,49.06250854395603,-0.41547568681318686
656686,Corbin Martin,ARI,,14.1,5.0,0.0,63.0,14.0,15.0,7.0,9.0,6.0,0.0,0.0,4.395348934691428,2.414756567585204,4.0672619853980265,3.9002726077724303,0.22222222,0.0952381,0.10780669,,95.88044609665428,105.17338289962825,101.30557620817845,48.4194621189591,48.036880780669144,0.22173011152416353
668820,Max Kranick,PIT,,5.0,2.0,0.0,19.0,4.0,3.0,0.0,0.0,3.0,0.0,0.0,0.0,3.3124310016632084,5.088874286413192,5.117564321990233,0.21052632,0.15789474,0.11842105,,97.10184210526316,85.28236842105264,86.51,44.974878815789474,36.72366144736842,0.9254890789473684
661309,Adrian Martinez,OAK,,5.1,1.0,1.0,21.0,3.0,4.0,0.0,0.0,0.0,1.0,0.0,0.0,2.5499309681355937,4.4929159266418175,4.168255992096503,0.14285714,0.0,0.12658228,,89.09833333333333,103.95599999999999,90.273,41.90039,43.11959,0.2854
656945,Tanner Scott,MIA,,20.1,23.0,0.0,91.0,31.0,16.0,11.0,12.0,12.0,2.0,2.0,4.868852784903729,3.4075129886270705,3.220900241351658,3.090519026359667,0.34065934,0.13186813,0.17336683,,114.42572864321606,89.03944723618092,105.44879396984923,70.14434801507537,42.39251467336684,-0.03614082914572869
607259,Nick Martinez,SDP,,49.2,10.0,8.0,210.0,47.0,47.0,22.0,22.0,22.0,1.0,8.0,3.986577232240219,4.703035048870165,4.129186174447971,4.23842032098459,0.22380952,0.1047619,0.12192263,,105.74742929269625,102.34974456957319,105.58961158438206,50.9507736694021,56.95927998827667,-0.2490050058616647
661563,Luis Gil,NYY,,4.0,1.0,1.0,19.0,5.0,5.0,4.0,4.0,2.0,0.0,0.0,9.0,2.112431001663208,3.2227080546319486,3.8089687553405325,0.26315789,0.10526316,0.19277108,,107.95975903614458,76.14289156626506,83.22530120481927,63.66398,32.13927,0.66047
669276,Dylan Lee,ATL,,8.1,6.0,0.0,32.0,6.0,5.0,0.0,1.0,2.0,0.0,0.0,0.0,2.392430886650067,4.524163168873919,4.0622407402992255,0.1875,0.0625,0.15517241,,104.94293103448275,96.61241379310344,101.66413793103449,47.86657784482759,57.718224827586205,-0.19243456896551722
595345,Steven Okert,MIA,,16.2,22.0,0.0,69.0,24.0,7.0,4.0,4.0,9.0,4.0,1.0,2.160000897360221,3.3524311013698993,3.815941593257715,3.012205802930722,0.34782609,0.13043478,0.14506173,,120.85390211640214,88.42580246913582,102.83718694885361,63.39762709876545,45.05794929012345,-0.10864083333333333
666157,Nick Lodolo,CIN,,14.2,3.0,3.0,69.0,19.0,18.0,9.0,9.0,5.0,2.0,3.0,5.522727512131063,4.61243106668646,3.164551425343012,3.2534313936038344,0.27536232,0.07246377,0.11290323,,102.31257444168736,99.43048697270473,98.43848014888337,58.05574302419355,53.42209403225806,-0.3859921774193548
605130,Scott Barlow,KCR,,23.0,20.0,0.0,90.0,22.0,16.0,4.0,5.0,8.0,0.0,3.0,1.5652175941179103,3.9385180652254386,3.787599162843974,3.5004889148454175,0.24444444,0.08888889,0.12533333,,97.68326499999999,108.35271166666665,110.69536666666666,52.64142213333333,50.18523368,-0.010799733333333322
660593,Denyi Reyes,BAL,,7.2,3.0,1.0,31.0,3.0,8.0,2.0,2.0,1.0,0.0,0.0,2.3478262816575324,2.721126621386953,4.652043395373087,4.841986827221482,0.09677419,0.03225806,0.11111111,,91.6246153846154,112.88136752136751,101.73162393162393,45.15746982905983,68.0269741880342,-0.5864095726495727
622075,Yency Almonte,LAD,,12.0,8.0,0.0,47.0,13.0,8.0,2.0,2.0,5.0,0.0,1.0,1.500000119209299,3.2790976815753528,3.6761337837539343,3.4117330646882755,0.27659574,0.10638298,0.14534884,,114.20576744186044,96.59332093023255,107.86762790697676,66.70207994186046,47.147969476744194,-0.4611112209302325
656730,Trevor Megill,MIN,,8.2,5.0,0.0,33.0,12.0,5.0,1.0,3.0,3.0,0.0,1.0,1.0384617289142846,2.881661728571145,2.577344652879908,2.27155557534844,0.36363636,0.09090909,0.14285714,,99.72185383244205,104.36529157117393,105.13331805449452,54.813190084033614,55.26379462184874,-0.3870698319327731
446321,Ross Detwiler,CIN,,3.2,5.0,0.0,14.0,4.0,2.0,0.0,0.0,1.0,0.0,0.0,0.0,1.748794002572071,2.5562685991960947,2.7222627863372253,0.28571429,0.07142857,0.05454545,,104.5930909090909,106.99709090909091,106.70363636363635,50.835502363636365,58.468653272727266,-0.49596145454545454
663738,Daniel Lynch IV,KCR,,48.2,10.0,10.0,223.0,43.0,53.0,29.0,30.0,22.0,3.0,8.0,5.363013978880476,5.0233900056321135,4.985283610622823,4.720726505036323,0.19282511,0.09865471,0.11960133,,93.9180228855031,105.27375584483711,100.84441820360307,53.13446981173865,53.12724434108527,-0.0178054595791805
570257,Joely Rodriguez,NYM,,18.2,23.0,0.0,79.0,22.0,14.0,11.0,12.0,12.0,0.0,1.0,5.3035730910112555,3.3802882284819584,3.8734423683880137,4.0094795566218995,0.27848101,0.15189873,0.10903427,,109.05188444231432,88.08364043986475,97.54892691109515,58.852852523364476,47.55436352024921,0.07538884735202489
656605,Mitch Keller,PIT,,43.2,10.0,8.0,198.0,37.0,48.0,28.0,28.0,20.0,3.0,6.0,5.770992828550566,4.784186860727459,4.726908373740802,4.621801822171413,0.18686869,0.1010101,0.08235294,,93.84543160878809,100.33369273171118,97.44922686825736,48.08796441830066,50.79371216993464,0.2091932679738562
607237,Amir Garrett,KCR,,13.2,16.0,0.0,55.0,16.0,4.0,7.0,7.0,11.0,1.0,0.0,4.609757689175738,3.4051140295473825,4.704951028160215,4.690908979277523,0.29090909,0.2,0.1314741,,96.11123505976097,88.86820717131475,87.7616733067729,51.326777330677295,43.62259760956176,0.8594353784860558
592804,Tyler Thornburg,ATL,,9.1,9.0,0.0,47.0,10.0,12.0,4.0,6.0,5.0,0.0,0.0,3.8571434072694784,2.5767166395424472,5.431715182943089,4.519367286039673,0.21276596,0.10638298,0.08450704,,93.86206572769954,92.82046948356806,85.10507042253522,44.804652863849775,41.16450183098591,0.7767269953051643
657240,Julian Merryweather,TOR,,16.2,18.0,0.0,74.0,15.0,20.0,11.0,11.0,3.0,1.0,2.0,5.940000598347248,3.592431050014501,3.8088743565672205,3.3034330619406815,0.2027027,0.04054054,0.11627907,,108.8421951401312,103.25528324388789,109.9601095706619,59.27923596899225,54.48519585271318,-0.3925051162790697
642100,Gabe Speier,KCR,,18.0,15.0,1.0,71.0,14.0,15.0,5.0,5.0,4.0,0.0,2.0,2.500000409782,3.6679866482814303,3.9506398881188365,3.7239520413780873,0.1971831,0.05633803,0.07865169,,99.12523595505618,102.83449438202246,104.19187640449438,40.15614265917603,52.06703685393257,0.2597935580524345
642585,Felix Bautista,BAL,,23.0,23.0,0.0,91.0,23.0,17.0,5.0,5.0,9.0,0.0,3.0,1.956522248699577,3.9819964455296866,3.8310775233972993,3.595072705538464,0.25274725,0.0989011,0.13101604,,124.73156138033411,92.4587208341714,119.62425921530904,72.65085334224598,49.25587508021391,-0.5697295989304815
456034,David Price,LAD,,11.2,11.0,0.0,50.0,16.0,14.0,4.0,4.0,2.0,0.0,2.0,3.085714713991964,3.1124310016632077,2.2796363240944206,2.1767562684242248,0.32,0.04,0.08465608,,93.32172679172679,103.60029341029342,98.02891293891297,39.47267142857143,56.29553084656085,0.2657242328042328
663989,Nick Vespi,BAL,,3.1,2.0,0.0,11.0,4.0,1.0,0.0,0.0,1.0,0.0,0.0,0.0,1.6124308586120475,2.5006525856944646,2.3034894604379197,0.36363636,0.09090909,0.275,,105.57849999999999,109.043,106.7515,52.13164400000001,42.414722000000005,0.265188
608349,Corey Knebel,PHI,,23.0,23.0,0.0,97.0,21.0,19.0,9.0,12.0,11.0,1.0,2.0,3.5217395958919093,3.981996333982198,4.267567105946181,4.156846548058735,0.21649485,0.11340206,0.12087912,,93.35123770965875,91.71585309427414,86.5846905725853,53.2679254120879,37.348730934065934,0.6794446428571428
669920,Jason Alexander,MIL,,7.0,1.0,1.0,28.0,3.0,7.0,2.0,3.0,3.0,0.0,0.0,2.5714285714285716,3.5410024302346366,3.963965117079871,4.0373750269663375,0.10714286,0.10714286,0.04123711,,97.74500000000002,93.22637931034483,89.51034482758618,46.430040000000005,54.43999999999999,0.2298
641401,Connor Brogdon,PHI,,10.1,12.0,0.0,46.0,14.0,10.0,3.0,3.0,5.0,0.0,1.0,2.612903841235408,3.1124310016632077,3.286982078864703,3.153778579200934,0.30434783,0.10869565,0.15135135,,103.2638054054054,98.25682162162164,104.61194954954956,62.18599048648648,53.42312637837838,-0.2997563783783784
605151,Archie Bradley,LAA,,12.1,13.0,0.0,50.0,9.0,13.0,9.0,9.0,3.0,0.0,1.0,6.567568847739746,3.436755389205912,3.703030855450409,3.629408668424224,0.18,0.06,0.09340659,,92.41901098901099,103.6542857142857,98.58241758241756,39.85298203296703,48.735816098901104,0.39453203296703293
667376,Miguel Sanchez,MIL,,7.2,6.0,0.0,30.0,5.0,4.0,1.0,2.0,3.0,0.0,0.0,1.173913149955377,2.981996207223722,3.754362922822956,3.6126004121408917,0.16666667,0.1,0.13461538,,91.3125,104.53942307692309,97.42692307692309,48.75840384615385,61.69413259615385,0.13776798076923075
663531,Logan Allen,- - -,,7.2,7.0,0.0,40.0,7.0,12.0,5.0,5.0,5.0,1.0,0.0,5.869566525538904,3.634170248377777,5.565087292579053,4.815329568424225,0.175,0.125,0.09146341,,95.80755514316012,87.83918451749734,82.91252306468718,45.550924207317074,41.48467628048781,0.7689033536585366
665795,Edward Cabrera,MIA,,6.0,1.0,1.0,25.0,9.0,1.0,0.0,0.0,4.0,2.0,0.0,0.0,3.1124310016632086,4.59280040562153,3.7176170684242247,0.36,0.16,0.18085106,,96.77297872340425,78.93574468085106,81.42404255319151,54.39587000000001,41.02327,0.87954
621389,Ty Blach,COL,,28.2,14.0,1.0,123.0,16.0,33.0,19.0,19.0,8.0,0.0,3.0,5.965116820661345,4.193826448683685,4.847352325032404,4.703820303976498,0.1300813,0.06504065,0.08372093,,92.01217151162791,101.30059593023253,87.60292441860464,36.87517990697674,67.43072539534883,-0.20313086046511628
664584,Jhon Romero,MIN,,5.0,4.0,0.0,24.0,6.0,9.0,2.0,2.0,1.0,0.0,0.0,3.6,1.3124310016632081,1.6085048824548722,1.5619701178706693,0.25,0.04166667,0.11111111,,93.8345747126437,101.3360766283525,91.59533333333336,41.199172555555556,54.60891066666667,0.23015822222222218
667463,John King,TEX,,22.0,22.0,0.0,99.0,17.0,23.0,7.0,8.0,9.0,1.0,1.0,2.8636367554384368,3.521521966725842,3.805376653356323,3.6585982253449227,0.17171717,0.09090909,0.07843137,,102.75055615408556,104.75523857406213,108.27969738322679,56.19683943977593,54.77294134453782,-0.29351588235294135
605194,Jharel Cotton,MIN,,9.2,6.0,0.0,41.0,10.0,5.0,1.0,2.0,6.0,1.0,0.0,0.9310345439933608,3.2158792843291373,5.053579354937215,4.457857490218551,0.24390244,0.14634146,0.12820513,,88.53410256410255,94.84628205128206,83.56256410256411,48.11076128205128,36.07574769230769,0.8014872435897435
663546,Sean Hjelle,SFG,,4.0,2.0,0.0,17.0,6.0,2.0,2.0,2.0,2.0,0.0,0.0,4.5,1.6124310016632082,2.3526157036423685,2.5197867506577336,0.35294118,0.11764706,0.07692308,,100.12051282051284,96.8748717948718,96.43717948717949,43.657192179487176,47.894116410256416,0.7673328205128206
672335,Cionel Perez,BAL,,18.0,21.0,0.0,74.0,19.0,15.0,2.0,2.0,10.0,1.0,1.0,1.0000002864335138,3.5568755734114363,4.150537435863438,3.978891428893885,0.25675676,0.13513514,0.13888889,,99.03192465072361,97.73986344417193,96.94691361811383,56.85381159722222,51.53379753472222,-0.02518270833333334
656786,Parker Mushinski,HOU,,6.1,6.0,0.0,27.0,8.0,5.0,3.0,3.0,3.0,0.0,0.0,4.263158810848871,2.0071676062579455,2.942137957042539,3.1146944911761367,0.2962963,0.11111111,0.18691589,,103.92822429906542,87.84897196261683,96.8641121495327,58.927606261682236,46.02096401869159,0.15851336448598133
528748,Humberto Castellanos,ARI,,44.1,11.0,9.0,194.0,32.0,50.0,28.0,29.0,12.0,4.0,7.0,5.684210811625571,4.804160409885105,4.6882527069902205,4.611960213955405,0.16494845,0.06185567,0.07887701,,90.31520418084588,105.74526599069378,95.27290124314189,34.536754505347595,53.948092740641705,0.37914872994652415
547001,Cody Poteet,MIA,,26.0,11.0,2.0,101.0,20.0,16.0,7.0,7.0,11.0,0.0,2.0,2.4230771008328,3.8432002860413546,3.9819459915722333,4.144300214067554,0.1980198,0.10891089,0.1475,,90.85165828301886,102.29206205660377,97.14144752830191,51.261416974999996,51.4385106,0.11134162499999999
676760,Ron Marinaccio,NYY,,7.1,7.0,0.0,34.0,11.0,6.0,5.0,5.0,4.0,2.0,0.0,6.136365648021057,2.56697627739467,3.980056626235086,3.0673490375032975,0.32352941,0.11764706,0.14569536,,107.35006622516555,82.76953642384106,89.01761589403975,67.95883615894039,34.1171036423841,0.3532171523178808
646242,Jhonathan Diaz,LAA,,13.2,3.0,2.0,55.0,10.0,8.0,2.0,2.0,8.0,0.0,1.0,1.317073232002874,4.356333498554811,4.921589987442388,5.266393838328346,0.18181818,0.14545455,0.0974359,,94.10041025641027,81.3217435897436,79.73282051282051,48.91254712820512,33.591465487179484,0.8387170256410257
676660,Jared Solomon,CIN,,5.2,6.0,0.0,23.0,6.0,4.0,2.0,2.0,2.0,0.0,0.0,3.176470978037344,2.053607342317427,4.143540874961003,3.49923036956642,0.26086957,0.08695652,0.12087912,,84.12628913308916,99.08817826617826,86.31813137973138,44.789855714285714,47.51155208791207,0.36231318681318675
503449,Wily Peralta,DET,,22.1,14.0,1.0,91.0,20.0,15.0,2.0,3.0,13.0,0.0,1.0,0.8059702295586829,3.6497444880356635,4.128218138545448,4.337514760642225,0.21978022,0.14285714,0.0987013,,100.59537044350998,98.12338284970843,97.69804934600283,45.08974088311688,49.38412090909092,0.4447432467532468
623451,Jackson Stephens,ATL,,19.0,13.0,0.0,80.0,19.0,15.0,4.0,10.0,5.0,1.0,2.0,1.894736940180501,3.428220491693292,2.99476956649387,2.9367022246742245,0.2375,0.0625,0.10610932,,96.1689389067524,105.6303536977492,95.26649517684886,37.16005855305466,54.401132347266895,0.24121787781350487
667498,Robert Dugger,- - -,,8.1,2.0,0.0,38.0,12.0,13.0,6.0,6.0,1.0,0.0,1.0,6.480000247192392,2.152430965042113,1.6582969170423858,2.0660393980196554,0.31578947,0.02631579,0.14383562,,90.28794520547946,105.86369863013698,96.95520547945205,39.40159773972603,57.076035,-0.08574321917808214
667297,Tommy Nance,MIA,,11.2,9.0,0.0,51.0,16.0,12.0,4.0,4.0,6.0,0.0,1.0,3.085714706109552,3.0267167042712764,2.673763778220964,2.9492308078578606,0.31372549,0.11764706,0.16410256,,105.80523076923075,101.34779487179487,111.51876923076922,60.73921051282051,52.15338174358974,-0.35645179487179485
541640,Erasmo Ramirez,WSN,,22.2,18.0,0.0,101.0,17.0,29.0,9.0,11.0,3.0,3.0,3.0,3.5735296764472455,4.127136959172919,4.039309089386461,3.709731609093244,0.16831683,0.02970297,0.11666667,,106.65394444444443,96.26627777777776,100.23477777777775,46.06017013888889,52.46942502777778,-0.15628402777777778
628452,Raisel Iglesias,LAA,,18.1,21.0,0.0,74.0,25.0,15.0,10.0,12.0,4.0,1.0,4.0,4.9090918321256565,4.039703903286943,2.9797833523811352,2.3177148410765276,0.33783784,0.05405405,0.15467626,,106.096720921905,100.69525463533503,106.10988183209089,57.98171564748203,55.662141115107914,-0.3317219064748201
459429,Jake McGee,SFG,,13.1,14.0,0.0,59.0,9.0,16.0,11.0,12.0,4.0,0.0,1.0,7.425000774487934,3.6374310564249814,5.327096159795763,4.9273967859209815,0.15254237,0.06779661,0.09649123,,102.11383040935674,109.12994152046785,109.08093567251463,49.50806359649123,66.99603175438595,-0.5214241228070176
663436,Davis Martin,CHW,,10.1,2.0,2.0,46.0,8.0,10.0,5.0,5.0,4.0,1.0,1.0,4.354838843648321,4.273721359969427,4.161749282169905,4.476833397296076,0.17391304,0.08695652,0.13297872,,94.07085106382979,98.79031914893618,90.51744680851063,46.93093585106383,54.6962754787234,0.09365787234042552
643377,Griffin Jax,MIN,,26.1,17.0,0.0,109.0,28.0,23.0,9.0,9.0,10.0,1.0,3.0,3.0759497523365584,3.7200260144704296,3.813077037928408,3.433341355357544,0.25688073,0.09174312,0.14583333,,100.2873544973545,101.80203373015873,100.66779100529101,55.21141085648147,51.10494428240741,-0.18516039351851854
668881,Hunter Greene,CIN,,55.0,11.0,11.0,241.0,72.0,50.0,33.0,34.0,24.0,1.0,15.0,5.40000028090045,5.4033402117421865,3.9573185639539665,3.6342112292299182,0.29875519,0.09958506,0.13479624,,116.37180773249737,94.39329153605014,110.6667920585162,64.50299316614421,50.89921254963428,-0.2903180773249739
643256,Adam Cimber,TOR,,23.2,26.0,0.0,88.0,17.0,17.0,6.0,8.0,4.0,1.0,3.0,2.2816906992086547,3.9575016309997473,3.873384783610515,3.6572845302636128,0.19318182,0.04545455,0.08049536,,115.37681556833262,104.54611233967273,115.39578062804071,50.82195120743035,54.71855665634674,-0.5305606501547986
669952,Mitch White,LAD,,20.2,8.0,3.0,87.0,22.0,17.0,11.0,12.0,8.0,1.0,3.0,4.790322949065159,4.176947212566576,3.865727521876867,3.7197698136604362,0.25287356,0.09195402,0.0872093,,87.95656976744186,93.14081395348836,86.29418604651163,40.557270639534885,39.6984722383721,0.9625511918604651
606625,Reyes Moronta,LAD,,8.0,7.0,0.0,34.0,7.0,8.0,2.0,2.0,3.0,1.0,0.0,2.25,2.862431001663208,4.897938932105899,4.162663928579093,0.20588235,0.08823529,0.1292517,,100.02792380952381,89.30129523809522,90.69109659863946,54.552572857142856,44.942619319727896,0.432025850340136
623167,Chris Flexen,SEA,,55.1,10.0,10.0,239.0,40.0,60.0,28.0,28.0,18.0,1.0,9.0,4.554216972126259,4.81122622142459,4.783554175766076,4.774765643108054,0.16736402,0.07531381,0.09164733,,89.18053721209343,98.64212445176257,91.75481260278538,40.63550766821345,45.03572089327146,0.7637533062645012
643400,Dusten Knight,TBR,,5.2,3.0,0.0,25.0,4.0,4.0,1.0,2.0,3.0,0.0,0.0,1.588235472312868,3.2889016096979713,4.595110053860894,4.610084268424226,0.16,0.12,0.08823529,,96.52675579322639,117.01042780748664,111.18751336898396,55.625319999999995,55.52583245098039,-0.16456980392156859
600921,Andres Machado,WSN,,13.1,12.0,0.0,61.0,10.0,14.0,8.0,10.0,7.0,1.0,0.0,5.4000005270541225,3.412431030943993,4.855791340679083,4.728900743986044,0.16393443,0.1147541,0.09090909,,102.2232393939394,85.75017272727273,90.12576060606061,54.24129704545456,46.64186984848485,0.3613009469696969
663554,Casey Mize,DET,,10.0,2.0,2.0,45.0,4.0,13.0,6.0,6.0,2.0,0.0,1.0,5.4,4.212431001663209,5.577095928788186,5.579645222751455,0.08888889,0.04444444,0.05325444,,88.54784329728626,105.30980752227437,98.80435965449226,41.13723911242604,46.23540556213018,0.6099615976331361
676050,Packy Naughton,STL,,11.2,7.0,2.0,47.0,12.0,12.0,4.0,4.0,1.0,0.0,2.0,3.085714974111594,3.541002525845374,2.454430109350823,2.6619558275697592,0.25531915,0.0212766,0.11891892,,89.49167567567567,115.39578378378378,106.05827027027027,43.229488162162156,62.11393259459459,-0.22025821621621622
660813,Brusdar Graterol,LAD,,24.1,22.0,0.0,103.0,21.0,20.0,13.0,14.0,10.0,1.0,2.0,4.808219835673965,3.8110612341970325,4.0809842938696494,3.8401866018673037,0.2038835,0.09708738,0.11081081,,128.4481081081081,98.12891891891893,123.93172972972972,60.37698075675676,60.521157756756764,-1.0935259459459459
657248,Glenn Otto,TEX,,40.1,8.0,8.0,174.0,33.0,32.0,19.0,20.0,23.0,4.0,5.0,4.239669454903007,5.095902091676311,4.879060040804013,5.109917950695126,0.18965517,0.13218391,0.10548523,,88.95949304762713,93.41219807154025,84.82325708727501,47.1518270604782,39.945705654008435,0.7220270464135021
641447,Daniel Castano,MIA,,4.0,3.0,0.0,17.0,2.0,5.0,0.0,1.0,0.0,0.0,0.0,0.0,2.112431001663208,3.2227080546319486,3.5475237938280446,0.11764706,0.0,0.07936508,,96.59096296296298,103.86503703703703,106.16950264550263,46.38231,49.46338333333333,0.48148619047619046
621016,Jose Cuas,KCR,,3.1,4.0,0.0,12.0,3.0,2.0,0.0,0.0,1.0,0.0,0.0,0.0,2.212430907785883,3.100652642809622,2.664379843050031,0.25,0.08333333,0.07272727,,111.61066666666666,101.7452727272727,105.03866666666667,59.904078363636366,65.27665818181818,-1.2552772727272727
663765,Jake Woodford,STL,,19.0,9.0,0.0,78.0,11.0,18.0,7.0,8.0,7.0,0.0,1.0,3.3157896401149167,3.744009980732716,4.851825630603069,4.786989387377551,0.14102564,0.08974359,0.09215017,,86.98962457337885,104.49023890784981,88.97071672354949,40.276166450511944,59.16057020477816,0.05216907849829347
664875,Justin Lawrence,COL,,14.2,14.0,0.0,69.0,20.0,15.0,9.0,9.0,12.0,1.0,1.0,5.522728275230783,3.930612968364065,3.8517235380210657,4.125190046798226,0.28985507,0.17391304,0.11320755,,102.09305660377359,96.86483018867922,94.68226415094341,57.61875905660377,46.93868781132076,-0.33285339622641513
641501,Tyler Danish,BOS,,20.2,15.0,0.0,82.0,21.0,17.0,8.0,9.0,3.0,2.0,3.0,3.4838712457315704,3.6930762092851372,2.8804410344120317,2.6309839118544844,0.25609756,0.03658537,0.09404389,,97.92576802507838,112.23492163009408,109.38890282131663,45.45623134796238,61.93045025078369,-0.5332605956112855
570666,Luis Cessa,CIN,,21.0,19.0,1.0,86.0,17.0,22.0,12.0,12.0,4.0,1.0,3.0,5.14285809896448,4.064812131101075,3.4060634308852586,3.168120512986035,0.19767442,0.04651163,0.125,,92.05365205170231,115.8551739705544,109.30590777403955,42.30308576388888,66.58852618055556,-0.5005127083333333
605538,Matt Wisler,TBR,,26.2,23.0,3.0,110.0,22.0,21.0,7.0,13.0,9.0,0.0,4.0,2.362500322996683,4.42493118110581,4.973054625223901,4.61451629516738,0.2,0.08181818,0.1123348,,94.6281198867212,102.9048646947766,96.59235210824417,43.13668348017621,47.46744751101321,0.06811105726872246
518516,Madison Bumgarner,ARI,,59.1,12.0,12.0,251.0,41.0,55.0,24.0,27.0,20.0,1.0,10.0,3.6404494577067594,4.983217528540293,4.863060121074174,4.835748543664922,0.16334661,0.07968127,0.07092907,,94.3351388974488,98.85151704345392,91.27033335865474,37.89059435564435,44.425034205794205,0.568147052947053
656803,James Norwood,PHI,,15.1,18.0,0.0,72.0,19.0,18.0,13.0,14.0,8.0,0.0,2.0,7.6304364980313215,3.895039873256164,3.840666808899217,3.6526171228942754,0.26388889,0.11111111,0.14006515,,97.6985343021799,97.50957454272113,96.79882495615135,51.08059087947882,47.04069283387623,0.3756418892508144
667373,Angel Rondon,STL,,5.0,1.0,0.0,20.0,4.0,1.0,0.0,0.0,3.0,0.0,0.0,0.0,3.3124310016632084,5.681022047996521,5.377732068424226,0.2,0.15,0.05813953,,82.28813953488371,99.84511627906977,88.25395348837209,35.50494,49.09527,0.91575
647315,Zach Pop,MIA,,3.0,2.0,0.0,13.0,4.0,5.0,3.0,3.0,0.0,0.0,0.0,9.0,0.4457643349965421,1.4326772709687556,1.5818173134280653,0.30769231,0.0,0.07843137,,104.29686274509803,102.14862745098038,103.02509803921568,43.19378372549019,35.96480588235294,-0.3002449019607843
542947,Richard Bleier,MIA,,12.0,15.0,1.0,55.0,8.0,17.0,8.0,8.0,3.0,0.0,1.0,6.000002071262121,3.612431174268385,4.009467381954335,4.1055610740559985,0.14545455,0.05454545,0.09952607,,107.80011374407583,99.08334913112164,97.15948183254343,45.91335341232227,69.75612701421801,-0.7447198104265403
650959,Marcos Diplan,BAL,,5.2,5.0,0.0,27.0,8.0,4.0,1.0,2.0,5.0,0.0,0.0,1.58823548066577,2.935960392700345,3.7196854633198924,4.3158632137793385,0.2962963,0.18518519,0.07377049,,87.80147540983607,95.70131147540984,84.5255737704918,44.262421557377046,39.704939508196716,0.838944262295082
503285,Darren O'Day,ATL,,13.2,16.0,0.0,57.0,16.0,11.0,6.0,7.0,5.0,0.0,2.0,3.951220316379309,3.77096772105976,4.034923000086924,3.2957545397066514,0.28070175,0.0877193,0.13100437,,93.15868995633188,108.37624454148471,103.16602620087336,56.1870648908297,59.57174288209607,-0.6393420524017468
519151,Ryan Pressly,HOU,,13.2,15.0,0.0,56.0,10.0,13.0,5.0,6.0,5.0,0.0,1.0,3.292683345675167,3.6977969297832383,4.2630534642781654,4.280642889032266,0.17857143,0.08928571,0.14285714,,97.74768759811619,95.39030769230769,95.8388775510204,55.93993895604396,52.92706670329671,-0.11220862637362636
621074,Michael Rucker,CHC,,16.2,11.0,0.0,72.0,18.0,17.0,10.0,11.0,7.0,0.0,2.0,5.400000553607997,3.772431069326408,3.633585682891968,3.4428728988417254,0.25,0.09722222,0.09863946,,95.6452577996716,102.75026038001407,99.71229791226835,46.44711506802721,51.14042482993196,0.2335208163265306
663804,Jackson Kowar,KCR,,3.1,1.0,0.0,21.0,4.0,11.0,7.0,7.0,1.0,0.0,0.0,18.90000180244463,1.6124308586120475,2.9447634492356736,2.812296795473258,0.19047619,0.04761905,0.07042254,,95.86,97.43521126760564,100.00140845070423,48.02952,48.43687,0.13809
605195,Kyle Crick,CHW,,11.1,11.0,0.0,48.0,13.0,7.0,4.0,4.0,8.0,2.0,0.0,3.1764712536831374,3.4653722520724455,4.379718251948543,4.3410643011179335,0.27083333,0.16666667,0.1039604,,108.50524752475248,79.41574257425744,88.07663366336635,63.28319207920792,37.36619539603961,0.3372355445544555
453343,Mark Melancon,ARI,,18.1,22.0,0.0,86.0,11.0,28.0,14.0,19.0,5.0,1.0,2.0,6.872728185121799,4.312431160970189,4.509197809592089,4.285835371136302,0.12790698,0.05813953,0.10580205,,87.45488717997958,107.593645517563,97.94254554886206,36.71425866894197,45.91935918088737,0.17928389078498283
664776,Jake Cousins,MIL,,8.0,8.0,0.0,38.0,13.0,8.0,4.0,4.0,5.0,1.0,1.0,4.500000553205678,3.73743107849733,3.40775426643218,3.046717369655531,0.34210526,0.13157895,0.16071429,,99.76083333333334,108.36583333333333,106.24190476190476,71.72042160714287,46.03188988095238,-0.45376744047619055
668868,Zack Thompson,STL,,4.0,1.0,0.0,16.0,3.0,3.0,1.0,1.0,1.0,0.0,0.0,2.25,2.362431001663208,3.1026157036423685,3.351484880924225,0.1875,0.0625,0.05405405,,98.40594594594594,108.2264864864865,105.73945945945947,48.13344,56.04974,-0.22286
641360,Phil Bickford,LAD,,15.2,17.0,0.0,62.0,13.0,15.0,6.0,6.0,3.0,1.0,2.0,3.446809116047827,3.87838858300717,4.014155756335155,3.464690904961674,0.20967742,0.0483871,0.10344828,,105.75167025862068,105.68462284482759,112.19767241379313,53.679916077586206,62.19890331896552,-0.6614746982758622
621368,Taylor Hearn,TEX,,44.1,10.0,10.0,209.0,41.0,54.0,27.0,28.0,23.0,2.0,7.0,5.4812031647303066,5.00716789811319,4.657517653540357,4.740736642331573,0.19617225,0.11004785,0.0864799,,101.62143727161995,92.92031668696711,96.00258221680876,48.971463447015836,49.78776771010963,0.18542155907429964
570488,Phillips Valdez,BOS,,12.1,10.0,0.0,53.0,13.0,7.0,8.0,8.0,5.0,6.0,0.0,5.837838482038292,3.679998631861376,4.640238351201373,3.363752079719845,0.24528302,0.09433962,0.06103286,,90.19474178403756,94.84103286384976,85.39577464788731,58.46646253521127,46.72816586854461,0.3912023943661972
624418,Ryan Castellani,OAK,,2.2,3.0,0.0,11.0,1.0,2.0,0.0,1.0,0.0,0.0,0.0,0.0,2.3624305294823653,3.4727082814531784,3.2660349339964645,0.09090909,0.0,0.04444444,,111.27822222222221,111.08355555555556,116.31866666666667,45.555205111111114,61.19352133333333,-0.525702
670810,Logan Gillaspie,BAL,,8.0,8.0,0.0,33.0,2.0,8.0,1.0,1.0,1.0,1.0,0.0,1.1250002807938264,3.3624310640618362,5.212893280874836,5.227428865368192,0.06060606,0.03030303,0.08547009,,92.58328808446456,108.89899446958269,102.86672699849173,47.56927452991453,65.97782641025641,-0.45997803418803435
656353,Tucker Davidson,ATL,,15.1,4.0,3.0,74.0,10.0,15.0,11.0,11.0,13.0,1.0,0.0,6.456522274558215,4.547213729342811,6.091947148531719,6.3492291408112935,0.13513514,0.17567568,0.09642857,,103.38457142857142,97.17285714285715,101.11514285714286,42.53242778571428,55.91830385714286,0.049894857142857144
547943,Hyun-Jin Ryu,TOR,,27.0,6.0,6.0,113.0,16.0,32.0,17.0,17.0,4.0,0.0,5.0,5.666666866820543,4.779097727198662,4.235859179662004,4.463381567654652,0.14159292,0.03539823,0.07594937,,87.18292989289192,113.01656767283349,101.10891431353456,35.89135848101266,66.20439098734178,-0.15742939240506326
501381,Michael Pineda,DET,,22.1,5.0,5.0,88.0,12.0,20.0,8.0,8.0,4.0,0.0,4.0,3.2238807805690923,4.903475879757148,4.7625291701184125,4.85301580680169,0.13636364,0.04545455,0.08950617,,81.8227160493827,106.7354938271605,89.90055555555556,30.70417830246914,68.80088771604939,0.3640717901234568
523260,Joe Kelly,CHW,,5.2,7.0,0.0,30.0,8.0,8.0,6.0,6.0,6.0,0.0,0.0,9.529414688221795,3.4653722864121637,4.510339245084354,4.754825964257337,0.26666667,0.2,0.075,,99.55833333333332,92.69933333333333,91.72150000000002,53.788561083333335,44.60382683333333,0.002015749999999983
502042,Chris Archer,MIN,,39.1,10.0,10.0,172.0,32.0,36.0,17.0,20.0,17.0,2.0,6.0,3.8898305399121313,4.917515762014589,4.929199958968114,4.80090696660749,0.18604651,0.09883721,0.09585122,,93.46050181578079,94.34120685227981,93.12923443747478,39.620380729613736,48.264822732474975,0.7497738769670959
643493,Austin Pruitt,OAK,,4.2,2.0,0.0,18.0,2.0,4.0,0.0,0.0,0.0,0.0,0.0,0.0,2.2552880277438883,4.475842436207898,4.416699290914502,0.11111111,0.0,0.12698413,,86.9279365079365,105.36507936507937,96.54,38.10861031746032,58.857797460317464,-0.12991555555555556
640451,Hunter Harvey,WSN,,2.2,4.0,0.0,9.0,3.0,1.0,0.0,0.0,1.0,0.0,0.0,0.0,1.987430708296521,3.0977080507926407,2.8149153417661754,0.33333333,0.11111111,0.11363636,,101.785,109.00409090909092,109.72863636363635,52.98510613636363,61.29503750000001,-0.5975070454545454
644429,Anderson Severino,CHW,,7.1,6.0,0.0,34.0,9.0,7.0,5.0,5.0,4.0,2.0,0.0,6.136364775194328,3.112431001663208,4.121773964410459,3.40101771979672,0.26470588,0.11764706,0.12781955,,98.9191917293233,75.0411137218045,77.03197368421051,50.17033954887218,24.092425037593987,1.4889655639097745
518553,Steve Cishek,WSN,,21.1,24.0,0.0,101.0,23.0,22.0,10.0,10.0,10.0,4.0,2.0,4.21875087027747,4.1436812143977,4.3127775654911655,3.825020878589688,0.22772277,0.0990099,0.08268734,,101.38771166817679,93.74879693949461,95.04459612738684,50.46124103359171,49.5912672609819,-0.05024715762273902
642060,Cody Sedlock,BAL,,3.0,1.0,0.0,16.0,3.0,6.0,5.0,5.0,1.0,0.0,0.0,15.0,2.1124310016632086,3.5928004056215292,3.713023943424225,0.1875,0.0625,0.16901408,,80.59859154929578,107.23971830985914,87.13014084507041,35.30597,57.0367,1.05341
669424,Jimmy Lambert,CHW,,7.0,3.0,2.0,34.0,7.0,8.0,4.0,4.0,4.0,0.0,1.0,5.14285786541151,4.683859793872281,4.730049034022413,4.703835669428213,0.20588235,0.11764706,0.10948905,,91.71240875912409,97.43065693430657,91.67970802919707,48.57453072992701,43.25167335766424,0.5757720437956204
592741,Chasen Shreve,NYM,,19.1,19.0,0.0,77.0,21.0,16.0,9.0,9.0,5.0,0.0,3.0,4.189656126097185,3.7331207981220507,3.094154235670995,2.930995788314932,0.27272727,0.06493506,0.11746032,,95.22673015873018,105.40209523809524,103.82876190476192,54.72440050793651,54.62213892063491,-0.11452485714285708
608638,JT Chargois,TBR,,0.2,1.0,0.0,2.0,1.0,0.0,0.0,0.0,0.0,0.0,0.0,0.0,0.11242787241609387,0.11242787241609387,-0.645772931575775,0.5,0.0,0.14285714,,96.92571428571429,161.78571428571428,158.1257142857143,51.99092,80.0,-2.7818
663947,Tyler Holton,ARI,,3.0,2.0,0.0,11.0,2.0,2.0,0.0,0.0,0.0,0.0,0.0,0.0,1.7790976683298754,4.739836476246516,4.134927489831721,0.18181818,0.0,0.17307692,,98.75538461538461,102.58,94.26692307692306,55.79590230769231,48.228475384615386,-0.03401000000000001
612434,Miguel Castro,NYY,,15.1,20.0,0.0,70.0,16.0,14.0,6.0,7.0,9.0,2.0,1.0,3.5217401617419157,4.025474747300001,4.529290437582048,4.212226046502874,0.22857143,0.12857143,0.1349481,,105.51020761245674,94.34838853188334,98.71440929312902,69.08204553633217,39.39490152249135,0.1222583737024222
642397,Gregory Soto,DET,,19.0,20.0,0.0,79.0,16.0,14.0,4.0,7.0,8.0,4.0,1.0,1.894737038255749,4.007167936395089,5.426640394232493,4.332197702195759,0.20253165,0.10126582,0.12394366,,104.99301408450705,91.844338028169,94.37301408450703,62.431586619718324,41.17988546478873,0.13136501408450704
681806,Andrew Wantz,LAA,,6.1,5.0,0.0,22.0,5.0,4.0,2.0,2.0,0.0,0.0,1.0,2.8421054058127857,3.5861152359653397,4.104651595183202,3.535729135250796,0.22727273,0.0,0.09876543,,100.55407407407407,99.10098765432099,99.63358024691358,50.656749753086416,50.698813580246906,0.19807901234567904
673904,Jake Walsh,STL,,2.2,3.0,0.0,15.0,5.0,3.0,4.0,4.0,2.0,1.0,0.0,13.50000352040025,2.737430903874313,4.402846917618492,3.183501511507647,0.33333333,0.13333333,0.07692308,,92.87813268213267,91.9393282865283,89.93813626373625,41.62445707692308,38.669312000000005,1.1232463076923076
571656,Buck Farmer,CIN,,12.0,10.0,0.0,59.0,17.0,15.0,9.0,10.0,7.0,1.0,2.0,6.750000569969464,4.445764447583102,3.636102999510487,3.442763615793411,0.28813559,0.11864407,0.13207547,,95.17969811320755,91.95977358490566,90.00845283018869,50.61654913207547,39.57238366037736,0.7657073584905661
658551,Junior Fernandez,STL,,2.0,1.0,0.0,8.0,1.0,2.0,0.0,0.0,0.0,0.0,0.0,0.0,2.112431001663208,3.592800405621529,2.808148943424225,0.125,0.0,0.03333333,,112.10666666666667,89.80333333333333,101.50466666666667,57.69208,39.76493,0.28039
572888,Shane Greene,LAD,,2.0,1.0,0.0,8.0,1.0,2.0,0.0,0.0,0.0,0.0,0.0,0.0,2.112431001663208,4.332985107600689,4.841039568424225,0.125,0.0,0.03846154,,101.44461538461539,134.68153846153845,128.45615384615382,43.10848,78.07734,-1.6202299999999998
668665,Stephen Nogosek,NYM,,11.0,6.0,0.0,42.0,8.0,6.0,1.0,1.0,4.0,0.0,1.0,0.8181818891162776,3.9306128907794857,4.767480332368013,4.401358023599939,0.19047619,0.0952381,0.08588957,,101.41682809032763,93.58899099334292,95.80873515206893,48.585532085889575,55.60772263803682,0.26259000000000005
622098,Drew Smith,NYM,,25.2,23.0,0.0,102.0,29.0,16.0,7.0,7.0,11.0,0.0,4.0,2.4545459913040464,4.164379283650657,4.041737321660918,3.4412168820444826,0.28431373,0.10784314,0.13580247,,103.93254732510289,106.84739094650205,110.78513580246913,56.77039977777777,55.3528198271605,-0.36422046913580236
670090,Wyatt Mills,SEA,,8.2,8.0,0.0,34.0,6.0,5.0,4.0,4.0,3.0,2.0,0.0,4.153846487138425,3.45858487559141,4.995891687666279,4.360298869249443,0.17647059,0.08823529,0.12403101,,103.69162790697673,87.1260465116279,88.9584496124031,53.47259302325582,39.40690054263566,0.32958232558139533
666619,Gregory Santos,SFG,,1.2,1.0,0.0,5.0,1.0,0.0,0.0,0.0,0.0,0.0,0.0,0.0,1.9124305438993616,2.8006525251041503,1.8852170684242249,0.2,0.0,0.0952381,,117.29714285714284,107.87904761904763,110.69904761904763,58.71092,61.06527,-0.55614
656290,Drew Carlton,DET,,6.2,4.0,0.0,26.0,6.0,4.0,2.0,4.0,0.0,0.0,1.0,2.700000281631976,3.262431017309429,2.6447634164441665,2.427861692659379,0.23076923,0.0,0.09090909,,84.39979797979798,107.949898989899,87.70202020202021,28.036662424242422,64.1281093939394,0.14925878787878788
607455,Anthony Banda,PIT,,13.0,16.0,0.0,64.0,15.0,21.0,7.0,7.0,4.0,1.0,2.0,4.846155757030134,3.958585181462121,4.008327452710477,3.4110246758461007,0.234375,0.0625,0.10196078,,96.76235294117647,111.86266666666668,109.04392156862745,46.944494588235294,55.944277960784326,-0.012019411764705895
682027,Cam Alldred,PIT,,1.0,1.0,0.0,4.0,1.0,1.0,0.0,0.0,0.0,0.0,0.0,0.0,1.1124310016632082,2.592800405621529,2.049289568424225,0.25,0.0,0.0625,,101.2,102.43875,98.975,46.91137,71.42706,-0.85952
675627,Michael Grove,LAD,,4.2,2.0,1.0,26.0,3.0,7.0,3.0,7.0,4.0,0.0,0.0,5.7857150739554095,4.398145462542188,6.301477812654197,6.347646323050728,0.11538462,0.15384615,0.08695652,,90.81695652173913,95.10739130434781,88.78,39.80300260869565,55.93909239130435,0.44314978260869564
606993,Jake Hager,ARI,,1.0,1.0,0.0,6.0,1.0,3.0,2.0,2.0,0.0,0.0,0.0,18.0,1.1124310016632082,4.073169809579849,3.9611715197017805,0.16666667,0.0,0.08333333,,34.64,130.84,77.64,20.0,51.15265,1.08796
657424,Matt Gage,TOR,,1.0,1.0,0.0,3.0,2.0,0.0,0.0,0.0,0.0,0.0,0.0,0.0,-0.8875689983367918,-0.8875689983367918,-0.5305784853475526,0.66666667,0.0,0.23076923,,112.191,135.473,146.311,47.839839999999995,39.76878,-0.6722599999999999
543056,Danny Coulombe,MIN,,12.1,10.0,0.0,53.0,9.0,7.0,2.0,3.0,9.0,0.0,0.0,1.4594597404155198,3.842160871870968,5.522580518775481,5.640493263453169,0.16981132,0.16981132,0.12608696,,99.80075992438562,83.1637504725898,84.2499697542533,56.814934130434786,32.08001934782609,1.1322801739130435
657376,Clarke Schmidt,NYY,,15.2,9.0,0.0,63.0,13.0,9.0,3.0,5.0,7.0,1.0,1.0,1.7234045416319559,3.8145587778836347,4.591129962256061,4.271825900345952,0.20634921,0.11111111,0.128,,102.81038666666667,99.00900666666668,102.39264666666665,51.99721187999999,54.428375679999995,-0.49343672000000005
650644,Aaron Civale,CLE,,31.0,7.0,7.0,144.0,30.0,38.0,27.0,31.0,9.0,4.0,6.0,7.8387101597146165,4.95114079221355,4.583935065688876,4.159640844292,0.20833333,0.0625,0.09671848,,95.91324424919799,95.58018184801884,90.21495002136871,43.20196148531952,42.17284784110535,0.4905914335060449
664076,Garrett Cleavinger,LAD,,2.2,3.0,0.0,13.0,4.0,3.0,1.0,1.0,2.0,0.0,0.0,3.3750008801000626,2.362430806085417,4.0278468198295965,3.7757344591642905,0.30769231,0.15384615,0.07936508,,115.51841269841272,91.62412698412697,104.90634920634919,63.0055238095238,37.01759285714286,0.46427047619047607
621237,Jose Alvarado,PHI,,13.0,17.0,0.0,65.0,17.0,16.0,11.0,11.0,10.0,1.0,1.0,7.615387670564749,4.035508295064996,3.8326302004201134,3.968080966344858,0.26153846,0.15384615,0.13944223,,106.37323207922456,93.41578115892389,102.87248712540487,72.90513741035858,38.858234302788844,0.182860358565737
676714,Brandon Hughes,CHC,,10.0,8.0,0.0,42.0,13.0,9.0,4.0,4.0,2.0,0.0,2.0,3.600001083612768,3.712431182265336,2.296726279299924,2.3653512176056704,0.30952381,0.04761905,0.17222222,,107.74844444444444,99.60529629629629,104.42142592592593,50.76639599999999,57.07846416666667,-0.12741277777777782
673316,Luke Barker,MIL,,2.0,1.0,0.0,6.0,1.0,0.0,0.0,0.0,0.0,0.0,0.0,0.0,2.112431001663208,2.8526157036423685,2.558421521608947,0.16666667,0.0,0.06666667,,87.75866666666667,117.228,112.33333333333333,46.15134,71.33242,-1.07816
658431,Adonis Medina,NYM,,9.2,6.0,0.0,44.0,8.0,11.0,5.0,5.0,0.0,3.0,1.0,4.655173179227431,3.7331207588935325,3.7665681404922977,3.1208283184766676,0.18181818,0.0,0.08125,,95.14910719476744,92.4494758357558,87.60663571947674,47.870950875000005,41.1833469375,0.60022275
592826,Vince Velasquez,CHW,,35.2,8.0,7.0,157.0,33.0,36.0,21.0,22.0,14.0,1.0,7.0,5.299065656709478,5.0750479115556075,4.557424546262641,4.38248533082953,0.21019108,0.08917197,0.12261146,,95.65856687898088,102.2041719745223,99.00124203821656,45.106156433121015,54.430570891719746,0.1818375477707006
676083,Janson Junk,LAA,,1.0,1.0,0.0,4.0,1.0,1.0,0.0,0.0,0.0,0.0,0.0,0.0,1.1124310016632082,1.1124310016632082,-0.9153354315757751,0.25,0.0,0.05555556,,110.66,112.35333333333334,130.56666666666666,63.3284,80.0,-1.884
544365,Manny Banuelos,NYY,,2.0,1.0,0.0,7.0,1.0,1.0,0.0,0.0,0.0,0.0,0.0,0.0,2.112431001663208,2.8526157036423685,2.3138546319143884,0.14285714,0.0,0.125,,97.75999999999999,108.68583333333333,108.65999999999998,54.99922999999999,53.87063,-0.41877000000000003
665645,Kervin Castro,SFG,,1.2,2.0,0.0,11.0,4.0,4.0,5.0,5.0,2.0,0.0,0.0,27.000011265282563,1.9124305009839833,2.8006525139540783,3.5350597056290356,0.36363636,0.18181818,0.08510638,,83.53617021276597,90.74255319148935,78.82765957446809,50.066608510638304,28.603304893617018,1.1998444680851064
676641,Beau Sulser,- - -,,12.2,5.0,0.0,61.0,10.0,15.0,6.0,11.0,6.0,1.0,1.0,4.263158108719178,4.2176942150348475,4.944447493042645,4.502354112019569,0.16393443,0.09836066,0.09223301,,90.86320388349515,103.26058252427184,95.89087378640775,47.76847199029127,57.52390660194175,-0.06116961165048544
682016,William Woods,ATL,,2.0,2.0,0.0,8.0,2.0,2.0,0.0,0.0,1.0,0.0,0.0,0.0,2.612431001663208,4.092800405621529,4.090852068424225,0.25,0.125,0.09677419,,104.59419354838708,71.90064516129033,76.54903225806453,55.767215161290316,20.0,1.4521238709677418
519326,Hunter Strickland,CIN,,19.2,21.0,0.0,96.0,19.0,20.0,11.0,14.0,15.0,3.0,1.0,5.033899001796532,4.5870074769369396,5.6572701483388705,5.040950709999767,0.19791667,0.15625,0.12565445,,92.96108519752498,98.43921941932416,90.79631603998097,55.255736308900524,45.718778612565444,0.1831157853403142
669674,Sam Long,SFG,,12.1,10.0,3.0,51.0,9.0,9.0,4.0,4.0,6.0,0.0,1.0,2.9189192339658554,4.166485169484211,4.792850506447629,4.768557733590839,0.17647059,0.11764706,0.12037037,,109.8697243421873,92.70947094400799,101.77028825289935,55.5509486111111,48.35297125,0.14755601851851857
650671,Jose Quijada,LAA,,3.1,4.0,0.0,17.0,5.0,3.0,1.0,1.0,3.0,1.0,0.0,2.700001102388355,3.7124312466383986,5.488875256695936,4.313385368931484,0.29411765,0.17647059,0.21052632,,110.83719298245614,91.76070175438598,99.3101754385965,58.44344385964912,47.60985596491228,-0.062009999999999975
624503,Nick Gordon,MIN,,1.0,1.0,0.0,4.0,0.0,1.0,0.0,0.0,0.0,0.0,0.0,0.0,3.112431001663208,4.592800405621529,5.034977068424225,0.0,0.0,0.0625,,36.0,115.32,57.82,20.0,20.0,2.95093
664199,Taylor Clarke,KCR,,19.0,20.0,0.0,83.0,14.0,27.0,12.0,15.0,0.0,0.0,4.0,5.684211444656753,4.375589100475819,3.820343921866905,3.6399667720620896,0.1686747,0.0,0.11676647,,100.40119760479043,116.99155688622757,118.02862275449101,52.0176508982036,64.7435672754491,-0.4925527844311377
670102,Bowden Francis,TOR,,0.2,1.0,0.0,3.0,1.0,1.0,0.0,0.0,0.0,0.0,0.0,0.0,0.11242787241609387,0.11242787241609387,1.0206437389448917,0.33333333,0.0,0.22222222,,101.92,86.60222222222221,92.33111111111111,47.67822,23.80578,1.36435
681885,Evan Lee,WSN,,3.2,1.0,1.0,19.0,2.0,4.0,2.0,2.0,3.0,1.0,0.0,4.909091760304496,5.29424956179854,7.312935462681503,6.612049090700875,0.10526316,0.15789474,0.04477612,,90.57522388059702,68.57940298507462,64.42537313432835,45.73384,34.85763,1.5848
657265,Peter Strzelecki,MIL,,2.0,1.0,0.0,10.0,3.0,2.0,1.0,1.0,2.0,0.0,0.0,4.5,3.112431001663208,5.332985107600689,4.7482970684242245,0.3,0.2,0.08571429,,100.97391304347826,105.5295652173913,105.11347826086956,62.52381,63.53345000000001,-0.71096
641743,Anthony Kay,TOR,,2.0,1.0,0.0,10.0,3.0,2.0,1.0,1.0,1.0,1.0,0.0,4.5,3.112431001663208,3.8526157036423685,3.0811570684242247,0.3,0.1,0.12820513,,90.29128205128207,81.73692307692308,74.65794871794873,53.31848,20.0,1.3406
656954,Justus Sheffield,SEA,,4.2,4.0,0.0,16.0,2.0,1.0,0.0,0.0,2.0,0.0,0.0,0.0,3.5410024940967655,4.492668681307856,4.954102068424224,0.125,0.125,0.03333333,,95.81733333333335,90.486,93.04400000000001,44.86847,42.02480666666666,0.5489883333333334
672715,Luis Patino,TBR,,0.2,1.0,1.0,3.0,0.0,1.0,1.0,1.0,0.0,0.0,0.0,13.500014081612017,3.1124310016632086,5.332987423821533,6.283977068424225,0.0,0.0,0.07692308,,96.92153846153846,89.20923076923076,98.12923076923079,49.887809999999995,39.41103,1.01952
593643,Hanser Alberto,LAD,,2.0,2.0,0.0,9.0,0.0,3.0,1.0,1.0,0.0,0.0,0.0,4.5,3.112431001663208,6.073169809579849,6.233051142121484,0.0,0.0,0.0,,48.71764705882352,113.69176470588235,62.75882352941177,20.0,45.31377058823529,1.8778629411764705
669804,Angel De Jesus,DET,,2.0,1.0,0.0,9.0,3.0,1.0,0.0,0.0,2.0,0.0,0.0,0.0,3.112431001663208,4.592800405621529,4.631347438114966,0.33333333,0.22222222,0.13157895,,98.33157894736843,100.17263157894737,96.13263157894737,46.08282,53.29263,0.29859
491624,Cesar Valdez,LAA,,1.0,1.0,0.0,5.0,0.0,2.0,1.0,2.0,0.0,0.0,0.0,9.0,3.112431001663208,3.112431001663208,0.9297770684242241,0.0,0.0,0.0625,,93.99874999999999,104.82625,98.36874999999999,64.65255,73.41179,-0.34965
545343,Louis Head,MIA,,18.0,17.0,0.0,82.0,19.0,19.0,11.0,11.0,9.0,1.0,2.0,5.500000919732936,4.112431168887379,4.47732716807808,4.018501005191856,0.23170732,0.1097561,0.10324484,,91.10460176991153,101.91592920353982,96.00365781710914,49.307454631268435,46.04445041297935,0.4586915339233039
545341,Randal Grichuk,COL,,1.0,1.0,0.0,3.0,0.0,0.0,0.0,0.0,0.0,0.0,0.0,0.0,3.112431001663208,4.592800405621529,4.604310403616891,0.0,0.0,0.1,,51.976,101.796,60.224000000000004,20.0,20.0,2.15929
663629,Ethan Small,MIL,,2.2,1.0,1.0,15.0,4.0,4.0,2.0,2.0,4.0,0.0,0.0,6.750001609325793,4.612431359291162,5.1675700181309026,6.473461505352714,0.26666667,0.26666667,0.15942029,,89.68521739130435,94.91913043478262,87.91652173913043,48.92583,31.23698,1.22105
596133,Luke Weaver,ARI,,0.2,1.0,0.0,5.0,0.0,3.0,1.0,1.0,0.0,0.0,0.0,13.500014081612017,3.1124310016632086,3.1124310016632086,4.210577068424224,0.0,0.0,0.0,,80.87217391304348,130.63391304347826,115.72000000000001,35.24843,80.0,-1.56829
593619,Domingo Tapia,OAK,,1.1,2.0,0.0,10.0,0.0,6.0,4.0,4.0,0.0,0.0,0.0,27.0000070408005,3.1124310016632086,6.4432630291515665,5.260577068424225,0.0,0.0,0.04166667,,103.03583333333334,109.19958333333334,111.04875,57.6293525,54.61584833333333,-0.4702733333333333
592716,Adrian Sampson,CHC,,1.0,1.0,0.0,5.0,0.0,2.0,0.0,2.0,0.0,0.0,0.0,0.0,3.112431001663208,4.592800405621529,5.260577068424225,0.0,0.0,0.0,,79.98777777777778,111.94555555555557,101.54333333333335,36.97601,39.49943,1.12307
608348,Carson Kelly,ARI,,1.0,1.0,0.0,3.0,0.0,1.0,0.0,0.0,0.0,0.0,0.0,0.0,3.112431001663208,4.592800405621529,7.229643733231558,0.0,0.0,0.0,,45.08,125.68,64.36,20.0,32.3417,1.8091
608700,Kevin Plawecki,BOS,,1.0,1.0,0.0,4.0,0.0,1.0,0.0,0.0,0.0,0.0,0.0,0.0,3.112431001663208,7.55353921353817,10.407977068424225,0.0,0.0,0.0,,53.6311111111111,121.52000000000001,70.91555555555556,20.0,37.52616,2.37714
596082,Jake Reed,NYM,,3.0,2.0,0.0,11.0,2.0,0.0,0.0,0.0,2.0,0.0,0.0,0.0,3.779097668329875,5.752923540274303,5.932018386862176,0.18181818,0.18181818,0.05882353,,99.97450980392156,99.91176470588235,101.41058823529413,44.67117,39.84869294117647,0.39022411764705883
572008,Chris Owings,BAL,,1.0,1.0,0.0,5.0,0.0,2.0,1.0,1.0,0.0,0.0,0.0,9.0,3.112431001663208,4.592800405621529,5.916977068424225,0.0,0.0,0.0,,39.7,105.524,51.18599999999999,20.0,20.0,3.34168
672911,Jesus Cruz,ATL,,2.0,2.0,0.0,9.0,1.0,3.0,1.0,1.0,1.0,0.0,0.0,4.5,3.612431001663208,4.3526157036423685,4.575359785627509,0.11111111,0.11111111,0.04651163,,96.0972093023256,105.16651162790697,97.80046511627907,45.99010860465117,55.869559302325584,0.21222302325581394
670768,Luis Gonzalez,SFG,,4.1,3.0,0.0,20.0,0.0,5.0,3.0,3.0,1.0,0.0,0.0,6.230769687855771,3.8047387447582937,5.512857413093965,5.085112068424225,0.0,0.05,0.0,,56.08172413793103,113.45344827586207,72.5648275862069,28.42952051724138,20.0,4.168106724137931
664092,Sean Poppen,ARI,,15.2,15.0,0.0,62.0,11.0,10.0,4.0,4.0,8.0,0.0,1.0,2.2978727309183187,4.0698779728791745,5.413399241046378,5.279296797217546,0.17741935,0.12903226,0.07172996,,91.66947257383967,104.18746835443038,95.66262658227849,39.271834599156115,52.36288755274262,0.23717915611814347
660896,Jorge Alcala,MIN,,2.1,2.0,0.0,10.0,2.0,2.0,0.0,0.0,2.0,0.0,0.0,0.0,3.969573975582528,5.238462208990534,5.673277068424226,0.2,0.2,0.125,,99.166,73.171,70.77250000000001,49.95381625,29.84978825,1.54988225
592743,Andrelton Simmons,CHC,,1.0,1.0,0.0,9.0,0.0,5.0,5.0,5.0,1.0,0.0,0.0,45.0,6.112431001663208,12.03390861749649,7.831248671005509,0.0,0.11111111,0.04,,20.7984,106.184,37.534400000000005,20.0,20.0,4.9836
669214,Conner Menez,CHC,,1.0,1.0,0.0,5.0,1.0,1.0,0.0,0.0,0.0,1.0,0.0,0.0,4.112431001663208,5.592800405621529,3.179217068424225,0.2,0.0,0.0,,94.02749999999999,77.13416666666667,76.57166666666667,42.21924,20.0,1.87381
595014,Blake Treinen,LAD,,3.0,3.0,0.0,10.0,5.0,1.0,1.0,1.0,0.0,0.0,1.0,3.0,4.112431001663209,0.7660106043020889,0.4232270684242249,0.5,0.0,0.14634146,,106.5517073170732,119.09268292682926,125.95024390243903,55.60145317073171,64.37005780487806,-0.8555551219512194
596271,Casey Lawrence,TOR,,3.1,2.0,0.0,15.0,0.0,4.0,1.0,1.0,1.0,0.0,0.0,2.70000025749209,4.012431087493905,6.2329854051999485,6.6058303937458245,0.0,0.06666667,0.0,,89.527,102.81666666666666,88.29266666666668,39.49072266666667,42.70020733333333,0.4204333333333334
686752,Ryan Pepiot,LAD,,11.1,3.0,3.0,52.0,13.0,6.0,4.0,4.0,11.0,2.0,1.0,3.176470677332897,5.4065487130703005,6.08818152531457,5.79392380394327,0.25,0.21153846,0.09274194,,100.07887096774193,77.3600806451613,78.65403225806452,58.35401649193548,33.06456209677419,0.8164781451612904
676617,Riley O'Brien,SEA,,1.0,1.0,0.0,5.0,1.0,1.0,0.0,0.0,1.0,0.0,0.0,0.0,4.112431001663208,4.112431001663208,3.772377068424226,0.2,0.2,0.04347826,,93.376,44.516571428571424,40.19200000000001,39.21812,20.0,2.53291
676596,Josh Fleming,TBR,,18.1,6.0,2.0,93.0,17.0,27.0,13.0,23.0,9.0,1.0,2.0,6.381818956422506,4.312431147315303,3.943965770853535,3.8477160910167076,0.1827957,0.09677419,0.09859155,,103.34981476739223,101.42704737516006,103.61332650448142,57.90499053521126,59.81769538028169,-0.7112149014084507
664161,Matt Swarmer,CHC,,12.0,2.0,2.0,46.0,11.0,7.0,2.0,5.0,3.0,0.0,3.0,1.5,5.279097668329875,3.756195306281249,3.7237346351371605,0.23913043,0.06521739,0.14044944,,93.56500066093855,97.8219881031064,96.20922405816259,40.194774606741575,56.202624494382015,0.539015168539326
643410,Mark Leiter Jr.,CHC,,17.1,7.0,3.0,75.0,16.0,15.0,12.0,12.0,9.0,1.0,2.0,6.230769345040859,4.497046411672288,4.1927293862113295,4.34418605439226,0.21333333,0.12,0.09491525,,89.01731234866828,94.50660048426153,86.09793704600484,44.36282155932203,46.23415630508475,0.6929193559322034
665152,Dean Kremer,BAL,,4.1,1.0,1.0,19.0,3.0,5.0,3.0,3.0,1.0,0.0,1.0,6.230769687855771,5.420123478646827,4.469865660570926,4.367860726769319,0.15789474,0.05263158,0.10447761,,101.59466666666667,103.34479999999999,103.56773333333334,49.83131,72.55196,-0.62335
641682,Ryan Hendrix,CIN,,3.1,5.0,0.0,18.0,4.0,5.0,3.0,3.0,4.0,1.0,0.0,8.100003379584768,5.212431877851852,5.6565428843369,5.471520278464459,0.22222222,0.22222222,0.12676056,,89.69943661971831,81.44028169014085,74.9549295774648,44.346090281690145,21.573739154929577,1.68922661971831
672851,Joan Adon,WSN,,52.2,11.0,11.0,248.0,42.0,56.0,35.0,37.0,33.0,6.0,6.0,5.981013055337493,5.220026078305944,5.313077096287854,5.31404094182238,0.16935484,0.13306452,0.05771249,,88.6065909852308,94.3421237939761,83.2793283002965,36.16721864637985,46.220752948583424,0.7266667681007345
598287,Noe Ramirez,ARI,,23.2,25.0,0.0,93.0,21.0,18.0,10.0,11.0,8.0,1.0,3.0,3.8028181528580993,4.126515842425368,3.854746466528918,3.6314638327230497,0.22580645,0.08602151,0.12947658,,93.66022038567495,102.32148760330578,96.09603305785124,45.53301597796144,53.29721895316804,0.006035785123966994
661440,Mauricio Llovera,SFG,,7.2,9.0,1.0,35.0,9.0,10.0,5.0,5.0,2.0,0.0,2.0,5.8695665483554365,4.938518372262678,3.478130307142344,3.121025419556364,0.25714286,0.05714286,0.12686567,,103.76158751696065,102.77788331071912,103.41188602442334,55.444628955223884,49.717496417910446,-0.07553335820895524
657508,Mike Baumann,BAL,,11.0,6.0,0.0,48.0,8.0,11.0,6.0,7.0,6.0,1.0,1.0,4.909092199211617,4.74879506806708,5.451083584940706,5.02130693747403,0.16666667,0.125,0.06896552,,103.3018413453372,85.00869712926789,89.75896042126719,52.01251029556651,38.282010394088665,0.628040985221675
660636,Diego Castillo,PIT,,1.0,1.0,0.0,7.0,0.0,4.0,4.0,4.0,1.0,0.0,0.0,36.0,6.112431001663208,6.112431001663208,3.9804056259470824,0.0,0.14285714,0.07407407,,53.22592592592594,100.51333333333334,53.412592592592596,20.0,20.0,3.28595
571800,Drew Hutchison,DET,,15.2,10.0,0.0,72.0,15.0,12.0,8.0,9.0,12.0,0.0,1.0,4.595744876097433,4.325197010633364,5.385243103274901,5.12531155217183,0.20833333,0.16666667,0.0942029,,93.15110305958133,95.52069243156198,89.81221417069244,41.43926260869566,50.47877608695653,0.3843058695652173
553902,Willians Astudillo,MIA,,1.0,1.0,0.0,4.0,0.0,0.0,0.0,0.0,1.0,0.0,0.0,0.0,6.112431001663208,6.112431001663208,9.658477068424224,0.0,0.25,0.0,,44.32,105.89466666666667,68.92133333333335,20.0,28.98731,2.26114
670712,Mike Brosseau,MIL,,1.0,1.0,0.0,5.0,0.0,1.0,0.0,0.0,1.0,0.0,0.0,0.0,6.112431001663208,6.112431001663208,7.314737068424225,0.0,0.2,0.0,,54.42,59.93999999999999,26.260000000000005,20.0,39.28866,1.27585
666168,Mason Thompson,WSN,,1.0,2.0,0.0,6.0,3.0,0.0,0.0,0.0,2.0,1.0,0.0,0.0,6.112431001663208,6.112431001663208,5.462477060598225,0.5,0.33333333,0.1,,115.10133333333333,53.105999999999995,52.88533333333334,56.43747,22.85105,1.70047
453178,Ian Kennedy,ARI,,20.2,23.0,0.0,93.0,17.0,22.0,8.0,9.0,9.0,0.0,3.0,3.483871260803299,4.660818228686897,4.851014021208223,4.588221842000201,0.1827957,0.09677419,0.07471264,,104.72480368253188,102.501956413356,101.96833789210564,42.98535528735633,63.942199252873564,-0.3662853160919541
605612,Harold Castro,DET,,1.0,1.0,0.0,5.0,0.0,2.0,1.0,1.0,1.0,0.0,0.0,9.0,6.112431001663208,10.55353921353817,11.261937068424226,0.0,0.2,0.0,,63.572,75.256,50.696000000000005,23.931499999999996,20.0,4.68422
542888,Shawn Armstrong,- - -,,10.2,11.0,0.0,54.0,11.0,14.0,9.0,11.0,4.0,3.0,1.0,7.593752637943005,4.2374313924695794,4.6840971270869165,3.8132816027249388,0.2037037,0.07407407,0.15422886,,103.16679824834384,94.22883857374943,97.16901036119769,52.8773031840796,48.89626965174129,0.22101980099502494
670046,Kenny Rosenberg,LAA,,6.0,2.0,0.0,28.0,7.0,7.0,5.0,5.0,3.0,0.0,1.0,7.5,4.445764334996542,4.252923540274303,3.9678125245564804,0.25,0.10714286,0.10655738,,93.21843593174974,76.50848611575779,72.7530143860823,43.216004590163934,22.202862868852456,1.9418795081967213
544727,Jeurys Familia,PHI,,20.0,22.0,0.0,86.0,19.0,21.0,8.0,11.0,8.0,0.0,3.0,3.600000375509301,4.362431132048382,4.040837442857699,3.7641449942415957,0.22093023,0.09302326,0.12857143,,97.32034285714289,102.58657142857143,102.45925714285711,49.680332400000005,36.81531180000001,0.4994941714285714
641853,David McKay,NYY,,2.0,2.0,0.0,9.0,1.0,1.0,0.0,0.0,2.0,0.0,0.0,0.0,5.112431001663208,6.592800405621529,7.2356066953588165,0.11111111,0.22222222,0.07142857,,108.27321428571427,100.91178571428571,105.86785714285713,41.41152404761905,63.390935476190485,-0.10190238095238094
606131,Luis Perdomo,MIL,,10.1,7.0,0.0,40.0,3.0,9.0,2.0,2.0,2.0,0.0,1.0,1.7419357132961604,4.370495683488213,3.972000446205191,3.375007693424225,0.075,0.05,0.07258065,,95.58451612903225,104.32080645161292,102.37322580645161,44.924569999999996,67.58731322580647,-0.648366693548387
613534,Austin Adams,SDP,,2.1,2.0,0.0,9.0,2.0,0.0,0.0,0.0,3.0,0.0,0.0,0.0,5.255288436461508,5.255288436461508,7.5013227426807685,0.22222222,0.33333333,0.10416667,,99.17007407407407,78.47237037037037,75.0117037037037,49.24802,36.97801,0.9746049999999999
501925,Joe Smith,MIN,,18.0,22.0,0.0,72.0,11.0,18.0,4.0,6.0,4.0,0.0,2.0,2.0000006920763926,4.001320198141605,3.461545758222514,3.2539035758720263,0.15277778,0.05555556,0.06425703,,109.89141941503385,99.94013427447165,103.8650886373778,47.185699839357426,52.22698265060241,-0.43469959839357425
573668,Juan Minaya,MIN,,5.1,3.0,0.0,26.0,4.0,5.0,5.0,5.0,2.0,3.0,0.0,8.43750050291422,4.424931079894309,5.5352081990407225,4.2188942291429115,0.15384615,0.07692308,0.11111111,,96.33456790123458,90.72592592592594,91.81308641975308,55.89446259259259,49.042771111111115,0.29408358024691356
520980,Pedro Baez,HOU,,2.1,3.0,0.0,16.0,2.0,5.0,3.0,6.0,3.0,0.0,0.0,11.571435468541578,5.2552894217635,7.793067055468251,6.535508318424226,0.125,0.1875,0.1369863,,72.18876712328768,100.56082191780823,80.17123287671232,29.72086191780822,33.803210547945206,1.8403549315068493
607229,Robert Gsellman,CHC,,15.1,8.0,0.0,64.0,9.0,17.0,8.0,10.0,3.0,0.0,2.0,4.6956528736198475,4.221126819045672,4.263299603889674,4.27536403131485,0.140625,0.046875,0.10628019,,88.87604830917873,114.45876006441223,106.12290499194846,39.81850309178744,57.326103236714985,-0.12010227053140098
670912,Johan Oviedo,STL,,5.0,1.0,1.0,26.0,5.0,8.0,3.0,3.0,3.0,1.0,1.0,5.4,6.112431001663208,4.992800405621528,4.7269903809514116,0.19230769,0.11538462,0.11650485,,106.68543689320387,87.45961165048544,91.10970873786407,50.58325,44.77407,0.32142
675912,Zac Lowther,BAL,,5.1,1.0,0.0,28.0,1.0,8.0,5.0,6.0,2.0,1.0,0.0,8.43750050291422,4.424931079894309,7.200623877760344,6.040611003955368,0.03571429,0.07142857,0.07,,89.31679999999999,82.212,74.61679999999998,42.00299,35.67627,1.23681
661255,Yoan Lopez,NYM,,3.0,2.0,0.0,14.0,4.0,5.0,3.0,3.0,0.0,1.0,1.0,9.0,5.779097668329875,3.9130466749270765,2.448160747858694,0.28571429,0.0,0.19148936,,90.25659574468087,86.12042553191489,81.7136170212766,45.35958085106383,35.50879191489362,1.0889163829787234
608703,Matt Reynolds,CIN,,1.1,2.0,0.0,9.0,0.0,3.0,1.0,1.0,0.0,2.0,0.0,6.750001760200125,7.612432175129959,10.943264202618316,5.916977068424225,0.0,0.0,0.04761905,,34.02095238095238,118.58000000000001,53.84095238095239,28.03958,35.82449142857143,1.4046433333333332
663385,Chad Smith,COL,,2.0,2.0,0.0,14.0,1.0,5.0,6.0,6.0,2.0,1.0,0.0,27.0,6.612431001663208,9.573169809579849,6.448655633249798,0.07142857,0.14285714,0.02173913,,91.63217391304347,58.21608695652174,51.70217391304348,41.78887565217392,20.0,2.0624926086956523
608716,Drew Steckenrider,SEA,,14.1,16.0,0.0,68.0,10.0,21.0,9.0,9.0,5.0,0.0,2.0,5.651163750287488,4.5775475295155195,4.622662602612267,4.56158779301492,0.14705882,0.07352941,0.1013986,,96.64769230769232,108.81356643356644,105.10132867132866,44.9655593006993,55.647905139860136,0.012207832167832182
672839,Francisco Morales,PHI,,3.0,2.0,0.0,11.0,3.0,0.0,0.0,1.0,4.0,0.0,0.0,0.0,5.112431001663209,5.605887469649316,8.427010118135076,0.27272727,0.36363636,0.10416667,,89.91666666666667,64.22916666666667,58.294999999999995,54.88168999999999,20.0,1.8728850000000001
669432,Trevor Rogers,MIA,,45.0,10.0,10.0,203.0,39.0,49.0,29.0,31.0,21.0,1.0,8.0,5.800000245836056,5.156875532762507,4.655104782999304,4.733844762768231,0.19211823,0.10344828,0.09662398,,99.19718277066355,99.10714784633295,99.6200232828871,56.78500863795111,53.62014295692666,-0.23953793946449356
658648,Pedro Avila,SDP,,4.0,2.0,0.0,18.0,5.0,3.0,2.0,3.0,1.0,1.0,1.0,4.5,5.362431001663208,3.2227080546319486,2.56937521953591,0.27777778,0.05555556,0.14285714,,93.07742857142856,101.76114285714286,92.22828571428572,41.61337314285715,51.05639857142857,0.3039862857142857
623485,Ashton Goudeau,COL,,20.1,12.0,0.0,94.0,16.0,25.0,16.0,18.0,10.0,0.0,3.0,7.0819683203100485,4.932103417298429,5.052612123556782,4.708439270644271,0.17021277,0.10638298,0.09866667,,85.65818051282051,95.8811917948718,83.41452102564102,27.283805706666662,44.612246666666664,1.2024903999999998
608371,Lucas Sims,CIN,,6.2,6.0,0.0,31.0,5.0,5.0,7.0,7.0,6.0,1.0,0.0,9.450002337545735,4.762431409806114,5.872708737412251,5.923912559033967,0.16129032,0.19354839,0.0620155,,102.84248062015504,78.49317829457365,81.80682170542637,48.759904651162785,33.58678248062016,1.1447748837209302
676103,Damon Jones,PHI,,4.2,4.0,0.0,26.0,5.0,4.0,5.0,5.0,5.0,3.0,0.0,9.642858579755044,6.112431448698111,7.381319698312898,5.695508132290775,0.19230769,0.19230769,0.12380952,,103.42476190476191,57.73295238095239,62.47866666666667,59.354009619047616,20.0,1.8497171428571426
656458,Lucas Gilbreath,COL,,13.1,16.0,0.0,65.0,14.0,11.0,10.0,10.0,11.0,2.0,1.0,6.750002273172906,4.91243160784265,5.26976419174269,4.977794585015648,0.21538462,0.16923077,0.099631,,94.4459778597786,82.12634686346864,78.70066420664207,46.109816568265686,24.684140627306277,1.2542597047970483
518748,Justin Grimm,OAK,,15.1,15.0,0.0,71.0,11.0,18.0,7.0,8.0,7.0,2.0,1.0,4.108696559891446,4.286344304489336,5.272889218651894,4.735421426943145,0.15492958,0.09859155,0.11191336,,89.64129963898917,91.89725631768954,84.28953068592058,50.48341411552346,36.346099314079424,0.8402929963898917
622250,Josh Sborz,TEX,,8.1,8.0,0.0,40.0,12.0,10.0,10.0,10.0,6.0,0.0,2.0,10.80000041198732,5.512431093215946,4.168874326713308,3.8544920684242254,0.3,0.15,0.14117647,,105.62376470588235,81.32941176470588,89.3390588235294,60.122379823529414,27.016336705882356,1.0407680588235293
621363,Colin Poche,TBR,,17.1,19.0,0.0,68.0,14.0,11.0,3.0,5.0,5.0,0.0,3.0,1.5576925237371317,4.612431209706372,4.582985311559842,4.133657002589082,0.20588235,0.07352941,0.11328125,,114.85640625,104.75312500000001,119.15921874999998,61.677299999999995,52.4666225390625,-0.7104801562499998
657571,Caleb Ferguson,LAD,,2.1,3.0,0.0,11.0,3.0,0.0,0.0,0.0,3.0,1.0,0.0,0.0,5.683861105783558,5.683861105783558,5.779026647635274,0.27272727,0.27272727,0.10526316,,97.62771929824562,92.59368421052632,90.57438596491228,62.82830684210526,37.44283315789474,0.3534715789473684
664948,Anthony Misiewicz,SEA,,13.2,17.0,0.0,57.0,8.0,14.0,7.0,7.0,6.0,0.0,1.0,4.609757739437275,4.209992368195893,5.533487289575238,5.219764376814884,0.14035088,0.10526316,0.08974359,,91.96495726495726,96.07982905982907,89.29358974358973,37.02193538461538,37.612044957264956,1.1176239316239314
664849,Danny Young,SEA,,3.2,2.0,0.0,20.0,5.0,7.0,3.0,3.0,2.0,0.0,1.0,7.363637640456744,5.566976881815457,3.6364704423019134,3.431824568424225,0.25,0.1,0.17333333,,117.70720000000001,99.1032,106.34479999999999,67.0370624,64.7465872,-1.4541956
640461,Chad Pinder,OAK,,1.0,1.0,0.0,7.0,0.0,2.0,3.0,3.0,2.0,1.0,0.0,27.0,12.112431001663207,13.592800405621528,10.693997458497815,0.0,0.28571429,0.0,,57.62,51.46,5.519999999999996,20.0,20.0,5.87164
621383,Tanner Banks,CHW,,21.2,14.0,0.0,95.0,19.0,23.0,11.0,16.0,9.0,0.0,3.0,4.56923132440049,4.404738850988599,3.9712336327400104,3.986046431272107,0.2,0.09473684,0.07565012,,106.36857460714785,102.79580864970103,107.30306772354331,48.0506076359338,65.90251082742317,-0.26879806146572105
572070,Garrett Richards,TEX,,17.0,13.0,2.0,67.0,15.0,12.0,8.0,8.0,8.0,1.0,2.0,4.235294362665474,4.465372256403568,4.155088218183532,4.109077932331188,0.2238806,0.11940299,0.11152416,,94.56053106744555,90.25959638874137,85.90397238449283,54.29598680297398,47.35070721189591,0.3979569516728624
641907,Patrick Murphy,WSN,,5.2,6.0,0.0,34.0,4.0,8.0,4.0,6.0,8.0,0.0,0.0,6.352941956074688,5.9359607599186255,7.503410909401308,7.203579144366717,0.11764706,0.23529412,0.08450704,,96.66504770558838,93.418877782826,91.77771467514766,45.848173873239446,48.09194563380281,0.4482630281690141
608723,Austin Voth,WSN,,18.2,19.0,0.0,94.0,18.0,34.0,21.0,22.0,6.0,0.0,4.0,10.125002575639758,4.933860036434382,4.130783141017132,3.8488586957600917,0.19148936,0.06382979,0.09207161,,100.35815856777494,109.18204603580561,107.88629156010231,46.35852033248081,58.560713427109974,-0.4044346803069054
643316,Paul Fry,- - -,,13.0,13.0,0.0,61.0,14.0,11.0,9.0,10.0,9.0,2.0,1.0,6.230770673448852,4.497046706874064,3.9525448589405183,3.9671571257383986,0.2295082,0.14754098,0.11206897,,90.96743730407526,84.57278996865203,79.06466692789967,57.589626810344825,40.943796810344836,0.6727297413793104
676766,Nicklaus Snyder,TEX,,1.0,2.0,0.0,7.0,0.0,1.0,2.0,2.0,3.0,0.0,0.0,18.0,12.112431001663207,15.073169809579849,14.415426029562672,0.0,0.42857143,0.03030303,,105.81623931623932,33.18454545454545,40.03584045584046,57.55526181818182,20.0,2.892688787878788
678061,Ray Kerr,SDP,,2.1,3.0,0.0,9.0,2.0,1.0,2.0,2.0,1.0,0.0,1.0,7.714286863804035,8.255288910865898,5.856080133266618,5.352977068086003,0.22222222,0.11111111,0.13513514,,104.21567567567567,75.8162162162162,75.90108108108109,39.820569459459456,40.66465162162162,1.1257813513513513
669145,Bruce Zimmermann,BAL,,57.1,11.0,11.0,240.0,42.0,66.0,31.0,34.0,11.0,2.0,13.0,4.86627917769408,5.275221747305022,4.212436255518204,4.270540050303206,0.175,0.04583333,0.09070034,,90.84687111151621,103.25766234590628,95.58173607188454,44.87909803673938,57.64241298507462,0.08260365097588977
608328,Chase De Jong,PIT,,19.1,10.0,0.0,77.0,11.0,11.0,4.0,6.0,6.0,1.0,3.0,1.8620690879867217,5.077948372315859,5.434402784865678,4.976813802403062,0.14285714,0.07792208,0.09150327,,91.9182325708061,99.9745084422658,93.77874863834421,36.71413199346405,54.8451160130719,0.3257481045751634
489334,Craig Stammen,SDP,,20.0,18.0,0.0,84.0,18.0,22.0,9.0,11.0,1.0,2.0,4.0,4.050000398308078,4.3624311245978,3.168781940965596,2.813748040385916,0.21428571,0.01190476,0.1,,83.21136141304346,103.86302717391307,87.67126086956522,42.94959396875,51.11677071875,0.44891450000000005
594311,Jandel Gustave,MIL,,13.0,12.0,0.0,60.0,15.0,13.0,8.0,8.0,5.0,1.0,3.0,5.538462401847297,5.189354402355944,4.125221918568663,3.4211853978072253,0.25,0.08333333,0.07377049,,104.92426229508199,107.31934426229508,106.28401639344261,49.9920493852459,58.66185008196721,-0.6648198770491803
677865,Justin Bruihl,LAD,,14.1,15.0,0.0,58.0,9.0,11.0,4.0,5.0,3.0,3.0,2.0,2.511628323016589,4.926384790508522,4.8682182599868575,4.290250254206669,0.15517241,0.05172414,0.12376238,,94.47620828793406,96.68162309652017,91.05360369326407,61.24151896039604,47.85788485148515,-0.37393529702970296
676840,Matt Peacock,- - -,,5.2,6.0,0.0,26.0,5.0,5.0,2.0,2.0,4.0,0.0,1.0,3.1764715460347883,5.7594906233588645,4.7715809760265415,4.870317296712566,0.19230769,0.15384615,0.08163265,,89.47918367346938,95.38285714285715,84.72979591836736,39.48868867346938,45.966317142857136,0.33000673469387753
670955,Edwin Uceta,ARI,,4.2,3.0,0.0,25.0,2.0,5.0,5.0,6.0,4.0,1.0,0.0,9.642858579755044,5.469574210047774,8.007350709277347,6.837201068424226,0.08,0.16,0.08860759,,98.91291139240508,81.02278481012658,79.87139240506329,47.20166772151899,45.74067860759494,0.7570505063291139
