year,batter,baseline_fp_pa,post_fp_pa,delta_k_pct,delta_bb_pct,delta_whiff_per_swing,delta_ev_mean,delta_ev_p90,delta_hard_hit_pct,delta_barrel_pct
2018,609280,0.2711864406779661,0.4139344262295082,11.379844961240313,-3.317829457364341,4.275499781117759,-2.1101465002712985,-0.5999999999999943,1.826731777898356,-1.7543859649122806
2018,461314,0.35398230088495575,0.2653061224489796,-17.922159447583176,-2.3226616446955415,-12.689784442361763,2.2855471698113234,3.6400000000000006,0.30188679245282657,-2.1132075471698113
2018,592387,0.28169014084507044,0.2185430463576159,-3.1702898550724647,-2.2644927536231885,-14.015444015444015,1.7472641509433942,-1.8900000000000006,3.9622641509433976,-3.1132075471698113
2018,664068,0.11016949152542373,0.11202185792349727,10.885341074020321,-9.230769230769232,-0.9168035030103994,-6.957631578947371,-5.810000000000002,-23.59649122807017,-0.08771929824561386
2018,553988,0.19548872180451127,0.12,-4.3859649122807,3.070175438596491,-2.9168340699075976,-2.743824404761895,-4.5,-20.089285714285715,-1.9345238095238095
2018,500743,0.32167832167832167,0.22597402597402597,-3.46650998824912,-2.4089306698002355,-1.9909274193548399,-0.04173009544520312,1.6599999999999966,-0.15706173734444917,0.0
2018,571912,0.20967741935483872,0.1242603550295858,12.432432432432435,-7.891891891891891,12.158730158730158,-0.6005376344086244,-3.6199999999999903,-5.2688172043010795,0.10752688172043046
2018,553993,0.5,0.31589147286821706,-4.146730462519939,-4.625199362041469,-2.0733982998133946,2.6196153846154004,-1.3999999999999915,5.769230769230774,-3.461538461538461
2018,595978,-0.024691358024691357,0.2612244897959184,0.6578947368421098,7.236842105263158,7.128001512573263,5.668961038961015,6.370000000000019,19.220779220779225,-1.4285714285714286
2018,456715,0.3401360544217687,0.3382663847780127,-0.7222222222222179,4.833333333333336,-0.832580353685298,0.5001742160278724,-0.6400000000000006,-4.181184668989545,2.4390243902439024
2018,451594,0.17857142857142858,0.13917525773195877,-1.0222858311183813,2.4739317113064825,0.4098360655737707,0.5746664195700646,0.7000000000000028,-1.0563380281690158,1.501111934766494
2018,593934,0.1,0.06220095693779904,-12.289915966386559,2.8361344537815114,1.5612272603855502,-0.5988505747126283,-3.0799999999999983,2.1455938697318047,0.0
2018,546318,0.42758620689655175,0.2039911308203991,-5.089934940681209,4.07577497129736,-6.286994080947046,5.411428571428559,4.679999999999993,12.142857142857142,1.027678816114004
2018,543760,0.18497109826589594,0.27169811320754716,-11.001885267977382,-0.9157015890115803,-9.55419222903885,-1.498937513149599,-0.3499999999999943,-5.37555228276878,4.081632653061225
2018,446481,0.09375,0.03669724770642202,22.02202202202202,-1.301301301301299,11.538461538461547,-5.486820652173904,-9.560000000000002,-20.380434782608695,-1.2228260869565215
2018,641553,0.01098901098901099,0.10752688172043011,-3.816425120772948,-6.42512077294686,-6.406112253893625,2.6662464985994063,9.210000000000008,19.88795518207283,0.0
2018,593428,0.3595505617977528,0.3971486761710794,9.03061224489796,-2.9591836734693877,1.874549387166546,-1.1062318840579621,-1.7600000000000051,-5.942028985507246,-2.6811594202898545
2018,543768,0.32653061224489793,0.375,-9.54951600893522,7.1109456440804175,-3.4987394699624907,1.4666536712150702,2.539999999999992,0.15594541910331472,3.7037037037037033
2018,543257,0.2,0.3,-30.191256830601098,7.308743169398907,-7.454545454545457,4.408222222222236,3.789999999999992,0.44444444444444287,2.666666666666667
2018,622110,0.14814814814814814,0.2853982300884956,12.698412698412696,1.904761904761905,3.9729289384634683,-0.08628762541805202,-1.4500000000000028,2.374581939799331,2.1739130434782608
2018,476704,0.43125,0.2903846153846154,1.7407817692672864,0.8703908846336432,5.58238361985706,-0.39550224887554464,1.0799999999999983,-1.4617691154422765,0.4497751124437781
2018,642082,0.0,0.008547008547008548,1.158645276292333,-2.762923351158646,4.292101341281665,7.50181488203269,2.079999999999984,0.36297640653357277,5.263157894736842
2018,457763,0.352,0.3188854489164087,-1.7921146953405014,-0.15360983102918624,-0.48648648648648773,-1.000140498770648,-0.009999999999990905,-3.1260976466455936,-1.36986301369863
2018,518692,0.4125,0.360146252285192,2.0628223159868746,-16.61197062040944,-1.048094818297578,-0.5163487016428405,0.7099999999999937,1.2718600953895063,3.5506094329623745
2018,519203,0.28205128205128205,0.44343065693430656,-6.418918918918919,-2.9054054054054053,-6.005398110661266,0.4287784679088844,2.6799999999999926,1.6563146997929614,-2.380952380952381
2018,475174,0.2518518518518518,0.25740318906605925,5.302695536897922,-4.19796730004419,-2.0502901353965157,0.2732456140350905,-0.4000000000000057,4.824561403508778,-3.947368421052631
2018,571431,0.5578947368421052,0.21074380165289255,-16.91519105312209,-2.4231127679403563,-18.353174603174608,1.4764935064935116,1.0900000000000034,17.359307359307365,2.683982683982684
2018,134181,0.3577981651376147,0.25067385444743934,-8.10344827586207,-3.1034482758620694,-5.023196288593825,2.9716109422492565,-1.1799999999999926,4.498480243161094,-1.0638297872340425
2018,431145,0.19387755102040816,0.2204724409448819,-12.140175219023778,-3.1289111389236552,-23.370429252782195,3.8686306601200187,5.02000000000001,3.273322422258591,-0.4364429896344788
2018,594988,0.35365853658536583,0.25,6.800445930880714,7.246376811594203,-10.914285714285715,2.640865384615367,5.140000000000001,13.301282051282051,0.0
2018,571437,0.23008849557522124,0.023255813953488372,-8.737244897959183,-7.429846938775512,-4.6398046398046375,8.749676549865228,7.3700000000000045,22.560646900269543,1.940700808625337
2018,656941,0.3805309734513274,0.24181360201511334,-16.22724419334589,-4.802259887005647,-12.001480521883963,0.06779220779218065,2.1500000000000057,3.116883116883116,-1.8181818181818181
2018,452655,0.33884297520661155,0.3157894736842105,-9.92260917634052,1.6030956329463812,-16.55940594059406,-0.5825811777655474,-1.259999999999991,-0.7705008255365975,-4.3478260869565215
2018,542255,0.20754716981132076,0.3253493013972056,-1.3316423589093223,0.6499682942295495,-4.397280571777216,-1.4068877551020194,0.9300000000000068,3.6989795918367347,0.0
2018,596019,0.39766081871345027,0.42857142857142855,-7.894736842105262,1.8421052631578947,-8.425748353206039,1.440333333333328,-0.480000000000004,2.833333333333332,-1.0000000000000002
2018,547379,-0.07407407407407407,0.019230769230769232,30.397727272727273,-1.136363636363635,12.207792207792206,-6.070085470085459,-4.240000000000009,-13.675213675213673,0.0
2018,501303,0.046153846153846156,0.22259136212624583,2.8011204481792724,2.6610644257703093,-2.0,-1.4302254098360692,1.2000000000000028,-0.7172131147540988,0.0
2018,571448,0.45185185185185184,0.4163568773234201,5.545735749005743,-0.8174988952717648,6.2200956937799035,2.4147023809523915,-0.10999999999999943,10.952380952380953,3.75
2018,592444,0.19130434782608696,0.07670454545454546,2.7657735522904083,-9.291270527225583,10.870755750273823,1.0645604395604664,1.4299999999999926,4.395604395604394,1.098901098901099
2018,545341,0.0,0.32727272727272727,0.10245901639344268,4.303278688524591,-12.318840579710145,0.44229508196720246,-0.6000000000000085,-6.120218579234969,0.0
2018,435263,0.3118279569892473,0.16260162601626016,-5.416666666666666,3.472222222222223,9.382767191383596,2.013890935888,2.1300000000000097,-0.7737656595431126,0.4789977892409727
2018,543807,0.3611111111111111,0.2700228832951945,-6.373517786561262,-4.792490118577076,-6.312458361092606,2.0365384615384556,-1.730000000000004,10.302197802197806,-2.3351648351648353
2018,444482,0.3284671532846715,0.36058700209643607,1.8976545842217476,2.409381663113006,3.78056628056628,1.7589407313997327,-1.9199999999999875,-10.012610340479192,-4.918032786885246
2018,592450,0.3558282208588957,0.2626865671641791,10.090909090909086,-5.227272727272727,3.2131147540983633,4.538935810810798,0.7800000000000011,7.72804054054054,1.1402027027027026
2018,608324,0.3630952380952381,0.5176908752327747,2.6819923371647505,0.21285653469561439,-3.8550204918032787,1.465240641711219,1.0,7.112299465240639,2.232620320855615
2018,452678,0.3783783783783784,0.268018018018018,7.598173515981733,2.5205479452054798,5.02473716759431,0.8510416666666458,1.5,-5.208333333333332,-1.041666666666667
2018,545350,-0.1728395061728395,0.2222222222222222,-11.666666666666664,2.7777777777777777,-4.952627045650303,3.185909090909078,0.4099999999999966,4.318181818181817,2.5
2018,444489,0.21518987341772153,0.26356589147286824,3.1531531531531503,-6.048906048906049,-3.217972070431088,1.8481940144478983,-4.720000000000027,-2.734778121775024,3.9215686274509802
2018,571466,0.2905982905982906,0.23950617283950618,0.7017543859649145,-2.4561403508771917,-1.7137096774193559,3.2994437939109957,-2.1000000000000085,1.6686182669789211,1.639344262295082
2018,543305,0.25252525252525254,0.3755186721991701,-7.792207792207787,-2.597402597402599,6.031746031746028,-3.9615221987314726,-2.3900000000000006,-2.7484143763213496,-18.181818181818183
2018,543308,0.18181818181818182,0.17073170731707318,-25.0,-1.3736263736263732,-8.687002652519894,1.14166666666668,1.509999999999991,-5.55555555555555,3.7037037037037033
2018,571980,0.19480519480519481,0.12264150943396226,-1.4583333333333321,-4.027777777777778,4.359543436905518,4.44585666293392,-2.2900000000000063,17.24524076147817,0.0
2018,545358,0.27419354838709675,0.13297872340425532,-14.791666666666664,2.708333333333333,-6.122448979591837,2.8630787037037067,4.450000000000017,1.6203703703703738,6.25
2018,518735,0.36153846153846153,0.2809278350515464,5.7874762808349125,1.9449715370018996,2.3716209426188293,0.6029807130333182,0.8599999999999994,-1.1396843950905833,1.7543859649122806
2018,608336,0.2229299363057325,0.2,6.387160170324279,6.862102849656075,10.967538606996527,-2.493466223698803,-0.06999999999999318,0.03691399040236121,1.273532668881506
2018,545361,0.5670731707317073,0.4752252252252252,0.07446016381235765,4.959046909903202,5.196587315792614,3.5126104212008755,1.9999999999999858,9.88349763154526,2.2404301625912173
2018,457803,0.26119402985074625,0.21585903083700442,-6.729264475743349,-4.247708473060586,4.623610182878668,-4.868238674780272,-1.3500000000000085,-12.491548343475323,-1.7917511832319133
2018,543829,0.29605263157894735,0.19954128440366972,-6.805555555555554,-2.7777777777777777,-0.8577360139860133,4.4997113997114155,4.219999999999999,13.239538239538238,0.0
2018,434778,0.09782608695652174,0.34300791556728233,-9.611940298507463,3.9402985074626855,-12.850660066006593,1.1592413236480894,-2.219999999999999,2.905569007263928,0.0
2018,606299,0.2948717948717949,0.34220532319391633,-11.631016042780747,1.9385026737967912,-1.393081030879964,3.8050466015003366,2.989999999999995,5.194362355080699,-0.2614230506933395
2018,542303,0.10638297872340426,0.34496919917864477,-2.4979854955680914,3.14262691377921,7.76223776223776,1.1340034965034818,-2.5300000000000153,-0.46620046620046907,2.564102564102564
2018,646240,0.2052980132450331,0.23893805309734514,8.195858195858193,-5.563355563355564,-2.3328072598145617,-1.6435365853658652,-1.289999999999992,7.0426829268292686,-1.1585365853658534
2018,429664,0.35294117647058826,0.4153846153846154,-4.022988505747122,-7.836990595611287,7.2301024428684,5.727499999999992,2.510000000000005,10.833333333333336,3.3333333333333335
2018,429665,0.18181818181818182,0.3448275862068966,1.08225108225108,-1.0822510822510836,2.4390243902439046,2.5551724137930876,2.069999999999993,8.020989505247378,2.898550724637681
2018,543333,0.33112582781456956,0.21863117870722434,-5.925925925925924,7.460317460317462,-3.5964912280701746,-5.580578139114735,-2.0799999999999983,-13.188798554652212,0.6323396567299004
2018,572008,0.11926605504587157,0.115,-13.367003367003367,5.353535353535353,2.758959253804612,1.7802758261774585,-1.5400000000000063,-3.7991152745251124,1.5352589123080924
2018,608365,0.264,0.15588235294117647,5.0,-10.384615384615383,0.7834757834757831,-3.7167658730158593,0.29999999999998295,-7.222222222222221,0.0
2018,467055,0.2,0.27411167512690354,8.54341736694678,-3.6414565826330536,7.661038148843026,0.237948717948683,6.059999999999988,5.948717948717949,-4.0
2018,544369,0.5197368421052632,0.37410071942446044,14.68482626156801,-13.060939409813168,10.038986354775828,-1.0210603829160618,1.0300000000000011,6.406480117820326,0.7118311242022584
2018,571506,0.328125,0.21447721179624665,1.9084903352091978,10.863714215806214,0.7575757575757578,4.174999999999997,5.599999999999994,6.770833333333329,-1.5625
2018,475253,0.28368794326241137,0.2671081677704194,-13.331972233564718,-3.89955083707636,-3.102584046322699,3.130114942528749,2.8400000000000034,12.988505747126435,2.337164750957854
2018,445055,0.19333333333333333,0.25229357798165136,1.127214170692433,-8.105206655931294,1.6666666666666679,-0.34687675070028945,-0.6300000000000097,-2.927170868347339,-1.9887955182072825
2018,608384,0.08,0.26005361930294907,4.112554112554111,-0.432900432900432,-4.008060904612627,2.218005952380949,-0.4499999999999744,5.059523809523807,-2.380952380952381
2018,608385,0.2845528455284553,0.4312796208530806,-5.4750402576489545,-8.776167471819646,-10.028011204481793,1.4604646733955349,3.4399999999999977,6.055989335364696,-1.694915254237288
2018,542340,0.05660377358490566,0.1980440097799511,-0.0364298724954466,5.610200364298725,-2.0592020592020575,2.0768284993694834,2.6400000000000006,6.967213114754099,0.0
2018,543877,0.1188118811881188,0.20833333333333334,5.607843137254902,-0.07843137254901977,1.6591251885369527,0.22948197660541325,-1.1799999999999926,-5.299594175220815,0.0
2018,592518,0.5283018867924528,0.4072727272727273,-9.280962939499526,2.0905923344947723,-4.181473584458658,1.8157303370786195,0.020000000000010232,8.988764044943817,1.1235955056179776
2018,572039,0.208955223880597,0.3821656050955414,3.367231638418076,-1.581920903954802,-0.33026491462300456,-2.3207317073170657,0.9899999999999949,-1.4862804878048799,-0.5335365853658534
2018,501896,0.3090909090909091,0.2801556420233463,-11.772486772486769,-0.3968253968253972,1.508295625942683,5.006313131313121,1.0600000000000023,8.080808080808083,-5.555555555555555
2018,518792,0.2767857142857143,0.3377659574468085,2.264752791068581,0.3827751196172251,0.7284382284382307,-1.3974709784411345,0.05000000000001137,-9.245439469320061,-2.7777777777777777
2018,572041,0.46621621621621623,0.22435897435897437,-14.615384615384615,1.831501831501832,-6.092818252527874,4.08834266517357,3.7900000000000063,12.396416573348265,5.229563269876819
2018,500871,0.453125,0.2982107355864811,-14.647377938517177,4.004133298889177,-2.082401788565953,-1.7032380952380919,-2.0,-4.857142857142858,-1.1428571428571428
2018,500874,0.391304347826087,0.3030973451327434,7.605042016806722,-5.504201680672267,7.0838861860533715,-0.4290789473683958,0.28999999999999204,-2.9605263157894726,3.75
2018,547982,0.35507246376811596,0.19534883720930232,0.3820033955857376,-3.0984719864176578,-7.211678832116789,7.6714607464607525,5.9399999999999835,30.373230373230378,-1.6731016731016735
2018,543376,0.0,0.14423076923076922,-28.43822843822844,-2.564102564102564,-19.37160940325497,2.0395348837209326,0.7000000000000028,-2.325581395348838,2.3255813953488373
2018,465041,0.43478260869565216,0.25951557093425603,2.1250758955677007,3.12689738919247,-5.221674876847292,1.9043560606060765,1.4299999999999926,11.931818181818183,2.651515151515151
2018,643217,0.30612244897959184,0.3715953307392996,13.756515264333583,-8.786299329858528,11.033912324234905,-0.12268554943615584,-0.0800000000000125,-0.5900865460267539,1.0752688172043012
2018,596115,0.20394736842105263,0.38492063492063494,-3.7558685446009363,1.3910624239262752,1.9961240310077528,3.054257703081234,2.6799999999999926,10.224089635854344,0.8963585434173671
2018,467092,0.3644859813084112,0.32038834951456313,-5.904961565338926,3.598881900768693,-9.79117415287628,0.3272547566098467,2.299999999999997,5.732641462811959,1.4084507042253522
2018,657557,0.2158273381294964,0.23931623931623933,-23.391448733914487,9.153175591531756,-22.0846394984326,3.428202581926513,-0.44999999999998863,7.795431976166832,-1.7130089374379351
2018,519317,0.22012578616352202,0.2673992673992674,-8.904761904761902,1.3809523809523796,-5.7033741816350485,3.5505813953488286,-2.5500000000000114,4.787961696306432,-1.7783857729138164
2018,547989,0.3819444444444444,0.293398533007335,-4.057971014492752,5.101449275362318,-1.753590325018898,0.29885192127461835,-1.960000000000008,-2.4484536082474264,-3.4090909090909087
2018,642708,0.1111111111111111,0.2336842105263158,-7.247223845704262,-3.4774985388661603,-1.8813559322033875,0.7590517241379047,-1.8900000000000148,-2.5862068965517224,1.3888888888888888
2018,491676,0.03125,0.20155038759689922,12.640801001251571,4.25531914893617,2.2142624552263044,-0.5857962697274104,-3.1400000000000006,-7.460545193687231,2.4390243902439024
2018,645277,0.4024390243902439,0.2846153846153846,2.2784810126582293,3.350707371556217,1.8331032366927467,-2.406277730576818,-2.160000000000011,-4.323609931086569,-2.728216746908335
2018,516770,0.2251655629139073,0.2560483870967742,1.2293642430628715,-2.125043905865824,4.348368581945223,1.118593406593419,-0.5999999999999801,5.157509157509157,0.22222222222222232
2018,443558,0.37272727272727274,0.35343035343035345,3.6630036630036624,2.1062271062271054,5.607648464791321,-0.5632941176470752,1.8599999999999994,-0.23529411764705088,-1.6470588235294117
2018,543401,0.09937888198757763,0.32954545454545453,3.885767790262168,0.6554307116104887,3.88717233130669,-0.4791093117408849,1.4799999999999898,-7.611336032388664,-3.076923076923077
2018,656555,0.31333333333333335,0.34509803921568627,8.392857142857142,-3.928571428571427,2.225056689342402,-5.038806840264286,0.9899999999999949,-11.815001943256899,-2.0209871745044694
2018,596142,0.2846715328467153,0.19831223628691982,12.835497835497836,13.917748917748918,13.422619047619047,0.019075021312858098,1.9599999999999937,5.328218243819272,-0.021312872975276953
2018,546991,0.2692307692307692,0.224,2.4305555555555536,-2.4305555555555554,5.500521376433785,0.9333008447043483,4.590000000000003,6.92007797270955,0.0
2018,516782,0.3105590062111801,0.31685393258426964,8.441358024691358,-8.811728395061731,2.289766970618036,-0.07452013108614608,-2.499999999999986,-1.7205056179775262,1.0526315789473684
2018,596146,0.4122137404580153,0.29791666666666666,7.690393230462917,-9.009457441513192,-4.47173673437254,0.03703391615756857,-0.7800000000000011,3.876132294080474,-3.26522013903518
2018,519346,0.44594594594594594,0.09313725490196079,-12.090395480225988,8.135593220338983,-5.990783410138249,-0.3869298245614061,0.28999999999999204,-6.578947368421051,-8.771929824561402
2018,592567,0.3360655737704918,0.2594752186588921,2.8322440087146,2.5054466230936807,9.17104276069017,-3.767323943661964,-2.4200000000000017,-15.406283856988082,-1.6684723726977249
2018,459964,0.2288135593220339,0.2265625,20.893719806763283,-11.352657004830917,4.702558989697572,-0.9999999999999858,-0.9699999999999989,-9.313725490196079,-1.3888888888888888
2018,489149,0.20512820512820512,0.2190082644628099,-6.089552238805972,-2.5373134328358216,-6.684027777777779,1.9381176470588173,-3.269999999999996,5.411764705882355,1.1764705882352942
2018,527038,0.3684210526315789,0.35410764872521244,-1.6724738675958193,3.623693379790941,4.761904761904761,4.718981972428409,2.0,4.559915164369038,-2.1739130434782608
2018,570560,0.2867647058823529,0.1958174904942966,-5.15078142196786,-2.4873431653092677,-9.962406015037596,-0.5324471126357935,-3.200000000000003,-5.002858776443681,-0.5717552887364208
2018,660162,0.19696969696969696,0.10810810810810811,-4.706430568499528,-1.444547996272135,1.179966044142617,-0.16190476190475067,2.9399999999999977,-4.761904761904766,-3.1746031746031744
2018,527043,0.4642857142857143,0.13071895424836602,22.857142857142854,8.57142857142857,11.554621848739497,-2.887027027027017,-7.420000000000002,-25.94594594594595,3.9639639639639643
2018,543939,0.25742574257425743,0.3137254901960784,5.752561071710009,-7.210401891252955,1.3407169921305773,2.085338345864656,5.189999999999998,10.307017543859647,-0.03132832080200498
2018,542921,0.021505376344086023,0.21359223300970873,-16.666666666666664,3.1111111111111107,3.263403263403262,3.6201298701298725,-5.179999999999993,4.401154401154404,0.0
2018,474832,0.35714285714285715,0.19936708860759494,-12.30183893468611,5.791587402240543,-12.646908533469595,3.6603649122806843,-2.239999999999995,9.164912280701758,0.6456140350877193
2018,502481,0.23595505617977527,0.16891891891891891,4.191919191919192,2.070707070707072,-1.7049666419570038,-8.107263513513516,-2.739999999999995,-7.038288288288287,1.4639639639639634
2018,571602,0.3023255813953488,0.1008174386920981,-3.030303030303024,-5.339105339105338,-6.385281385281388,-1.7600458949515456,-4.0,-9.637939826619071,-1.0708822029576748
2018,572122,0.2550335570469799,0.2079002079002079,-0.6043956043956058,-0.20146520146520253,6.113306982872203,0.1872599896211824,0.36000000000001364,-1.6087182148417192,-1.2195121951219512
2018,501981,0.25153374233128833,0.34826883910386963,4.13636363636364,-2.4242424242424248,1.120195130764717,1.4605571847507264,0.28999999999999204,-2.394916911045943,0.8797653958944278
2018,488671,-0.06944444444444445,0.07407407407407407,2.0123839009287963,-1.0835913312693481,-2.040816326530617,-2.500336700336689,-2.1499999999999915,-13.299663299663298,0.0
2018,605412,0.37,0.2773972602739726,-4.634581105169341,-9.090909090909092,-7.513297872340425,-2.892114897212039,-5.240000000000009,-20.41678400450577,-2.5908194874683184
2018,592626,0.3404255319148936,0.38108882521489973,12.944523470839258,4.030346135609291,7.77738764044944,-2.673023715415013,3.9299999999999926,-5.5335968379446605,2.1739130434782608
2018,598265,0.096,0.24146341463414633,28.40676229508197,-1.255122950819672,10.579115367077062,-4.9377020447906546,-5.6200000000000045,-2.784810126582279,-0.9931840311587148
2018,592122,0.20987654320987653,0.13903743315508021,9.090909090909093,-4.356060606060607,3.3333333333333357,2.5316433566433716,2.260000000000005,14.102564102564095,1.1072261072261071
2018,400121,0.336,0.2819843342036554,1.3435194942044237,1.8967334035827177,-2.3160061760164723,-1.3061594202898732,-1.8199999999999932,4.365079365079367,1.673567977915804
2018,517369,0.18404907975460122,0.20967741935483872,-2.020820575627681,10.823637477036131,-1.40336808340016,-1.0937559906887486,-2.9799999999999898,-10.064357113515001,-0.34232507188826533
2018,460026,0.42105263157894735,0.11693548387096774,3.970223325062035,-1.2406947890818865,-2.9689608636977063,-2.2261904761904816,0.18999999999999773,-1.1904761904761898,7.142857142857142
2018,606466,0.2198581560283688,0.39635535307517084,-6.909090909090908,6.6060606060606055,0.10252904989747069,2.356336904490533,-2.1500000000000057,8.1376795076362,0.0
2018,503556,0.18620689655172415,0.25307125307125306,2.476190476190478,-2.190476190476188,-9.026993094789706,-1.106120689655171,-1.9200000000000017,-1.3362068965517224,-0.47413793103448265
2018,594694,0.2782608695652174,0.20527859237536658,-12.894248608534324,6.462585034013603,-10.61900242539281,6.324846356453023,6.939999999999998,13.052385133157738,2.9850746268656714
2018,593160,0.27388535031847133,0.34,-1.0509031198686358,-4.532019704433498,-1.8567639257294442,0.19416389073951734,-1.440000000000012,-0.6928714190539651,-0.45883940620782715
2018,450314,0.3333333333333333,0.3876146788990826,6.938775510204081,-3.6734693877551017,0.023741690408357385,-5.294188861985461,-5.5,-13.898305084745758,-3.389830508474576
2018,596748,0.42276422764227645,0.34210526315789475,-5.18341307814992,-5.741626794258372,2.0483193277310896,5.48777489177489,4.659999999999997,12.363636363636367,-2.666666666666667
2018,493329,0.3333333333333333,0.344017094017094,-6.5238558909445,2.4829600778967866,-15.6993006993007,-1.89967439967441,0.9199999999999875,-13.268213268213266,1.098901098901099
2018,518934,0.4274193548387097,0.2888402625820569,-4.911717495987158,-6.6452648475120375,-0.7326007326007318,-2.9735730450088056,-3.980000000000004,-22.755846115162182,0.35569105691056935
2018,520471,0.1118421052631579,0.2222222222222222,-0.9079797450672267,-11.559280600663522,-3.394467524571894,2.09051598837209,-1.009999999999991,0.5087209302325597,-1.1627906976744187
2018,543510,0.2689075630252101,0.04142011834319527,7.504466944609886,0.32757593805836827,-1.7882117882117896,-0.3781798002219716,1.0999999999999943,0.15538290788013143,1.1764705882352942
2018,592663,0.4342105263157895,0.31346578366445915,-12.5,8.333333333333332,-24.269005847953217,-10.24166666666666,,-36.1111111111111,
2018,488726,0.4594594594594595,0.4026974951830443,3.496240601503758,3.721804511278195,8.3467417538214,-0.9325764596848813,0.3599999999999852,-4.726598702502322,1.2048192771084338
2018,641820,0.20134228187919462,0.22176591375770022,10.065526028394611,-3.5129231889333834,10.789210789210788,1.6277721518987391,-5.150000000000006,-0.4177215189873458,-1.0
2018,572191,0.06293706293706294,0.128099173553719,-8.822378716744911,4.06885758998435,1.9877382891081474,1.681666666666672,1.6400000000000006,-3.222222222222218,2.7777777777777777
2018,458015,0.375,0.36069114470842334,2.3933238860022055,14.989765391276965,0.9937430990062577,0.9941228070175612,0.7999999999999972,13.583959899749377,3.1914893617021276
2018,448801,0.05223880597014925,-0.030927835051546393,-0.5347593582887704,-2.6737967914438485,-2.7298850574712645,2.5406060606060663,-2.0600000000000023,1.7099567099567068,-0.7924279110719787
2018,641313,0.2589928057553957,0.16916488222698073,-4.344193817878029,-9.7953216374269,-9.511467553425593,-3.929857142857145,-2.8600000000000136,-10.396825396825395,-2.761904761904762
2018,453923,0.17647058823529413,-0.00847457627118644,13.885267275097783,-2.6075619295958274,8.995655507283413,0.990350877192995,-0.5100000000000051,-2.4561403508771953,1.7543859649122806
2018,460576,0.058394160583941604,0.2066420664206642,3.8395538395538367,-3.8181038181038183,6.898774983881367,-1.5440316901408409,-8.299999999999997,-10.757042253521128,1.5669014084507045
2018,600869,0.36075949367088606,0.15184381778741865,-7.532467532467528,2.792207792207792,-6.560721571996135,0.21043856469735545,1.6000000000000085,0.9423704240666915,-1.22024888244533
2018,502054,0.4166666666666667,0.24888888888888888,0.0,0.44444444444444287,2.791068580542266,2.9463157894736867,3.240000000000009,8.355263157894733,4.013157894736842
2018,641319,0.17543859649122806,0.11538461538461539,3.5443037974683556,-4.412296564195299,5.08985507246377,-0.20005875440661214,-0.7200000000000131,-3.877790834312572,0.0
2018,455976,0.525,0.3357798165137615,-9.161976235146966,-0.625390869293307,-9.225442564360309,4.173589435774318,2.519999999999996,17.086834733893557,1.0604241696678671
2018,605480,0.29357798165137616,0.27586206896551724,13.915094339622641,4.177897574123991,8.653846153846153,-6.101190476190467,-3.210000000000008,-6.944444444444443,0.0
2018,595751,-0.011235955056179775,0.12152777777777778,-2.142857142857146,0.6632653061224492,3.0860591900311576,6.158151476251575,1.7699999999999818,12.90115532734275,-5.455712451861361
2018,460075,0.25,0.3425925925925926,-2.417338149485971,1.472631286468463,3.5357624831309025,1.0873343813159693,-0.05999999999998806,9.948349427352344,0.0
2018,624424,0.13761467889908258,0.30245746691871456,1.372683596431024,-8.373369938229239,-1.0343677010343697,1.2175315568022427,-2.240000000000009,3.0154277699859726,3.225806451612903
2018,460077,0.07462686567164178,0.19130434782608696,-11.481481481481481,13.518518518518519,4.268292682926827,0.40063424947143744,1.1599999999999966,-2.748414376321353,-2.3255813953488373
2018,605486,0.05,0.08921933085501858,0.0,-3.9215686274509802,16.0,-9.852666666666664,,7.333333333333329,-2.0
2018,660271,0.4393939393939394,0.30666666666666664,0.0,-3.030303030303031,10.755091902632888,-0.5550000000000068,-1.7600000000000051,-0.3571428571428541,-5.0
2018,518960,0.3177570093457944,0.19596541786743515,6.497175141242934,-3.91949152542373,4.161490683229813,3.6895245992260897,0.9000000000000057,9.50801547816473,0.0
2018,571697,0.28169014084507044,0.33669354838709675,3.3566433566433567,2.4975024975024978,5.225854226171586,-4.204753568542969,-0.46999999999998465,-8.066253703204953,0.0
2018,592178,0.4892086330935252,0.2169811320754717,6.486486486486486,-5.634095634095633,-1.4271653543307075,-0.8844318181818096,-4.239999999999995,3.7499999999999964,-3.4090909090909087
2018,624428,0.17757009345794392,0.42857142857142855,2.6237989652623774,1.1825572801182558,-0.5847953216374275,-1.4247023809523967,0.11999999999999034,-5.9523809523809526,-0.8928571428571426
2018,460086,0.3563218390804598,0.19126819126819128,-13.88888888888889,0.5952380952380958,-4.416809605488854,5.636574074074048,3.0999999999999943,6.018518518518519,2.7777777777777777
2018,543543,0.17045454545454544,0.12048192771084337,0.9195402298850546,2.068965517241379,10.98484848484848,-0.942619047619047,2.359999999999985,-5.714285714285715,-3.571428571428571
2018,592696,0.3787878787878788,0.3130434782608696,-1.7307692307692335,-4.519230769230769,0.987133984028393,2.3867032503166,1.6400000000000148,9.56099620092866,2.912621359223301
2018,471865,0.17582417582417584,0.3026634382566586,2.704678362573098,6.359649122807017,-9.993552546744038,-1.9075575027382285,-7.4199999999999875,-15.279299014238772,0.0
2018,453943,0.2642857142857143,0.19879518072289157,0.5929257820486598,-11.592721324882437,0.893066980023498,-3.401033386327512,-2.8699999999999903,-6.677265500794913,-2.941176470588235
2018,425783,0.25301204819277107,0.29458917835671344,3.982558139534884,-0.5523255813953494,-0.7898130238555758,0.906644919656884,-0.04000000000000625,-1.2564938987555898,-3.4191132052676094
2018,446263,0.1953125,0.19246861924686193,-6.597479614529281,1.7790956263899194,1.208791208791208,2.0202272727272685,-2.819999999999993,-1.1363636363636367,3.75
2018,516416,0.2721518987341772,0.35232067510548526,-4.935064935064938,-0.8766233766233769,-6.388951268807546,4.048240740740752,0.9299999999999926,1.8518518518518547,1.8518518518518516
2018,608577,0.36942675159235666,0.21899736147757257,0.06512536633018584,6.789319439921849,-0.33333333333333215,2.7143939393939434,1.4699999999999989,6.585081585081582,-0.29137529137529095
2018,592192,0.3023255813953488,0.28923076923076924,3.2015065913371004,-6.026365348399246,-10.745762711864407,-3.7321092700403113,-4.739999999999995,0.985221674876847,-2.1495745633676666
2018,641857,-0.03333333333333333,0.18309859154929578,-29.18660287081339,16.74641148325359,-8.815331010452969,3.666428571428554,4.030000000000001,17.857142857142858,0.0
2018,643396,0.22857142857142856,0.25862068965517243,-25.8033106134372,7.59493670886076,-11.786600496277917,-3.405694879832822,0.8900000000000006,2.50783699059561,0.0
2018,607043,0.34375,0.31634819532908703,15.476190476190471,7.936507936507937,10.069686411149824,-4.2817460317460245,-5.060000000000002,-22.61904761904762,-7.142857142857142
2018,435522,0.1308411214953271,0.23793103448275862,10.210526315789474,3.2280701754385976,-1.4187643020594969,0.8133064516128883,2.0600000000000023,5.472350230414747,0.0
2018,595777,0.2661290322580645,0.39361702127659576,4.697609001406471,-13.670886075949367,-1.4667685255920553,1.8094017094017403,4.340000000000003,11.965811965811966,0.8547008547008548
2018,514888,0.367816091954023,0.37411764705882355,-3.362902158082882,1.5622931285581902,9.100822841280857,-0.7954924704924622,1.1300000000000097,-5.596255596255599,0.0
2018,608070,0.5316455696202531,0.4981481481481482,7.235142118863051,-5.975452196382429,1.7120503962609241,3.8432251082251128,3.3100000000000023,14.047619047619051,-1.5043290043290038
2018,641355,0.2781456953642384,0.29313929313929316,5.180892167193537,6.059009483667018,5.753968253968257,-3.061710658202472,-0.4199999999999875,-6.815903775476109,-0.15035081857667887
2018,592206,0.3333333333333333,0.31047619047619046,4.806687565308252,-6.0083594566353185,0.41936713686618177,-1.531578947368402,-4.420000000000002,-7.224880382775115,3.6363636363636362
2018,607054,0.10714285714285714,0.2,-0.606060606060602,2.020202020202019,2.631578947368425,-0.38553191489361893,-5.560000000000002,-0.5673758865248235,0.0
2018,467793,0.3227848101265823,0.381957773512476,-1.5421686746987966,-1.4136546184738936,-5.771208922094091,1.8201478494623586,1.3199999999999932,-15.443548387096776,-1.4247311827956988
2018,595284,-0.04838709677419355,0.08496732026143791,10.504201680672267,2.5210084033613445,14.852713178294575,2.621022727272731,-2.6500000000000057,10.795454545454543,0.0
2018,608597,0.013888888888888888,0.22191011235955055,-6.25620655412115,0.39721946375372497,-15.499758570738766,-2.5849180327869306,3.440000000000012,-10.382513661202182,0.0
2018,649557,0.32727272727272727,0.347953216374269,-4.700430321085735,3.243958953988745,-6.060030395136778,1.3216216216216026,-1.5,-8.195292066259807,1.3513513513513513
2018,543063,0.12878787878787878,0.27705627705627706,-3.333333333333332,-6.944444444444443,-5.526088565437277,3.254246692274876,2.0999999999999943,14.105847204438753,-1.5151515151515151
2018,594777,-0.04201680672268908,0.24768518518518517,6.484848484848481,1.878787878787879,16.752278376139188,0.5821052631578993,-2.0,7.828947368421051,1.3657561625582941
2018,572761,0.16030534351145037,0.41100917431192663,-7.910798122065724,-7.793427230046946,-19.04406273338313,-2.2404582651391536,0.519999999999996,-15.220949263502458,-3.306055646481178
2018,543068,0.2535211267605634,0.28708133971291866,-5.6184236648798915,3.9507643438554694,-6.815703380588882,-1.8392857142857366,0.7600000000000051,-4.578754578754577,2.380952380952381
2018,571740,0.1111111111111111,0.15348837209302327,-5.919554768530233,0.1264862130027815,-0.031483667847304275,1.3393939393939576,3.4099999999999966,1.6042780748663108,-1.4705882352941175
2018,502110,0.36486486486486486,0.46107784431137727,-5.641025641025642,3.26007326007326,-6.350018268176832,-1.4121566110397907,-0.7400000000000091,-8.498074454428753,-0.33376123234916566
2018,571745,0.43448275862068964,0.30297397769516726,4.3788580246913575,-0.15432098765432123,5.423280423280421,0.019458653026418915,-0.9300000000000068,-5.285592497868713,-1.4279624893435636
2018,547170,0.21428571428571427,0.16990291262135923,-2.1106491845219075,2.2385673169171714,-2.891052951917228,-0.661201584507026,-0.3400000000000034,0.5061619718309842,1.4084507042253522
2018,430945,0.21052631578947367,0.3188720173535792,-14.149471128836483,-1.1617825559216233,-5.116564997399159,3.238796169630646,1.1099999999999994,0.35567715458276794,-2.2982216142270864
2018,547172,0.11864406779661017,0.2802547770700637,-17.294117647058822,2.7058823529411775,-13.265993265993263,4.725757575757569,1.7900000000000063,7.323232323232325,0.0
2018,514917,0.275,0.21715328467153286,-2.2313010685103727,-6.316781898177247,-6.5709706640652215,2.9775273865414817,0.10999999999999943,11.392801251956183,-0.2973395931142411
2018,446308,0.30666666666666664,0.27040816326530615,5.147058823529413,-4.901960784313724,0.2543720190778984,1.5590909090909264,-0.4399999999999977,-5.892255892255893,-2.693602693602694
2018,592743,0.475177304964539,0.3485838779956427,-2.9304029304029307,1.8315018315018312,-2.493261455525607,2.340548340548338,0.44000000000001194,-1.1544011544011568,1.5873015873015872
2018,435559,0.51,0.3298611111111111,6.868686868686869,-7.474747474747474,-2.296511627906977,0.8070972886762178,0.9699999999999989,5.7416267942583765,1.5151515151515151
2018,570731,0.10810810810810811,0.22716627634660422,-18.119658119658123,-1.5384615384615385,-8.148148148148149,-5.131081081081064,-12.379999999999995,-5.9845559845559855,0.0
2018,547180,0.4759036144578313,0.30434782608695654,5.194238323876039,-7.333042339589696,-6.794035414725066,-2.5012891986062726,1.5499999999999972,-5.4355400696864145,-5.714285714285714
2018,519023,0.1,0.3080357142857143,-0.16103059581320522,7.4074074074074066,-0.779220779220779,-6.0093434343434495,-0.5799999999999983,-19.696969696969703,0.0
2018,467827,0.2545454545454545,0.24924924924924924,7.282913165266107,-1.6806722689075642,4.936061381074165,4.368518518518528,3.359999999999985,5.379188712522044,-1.2345679012345678
2018,594807,0.21641791044776118,0.12286689419795221,-8.24420677361854,9.269162210338681,1.3121647092938993,0.6170329670329409,-0.730000000000004,-4.26240426240426,1.2654012654012652
2018,542583,0.3287671232876712,0.3286004056795132,10.158730158730158,-4.047619047619047,4.5617387150704545,6.932853566958698,2.0900000000000034,13.954943679599491,6.382978723404255
2018,571771,0.22549019607843138,0.3861111111111111,-1.7712745475548708,0.9241432422025397,-8.79957972156554,1.2887254901961,3.2700000000000102,-0.4901960784313708,7.5
2018,578428,0.1956521739130435,0.37116564417177916,-3.3542039355992834,-3.443649373881932,-6.028368794326239,-0.7677726574501094,5.650000000000006,8.04915514592934,0.0
2018,446334,0.2556390977443609,0.23746701846965698,-6.712328767123289,-1.9634703196347034,-12.601626016260163,-0.10865102639296254,-1.7999999999999972,9.530791788856305,-0.4398826979472139
2018,502143,0.3013698630136986,0.24401913875598086,-5.580693815987932,-12.518853695324285,-6.003289473684209,1.5642508710801195,-0.3200000000000074,-5.017421602787458,-0.4181184668989548
2018,456488,0.22727272727272727,0.28378378378378377,11.059801431540063,-8.19672131147541,6.649014416004707,-2.131784107946018,0.04000000000000625,-3.6481759120439783,1.1494252873563218
2018,592261,0.24705882352941178,0.11688311688311688,12.175324675324674,-2.1103896103896105,8.795269770879527,-10.113756613756621,,-12.522045855379186,0.0
2018,621446,-0.015748031496062992,0.11510791366906475,9.553349875930518,1.8362282878411902,-6.388725778038758,4.922943722943714,7.070000000000007,13.636363636363633,-1.5151515151515151
2018,435079,0.22857142857142856,0.32867132867132864,12.048192771084338,5.093099671412925,10.063254744105809,-1.9115900383141735,-1.3200000000000074,-5.363984674329501,0.0
2018,519048,0.5348837209302325,0.2064343163538874,13.666666666666668,-5.888888888888889,11.21543188801639,-2.7273945605045213,-2.9200000000000017,-13.046905794245173,4.4540796216003145
2018,571788,0.4642857142857143,0.24758842443729903,-7.219251336898394,-14.705882352941178,-3.9170506912442393,3.566300366300368,5.260000000000005,13.186813186813184,-2.564102564102564
2018,594828,0.04854368932038835,0.3275862068965517,1.4285714285714306,-4.523809523809524,17.720597159849497,-1.7799727891156465,-4.460000000000022,-2.9659863945578238,-0.6258503401360547
2018,502671,0.21428571428571427,0.3843283582089552,6.244725738396621,-3.4092827004219437,6.165311653116532,-3.804092026694761,-2.529999999999987,-5.514576747453461,-5.47945205479452
2018,570256,0.3137254901960784,0.33858267716535434,-0.667808219178081,-3.8184931506849313,5.5883689232167235,-0.5276910569105837,0.789999999999992,-3.95121951219512,-4.1138211382113825
2018,572816,0.4583333333333333,0.3033419023136247,-1.9084712755598847,4.5180136319376825,-5.963759458383114,-0.08287147907401504,0.0,-3.5237769414984577,-0.36492188390922575
2018,519058,0.44805194805194803,0.30625,-1.9151846785225715,2.8727770177838576,-4.516908212560388,-2.4932723112128343,-0.9200000000000017,-13.043478260869566,-1.4187643020594967
2018,405395,0.31756756756756754,0.31142857142857144,-4.48529411764706,1.9117647058823533,-0.19349845201238125,-2.4946960297766765,0.4399999999999977,-4.621588089330022,3.225806451612903
2018,572821,0.26,0.25311203319502074,2.9796511627906987,-5.123546511627907,6.786653910547717,3.348010752688168,1.289999999999992,6.397849462365592,1.5591397849462363
2018,425877,0.325,0.3472584856396867,7.9124579124579135,0.673400673400673,0.6048250084947338,1.6634809634809642,1.9799999999999898,4.700854700854702,-0.4662004662004664
2018,446359,0.3333333333333333,0.16521739130434782,8.663793103448276,1.8965517241379306,0.05205622071837368,-0.968042098229219,-2.3700000000000188,-3.842298696959574,0.30070163715335774
2018,581527,0.030303030303030304,0.2916666666666667,-16.12541993281075,3.1354983202687565,-2.3076923076923066,0.5933333333333337,5.179999999999993,11.578947368421051,0.0
2018,600474,0.2,0.055944055944055944,13.095238095238098,5.952380952380954,12.04081632653061,3.8587400177462428,10.680000000000007,11.268855368234249,0.0
2018,553882,0.07017543859649122,0.3433962264150943,-11.41439205955335,-1.8610421836228284,-7.342657342657342,0.14270557029178121,-2.069999999999993,-5.8355437665782475,0.0
2018,570267,0.09375,0.17757009345794392,3.7449392712550598,7.489878542510122,-0.827370304114492,2.3922090112641,-1.1799999999999926,15.425531914893611,0.0
2018,606115,0.11926605504587157,0.08949416342412451,-3.431708991077553,-0.5833905284831848,1.164958061509786,4.299104859335031,3.809999999999988,9.143222506393862,2.1739130434782608
2018,435622,0.10526315789473684,0.2736625514403292,1.7304189435336959,-0.887978142076502,2.0176893311221633,-0.4668016194331983,2.75,7.219973009446694,-2.564102564102564
2018,595879,0.45985401459854014,0.2755905511811024,-4.085180356366795,-10.16949152542373,-2.3784794349813048,0.2834773936170052,-4.950000000000017,-3.025265957446809,-1.4960106382978724
2018,570799,0.30833333333333335,0.1856060606060606,-6.666666666666664,-5.0,-9.333333333333329,-1.5727777777777732,-5.960000000000008,-7.4999999999999964,-1.6666666666666667
2018,656305,0.21710526315789475,0.3577586206896552,18.850174216027877,-5.05226480836237,2.3997551270278557,-3.687955182072841,0.04000000000000625,-5.672268907563026,-2.380952380952381
2018,446386,0.22580645161290322,0.22641509433962265,4.338624338624339,14.285714285714285,1.034278959810873,-2.2517647058823513,3.460000000000008,4.1176470588235325,1.9607843137254901
2018,575929,0.29545454545454547,0.220873786407767,-6.1421670117322265,0.8971704623878543,-8.123119648229576,-5.202867715078625,-6.27000000000001,-6.64508171446192,2.127659574468085
2018,605113,0.2698412698412698,0.2534246575342466,1.3888888888888893,-2.7777777777777786,3.3834586466165426,2.2228871728871695,4.329999999999998,10.746460746460746,-0.4719004719004718
2018,475582,0.264,0.4292929292929293,-12.719298245614036,-0.33539731682146634,-10.984848484848484,-1.8899855560905081,-3.240000000000009,-0.0962927298988916,-1.4925373134328357
2018,605119,0.24503311258278146,0.28516377649325625,18.24561403508772,-8.087719298245613,3.4056625667208174,-1.3793962848297099,0.20000000000000284,-1.9195046439628491,1.4551083591331266
2018,455104,0.1958762886597938,0.2509505703422053,-0.6756756756756737,-0.8558558558558556,2.312691131498468,-0.9175925925925839,-6.010000000000005,-4.074074074074076,0.0
2018,453568,0.43661971830985913,0.33393501805054154,1.355661881977671,5.18341307814992,-6.087422901582194,0.42405844155844363,0.3399999999999892,-8.425324675324674,-0.09740259740259738
2018,502210,0.30303030303030304,0.29745042492917845,-3.122087604846225,-5.079217148182666,-0.1836547291092714,-2.0905792972459523,-4.700000000000003,-12.57359924026591,0.9615384615384615
2018,607680,0.39869281045751637,0.2133676092544987,-5.0,2.6470588235294112,-1.8565708045140141,0.556935004248075,-0.9200000000000017,-4.184367034834324,1.8691588785046727
2018,624577,0.13,0.39825581395348836,9.487569761542364,-9.58904109589041,-5.555555555555555,-4.672527472527477,-8.800000000000011,-20.146520146520146,2.380952380952381
2018,592325,0.1,0.26337448559670784,-12.056737588652478,-26.95035460992907,5.673758865248228,-3.2704402515723245,,-16.35220125786163,
2018,543685,0.37349397590361444,0.4474708171206226,6.144393241167435,4.608294930875575,9.39153439153439,5.125157894736859,-0.6700000000000159,16.368421052631575,-1.3157894736842104
2018,622534,0.14953271028037382,0.27427184466019416,9.535538353272344,-6.439127375087967,3.121775025799792,0.5480263157894711,-2.160000000000011,4.495614035087719,-2.083333333333333
2018,474568,0.21052631578947367,0.24092409240924093,8.571428571428573,-8.095238095238095,6.003638568829594,-2.122941176470576,1.490000000000009,-1.6911764705882355,-1.691176470588235
2018,624585,0.3795620437956204,0.125,-5.74660633484163,9.20814479638009,-7.2188875550220075,0.3151162790697555,-3.950000000000003,3.286147623862483,2.3255813953488373
2018,621002,0.33653846153846156,0.25957446808510637,6.212121212121211,-15.606060606060604,3.24082696964053,-2.2970695970696084,3.8499999999999943,0.13736263736263865,1.7857142857142856
2018,605131,0.28378378378378377,0.042682926829268296,2.7580772261623316,0.6304176516942483,7.54785120982304,-4.508243727598568,-2.6000000000000085,-6.021505376344086,0.0
2018,444876,0.2887323943661972,0.18251928020565553,-2.54032258064516,-3.064516129032258,1.119278316070833,1.2345174973489037,1.769999999999996,0.45068928950159126,2.1739130434782608
2018,455117,0.20454545454545456,0.13291139240506328,1.2718600953895063,4.186539480657128,-0.18237082066869448,-1.433854845719253,-4.259999999999991,-7.475010864841373,-1.694915254237288
2018,541645,0.10526315789473684,0.22653721682847897,0.8547008547008552,0.0,-3.787878787878789,-0.4722222222222143,-1.6000000000000085,-7.407407407407405,-3.7037037037037033
2018,588751,0.21008403361344538,0.17326732673267325,0.48295454545454497,5.965909090909092,2.312190733243362,-1.0681611692672277,-0.21999999999999886,3.2391862532095566,-1.2048192771084338
2018,640461,0.16923076923076924,0.23880597014925373,3.0303030303030383,-9.523809523809524,0.8679927667269425,4.103139534883724,1.1200000000000045,6.860465116279073,-2.6744186046511627
2018,605137,0.25806451612903225,0.3247663551401869,-9.166666666666666,5.916666666666666,0.6242939532671379,2.5557245080500905,-0.3400000000000034,1.4609421586165787,-1.1627906976744187
2018,502226,0.078125,0.2857142857142857,-12.5,-6.25,-2.2804314329738062,-1.9269172932331031,-2.500000000000014,-7.2180451127819545,0.0
2018,541650,0.17647058823529413,0.21052631578947367,18.213969938107873,-5.128205128205128,9.090909090909086,6.005555555555574,5.190000000000012,13.333333333333329,-2.2222222222222223
2018,472528,0.16981132075471697,-0.04945054945054945,16.574381690660765,2.2148394241417497,16.816847220816037,-0.22536630036630356,-3.180000000000007,-9.249084249084252,0.18315018315018294
2018,605141,0.7028985507246377,0.49159663865546216,5.303030303030303,-6.313131313131313,11.0641161203499,0.49710421362928514,-1.2199999999999989,7.126755678862487,1.7860239292526439
2018,518614,0.3644859813084112,0.21835443037974683,3.606442577030812,2.5210084033613445,1.8633540372670794,-2.033962264150958,-1.759999999999991,-7.547169811320753,-5.769230769230769
2018,664023,0.020202020202020204,0.17079889807162535,-3.6915504511894994,1.1484823625922882,6.436058700209642,8.623076923076923,3.690000000000012,12.393162393162394,3.632478632478632
2018,544725,0.17045454545454544,0.13368983957219252,0.6060606060606055,-4.242424242424242,-1.1680143755615404,1.02500000000002,0.3100000000000023,4.444444444444443,0.0
2018,456665,0.375,0.4245810055865922,7.159716758457908,2.3603461841070033,8.253037285295353,-2.919155354449458,1.0600000000000023,-9.653092006033187,1.8099547511312224
2018,518618,0.1527777777777778,0.24078624078624078,5.4681353265145525,-3.6585365853658534,1.8040383978814916,-0.7275075333620151,4.340000000000003,-2.6976610704548705,2.898550724637681
2018,592348,0.10144927536231885,0.23404255319148937,-0.6791171477079807,0.8488964346349732,2.2802653399668316,3.832046332046332,5.730000000000004,-3.2175032175032214,-5.405405405405405
2018,621020,0.20491803278688525,0.2141119221411192,12.206572769953048,0.24855012427506118,5.57506584723442,-2.227874762808355,-0.09000000000000341,-5.218216318785579,-1.1764705882352942
2018,434658,0.10606060606060606,0.1,1.6775396085740901,1.95712954333644,15.79793340987371,-2.1738461538461706,-1.1200000000000045,-4.487179487179489,2.564102564102564
2018,455139,0.06481481481481481,0.2138364779874214,15.0,-0.8333333333333339,5.537280701754391,-0.29935675408214024,0.36000000000001364,2.572983671449773,-1.9297377535873328
2018,518626,0.24705882352941178,0.29850746268656714,6.332138590203108,-8.363201911589007,6.084656084656089,-2.7533898305084534,-4.319999999999993,-14.346246973365613,0.18159806295399505
2018,607208,0.3176470588235294,0.28771929824561404,-3.932973272399945,-6.398005816368926,2.049936850286606,-0.7906586021505291,3.2199999999999847,5.107526881720432,1.0752688172043012
2018,457705,0.2781456953642384,0.3013182674199623,-2.141102141102138,12.618462618462619,0.3118908382066259,1.1697911607576401,-0.8799999999999955,-1.7160433867573275,0.5180508337380609
2018,457706,-0.041237113402061855,0.039568345323741004,9.529914529914528,5.641025641025641,4.864736592311342,0.553366093366094,-0.8599999999999994,5.257985257985258,0.0
2018,621035,0.23529411764705882,0.1935483870967742,-6.9357747260369,7.532251352476071,-1.1609907120743017,5.567023874118277,1.6200000000000045,12.276180141074342,0.2848616386326641
2018,457708,0.2345679012345679,0.23725055432372505,12.429464694219917,-0.8387982308982762,1.3612950699043402,-1.640763546798027,-0.6699999999999875,-3.448275862068968,2.380952380952381
2018,408045,0.37777777777777777,0.24509803921568626,-1.1075949367088604,-2.4412296564195266,-4.430107526881724,-0.20873949579829798,0.14000000000000057,-1.17647058823529,-5.88235294117647
2018,458731,0.17419354838709677,0.2891832229580574,-4.696868754163887,-5.662891405729512,-4.964874891467359,-1.6873913043478268,0.04000000000000625,-1.8633540372670794,0.0
2018,434158,0.30851063829787234,0.2297734627831715,9.393524851801185,11.85590515275878,12.808641975308642,-0.03938746438745966,0.3300000000000125,0.7834757834757831,1.7806267806267801
2018,500208,0.423841059602649,0.2112676056338028,5.525846702317292,-10.784313725490193,0.8476893628657365,1.7123491067117413,-0.7599999999999909,6.470304200869148,2.7522935779816518
2018,606192,0.36363636363636365,0.1549636803874092,-1.6666666666666679,2.7777777777777777,0.7317073170731732,-4.256818181818176,-5.439999999999998,-9.189723320158109,0.19762845849802435
2018,605170,0.17857142857142858,0.13194444444444445,-4.102564102564099,4.3589743589743595,1.621621621621621,6.129446640316189,3.730000000000004,16.40316205533597,0.0
2018,621043,0.3037974683544304,0.19032258064516128,-1.705276705276706,2.4453024453024437,1.7203219315895346,1.8958728531145823,1.2300000000000182,0.3716995642143033,-0.1409894898743913
2018,592885,0.29357798165137616,0.46309963099630996,-2.0678246484698093,-0.7030603804797355,-1.8229166666666643,-3.2955696202531755,0.6700000000000017,-8.9003164556962,-1.8591772151898733
2018,664056,0.19047619047619047,0.17857142857142858,-7.142857142857142,-2.3809523809523814,3.0323005932762044,-1.8579999999999899,5.819999999999993,-4.0,-4.0
2018,621563,0.25773195876288657,0.30580357142857145,-3.3760683760683747,-13.461538461538462,1.3736263736263759,-1.146767676767638,-1.8999999999999915,1.4141414141414153,-3.7037037037037033
2018,543228,0.13541666666666666,0.23008849557522124,-2.0399113082039904,-4.301552106430155,-18.403547671840354,0.4560606060606034,0.04000000000000625,-1.5151515151515156,3.0303030303030303
2018,621566,0.11724137931034483,0.312621359223301,-15.214866434378632,0.9872241579558647,-11.210954214805302,1.8099686643164858,-4.159999999999997,2.643948296122211,1.5471993732863298
2018,457727,0.17699115044247787,0.22140221402214022,-12.680477087256747,2.4482109227871938,-9.46917160509393,1.1640029325513126,2.0200000000000102,5.64516129032258,-0.6598240469208214
2019,500743,0.3125,0.29767441860465116,6.441223832528181,-0.16103059581320345,-6.533613445378153,-1.0938630999213075,-0.7199999999999989,-4.7206923682140065,0.0
2019,553993,0.3130434782608696,0.3382084095063985,6.7221067221067194,-7.241857241857243,3.762011858515642,-0.5785714285714221,-2.6400000000000006,-9.649122807017541,2.8822055137844607
2019,451594,0.2978723404255319,0.23125,-10.53639846743295,-1.8199233716475103,-20.878787878787875,1.0446480231436652,-2.6299999999999955,3.6644165863066505,1.639344262295082
2019,456715,0.2932330827067669,0.24489795918367346,5.5424528301886795,-4.433962264150944,4.933103504883853,0.5557955641273082,-0.09999999999999432,-0.5978784956605558,-1.639344262295082
2019,595978,0.17647058823529413,0.02867383512544803,0.0,-4.642857142857142,0.32831737346101164,-4.159119496855354,0.4000000000000057,-3.2145352900069852,1.8867924528301887
2019,543760,0.4028776978417266,0.4506578947368421,0.4594820384294067,0.7309941520467831,1.3958125623130577,2.2190577249575796,3.1899999999999977,14.855687606112053,2.631578947368421
2019,643603,0.07272727272727272,0.12053571428571429,17.366946778711483,3.3613445378151283,0.0,0.06814814814813985,-1.9500000000000028,7.222222222222221,0.0
2019,593428,0.3170731707317073,0.44869565217391305,5.985319028797289,-8.300395256916994,-2.388059701492537,1.6715064562410191,-1.1599999999999966,2.4103299856527975,-1.2625538020086082
2019,605204,0.4189189189189189,0.3403693931398417,-9.016999260901699,-0.5173688100517388,-12.870762711864407,-3.3307747489239574,-2.6400000000000006,-6.5279770444763265,-2.941176470588235
2019,543768,0.07272727272727272,0.03125,2.1505376344086073,-13.44086021505376,9.593837535014007,-1.5741234221598859,-3.3699999999999903,-7.363253856942496,-1.1220196353436185
2019,543257,0.2696629213483146,0.24427480916030533,2.051282051282051,14.871794871794872,4.302832244008716,0.6094152046783421,-1.710000000000008,7.836257309941519,0.0
2019,457759,0.24193548387096775,0.44941176470588234,-10.44379484453893,1.355301621047035,-2.9399341049252357,1.0313253012048023,4.579999999999998,13.511187607573152,1.2048192771084338
2019,457763,0.27835051546391754,0.2557471264367816,-0.27322404371584597,-0.13661202185792298,-1.60776160776161,0.04109224109224385,0.6999999999999886,-11.222111222111224,0.0
2019,445988,0.273972602739726,0.12299465240641712,20.0,-6.695652173913043,13.604651162790699,2.2483552631578902,-0.22000000000001307,-0.438596491228072,0.0
2019,518692,0.40601503759398494,0.4293381037567084,9.686746987951807,-6.7469879518072275,-0.6092495153697008,-2.333500522466025,-1.240000000000009,-10.595611285266465,0.4806687565308254
2019,475174,0.35,0.1574468085106383,-0.6305170239596478,-15.804960067255147,-2.935805590672846,1.3713684210526225,-0.6299999999999955,0.45614035087719884,-3.929824561403508
2019,519203,0.41935483870967744,0.4621676891615542,-4.863221884498483,-3.205305332964908,2.6004529821323743,1.1220797720797862,-0.5200000000000102,-4.700854700854702,3.8461538461538463
2019,571431,0.2037037037037037,0.14336917562724014,-37.77777777777777,4.444444444444445,-6.51697699890471,-1.4395833333333172,,-2.0833333333333286,-4.166666666666668
2019,656941,0.18681318681318682,0.35260115606936415,21.715686274509807,-2.1568627450980395,17.76960784313726,-0.20422222222222786,-1.3599999999999994,-1.3333333333333286,-2.4444444444444446
2019,542255,0.19801980198019803,0.37209302325581395,3.2142857142857153,-7.976190476190477,2.4299065420560737,-0.8750228449588633,-7.260000000000005,-12.39719768504417,0.0
2019,547379,0.07142857142857142,0.24538258575197888,-4.888888888888889,-5.333333333333333,11.305970149253728,4.639999999999986,2.4399999999999977,22.72727272727273,3.3333333333333335
2019,571448,0.4418604651162791,0.48592870544090055,1.131221719457014,1.8099547511312224,0.7710651828298865,4.677777777777791,2.6700000000000017,11.11111111111111,3.3333333333333335
2019,545341,0.17647058823529413,0.24361493123772102,-6.581298391899942,0.32757593805836827,-3.1400137268359636,-1.1764444444444422,-2.6500000000000057,4.7407407407407405,-0.5185185185185182
2019,641598,0.52,0.4174757281553398,27.619047619047617,11.428571428571429,16.41509433962264,-3.596874999999997,-2.9199999999999875,-12.5,0.0
2019,543807,0.35555555555555557,0.46318289786223277,-3.086419753086421,1.234567901234568,-4.580784913353725,3.9331610235202845,5.040000000000006,11.760144740242957,-3.7735849056603774
2019,444482,0.3181818181818182,0.29896907216494845,10.04878048780488,8.536585365853659,13.078410950751378,-0.8726480836236732,-2.3600000000000136,-5.768486256291133,0.0
2019,571970,0.23636363636363636,0.36325678496868474,10.606060606060602,-3.787878787878787,7.692307692307693,0.4027985074626912,-3.1299999999999955,-2.0211442786069647,-0.5907960199004973
2019,592450,0.30337078651685395,0.2877094972067039,-5.056759545923633,-9.08152734778122,-3.334391870435063,3.033594771241809,0.6299999999999955,7.058823529411761,-3.725490196078432
2019,608324,0.4262295081967213,0.5651408450704225,-2.1111111111111107,6.833333333333334,-2.5817555938037877,2.339049919484708,2.6899999999999835,13.36553945249597,4.3478260869565215
2019,452678,0.2808988764044944,0.3035294117647059,-8.205128205128204,0.3076923076923075,5.2387495705942975,-0.3164822134387606,-2.1499999999999773,3.359683794466399,-2.529644268774703
2019,609275,0.23809523809523808,0.10410094637223975,3.04878048780488,7.317073170731707,-1.270284650172922,-0.7693592677345578,-1.6899999999999977,-7.208237986270024,-0.06864988558352403
2019,571976,0.11214953271028037,0.14360313315926893,15.584415584415584,1.803751803751803,6.060606060606059,-3.453410500206701,0.2600000000000051,-8.515915667631251,8.47457627118644
2019,571466,0.16666666666666666,0.24475524475524477,17.916666666666664,-11.666666666666668,11.703239289446188,-0.3016666666666623,-5.6699999999999875,-13.333333333333332,0.0
2019,457803,0.2524271844660194,0.3217391304347826,2.424242424242422,1.3257575757575761,-1.3333333333333286,-4.551915708812231,-2.7099999999999937,-4.521072796934867,-7.662835249042145
2019,543308,0.2777777777777778,0.035842293906810034,11.111111111111114,-2.7777777777777786,-8.602150537634405,-1.8660130718954093,-1.7800000000000011,2.3965141612200433,0.0
2019,571980,0.1095890410958904,0.3167420814479638,-9.083469721767592,6.382978723404255,4.881720430107524,7.2818181818181955,5.939999999999998,5.169340463458113,3.9215686274509802
2019,622666,0.23943661971830985,0.24858757062146894,-14.596949891067542,-12.091503267973858,-1.4619883040935662,9.598221343873547,4.82999999999997,15.349143610013178,0.0
2019,518735,0.3269230769230769,0.3428030303030303,-4.411764705882355,6.209150326797385,4.984615384615381,-0.1290942028985711,-2.180000000000007,-1.6666666666666714,-3.550724637681159
2019,608336,0.3853211009174312,0.22340425531914893,14.108031272210372,-7.391613361762612,9.922430510665812,2.4691400491400657,2.5,3.095823095823093,-2.7027027027027026
2019,545361,0.5630252100840336,0.5031185031185031,6.1224489795918355,-3.6734693877551017,-2.4125874125874143,-5.860026737967914,-4.569999999999993,-15.909090909090914,-1.6042780748663108
2019,543829,0.2689075630252101,0.22185430463576158,5.391304347826086,1.7971014492753623,0.7567794828673549,-0.5600367197062326,-1.1300000000000097,-7.099143206854343,0.0
2019,642133,0.18604651162790697,0.21671826625386997,8.739002932551323,-9.266862170087975,3.2471264367816133,-0.4457435344827445,-4.819999999999993,-4.795258620689658,-6.896551724137931
2019,434778,0.18181818181818182,0.2743362831858407,-4.684095860566451,-3.594771241830067,-10.974808324205913,1.6230913348946103,2.5600000000000023,14.473067915690866,2.060889929742389
2019,596059,-0.07246376811594203,0.220703125,15.217391304347828,0.0,7.048669383840803,0.47557312252962447,-4.299999999999997,4.2687747035573125,-1.8181818181818181
2019,606299,0.11956521739130435,0.2765273311897106,-8.170426065162907,3.508771929824561,-6.547945205479449,1.5763257575757592,2.279999999999987,1.7045454545454533,1.5151515151515151
2019,608348,0.11320754716981132,0.3685897435897436,4.212454212454212,-7.142857142857142,-3.683385579937301,-1.6619565217391425,-2.0,1.086956521739129,0.0
2019,542303,0.43859649122807015,0.2942528735632184,-12.432432432432432,9.864864864864865,0.6822612085769926,4.3233979135618625,2.3999999999999915,23.174366616989566,4.918032786885246
2019,429664,0.26851851851851855,0.3142857142857143,0.6349206349206327,3.492063492063491,-2.7526881720430154,1.8514500537057046,8.459999999999994,17.158968850698173,-0.7250268528464019
2019,429665,0.384,0.3767313019390582,7.494588744588745,-2.3809523809523796,5.930710510863182,-1.0261904761904788,2.8499999999999943,-2.0703933747411973,-3.312629399585921
2019,646240,0.2796610169491525,0.4434931506849315,-2.4253179532682676,2.8393966282165035,2.8846153846153832,2.7034629981024665,4.010000000000019,4.50664136622391,0.0
2019,543333,0.25,0.20658135283363802,9.635722679200942,-5.464159811985899,4.9836601307189525,-1.3949013949014102,0.7600000000000051,-2.16450216450216,-1.106301106301106
2019,608369,0.23015873015873015,0.3783132530120482,-1.6697588126159566,-7.235621521335807,-4.039353703407453,3.322096530920078,-1.3700000000000045,4.675716440422324,1.282051282051282
2019,570482,0.4090909090909091,0.37073170731707317,-9.890109890109889,-17.58241758241758,-10.981308411214954,2.868137254901967,2.2700000000000102,2.9411764705882355,0.0
2019,475253,0.3302752293577982,0.28388746803069054,-6.4705882352941195,8.50980392156863,-4.362745098039213,4.447991391678627,0.5999999999999943,8.177905308464851,-0.5021520803443327
2019,641658,0.012345679012345678,0.2032520325203252,-3.0322580645161317,4.0,-4.94225087295192,2.1085057471264435,2.760000000000005,11.877394636015325,0.0
2019,572033,0.29411764705882354,0.24452554744525548,11.847922192749778,-0.8841732979664014,0.4663557628247865,-2.510000000000005,-0.789999999999992,-7.083333333333336,-1.2500000000000004
2019,608385,0.3786407766990291,0.3807829181494662,-5.913978494623656,9.274193548387096,-2.0368718406184936,-2.719949968730461,-0.7099999999999937,3.7523452157598527,4.878048780487805
2019,542340,0.2814814814814815,0.2452504317789292,-2.088277171333651,9.587090650213574,8.93868065073595,-3.598024132730032,3.1099999999999994,-0.663650075414786,-2.096530920060332
2019,543877,0.27848101265822783,0.3167420814479638,-8.137931034482758,1.1034482758620694,-7.57796560769455,3.558989898989921,4.019999999999996,12.323232323232325,1.8181818181818181
2019,592518,0.19166666666666668,0.35304990757855825,5.142857142857142,-13.714285714285715,0.8333333333333321,6.307142857142821,3.3400000000000176,19.066820276497698,0.0
2019,500871,0.3709677419354839,0.3519163763066202,0.05574136008918629,7.190635451505017,-3.0415367764765335,3.3008012820512675,3.569999999999979,15.705128205128204,2.564102564102564
2019,501896,0.37735849056603776,0.42857142857142855,-3.4055727554179533,-11.609907120743031,-18.53448275862069,-0.9921171171171039,1.539999999999992,-9.009009009009002,-16.666666666666664
2019,518792,0.44554455445544555,0.2827868852459016,5.3467000835421885,1.670843776106933,-2.2222222222222214,-1.3975579975579961,-1.1800000000000068,-8.913308913308914,-0.9768009768009767
2019,500874,0.3048780487804878,0.23024054982817868,-7.416081186572988,6.557377049180328,-4.030874785591768,3.0010504201680845,2.760000000000005,7.983193277310928,0.0
2019,572041,0.1826086956521739,0.34801762114537443,17.424242424242422,8.03030303030303,8.756936736958933,-2.9807407407407425,-1.3299999999999983,-3.7037037037037024,1.8518518518518516
2019,596105,0.34210526315789475,0.2014388489208633,5.764821487061905,6.125122830003274,11.092436974789916,1.9421039480259878,4.449999999999989,1.39930034982509,1.4492753623188406
2019,572039,0.2426470588235294,0.24124513618677043,9.625784122863944,-3.2446463335496425,5.988896599583622,-3.236087727071336,-3.530000000000001,-8.750553832521046,1.3513513513513513
2019,547982,0.175,0.04861111111111111,-12.6984126984127,-10.714285714285712,-11.648577844311376,-5.187587412587433,-3.299999999999997,-6.905594405594407,1.1363636363636365
2019,665742,0.296,0.44756554307116103,-6.088664421997759,-1.0942760942760952,-15.762650163815074,0.4739463601532634,-1.4599999999999937,9.961685823754792,-2.145593869731801
2019,643217,0.23728813559322035,0.2635814889336016,-0.34965034965035,2.913752913752913,2.514231499051231,1.5234920634920996,1.2999999999999972,3.1111111111111143,4.0
2019,596115,0.3053435114503817,0.33714285714285713,-2.1403683424589346,-5.326032852165256,-12.745316681534344,3.920665322580632,0.8900000000000006,7.896505376344091,1.0416666666666665
2019,467092,0.21212121212121213,0.36470588235294116,13.152985074626866,7.32276119402985,8.866995073891623,-0.1361904761904782,-1.0,-9.890109890109898,0.0
2019,547989,0.3162393162393162,0.31130434782608696,1.3888888888888893,4.444444444444444,-1.7682106477032455,-0.01829930214523756,-0.21999999999999886,13.4660118893771,2.2227965882657013
2019,642708,0.21238938053097345,0.2809611829944547,-11.661129568106308,-1.2624584717607972,-9.00926451124976,0.9239473684210253,-1.9799999999999898,-6.052631578947366,3.9473684210526314
2019,650391,0.12941176470588237,0.30787589498806683,-3.045404208194906,2.2148394241417497,-13.100678576374463,3.2362745098039056,4.910000000000011,8.403361344537817,1.9607843137254901
2019,657557,0.4728682170542636,0.23177570093457944,-15.28061224489796,2.6275510204081636,-18.795557098229782,-1.924539007092207,-1.3399999999999892,-12.964539007092199,-5.843971631205673
2019,642715,0.061224489795918366,0.23045267489711935,-12.289562289562294,0.5892255892255891,-2.030590717299578,0.789999999999992,2.950000000000017,7.5,1.6666666666666667
2019,645277,0.3787878787878788,0.37894736842105264,12.318662404720923,-4.179985247110892,3.2497504990019905,-2.9657062323833543,-2.8299999999999983,-12.856248042593172,-1.6129032258064515
2019,452254,0.3870967741935484,0.3661417322834646,6.013071895424838,3.006535947712419,-0.8739076154806504,-8.750714285714295,-1.950000000000017,-26.785714285714285,1.7857142857142856
2019,596129,0.5698924731182796,0.20430107526881722,-3.825431034482758,1.1853448275862064,-3.5100638193421716,-5.877390710382528,-4.019999999999996,-23.770491803278688,1.639344262295082
2019,516770,0.23770491803278687,0.30324909747292417,5.772005772005773,8.167388167388168,1.9369944657300984,-0.5159651669085719,2.530000000000001,0.5805515239477508,-3.7735849056603774
2019,650402,0.25203252032520324,0.3804573804573805,9.294512877939528,-5.879059350503919,2.822207534699274,-1.0030622009569328,-3.219999999999999,-4.3062200956937815,0.2870813397129186
2019,443558,0.37362637362637363,0.4372093023255814,1.7575757575757578,-6.909090909090908,-5.541871921182267,1.8410326086956417,-1.6700000000000017,5.842391304347828,4.6875
2019,408234,0.1623931623931624,0.2777777777777778,4.255970606246173,-8.175137783221068,-2.0547945205479436,-3.8487951807229024,-2.3400000000000034,-0.6746987951807206,1.2048192771084338
2019,656555,0.40625,0.27902946273830154,8.116883116883113,-6.168831168831172,10.017693150223273,0.7798933209647743,2.1700000000000017,3.4786641929499034,-2.945269016697588
2019,516782,0.225,0.3952569169960474,8.020050125313281,-5.263157894736842,8.979919678714857,3.1947619047619042,4.530000000000001,22.857142857142854,0.0
2019,546991,0.19736842105263158,0.24041811846689895,-10.662020905923345,1.6027874564459923,-2.5465838509316754,1.8243410852712998,-0.8199999999999932,5.9431524547803605,2.2222222222222223
2019,596142,0.43283582089552236,0.2717678100263852,25.296442687747035,8.49802371541502,11.95121951219512,-0.8285714285714505,1.4200000000000017,-5.155746509129973,1.181525241675617
2019,519346,0.25396825396825395,0.26515151515151514,-25.358851674641148,11.363636363636363,-14.564564564564566,7.390340909090909,6.200000000000003,19.886363636363633,-1.7045454545454541
2019,596146,0.43137254901960786,0.39878542510121456,-5.675995270003943,6.582577847851793,-3.6996336996337007,0.7573359617009459,4.299999999999997,-3.717262742889325,-1.1827654181920595
2019,657077,0.5277777777777778,0.34098360655737703,-4.481792717086833,5.88235294117647,-6.494611457742483,-0.6789389920424185,-0.7000000000000028,-4.8806366047745335,1.5384615384615385
2019,645302,0.21052631578947367,0.2485089463220676,2.46153846153846,-8.923076923076922,-7.183590875643855,-8.064390371533236,-0.14000000000001478,-1.6221873364730506,0.0
2019,592567,0.30158730158730157,0.22045454545454546,-12.222222222222223,-15.555555555555554,-10.849909584086799,-7.15110062893082,-6.8500000000000085,-19.025157232704405,1.8867924528301887
2019,547004,0.1792452830188679,0.23452768729641693,-18.792756539235413,5.513078470824951,-19.006736230352658,-2.0286764705882376,1.0600000000000023,-0.22058823529411953,0.0
2019,527038,0.28735632183908044,0.46464646464646464,-1.7241379310344822,0.0,2.04697263520793,3.51471806307741,1.3200000000000074,10.704045874482318,-3.2812997769990444
2019,660670,0.34375,0.30153321976149916,5.683285972616893,-3.6683027641436325,-3.3138918345705193,-2.584027777777777,-3.8300000000000125,-6.481481481481481,-3.4722222222222223
2019,570560,0.06944444444444445,0.17805383022774326,-9.41558441558442,10.064935064935064,-3.571428571428573,3.949655172413813,0.980000000000004,19.540229885057467,0.0
2019,660162,0.3826086956521739,0.28378378378378377,-2.1739130434782616,2.1739130434782608,-1.1286465805834531,0.1256671899528783,2.6500000000000057,-2.6425954997383556,-4.8403976975405545
2019,543939,0.40707964601769914,0.30504587155963303,-10.16096579476861,7.3775989268947,-8.360836083608358,3.7969152440850706,-1.5600000000000023,-0.4192872117400448,-1.8867924528301887
2019,542921,0.27049180327868855,0.1407766990291262,21.645390070921984,-9.560283687943262,10.149572649572647,-1.770596491228062,-1.2399999999999949,0.28070175438596934,-2.631578947368421
2019,474832,0.3333333333333333,0.2649402390438247,-7.672634271099746,7.4808184143222505,-4.016308119361554,-2.891112808759857,0.19999999999998863,-11.280875986758346,-0.025464731347084157
2019,502481,0.4,0.16180371352785147,-8.277591973244148,0.41806020066889715,-5.519480519480517,8.248443223443232,1.4599999999999937,6.868131868131869,0.0
2019,621514,0.3125,0.17329545454545456,-1.7718715393134055,-2.1040974529346617,-11.363636363636363,0.08229483282677563,3.8899999999999864,1.5957446808510625,1.443768996960486
2019,501981,0.26153846153846155,0.13895781637717122,12.055383146335643,1.6710432084029598,6.963354331775385,-0.9389328063241322,0.0,3.557312252964426,0.8563899868247695
2019,643396,0.0847457627118644,0.17791411042944785,8.205128205128204,2.8205128205128194,-5.074626865671643,1.002971576227381,-6.25,-15.24547803617571,2.3255813953488373
2019,605412,0.22340425531914893,0.31738035264483627,13.004032258064516,-10.786290322580644,11.500754147812971,5.3537056550755295,3.4599999999999795,9.272918861959957,1.36986301369863
2019,593643,0.28378378378378377,0.35714285714285715,3.666666666666668,-2.166666666666666,5.536490505605125,0.8149054505005466,-3.1599999999999966,-18.909899888765295,1.7241379310344827
2019,600303,0.5333333333333333,0.3852813852813853,0.5060728744939276,1.0121457489878551,4.761904761904762,2.7561410018552692,2.059999999999988,14.359925788497215,-0.22263450834879417
2019,592626,0.4818181818181818,0.3465346534653465,5.303030303030303,-4.545454545454543,7.083333333333332,0.7161059018201854,0.7599999999999909,0.44125758411473015,-2.068394925537782
2019,657656,0.11965811965811966,0.3489010989010989,-4.615384615384613,5.769230769230769,-7.397934087555342,-2.702534562211966,-7.599999999999994,-6.758832565284177,-0.7680491551459294
2019,598265,-0.050505050505050504,0.2692307692307692,0.12458471760797352,7.848837209302325,1.3926667392013883,2.339893617021289,-1.1199999999999903,11.96808510638298,0.0
2019,650490,0.4649122807017544,0.2918454935622318,12.310606060606059,4.166666666666664,1.2153392330383497,-3.842363396971706,-2.6099999999999994,-9.743252139565502,-0.8558262014483216
2019,621311,0.24719101123595505,0.2962962962962963,-3.3333333333333286,-1.6923076923076925,-5.257861635220131,-4.46315789473681,-1.0799999999999983,2.7308838133068534,-0.7447864945382321
2019,606466,0.32,0.532803180914513,0.730519480519483,10.38961038961039,0.5238095238095237,-1.3170677966102033,-4.859999999999985,-6.118644067796609,-0.6949152542372881
2019,503556,0.08139534883720931,0.2864721485411141,-0.862068965517242,-2.093596059113299,-7.83902345985123,3.397235023041489,2.519999999999982,6.9124423963133665,8.064516129032258
2019,593160,0.36923076923076925,0.315702479338843,9.934640522875817,6.143790849673202,2.765469824293355,-1.290771929824544,-0.9399999999999977,-5.07017543859649,0.2456140350877194
2019,596748,0.4576271186440678,0.25806451612903225,8.68217054263566,-14.263565891472869,8.54261796042618,4.084024064171132,1.3999999999999915,11.07397504456328,-1.9607843137254901
2019,606988,0.12987012987012986,-0.013605442176870748,7.575757575757574,3.787878787878787,5.7647058823529385,0.46332916145182423,-1.9399999999999977,-3.066332916145182,2.127659574468085
2019,493329,0.2920353982300885,0.5,1.6798418972332012,0.42819499341238565,3.460706560922855,6.856410256410257,3.3200000000000216,12.820512820512818,0.0
2019,462101,0.43333333333333335,0.23863636363636365,-0.6462984723854284,9.988249118683903,0.6198347107437989,-3.1492063492063522,-0.3200000000000074,-11.42857142857143,4.285714285714286
2019,488726,0.4418604651162791,0.4409448818897638,-2.6234567901234573,1.1574074074074066,-0.6561528721077465,-2.9097826086956644,-1.2399999999999949,0.2717391304347849,0.09057971014492772
2019,518934,0.336283185840708,0.4280442804428044,-2.6712328767123292,-0.6506849315068495,-0.8272058823529402,1.164406028368802,0.19999999999998863,-8.089539007092203,0.0
2019,520471,0.31313131313131315,0.19795918367346937,3.7593984962405997,-7.142857142857142,1.7958626960672852,0.15636363636365047,-0.6700000000000159,0.2447552447552468,-0.104895104895105
2019,543510,0.35,0.19230769230769232,8.600770218228499,9.75609756097561,-3.306342780026995,-2.133881578947367,2.8900000000000006,6.030701754385966,0.0
2019,592663,0.2807017543859649,0.325678496868476,10.714285714285715,-6.349206349206348,-1.848151848151847,-3.324582985821536,1.539999999999992,-0.6672226855713035,1.834862385321101
2019,641820,0.4380165289256198,0.3548387096774194,6.621004566210047,-0.11415525114155223,2.5324180015255564,-2.3965268065267935,-1.3800000000000097,-3.7762237762237767,-1.0722610722610724
2019,592669,0.36585365853658536,0.19174757281553398,8.348794063079776,-2.9684601113172553,8.555286521388213,-11.90522727272726,-7.070000000000007,-36.81818181818183,-10.0
2019,624413,0.3983739837398374,0.36666666666666664,-7.407407407407405,6.4373897707231045,-5.267857142857146,-3.353895348837213,-2.8299999999999983,-14.593023255813954,2.3255813953488373
2019,458015,0.24545454545454545,0.2931726907630522,11.628746840014443,5.236547490068617,-8.065458796025716,-6.383304572907676,1.6899999999999977,-8.628127696289905,-0.9922346850733388
2019,448801,0.04,0.0,-16.64244186046512,-7.848837209302325,-1.0269882971101012,3.9239583333333314,1.710000000000008,21.875,6.25
2019,614177,0.3626373626373626,0.24288840262582057,10.71055381400209,-6.948798328108673,14.816304639313486,2.059113300492612,0.9399999999999977,9.35960591133005,2.7914614121510675
2019,641313,0.41414141414141414,0.28878281622911695,5.429864253393664,-1.4027149321266965,-2.3002421307506076,-1.4316176470588289,-5.009999999999991,-6.32352941176471,1.1764705882352942
2019,600869,0.12280701754385964,0.18382352941176472,-3.2608695652173907,2.365728900255755,-8.583959899749377,-1.6055048335123416,-3.700000000000003,-8.968850698174009,0.0
2019,502054,0.4,0.31758034026465026,-4.813664596273293,-1.9151138716356133,-5.107240194335823,3.067092119866814,1.690000000000012,11.209766925638178,1.4705882352941175
2019,595751,0.14457831325301204,0.12827225130890052,1.0691823899371116,5.660377358490567,11.201584507042256,2.733333333333306,1.5700000000000074,3.7037037037037095,0.0
2019,455976,0.39669421487603307,0.3333333333333333,-7.251461988304095,5.5847953216374275,-4.591836734693878,-1.7598923050199886,-1.3199999999999932,0.10422094841063156,-2.518672919923571
2019,605480,0.02727272727272727,0.17543859649122806,8.333333333333329,-6.060606060606059,7.632531403023208,-1.2756799369334004,-2.8400000000000034,-5.478912100906584,-2.3255813953488373
2019,624424,0.3798449612403101,0.3217726396917148,-8.98376113148245,12.991094814038764,-6.067154255319153,-2.3835079977937,-3.480000000000018,-4.936569222283509,2.7027027027027026
2019,460075,0.18095238095238095,0.37220843672456577,-8.955792682926827,9.375,-8.829629629629625,0.034122042341223846,-2.4000000000000057,-7.5965130759651345,-5.448318804483187
2019,425772,0.0196078431372549,-0.11398963730569948,-42.38095238095239,5.238095238095238,-11.904761904761909,-5.380555555555546,-5.0,-4.861111111111111,0.0
2019,624428,0.26666666666666666,0.3518886679920477,2.331002331002333,-1.1655011655011638,2.9450166835920495,-2.29706862091939,-5.539999999999992,-12.49167221852099,-5.263157894736842
2019,518960,0.3010752688172043,0.2425531914893617,-0.1407129455909928,2.8142589118198877,4.166666666666668,4.162981744421941,-0.5100000000000051,10.953346855983778,1.7241379310344827
2019,643376,0.04,0.2524271844660194,13.558106169296991,6.312769010043042,7.932875667429446,-6.704887218045087,-6.219999999999985,-15.639097744360901,0.0
2019,592178,0.3305785123966942,0.3645224171539961,-11.301369863013699,6.735159817351599,-0.28686173264486925,0.23861236802413544,3.990000000000009,7.31523378582202,3.8461538461538463
2019,460086,0.4838709677419355,0.2554027504911591,3.0433534309503294,-6.546080964685617,2.3641851106639855,-0.8756064073226497,0.5600000000000023,-3.1350114416476025,-0.06864988558352403
2019,425783,0.4358974358974359,0.2504604051565378,-12.355584082156613,-1.6688061617458292,-10.938010676544284,2.245045045045046,-1.8800000000000097,-2.0790020790020733,1.282051282051282
2019,592696,0.4642857142857143,0.34518828451882844,-7.539118065433852,-6.472261735419629,-6.742940603700099,1.5891218005295684,3.0800000000000125,13.54810238305384,4.854368932038835
2019,641343,0.23232323232323232,0.14814814814814814,9.09090909090909,3.0303030303030294,2.5423728813559308,0.10042283298095356,-3.6599999999999966,-8.104298801973219,1.5151515151515151
2019,641856,0.16304347826086957,0.21195652173913043,-0.6822612085769961,-13.157894736842104,-2.449201741654573,-0.42933601609657046,4.8799999999999955,3.943661971830984,-1.448692152917505
2019,608577,0.32407407407407407,0.2548476454293629,1.617647058823529,-7.0588235294117645,2.087084629235555,0.36482334869430133,1.980000000000004,5.508009655475089,1.0752688172043012
2019,641857,0.15789473684210525,0.21814254859611232,-2.0542920029347016,-3.154805575935436,-2.8735632183907995,-0.16448445171849357,-0.980000000000004,4.9918166939443545,2.127659574468085
2019,516416,0.39759036144578314,0.3252336448598131,-0.1754385964912295,3.450292397660818,-3.6046184173472238,2.122128378378349,-2.8100000000000165,-6.925675675675674,0.0
2019,592192,0.2641509433962264,0.3963963963963964,-1.1904761904761934,-18.601190476190474,-8.377896613190728,-1.5760606060605937,-4.5,-3.9393939393939412,-3.3333333333333335
2019,435522,0.2727272727272727,0.25597269624573377,-2.6436781609195386,0.3448275862068968,-10.010131712259373,-8.25,-2.0700000000000074,-13.333333333333332,-6.666666666666667
2019,501571,0.09523809523809523,0.12162162162162163,-21.428571428571427,7.1428571428571415,-18.981018981018984,0.4650615901455808,-6.459999999999994,-5.039193729003358,0.0
2019,572228,0.36153846153846153,0.23684210526315788,3.0,-0.25,-2.390939597315434,3.462742019884857,6.6699999999999875,5.520669806384092,-4.081632653061225
2019,595777,0.17857142857142858,0.3669950738916256,-2.5542784163473833,5.810983397190294,-6.148018648018645,-2.351831785345709,-0.14999999999999147,-10.423116615067077,-3.508771929824561
2019,571718,0.4105263157894737,0.18457300275482094,-3.333333333333332,3.8461538461538467,-0.5279034690799378,0.8196708763873204,-2.3800000000000097,5.510907003444315,1.9135093761959432
2019,607043,0.14285714285714285,0.3087248322147651,-19.77896341463415,-0.5716463414634134,-13.962765957446809,-1.5799107142857025,-1.3500000000000227,-5.676020408163264,-3.125
2019,514888,0.3984375,0.4439140811455847,1.7206477732793513,5.465587044534412,0.8985879332477573,0.503159071847918,-0.7000000000000028,-5.227844562482531,-2.683813251327929
2019,572233,0.36283185840707965,0.26326530612244897,9.194139194139193,7.106227106227105,14.735099337748345,-4.880882352941185,-2.8900000000000006,-3.01857585139318,1.0061919504643964
2019,608070,0.2231404958677686,0.43705463182897863,5.1363348129359565,7.989854153455931,2.4928092042186023,1.5366314506298409,3.480000000000004,5.6887444128403075,-2.478667208451849
2019,628356,0.06172839506172839,0.14423076923076922,5.484693877551024,-8.418367346938776,-0.5789473684210513,0.767204695524569,4.019999999999996,13.352898019075568,6.382978723404255
2019,641355,0.7727272727272727,0.45179584120982985,1.1278195488721803,6.390977443609023,-4.988716956802062,-6.344933677229179,-0.8700000000000045,-12.546057479734703,-0.128960943257185
2019,592206,0.21100917431192662,0.36576576576576575,2.4248633879781423,-7.581967213114754,-11.365849340532886,-2.315708478513386,1.7099999999999937,-9.088269454123111,-0.058072009291521454
2019,467793,0.39473684210526316,0.4423076923076923,12.307692307692307,8.410256410256412,2.6733500417710943,-2.5244232036914696,-1.4299999999999926,-8.50362557679631,2.7027027027027026
2019,595281,0.2815533980582524,0.20159151193633953,-15.14423076923077,-1.4423076923076925,-12.48917748917749,-1.4470605022831222,-2.019999999999996,-7.962328767123289,0.0
2019,543063,0.03571428571428571,0.24553571428571427,1.4705882352941195,10.962566844919786,-1.3325411644882053,-0.991952054794524,-0.5300000000000011,-7.19178082191781,-2.083333333333333
2019,572761,0.208,0.21311475409836064,-2.0,3.333333333333334,1.1730676522577532,-1.6729310344827724,-2.0900000000000034,2.4137931034482776,-3.3333333333333335
2019,594777,0.2396694214876033,0.28180039138943247,-4.260869565217391,3.304347826086957,-3.42548076923077,-0.02555555555557021,-0.029999999999986926,3.8095238095238173,-0.9523809523809526
2019,543068,0.2840909090909091,0.29683698296836986,1.7369727047146384,2.60545905707196,0.08695652173912904,-4.039104477611943,-3.1499999999999915,1.691542288557212,1.4925373134328357
2019,571740,0.13095238095238096,0.07806691449814127,6.6129959746981015,9.48821161587119,3.5375040943334426,-1.7231539424280555,-1.6599999999999966,-0.3337505214851899,0.0
2019,502110,0.4083333333333333,0.3891992551210428,4.177323103154304,0.341005967604433,1.1354420113544208,-0.4188201628879824,2.0999999999999943,-1.8269865727492842,2.201188641866608
2019,430945,0.40476190476190477,0.21890547263681592,3.7894736842105257,5.210526315789473,9.219858156028367,-0.4237458193979933,0.01999999999999602,-8.31103678929766,-0.45150501672240817
2019,571745,0.30985915492957744,0.1702127659574468,-0.30358227079538835,10.301558388990083,-0.06357683260219815,-0.7120038259205899,2.2800000000000153,-5.7627929220468666,4.878048780487805
2019,547172,0.2898550724637681,0.21637426900584794,8.695652173913043,10.869565217391306,-6.2189054726368145,-3.1629120879120904,-0.7599999999999909,-6.318681318681319,0.0
2019,514917,0.3140495867768595,0.29853479853479853,-4.311454311454314,1.415701415701415,-6.033697632058285,1.5167274622199045,1.9200000000000017,-1.5893694632621127,-2.631578947368421
2019,435559,0.2830188679245283,0.43359375,14.444444444444445,-2.698412698412698,2.380952380952383,-2.7590909090908866,-1.2099999999999937,-11.0,-1.727272727272727
2019,592743,0.3709677419354839,0.29333333333333333,-7.386363636363635,0.22727272727272707,-2.003242241778601,3.4333333333333513,1.6400000000000006,7.111111111111107,0.22222222222222232
2019,570731,0.3125,0.2418478260869565,-10.9375,-4.6875,-9.85507246376812,3.339467408585051,0.23000000000000398,3.855325914149443,1.4705882352941175
2019,547180,0.29457364341085274,0.32730560578661844,4.285714285714285,-13.571428571428571,-9.812686249467852,-1.5358024691357741,-6.6499999999999915,-5.246913580246911,-8.333333333333332
2019,596847,0.3375,0.3022113022113022,-10.0,10.0,-16.628029504741832,-1.1266315095583224,2.5600000000000023,1.9775873434410016,2.175346077785102
2019,467827,0.14583333333333334,0.28292682926829266,-9.070087036188733,0.36646816307833063,0.10243277848911703,0.08952898550724342,-0.05999999999998806,-0.5072463768115938,1.4492753623188406
2019,435062,0.49206349206349204,0.46254071661237783,2.045454545454545,-14.090909090909092,-16.95402298850575,0.8859484777517537,,9.133489461358316,1.639344262295082
2019,542583,0.13043478260869565,0.26714801444043323,13.25757575757576,-7.386363636363635,15.512265512265518,-1.5659090909091162,2.6299999999999955,4.545454545454547,4.3181818181818175
2019,643446,0.47413793103448276,0.43680709534368073,-4.166666666666668,-1.0416666666666679,-8.090918569492235,0.9857471793690991,2.0400000000000063,1.151277918489523,0.9900990099009901
2019,594809,0.25396825396825395,0.3433962264150943,-4.267161410018552,-1.6697588126159566,4.529914529914532,0.08137564052029234,-2.3599999999999994,-7.883326763894363,-1.694915254237288
2019,571771,0.32432432432432434,0.22636103151862463,17.725752508361204,-9.698996655518393,7.19178082191781,1.1834467120181387,-2.7199999999999847,5.895691609977323,-4.081632653061225
2019,578428,0.2857142857142857,0.3004484304932735,-4.27655024946543,-11.404133998574483,-0.6079027355623108,3.28214285714283,3.019999999999996,3.571428571428571,0.0
2019,446334,0.1926605504587156,0.2882205513784461,-1.9097222222222214,2.4652777777777777,-1.178861788617887,-1.1432432432432478,0.4399999999999977,-0.9009009009008935,-1.4639639639639634
2019,572287,0.18571428571428572,-0.0228310502283105,-17.535153019023987,-3.887510339123242,-1.9304152637485963,2.4282051282051356,1.9099999999999966,13.717948717948719,1.9230769230769231
2019,621439,0.2441860465116279,0.3397129186602871,3.589743589743591,2.8205128205128207,0.2759164367363063,-4.291439205955342,-6.049999999999997,-11.662531017369727,0.0
2019,592261,0.21978021978021978,0.14195583596214512,-4.040404040404038,-4.8989898989899014,-0.3016591251885359,0.5691249999999997,3.1300000000000097,11.5,-3.125
2019,621446,-0.036585365853658534,-0.012048192771084338,29.26829268292683,4.878048780487805,16.558641975308642,-5.886513157894768,-8.0,-10.745614035087723,-2.083333333333333
2019,435079,0.12087912087912088,0.2736842105263158,8.963178294573641,-5.377906976744185,8.250377073906488,-2.9422459893048227,0.4000000000000057,-5.347593582887697,-1.9607843137254901
2019,519048,0.38,0.3148936170212766,4.166666666666668,-4.166666666666668,4.031165311653119,2.852490996398558,4.790000000000006,9.663865546218489,0.3301320528211287
2019,621453,0.09401709401709402,0.10365853658536585,-5.797101449275356,5.16304347826087,-3.71287128712871,-3.288749999999979,-3.4799999999999898,-4.630681818181817,1.5625
2019,456078,0.3,0.12041884816753927,-1.5837104072398205,-21.040723981900452,-1.623519087319,7.7404926108374354,8.0,23.349753694581285,5.714285714285714
2019,502671,0.3181818181818182,0.28363636363636363,-3.609756097560979,-10.682926829268293,-4.72972972972973,0.12327249022163755,-1.7199999999999989,3.650586701434161,0.04345936549326268
2019,466320,0.38636363636363635,0.3042071197411003,12.28287841191067,-0.6203473945409432,3.9932030586236174,-2.9187454938716826,-1.1700000000000017,-13.662581110310022,0.0
2019,592273,0.12264150943396226,0.17302052785923755,-12.714025500910747,0.4735883424408014,2.1346469622331696,-0.6507936507936734,0.710000000000008,13.49206349206349,2.380952380952381
2019,519058,0.4019607843137255,0.3941908713692946,9.005847953216373,-4.561403508771932,-4.424464687093341,-6.3145454545454385,-4.010000000000005,-15.050505050505052,-2.9292929292929295
2019,405395,0.3364485981308411,0.3493150684931507,4.361702127659575,-2.7659574468085104,2.077884335948852,-0.6746428571428709,1.799999999999983,8.630952380952383,0.7738095238095242
2019,665487,0.2972972972972973,0.34099616858237547,-7.936507936507933,-1.9841269841269833,13.06896551724138,-0.5686217008797456,2.510000000000005,4.985337243401762,-3.5923753665689144
2019,425877,0.3333333333333333,0.29289940828402367,-4.668148618609083,-3.397904096538584,-11.428571428571427,-1.0768598711969872,1.9599999999999937,-3.7308461025982673,0.7772596047079727
2019,572821,0.13861386138613863,0.32808398950131235,0.21645021645021956,10.952380952380949,-5.158730158730158,2.187928464977645,3.480000000000004,8.544461003477394,-1.3909587680079483
2019,553882,0.3564356435643564,0.31496062992125984,-4.365079365079364,19.206349206349206,4.640522875816991,0.13509433962265405,1.289999999999992,2.3584905660377338,3.3333333333333335
2019,570267,0.2671232876712329,0.1329639889196676,4.61128048780488,-5.182926829268293,4.319622585876452,-2.3966248955722733,-2.0,-0.13366750208855294,-1.0693400167084377
2019,623520,0.36486486486486486,0.20921985815602837,7.222222222222221,6.111111111111111,2.7272727272727266,3.2913793103448086,5.489999999999995,9.310344827586203,0.0
2019,606115,0.20952380952380953,0.19501133786848074,1.9077901430842594,-6.399046104928457,-2.6682692307692335,0.7298739807264383,-2.1000000000000085,-8.00593031875463,-2.631578947368421
2019,435622,0.1326530612244898,0.3020833333333333,-14.883720930232556,-3.3403805496828753,-8.354070387486669,6.547105263157903,3.450000000000003,20.350877192982452,5.263157894736842
2019,595879,0.36585365853658536,0.24885844748858446,-15.117581187010085,-1.1198208286674136,-13.84615384615385,1.1903857745629978,-0.6000000000000085,7.3236889692585905,0.1506931886678724
2019,656811,0.1717171717171717,0.16605166051660517,12.318840579710148,-5.07246376811594,3.4534534534534522,-3.3922619047619094,-1.4100000000000108,-10.714285714285715,0.0
2019,553902,0.5094339622641509,0.31125827814569534,-4.545454545454546,-4.545454545454546,-1.9435975609756095,-0.7344294003868441,0.7199999999999989,-1.4184397163120508,-3.0303030303030303
2019,656305,0.4961832061068702,0.3098330241187384,5.182072829131654,5.182072829131654,1.9663865546218453,1.7533179012345812,2.1299999999999955,4.301697530864196,0.9066358024691357
2019,606132,0.2638888888888889,0.21066666666666667,-8.340425531914892,2.382978723404255,-1.215022091310754,-0.6299777530589665,1.170000000000016,4.338153503893217,1.7241379310344827
2019,575929,0.40816326530612246,0.31189710610932475,6.526806526806528,-7.412587412587413,-9.891107078039926,-4.98599999999999,-0.269999999999996,-14.571428571428573,4.285714285714286
2019,605113,0.22950819672131148,0.31411530815109345,5.645390070921984,3.74468085106383,7.653061224489797,-0.2735834896810445,-2.8299999999999983,-4.146341463414634,-0.31894934333958735
2019,475582,0.23255813953488372,0.27884615384615385,13.953488372093023,-9.30232558139535,5.817068503635667,-0.5568322981366691,-1.769999999999996,-5.279503105590059,0.0
2019,605119,0.19834710743801653,0.3383458646616541,-10.927536231884055,4.637681159420291,-3.5840782594029292,4.752586010480755,-0.12000000000000455,15.698336750968334,1.2987012987012987
2019,453568,0.3308270676691729,0.469061876247505,4.072289156626505,-3.1807228915662646,7.4711805048883715,1.5730974978429657,2.5400000000000063,4.417601380500436,0.0
2019,607680,0.22522522522522523,0.33146067415730335,3.9372822299651595,5.714285714285714,3.3613445378151283,-5.818939759036155,-4.88000000000001,-7.927710843373493,-0.7951807228915662
2019,502210,0.41414141414141414,0.29711751662971175,0.0,-0.3968253968253963,1.6999260901699937,0.33784355179705017,1.809999999999988,1.5856236786469324,0.052854122621564414
2019,624577,0.12264150943396226,0.31683168316831684,-3.8006756756756737,-2.1959459459459456,-0.24671052631579116,3.065014064697621,6.310000000000002,4.360056258790433,2.5316455696202533
2019,640449,0.410958904109589,0.16184971098265896,-0.4830917874396121,0.6441223832528182,8.558139534883722,2.688625000000002,3.3299999999999983,6.1250000000000036,-2.25
2019,543685,0.5930232558139535,0.5017857142857143,-0.7046070460704605,-1.3550135501355012,-3.337479270315093,2.70127551020407,0.5499999999999972,11.267006802721092,2.1683673469387754
2019,592325,0.2,0.14432989690721648,-12.939958592132502,14.699792960662526,-10.23255813953488,3.5057971014492892,6.439999999999998,9.881422924901184,0.0
2019,622534,0.19047619047619047,0.25280898876404495,2.4038461538461533,-3.125,-6.512059369202225,1.6971428571428504,0.29999999999999716,-4.74654377880184,-1.2442396313364057
2019,474568,0.1568627450980392,0.2818181818181818,-28.947368421052634,-7.894736842105263,-12.601326455416357,-1.1082142857142827,-4.1499999999999915,5.833333333333325,-0.23809523809523814
2019,640457,0.4939759036144578,0.3641732283464567,-11.888111888111885,-3.671328671328671,-7.026143790849677,-6.500170940170946,0.12000000000000455,-11.452991452991455,-7.6923076923076925
2019,624585,0.14166666666666666,0.39892665474060823,2.7472527472527517,0.5494505494505502,-2.1952932911837024,-2.5437946718648448,3.4399999999999977,-12.150747238466533,3.7037037037037033
2019,621002,0.056818181818181816,0.18120805369127516,16.363636363636363,8.484848484848484,8.947561422808949,-2.025380269448007,2.000000000000014,5.780095610604086,0.0
2019,605131,0.27586206896551724,0.12903225806451613,12.807017543859647,-14.56140350877193,-11.3560625480646,-0.5401497695852555,0.8999999999999915,-14.746543778801847,-6.451612903225806
2019,600524,0.23931623931623933,0.27385892116182575,4.42567567567567,-3.108108108108109,4.933187662828807,-0.11056179775279418,-0.8800000000000097,-7.415730337078649,3.117977528089887
2019,455117,0.14457831325301204,0.2268041237113402,9.878787878787879,1.9393939393939394,11.612903225806452,2.7940740740740893,0.04000000000000625,-8.148148148148149,3.7037037037037033
2019,541645,0.18269230769230768,0.284037558685446,3.1045751633986924,0.32679738562091476,-8.697183098591552,-3.0980861244019025,2.509999999999991,-8.452950558213715,1.5151515151515151
2019,593871,0.4778761061946903,0.338409475465313,1.4383561643835598,7.328767123287671,-5.223880597014926,1.8991885910991044,0.519999999999996,-4.204573395623314,-2.876813375952791
2019,621006,-0.05405405405405406,0.13675213675213677,-12.05357142857143,-2.2321428571428577,-14.365971107544144,0.8902188782489873,-4.84999999999998,-1.367989056087552,0.0
2019,605137,0.3893805309734513,0.434,8.245614035087723,4.105263157894737,15.699698305871431,-3.806392199349972,-3.1200000000000045,0.7222824124232616,5.633802816901409
2019,541650,0.07142857142857142,0.15263157894736842,-13.725490196078432,1.8099547511312224,-0.7251153592617037,-4.950183150183122,-4.570000000000007,-24.175824175824182,0.0
2019,640461,0.29473684210526313,0.18545454545454546,10.736747529200363,3.2794249775381856,3.284190339206525,-6.062835249042138,0.030000000000001137,-19.923371647509583,-2.7777777777777777
2019,544725,0.17117117117117117,0.17159763313609466,2.343186733958184,-1.1535688536409516,8.110344827586204,5.013289760348584,5.990000000000023,15.359477124183009,0.0
2019,518614,0.23255813953488372,-0.1111111111111111,16.03145795523291,1.9358741681790672,3.9132484677039194,-4.372305764411024,-1.6000000000000085,-30.639097744360903,-3.634085213032581
2019,605141,0.44696969696969696,0.44076655052264807,-7.475519465010748,7.0217339383807005,4.140540540540542,-0.710031347962385,1.2600000000000051,6.060606060606059,0.4806687565308254
2019,518618,0.4,0.2863070539419087,-1.3211382113821166,8.028455284552846,7.083333333333336,2.0904007455731772,1.980000000000004,9.785647716682199,-0.7455731593662627
2019,592348,0.3163265306122449,0.1497326203208556,1.7857142857142883,1.1904761904761934,-0.8530544854155195,-2.676161988034991,-4.8799999999999955,-8.283479061205707,1.8867924528301887
2019,621020,0.3392857142857143,0.22632794457274827,6.033029996629594,-5.25783619817998,-2.405200433369444,-3.262762762762762,-1.9099999999999966,-16.546546546546548,-1.741741741741742
2019,518626,0.31932773109243695,0.37222222222222223,4.854079809410361,0.4169148302561041,11.966962923063114,-1.499722222222232,-1.269999999999996,-2.2222222222222285,4.166666666666666
2019,455139,0.25882352941176473,0.22443181818181818,6.526806526806528,-5.5361305361305355,-1.5873015873015888,3.8290322580645153,2.6599999999999966,3.7220843672456567,-3.225806451612903
2019,664040,0.27,0.18502202643171806,5.0,0.8333333333333321,-6.29767441860465,0.3948961156278301,0.44999999999998863,8.943089430894304,-2.4390243902439024
2019,457705,0.3053435114503817,0.366412213740458,-12.608695652173914,-3.0946291560102317,-6.0641673522153,0.7619047619047592,-0.7999999999999972,-8.225108225108222,3.896103896103896
2019,458731,0.39166666666666666,0.34418604651162793,0.6944444444444429,-4.861111111111111,2.2298456260720414,3.835714285714303,1.3300000000000125,8.571428571428573,0.0
2019,621035,0.075,0.26646706586826346,9.846547314578011,-13.299232736572892,1.3333333333333357,-4.282007575757575,-4.1499999999999915,-3.5984848484848495,0.0
2019,643565,0.16901408450704225,0.3688888888888889,-10.875331564986745,6.100795755968169,-5.651376146788991,-1.169172932330838,1.9399999999999835,-16.41604010025063,3.508771929824561
2019,434158,0.1276595744680851,0.17472118959107807,4.233870967741936,-20.161290322580644,-2.46734397677794,2.3573660714285722,-1.8599999999999994,-4.6875,2.678571428571429
2019,606192,0.13592233009708737,0.21052631578947367,9.080547112462003,-9.53647416413374,9.45729821942638,0.5712023962344972,5.059999999999988,5.434317501069746,0.0
2019,621043,0.3275862068965517,0.40487804878048783,-4.413274033527198,0.7526513855627766,-7.70168439716312,2.2799655765921045,2.059999999999988,-2.2030981067125666,-1.6523235800344234
2019,523253,0.2978723404255319,0.11355311355311355,5.609915198956294,4.174820613176777,5.0284629981024676,-0.9325396825396695,1.1500000000000057,-7.738095238095234,-1.9841269841269842
2019,592885,0.6693548387096774,0.47149122807017546,0.10504201680672054,-3.15126050420168,-4.281695094074202,-2.8106666666666626,0.960000000000008,-3.8596491228070136,2.245614035087719
2019,664056,0.2222222222222222,0.15160349854227406,2.5641025641025585,3.846153846153845,3.134328358208954,-2.294019138755985,-9.86,-19.856459330143544,-2.631578947368421
2019,664058,0.40425531914893614,0.32558139534883723,1.5360983102918588,9.523809523809524,4.9754901960784315,-1.6622133236257781,-0.45999999999999375,1.3833272661084806,0.0
2019,641531,0.5533980582524272,0.2608695652173913,-1.8485915492957758,7.526408450704224,0.2127659574468055,-1.1051339285714334,-1.4099999999999966,-3.3482142857142847,-0.4464285714285712
2019,543228,0.15714285714285714,0.24305555555555555,-3.4965034965035002,7.517482517482517,-0.5701754385964861,1.9342012667136004,0.2400000000000091,0.3518648838845877,0.0
2019,452095,0.288135593220339,0.10756972111553785,11.924119241192415,1.7615176151761514,6.037000973709834,-8.73277777777777,-4.640000000000001,-30.0,2.2222222222222223
2021,606213,0.46153846153846156,0.12413793103448276,-1.0582010582010586,1.0582010582010577,8.037634408602152,1.5591479319339214,-4.3799999999999955,-0.13662899018755326,1.3787107191653214
2021,500743,0.3732394366197183,0.27455919395465994,12.676056338028168,-5.633802816901407,9.767943874797623,4.402873563218378,2.8599999999999994,11.453201970443352,2.380952380952381
2021,553993,0.04895104895104895,0.2372093023255814,-6.927592954990214,-10.841487279843443,-10.834419817470664,-1.642106261859567,-0.9599999999999653,-4.497153700189756,1.9165085388994307
2021,456715,0.3050847457627119,0.28634361233480177,4.723502304147463,12.211981566820278,-3.649068322981371,-8.094802867383521,-4.400000000000006,-15.591397849462368,-6.451612903225806
2021,593934,-0.024691358024691357,0.21951219512195122,13.343328335832084,-13.718140929535235,7.65899247777525,0.20175438596491801,-2.0600000000000165,10.526315789473685,3.5087719298245608
2021,543760,0.2597402597402597,0.4105263157894737,-1.8292682926829293,-1.4227642276422774,-8.46631866766095,-1.3678100009634733,1.039999999999992,-8.305231717891896,-1.319973022449176
2021,593428,0.4304635761589404,0.33185840707964603,-2.52204585537919,0.2645502645502642,-1.034004903528409,1.1279661016949376,3.2199999999999847,4.949922958397536,0.5585516178736516
2021,669720,0.27450980392156865,0.297423887587822,-13.095238095238091,7.142857142857142,-8.923884514435692,-4.639769820971878,3.7700000000000102,-4.411764705882355,4.3478260869565215
2021,543257,0.2781456953642384,0.2692307692307692,-9.260563380281688,-2.0598591549295797,2.887596899224807,6.723698692960326,2.8499999999999943,14.320110066498511,1.226782847970649
2021,543768,0.21212121212121213,0.11016949152542373,-8.312284730195174,6.337543053960966,13.200234879624198,0.48543814432990473,0.030000000000001137,4.592314901593248,-2.9873477038425484
2021,622110,0.2345679012345679,0.24896265560165975,22.22222222222222,0.0,12.380952380952381,-6.189117647058822,-5.269999999999996,-18.529411764705884,0.0
2021,457759,0.37748344370860926,0.3673913043478261,1.9514767932489434,7.9992967651195475,-0.2708692440285638,2.9624787775891406,0.28000000000000114,11.148839841539331,-1.0752688172043012
2021,476704,0.2765957446808511,0.23180592991913745,6.820925553319922,-4.386317907444668,3.706343549536708,-1.2964171122994372,-3.1799999999999926,-8.288770053475936,-3.4090909090909087
2021,665120,0.38461538461538464,0.26018099547511314,6.3559322033898304,2.239709443099274,3.936813525854621,-4.262745098039218,-1.4699999999999989,-3.7707390648567127,-3.8461538461538463
2021,663586,0.25,0.33269961977186313,7.465277777777779,1.5625,-3.579059829059833,0.6556592039801075,1.4699999999999989,-0.5130597014925371,1.0416666666666665
2021,457763,0.6067415730337079,0.3095890410958904,-3.437815975733063,9.75733063700708,-1.3531047265987013,3.4112258064516254,2.730000000000004,16.193548387096776,-2.838709677419355
2021,518692,0.37254901960784315,0.4261992619926199,14.657534246575342,-9.04109589041096,4.833216467995591,-1.9009900990098743,-2.5999999999999943,-3.9603960396039675,-1.9801980198019802
2021,519203,0.3825503355704698,0.34894613583138173,-1.627486437613019,-1.9529837251356224,-0.8646937035683866,-2.448009179575436,2.700000000000003,-3.201376936316695,1.9047619047619049
2021,642086,0.1794871794871795,0.18617021276595744,-5.793226381461675,2.1390374331550803,-8.49119308740445,2.9571428571428555,-1.950000000000017,-2.380952380952383,-3.1746031746031744
2021,669221,0.18584070796460178,0.22686567164179106,0.6089743589743613,-6.891025641025641,-5.077709176069835,-4.748310077519363,-0.01999999999998181,-9.891472868217058,-0.9922480620155039
2021,656941,0.1320754716981132,0.410958904109589,-8.333333333333329,4.613095238095238,-3.999426605504585,-3.082486449864504,-1.6400000000000006,-3.590785907859079,-2.4390243902439024
2021,666158,0.1,0.26071428571428573,0.0,0.8116883116883109,0.0,-2.257659073055791,-3.6400000000000006,-3.142183817753338,0.0
2021,543281,0.3627450980392157,0.3048245614035088,15.404040404040405,-5.05050505050505,11.664006963586246,1.2426238738738817,-2.510000000000005,-6.700450450450447,1.3513513513513513
2021,596019,0.2608695652173913,0.30310880829015546,8.02207130730051,-4.286926994906622,5.575512647807214,4.565953654188959,2.0,1.0576351752822362,-0.166369578134284
2021,501303,0.3888888888888889,0.2129032258064516,-2.5974025974025974,3.463203463203463,-4.278990158322635,5.8787878787878896,0.7199999999999989,-3.5984848484848477,0.0
2021,571448,0.3974358974358974,0.3782696177062374,-8.05523590333717,-0.19727108334703214,4.798761609907119,-2.093003663003671,-2.1599999999999966,-1.648351648351646,-0.9523809523809524
2021,669242,0.32926829268292684,0.2713472485768501,3.6585365853658534,-1.2195121951219505,1.3398042143686748,0.661081932773115,1.75,1.8907563025210088,0.15756302521008403
2021,668731,0.13793103448275862,0.24331550802139038,4.1269841269841265,10.952380952380953,-10.101010101010104,-3.0567394094993574,-3.8799999999999955,-13.478818998716301,-3.8083012409071455
2021,545341,0.2949640287769784,0.22469135802469137,-8.036454018227008,-3.1275890637945327,-1.7464922147889403,1.5469047619047558,0.5799999999999983,5.809523809523807,-0.38095238095238093
2021,641598,0.14606741573033707,0.37012987012987014,-11.071789686552073,2.780586450960567,-3.9280409308466773,2.5108443377350937,6.859999999999999,-2.8011204481792724,-1.9607843137254901
2021,444482,0.3776223776223776,0.2512690355329949,-7.931844888366626,-6.188797493145319,5.670754366406541,4.211764705882359,3.6400000000000006,17.64705882352941,1.1764705882352942
2021,571970,0.3708609271523179,0.40816326530612246,10.440140845070417,10.440140845070417,7.551020408163264,0.3193738229755212,1.6600000000000108,1.812617702448211,-0.77683615819209
2021,608324,0.36220472440944884,0.3516483516483517,-0.10735373054213682,-1.2882447665056365,0.02906976744186096,-1.0276337653705383,-0.8099999999999881,0.33233632436025573,1.246261216350947
2021,592450,0.2867647058823529,0.36217303822937624,9.895833333333329,1.3888888888888893,14.067278287461768,-0.6485714285714153,-2.2700000000000102,-6.5476190476190474,-1.3095238095238095
2021,452678,0.36363636363636365,0.10909090909090909,13.23529411764706,-3.6764705882352935,4.182630906768839,2.775845122859266,0.3199999999999932,11.466865227103497,1.3551749813849592
2021,668227,0.13013698630136986,0.27074235807860264,-0.48798798798799226,7.094594594594595,-0.37878787878787534,-0.5426773455377685,-5.969999999999985,-8.390541571319602,0.13348588863463018
2021,663624,0.05714285714285714,0.30493273542600896,-6.57276995305164,-1.530924678505817,2.475224273167065,-0.7654414550966351,-1.2600000000000051,2.336743716054059,1.0483769104458762
2021,545350,0.35,-0.014492753623188406,-14.593301435406705,-1.1961722488038289,0.606060606060602,3.863749999999996,3.170000000000016,7.500000000000002,0.0
2021,571466,0.16853932584269662,0.16722408026755853,7.520325203252035,1.0162601626016254,1.6411997736276156,0.8296666666666539,-0.20000000000000284,3.333333333333332,-0.33333333333333326
2021,666182,0.24675324675324675,0.3376865671641791,3.306342780026995,2.732793522267206,-4.856839067365382,-1.8930674755844876,0.7800000000000011,0.22935779816513602,1.501923646049127
2021,571976,0.25833333333333336,0.19473684210526315,-5.7692307692307665,-3.619909502262443,-8.913228212633367,0.030418019480521252,-2.980000000000004,-1.2378246753246742,0.2637987012987013
2021,666185,0.2465753424657534,0.24735729386892177,1.3363448146056776,-6.549971767363072,-8.110046621240848,0.21362372567192267,-2.1199999999999903,-2.9309545875810947,-3.614457831325301
2021,571980,0.35454545454545455,0.26453488372093026,-1.0610079575596814,-2.6525198938992043,-12.498942201912502,-2.349034749034729,-1.6700000000000017,-9.05580905580906,-1.404001404001404
2021,608336,0.14193548387096774,0.2386117136659436,11.155511155511153,-18.281718281718277,-2.4887844477675714,-0.8749784296807377,0.30000000000001137,-2.2217428817946505,2.631578947368421
2021,543309,0.34545454545454546,0.08974358974358974,23.397435897435898,-8.493589743589745,7.449494949494952,-0.42499999999999716,-3.230000000000018,-4.545454545454543,2.272727272727273
2021,518735,0.3,0.44727272727272727,11.124449779911966,20.848339335734295,7.424242424242422,-2.8297953964194136,-1.1400000000000006,-0.8951406649616374,8.823529411764707
2021,673357,0.22330097087378642,0.47150259067357514,15.084915084915092,1.1988011988012,2.5123152709359573,-5.1637362637362685,-0.6700000000000017,-3.5714285714285694,0.302197802197802
2021,656976,0.3111111111111111,0.24146341463414633,-7.900834105653381,-0.9499536607970338,-4.900568181818183,1.3301501117854002,1.5700000000000074,-1.820504631108271,-0.6228042159054614
2021,642133,0.10666666666666667,0.308,-8.823529411764707,2.2058823529411757,-4.481792717086833,0.1076954069298921,0.8200000000000074,2.4174053182917064,1.571313456889605
2021,622682,-0.015384615384615385,0.2645161290322581,-7.007575757575758,-0.09469696969696972,8.441558441558442,2.114502822405555,7.840000000000018,15.979157620495005,2.0408163265306123
2021,596059,0.3,0.13402061855670103,5.16795865633075,10.24978466838932,2.807486631016044,0.4593749999999943,-1.4000000000000057,-2.878289473684209,0.0
2021,608348,0.5377358490566038,0.17391304347826086,-10.488505747126439,-9.482758620689655,-17.250141163184637,1.3565266106442664,-2.289999999999992,-7.450980392156865,-2.492997198879552
2021,650333,0.34234234234234234,0.32697547683923706,-1.0101010101010104,-6.262626262626263,-8.688228204098031,-1.4322440087145765,0.060000000000002274,-1.9607843137254868,0.0
2021,646240,0.3783783783783784,0.3643410852713178,0.7123287671232887,-0.29223744292237264,-3.964316978615198,-5.6570553359683515,-1.779999999999987,-10.59288537549407,0.7312252964426877
2021,543333,0.363013698630137,0.24343675417661098,-6.818613485280151,3.3618233618233635,-6.181264452089563,0.8967440458245477,-3.0799999999999983,0.20098482564566922,0.1406893779519649
2021,663656,0.3103448275862069,0.476303317535545,6.128663875142749,12.04796345641416,6.028368794326244,0.12136054421770837,0.37000000000000455,7.278911564625851,0.37414965986394555
2021,608369,0.3167701863354037,0.48582995951417,5.097312326227987,-5.668829162805066,11.696187069191172,0.06890644120593947,-3.3799999999999955,-3.192791189231283,-1.8467015240849927
2021,570481,0.13559322033898305,0.16216216216216217,2.389277389277389,-0.407925407925408,-2.384910023849102,1.4571207430340394,-0.5799999999999983,0.4643962848297214,1.0526315789473684
2021,570482,0.2773109243697479,0.17027863777089783,1.102317693612214,5.426794799321651,-3.5505430242272347,-0.9233593196314587,-1.8799999999999955,-1.7576187101346576,1.2048192771084338
2021,544369,0.1875,0.2785714285714286,-3.1933185949398144,0.9579955784819454,-1.2413584296311235,3.4877520537714446,2.5999999999999943,10.242184999466556,0.9708737864077669
2021,642165,0.1323529411764706,0.16115702479338842,-1.558441558441558,5.021645021645021,-1.529581529581531,-1.8895752895753049,-2.6400000000000006,-12.033462033462033,-4.761904761904762
2021,641658,0.2028985507246377,0.17415730337078653,-5.65482446920328,-1.9129703594702532,-7.8012684989429175,4.504029749830977,4.079999999999998,10.858688302907373,2.3529411764705883
2021,664702,0.13533834586466165,0.2495049504950495,7.217668488160292,4.303278688524591,4.798991247589379,-3.2345454545454544,-0.6399999999999864,-1.3636363636363633,1.0
2021,668800,0.1694915254237288,0.10317460317460317,2.006688963210701,-11.036789297658864,8.833333333333336,6.899248120300754,9.52000000000001,13.283208020050123,0.0
2021,608385,0.4959349593495935,0.4447513812154696,3.917808219178081,3.58904109589041,-1.8498168498168504,-6.752848616386316,-4.3799999999999955,-15.301139446554526,0.30746970519081196
2021,573262,0.24074074074074073,0.2759433962264151,-8.903020667726555,0.9538950715421297,2.5443110348770723,5.190291858678961,3.460000000000022,29.5852534562212,-1.0752688172043012
2021,519299,0.18181818181818182,0.17543859649122806,4.963235294117645,2.75735294117647,0.7142857142857135,-1.3168888888888972,-0.6300000000000097,-2.888888888888891,2.2222222222222223
2021,668804,0.3333333333333333,0.41386138613861384,-4.484848484848481,1.636363636363635,-2.566585956416464,3.4409420289855035,0.01999999999998181,8.902691511387168,1.1904761904761905
2021,543877,0.2,0.23324396782841822,8.320532514080904,0.1024065540194572,-5.474894131881426,0.29641970932293304,-2.0600000000000023,-6.900626255464967,-2.197802197802198
2021,592518,0.2830188679245283,0.40332640332640335,3.799682034976154,-9.538950715421304,1.847290640394089,-4.071683194853932,-3.3899999999999864,-9.930313588850169,-4.274993299383543
2021,596103,0.1320754716981132,0.25,-4.956896551724135,0.431034482758621,1.4170040485829993,-0.5108005521049108,1.8299999999999983,-8.419599723947549,-1.0006901311249137
2021,647304,0.21367521367521367,0.2932330827067669,-0.8504398826979447,-0.6158357771260992,1.5648011782032398,-0.8679252479023631,-2.75,1.4111365369946611,-1.5827612509534708
2021,572039,0.1590909090909091,0.14,0.8303061754021783,-1.2454592631032693,5.027230833682445,-0.21405946096137995,-0.9399999999999977,-0.7779938871908882,-1.750486246179494
2021,518792,0.11475409836065574,0.2597402597402597,-2.5862068965517224,5.765086206896552,5.891347364633926,-0.7886915697081207,-0.0799999999999983,3.796693202694428,0.04082465809348834
2021,572041,0.24752475247524752,0.42679127725856697,-15.40880503144654,4.756289308176101,2.956167176350661,8.012012987012966,4.319999999999993,24.67532467532467,4.058441558441558
2021,500871,0.24666666666666667,0.3273942093541203,8.0,-6.666666666666668,2.9411764705882355,0.7201288996823934,-3.049999999999997,0.9060339996263771,-3.0637025966747617
2021,542340,0.17857142857142858,0.2161520190023753,-9.028213166144205,18.181818181818183,4.582885785893307,1.7242357111209827,3.759999999999991,10.500664599025253,1.639344262295082
2021,665742,0.3977272727272727,0.5070671378091873,3.33940497874924,5.828779599271403,0.17094017094017033,-6.458518518518503,-3.8999999999999915,-23.01994301994302,2.165242165242165
2021,670351,0.14864864864864866,0.2,-13.213981244671778,-2.813299232736573,-7.565789473684209,1.562318840579735,2.6599999999999966,14.492753623188408,1.4492753623188406
2021,641680,0.16666666666666666,0.19047619047619047,5.189340813464234,-2.244039270687237,0.49099836333878955,5.307638888888889,6.760000000000005,4.861111111111111,2.083333333333333
2021,643217,0.24087591240875914,0.314214463840399,-11.087420042643924,1.0447761194029859,-13.164983164983166,1.7199209486165898,1.0799999999999983,5.889328063241106,-1.2648221343873516
2021,663697,0.13043478260869565,0.3432282003710575,-0.423056583818088,3.120042305658382,2.063882063882062,1.0812229176696917,3.8400000000000034,3.1776600866634546,-1.4925373134328357
2021,596115,0.31125827814569534,0.28378378378378377,0.12323943661971981,8.116197183098592,-5.054069951585898,-1.4224489795918345,-2.8400000000000034,-6.419294990723561,1.8181818181818181
2021,642708,0.21153846153846154,0.24173553719008264,3.4508348794063046,-2.9313543599257885,4.77272727272727,-0.9376014663524472,2.8999999999999915,-4.189578423671119,0.0
2021,657557,0.2198581560283688,0.18773946360153257,-19.53722334004025,-6.9416498993963796,-16.234047155526714,-1.6435548172757564,-0.7599999999999909,0.764119601328904,-0.21040974529346623
2021,665750,-0.3,0.08888888888888889,21.985815602836873,-6.382978723404255,-9.487179487179489,-3.8476190476190624,,-19.047619047619047,0.0
2021,658069,0.0891089108910891,0.18032786885245902,-13.015873015873014,4.444444444444445,-7.688317078232,0.7333751830927042,-1.5,1.3601171793262203,1.694915254237288
2021,519317,0.3142857142857143,0.29157175398633256,-11.25541125541125,-0.432900432900432,-3.327228327228326,6.4951385733757405,3.299999999999997,11.69165530819324,1.8173557473875508
2021,547989,0.25,0.3424657534246575,-9.906439185470557,-5.411851036507063,-8.666666666666668,-1.0952380952380878,1.1399999999999864,0.0,2.3809523809523805
2021,642201,-0.1,0.14375,5.681818181818183,-11.363636363636363,7.407407407407412,-0.3589285714285495,-3.680000000000007,0.0,7.142857142857142
2021,642715,-0.01639344262295082,0.3279445727482679,18.13765182186234,2.1862348178137645,9.831871345029235,-0.8837719298245759,0.5999999999999943,-10.526315789473681,-0.6265664160401003
2021,608070,0.4647887323943662,0.451417004048583,1.7488076311605738,0.516693163751988,11.003383654346694,-0.8817530140110961,-0.6799999999999926,5.115672857608345,-0.06516780710329106
2021,645277,0.352112676056338,0.3296500920810313,0.03974562798092407,-2.1860095389507137,4.579762559949678,2.6113984674329345,1.8100000000000023,5.970625798212005,0.0638569604086845
2021,596129,0.21839080459770116,0.28654970760233917,-14.869281045751636,4.57516339869281,-7.552342971086741,-4.021895568231699,1.0999999999999943,-8.02983764809127,-2.3255813953488373
2021,516770,0.25190839694656486,0.22790697674418606,-4.34173669467787,10.177404295051353,1.1284722222222214,1.4316132612012922,-1.5999999999999943,6.0341240116521,1.456512692467748
2021,650402,0.18439716312056736,0.23733333333333334,-4.250604351329574,-2.2763900080580193,-1.7960462873674032,2.4552100840336095,5.52000000000001,9.243697478991596,0.156062424969988
2021,443558,0.39097744360902253,0.29933481152993346,1.0344827586206904,2.8275862068965516,4.6516257465162525,-4.397447447447433,-2.9699999999999847,-7.687687687687685,-0.4804804804804803
2021,408234,0.058823529411764705,0.23582766439909297,19.667943805874845,0.9578544061302683,1.7595307917888547,-1.0973628691983066,-0.29999999999999716,-5.195147679324894,1.2658227848101267
2021,656555,0.20394736842105263,0.40893470790378006,-5.578655578655578,6.202356202356201,2.3945170272006884,-0.09839009287925649,1.5400000000000063,5.036119711042314,-0.9081527347781218
2021,596142,0.2222222222222222,0.22285714285714286,7.088220295767464,5.711371749107599,2.5330225330225318,-3.3830050389372417,-3.160000000000011,-8.886852954649566,8.108108108108109
2021,664238,0.06722689075630252,0.13953488372093023,-5.115884680610517,-1.045788581119277,5.35444947209653,-2.72907380903699,0.11999999999999034,-5.499897771416887,0.0
2021,596146,0.25252525252525254,0.29411764705882354,-11.11111111111111,1.8518518518518512,-0.7326007326007336,2.3558857808857994,1.9799999999999898,2.389277389277389,2.331002331002331
2021,657077,0.38,0.29515418502202645,-9.333333333333332,2.666666666666667,1.3024684336252985,4.890263157894736,3.280000000000001,10.889292196007258,2.1052631578947367
2021,645302,0.11818181818181818,0.16988416988416988,2.666666666666668,-5.333333333333334,2.1008403361344534,-2.01536340852131,1.5699999999999932,2.155388471177943,-1.4285714285714286
2021,592567,0.22950819672131148,0.19831223628691982,-3.166666666666668,-7.111111111111111,-0.8976157082748983,1.817700578990923,1.0200000000000102,-5.004135649296938,0.3308519437551696
2021,664761,0.08904109589041095,0.14391143911439114,-1.3698630136986303,-6.84931506849315,-3.5880785880785844,-0.5932242789496485,-1.759999999999991,1.334481274214376,2.608695652173913
2021,527038,0.2524271844660194,0.4084084084084084,1.7857142857142847,1.1111111111111107,2.386237513873475,-2.9410852713178173,-1.0700000000000074,-6.847545219638242,0.0
2021,660670,0.5369127516778524,0.33175355450236965,1.695526695526695,0.4870129870129851,1.7934706459296628,-1.6716475095785484,-1.8599999999999994,0.22988505747126453,0.03831417624521061
2021,669374,-0.011235955056179775,-0.027777777777777776,-2.183908045977006,-4.885057471264367,7.8512396694214885,6.971874999999997,3.3799999999999955,13.392857142857146,-1.5625
2021,643265,0.02654867256637168,0.45985401459854014,-3.841269841269842,-3.238095238095238,-4.93951612903226,0.6405372405372276,3.1199999999999903,0.36630036630036855,1.098901098901099
2021,660162,0.17266187050359713,0.2662473794549266,-3.0447390223695088,3.3761391880695957,-0.08201375307551828,4.006597774244824,2.8800000000000097,13.259141494435614,0.17488076311605716
2021,543939,0.3238095238095238,0.32558139534883723,-11.684518013631937,-14.167478091528727,-13.535031847133757,3.4593926917138305,2.8299999999999983,1.4153371075656196,1.4925373134328357
2021,573131,0.3389830508474576,0.308300395256917,6.038647342995169,9.178743961352657,7.177871148459381,8.024613003095965,5.489999999999995,14.24148606811146,-2.3219814241486065
2021,663757,0.27419354838709675,0.24317617866004962,8.593534125449018,-7.101409229068803,-0.42016806722688926,-0.24124999999999375,-2.0799999999999983,2.083333333333332,1.25
2021,474832,0.26666666666666666,0.4367816091954023,-0.571428571428573,3.1428571428571406,0.49019607843137436,0.7740626137604778,3.5999999999999943,2.9486712777575583,2.1659992719330177
2021,673490,0.0625,0.2018348623853211,5.208333333333336,-6.25,-1.7346460384435076,1.685439560439562,-1.9999999999999858,-5.494505494505493,0.0
2021,542932,0.18556701030927836,0.16666666666666666,-12.934879571810882,0.40142729705620006,-5.627705627705623,6.109812050856831,5.299999999999997,15.395245992260918,1.4925373134328357
2021,683734,0.22727272727272727,0.2388451443569554,-10.361067503924648,-5.180533751962324,-5.330912691863347,3.86294871794874,5.189999999999998,18.760683760683754,-0.2991452991452992
2021,643289,0.125,0.22608695652173913,-5.238095238095241,-1.904761904761905,-2.4647887323943642,-1.956477732793502,-2.230000000000004,4.6558704453441315,-0.7085020242914977
2021,572122,0.3116883116883117,0.22868217054263565,-6.7229729729729755,0.743243243243243,-3.9632916498588138,-1.2649895178197141,2.309999999999988,-2.4737945492662448,-0.5031446540880502
2021,519390,0.25862068965517243,0.1388888888888889,0.11947431302269962,-2.2700119474313034,10.626865671641792,3.404108584005897,-0.23999999999999488,3.668378576669113,1.3206162876008802
2021,628450,0.16666666666666666,0.2723404255319149,5.0,9.090909090909092,7.931262392597489,0.10765027322405274,-2.6700000000000017,7.923497267759565,-6.69398907103825
2021,605412,0.16666666666666666,0.21182266009852216,6.318681318681319,3.571428571428571,3.3333333333333304,-2.2742424242424306,-1.4299999999999926,1.5151515151515191,0.0
2021,607461,0.37037037037037035,0.26666666666666666,-38.83677298311444,-3.1894934333958727,-24.166666666666664,3.313605442176865,6.200000000000003,26.53061224489796,0.0
2021,593643,0.20833333333333334,0.3516483516483517,3.125,0.0,7.226792009400706,-0.9468963631391745,-2.160000000000025,-3.171998906207273,0.43751709051134813
2021,649966,0.14049586776859505,0.3518930957683742,5.434782608695656,-18.729096989966557,0.915750915750916,1.439511241446752,2.059999999999988,2.1700879765395875,-0.7429130009775169
2021,600303,0.26666666666666666,0.3712574850299401,9.44767441860465,-3.0523255813953494,0.7146941109205276,-4.135948275862063,-2.9200000000000017,-5.086206896551722,-3.4482758620689653
2021,592626,0.09782608695652174,0.2622107969151671,-6.9804336329984125,-5.023796932839767,-13.300376647834277,2.298314465408822,4.3999999999999915,5.081761006289305,-1.3333333333333335
2021,657656,0.26573426573426573,0.2170212765957447,0.3131115459882601,3.874755381604696,-0.23356499943032816,-0.6117691154422857,3.730000000000004,-0.2873563218390842,4.3478260869565215
2021,598265,0.0625,-0.0033333333333333335,-9.35887988209285,8.47457627118644,-12.606837606837608,1.4187499999999886,-1.0700000000000074,-2.083333333333332,1.3888888888888888
2021,650489,0.048,0.18769230769230769,10.649350649350655,2.987012987012987,15.751313085179262,-4.410416666666677,-3.269999999999996,0.8771929824561404,0.7127192982456141
2021,650490,0.2777777777777778,0.3198992443324937,0.6563706563706582,-2.3552123552123554,-7.238532110091743,-2.9826132771338365,-5.560000000000002,-7.075116664157758,0.8279391841035679
2021,621311,0.1206896551724138,0.038461538461538464,-8.57843137254902,1.225490196078431,-2.1347248576850113,4.323872082973196,1.6400000000000148,5.514261019879001,1.9533275713050995
2021,595777,0.2265625,0.2605633802816901,7.083333333333334,-7.916666666666668,0.723995271867615,1.3426051051051218,2.789999999999992,3.7162162162162176,0.0
2021,503556,0.19230769230769232,0.05649717514124294,6.325515280739161,-8.22080075811419,-2.0299145299145316,2.4770086083214125,-1.269999999999996,-0.35868005738880626,-1.7216642754662839
2021,665862,0.3176470588235294,0.14928909952606634,11.71107994389902,-14.516129032258066,4.689754689754686,-3.337692307692336,-5.75,-16.92307692307692,-1.5384615384615385
2021,594694,0.12962962962962962,0.23118279569892472,-28.471248246844322,6.451612903225806,-17.716701902748415,-3.465914786967403,2.0500000000000114,-5.3884711779448615,0.0
2021,593160,0.33766233766233766,0.2667844522968198,1.0121457489878551,2.3954116059379222,0.92121212121212,-1.0138803941556205,-0.030000000000001137,-4.425756031260622,0.00849473326537531
2021,571657,0.24390243902439024,0.27740492170022374,6.98529411764706,-3.431372549019608,7.960526315789474,-1.5033333333333303,1.829999999999984,-2.579365079365079,-2.2222222222222223
2021,596748,0.1917808219178082,0.24124513618677043,-0.35680751173708813,-2.291079812206573,-5.187110815549243,-1.3016233766233682,-5.6000000000000085,-5.339105339105338,-1.3708513708513708
2021,668942,0.308411214953271,0.1963882618510158,-2.473118279569892,-12.939068100358423,-8.769448373408768,2.163055555555559,2.530000000000001,7.5,3.333333333333333
2021,493329,0.4966887417218543,0.3634361233480176,3.1436599929750617,-11.397962767825781,-1.44589552238806,-0.32450904890259835,-2.6799999999999926,3.5040431266846355,1.8867924528301887
2021,462101,0.08461538461538462,0.25304136253041365,-3.3333333333333357,-3.809523809523809,-2.7450702227266284,-0.7197916666666657,1.1800000000000068,-1.2820512820512793,-1.0416666666666665
2021,518934,0.2838709677419355,0.2958015267175573,-1.9545606414968244,1.2362178416304719,-2.471395881006865,0.7159090909090793,-2.6500000000000057,6.0679611650485406,-1.1363636363636365
2021,520471,0.3103448275862069,0.2302158273381295,-11.757575757575756,-3.0909090909090917,0.11961722488038262,3.6120044936607343,1.0200000000000102,6.259027443428021,1.9098058096613701
2021,543510,0.03260869565217391,0.14733542319749215,6.346153846153843,-4.230769230769231,8.05555555555555,-3.8748587570621567,0.5499999999999972,-4.205900816070304,0.0
2021,592663,0.3524590163934426,0.23132530120481928,-0.8602150537634436,2.043010752688174,-4.761904761904763,-0.33981566820276043,1.460000000000008,-0.46082949308756227,-0.3686635944700458
2021,488726,0.41044776119402987,0.3609625668449198,-4.029304029304029,4.120879120879121,0.00629247420085477,0.8125455491931177,-1.3200000000000074,3.305570015616869,-1.0758285615131007
2021,644374,0.018867924528301886,0.2222222222222222,-5.942028985507246,-2.3188405797101455,-8.791208791208792,1.0803418803418907,-2.4299999999999926,-1.7094017094017104,0.0
2021,641820,0.2692307692307692,0.24782608695652175,-9.95385629531971,0.5603164139749497,-9.164639091646393,2.4428803716608343,5.670000000000002,1.2078977932636512,0.6852497096399537
2021,592669,0.168141592920354,0.3420479302832244,-3.698896820246592,-2.044127190136275,-2.7741768213637528,2.7759615384615444,3.200000000000003,7.142857142857142,-1.7857142857142856
2021,656669,0.3181818181818182,0.18095238095238095,-5.458399576046634,-3.2326444091149984,-9.48948948948949,-1.7299358974358938,-4.470000000000013,-5.993589743589741,-8.333333333333332
2021,572191,0.07017543859649122,0.14009661835748793,16.671821837302815,-6.062480668110115,6.086956521739133,-5.4986981677917015,-8.760000000000005,-19.406943105110898,-4.411764705882353
2021,458015,0.2711864406779661,0.41927710843373495,19.634703196347026,2.891933028919331,11.155056179775283,-1.9144016227180742,0.07999999999998408,-0.8113590263691712,-0.3380662609871534
2021,641313,0.1875,0.296127562642369,7.396870554765293,5.405405405405405,8.47481021394065,4.923732057416274,0.9400000000000261,6.491228070175442,-0.4625199362041468
2021,642336,0.31343283582089554,0.2761904761904762,22.410714285714285,-2.5892857142857144,13.677884615384617,-0.88363636363637,3.4499999999999886,-5.454545454545453,-1.8181818181818181
2021,666915,0.027777777777777776,0.23768115942028986,-1.234991423670671,-3.9108061749571186,-3.9873987398739885,0.4406386066763588,-8.280000000000001,-7.6052249637155285,-3.7735849056603774
2021,669256,0.2608695652173913,0.18857142857142858,-5.89688175362766,-1.4973757332510038,-7.939660471934552,-2.0881273610361575,-0.20000000000000284,-2.946573124662713,-0.5180787911494873
2021,600869,0.2206896551724138,0.3097713097713098,3.0476190476190474,-2.0952380952380967,2.445800196099796,-0.24544072948329188,-2.069999999999993,-3.3000434216239682,1.0638297872340425
2021,502054,0.11504424778761062,0.27455357142857145,3.3219178082191796,-5.068493150684931,-1.5232974910394255,0.823654916512055,0.15000000000000568,-1.8784786641929507,-1.1363636363636365
2021,669257,0.3644067796610169,0.3577023498694517,-6.018518518518519,-13.831018518518519,-10.357142857142858,-0.9472001298490795,1.5999999999999943,-7.758480766109397,-2.288589514689174
2021,624415,0.11382113821138211,0.2046783625730994,-3.342175066312997,0.05305039787798549,-6.070412866529374,-2.179078744209974,1.0,-1.0550694801852813,0.0
2021,614177,0.2903225806451613,0.22807017543859648,1.25,4.375,-3.3711327499075523,-0.33436147186148446,1.5600000000000023,-5.988455988455989,-2.5072150072150072
2021,624424,0.24427480916030533,0.2614942528735632,-8.349282296650717,6.698564593301434,-9.752747252747255,2.57381159420288,6.509999999999991,14.405797101449275,3.0
2021,624428,0.3860759493670886,0.34303534303534305,5.788039121372455,-5.515472182138848,1.0383100608664524,1.0881833473507356,1.1499999999999915,0.9391645640594355,0.0
2021,660271,0.32413793103448274,0.3684210526315789,-2.5262339681305868,1.5934706568208323,-4.236552920763447,-1.7220000000000226,-3.1099999999999994,3.4999999999999964,-2.9591836734693877
2021,643376,0.025,0.488,4.887218045112782,-5.764411027568921,0.44444444444444287,1.7439115646258472,5.290000000000006,8.673469387755102,1.2925170068027212
2021,624431,0.0967741935483871,0.20574162679425836,-4.528301886792452,3.1132075471698113,3.5645302897278306,-2.3997835497835496,-2.6499999999999773,-6.864564007421148,2.0408163265306123
2021,592178,0.45714285714285713,0.26681614349775784,5.131874872214272,-2.4739317113064825,0.8733055265901974,-2.2189466089466237,2.010000000000005,-4.1269841269841265,0.9235209235209236
2021,543543,0.171875,0.23322683706070288,4.090909090909086,6.363636363636363,4.808159300631381,0.49316005471956714,-1.559999999999988,-6.292749658002734,4.651162790697675
2021,592696,0.1953125,0.3732394366197183,1.5625,-3.125,2.958152958152958,1.2997006983704722,1.1599999999999824,-8.657576765325349,0.04434098215275495
2021,641343,0.13636363636363635,0.09236947791164658,-16.11111111111111,7.222222222222222,2.121212121212121,1.7886639676113276,-1.240000000000009,-5.735492577597839,2.564102564102564
2021,516416,0.3448275862068966,0.3416666666666667,-6.929347826086957,-4.6875,-10.307017543859653,3.0889037433155266,-1.009999999999991,4.411764705882355,0.0
2021,643393,0.15517241379310345,0.40117994100294985,17.44324970131422,-9.31899641577061,7.521645021645021,-0.34199999999998454,-1.6599999999999966,-6.0,0.0
2021,592192,0.3128834355828221,0.2727272727272727,-7.19903206291591,-8.197217180883243,1.3888888888888857,0.750511006289301,-0.6000000000000085,-2.7515723270440233,-3.6753144654088055
2021,608577,0.2037037037037037,0.09448818897637795,11.07142857142857,9.285714285714285,-2.850877192982452,-6.612929292929294,-7.27000000000001,-10.505050505050505,0.0
2021,643396,0.2909090909090909,0.25,-4.188712522045854,3.7918871252204585,2.949047864127639,-0.16018518518518476,0.05000000000001137,1.8518518518518512,0.9259259259259258
2021,641856,0.1595744680851064,0.1650485436893204,10.905642484589851,7.8236130867709806,0.3392130257801895,-3.958676056338021,0.3299999999999983,-6.281690140845072,-2.591549295774648
2021,665926,0.03614457831325301,0.2125984251968504,7.01754385964912,-3.0409356725146193,0.9159697331740375,-6.154166666666654,-4.319999999999993,-15.178571428571427,0.0
2021,641857,0.304635761589404,0.24044943820224718,3.4567901234567877,9.682539682539682,7.237595419847327,-0.07687095469255212,-0.23999999999999488,0.10113268608414216,-0.14158576051779925
2021,592200,0.0,0.19318181818181818,-6.586021505376348,3.629032258064516,-16.05603448275862,-6.851902173913061,-1.6499999999999915,-11.684782608695652,2.1739130434782608
2021,607043,0.3058823529411765,0.31893687707641194,7.581453634085218,0.25062656641603986,2.962962962962962,-7.31013824884792,-7.749999999999986,-15.990783410138247,1.2442396313364057
2021,660294,-0.022988505747126436,0.2742857142857143,-1.5789473684210513,6.3157894736842115,-1.7241379310344804,1.0440529960855116,2.0,0.9936766034327,-1.2345679012345678
2021,514888,0.3252032520325203,0.4198198198198198,3.0684931506849313,-5.89041095890411,-1.6666666666666679,-0.7033997469955722,-2.0900000000000034,0.3004427577482609,1.7552182163187855
2021,572233,0.1267605633802817,0.21390374331550802,3.198653198653197,-1.6835016835016852,-0.5136106831022076,-0.4249316005471968,-0.8299999999999983,-4.309165526675784,-1.4705882352941175
2021,670541,0.3858267716535433,0.31634819532908703,0.6753246753246742,1.896103896103896,0.8579533660831693,2.754964246424663,0.14000000000000057,4.510451045104514,-4.166666666666666
2021,592206,0.4222222222222222,0.39111111111111113,6.756161971830984,5.325704225352112,5.241448692152918,-1.1461394302848618,-1.0200000000000102,1.561719140429787,-1.024487756121939
2021,663886,0.21311475409836064,0.3235294117647059,-11.961206896551722,-3.7715517241379306,9.782608695652172,-0.9369883040935605,1.6400000000000006,4.239766081871348,-2.631578947368421
2021,670032,0.24561403508771928,0.3082039911308204,6.527093596059116,8.3128078817734,9.3108504398827,2.987197813748139,-0.5999999999999943,2.2493167963001888,0.0
2021,506702,0.0784313725490196,0.0,25.0,2.083333333333333,-12.643678160919535,6.250769230769237,,-10.256410256410252,1.5384615384615385
2021,467793,0.3933333333333333,0.23772102161100198,0.10683760683760646,6.517094017094017,6.5034965034965,-2.8405187074829996,-3.0400000000000063,-1.509353741496593,-3.061224489795918
2021,608596,-0.0136986301369863,0.1626984126984127,8.045112781954888,2.1804511278195484,-3.7162162162162176,-6.421558441558446,-2.990000000000009,-9.805194805194803,-5.714285714285714
2021,649557,0.2727272727272727,0.25206611570247933,-14.432284541723664,-4.651162790697675,-6.391367503631461,0.5497126436781912,0.8400000000000034,1.5804597701149454,-3.0890804597701154
2021,595281,0.012987012987012988,0.23322683706070288,12.292609351432883,7.9185520361990935,10.84689194826867,-1.9243212669683203,-4.909999999999997,-9.049773755656107,0.0
2021,543063,0.2897196261682243,0.4004524886877828,2.143895348837212,10.029069767441861,4.302567661346295,-0.28318181818183064,-3.1000000000000085,0.22727272727272663,0.7954545454545459
2021,664913,0.3188405797101449,0.20168067226890757,-0.6722689075630228,-6.050420168067226,6.918604651162788,-4.0327450980392285,-4.010000000000019,-16.47058823529412,-13.333333333333334
2021,594777,0.2549019607843137,0.17557251908396945,-11.53846153846154,3.2051282051282044,8.974358974358978,6.0148459383753305,0.3200000000000074,13.445378151260499,5.182072829131652
2021,572761,0.1044776119402985,0.07692307692307693,-18.97233201581028,16.99604743083004,-12.280701754385962,-1.524743892829008,-3.4000000000000057,-17.100078802206465,-2.679275019700552
2021,630105,0.32919254658385094,0.3796680497925311,5.0747198007471965,0.4981320049813185,2.2845666227326937,0.8807367680675213,4.439999999999998,3.9212238438544027,-1.6528925619834711
2021,543068,0.3211009174311927,0.3881278538812785,-4.217687074829932,2.6190476190476186,-4.4727080021197665,3.14409184726523,6.269999999999996,10.423116615067077,3.770620581304006
2021,666969,0.2982456140350877,0.1437007874015748,-1.3157894736842088,0.0,2.7403414195866986,2.989401869158897,3.030000000000001,10.710280373831772,3.7383177570093453
2021,502110,0.44936708860759494,0.2773109243697479,2.8915662650602414,5.1244979919678695,-5.876785406986748,-2.920000000000016,-3.030000000000001,-6.631578947368425,-1.2105263157894735
2021,666971,0.08,0.37259615384615385,1.0061919504643981,-2.038183694530444,-2.6512153759185964,-0.6305457122608118,-1.3700000000000045,-1.8544767304512142,-1.4292463973541225
2021,571745,0.3137254901960784,0.2732342007434944,3.589743589743591,6.820512820512821,6.900517538815414,0.256837209302347,-2.8499999999999943,-5.093023255813954,-0.5116279069767442
2021,514917,0.2585034013605442,0.22653061224489796,-2.9870129870129887,-3.896103896103895,-7.103225806451611,2.8595228258624275,4.159999999999997,9.97727742202024,2.912621359223301
2021,592743,0.23076923076923078,0.18055555555555555,4.965243296921551,-6.355511420059582,4.981203007518793,-1.5684952978056401,0.28000000000001535,-7.131661442006269,0.0
2021,435559,0.15625,0.24043715846994534,-15.625,-6.25,-6.03448275862069,6.030978260869546,-0.1799999999999926,11.086956521739129,2.1739130434782608
2021,570731,0.046875,0.32051282051282054,-6.4705882352941195,-0.5882352941176467,-3.745337753833404,0.8798905608755234,-0.05000000000001137,0.38759689922480334,0.0
2021,547180,0.4251968503937008,0.4597457627118644,10.26156941649899,-7.218309859154928,17.312814442142653,-4.28916861826697,-0.7900000000000205,3.317720530835281,0.8977361436377831
2021,643446,0.36936936936936937,0.2507936507936508,2.196721311475409,5.114754098360656,7.628865979381443,2.11601000625393,1.240000000000009,6.378986866791742,1.2195121951219512
2021,594807,0.112,0.23953488372093024,1.5881147540983633,-0.23053278688524603,-7.814284754417791,-1.0365675990676095,-1.0300000000000153,2.3310023310023276,-2.855477855477855
2021,542583,0.45454545454545453,0.2650273224043716,9.119373776908022,-1.8982387475538154,6.4976634018308665,3.1230824372759685,6.75,12.831541218637991,3.3691756272401436
2021,594809,0.2033898305084746,0.10059171597633136,10.068924183398263,-5.603835780641294,10.026901442895575,1.070215566891548,2.760000000000005,4.06450551258845,0.0
2021,621433,0.028169014084507043,0.12669683257918551,5.993431855500816,-7.7175697865353055,7.080874696286017,-1.1418452935694319,-1.0000000000000142,1.6775396085740901,2.7027027027027026
2021,571771,0.24193548387096775,0.34273318872017355,1.0335917312661493,7.924203273040482,2.2613531047265987,2.6142367346938755,-3.780000000000001,-1.9918367346938801,-0.8
2021,578428,0.208,0.2979274611398964,-5.635245901639344,-3.125,1.1066635271956677,-2.8634724857685114,-1.480000000000004,-4.269449715370019,-0.9803921568627451
2021,621438,0.296875,0.2898550724637681,-17.857142857142858,-8.928571428571429,7.422402159244262,-11.097749648382546,,-50.210970464135016,-9.845288326300984
2021,572287,0.18292682926829268,0.27303754266211605,8.4675014907573,-6.7382230172927855,15.367647058823529,2.143657219973022,1.6100000000000136,13.765182186234814,-2.496626180836707
2021,621439,0.5510204081632653,0.3525641025641026,5.166666666666664,-0.16666666666666607,0.6231671554252216,-2.079062410123683,-1.0799999999999983,-9.1745757837216,1.7543859649122806
2021,543105,0.18292682926829268,0.24782608695652175,1.0120177103099266,0.5692599620493359,-3.8819875776397517,4.010975609756088,-0.13999999999998636,0.0,-2.4390243902439024
2021,446334,0.3125,0.30726256983240224,3.4193548387096797,8.70967741935484,6.847545219638246,-3.3036945812808085,-4.410000000000011,-16.54724585759069,-1.2987012987012987
2021,624513,0.175,0.1092896174863388,1.6970458830923931,1.1942174732872406,4.285714285714292,2.9399999999999977,-0.12000000000001876,-5.0000000000000036,-2.5
2021,621446,0.06779661016949153,0.1774891774891775,16.133720930232556,-6.25,-1.1111111111111072,-2.237719298245594,2.720000000000013,-9.42982456140351,0.0
2021,656775,0.38271604938271603,0.3742690058479532,-6.848894348894348,-0.36855036855036793,-1.3859275053304927,-1.2794383240021858,0.27000000000001023,2.194329059057253,2.6548672566371683
2021,519048,0.22448979591836735,0.22727272727272727,-0.585284280936456,0.9197324414715737,-4.210526315789473,1.4046874999999943,0.9900000000000091,-3.5096153846153832,-4.6875
2021,571788,0.20754716981132076,0.1642512077294686,13.714285714285719,-21.0,-9.473684210526317,-2.1747474747474627,-1.2600000000000051,-13.13131313131313,0.0
2021,553869,-0.06557377049180328,0.4290322580645161,-22.043010752688176,-3.010752688172043,-7.81144781144781,5.1184668989546935,2.539999999999992,14.982578397212542,0.0
2021,641933,0.20652173913043478,0.30112359550561796,-22.87903667214012,3.1746031746031744,-8.908045977011497,-1.3984622553588224,0.8099999999999881,-6.104380242311279,-0.7455731593662627
2021,502671,0.17880794701986755,0.41366223908918404,5.6491228070175445,0.07017543859649233,-4.307576043831478,-0.43383603238866897,0.5699999999999932,-6.012145748987848,-0.688259109311741
2021,570256,0.10526315789473684,0.14982578397212543,-1.3047530288909606,-12.814538676607643,-2.745098039215687,0.49830136986300033,3.239999999999995,4.082191780821919,-0.7397260273972601
2021,572816,0.3076923076923077,0.24596774193548387,-2.380952380952383,11.64021164021164,-2.112962210483545,1.2196699134199207,-4.449999999999989,-2.3809523809523796,1.2987012987012987
2021,519058,0.3402061855670103,0.08256880733944955,3.1063829787234045,-6.8936170212765955,-3.8063562453806377,2.1357846671473055,2.1799999999999926,1.8505167027156944,-2.1389089161259314
2021,665487,0.32407407407407407,0.3835616438356164,-11.111111111111107,-5.396825396825398,0.981570512820511,-0.21421686746987234,0.6399999999999864,-0.6746987951807206,4.024096385542169
2021,665489,0.47333333333333333,0.5,4.4452347083926025,-3.55618776671408,0.21869874248223198,-2.120994133991985,-3.839999999999989,-6.221055881444894,1.2195121951219512
2021,405395,0.2717391304347826,0.3333333333333333,11.48936170212766,-2.033096926713948,9.438974839818723,-1.0563492063492106,-6.429999999999993,-10.846560846560845,3.9682539682539684
2021,425877,0.3563218390804598,0.21243523316062177,11.818181818181817,-7.6923076923076925,15.907522429261558,5.292990196078435,2.260000000000005,7.450980392156854,1.8137254901960778
2021,641432,0.37209302325581395,0.2828282828282828,-10.317460317460316,1.1904761904761898,1.8518518518518512,8.817386363636373,2.4599999999999795,21.363636363636367,2.5
2021,600474,0.13861386138613863,0.1792452830188679,-7.0238095238095255,6.269841269841269,-3.74371391320544,-0.5586652542372832,-2.1400000000000006,-1.6737288135593218,-1.694915254237288
2021,553882,0.45569620253164556,0.23224043715846995,-0.22727272727272663,9.393939393939391,6.290516206482593,-7.852683117900497,-9.939999999999998,-15.08029768899334,-4.3478260869565215
2021,621466,0.18681318681318682,0.1894273127753304,-2.9294935451837105,-0.695134061569016,10.893246187363836,2.6472670807453653,0.12999999999999545,-0.9937888198757747,-2.1739130434782608
2021,620443,0.16049382716049382,0.2222222222222222,-2.8160200250312926,-1.314142678347935,11.827155894952504,1.9351492537313533,0.5600000000000023,12.089552238805972,3.5074626865671643
2021,623520,0.12389380530973451,0.19158878504672897,5.093488072211475,-4.577691811734365,0.8377259036144551,-2.8936507936508065,1.5100000000000051,-6.785714285714285,1.1111111111111112
2021,595879,0.16666666666666666,0.1995249406175772,-18.20742637644046,2.227912932138284,-20.98457703692164,-3.4112713472485723,-0.5299999999999869,-13.87096774193548,-3.6622390891840606
2021,605612,0.1509433962264151,0.16783216783216784,-16.873065015479874,-4.643962848297213,-17.5,-1.7419117647058755,4.8799999999999955,9.85294117647059,0.0
2021,553902,0.42028985507246375,0.29931972789115646,9.343434343434343,0.0,10.860655737704917,6.996344827586199,6.810000000000002,24.20689655172414,0.0
2021,656305,0.13157894736842105,0.1595744680851064,1.8018018018018083,5.959805959805962,3.4599728629579367,-2.832941176470584,-2.8400000000000034,-8.104575163398696,-4.705882352941177
2021,606132,0.32167832167832167,0.2717948717948718,3.679653679653679,-3.896103896103897,4.815509693558473,0.5506383304028759,1.4200000000000017,2.5762556379481705,-0.9708737864077669
2021,663993,0.2822085889570552,0.21920668058455114,-6.458897922312552,2.303523035230354,-4.861111111111111,0.7542212674543549,0.7700000000000102,6.4017185821697105,-2.1052631578947367
2021,575929,0.23255813953488372,0.2231638418079096,2.64423076923077,-0.14423076923076827,9.530508176542991,0.9516580692704508,1.2600000000000051,1.8668631785802035,-1.694915254237288
2021,518586,0.24705882352941178,0.15053763440860216,-5.543113101903696,5.879059350503919,-15.574746873138771,4.563177805800763,2.4599999999999937,4.077343421605718,-2.564102564102564
2021,605113,0.10576923076923077,0.1842818428184282,-6.618819776714513,2.3125996810207345,2.2470702075045708,0.4642789598108834,2.239999999999995,-0.2600472813238781,0.0
2021,475582,0.3181818181818182,0.18357487922705315,4.5955882352941195,3.308823529411765,-5.699233716475096,1.1914054600606647,-3.6199999999999903,-0.5055611729019169,0.1516683518705766
2021,605119,0.08,0.2804878048780488,17.142857142857142,-3.809523809523809,11.347517730496449,1.2013776881720162,0.5000000000000142,3.931451612903224,1.14247311827957
2021,453568,0.3082706766917293,0.3207126948775056,-5.031876138433514,-3.392531876138433,-6.072264971562397,0.5385772565017675,1.4099999999999824,-3.314635390107089,0.0
2021,607680,0.21428571428571427,0.21660649819494585,9.0,-3.0,-1.10512129380054,-4.885172413793114,-6.480000000000004,-18.23275862068966,1.25
2021,640449,0.16037735849056603,0.09821428571428571,-15.300546448087427,8.561020036429873,-15.11276127612761,7.564539808018083,7.1299999999999955,15.104460756634666,0.0
2021,518595,0.13953488372093023,0.24647887323943662,-19.034090909090907,-0.14204545454545414,-6.736353077816489,-0.5208455882353036,1.4300000000000068,0.2941176470588225,0.0
2021,543685,0.3484848484848485,0.2677595628415301,-5.125815470643058,-6.616961789375583,-9.23076923076923,-3.1946428571428243,-1.1099999999999994,-13.69047619047619,-2.9761904761904763
2021,622534,0.216,0.3008849557522124,-11.025641025641024,-8.461538461538462,-14.02571380864919,-0.5534065934065495,-4.340000000000003,-8.35164835164835,0.7692307692307694
2021,621563,0.3114754098360656,0.21372031662269128,-1.546811397557665,9.416553595658073,-0.6218202374222699,-3.9703208097444076,-1.6599999999999966,-15.4228855721393,0.0
2021,640457,0.2483221476510067,0.3235294117647059,5.187477247906806,-9.61048416454314,1.0416666666666679,-3.139827981651379,-3.0999999999999943,-4.770642201834864,0.08027522935779796
2021,624413,0.29850746268656714,0.38966202783300197,-11.841807909604519,8.858757062146896,-2.5423728813559343,-0.9287356321838729,-2.260000000000005,-0.18390804597701305,-0.1839080459770117
2021,605131,0.14285714285714285,0.1728395061728395,-7.056451612903224,5.846774193548388,-8.01209372637944,-2.254722222222199,-4.509999999999991,-3.8888888888888893,0.0
2021,624585,0.12142857142857143,0.29653679653679654,-10.524160524160525,-6.715806715806716,-14.36410256410256,0.9706666666666734,-0.44000000000001194,1.656565656565661,0.0
2021,455117,-0.10526315789473684,0.1419939577039275,-16.590909090909093,-0.22727272727272751,-2.5158061116965236,6.346268656716404,5.199999999999989,12.070084360804673,0.0
2021,541645,0.2248062015503876,0.3238341968911917,-0.8984944147644462,1.8941233608547847,-3.808543489449306,-4.3469792764313695,-2.990000000000009,-9.78222690551458,-2.4762908324552164
2021,641487,0.19402985074626866,0.2820976491862568,0.3136200716845856,1.881720430107526,-1.943319838056679,0.304322638146175,-0.9300000000000068,-0.22281639928698738,0.9803921568627451
2021,624414,0.18421052631578946,0.2857142857142857,11.885546588407923,-0.8070432868672048,9.209744503862154,-4.541701178719336,-10.999999999999972,-14.112774769034722,0.0
2021,605137,0.03296703296703297,0.4192872117400419,4.949494949494948,-2.878787878787878,1.4228226501868342,1.0128652886671574,2.0999999999999943,1.2473271560940837,1.1047754811119033
2021,593871,0.2556390977443609,0.3796477495107632,9.931506849315069,4.52054794520548,5.310734463276836,-2.4715517241379388,-1.5100000000000051,-3.268678160919542,1.257183908045977
2021,605141,0.3698630136986301,0.41089108910891087,8.97335423197492,-2.429467084639498,-2.3396712858523987,1.7618414322250828,0.5599999999999881,6.956521739130434,1.7391304347826086
2021,544725,0.043010752688172046,0.26246719160104987,-10.138888888888886,1.9444444444444438,-12.151067323481119,5.443382352941157,3.7299999999999898,6.9327731092436995,0.0
2021,664023,0.049019607843137254,0.24942263279445728,14.88801054018445,-12.779973649538869,2.1640826873384995,2.790773809523813,1.6799999999999926,5.9523809523809526,1.130952380952381
2021,602074,0.1951219512195122,0.21686746987951808,-3.708523096942095,3.7735849056603774,-5.905205905205907,-1.7837117117117174,-5.4399999999999835,-8.216216216216218,-2.7027027027027026
2021,592348,0.07894736842105263,0.0995260663507109,8.522727272727266,3.787878787878789,15.575587409487216,2.5161779081133773,-0.13000000000000966,-3.0791788856304976,-1.6129032258064515
2021,621020,0.13793103448275862,0.2637795275590551,-7.714285714285715,-2.2857142857142856,1.893593258198802,-0.15082437275987104,-0.569999999999979,-3.548387096774192,-2.114695340501792
2021,521692,0.2896551724137931,0.3192307692307692,-6.582952815829525,-5.47945205479452,-7.496293550778358,1.7432950659501785,0.03999999999999204,8.7933561309233,-2.283829995114802
2021,518626,0.4,0.3200883002207506,5.7142857142857135,2.857142857142856,-1.8595041322314039,-1.4962962962962933,-2.719999999999999,7.407407407407412,2.4691358024691357
2021,664034,0.24161073825503357,0.36926147704590817,-8.342342342342338,1.2072072072072082,-6.923076923076923,0.6835833333333312,-4.549999999999997,-9.291666666666664,-2.0
2021,621028,0.21428571428571427,0.2803738317757009,5.851197982345524,-1.841109709962169,4.135432283858071,6.349809523809526,4.190000000000012,8.190476190476192,0.0
2021,595943,0.21705426356589147,0.13559322033898305,8.8023088023088,6.709956709956709,10.603080957063256,-2.07657252888319,1.3000000000000114,-6.7073170731707314,-2.4390243902439024
2021,664040,0.1366906474820144,0.3592436974789916,4.0008378718056115,-3.6237955592794293,-1.315789473684216,-2.8722808174027676,-2.6200000000000045,-11.173368490441662,-5.405405405405405
2021,607208,0.3597122302158273,0.40631163708086787,-2.9436152570480907,-0.310945273631841,-4.248275862068965,-1.582743362831863,-2.519999999999996,-0.5703048180924242,-3.3333333333333335
2021,457705,0.2357142857142857,0.3087557603686636,3.6393375587814347,-5.5816806379063575,-4.761904761904763,-0.20655737704919375,-0.6199999999999903,3.394406943105114,-1.639344262295082
2021,621035,0.34057971014492755,0.17792792792792791,-7.2314483918436,0.5675846121505153,-0.34517092598738586,-4.767829457364343,-5.019999999999996,-6.621447028423773,0.9366925064599485
2021,457708,0.1864406779661017,0.1680327868852459,0.6896551724137971,1.3793103448275854,-0.5203550658096141,0.05492481203008026,-0.25,1.0526315789473664,0.2255639097744364
2021,643565,0.109375,0.047244094488188976,-0.3703703703703738,11.11111111111111,-8.974358974358978,3.499158653846166,2.940000000000012,6.490384615384615,0.0
2021,458731,0.07894736842105263,0.2519480519480519,-5.0420168067226925,-7.563025210084035,-1.2494320763289437,3.190488215488216,1.9399999999999977,7.323232323232322,0.0
2021,606192,0.275,0.312621359223301,-34.550371872887084,9.803921568627452,-23.236105636578642,0.13612903225804018,7.540000000000006,8.337468982630273,-1.6873449131513645
2021,605170,0.16666666666666666,0.16165413533834586,-5.335968379446644,2.7667984189723303,4.025044722719144,2.5197727272727235,6.660000000000011,7.613636363636363,-1.8181818181818181
2021,621043,0.28187919463087246,0.3869653767820774,1.5151515151515191,-0.4509379509379521,0.21125060357315206,-3.090551431601284,-4.47999999999999,-7.009544008483562,-1.2195121951219512
2021,607732,0.3113207547169811,0.22118380062305296,-8.689458689458688,-5.056980056980057,-7.216644842135892,2.0403508771929637,1.960000000000008,5.2631578947368425,1.7543859649122806
2021,602104,0.08620689655172414,0.25630252100840334,-9.06832298136646,7.080745341614907,-3.87323943661972,5.836538461538495,6.019999999999996,11.312217194570136,-2.941176470588235
2021,664057,0.06666666666666667,0.11764705882352941,12.5,-4.166666666666666,8.75420875420875,-0.31118421052633494,-0.8900000000000006,-1.3157894736842088,0.0
2021,664058,0.18125,0.2891089108910891,3.450980392156861,0.8627450980392153,3.1191919191919197,-0.09549247049245935,0.29999999999999716,2.146927146927146,0.0
2021,641531,0.1092436974789916,0.17688679245283018,2.8959810874704495,-1.5661938534278956,4.505813953488374,0.198994226112859,2.8599999999999994,4.339728068541632,2.197802197802198
2021,543228,0.30666666666666664,0.23666666666666666,0.654069767441861,-6.25,-5.555555555555557,3.878853383458633,4.289999999999992,10.150375939849624,1.7857142857142856
2021,621566,0.3712121212121212,0.4436229205175601,9.090909090909093,1.5151515151515138,11.030783582089555,-1.5951733833177144,-1.6700000000000017,-1.593252108716026,1.2417994376757266
2022,500743,0.2457627118644068,0.2416452442159383,-2.099970422951788,0.2661934338952969,-3.082593399229351,0.6599674972914329,4.799999999999997,6.554712892741065,1.9230769230769231
2022,553993,0.19480519480519481,0.21894736842105264,9.775071875528496,-3.8220869271097584,10.518667560921084,-1.3402589581451423,-0.4299999999999926,-7.603131586871422,-2.484191508581752
2022,595978,0.07954545454545454,0.076,-6.832298136645964,0.6211180124223601,-0.12919896640826778,3.216511867905055,2.0400000000000063,5.366357069143449,1.9607843137254901
2022,546318,0.23333333333333334,0.18248175182481752,2.222222222222218,4.444444444444445,12.371499468273662,-8.933904619970193,-2.990000000000009,-20.864381520119224,-4.545454545454546
2022,543760,0.10457516339869281,0.3555166374781086,-4.475308641975307,-3.0864197530864192,-6.94910875742702,-0.20496040987424635,1.3199999999999932,2.7868343424934015,0.0
2022,641553,0.14606741573033707,0.011695906432748537,-7.0230607966457015,-7.337526205450733,-8.492049624322906,2.834206081081092,3.2700000000000102,-2.027027027027028,0.0
2022,605204,0.15714285714285714,0.15306122448979592,-11.745244003308521,-0.08271298593879273,0.3734827264239087,2.5515856236786476,1.039999999999992,5.496828752642706,-3.0303030303030303
2022,593428,0.3223684210526316,0.32150313152400833,-3.9473684210526336,7.894736842105262,0.492170022371365,-4.121250000000003,-1.3999999999999915,-12.5,0.20833333333333348
2022,669720,0.35,0.23076923076923078,-10.539215686274513,-5.228758169934641,-7.566585956416464,0.9668347338935632,-3.5200000000000102,2.7030812324929983,0.014005602240896309
2022,543257,0.05714285714285714,0.1572700296735905,3.2551257662227897,-0.7820756711054724,-2.3722627737226283,2.4367676767676585,1.210000000000008,-0.15151515151514872,2.0202020202020203
2022,666139,0.014084507042253521,0.08661417322834646,-5.952380952380956,-2.261904761904762,13.730929264909847,-3.706206088992971,-2.4099999999999824,1.756440281030443,7.142857142857142
2022,457759,0.22857142857142856,0.35805626598465473,-1.9391712594407053,-0.20412329046744215,-0.9919337257466729,-0.5742132867132455,3.1700000000000017,0.038850038850043234,-1.0101010101010102
2022,476704,0.18518518518518517,0.04854368932038835,-0.14992503748125685,-0.9745127436281855,5.716878402903813,-1.7642298850574747,-4.819999999999993,-9.471264367816092,0.0
2022,665120,0.2483221476510067,0.04590163934426229,-1.8566176470588225,4.724264705882353,-5.518339556336482,0.5093181818181733,-0.9400000000000119,0.0,2.3863636363636362
2022,663586,0.2716049382716049,0.352165725047081,9.237804878048781,-5.152439024390244,2.170193230666502,-4.120427977016078,-2.469999999999999,-9.451159104418466,-1.0699425401228453
2022,519203,0.4064516129032258,0.356234096692112,8.80785880785881,-2.713952713952713,5.279356060606062,1.1356910946196308,1.9799999999999898,-3.8961038961038987,-1.6929499072356218
2022,518692,0.4268292682926829,0.4227941176470588,-5.2060092220734795,6.99092666964153,0.8193149132746438,1.2509459459459435,-2.1299999999999812,2.4774774774774784,1.6666666666666667
2022,669221,0.16778523489932887,0.32181425485961124,-14.339963833634716,9.059674502712475,-6.434023991275897,-4.533023677353583,-2.5,-13.345417469128808,-1.9938824062535403
2022,669222,0.17543859649122806,0.17355371900826447,-19.047619047619047,-4.761904761904762,-4.666666666666664,4.38666666666667,6.359999999999999,10.0,0.0
2022,676391,0.1896551724137931,0.08264462809917356,-13.421052631578945,-2.894736842105263,-6.186868686868687,1.6410052910052855,4.069999999999993,17.46031746031746,0.0
2022,670764,0.057692307692307696,0.12154696132596685,12.969415408439794,-11.575687185443282,-3.0246389124893795,-6.238982387475559,-8.600000000000009,-33.15068493150685,0.0
2022,656941,0.18120805369127516,0.29615384615384616,-0.5230880230880217,0.8116883116883127,1.2076085596295805,2.9674162323157276,1.3999999999999915,7.386448250186152,5.1526433358153385
2022,666158,0.23684210526315788,0.2605042016806723,3.3333333333333357,-6.481481481481481,-9.221736127101082,-5.322817204301074,-5.049999999999997,-19.204301075268816,-3.5053763440860215
2022,670768,0.3835616438356164,0.15217391304347827,5.860805860805861,4.853479853479855,-1.0574712643678144,-0.5540400296516168,0.009999999999990905,5.707931801334322,1.4084507042253522
2022,543281,0.2073170731707317,0.26239067055393583,-7.977736549165122,1.0513296227581943,-3.76049653158087,-3.395744680851081,-1.4399999999999977,-5.371468433903036,1.151028950122079
2022,670770,0.09090909090909091,0.4114583333333333,-18.53448275862069,-5.603448275862069,-26.732026143790847,-3.319444444444457,-4.349999999999994,-11.944444444444446,0.0
2022,596019,0.2774566473988439,0.32082551594746717,9.2027822364901,-0.5216693418940608,12.24696356275304,-2.64327196527465,-1.539999999999992,-0.35174375093548704,-2.2900763358778624
2022,571448,0.4797297297297297,0.451271186440678,-5.80821917808219,-6.995433789954337,-3.5338129496402892,-3.117899880335088,-0.6299999999999955,-5.83366573593937,0.7479058635819706
2022,669242,0.36423841059602646,0.24217118997912318,1.590668080593849,-0.6185931424531628,-2.5043524842640927,2.4044908062234924,2.009999999999991,10.454974068835455,-0.40075436115040075
2022,663611,0.11904761904761904,0.2708333333333333,23.33333333333333,-6.666666666666667,15.5,-0.09764890282133365,0.04999999999999716,-4.310344827586206,0.0
2022,668731,0.01818181818181818,0.07647058823529412,-3.2051282051282044,4.8076923076923075,-18.346774193548388,0.45641711229946225,1.430000000000021,1.8716577540106947,0.0
2022,545341,0.19491525423728814,0.2261904761904762,20.833333333333336,-0.8680555555555554,13.181818181818183,2.611175461175492,1.0799999999999983,2.273702273702277,-1.5873015873015872
2022,641598,0.19101123595505617,0.24603174603174602,2.125,-4.5,7.170542635658915,0.477067669172925,4.299999999999997,-4.248120300751879,0.0
2022,677951,0.176056338028169,0.26326530612244897,-0.1798201798201866,2.1178821178821177,-1.3480392156862777,1.7224809313528766,5.409999999999997,2.1878763548775595,2.8301886792452833
2022,663616,0.17567567567567569,0.12264150943396226,11.309523809523807,2.2321428571428577,2.6995645863570346,1.3343629343629004,1.6500000000000057,5.9845559845559855,-2.7027027027027026
2022,666176,0.045454545454545456,0.0228310502283105,-13.888888888888893,-1.8518518518518516,-4.9882352941176435,0.10927536231884005,-3.219999999999999,11.15942028985507,-1.4492753623188406
2022,444482,0.24603174603174602,0.22527472527472528,1.3114754098360635,8.701134930643125,-2.4212389380531008,-3.9163088849135193,0.6300000000000097,-8.556946929039956,-1.1627906976744187
2022,571970,0.22916666666666666,0.23515439429928742,5.971014492753625,-2.492753623188406,0.48364153627311524,-1.492756836659268,-2.219999999999999,1.367331855136733,3.3259423503325944
2022,608324,0.36363636363636365,0.4262948207171315,-1.4882462371046845,-1.6235413495687467,-7.756813417190777,1.4771990740740648,1.5500000000000114,1.3503086419753103,-2.6620370370370368
2022,592450,0.4304635761589404,0.4917431192660551,2.298245614035089,-1.4561403508771953,-1.9038368139873718,1.3119391025640965,1.8800000000000097,2.964743589743591,0.8012820512820515
2022,668227,0.11842105263157894,0.2920892494929006,1.1111111111111143,4.722222222222222,-0.12820512820512775,0.6876768346595981,2.359999999999985,-1.4367816091954033,0.0
2022,666182,0.14457831325301204,0.32015065913371,-4.210220673635309,3.7456445993031355,-4.784688995215308,-1.2869425547997224,-1.8899999999999864,-6.009070294784582,-1.1715797430083144
2022,663624,0.1794871794871795,0.21747967479674796,-7.777777777777779,1.666666666666667,-6.5761537601966715,3.0802100941801456,5.230000000000018,9.236899299686069,0.2294131852209611
2022,571976,0.0449438202247191,0.18274111675126903,-8.870056497175138,1.581920903954802,3.0303030303030383,-1.3982742537313442,-3.609999999999985,-8.3955223880597,3.125
2022,571466,0.023255813953488372,0.11261261261261261,-14.253393665158367,-14.705882352941178,-5.443548387096776,0.4667476570635216,1.7399999999999807,9.267615411315514,0.0
2022,543305,0.16521739130434782,0.17159763313609466,7.923497267759565,3.217972070431088,0.6342062193126026,-0.18640692640691725,-1.7700000000000102,-2.554112554112553,-1.5151515151515151
2022,666185,0.25170068027210885,0.24926686217008798,2.5175860792299165,-0.07404664938911498,-4.004329004329001,1.2796105383734186,0.22000000000001307,0.27074872435697017,2.0618556701030926
2022,571980,0.21052631578947367,0.16818181818181818,2.700156985871274,-3.5478806907378333,9.384893713251923,-1.1846983133368099,5.799999999999997,7.616066770996344,3.5298209007129193
2022,543309,0.030303030303030304,0.26666666666666666,-9.686609686609685,2.279202279202279,-5.736301369863014,3.8803135888501714,-0.1700000000000017,19.425087108013933,1.1324041811846688
2022,545358,0.0821917808219178,0.076158940397351,4.428341384863124,-5.636070853462158,-2.192192192192195,-2.9208791208791354,-0.6699999999999875,-8.791208791208792,-0.9157509157509156
2022,608336,0.0423728813559322,0.0547945205479452,-6.724386724386719,5.252525252525253,7.2131608548931325,0.9797192982456266,-3.9000000000000057,7.578947368421051,-0.9122807017543864
2022,518735,0.17424242424242425,0.13524590163934427,-1.2987012987012996,7.792207792207792,-4.088345864661651,5.310596756416331,-1.6400000000000148,13.7143756888679,-2.73972602739726
2022,545361,0.5,0.35127478753541075,11.455345190284948,1.376936316695355,2.767676767676768,-3.14018870504583,0.2600000000000051,-1.8597019007247368,1.5041706549979488
2022,669261,0.14492753623188406,0.18151815181518152,15.368852459016392,6.557377049180328,20.23562023562023,2.710115236875808,6.700000000000003,4.353393085787452,2.8169014084507045
2022,673357,0.312,0.2391304347826087,2.916666666666666,4.027777777777778,2.0937408169262426,-0.3519642857143026,-2.1199999999999903,-3.095238095238095,0.11904761904761885
2022,642133,0.3,0.3224400871459695,10.416666666666664,2.083333333333333,5.67146282973621,0.8480194224380568,0.04999999999999716,4.088934321492459,-0.1916687963199588
2022,656976,0.11627906976744186,0.25,8.861985472154963,-3.292978208232446,3.3749422098936677,0.3956253216675236,0.09000000000000341,9.958826556870815,-1.9557385486361296
2022,596059,0.09259259259259259,0.2066115702479339,-6.836414370422045,-8.51063829787234,3.702026491565718,-1.8046165301563661,-0.980000000000004,-7.7686770910896,1.2658227848101267
2022,608348,-0.16666666666666666,0.2653061224489796,-8.88888888888889,-4.444444444444445,-5.684754521963825,0.21205273069682562,-4.210000000000008,-5.36723163841808,-1.694915254237288
2022,650333,0.4336283185840708,0.38979591836734695,-1.2241054613935969,4.802259887005647,-2.049689440993789,1.8691223404255197,1.2399999999999949,3.670212765957446,0.18617021276595747
2022,663647,0.2695035460992908,0.15990453460620524,4.371474617244157,-3.746978243352137,9.914182475158087,2.5951970443349808,2.589999999999989,9.482758620689658,-0.0410509031198687
2022,646240,0.44375,0.3524229074889868,-2.094077199562429,3.8599781215814972,-2.9797940089629655,4.4212895481437045,1.8999999999999915,-0.6344851238960771,2.735145331389866
2022,542303,0.22012578616352202,0.20114942528735633,8.544303797468356,3.70253164556962,3.684684684684683,-4.218097643097664,-0.39000000000000057,-8.838383838383837,2.0202020202020203
2022,543333,0.38461538461538464,0.2318840579710145,0.8641005498821688,0.25530243519245843,0.26338893766461524,4.826551226551217,-2.519999999999996,-2.319109461966608,0.9997938569367142
2022,623205,0.037383177570093455,-0.028925619834710745,0.14336917562724594,-6.272401433691756,5.912698412698411,2.5100835945663675,1.8700000000000045,6.583072100313476,0.0
2022,663656,0.33112582781456956,0.38209606986899564,-1.3171759747102172,9.729539866526169,0.4418668876001135,1.9198302687411655,1.019999999999996,2.9042904290429057,-1.9801980198019802
2022,669289,0.2962962962962963,0.2696629213483146,-5.824175824175827,-2.0879120879120894,-6.2171891405429704,-2.3134193054136887,-3.1299999999999955,-11.567926455566905,-1.1363636363636365
2022,679529,0.09917355371900827,0.1625441696113074,-3.4445051940951323,-7.654455986878077,0.8656957928802598,-1.6837500000000034,-2.3599999999999994,0.22058823529411953,-2.941176470588235
2022,641645,0.296875,0.2656826568265683,0.9775171065493637,-5.474095796676442,-1.0012515644555702,3.905980861244032,3.4399999999999835,9.569377990430622,2.272727272727273
2022,608369,0.3223684210526316,0.35812133072407043,0.0,7.894736842105265,-2.752639517345404,-2.300793650793665,-1.0100000000000051,-4.5238095238095255,0.8994708994708992
2022,570482,0.25203252032520324,0.3060747663551402,4.625199362041469,-6.2200956937799035,-4.531490015360982,-2.4803926633944684,0.6700000000000017,-6.94910875742702,-1.2658227848101267
2022,544369,0.24615384615384617,0.17365269461077845,8.009153318077802,0.9153318077803201,0.572737686139746,0.28317035512094435,-0.7000000000000028,1.8528049408131757,0.0
2022,642165,0.08571428571428572,0.14754098360655737,-11.378353376503235,-2.312673450508788,-15.040650406504067,4.777068214804046,2.989999999999995,5.370101596516692,1.8867924528301887
2022,681082,-0.1206896551724138,0.2647058823529412,1.0752688172042966,7.885304659498208,-12.22950819672131,-1.058783783783781,-11.570000000000007,-14.391891891891891,0.0
2022,662139,0.24305555555555555,0.24107142857142858,-1.3888888888888893,-6.944444444444445,-3.208847889698955,-3.879797979797985,-3.019999999999996,-7.070707070707069,-2.02020202020202
2022,664702,0.23333333333333334,0.17713004484304934,-0.35714285714285765,3.2142857142857135,-1.2955752212389395,0.13540729072906288,-5.069999999999993,-8.87713771377138,0.0
2022,668800,0.20634920634920634,0.15217391304347827,-15.151515151515145,2.121212121212121,-16.85185185185185,-3.274038461538453,1.559999999999988,-2.948717948717949,2.5
2022,608385,0.27848101265822783,0.2519280205655527,-0.6413339746673064,-12.073112073112076,-3.0822510822510836,0.04192528735632095,-2.700000000000003,-3.2471264367816097,-1.7528735632183907
2022,672386,0.3103448275862069,0.3952941176470588,3.8829151732377536,-6.750298685782555,4.159132007233271,1.6887359198998695,4.089999999999989,5.600750938673343,-1.4705882352941175
2022,573262,0.3486238532110092,0.1714922048997773,0.9491525423728788,5.5593220338983045,-8.974358974358973,1.2112068965517295,2.0400000000000063,-6.03448275862069,-0.9482758620689653
2022,668804,0.19444444444444445,0.32127659574468087,-8.204334365325078,5.65015479876161,1.344393592677342,0.5956009070294783,-1.2500000000000284,0.4988662131519277,-1.2925170068027212
2022,543877,0.13636363636363635,0.3047337278106509,-9.090909090909092,6.818181818181818,-3.8961038961038987,1.4493571428571386,-0.23000000000000398,1.8809523809523796,0.4523809523809521
2022,592518,0.4394904458598726,0.3470225872689938,1.137102014294996,2.0467836257309937,-1.9696969696969688,2.7814103970168844,-0.6700000000000017,2.1495942092564206,5.319148936170213
2022,596103,0.25675675675675674,0.20318725099601595,-4.093567251461991,17.836257309941523,-1.44927536231884,2.929184188393606,-4.700000000000003,-1.1774600504625745,2.4390243902439024
2022,647304,0.4935064935064935,0.30641330166270786,6.818181818181817,1.5151515151515156,-6.640352913861159,2.6155555555555736,-3.1200000000000045,0.5555555555555536,-0.5555555555555556
2022,572041,0.125,0.2619589977220957,-23.823529411764707,-0.5882352941176467,-19.039825422804142,-1.7972884525479174,-3.339999999999989,5.142589995324915,-4.3478260869565215
2022,500871,0.18181818181818182,0.25064599483204136,9.149331980382211,-9.06477253509217,9.604368063014682,-2.961306379520522,-1.2299999999999898,-10.473384802925638,2.1739130434782608
2022,542340,0.08,0.075,15.086034413765503,-1.720688275310124,-0.6734693877550981,-7.682844164919629,-7.6299999999999955,-15.478686233403213,1.8518518518518516
2022,665742,0.42196531791907516,0.4215885947046843,0.17375033413525465,-4.410585404971933,3.023809523809522,2.9676282051282072,-3.569999999999993,4.8534798534798504,0.5036630036630036
2022,641680,0.475,0.21351351351351353,7.575757575757576,-7.575757575757573,7.3180076628352495,0.3866645035691363,-0.07000000000000739,-2.887735236859182,-0.6813757300454251
2022,643217,0.30344827586206896,0.31117021276595747,2.7594247959580276,4.391760590750097,-5.213986013986013,-1.2573232574326312,-1.8399999999999892,8.571144476484044,0.6463159988068012
2022,663698,0.03571428571428571,0.04830917874396135,-13.15789473684211,-2.0594965675057235,-21.41215106732348,-0.4223193473193305,-7.049999999999997,1.631701631701631,-0.29137529137529095
2022,596115,0.08571428571428572,0.21875,2.137372898941692,6.100850798920938,-4.014753008041598,-0.9994224924012372,0.7800000000000153,4.498480243161092,3.1914893617021276
2022,657041,0.02040816326530612,0.24888888888888888,-15.080399826162541,-1.6514558887440245,-7.261373773416594,3.5632267441860535,-2.0700000000000074,6.795058139534881,3.0886627906976747
2022,657557,-0.011627906976744186,0.046357615894039736,-20.112044817927174,-8.907563025210083,-5.102040816326529,1.7801403508771756,3.4200000000000017,5.192982456140356,-1.7543859649122806
2022,519317,0.2896551724137931,0.1791530944625407,-12.280701754385962,10.392829900839054,-7.249466950959487,-1.0761363636363797,-0.13000000000000966,2.597402597402599,0.9740259740259742
2022,547989,0.2348993288590604,0.37169811320754714,-10.679079956188389,-0.9675063891931348,-2.7240733123086045,4.5465217391304265,3.7800000000000153,8.293683347005743,0.7957342083675143
2022,642708,0.20155038759689922,0.2754158964879852,-9.19080919080919,-0.7242757242757234,-0.021240441801190002,0.010756302521016892,-4.980000000000004,2.128851540616246,0.22408963585434172
2022,608070,0.5333333333333333,0.41495327102803736,-0.8717310087173118,8.717310087173098,-2.7085330776605954,-0.05702898550725877,0.4399999999999977,2.8260869565217384,0.9057971014492753
2022,642715,0.24324324324324326,0.2260127931769723,-0.8088235294117609,0.5147058823529402,6.821526171957117,-1.5981225999146602,-2.1999999999999886,-1.6498364386289275,0.2844545583842981
2022,660636,0.14736842105263157,0.14893617021276595,0.8429458740017743,-2.307009760425909,4.625735912531539,2.870491803278682,0.29999999999999716,-4.918032786885249,0.0
2022,645277,0.2787878787878788,0.2524271844660194,-7.10921401236385,-3.076243744480424,-1.6140003710345638,4.21293549303779,2.3800000000000097,7.5816993464052285,-1.3071895424836601
2022,656541,0.13414634146341464,0.01694915254237288,-8.392973324658424,4.749512036434613,-8.765723270440251,-1.2350793650793577,2.819999999999993,0.15873015873015817,3.1746031746031744
2022,542364,0.1935483870967742,0.24100719424460432,3.2558139534883708,1.9534883720930232,1.5998593530239091,-1.2098148148148056,-0.5699999999999932,-2.5925925925925952,1.8518518518518516
2022,665161,0.30708661417322836,0.17633410672853828,3.458646616541351,-3.3082706766917296,2.115976965314047,-2.701902748414355,0.8900000000000006,-5.964965267290847,3.0051344004832368
2022,596129,0.2777777777777778,0.2746268656716418,-0.050594485201113315,1.7708069820389554,-0.1611603545527771,3.4117673992674042,0.7900000000000063,2.7014652014652043,-1.0073260073260073
2022,650402,0.3252032520325203,0.24498886414253898,-8.19628647214854,0.9814323607427058,-6.413895647472291,2.582611111111106,2.730000000000004,6.611111111111111,4.0
2022,443558,0.15333333333333332,0.17366946778711484,1.076040172166426,-0.6814921090387394,0.8008658008658038,0.9487459871589152,-0.09000000000001762,6.9221508828250435,-4.464285714285714
2022,642727,0.08771929824561403,0.1437125748502994,-10.526315789473683,-2.631578947368421,-1.5406836783822797,2.6521739130434696,1.1400000000000006,10.869565217391301,-2.1739130434782608
2022,622761,0.11475409836065574,0.1411192214111922,-7.112068965517242,-4.525862068965518,-4.958677685950416,-0.4604585006693327,-0.769999999999996,1.037483266398926,2.225568942436412
2022,408234,0.16923076923076924,0.11221122112211221,-2.6190476190476204,-0.9523809523809526,-1.0371716254069163,0.9191025641025732,0.38000000000000966,-1.7948717948717956,2.5
2022,656555,0.2185430463576159,0.2840690978886756,-1.49175149175149,-10.179010179010179,-1.8466987098406271,-2.910164835164821,-1.5300000000000011,-7.678571428571431,5.4945054945054945
2022,642731,0.2708333333333333,0.2871536523929471,-2.007722007722009,-1.1196911196911197,-6.925257887434396,-0.34615131578947,-1.3600000000000136,-0.2412280701754419,-1.0526315789473684
2022,596142,0.21621621621621623,0.125,-4.330985915492956,2.042253521126761,-3.458646616541351,2.434630759520317,2.759999999999991,9.530822638333685,3.0927835051546393
2022,516782,0.2635135135135135,0.3389355742296919,4.836309523809524,-3.199404761904762,8.94203835380306,5.30337377607492,4.25,14.112388250319281,-0.4895700297999148
2022,677551,0.3548387096774194,0.36507936507936506,-1.9166666666666679,2.333333333333333,-9.257086999022482,-4.126268656716462,-6.88000000000001,-14.893951296150828,-1.3589945011783189
2022,596146,0.34306569343065696,0.2459546925566343,0.23444160272804915,-5.6692242114237,7.977332170880558,-1.0056001069232678,-2.0700000000000074,5.466452820101583,-0.013365410318096904
2022,657077,0.23076923076923078,0.3313373253493014,7.35930735930736,-4.761904761904762,-4.922480620155039,-4.29628476950009,-0.20000000000000284,-7.2553977825325795,-2.149387278739545
2022,645302,0.037037037037037035,0.10702341137123746,-1.7986855759252833,1.0031131096506405,3.695652173913043,-2.195458404074685,-4.1899999999999835,-3.9898132427843827,1.3157894736842104
2022,647351,0.256,0.1415929203539823,-8.286155429747815,-4.1430777148739075,-9.248652291105124,3.8591116478797716,1.789999999999992,3.073000536768653,-1.5297906602254425
2022,664761,0.2692307692307692,0.24550898203592814,5.769230769230772,-8.974358974358974,-7.010115266996003,-2.0229473684210575,-0.21000000000002217,-7.859649122807017,-0.4561403508771932
2022,527038,0.3208955223880597,0.2799145299145299,-4.7767857142857135,3.7946428571428577,-8.231819859726839,-2.593535967578518,-0.5799999999999983,-8.389057750759878,-3.1914893617021276
2022,643265,0.14705882352941177,0.24924924924924924,-2.8415300546448066,-3.169398907103825,-2.62237762237762,4.97663230240552,-0.7099999999999937,2.835051546391753,0.3951890034364258
2022,543939,0.2785714285714286,0.33053221288515405,3.1862745098039227,9.477124183006536,4.266487965600042,0.9764801066057345,1.1800000000000068,1.1612411955073298,0.0
2022,656582,0.3355263157894737,0.1873015873015873,0.9009009009009041,3.2571032571032585,1.5658982166159223,-0.5909740259740204,-3.0300000000000296,2.359307359307362,-3.625541125541125
2022,573131,0.19310344827586207,0.12757201646090535,-8.738425925925924,2.044753086419753,-9.526833915528737,3.5834391792867706,5.099999999999994,12.63637843999349,0.32567985670086297
2022,663757,0.07194244604316546,0.15064935064935064,-1.6984258492129243,-2.3819386909693456,-2.0299145299145316,1.8253787878787904,3.660000000000011,4.924242424242426,-0.2525252525252524
2022,660688,0.3360655737704918,0.2797427652733119,0.6456820016142064,11.972020446596717,7.002801120448181,-0.9796929706436686,0.5900000000000176,1.710207379477513,-2.127659574468085
2022,474832,0.20833333333333334,0.14606741573033707,0.24698981167027512,-1.7289286816918796,-4.194733619105939,-0.47264626113909003,-2.3900000000000006,3.312669507942662,-2.247191011235955
2022,669394,0.025974025974025976,0.3018867924528302,20.208333333333332,7.152777777777778,12.265372168284795,-2.9318548387096968,-6.060000000000002,-4.9731182795698885,-1.6129032258064515
2022,673490,0.2905982905982906,0.2623655913978495,3.0169704588309223,-3.1426775612822127,0.40860215053763227,1.5472727272726985,5.239999999999995,4.040404040404038,0.4040404040404042
2022,542932,0.42,0.15819209039548024,-1.2987012987012996,-24.675324675324674,-18.272841051314145,-3.3027777777777914,4.519999999999996,0.0,-5.555555555555555
2022,683734,0.31645569620253167,0.28991596638655465,10.541310541310539,-3.9886039886039892,17.28723404255319,-2.2829197684036586,-2.930000000000007,-9.47063688999173,-5.128205128205128
2022,643289,0.32142857142857145,0.20095693779904306,-3.8095238095238093,2.857142857142857,-0.7741347905282332,2.574404761904759,0.39000000000000057,-3.5714285714285694,2.083333333333333
2022,677594,0.08783783783783784,0.3640776699029126,-12.930402930402938,-2.1611721611721615,1.6786570743405242,4.71300742034046,-0.3400000000000034,3.302778990251717,0.0
2022,628450,0.29464285714285715,0.17674418604651163,3.0748663101604237,2.807486631016043,7.388535031847134,2.42449277714654,-1.6999999999999886,4.090245090082778,-1.639344262295082
2022,592626,0.29,0.35435435435435436,4.444444444444443,7.474747474747474,9.084249084249084,1.4451209677419001,0.8399999999999892,-9.35483870967742,-2.661290322580645
2022,598265,0.07692307692307693,0.17786561264822134,4.649122807017541,-8.157894736842104,-0.6422018348623837,1.1014285714285847,-0.5700000000000074,4.285714285714285,0.0
2022,650489,0.328125,0.16463414634146342,5.1282051282051295,-2.564102564102563,-5.923076923076923,-0.9261079774375673,-5.800000000000011,-9.83078162771958,0.0
2022,650490,0.4122137404580153,0.3981264637002342,1.525821596244132,-4.24882629107981,7.595307917888563,-1.6549450549450597,-4.519999999999996,-9.615384615384613,0.0
2022,595777,0.31333333333333335,0.2992125984251969,-5.794259226243536,-4.243180602602958,-3.633304250280446,1.3196590909090986,-0.5999999999999943,-3.1818181818181834,-2.840909090909091
2022,606466,0.23972602739726026,0.30339805825242716,-9.464555052790345,5.3544494720965305,-2.916030534351144,3.9600140126113246,3.1000000000000085,15.934340906816132,1.0909818836953256
2022,665862,0.3984375,0.18584070796460178,-8.27806435765168,-4.126750184229918,-5.347260653016047,2.12151200519142,1.759999999999991,1.6709928617780712,-4.477611940298507
2022,593160,0.16981132075471697,0.29411764705882354,-3.3547351524879616,1.3322632423756016,-6.444254348445963,2.0535473731477225,0.7199999999999989,1.9832360425086044,1.5267175572519083
2022,571657,0.2076923076923077,0.2781456953642384,-2.1428571428571423,-0.7142857142857144,0.5171299288946347,-0.06383161512027868,1.1599999999999966,5.412371134020617,-2.0618556701030926
2022,669450,0.1414141414141414,0.0,15.996718621821167,-12.305168170631665,5.306122448979593,-1.7913924891990831,-4.200000000000003,-11.033565968760382,-3.9215686274509802
2022,596748,0.20382165605095542,0.1471861471861472,-3.3279220779220786,-2.6948051948051948,3.5970552604603476,-3.0495151577013644,-2.0999999999999943,0.2347657446157001,-2.929468204552414
2022,673548,0.24060150375939848,0.24281150159744408,8.03734061930783,-9.858834244080144,15.374812593703151,1.3172946859903476,0.15999999999998238,0.9661835748792278,-2.995169082125604
2022,606992,0.16129032258064516,0.21107266435986158,16.376306620209057,-12.195121951219512,15.109402720283857,1.5697313432835642,1.5000000000000142,-4.8955223880597,0.0
2022,493329,0.29545454545454547,0.26548672566371684,4.605263157894736,3.477443609022556,9.615887117846878,0.44432432432432734,1.5400000000000063,-2.3243243243243263,3.0
2022,462101,0.23809523809523808,0.30155210643015523,-11.517925247902367,-4.576659038901602,-5.7096387604862215,1.6654285714285777,1.0200000000000102,10.000000000000004,1.3333333333333335
2022,518934,0.29577464788732394,0.3358395989974937,1.0746268656716431,0.3781094527363198,-4.251012145748987,-1.5531746031745968,-1.8499999999999943,-13.174603174603174,-1.1111111111111112
2022,543510,0.171875,0.05511811023622047,1.5151515151515191,-4.761904761904762,3.6595744680851077,1.6798685782556646,3.3999999999999915,16.06929510155317,-1.8518518518518516
2022,592663,0.15789473684210525,0.358974358974359,-2.0634920634920633,5.396825396825396,-0.08688636504685476,-4.232931726907623,-5.500000000000014,-9.892904953145914,-1.1111111111111112
2022,488726,0.3724137931034483,0.37404580152671757,-8.428462709284627,4.014459665144596,-4.46280991735537,0.3118909392494231,-0.3499999999999943,-3.4107402031930363,-0.15550487248600464
2022,641820,0.23809523809523808,0.21818181818181817,-10.055555555555557,-1.0555555555555554,-0.6481481481481488,-1.4492346938775427,0.5900000000000034,-6.590136054421766,-0.9566326530612246
2022,663837,0.037037037037037035,0.22442244224422442,16.510318949343343,8.067542213883678,-0.8480104370515349,-3.9995798319327633,-3.8000000000000114,-9.943977591036415,0.0
2022,592669,0.2605633802816901,0.3105263157894737,-3.787878787878789,-0.797448165869219,2.991057662658033,2.119466554950421,1.8400000000000034,7.806172322301357,6.451612903225806
2022,572191,0.20512820512820512,0.15339233038348082,7.30769230769231,-8.076923076923075,5.372670807453417,1.556967213114774,1.180000000000021,6.43264433357092,0.5345687811831787
2022,656669,0.21052631578947367,0.1694915254237288,-7.307692307692307,9.615384615384617,3.0025020850708977,5.452205882352956,,8.088235294117645,1.4705882352941175
2022,641313,0.39285714285714285,0.1895734597156398,-6.150919467343055,0.6552525893045871,-3.883286848315816,0.13611111111109153,0.0,3.0555555555555607,-3.611111111111111
2022,458015,-0.03333333333333333,0.2762237762237762,3.787268331990333,-1.9339242546333608,0.3448275862068968,3.483333333333306,-3.609999999999985,-1.049382716049383,0.0
2022,666915,0.02857142857142857,0.11290322580645161,0.3179650238473748,4.92845786963434,-5.2188552188552215,-2.66247619047617,-3.460000000000008,-8.952380952380956,1.0476190476190474
2022,663845,0.1746031746031746,0.05357142857142857,18.615384615384613,10.307692307692307,6.737588652482273,-0.2753233830845687,-1.2999999999999972,-5.074626865671643,-5.174129353233831
2022,502054,0.2517482517482518,0.13987473903966596,-7.5751582278481,5.221518987341771,4.206974128233977,1.0998310810810779,1.6599999999999966,10.371621621621621,-2.8040540540540544
2022,600869,0.15602836879432624,0.17791411042944785,-5.193236714975846,-5.917874396135265,-3.299841353781069,-3.092338853806723,-0.01999999999999602,-0.440843560109613,1.0723221732396047
2022,623912,0.3023255813953488,0.2664756446991404,-2.6190476190476204,-1.3095238095238102,3.1194295900178233,-1.9432142857142907,-0.9000000000000057,-5.032467532467535,0.0
2022,669257,0.3238095238095238,0.36363636363636365,0.9803921568627434,1.1982570806100217,3.54767184035477,-1.4556561085972675,-1.9699999999999989,1.9230769230769234,-1.8476621417797894
2022,614177,-0.064,0.1235632183908046,-5.978260869565219,4.580745341614907,-0.5282738095238102,1.6770220588235532,-4.849999999999994,6.1580882352941195,3.125
2022,595751,-0.015151515151515152,0.07692307692307693,-23.410138248847925,2.4884792626728114,-4.659090909090914,0.6512516469038303,7.890000000000001,3.557312252964426,2.1739130434782608
2022,624428,0.3105590062111801,0.21768707482993196,-5.773386847792528,0.3241741278172263,-2.378097521982413,3.8404416212946444,2.769999999999996,1.194797338173018,-0.8620689655172413
2022,642350,0.1038961038961039,0.036290322580645164,-5.0615595075239455,1.0943912448700415,-11.868131868131869,-0.3521171171171318,1.6299999999999955,4.009009009009006,3.3333333333333335
2022,660271,0.2631578947368421,0.35353535353535354,-11.422708618331054,1.2585499316005464,-1.7806093277791426,0.5347303662405096,4.359999999999985,5.286936460636355,3.8834951456310676
2022,624431,0.2413793103448276,0.24067796610169492,9.343434343434343,3.7878787878787863,5.824829931972788,-2.371785714285707,-1.3000000000000114,-12.857142857142858,-2.5
2022,680757,0.37815126050420167,0.36416184971098264,-4.074702886247877,-6.112054329371816,0.4475703324808178,4.3496794871795,1.7999999999999687,11.826923076923077,2.564102564102564
2022,543543,0.21875,-0.013793103448275862,11.419887103777679,4.429005644811116,3.1673114119922623,0.10796296296295793,-0.8300000000000125,4.629629629629626,0.1851851851851849
2022,516416,0.359375,0.25096525096525096,10.12036354704004,0.46671579464505086,3.1391698639693058,-3.489708333333354,-3.489999999999995,-13.666666666666664,-0.29166666666666696
2022,643393,0.2052980132450331,0.29238329238329236,1.424050632911392,-7.436708860759493,-6.615384615384617,-2.5450112528132394,-1.259999999999991,-3.2070517629407354,0.8064516129032258
2022,592192,0.26785714285714285,0.313953488372093,-1.7857142857142847,-3.571428571428571,-0.10319917440660831,1.4498376623376714,-0.5000000000000142,0.324675324675324,1.1363636363636365
2022,641857,0.2348993288590604,0.203125,-2.7355072463768124,-0.1449275362318847,1.25,-0.8939682539682394,2.589999999999989,8.57142857142857,-1.2698412698412698
2022,643396,0.1693548387096774,0.257985257985258,2.6021337496747314,4.605776736924278,-1.1278195488721803,-1.0200797872340246,-5.930000000000007,-8.798758865248226,-1.0638297872340425
2022,607043,0.38513513513513514,0.3142857142857143,-4.330200847613781,-1.34512622074811,-5.687531422825542,-2.060441860465133,2.430000000000007,0.7441860465116292,-2.488372093023256
2022,665926,0.33,0.31291028446389496,-6.490285241835469,0.9508061182306737,-4.448275862068968,4.741480206540444,0.45999999999999375,11.072862880091797,0.4398546567221264
2022,572228,0.05,0.16393442622950818,10.826210826210826,-10.826210826210826,6.14718614718614,1.4726764500349248,4.699999999999989,3.4241788958770094,0.0
2022,592200,0.27586206896551724,0.07627118644067797,-34.76702508960573,12.425328554360814,-17.10407239819005,0.6338180112570484,2.7199999999999847,4.455909943714818,3.8461538461538463
2022,514888,0.4,0.45691382765531063,-8.765243902439025,-2.8201219512195124,-1.8572825024437911,0.37888355067491375,6.039999999999992,6.5888812628689095,1.098146877144818
2022,572233,0.3288590604026846,0.33783783783783783,-2.954954954954953,-0.14414414414414267,5.520833333333336,2.3195711500974596,1.259999999999991,9.48667966211826,0.545808966861598
2022,641355,0.15172413793103448,0.15841584158415842,-0.4375951293759499,2.6445966514459656,-3.9505253578224533,2.018446601941733,3.1399999999999864,-3.8540747278611356,0.9316465627145236
2022,680777,0.13402061855670103,0.17985611510791366,0.21276595744680904,-0.6382978723404253,10.863095238095234,-1.4170038412292172,2.519999999999996,1.510883482714469,-0.9987195902688863
2022,670541,0.45323741007194246,0.48104265402843605,5.185185185185187,1.154684095860567,-4.795204795204796,-1.3019596020500614,-1.2099999999999937,-7.6123002713295165,1.4470907446487793
2022,592206,0.2582781456953642,0.16461916461916462,3.60407876230661,-1.9163150492264407,-5.7553272450532695,-3.092319508448554,-3.680000000000007,-10.407066052227343,-3.686635944700461
2022,663886,0.32926829268292684,0.2079207920792079,19.33933933933934,-6.366366366366366,0.0,4.408080808080797,4.469999999999999,3.989898989898986,-0.05050505050505061
2022,670032,0.18253968253968253,0.1864406779661017,7.857142857142859,-0.35714285714285765,-6.5891472868217065,-0.6122887864823241,-1.2199999999999989,-6.707629288274449,0.0
2022,607054,0.20689655172413793,0.17427385892116182,18.97463002114165,-2.0084566596194495,9.377081945369753,3.19597678916827,3.5999999999999943,21.624758220502905,0.30947775628626695
2022,467793,0.2079207920792079,0.3111111111111111,7.6555023923445,-1.116427432216902,7.986111111111111,-1.2692022263450866,-2.8799999999999955,-8.905380333951758,-2.5974025974025974
2022,595281,0.13541666666666666,0.136,-2.0833333333333357,-6.249999999999999,-1.713340423017847,-2.230000000000004,0.25,-1.6666666666666679,3.3333333333333335
2022,664913,0.144,0.26046511627906976,-2.8688524590163915,-3.586065573770492,-3.0481137233460913,0.933463414634133,-0.46000000000000796,2.601626016260159,-1.3333333333333335
2022,649557,0.1744186046511628,0.3112033195020747,-8.456082924168031,-5.946535733769776,-3.302611367127497,5.357272727272743,-2.720000000000013,5.757575757575754,-1.6666666666666667
2022,660821,0.12878787878787878,0.21800947867298578,2.9785268990995135,-2.124220734241515,-2.578018995929444,-3.7098215647399684,-3.9200000000000017,-11.194143663260636,0.0
2022,543063,0.22377622377622378,0.18095238095238095,2.82021151586369,4.837446141793968,-3.297957320552321,-0.39715909090908497,-2.269999999999996,0.5681818181818166,-1.3636363636363635
2022,669016,0.144,0.05357142857142857,15.279241306638564,-4.1359325605900965,2.0026450028339298,-6.899423076923071,-3.269999999999996,-15.865384615384613,-0.6730769230769231
2022,594777,0.24074074074074073,-0.0031645569620253164,1.1859086152772917,6.069061737007324,-0.09746588693957392,6.217034559643238,3.5400000000000063,17.32441471571906,5.797101449275362
2022,663898,0.1623931623931624,0.3103448275862069,-10.637054354178844,-6.9257744009351265,-13.095238095238095,3.9934475055844985,2.680000000000007,15.309009679821294,2.3529411764705883
2022,630105,0.18181818181818182,0.29672447013487474,7.716049382716051,-5.246913580246915,2.6655370177267983,-2.26342314824916,-2.5200000000000102,2.7708083342423926,-1.1235955056179776
2022,543068,0.3717948717948718,0.20588235294117646,0.5925925925925881,5.975308641975308,4.706731177319412,-1.7234348844994827,-1.470000000000013,-6.87144291931704,-1.6153331101439572
2022,657757,0.2,0.25483870967741934,-2.2031823745410044,2.3663810689514477,-6.031746031746032,1.2375642123287491,0.45999999999999375,-0.14982876712328874,1.1772260273972601
2022,502110,0.3359375,0.23076923076923078,-2.348911181795941,-3.719109371176902,-4.93006993006993,5.851001221001226,4.3100000000000165,13.553113553113548,0.024420024420024333
2022,666969,0.1564625850340136,0.22745098039215686,5.584415584415584,-6.233766233766234,7.3564177444027266,0.315328947368414,-0.19999999999998863,-2.631578947368425,3.947368421052632
2022,666971,0.1888111888111888,0.30857142857142855,-3.8235294117647065,0.41176470588235325,6.618181818181817,-4.155605875152986,-2.940000000000012,-4.7246022031823784,-1.0526315789473684
2022,602104,0.06837606837606838,0.2926829268292683,6.715542521994131,2.4340175953079175,-0.7215007215007248,-5.233141542002315,-0.7200000000000131,-8.266206367472197,1.2658227848101267
2022,514917,0.18857142857142858,0.18778280542986425,3.657262277951933,6.922675026123301,2.339730502245814,1.609508329947161,2.6199999999999903,-4.786672084518489,0.0
2022,543592,0.16216216216216217,0.26573426573426573,2.6262626262626263,-1.616161616161616,3.166069295101554,0.05188235294119181,-0.22999999999998977,0.11764705882352544,2.8235294117647056
2022,570731,0.10344827586206896,0.1589041095890411,3.6613272311212803,-0.4004576659038901,13.571235469045686,1.8040429042904407,6.1499999999999915,3.372524752475247,1.0416666666666665
2022,547180,0.42857142857142855,0.31899641577060933,-7.148217636022512,0.3752345215759858,-4.237739872068229,-0.5803072196620462,1.4599999999999937,-0.614439324116745,1.19815668202765
2022,596847,0.2,0.17404129793510326,1.2578616352201237,-17.051013277428375,15.161878704970363,-0.488773148148141,-5.11999999999999,-4.629629629629626,-2.4305555555555554
2022,643446,0.34965034965034963,0.4080717488789238,2.7101335428122546,0.4320502749410844,-2.727445213926572,-0.6909458474183197,1.5,1.8426459866109912,-0.22535958109630794
2022,594807,0.013986013986013986,0.2222222222222222,-6.533646322378715,1.4866979655712056,-5.628736447461748,-2.0491437467565987,-0.8099999999999881,-8.303061754021794,1.0638297872340425
2022,542583,0.2214765100671141,0.1564245810055866,-2.9294755877034326,-11.916817359855333,-1.5417331206804867,-4.030291689598229,-0.29999999999998295,-3.9735828288387403,-0.39625756741882234
2022,621433,0.02531645569620253,-0.18493150684931506,-11.134453781512605,4.271708683473389,-7.457627118644069,-4.57692307692308,3.1300000000000097,-14.102564102564106,0.0
2022,641914,0.15328467153284672,-0.00641025641025641,3.526881720430108,1.548387096774194,-5.454545454545457,-0.24555924695458486,-0.799999999999983,-0.9302325581395365,0.0
2022,571771,0.15584415584415584,0.25806451612903225,-10.670731707317074,-4.200542005420054,-8.213755566551214,-1.7347690655209504,-3.0500000000000256,-5.8754027926960255,-3.1901181525241675
2022,578428,0.3217391304347826,0.28125,-2.3897058823529402,0.7659313725490198,-5.814722911497103,0.13854341736694664,-1.759999999999991,-1.9047619047619087,0.0
2022,623993,0.2679738562091503,0.3360323886639676,-0.27341079972658733,-11.927546138072453,-0.8522727272727266,1.5906987295825843,1.0400000000000063,0.9800362976406518,1.3430127041742286
2022,621438,0.14444444444444443,0.2507936507936508,9.502262443438916,3.3182503770739062,13.706140350877195,-1.9514832162373068,2.3500000000000085,2.576112412177988,0.0
2022,621439,0.4,0.22382671480144403,-3.8265306122448983,6.632653061224489,-6.655546288573817,-0.38230769230770534,-1.8799999999999955,-3.296703296703299,2.7472527472527473
2022,624503,0.05128205128205128,0.2554945054945055,-7.352941176470587,-6.550802139037433,-3.7370430987452252,2.4813725490195964,-0.6799999999999926,3.3088235294117645,-2.083333333333333
2022,624512,0.029411764705882353,0.23786407766990292,-10.175438596491228,-6.666666666666667,-3.8961038961038987,1.1963636363636425,-2.299999999999997,-5.369978858350953,-2.3255813953488373
2022,656775,0.26627218934911245,0.2584493041749503,-3.2724719101123583,-6.502808988764045,-7.282913165266109,-1.458627858627878,-4.1200000000000045,-8.54910854910855,-2.0034020034020035
2022,665482,0.19047619047619047,0.13732394366197184,-4.081632653061224,-3.0612244897959178,6.417112299465243,-3.307272727272732,1.3599999999999994,1.8181818181818183,0.0
2022,553869,0.16981132075471697,0.20363636363636364,7.547169811320753,5.660377358490567,-0.7575757575757542,-3.70309523809523,-6.47999999999999,-13.809523809523807,-1.4285714285714286
2022,641933,0.03007518796992481,0.264,14.424818840579707,-6.906702898550725,2.30263157894737,-0.3091038003402957,-0.18000000000000682,2.694271128757798,-1.2762336925694837
2022,502671,0.37579617834394907,0.42190669371196754,1.3320337881741402,0.5847953216374275,-7.12884238064094,-0.0389835666463938,0.3199999999999932,-0.05072022722661984,-0.13187259078920688
2022,572816,0.08450704225352113,0.3185840707964602,11.562998405103666,-6.4593301435406705,-2.7777777777777786,2.0875490196078488,0.9000000000000057,3.5294117647058822,0.0
2022,592273,0.32786885245901637,0.30337078651685395,-0.05952380952380665,4.107142857142858,-8.798053527980533,-3.87609282245009,-0.8800000000000097,-3.184025903939556,-1.1692750494693285
2022,519058,0.2549019607843137,0.08743169398907104,-26.339285714285715,12.857142857142856,-19.455757126990004,3.079075091575092,4.290000000000006,10.714285714285715,0.0
2022,665489,0.34838709677419355,0.3629764065335753,-1.8820786142571642,-2.181878747501667,4.552875022673682,-0.16520979020980064,-2.4399999999999977,4.584304584304586,0.0
2022,405395,0.36666666666666664,0.44673539518900346,-10.0,13.333333333333332,-3.481481481481481,-5.999630450849949,-6.52000000000001,-13.229859571322987,-6.0606060606060606
2022,425877,0.2073170731707317,0.15425531914893617,6.280193236714975,0.0,-1.5058479532163744,2.64026806526806,2.469999999999999,13.403263403263404,1.5151515151515151
2022,553882,0.2413793103448276,0.16267942583732056,-13.361611876988338,3.4994697773064694,-16.666666666666664,0.20605965463109044,0.6400000000000148,-0.9419152276295133,-0.5023547880690737
2022,620443,-0.0625,0.11764705882352941,1.3605442176870781,3.537414965986394,-1.6666666666666679,2.0953149001536104,-0.20999999999999375,-2.8417818740399348,-3.1490015360983103
2022,543807,0.30405405405405406,0.3632183908045977,3.9473684210526336,7.163742690058479,1.2035225048923692,-0.17638132746436952,-0.700000000000017,-2.177690258311131,1.216263176184409
2022,665506,0.016260162601626018,0.014598540145985401,2.857142857142861,3.4920634920634925,3.3138401559454174,-3.200101461038969,0.5600000000000023,-11.363636363636367,-1.2987012987012987
2022,595879,0.09243697478991597,0.19532908704883228,4.561781609195403,-2.8017241379310347,-6.509457135838858,-2.739911634757007,-6.199999999999989,-2.0029455081001473,-5.714285714285714
2022,605612,0.25,0.21866666666666668,-16.140350877192986,-6.666666666666667,-8.441558441558442,0.929326047358856,-3.760000000000005,-3.0236794171220414,1.639344262295082
2022,682928,0.12307692307692308,0.20253164556962025,-3.679653679653679,-2.0562770562770556,-8.57142857142857,3.1220377358490765,8.719999999999999,16.679245283018872,0.0
2022,656305,0.17006802721088435,0.24472573839662448,-4.388888888888893,4.5,2.3512692978489795,-1.027945836934606,3.010000000000005,3.788533563814461,1.4405070584845863
2022,656308,0.23469387755102042,0.08536585365853659,7.166666666666668,-4.25,7.210766761328561,2.7789682539682588,0.7299999999999898,-1.3888888888888893,0.19841269841269837
2022,621493,0.5669291338582677,0.2425629290617849,3.4275248560962837,-7.064364207221351,-4.277608031427324,-0.8894969278033784,-2.7900000000000063,-0.2688172043010759,-1.4208909370199687
2022,606132,0.10084033613445378,0.2515923566878981,5.065082059988679,8.771929824561402,0.23015762309945842,-2.963523754007568,-4.370000000000019,-5.290002914602159,0.0
2022,672695,0.14,0.1275,-9.032517061421114,-1.926936973103171,-6.587218438973284,1.624455825864274,0.5799999999999983,-1.2804097311139593,0.0
2022,575929,0.373134328358209,0.3125,0.5793226381461665,1.8270944741532986,-6.003539823008847,-1.8747694753577235,1.2000000000000028,-6.248012718600954,2.178060413354531
2022,663993,0.125,0.35363457760314343,10.841530054644807,-0.10928961748633892,5.244494214259053,2.1110681114551113,2.9199999999999875,4.747162022703815,-0.6449948400412797
2022,605119,0.20202020202020202,0.14084507042253522,-2.1328958162428258,-12.018047579983593,-7.860489328474756,0.3193157894736913,-0.9500000000000028,1.6842105263157876,0.6315789473684208
2022,453568,0.2978723404255319,0.2545871559633027,-9.178743961352659,1.086956521739129,-1.3774104683195603,1.1666666666666572,-0.2599999999999909,-9.206349206349204,-3.3333333333333335
2022,676801,0.24107142857142858,0.2033898305084746,2.179487179487179,6.153846153846153,-1.9999999999999964,-4.469369944657302,-0.9200000000000017,-4.129416773094935,1.9795657726692206
2022,518595,0.18095238095238095,0.3364485981308411,9.041394335511985,1.9607843137254901,11.693069306930692,-2.243009349858653,-3.1599999999999966,-4.674929332463579,-2.73972602739726
2022,643524,0.1171875,0.26380368098159507,9.01477832512315,-0.8374384236453203,4.255970606246173,-3.04859556725917,-0.19999999999998863,1.9530392802282215,0.054860653938995085
2022,592325,0.2578125,0.19322033898305085,7.8082530269335315,-6.992834198171484,1.3223894208846332,-1.055333333333337,0.04999999999999716,-3.7872340425531945,0.0
2022,622534,0.4215686274509804,0.15708812260536398,-4.398148148148145,-0.9259259259259274,-5.094231867504282,2.020070422535227,2.8299999999999983,-1.6984258492129243,-1.4084507042253522
2022,621563,0.39080459770114945,0.2147887323943662,2.1889400921658986,2.5345622119815676,3.814262023217246,1.2055555555555486,0.980000000000004,11.33333333333334,-1.1111111111111112
2022,621512,-0.15254237288135594,0.15810276679841898,1.3793103448275872,6.896551724137931,-6.349206349206355,4.543582887700552,-2.8299999999999983,-6.327985739750446,0.0
2022,624585,0.19205298013245034,0.14838709677419354,-2.298245614035089,-2.50877192982456,1.0844748858447488,5.062759856630819,7.109999999999999,6.738351254480289,1.0752688172043012
2022,624413,0.30952380952380953,0.402321083172147,3.460011344299488,8.706749858196257,5.955672591617287,3.0475297511720356,1.9699999999999989,4.381536242336821,1.7129462675802376
2022,605131,0.4,0.25308641975308643,-9.722222222222221,6.944444444444445,-4.647256438969764,4.236410256410252,7.659999999999997,22.564102564102562,1.7948717948717943
2022,455117,-0.01020408163265306,0.12455516014234876,7.9124579124579135,-12.205387205387204,6.410256410256405,2.0654754098360684,2.359999999999985,1.5081967213114709,1.278688524590164
2022,541645,0.05303030303030303,0.07258064516129033,-6.245614035087716,0.9122807017543864,-3.575000000000003,1.0081910183428278,2.9799999999999898,6.973434535104367,-2.941176470588235
2022,641487,0.35333333333333333,0.26269315673289184,20.90375378046611,-7.507560932218465,5.064233848445355,-0.23182624113474048,0.1799999999999926,0.5540780141843982,-1.0638297872340425
2022,680911,0.35714285714285715,0.1527777777777778,5.335968379446641,-1.778656126482213,3.907684238132706,-4.298318840579697,-5.6499999999999915,-14.956521739130439,0.0
2022,605137,0.4125,0.31006160164271046,2.4313725490196063,-7.764705882352942,-3.985333970986769,0.5474391862007764,-3.6000000000000085,-4.467049977885889,0.6280406899601947
2022,640461,0.030303030303030304,0.11428571428571428,-5.388471177944865,3.508771929824561,-1.965291345822319,0.5079081632652986,-0.3599999999999852,-2.8344671201814045,-0.6519274376417235
2022,624414,0.125,0.3114754098360656,-13.333333333333334,9.523809523809524,2.3859649122806985,8.397792207792236,1.5900000000000034,15.649350649350648,-0.06493506493506507
2022,593871,0.21518987341772153,0.31010452961672474,-3.1330749354005185,-3.649870801033593,-8.919701986754966,2.749912625600686,2.969999999999999,3.7134119702927073,0.09829619921363086
2022,605141,0.38271604938271603,0.42348008385744235,-7.804878048780488,-6.463414634146341,-6.589147286821703,-1.4735382955771286,4.279999999999987,8.565264293419638,1.8015102481121898
2022,544725,0.08,0.07906976744186046,-2.2031823745410044,-4.651162790697675,2.9702970297029694,1.5659740259740005,4.970000000000013,10.303030303030305,2.857142857142857
2022,664023,0.29850746268656714,0.2504930966469428,7.714604236343369,2.006688963210701,11.970964566929133,-2.69323996917592e-05,-2.519999999999996,-5.278750336654994,-1.0638297872340425
2022,602074,0.4,0.2530487804878049,10.0,1.666666666666667,10.044395116537181,-0.13470017636684872,-1.0900000000000034,-7.716049382716051,-2.336860670194003
2022,621020,0.09027777777777778,0.25905797101449274,-6.559907389542737,-0.2701138336870539,-5.819426615318786,0.4402597402597337,2.950000000000003,3.6463536463536492,0.6826506826506828
2022,521692,0.15492957746478872,0.30513595166163143,1.118881118881113,-3.316683316683317,1.557046979865774,-0.3635281385281388,-3.3000000000000114,-1.1904761904761862,-0.10822510822510822
2022,518626,0.2867132867132867,0.12903225806451613,-12.99412915851272,-0.8414872798434452,-3.299916457811193,-2.1727648578811483,-0.01999999999999602,-1.3436692506459949,1.1111111111111112
2022,455139,-0.012048192771084338,0.0948905109489051,8.624708624708628,-3.3799533799533794,5.252525252525256,1.7876766091051763,3.240000000000009,2.8649921507064366,2.0408163265306123
2022,664034,0.43023255813953487,0.29024943310657597,-1.8546094490320826,-4.020576688777584,-8.082586427656851,-1.0143518518518562,-1.6899999999999693,-6.25,-1.8518518518518516
2022,664040,0.21804511278195488,0.22556390977443608,1.3157894736842088,-3.5087719298245608,7.9292809839167475,2.1479972959269844,4.819999999999993,5.002535068446846,-2.0618556701030926
2022,607208,0.26875,0.3248175182481752,-10.123611328430602,4.349867000469411,-4.659863945578234,-0.19460317460318777,2.8400000000000034,2.857142857142861,0.7936507936507937
2022,457705,0.16363636363636364,0.24893617021276596,-7.352941176470587,-0.6965944272445821,-12.8110599078341,4.682027649769594,3.0600000000000023,10.072416063199476,2.0408163265306123
2022,621035,0.11851851851851852,0.07210031347962383,10.276679841897234,-1.9762845849802364,-0.8078297343482959,0.020011055831943736,3.480000000000004,-2.1743136170996884,-0.25796941219826786
2022,621550,0.056451612903225805,0.17560975609756097,11.03304709862087,-9.471766848816028,2.572408536585364,1.7005086071987279,2.780000000000001,2.3669796557120506,1.3497652582159616
2022,606192,0.06349206349206349,0.2648305084745763,6.413043478260871,-8.695652173913043,3.123123123123122,-4.038888888888877,-7.219999999999999,-17.5925925925926,-4.166666666666666
2022,605170,0.17307692307692307,0.21755725190839695,-5.481481481481481,-8.592592592592593,6.149870801033593,-0.9493951612903118,-1.1099999999999994,-5.54435483870968,3.225806451612903
2022,621043,0.2037037037037037,0.34232365145228216,-23.079723334546777,-5.569712413542045,-10.342789598108745,5.025681341719064,4.579999999999998,4.7379454926624724,0.7756813417190775
2022,542194,0.18181818181818182,0.1953125,-10.863697705802968,7.624831309041834,-4.487179487179489,1.424489795918376,3.799999999999997,-2.8811524609843957,0.08003201280512218
2022,592885,0.25949367088607594,0.21442495126705652,-3.0487804878048763,2.8883183568677815,-2.153540619375658,1.7117216117216003,4.6000000000000085,-1.6008682675349348,-1.2345679012345678
2022,607732,0.09803921568627451,0.1524822695035461,-8.923076923076923,2.230769230769231,-7.564672066893124,0.8815942028985546,3.190000000000012,11.73913043478261,-0.21739130434782616
2022,663538,0.2727272727272727,0.35167464114832536,5.004205214465939,0.7148864592094197,7.745525642953828,3.4661561264822183,3.8900000000000006,20.849802371541497,-1.1363636363636365
2022,664056,0.234375,0.16756756756756758,-11.88897076885286,0.46671579464505086,-9.25019507696673,-0.642245784363837,-3.6000000000000085,-5.518650996423096,0.9708737864077669
2022,641531,0.24806201550387597,0.15902964959568733,-7.111861137897783,4.074252651880425,-6.780923994038748,-2.079312354312364,-5.829999999999998,-7.604895104895107,-0.14568764568764547
2022,543228,0.24193548387096775,0.21645021645021645,-11.842105263157896,-1.5350877192982453,-4.773765047737651,4.466239316239296,0.9999999999999858,4.843304843304839,3.7037037037037033
2022,621566,0.3254437869822485,0.2792452830188679,-0.9383753501400562,-0.9943977591036397,4.665012406947891,-1.5791959406713403,-0.8299999999999983,-0.936768149882905,1.0850897736143639
2023,624641,0.22826086956521738,0.1971153846153846,-4.056795131845842,3.4482758620689653,-7.703095261945304,-2.682545454545462,0.04999999999998295,2.363636363636365,2.0
2023,669701,0.17105263157894737,0.19230769230769232,-0.4347826086956559,-3.0434782608695645,-5.725490196078432,-3.8921052631578874,4.390000000000029,7.357679914070889,2.631578947368421
2023,595978,0.0,0.05442176870748299,14.0,-0.5,11.444444444444446,-2.767424798239176,2.219999999999999,15.99413059427733,0.0
2023,667670,0.46875,0.13316582914572864,10.779753761969904,4.842681258549931,0.20703933747412862,-4.048176291793311,-3.990000000000009,-8.011289622231871,-3.017802865827182
2023,669720,0.272,0.2199546485260771,-3.2494758909853267,3.8784067085953886,-2.6422764227642297,-2.308817850246726,-1.3400000000000034,-1.9952799828363013,-2.5316455696202533
2023,663586,0.2147239263803681,0.3423913043478261,-7.616892911010559,-3.966817496229263,2.028218694885357,4.73775403310286,3.3499999999999943,11.575529017389481,3.7502618897967737
2023,669743,0.23776223776223776,0.20945945945945946,3.7896825396825413,-4.285714285714285,4.752290728373971,0.509090909090915,2.5400000000000063,7.4443060744430625,-0.3597620035976199
2023,596019,0.2625,0.34535104364326374,-1.3157894736842124,-7.832080200501255,-3.9032843703581506,-1.386381045693426,-1.259999999999991,5.219559989311481,0.10688518749443277
2023,571448,0.17088607594936708,0.381057268722467,5.927710843373493,-3.1004016064257023,-4.657411553963275,-1.6784239359460713,-2.980000000000004,-9.785082174462703,-1.9047619047619049
2023,663611,0.28,0.3150684931506849,8.13782991202346,-6.451612903225806,3.75,0.9112215909090935,2.6100000000000136,3.551136363636365,0.0
2023,677950,0.15178571428571427,0.20689655172413793,14.285714285714281,0.0,5.1802403204272345,-3.975753424657526,-7.340000000000003,-11.506849315068493,-1.36986301369863
2023,677951,0.25153374233128833,0.3747645951035782,10.49773755656109,-2.8808446455505274,7.179487179487182,0.5876108241461537,-0.519999999999996,-1.3183254953357526,0.7632410762470125
2023,444482,0.19318181818181818,0.24850299401197604,-7.083333333333332,3.75,2.3333333333333357,-6.703439803439821,-1.1499999999999915,-6.58476658476658,-1.8181818181818181
2023,608324,0.3333333333333333,0.4150268336314848,-4.707792207792208,-0.4870129870129887,-5.742296918767504,-0.42738404452691725,-1.0800000000000125,-3.914656771799624,-1.8181818181818181
2023,663624,0.2710843373493976,0.2598684210526316,-5.342624854819977,1.1033681765389085,-4.571428571428569,-0.9259856388023593,-3.3499999999999943,-1.8832136566860882,-3.312559273811137
2023,456781,0.20238095238095238,0.25136612021857924,-4.576802507836987,3.2601880877742944,-8.393070489844686,-4.615535714285713,-1.5800000000000125,-7.423469387755102,-1.25
2023,608336,0.2608695652173913,0.03333333333333333,2.3283582089552226,9.910447761194028,10.025062656641605,-4.880339506172845,-3.219999999999999,-14.074074074074076,-2.5308641975308643
2023,663647,0.28289473684210525,0.28150134048257375,9.305555555555554,-0.41666666666666785,2.01431779898933,3.9024456521739097,-0.5900000000000034,5.434782608695652,2.880434782608696
2023,663656,0.34415584415584416,0.4519230769230769,2.858109250803313,-11.669203450025368,-3.2668231611893574,-0.5368963129651974,0.15000000000000568,-3.531244590617966,-2.856153712999827
2023,608385,0.17777777777777778,0.037383177570093455,4.799604156358239,12.172191984166256,-12.14470284237726,-1.9387096774193537,-0.519999999999996,-4.896313364055299,0.0
2023,647304,0.15748031496062992,0.4592391304347826,9.022931206380857,-6.904287138584246,1.008064516129032,1.8472782258064342,-2.3900000000000006,1.344086021505376,-1.0752688172043012
2023,665742,0.3515151515151515,0.44567219152854515,1.8545775684427426,-1.839858698851927,-3.0769230769230766,2.307698412698386,2.5400000000000063,3.412698412698415,-2.1428571428571432
2023,643217,0.2013888888888889,0.28721174004192873,-2.2779922779922774,2.3938223938223944,-0.26338893766461524,1.8106193879421113,2.230000000000004,7.953087777166939,0.9345794392523363
2023,663697,0.3741935483870968,0.22994652406417113,1.481851481851482,-6.31035631035631,0.04163775156141547,2.485189941144995,0.8199999999999932,0.6420545746388449,1.2948100588550027
2023,665750,0.23595505617977527,0.24301075268817204,1.0,5.375,-1.8525311812179055,0.7111187607573157,-2.500000000000014,1.2392426850258182,2.4096385542168677
2023,645277,0.3782051282051282,0.38492063492063494,-0.46052631578947434,1.5131578947368416,-1.9520064529138956,3.716230630630619,1.0400000000000063,3.5243243243243256,0.3027027027027027
2023,596129,0.2857142857142857,0.21052631578947367,16.11611611611611,-4.954954954954957,-0.4418668876001135,5.337941787941801,1.4899999999999949,16.839916839916846,0.0
2023,622761,0.31896551724137934,0.05128205128205128,9.634255129348796,-5.382099316086826,9.603658536585364,-5.075225713253886,-4.990000000000009,-7.782592993860597,1.282051282051282
2023,673962,0.1724137931034483,0.22162162162162163,10.102739726027398,-5.441400304414002,-0.8975276691812155,-0.3673063835579171,1.4199999999999875,0.6805498843065187,2.8446985164012517
2023,663728,0.1732283464566929,0.24660633484162897,9.626865671641792,-1.9402985074626855,13.528050896471946,2.7404807569364635,-1.3400000000000034,7.147423603119808,1.7772663342283597
2023,596146,0.3211009174311927,0.31413612565445026,2.029220779220779,4.1396103896103895,-2.2439820481436143,1.6310966810966647,4.52000000000001,4.112554112554111,4.040404040404041
2023,663743,0.06666666666666667,0.1935483870967742,-13.63636363636364,6.4935064935064934,-9.489795918367346,-0.4872549019607959,1.190000000000012,0.6127450980392126,2.083333333333333
2023,643265,0.14285714285714285,0.17827298050139276,10.27647365675535,-0.5216484089723528,13.41212744090442,-3.656098109810955,-0.9900000000000091,-5.985598559855983,-2.9702970297029703
2023,663757,0.21678321678321677,0.14563106796116504,-0.5158730158730194,4.960317460317459,-0.9313279451908123,1.4112708531127112,-1.2000000000000028,-3.0652380306523845,-1.6004340160043402
2023,542932,0.216,0.2809364548494983,-2.484631147540984,7.658811475409836,-1.3360323886639698,-2.8577193631987967,1.7099999999999795,-3.813402443539431,1.3883746760459088
2023,643289,0.2537313432835821,0.30726256983240224,14.225195094760313,-1.6276477146042365,6.665560349596195,-0.5997487872487994,-0.9900000000000091,-2.6940401940401966,0.9615384615384616
2023,665828,0.12605042016806722,0.13744075829383887,-16.59090909090909,5.994318181818182,-9.785082174462703,0.5253012048192716,-1.4000000000000057,0.15272357033769168,1.2048192771084338
2023,657656,0.1958762886597938,0.14006514657980457,-4.007285974499091,-8.19672131147541,5.096964158797849,1.097427101200708,-5.029999999999987,-1.0720411663807905,1.3293310463121786
2023,606466,0.3767123287671233,0.373015873015873,5.479452054794519,9.58904109589041,3.239329268292682,-1.3668645016797285,-0.5300000000000011,-4.994400895856664,-1.0526315789473684
2023,665862,0.07333333333333333,0.2575107296137339,-11.557610241820761,-1.5291607396870566,-4.800000000000004,-1.130223080223118,-3.0700000000000216,7.271557271557274,-0.4719004719004718
2023,676116,0.2773109243697479,0.13031914893617022,-1.9841269841269877,0.7936507936507944,-3.738317757009348,3.648806442335328,4.159999999999997,6.988783433994822,-1.639344262295082
2023,663837,0.14754098360655737,0.25735294117647056,-4.884667571234733,0.5156037991858886,-0.16796457474423931,-2.55108159392789,-1.0400000000000063,-6.325110689437061,2.1505376344086025
2023,641313,0.16470588235294117,0.0888382687927107,1.8140589569160994,7.029478458049886,-1.413043478260871,-0.6368650217706886,-3.1199999999999903,-6.240928882438318,0.0
2023,502054,0.23529411764705882,0.28329297820823246,19.72093023255814,-5.953488372093023,-0.6756756756756737,-0.7481238273921065,-2.5999999999999943,-12.476547842401498,0.0
2023,643376,0.125,0.4084507042253521,-2.7777777777777786,-1.495726495726494,0.137931034482758,3.789540816326536,3.519999999999982,19.89795918367347,5.357142857142857
2023,592178,0.3333333333333333,0.14594594594594595,0.588340167587809,0.9983954359065788,6.9224244796763905,3.478529079616038,2.3700000000000045,7.284020327498588,2.8091473743647657
2023,516416,0.0743801652892562,0.25365853658536586,-1.8062397372742183,0.41050903119868654,-2.0516304347826093,2.0590207631874193,-3.009999999999991,0.7295173961840611,0.09820426487093137
2023,592192,0.2421875,0.34300791556728233,-6.547619047619051,-3.9682539682539684,-9.487469380064063,0.6752052545155891,-3.430000000000007,1.8883415435139561,1.4285714285714286
2023,643393,0.1937984496124031,0.32413793103448274,2.383292383292382,0.09828009828009776,4.191098721522637,-3.268749999999997,2.0300000000000153,3.382352941176471,-1.1764705882352942
2023,665923,0.20121951219512196,0.17717717717717718,3.7837837837837824,-2.9429429429429432,0.8150943396226396,-1.3809368314379071,-2.6399999999999864,-5.528656682805991,-1.2048192771084338
2023,643396,0.13924050632911392,0.21631205673758866,1.6690856313497822,7.547169811320755,0.20708697653014418,1.9958069062720085,4.420000000000002,15.539112050739956,1.5151515151515151
2023,665926,0.19285714285714287,0.28361344537815125,1.8204645323289412,-5.7124921531701185,2.0347394540942965,-0.11153846153845848,-3.0799999999999983,-5.082417582417579,0.0
2023,641355,0.38666666666666666,0.39901477832512317,5.333333333333336,0.0,2.97318575464271,0.9142703091301314,-0.04999999999999716,0.3145219266714605,-1.042415528396837
2023,592206,0.2987012987012987,0.20502901353965183,-12.262872628726285,-10.806233062330623,-9.391124871001026,1.2231060606060709,2.3700000000000045,9.253246753246753,1.9047619047619049
2023,663886,0.1347517730496454,0.19414893617021275,2.596618357487923,1.8719806763285014,6.734913793103448,1.5124396135265812,-0.4300000000000068,6.038647342995169,2.7777777777777777
2023,670032,0.208955223880597,0.24102564102564103,-5.279503105590063,-3.519668737060041,0.7692307692307665,-0.8911866359446918,-2.25,-14.285714285714285,0.0
2023,678225,0.14150943396226415,0.10943396226415095,-2.367941712204008,-3.7522768670309645,-2.9799657706634513,0.5820964360586771,0.8199999999999932,2.536687631027256,-2.2222222222222223
2023,649557,0.06451612903225806,0.23107569721115537,-10.30729833546735,-2.496798975672215,7.637721755368812,2.345124633431098,-4.9399999999999835,-9.824046920821115,-1.1363636363636365
2023,543063,0.1282051282051282,0.12396694214876033,-1.2987012987012996,-6.168831168831168,-7.208387942332898,-1.6866604477612128,-0.9999999999999858,0.8395522388059717,3.125
2023,670042,0.3010752688172043,0.20766773162939298,5.751391465677184,-5.890538033395176,-10.021551724137932,4.367725752508363,4.939999999999998,8.277591973244142,3.344481605351171
2023,543068,0.2391304347826087,0.22857142857142856,-12.96101159114858,4.973656480505794,-15.258528784648192,-5.085422647527906,-1.029999999999987,-10.047846889952158,-2.440191387559809
2023,657757,0.3333333333333333,0.14615384615384616,8.979591836734693,-11.020408163265305,7.485268354833572,-0.9799715909090736,1.8799999999999955,0.8522727272727302,1.5625
2023,502110,0.25510204081632654,0.28608923884514437,-1.452432824981841,6.826434277414669,-5.532617671345996,-3.505555555555574,-3.049999999999997,-14.401294498381876,1.6720604099244878
2023,678246,0.32116788321167883,0.18562874251497005,0.4280821917808204,-13.65582191780822,-7.043552276918714,-2.5308730158729986,0.710000000000008,-3.2539682539682566,1.9047619047619049
2023,643446,0.3841059602649007,0.3118712273641851,-0.2992957746478879,-9.366197183098592,-1.0625737898465157,-0.3706190476190301,1.039999999999992,4.0,1.0
2023,571771,0.19727891156462585,0.21329639889196675,-11.38888888888889,-6.500000000000002,-4.184641932700604,3.258138332255996,1.0400000000000063,7.123464770523594,-2.197802197802198
2023,592273,0.1791044776119403,0.2930591259640103,-1.5367231638418062,1.9435028248587578,-6.058647235117821,1.024798761609901,4.359999999999999,5.526315789473685,3.1578947368421053
2023,608671,0.2727272727272727,0.26666666666666666,0.06775067750677266,-9.010840108401084,4.273504273504274,0.06253270538982747,0.1799999999999926,-0.41862899005756304,0.0
2023,575929,0.23448275862068965,0.34,5.428571428571427,-2.095238095238095,-3.1135531135531167,-1.9380589707322429,1.9000000000000057,-1.9475573931019454,-1.207703187901208
2023,663993,0.2670807453416149,0.26287744227353466,10.200617283950617,7.577160493827162,6.979484941073764,-1.895899347623498,-1.7999999999999972,-4.240447343895621,1.8406337371854613
2023,608701,0.14705882352941177,0.2571428571428571,9.929078014184391,-5.369807497467072,9.043736100815416,-5.2555272108843525,-4.1299999999999955,-5.697278911564624,-2.0408163265306123
2023,455117,0.05263157894736842,0.04807692307692308,10.292812777284826,-5.8562555456965395,8.695652173913036,-4.108564814814798,-2.8599999999999994,-6.944444444444446,-0.2314814814814814
2023,641487,0.25757575757575757,0.3438735177865613,3.381642512077292,-1.3802622498274708,2.64487870619946,0.7832064487236892,-0.5600000000000023,-0.9105836692043567,1.2987012987012987
2023,664023,0.35625,0.27358490566037735,-4.784240150093808,5.347091932457785,-3.3695903725989353,-0.7418998667428127,-1.5,-1.7323434228060144,-2.912621359223301
2023,621020,0.27710843373493976,0.2245762711864407,-2.585193889541717,-0.7344300822561696,-10.00670206733,-1.849031279178348,-1.0,-5.3804855275443515,1.680672268907563
2023,664034,0.3248407643312102,0.2440944881889764,4.578392621870881,-3.2938076416337294,-2.8401360544217678,0.9678241631396816,-0.9199999999999875,-4.530588687956907,1.0869565217391304
2023,621028,0.22727272727272727,0.296969696969697,-13.636363636363637,2.272727272727273,-2.8758169934640527,-2.0470319634703316,-3.3599999999999994,-5.5996154770487845,-1.7543859649122806
2023,641511,0.40350877192982454,0.06153846153846154,3.8961038961038987,-4.025974025974025,7.45011086474501,2.2871794871795146,0.9799999999999898,3.8461538461538485,3.8461538461538463
2023,664040,0.1935483870967742,0.2564102564102564,11.917772573510277,-8.456934686442882,4.878048780487802,0.043147502903607915,-3.3599999999999994,-9.088269454123111,-3.6585365853658534
2023,621035,0.15841584158415842,0.1625441696113074,-6.071428571428569,-3.5317460317460325,-3.5991531404375507,3.3604166666666373,-0.9200000000000017,3.7500000000000036,-0.4166666666666663
2023,621043,0.22377622377622378,0.2402745995423341,-5.675029868578257,1.4336917562724008,6.865671641791046,0.6442557442557444,3.4000000000000057,4.7952047952048,1.098901098901099
2023,543228,0.48,0.2005813953488372,-9.457478005865102,0.9530791788856301,1.3343217197924382,-2.0047877145438235,-1.3499999999999943,2.0776874435411052,0.5871725383920507
2023,543257,0.13675213675213677,0.27722772277227725,4.497354497354497,-1.3227513227513237,4.833333333333336,1.169526162137899,-2.760000000000005,-5.142600494048956,2.73972602739726
2023,666139,0.41509433962264153,0.24556962025316456,13.404634581105169,1.2477718360071313,16.448972483455243,-0.6252665245202849,-0.15000000000000568,2.452025586353944,0.12793176972281417
2023,672284,0.3188405797101449,0.07913669064748201,5.521601685985246,-6.65964172813488,6.060606060606062,0.2253623188405811,-4.239999999999995,-2.691511387163562,0.9834368530020703
2023,518692,0.3488372093023256,0.48028673835125446,1.1627906976744207,-4.651162790697676,2.1505815139767392,1.0038040303738427,-2.180000000000007,5.841121495327101,-2.8183411214953273
2023,641584,0.23148148148148148,0.35294117647058826,-4.583333333333332,-8.333333333333332,-0.5478221823080354,-4.816204051012747,-4.570000000000007,-3.375843960990249,1.6129032258064515
2023,666165,0.09523809523809523,0.10384615384615385,-1.9285309132161075,2.2121384004537723,-5.374077976817695,-4.746224256292919,2.779999999999987,3.6613272311212803,-0.45766590389016004
2023,571970,0.34532374100719426,0.27045454545454545,-4.104166666666664,-2.8125,-3.944954128440372,0.08444444444444343,0.2799999999999869,-1.0678210678210682,-1.3564213564213563
2023,592450,0.2627118644067797,0.4470588235294118,-6.704260651629074,-6.265664160401002,-8.486034513431772,-1.2327040816326473,-0.9299999999999926,-4.056122448979593,-3.75
2023,668227,0.3741935483870968,0.23647294589178355,10.583333333333332,4.416666666666668,10.78673923800099,-4.257077294685999,-3.1699999999999875,-16.835748792270532,1.1835748792270535
2023,666182,0.4107142857142857,0.2678983833718245,3.119682359614295,3.828701077708451,-0.32601463739188574,-0.6622814462739939,-0.6599999999999966,7.695354495558195,0.09053358230068476
2023,543305,0.06153846153846154,0.291497975708502,-17.5438596491228,-3.216374269005848,-7.186147186147185,-2.298307210031325,-2.3400000000000034,0.7523510971786838,1.8181818181818181
2023,608841,0.1949685534591195,0.25502008032128515,0.23809523809523725,-2.952380952380953,-2.3750345208505905,-0.8390589517666882,1.8599999999999994,0.42692342628758695,-1.9801980198019802
2023,666185,0.2,0.23870967741935484,-0.8681273253410495,-3.9272426622571306,1.7636280348144737,-1.7567860300618605,-1.6599999999999966,-2.0114942528735646,2.2988505747126435
2023,543309,0.07272727272727272,0.17560975609756097,-6.0,6.0,-1.4950166112956822,-0.15428571428570592,-1.4210854715202004e-14,-8.571428571428573,-12.0
2023,518735,0.25984251968503935,0.15827338129496402,-5.059523809523807,3.000992063492064,-5.985518905872887,2.478440965427268,-2.049999999999997,6.0013046314416165,0.0
2023,545361,0.3018867924528302,0.2512315270935961,1.4719848053181366,-12.962962962962962,-5.9794776119403,-0.8354398726983163,-3.220000000000013,-5.592180040918393,0.6819731757217549
2023,686681,-0.00909090909090909,0.26495726495726496,-10.402126952475907,10.16949152542373,-5.76923076923077,-3.215518744550991,-0.1700000000000017,-11.464690496948563,-1.6129032258064515
2023,672356,-0.07407407407407407,0.10652920962199312,1.7045454545454533,-0.2840909090909083,3.6231884057971016,1.8212222222222323,6.530000000000001,8.555555555555557,1.2222222222222223
2023,641658,0.1875,0.16489361702127658,-19.545454545454543,-2.727272727272727,-0.9495252373813088,6.105994897959192,6.430000000000021,7.908163265306122,0.0
2023,662139,0.23841059602649006,0.1930232558139535,-4.2631578947368425,-5.421052631578948,-3.1292460987359476,-0.654938221094838,5.400000000000006,1.0228295556828435,0.662793552082481
2023,676475,0.30927835051546393,0.296,-6.535087719298245,-4.517543859649122,-6.08218365227711,-0.33311627906975616,-1.25,-0.7441860465116257,0.8372093023255813
2023,672386,0.33653846153846156,0.31761006289308175,-8.666666666666664,5.185185185185187,-9.698996655518393,1.380385149890813,1.7800000000000153,2.4816358943815793,0.0
2023,682626,0.18032786885245902,0.23756906077348067,-13.032581453634084,9.523809523809524,-9.375,1.7457317073170628,13.0,11.890243902439025,0.0
2023,592518,0.21052631578947367,0.36080178173719374,-0.5602240896358559,4.061624649859945,-3.8212579795544848,2.460056022408935,-1.09999999999998,10.40149393090569,-0.5695611577964519
2023,518792,0.31645569620253167,0.35570469798657717,-0.12987012987013102,4.4805194805194795,0.12345679012345556,-5.253113207547159,-4.390000000000001,-12.31132075471698,-1.2264150943396226
2023,641680,0.4065040650406504,0.25132275132275134,-4.252437703141929,-4.496208017334777,-1.954177897574123,1.5443756585879953,1.5700000000000074,0.8956796628029515,0.5532139093782931
2023,408234,0.05555555555555555,0.24496644295302014,-8.333333333333336,-2.7777777777777777,-6.043956043956044,-1.5574545454545472,-3.1999999999999886,-2.454545454545457,-2.272727272727273
2023,516782,0.16279069767441862,0.16981132075471697,9.515655577299414,-7.387475538160469,-1.3888888888888893,0.8603341584158386,-0.10000000000000853,-3.0321782178217838,-1.9801980198019802
2023,527038,0.37373737373737376,0.4293785310734463,-1.7637407711238708,3.0352748154224765,-0.9523809523809508,-0.4416666666666629,1.4599999999999937,-7.5000000000000036,1.416666666666667
2023,686823,0.1566265060240964,0.28225806451612906,8.273809523809524,-6.25,5.7017543859649145,2.185617977528068,2.3999999999999915,3.5750766087844763,0.0
2023,592626,0.27956989247311825,0.29518072289156627,-15.518867924528301,-3.679245283018867,-9.942760228959084,-2.663195548489668,1.4399999999999977,-1.033386327503976,-1.9607843137254901
2023,672515,0.19387755102040816,0.2730496453900709,-7.0,1.916666666666667,-11.151924772259772,-1.1905303030303003,-0.4000000000000057,-9.145021645021643,0.0
2023,678662,0.12307692307692308,0.1731958762886598,1.3740819710968957,-3.3641317223406775,-2.161897774516998,1.1473389355742398,4.510000000000005,8.737341090282268,-1.098901098901099
2023,606992,0.18,-0.025906735751295335,5.716586151368755,6.763285024154589,0.10803802938634277,0.30750000000000455,-0.27000000000001023,1.6483516483516496,3.076923076923077
2023,518934,0.2631578947368421,0.2261072261072261,-7.535501603298211,-0.36646816307833063,-3.4107946026986475,-0.6499097917008356,0.5400000000000063,-2.0665901262916186,-2.9850746268656714
2023,543510,0.2549019607843137,0.12571428571428572,-8.88888888888889,2.7777777777777777,-10.256410256410255,0.47956989247312265,1.1800000000000068,5.197132616487455,1.6129032258064515
2023,592663,0.26356589147286824,0.22627737226277372,-19.119769119769117,0.14430014430014415,-14.46101694915254,1.1627368421052466,1.9799999999999898,0.7017543859649145,0.0
2023,641820,0.15503875968992248,0.029850746268656716,-6.811594202898551,11.376811594202898,-3.46206896551724,3.699479804161541,1.049999999999983,3.7637698898408765,3.488372093023256
2023,592669,0.34838709677419355,0.19083969465648856,10.589410589410585,-8.924408924408922,-3.037037037037038,-0.2667675100843354,1.230000000000004,-1.1276127612761258,2.713604693802713
2023,572191,0.0970873786407767,0.16140350877192983,-12.145748987854258,8.987854251012145,-5.135746606334838,-1.7037015276145695,-1.4099999999999966,-0.7050528789659225,-1.8801410105757936
2023,600869,0.18666666666666668,0.34976525821596244,-1.8006774826172247,1.836334462471029,-4.39351390524504,-2.902648129758333,0.35999999999999943,0.8440913604766642,0.06620324395895405
2023,572204,0.015384615384615385,-0.06140350877192982,19.061302681992338,3.35249042145594,10.428849902534111,-4.836137931034472,-11.179999999999993,-25.93103448275862,-3.4482758620689653
2023,686894,0.175,0.12758620689655173,6.6184649610678505,-7.730812013348164,10.816938491918382,-0.3342171717171709,1.210000000000008,5.6998556998557,-1.2085137085137085
2023,660271,0.36875,0.49430523917995445,-12.392156862745098,-4.9411764705882355,-8.799661876584953,1.8841371027346838,0.11000000000001364,-4.665558019216554,-3.4090909090909087
2023,680757,0.3076923076923077,0.331511839708561,3.254769921436587,-6.130751964085299,2.6152482269503556,0.23852717866022033,-1.039999999999992,-0.22844856547738956,0.8130081300813009
2023,592696,0.19130434782608696,0.26433915211970077,2.153846153846157,2.153846153846154,6.098591549295776,1.9236154649947679,-1.0999999999999943,4.858934169278996,-1.5151515151515151
2023,668472,0.2830188679245283,-0.03424657534246575,-28.881987577639748,8.695652173913043,-19.111111111111107,-5.163999999999987,,-8.0,0.0
2023,693049,0.08333333333333333,0.07262569832402235,-1.4662756598240492,-1.9061583577712602,-12.987323606792632,0.5896085740913435,2.7199999999999847,-2.283317800559182,-1.3513513513513513
2023,641857,0.0958904109589041,0.1995841995841996,1.3698630136986338,-1.3698630136986303,-1.717401181281236,-2.703364485981311,-6.61999999999999,-6.105919003115268,-2.398753894080997
2023,607043,0.34375,0.30710172744721687,18.750000000000004,-13.75,5.442020665901261,2.8654901960784116,0.27000000000001023,4.344685242518061,1.0526315789473684
2023,680776,0.375,0.23357664233576642,-6.76923076923077,-1.0256410256410255,11.184210526315793,-2.316647196261684,1.980000000000004,2.1028037383177534,0.0
2023,572233,0.3673469387755102,0.3463035019455253,-1.1106997408367292,0.07404664938911498,-2.9671717171717162,-0.12256843331391565,0.539999999999992,7.163657542224811,2.98971073577946
2023,680777,0.19607843137254902,0.28169014084507044,10.461538461538463,-0.4615384615384617,9.701897018970193,-3.3060606060605977,-4.9199999999999875,-2.0202020202020208,0.0
2023,670541,0.3805970149253731,0.49171270718232046,-6.327683615819208,-6.192090395480227,-3.191489361702125,3.438588674906555,2.299999999999997,7.904570278815758,-0.24432308134521374
2023,607054,0.13559322033898305,0.15705128205128205,0.0,-5.084745762711865,2.611185983827493,-1.1610110110110412,-1.259999999999991,-1.0677344010677317,1.5849182515849187
2023,691023,0.1794871794871795,0.28940568475452194,18.91348088531187,11.46881287726358,-6.334841628959278,-9.32764705882353,,-9.117647058823529,0.0
2023,467793,0.273972602739726,0.33192389006342493,-5.8069381598793335,1.6968325791855214,-1.6458801881005947,-4.240634117875928,-5.949999999999989,-13.013032483952538,-1.8867924528301887
2023,676694,0.1346153846153846,0.19831223628691982,-1.875,-5.3125,-10.409437890353924,-2.816304347826076,-2.8300000000000125,-2.173913043478258,1.0869565217391304
2023,676701,0.13333333333333333,0.17763157894736842,4.398148148148145,4.166666666666666,4.048742138364776,0.270146520146497,6.409999999999997,9.450549450549449,1.4285714285714286
2023,807799,0.4492753623188406,0.30995475113122173,2.6293103448275854,-7.543103448275861,-7.470288624787775,5.060183428209982,2.0,17.33080328905756,1.7552182163187855
2023,621439,0.2620689655172414,0.12376237623762376,-11.714285714285715,6.0,-7.656395891690007,0.8129025961350465,2.549999999999997,3.054850673433535,1.6884637907476092
2023,553869,0.3305084745762712,0.19117647058823528,-2.758620689655171,3.67816091954023,1.9911504424778776,3.9267056530214433,1.0999999999999943,5.945419103313839,1.2345679012345678
2023,641933,0.04040404040404041,0.31736526946107785,2.7777777777777786,-2.3809523809523805,-3.1593406593406606,-3.313676515382255,-5.719999999999999,-18.550106609808104,-4.477611940298507
2023,502671,0.41317365269461076,0.2403846153846154,5.322812051649928,-12.36728837876614,5.213139969237524,-0.8948826343308411,-0.8600000000000136,-0.5784848147736099,-0.26699299143397504
2023,519058,0.171875,0.18012422360248448,-5.555555555555557,-15.873015873015875,4.247104247104243,-0.4727732793522108,0.8000000000000114,2.5303643724696343,0.0
2023,670623,0.288,0.3991031390134529,-12.378017462763225,2.2342064714946064,-7.896965419901198,1.513218042071216,-2.0,3.4283980582524265,0.14158576051779925
2023,682928,0.18253968253968253,0.2786885245901639,-4.242424242424242,-5.909090909090909,-6.468279921517329,-0.35219780219780716,-1.2099999999999937,-1.7399267399267409,1.1904761904761905
2023,656305,0.3790849673202614,0.14719626168224298,8.817498291182503,2.460697197539302,6.617647058823529,-4.074103682170531,-1.9500000000000028,-4.578488372093027,-5.087209302325581
2023,621493,0.2147239263803681,0.3333333333333333,-2.1981330924420384,3.8090936464920198,-0.2648039081404363,1.324770642201841,0.5800000000000125,1.8348623853211024,-0.9174311926605505
2023,672695,0.43956043956043955,0.22277227722772278,-10.73529411764706,-0.7352941176470598,-17.345872518286313,-0.8298290598290521,3.6499999999999915,5.213675213675213,1.282051282051282
2023,605113,0.18055555555555555,0.050724637681159424,-3.7151702786377676,2.941176470588235,3.557312252964426,2.1702127659574444,3.019999999999996,17.02127659574468,2.127659574468085
2023,605119,0.18055555555555555,0.10599078341013825,3.250773993808046,-0.2321981424148607,2.191171800571606,-1.1323053589484573,-4.060000000000002,-3.2861476238624867,-0.9352881698685538
2023,453568,0.36486486486486486,0.375,-0.6578947368421044,1.9736842105263168,-1.6522524848328395,4.709433263365852,1.7199999999999989,9.359180145697003,1.1482899123348562
2023,676801,0.2692307692307692,0.28888888888888886,0.0,-12.5,5.321507760532146,-4.00512820512823,,-2.564102564102569,-1.9230769230769231
2023,605131,-0.06349206349206349,0.1678832116788321,12.499999999999993,7.051282051282053,10.835913312693496,3.1585365853658516,0.7000000000000028,2.439024390243902,0.0
2023,680911,0.24193548387096775,0.20238095238095238,-5.1891891891891895,1.4054054054054053,3.753753753753754,0.7860109289617583,-3.1499999999999915,-1.912568306010927,0.0
2023,605137,0.2565789473684211,0.26021505376344084,-5.833333333333336,2.9166666666666625,4.653505237711524,2.627317127317127,-0.21999999999998465,-0.9879009879009928,1.1877011877011878
2023,605141,0.3416149068322981,0.5263157894736842,-6.70995670995671,-4.870129870129871,-4.303454182129606,-1.695519897304223,-0.20000000000000284,-6.444159178433889,-0.33376123234916566
2023,607208,0.18562874251497005,0.3110687022900763,11.19102416570771,-4.157077100115075,-1.8518518518518476,0.43440890919475805,0.980000000000004,-4.140491147915476,0.9613554159527887
2023,457705,0.3582089552238806,0.2536873156342183,16.53225806451613,-0.7616487455197127,15.301542776998595,-3.231428571428566,-2.3000000000000114,-10.526315789473685,3.2330827067669174
2023,682985,0.12418300653594772,0.2737642585551331,-9.818679438932605,2.1040027369141283,-1.5707265707265705,2.9716287878787853,-0.46999999999998465,-1.6098484848484809,-1.1742424242424239
2023,621550,0.3106060606060606,0.08235294117647059,5.579793340987372,9.460390355912745,5.407476328608176,-1.2802185163887287,-0.8400000000000034,-4.88786658999425,0.5750431282346176
2023,592885,0.1870967741935484,0.3312368972746331,-16.328600405679513,-4.141311697092629,-7.556935817805382,-1.7242901630335439,-1.9000000000000057,-7.647920864627224,0.9433962264150944
2023,682998,0.3308270676691729,0.365234375,-4.325181159420293,8.152173913043478,-2.385778886636519,-2.325915750915726,-0.9199999999999875,0.73260073260073,-1.1904761904761905
2023,683002,0.16393442622950818,0.308,-10.691994572591586,-6.024423337856174,-6.875,1.7019320843091208,1.8000000000000114,4.947306791569087,1.639344262295082
2023,621566,0.28402366863905326,0.47186932849364793,-4.363075196408531,3.7457912457912457,-5.712719298245609,-1.5995789473684283,-2.0600000000000023,-1.4210526315789487,0.05263157894736836
2023,668670,0.11842105263157894,0.17708333333333334,1.9886363636363669,-3.4090909090909083,8.585503166783955,-0.3139140271493517,0.6899999999999977,-6.334841628959278,-2.036199095022624
2023,683011,0.14666666666666667,0.1662971175166297,0.5429864253393646,-8.687782805429865,-0.19450800915331357,6.575598445920505,2.9399999999999977,15.941847349291894,-0.5514475498182732
2023,500743,0.12903225806451613,0.2742382271468144,-6.031746031746032,-1.1640211640211646,0.7360321177651379,-1.8248418631397243,-4.559999999999988,-4.485336400230018,0.0
2023,553993,0.1125,0.16292134831460675,0.37593984962406424,8.521303258145366,4.249709536151574,-2.1970279720279677,-0.14999999999999147,-7.604895104895107,-0.7867132867132867
2023,672779,0.3275862068965517,0.19135802469135801,4.710144927536232,-12.318840579710143,9.623015873015872,-0.953695324283558,2.780000000000001,-20.663650075414782,1.9607843137254901
2023,543760,0.35714285714285715,0.38803418803418804,6.71863926293409,10.418143160878811,-4.832826747720365,0.16271896420411736,-1.8599999999999994,-2.7798933739527776,-1.9801980198019802
2023,680977,0.25862068965517243,0.3803921568627451,-3.354037267080745,-0.6211180124223601,-11.400293255131967,-0.030526315789487057,0.799999999999983,3.6842105263157876,0.26315789473684204
2023,605204,0.2845528455284553,0.16350710900473933,5.958686440677965,7.415254237288135,4.379458924913468,-1.186111111111103,-2.1000000000000085,-2.2222222222222214,-2.361111111111111
2023,656413,0.18181818181818182,0.1853932584269663,-8.502024291497975,-2.9689608636977063,-10.87192868014786,1.3452380952381162,-5.340000000000003,-11.904761904761905,-4.761904761904762
2023,457759,0.3393939393939394,0.32537960954446854,-0.16162209814869222,-0.1322362621216584,-3.3800424628450116,0.1974584070796368,1.3799999999999955,4.446017699115043,-0.08495575221238938
2023,519203,0.325,0.14942528735632185,7.699574870099198,-0.39363879703983606,1.083622980985485,-2.7469059527311828,-1.7600000000000051,-4.050210846327353,0.9708737864077669
2023,642086,0.24305555555555555,0.28054298642533937,-0.4244645957939408,-0.3087015242137774,-6.2015503875969,-1.084136363636361,2.3100000000000165,-0.31818181818181657,1.0
2023,668715,0.2517985611510791,0.33269961977186313,15.190677966101692,-10.254237288135593,15.6164757228587,-2.1681555004135618,-0.0899999999999892,-3.9288668320926377,0.0
2023,670764,0.38144329896907214,0.06746031746031746,12.233589087809037,-1.2787723785166243,4.206138688897312,-1.5252367424242266,-2.240000000000009,-8.570075757575758,1.5625
2023,670770,0.28888888888888886,0.37054631828978624,2.777777777777775,-9.722222222222223,-3.1446540880503164,4.751277584204416,1.8900000000000006,5.255516840882693,1.2195121951219512
2023,672820,0.015151515151515152,0.19626168224299065,-0.5769230769230766,2.5,-2.351654361498497,0.1951451451451618,0.10000000000000853,1.451451451451451,0.0
2023,668731,0.13953488372093023,0.21033210332103322,12.006861063464836,-0.800457404230988,1.4827890556045915,-2.85526315789474,-5.519999999999996,-4.151223128243142,0.0
2023,543807,0.1986754966887417,0.29699248120300753,-5.6147832267235245,-2.3631840796019894,1.570649596965385,2.4341154090044483,3.6199999999999903,15.863453815261046,-0.8771929824561403
2023,656448,0.109375,0.22815533980582525,25.025641025641022,-2.8717948717948723,4.395604395604398,-5.475000000000023,-3.1299999999999955,-9.615384615384613,0.0
2023,642133,0.3333333333333333,0.1036036036036036,1.138014527845037,-4.3825665859564165,-13.179704871639375,-3.690963614554178,-0.4299999999999926,-14.114354258296679,-3.6985205917632946
2023,642136,0.24074074074074073,0.1383399209486166,-27.960526315789473,-4.605263157894737,-20.271186440677965,4.051666666666648,,10.277777777777779,2.5
2023,650333,0.47101449275362317,0.4363256784968685,1.8288837502627695,-0.90393104898045,1.2995049504950495,-1.4391033745015847,-2.1199999999999903,-9.61781581250608,0.0
2023,646240,0.35443037974683544,0.3641851106639839,0.0,2.5316455696202533,6.19645042839657,-3.6043650452001543,-0.7800000000000011,-9.55660783469651,-2.100731812311666
2023,681082,0.2111801242236025,0.3277661795407098,-6.2635658914728705,6.837209302325581,1.3425321648331145,0.0243291592128827,-3.3999999999999915,-9.199327803978964,-0.6993006993006993
2023,664702,0.14814814814814814,0.1671018276762402,3.743907842268495,-3.965440850686754,-3.0796818961484487,2.738189152846232,-0.8400000000000034,-0.5826983415508753,0.0
2023,668800,0.05660377358490566,0.2393617021276596,-1.9047619047619015,-2.698412698412698,-2.745098039215687,4.764102564102572,7.859999999999999,13.91941391941392,0.0
2023,668804,0.36363636363636365,0.2674897119341564,3.5907859078590807,6.06368563685637,1.4556705214039312,-1.6038690476190567,-0.030000000000001137,2.6785714285714306,-2.3809523809523805
2023,543877,0.053763440860215055,0.16412213740458015,9.027777777777779,-2.7777777777777786,-1.7492260061919502,-4.316794871794869,-4.25,-11.41025641025641,0.0
2023,500871,0.17391304347826086,0.1125,-9.350649350649352,1.6883116883116882,8.796296296296298,7.054642857142838,-0.8499999999999943,13.214285714285715,-1.25
2023,683146,0.2463768115942029,0.059375,-0.5555555555555536,-2.7777777777777786,-1.564185544768069,2.225217391304355,10.250000000000014,10.579710144927539,1.4492753623188406
2023,547989,0.08609271523178808,0.2528216704288939,-2.3033309709425964,3.738483345145288,-9.161147902869757,-0.39705685618730513,0.960000000000008,-5.777591973244149,-0.9615384615384616
2023,650391,0.20754716981132076,0.30548302872062666,-7.101449275362324,-0.36231884057971087,0.7200720072007272,7.05749999999999,2.799999999999997,20.625,3.125
2023,664728,0.1875,0.23963133640552994,-2.1500658183413783,0.8775778850372973,-11.229314420803782,1.0919720347155248,-3.6200000000000045,-0.07232401157184398,-1.301832208293153
2023,687263,0.21978021978021978,0.20168067226890757,4.285714285714288,4.285714285714286,-9.84126984126984,-1.7815705128205082,3.0500000000000114,2.6442307692307665,1.0416666666666665
2023,650402,0.39869281045751637,0.348747591522158,-1.8893850910340095,-13.620748883545172,-2.704633598693608,1.1080926916221046,-2.1899999999999977,0.4634581105169353,-2.941176470588235
2023,666801,0.2608695652173913,-0.02127659574468085,6.515151515151516,4.242424242424242,9.809477283829992,-1.4835809426229503,-2.1999999999999886,1.8186475409836085,1.5625
2023,664761,0.271523178807947,0.3391304347826087,2.0598591549295797,-1.707746478873239,0.6980510414921532,-2.4387241379310325,-2.480000000000004,-8.448275862068968,-1.7241379310344827
2023,660670,0.4911242603550296,0.5388692579505301,-2.5641025641025657,2.0146520146520146,-2.684746996723696,5.025596638655429,2.109999999999985,6.067226890756306,2.0
2023,543939,0.09574468085106383,0.1282051282051282,-7.471264367816094,-0.28735632183908244,2.529274004683842,1.1722727272727411,-0.10999999999999943,2.1590909090909065,2.272727272727273
2023,656582,0.3333333333333333,0.23209169054441262,14.81481481481481,1.9323671497584538,8.504016064257028,-4.465881708652802,1.5700000000000074,-11.646586345381522,0.5841548010222706
2023,664774,0.4375,0.2813299232736573,-2.1182266009852206,-6.995073891625616,4.687170844744049,4.860266236385627,3.3200000000000074,14.098426784993947,4.054054054054054
2023,660688,0.3308270676691729,0.3473193473193473,-1.379466304839438,-1.402080506558118,-5.579649708090075,0.39319929036072665,-0.7599999999999909,3.8438793613246602,-2.318154937906564
2023,660707,0.018518518518518517,0.11462450592885376,45.30612244897959,-4.081632653061225,-0.39473684210526727,-15.033469387755105,,-24.489795918367346,0.0
2023,658668,0.3017241379310345,0.3345724907063197,-10.363636363636365,5.090909090909092,-3.072390572390571,-3.417500000000004,-1.0,-7.083333333333329,0.8333333333333333
2023,650489,0.14,0.24233983286908078,3.7766830870279158,17.24137931034483,-11.184210526315791,-0.34419191919189984,4.439999999999998,-0.5050505050505052,0.0
2023,650490,0.4934210526315789,0.39732142857142855,3.947368421052632,0.0,-2.567693744164334,-0.28032386867791104,-0.7200000000000131,-1.109139307897074,-0.06654835847382423
2023,668930,0.09345794392523364,0.16422287390029325,6.790992258972555,-2.498240675580578,0.073260073260073,-3.056075216972019,-3.5600000000000023,-10.583413693346191,0.0
2023,593160,0.2540983606557377,0.24733475479744135,-2.375168690958162,2.429149797570851,-5.929411764705883,2.766173361522206,0.6299999999999955,1.6560958421423528,0.0
2023,668939,0.3772455089820359,0.3576923076923077,-1.8794835007173596,-4.146341463414634,-7.106537530266342,-1.2619191919192048,-3.2900000000000063,0.40404040404040487,-1.616161616161616
2023,668942,0.13793103448275862,0.1581196581196581,7.450980392156865,3.6500754147812975,8.944793850454225,-0.8597222222222314,-2.3299999999999983,-9.537037037037038,-2.5
2023,462101,0.1554054054054054,0.26744186046511625,-0.9502923976608173,4.970760233918128,-0.629480678440288,-4.865659309564279,-2.6000000000000085,-6.768534238822864,0.0
2023,660757,0.10666666666666667,0.05714285714285714,2.2796352583586597,-4.25531914893617,-2.731610992265921,-0.738655462184866,-3.260000000000005,-0.07002801120448154,0.0
2023,623912,0.40186915887850466,0.27522935779816515,17.552447552447553,3.3216783216783226,12.32793522267206,1.3176881720429776,1.4899999999999949,2.6344086021505326,0.05376344086021523
2023,664874,-0.018518518518518517,0.0,10.822510822510822,1.2987012987012987,-0.6818181818181834,-5.0199485199485,-0.7400000000000091,-7.593307593307589,0.0
2023,642350,0.13559322033898305,0.16776315789473684,7.976190476190478,7.261904761904763,0.7835820895522332,-5.44521739130434,-5.439999999999998,-26.335403726708076,2.857142857142857
2023,650559,0.0625,0.25903614457831325,9.375,-3.125,-5.161168945190013,-4.242523809523803,-3.030000000000001,-12.952380952380953,2.380952380952381
2023,656716,0.26595744680851063,0.17452830188679244,-5.196078431372548,9.117647058823529,1.1704681872749099,4.9576603773584935,0.9399999999999693,14.792452830188683,2.666666666666667
2023,669004,0.11888111888111888,0.19607843137254902,-3.3490011750881266,-4.91578535056796,-3.2874196510560125,-1.9393939393939519,-0.4900000000000091,-10.24242424242425,-0.3636363636363633
2023,595281,0.2882882882882883,0.23648648648648649,-6.850649350649352,10.941558441558442,-4.1928721174004195,4.234301705756934,1.8299999999999983,-0.6663113006396557,1.7857142857142856
2023,660821,0.3026315789473684,0.22085889570552147,-1.2472487160674994,-12.986060161408659,-16.46850044365572,3.310222672064782,9.150000000000006,11.032388663967609,1.3157894736842104
2023,669016,0.344,0.17579250720461095,-2.0737327188940107,12.570404505888375,1.0204081632653086,3.503184335443038,0.1700000000000017,7.199367088607595,-3.5007911392405067
2023,572761,0.16304347826086957,0.14482758620689656,5.153664302600475,-9.267139479905438,-14.520202020202017,-3.5811671087533057,-3.4599999999999795,-3.271441202475682,5.172413793103448
2023,630105,0.3,0.23655913978494625,-5.639565913538519,7.418608788471801,-1.6036184210526336,-1.0739130434782567,-4.440000000000026,-5.76659038901602,0.0
2023,666969,0.30128205128205127,0.27521008403361347,-0.44444444444444287,5.679012345679012,1.7997750281214806,-0.07094474153298336,-0.2400000000000091,-0.6179441473559066,3.0303030303030303
2023,666971,0.3880597014925373,0.3034934497816594,-7.982162764771461,13.935340022296545,-8.128583128583127,-3.1354070305272614,0.3999999999999915,-2.636447733580024,-1.0407030527289547
2023,623993,0.24324324324324326,0.2992125984251969,-10.891812865497077,-5.847953216374269,-4.471477889199409,1.7407407407407476,-1.0999999999999943,4.950869236583522,1.7573696145124715
2023,656775,0.3076923076923077,0.21070234113712374,2.2368421052631575,-5.723684210526317,3.804347826086957,-0.010519375126804675,-1.0900000000000176,-5.853114221951714,-0.9433962264150944
2023,681351,0.3220338983050847,0.2857142857142857,-27.27272727272727,-7.2727272727272725,-22.635135135135137,-2.8494505494505376,,-3.736263736263737,-3.076923076923077
2023,664983,0.14285714285714285,0.2024793388429752,9.482758620689655,1.4367816091954015,-10.532212885154063,-1.757276119402988,-1.230000000000004,2.3320895522388057,4.757462686567164
2023,605612,0.171875,0.06310679611650485,-15.625,9.375,-10.11166253101737,2.3771561771561665,3.6000000000000085,17.132867132867133,0.0
2023,607680,0.23880597014925373,0.15827338129496402,0.9909909909909942,2.072072072072072,-3.7657864523536198,1.4445893719806833,0.9699999999999989,2.85024154589372,2.2222222222222223
2023,669127,0.21951219512195122,0.14713896457765668,1.9841269841269842,4.523809523809524,6.500626566416038,2.394724637681165,5.540000000000006,6.202898550724637,-1.3333333333333335
2023,521692,0.3581081081081081,0.16435185185185186,-1.3513513513513509,6.756756756756758,4.545454545454547,1.3806810162314491,1.269999999999996,4.251940719830628,1.0497529992942836
2023,671213,0.19327731092436976,0.34464751958224543,-10.317460317460316,10.515873015873018,-0.51909529106414,3.876806722689068,0.9599999999999795,8.57142857142857,1.7857142857142856
2023,542194,0.26744186046511625,0.07723577235772358,15.043290043290039,-11.904761904761903,18.285642570281126,-0.8604412923561995,-3.1700000000000017,-1.4184397163120508,0.5516154452324669
2023,607732,-0.03225806451612903,0.1588785046728972,-19.47089947089947,-7.7248677248677255,-5.9523809523809526,-5.693939393939388,-3.280000000000001,-19.318181818181817,-3.2196969696969697
2023,542208,0.3220338983050847,0.13846153846153847,0.588235294117645,7.76470588235294,-5.7312252964426875,-7.537622549019616,-0.789999999999992,-10.477941176470587,-3.125
2023,681481,0.21333333333333335,0.2760416666666667,18.13725490196079,-3.6764705882352944,8.939912066438687,-1.1756065573770655,-2.0400000000000063,-11.147540983606557,0.0
2023,593428,0.35443037974683544,0.3136094674556213,12.190383681398739,6.297555447628298,12.29949874686717,-1.8990476190475931,0.9000000000000057,10.23809523809524,-1.9047619047619049
2023,622110,0.2727272727272727,0.15584415584415584,0.7936507936507944,14.814814814814813,16.204217536071035,1.0285714285714533,-1.9699999999999847,0.43290043290043556,0.6493506493506493
2023,669221,0.4782608695652174,0.26666666666666666,1.44927536231884,-10.144927536231885,0.296697626418986,-2.187656054931338,-0.5499999999999972,-5.508739076154807,-1.6541822721598
2023,669222,0.25806451612903225,0.20675105485232068,-13.224637681159424,-6.702898550724638,-8.2,7.424509803921566,-2.3800000000000097,0.24509803921569073,3.125
2023,656941,0.1910828025477707,0.2912966252220249,5.92640833604689,-2.2956691631390402,4.166666666666661,-1.6375886524822647,-4.329999999999984,-8.170212765957448,-3.1914893617021276
2023,671277,0.3409090909090909,0.26857142857142857,1.7560975609756095,4.536585365853659,7.287581699346404,3.3325541125541207,0.6800000000000068,0.779220779220779,-1.2987012987012987
2023,669242,0.3203125,0.27,-0.9920634920634939,-5.753968253968254,0.5244755244755233,-3.105846484935441,-1.779999999999987,3.0487804878048763,1.4705882352941175
2023,665155,0.11016949152542373,0.17714285714285713,10.49755536381938,-4.342824273799254,12.264752791068581,-1.6035550935550873,-2.2299999999999898,-8.75259875259875,-2.328482328482328
2023,669257,0.6,0.2907488986784141,-4.4871794871794854,0.8012820512820511,1.1392405063291147,0.3791910015141582,1.7800000000000011,2.3577763357127424,-1.4492753623188406
2023,681546,0.30612244897959184,0.15513126491646778,3.294862248696944,-8.376768428890545,8.910411622276037,-1.5286153846154065,-0.9599999999999937,2.6666666666666643,-1.384615384615385
2023,665161,0.2229299363057325,0.22641509433962265,1.4705882352941195,-1.928104575163399,4.24385757456313,1.7150588235294038,3.280000000000001,8.282352941176477,2.3529411764705883
2023,669261,0.24561403508771928,0.20047732696897375,14.685990338164252,0.386473429951689,4.608039085054408,-0.5823529411764667,1.7900000000000063,-5.392156862745093,-1.9607843137254901
2023,673357,0.26143790849673204,0.2850678733031674,7.030448169688675,6.927813889839206,11.59233847913093,-2.4155746509130154,-1.5900000000000034,-5.477980665950593,-0.7250268528464019
2023,656976,0.33783783783783783,0.18181818181818182,7.333333333333336,11.5,4.890604890604887,-6.053477498538882,-5.5,-27.936879018118056,-3.4482758620689653
2023,542303,0.23232323232323232,0.40365111561866124,-11.363636363636362,0.9090909090909083,-4.613385315139702,1.5162578055307563,0.5700000000000074,6.445138269402321,3.389830508474576
2023,669289,0.12121212121212122,0.2872340425531915,13.327120223671947,4.9394221808014915,11.020408163265307,-1.985820105820082,-3.4200000000000017,-7.08994708994709,0.0
2023,679529,0.20408163265306123,0.2644320297951583,0.779220779220779,6.233766233766234,-1.0994021684061224,1.4834692292758689,2.530000000000001,0.6794797126771499,-1.989904872840225
2023,650859,0.21495327102803738,0.34615384615384615,-16.49196366177498,-5.380852550663869,-5.2124866284158315,2.014464285714297,0.22999999999997556,3.571428571428573,0.0
2023,657041,0.20408163265306123,0.2523364485981308,-2.3721275018532246,1.7790956263899194,-5.932203389830512,1.0471917450365709,2.530000000000001,7.758620689655171,2.272727272727273
2023,642708,0.07971014492753623,0.28255528255528256,8.695652173913036,-2.8985507246376816,-4.327007299270075,1.8822145877378347,-0.7400000000000091,-0.607822410147989,-1.1892177589852009
2023,642715,0.25157232704402516,0.20250521920668058,0.6200317965023849,-7.1860095389507155,1.3202307199316365,0.6382967032967173,0.3599999999999852,-6.52014652014652,-2.8388278388278385
2023,642731,0.36054421768707484,0.17277486910994763,2.207792207792206,-0.5194805194805197,-8.203991130820398,-0.2023313814790555,-2.4399999999999977,-5.27000650618087,1.6807633918889615
2023,669357,0.31496062992125984,0.18397626112759644,4.452736318407961,-3.432835820895523,-1.1658795749704858,-5.132396370752545,-3.5600000000000023,-8.414872798434445,-0.2134851449919939
2023,677551,0.44025157232704404,0.3504531722054381,-2.325949367088608,2.6107594936708853,-2.579365079365079,-4.857242409158758,-0.9200000000000017,-5.599800895968137,-1.4352082296333164
2023,657077,0.4294478527607362,0.2694063926940639,5.058717253839204,-2.348690153568203,-1.9489330208461837,-1.1844808541973606,-0.030000000000015348,-2.835051546391753,-0.276141384388807
2023,474832,0.034482758620689655,0.26813880126182965,-3.2769556025369937,4.3340380549682855,-3.0471289274106184,3.6241134751773103,4.3799999999999955,7.531239446133066,6.382978723404255
2023,669394,0.33766233766233766,0.2678185745140389,3.146374829001367,-4.787961696306429,2.129852284438339,-1.3514166666666654,-1.6400000000000006,0.8333333333333321,-6.333333333333332
2023,673490,0.20634920634920634,0.284,-3.3392360232734646,9.4864659752087,-5.996810207336521,-0.904653371320066,-3.799999999999997,-8.899742233075564,-0.13566680233346884
2023,683734,0.294478527607362,0.25,6.862745098039216,-3.3031674208144803,-1.7288135593220346,-0.5151426907396655,-0.5,-4.228305183459522,1.7938264414676761
2023,677594,0.14465408805031446,0.31891891891891894,8.548804137039436,3.329023917259212,14.279498781761227,-0.5569308985266588,-0.8499999999999943,-1.732724631666322,-1.5667150861174512
2023,657136,0.17647058823529413,0.06918238993710692,6.967670011148275,-3.344481605351171,8.289148108872393,2.8842948717948644,3.319999999999993,11.858974358974358,0.0
2023,673548,0.21359223300970873,0.33125,-19.77848101265823,-7.805907172995779,-7.201309328968904,2.497124370956115,4.450000000000003,4.9604601006470155,0.0
2023,493329,0.32954545454545453,0.25311203319502074,-6.73854447439353,2.8032345013477094,0.8333333333333339,-5.667595989239416,2.8600000000000136,-3.8640254340914666,0.0
2023,677649,0.25,0.19174041297935104,-16.666666666666664,1.4285714285714286,-2.1545667447306798,3.987304800462695,5.239999999999995,10.381723539618278,3.296703296703297
2023,624413,0.36942675159235666,0.3253493013972056,5.193747964832301,-1.2373819602735274,6.393747197129862,-1.193833600856081,-1.8499999999999943,0.4815409309791292,-0.9229534510433393
2023,624414,0.17721518987341772,0.16535433070866143,-9.143686502177067,3.918722786647315,-5.870445344129557,2.9721058055650786,4.900000000000006,14.153211954654761,4.878048780487805
2023,624415,-0.08064516129032258,0.2572463768115942,11.494252873563227,-9.090909090909092,5.370843989769817,0.41861471861473376,9.939999999999998,15.909090909090908,7.142857142857142
2023,624424,0.12903225806451613,0.27167630057803466,-3.906457613606161,-5.713526441668881,2.646351242983158,-3.3906704172526645,-2.269999999999996,-3.633380215658697,-3.7037037037037033
2023,624428,0.3305785123966942,0.27245508982035926,1.830601092896174,-1.44808743169399,0.8928571428571423,-2.7744434137291307,-3.4399999999999977,-8.024118738404454,-2.0408163265306123
2023,667452,0.09183673469387756,0.19555555555555557,-15.416666666666671,2.0,-4.925137903861309,-4.391687831909479,-7.400000000000006,-14.246132532902333,-3.278688524590164
2023,595777,0.22297297297297297,0.2734584450402145,-1.6694184553292963,6.494221243808477,-6.460730870179688,-1.497227191413259,1.4500000000000028,-7.324587557145694,-1.4708805406479826
2023,608070,0.4049079754601227,0.42613636363636365,-8.69630973986691,-4.582577132486389,0.2213836477987421,1.8988534107402018,1.3399999999999892,-0.5805515239477508,-1.5384615384615385
2023,573262,0.3137254901960784,0.22939068100358423,-2.4107142857142847,1.9642857142857144,-0.3531073446327646,1.4422575516693144,-3.719999999999999,-7.440381558028612,0.3497615262321143
2023,446334,0.19480519480519481,0.15,9.48509485094851,-3.4552845528455274,6.956892872385833,-1.706382978723397,0.6800000000000068,-4.255319148936174,6.382978723404255
2023,624512,0.109375,0.13380281690140844,0.588235294117645,3.725490196078432,5.303837953091687,-2.933224222585949,-9.019999999999996,-17.839607201309327,-2.127659574468085
2023,661388,0.3050847457627119,0.3103448275862069,4.659188955996548,-4.342824273799254,6.930091185410333,2.2330000000000183,6.429999999999978,9.666666666666664,1.6666666666666667
2023,665489,0.4430379746835443,0.3301526717557252,3.649870801033593,-2.131782945736436,0.8326530612244873,-2.009389233954437,0.3999999999999915,-4.265010351966879,-0.8178053830227745
2023,663457,0.3269230769230769,0.2957393483709273,-0.7514761137949577,-29.898013955984972,-16.39784946236559,-7.532222222222217,-6.030000000000001,-6.324786324786327,1.1111111111111112
2023,606115,0.32786885245901637,0.2648305084745763,16.363636363636367,-8.0,11.295681063122927,0.43738095238094843,-7.179999999999993,-3.095238095238095,0.0
2023,595879,0.2517985611510791,0.09558823529411764,-3.624689312344657,-3.1275890637945327,-0.875420875420879,2.453172633817772,4.939999999999998,7.042419945645754,0.0
2023,606132,0.21818181818181817,0.14035087719298245,-13.037634408602152,-2.82258064516129,-5.7692307692307665,4.741150828247598,2.480000000000004,8.718395815170009,-3.225806451612903
2023,595909,0.15714285714285714,0.10526315789473684,10.87962962962963,-3.0092592592592595,-1.9883040935672511,-6.048043818466354,-6.449999999999989,-11.345852895148669,-2.8169014084507045
2023,622534,0.28,0.23728813559322035,-2.435064935064938,8.279220779220779,6.27272727272727,7.226848484848503,2.319999999999993,10.090909090909086,-2.666666666666667
2023,624585,0.2808219178082192,0.34101382488479265,12.01587001700359,-1.3602871717362541,-2.578616352201255,-7.315466783728425,-4.409999999999997,-15.32045654082528,-4.009364940005852
2023,606192,0.07792207792207792,0.18129770992366412,13.141891891891898,4.155405405405405,10.447593342330187,-0.4343721770550957,-4.280000000000001,3.387533875338754,-0.3387533875338753
2023,663538,0.3312883435582822,0.3110687022900763,6.007226738934058,-1.2947907256850346,0.7248728767716113,-1.5213930348258486,-1.6499999999999915,-3.848405033655254,1.4925373134328357
2023,602104,0.20535714285714285,0.1619718309859155,-4.5730732331307955,0.7355292612727862,-8.35172109443954,2.4516462388848765,-0.8800000000000097,8.099014659937517,2.73972602739726
2023,671739,0.22413793103448276,0.3264033264033264,-1.8181818181818166,4.121212121212121,5.736636245110823,-0.11621621621618772,-1.2199999999999989,2.7027027027027053,0.0
2024,666624,0.26143790849673204,0.12445414847161572,5.641025641025639,9.999999999999996,8.409279204639603,-0.6028510079923706,0.5999999999999943,5.022068471907435,2.6243588214243108
2024,656896,0.09523809523809523,0.20642201834862386,15.204678362573098,-4.093567251461988,0.5968529571351091,1.4290043290043002,3.529999999999987,4.978354978354982,1.5151515151515151
2024,683011,0.2469879518072289,0.15487571701720843,6.416412047140987,-2.313400261894369,10.800921534083209,-2.716403162055343,-3.1699999999999875,-9.644268774703555,0.07905138339920947
2024,669701,0.3409090909090909,0.22608695652173913,16.36363636363636,-0.5194805194805188,11.532531606537157,-0.9204968944099363,-1.5999999999999943,0.08469791078486466,-0.2117447769621683
2024,500743,0.40625,0.336996336996337,-12.753036437246964,9.311740890688258,-11.111111111111114,1.103571428571442,-1.6700000000000017,-6.349206349206348,1.8518518518518516
2024,553993,0.12751677852348994,0.2673469387755102,0.5050505050505087,-0.9379509379509372,-3.253404725875921,0.33499469777306956,0.5499999999999972,2.5185577942735975,0.13255567338282082
2024,681481,0.27350427350427353,0.4134078212290503,4.245283018867923,0.5896226415094334,-8.914728682170544,-2.8032085561496984,-2.4000000000000057,-7.486631016042782,-3.101604278074866
2024,669707,0.10294117647058823,0.12580645161290321,-4.022613611654709,0.15220700152207023,-4.389671361502344,-0.3593841642228739,-2.6299999999999955,-1.1730205278592365,0.061094819159335234
2024,543760,0.37222222222222223,0.27695167286245354,6.859473489061923,-7.119021134593994,2.6505513146734536,-0.05251252878233004,0.45999999999999375,3.6570499796830553,1.9639712853853448
2024,676369,0.10185185185185185,0.20491803278688525,-5.0793650793650755,-1.2698412698412689,-9.145191703331239,-6.218149146451026,-6.140000000000001,-13.17759808325846,-3.1746031746031744
2024,680977,0.2974683544303797,0.3582995951417004,-4.011553273427472,-5.808729139922978,-0.28085735402808787,1.524018838304542,0.9000000000000057,0.0,-0.8634222919937202
2024,672275,0.27472527472527475,0.1400560224089636,-3.5294117647058805,-4.26470588235294,0.5079934259674275,2.1637971014492763,3.549999999999997,5.362318840579707,4.0
2024,593428,0.1337579617834395,0.30067567567567566,11.21389159363843,-3.911067835118468,9.85691573926868,2.253903521193223,0.3400000000000176,2.6054941942792382,-0.07552157084867384
2024,667670,0.3425925925925926,0.3102766798418972,-25.638877251780478,12.35860913280268,-16.246590289143484,4.1472140762463425,2.3799999999999955,0.6842619745845546,-3.910068426197458
2024,666134,-0.019417475728155338,0.15463917525773196,-10.461538461538463,-6.2564102564102555,-7.505910165484632,1.2596153846153868,-5.63000000000001,-1.9230769230769234,0.0
2024,669720,-0.02,0.25365853658536586,-25.0,9.848484848484848,-31.88405797101449,1.657073170731735,-2.8800000000000097,5.609756097560975,0.0
2024,672279,0.06666666666666667,0.04744525547445255,-10.0,5.0,2.388059701492537,3.617191489361687,2.980000000000004,12.76595744680851,0.0
2024,543257,0.12643678160919541,0.17088607594936708,-0.6349206349206362,-10.476190476190476,-1.8068887634105018,-1.0561813186813254,0.18000000000000682,0.41208791208790885,0.0
2024,672284,0.0963855421686747,0.14520547945205478,-4.883720930232556,-4.302325581395349,-12.113402061855673,1.076319493314557,-0.4399999999999977,4.433497536945811,-1.7241379310344827
2024,656413,0.07792207792207792,0.20512820512820512,9.047619047619051,-3.8095238095238093,9.89537925021796,-4.634344100197751,0.3400000000000034,0.461437046802903,-2.4390243902439024
2024,457759,0.32061068702290074,0.27205882352941174,1.7948717948717992,-9.02097902097902,-1.9570905285190996,-0.7453037195611358,-3.0,-2.0515565070020543,0.8117027919008117
2024,663586,0.21568627450980393,0.27531645569620256,-0.46232876712328874,3.33904109589041,4.1250480215136385,-1.9168686868686962,0.9399999999999977,-3.5353535353535364,-1.0101010101010102
2024,519203,0.2709677419354839,0.19090909090909092,-2.2423025435073605,-0.28447121820615706,0.07827788649706591,-0.467067682187988,2.8900000000000006,-2.232992902890775,1.8867924528301887
2024,518692,0.38650306748466257,0.3879310344827586,-3.492923818127071,2.604637157482685,2.011620917651772,1.458760683760687,-0.9500000000000028,5.619658119658119,-0.8333333333333334
2024,668709,0.2945205479452055,0.30443548387096775,-4.109589041095891,13.6986301369863,-3.1339031339031287,1.4600854700854882,2.299999999999997,8.974358974358974,1.4529914529914527
2024,666150,0.030303030303030304,0.06285714285714286,10.159651669085637,2.031930333817126,-5.0,-2.4056390977443556,-3.4599999999999937,-9.11654135338346,-1.7857142857142856
2024,676391,0.35384615384615387,0.3281653746770026,-3.2091097308488603,8.695652173913043,-4.949170679507761,-6.420317460317463,2.249999999999986,5.317460317460318,1.349206349206349
2024,669004,0.14285714285714285,0.21987951807228914,5.946255002858777,-10.234419668381932,-5.357142857142854,-2.785975308641966,-0.7000000000000028,-4.592592592592588,0.1975308641975313
2024,669222,0.1875,0.1657754010695187,8.82352941176471,1.9607843137254903,3.5714285714285694,-3.0823809523809444,3.460000000000008,-5.0,1.4285714285714286
2024,669224,0.29333333333333333,0.2448377581120944,-3.571428571428571,-0.35714285714285765,8.131302295644709,4.822256097560995,1.5999999999999943,4.094076655052266,-1.1324041811846688
2024,668715,0.31125827814569534,0.2514851485148515,4.210526315789474,-1.1578947368421044,3.0916451969083543,-3.188000726678169,-4.099999999999994,-14.46997910800254,-0.14533563448087916
2024,656941,0.1534090909090909,0.31976744186046513,5.020703933747409,3.3126293995859246,-1.9148936170212778,0.5722741055184741,-2.5600000000000023,-6.57368101879927,1.9163129169193451
2024,666158,0.08045977011494253,0.24615384615384617,-11.217948717948719,1.9230769230769234,-10.414657666345224,1.3491525423728774,0.01999999999998181,-0.9970089730807565,3.9215686274509802
2024,671277,0.34782608695652173,0.29782082324455206,-1.12598904443092,7.516737674984783,-2.408163265306122,1.3352062588904658,0.6200000000000045,-2.133712660028447,-2.7027027027027026
2024,641584,0.2631578947368421,0.24183006535947713,0.43478260869565233,10.144927536231883,1.1730205278592365,-3.161303191489367,-8.570000000000007,-7.11436170212766,0.0
2024,666160,0.06976744186046512,0.16265060240963855,-1.2987012987012996,-7.25108225108225,3.404160640783182,4.836999068033521,4.539999999999992,6.477166821994409,1.3513513513513513
2024,676914,0.2978723404255319,0.044444444444444446,-6.626783248964561,9.664058904739992,-6.078431372549023,-0.20086580086581307,1.009999999999991,1.2987012987012996,-2.272727272727273
2024,596019,0.2830188679245283,0.38095238095238093,11.033386327503974,-5.1828298887122415,6.882666049525572,-1.0160869184263532,1.2199999999999989,4.354683255936216,-1.5596249890475775
2024,666163,0.22972972972972974,0.08267716535433071,8.552138034508626,-7.7269317329332345,14.079254079254081,1.7720364741641248,-2.4000000000000057,-10.820668693009116,0.0
2024,677942,0.325,0.0,-8.439897698209716,8.95140664961637,-0.7872503840245777,5.493406593406576,-1.1200000000000045,8.18070818070818,0.9768009768009767
2024,571448,0.2857142857142857,0.29313929313929316,1.6235413495687467,12.599357348215795,2.202839498312855,-1.004557854057765,-0.9399999999999977,-3.625824050920663,1.2048192771084338
2024,671289,0.226890756302521,0.2765151515151515,-8.376068376068375,7.065527065527067,-3.051126992853213,4.137037037037032,0.7000000000000028,1.2345679012345663,-2.4691358024691357
2024,545341,0.2909090909090909,0.42410714285714285,1.5915119363395238,4.244031830238727,6.264945002391203,0.2562657695542754,-0.38000000000000966,-8.578637510513033,-4.878048780487805
2024,641598,0.12903225806451613,0.11764705882352941,7.708333333333332,-0.7291666666666661,0.7923033389926388,-0.9202104232933834,0.29999999999999716,-0.5627599706386093,1.4925373134328357
2024,677951,0.44242424242424244,0.47794117647058826,-11.50793650793651,6.393298059964727,-12.290976058931864,-1.7008670911800579,-4.290000000000006,-7.16027638531364,-5.737704918032787
2024,663616,0.4107142857142857,0.24709302325581395,3.3333333333333357,10.0,-16.10671936758893,-1.102688172043031,,3.7634408602150557,3.225806451612903
2024,666176,0.3,0.1440443213296399,-2.4193548387096797,2.880184331797235,-2.001096491228072,1.0098701298701513,-4.239999999999995,-0.31746031746031633,2.5974025974025974
2024,571970,0.34615384615384615,0.2894736842105263,-15.158749104798279,7.089997612795415,-8.915417830835665,4.50775391336002,0.8599999999999852,3.0214779759737844,2.9850746268656714
2024,592450,0.2982456140350877,0.5853658536585366,2.710843373493976,-3.72398685651698,4.6566121336059965,-0.3743351063829863,-1.8500000000000085,2.482269503546096,2.0611702127659575
2024,608324,0.20422535211267606,0.40040650406504064,-1.0714285714285712,-2.5396825396825395,-8.87935883014623,-5.782735613010871,-3.8400000000000034,-12.333194328607174,0.6984987489574646
2024,668227,0.08441558441558442,0.2550607287449393,8.84388185654008,7.18987341772152,5.715460526315788,-5.29875265768959,-7.499999999999972,-15.97448618001417,-0.028348688873139682
2024,666181,0.03875968992248062,0.04633204633204633,13.064594463331716,-8.912093249150074,6.822565091610414,-3.0615268817204253,-2.8400000000000176,-0.8602150537634436,0.27956989247311803
2024,666182,0.15492957746478872,0.19072164948453607,2.782193958664548,-3.6963434022257555,-1.3890271831126153,4.208634020618547,-1.4200000000000017,14.48936855670103,-0.78125
2024,663624,0.2887323943661972,0.20273972602739726,14.722222222222221,-5.436507936507938,-1.6315195695565379,-1.633596118859927,-6.440000000000012,-6.636056484449451,-1.4121112362470762
2024,608841,0.14184397163120568,0.16279069767441862,-6.3114754098360635,-2.336065573770492,-5.37933483252456,1.6804892425581954,1.7999999999999972,2.91777188328912,2.564102564102564
2024,665161,0.36054421768707484,0.22266401590457258,0.8094879518072275,1.0730421686746991,3.9473684210526336,-1.3066339066339054,0.20999999999999375,2.014742014742019,0.44226044226044225
2024,669257,0.3969465648854962,0.25870646766169153,-6.317016317016318,5.967365967365967,4.362990260594891,4.877072192513381,5.079999999999998,25.066844919786096,1.2923351158645278
2024,686668,0.15,0.2526997840172786,0.5733005733005747,-0.8599508599508594,7.012550135851985,1.4773429951690815,-1.9399999999999977,0.19323671497584982,4.3478260869565215
2024,669261,0.14166666666666666,0.07643312101910828,9.997183891861447,-4.393128696141931,5.72680077871512,4.5807766990291015,2.3799999999999955,8.439133681852127,0.0
2024,608336,-0.03296703296703297,0.07100591715976332,20.102339181286546,5.774853801169588,8.87677208287895,-4.2530208333333235,-8.150000000000006,-10.104166666666666,5.104166666666667
2024,686676,0.2857142857142857,0.018518518518518517,1.157981803143091,-1.3234077750206783,0.7102272727272698,2.162418604651151,2.030000000000001,-3.581395348837212,1.6744186046511627
2024,642133,0.08490566037735849,0.27070063694267515,-5.842048323115758,-3.786512802019475,-1.053013798111838,0.6647089947089739,3.950000000000003,3.9153439153439145,-1.0052910052910056
2024,608348,0.09523809523809523,0.3,6.481481481481477,5.555555555555555,-4.056795131845842,-3.876923076923063,-0.2300000000000182,-15.598290598290596,0.0
2024,650333,0.35294117647058826,0.3844621513944223,-4.5404208194905875,-5.758582502768549,1.8865248226950344,3.0404336043360445,2.9799999999999898,8.184281842818429,1.6260162601626018
2024,663647,0.22818791946308725,0.09716599190283401,-0.7414104882459309,-10.904159132007234,-6.3317498535823535,0.3061407204550193,-1.2099999999999937,-4.813566463029279,0.0
2024,646240,0.3448275862068966,0.31752577319587627,10.344827586206893,-1.724137931034484,2.0393120393120334,2.5842376801280835,-0.04000000000000625,5.675146771037184,-3.8249421811065645
2024,542303,0.4861111111111111,0.31588785046728973,6.997480131808487,8.625702655553402,1.5809097688292297,-2.8159310344827446,-1.3900000000000006,-8.114942528735629,-3.7011494252873565
2024,701538,0.265625,0.37636761487964987,2.492668621700881,-8.895405669599217,3.0459770114942533,1.1130735018726483,0.8199999999999932,7.420411985018731,1.2055243445692887
2024,663656,0.46875,0.5027932960893855,1.342710997442456,0.9590792838874656,-1.928571428571427,-1.348501699104105,2.240000000000009,-2.358150550921632,-1.513747296879827
2024,669289,0.11827956989247312,0.2953020134228188,7.046332046332047,-5.453667953667954,6.4393939393939394,-0.6283333333333445,-0.5699999999999932,3.75,0.0
2024,679529,0.14473684210526316,0.16593886462882096,2.9560076508433326,-4.242740392975134,1.622840796567278,1.717161916312918,2.5,7.616737416616132,0.0
2024,650859,0.3434343434343434,0.2926829268292683,-4.1837571780147655,7.260049220672683,-0.06127450980392268,-2.41525553012967,1.7199999999999989,0.896262395118228,0.0
2024,694384,0.23015873015873015,0.2765072765072765,-12.373225152129818,-7.910750507099391,-5.979492714516999,-0.4799481417459077,-0.3400000000000034,-0.8988764044943842,-1.5384615384615385
2024,608369,0.1935483870967742,0.4576719576719577,3.0738389575676592,-6.231206147677915,2.9177003559486536,-0.42774062816616265,1.2800000000000011,2.310030395136774,0.0
2024,570482,0.1724137931034483,0.24556962025316456,-19.230769230769234,-1.9230769230769231,-9.183673469387756,-1.5059701492537272,,-17.91044776119403,0.0
2024,679032,0.15454545454545454,0.15810276679841898,8.308408109006312,-4.453306746427384,2.5806451612903203,5.060267857142861,9.810000000000002,16.294642857142858,1.5625
2024,678009,-0.047058823529411764,0.3333333333333333,3.3034714445688635,-9.126539753639417,-9.681391411420659,0.40829059829059133,1.1599999999999966,2.6923076923076934,2.2222222222222223
2024,681082,0.28125,0.24153498871331827,3.25422069977979,4.306337166625887,-6.856856856856856,-0.7633920296570977,2.9200000000000017,-1.1584800741427266,-1.35928328699413
2024,662139,0.272,0.17525773195876287,3.6116803278688536,4.226434426229508,0.5357142857142847,-2.6991335044929343,-2.769999999999996,-4.364569961489092,0.0962772785622592
2024,676475,0.2247191011235955,0.34189723320158105,3.1344792719919106,1.8705763397371076,-1.518518518518519,-2.8690985015966533,-0.6799999999999926,0.41758781626136354,2.898550724637681
2024,669304,0.32894736842105265,0.311614730878187,-9.977324263038549,0.3779289493575213,4.3522267206477725,-3.4961195361284894,0.0799999999999983,-3.3452274754683273,-2.631578947368421
2024,608385,0.2857142857142857,0.2742382271468144,7.6693968726731185,-1.8428890543559202,7.421034756028529,2.047959183673484,-0.5200000000000102,-3.4013605442176846,-1.3605442176870748
2024,672386,0.2235294117647059,0.2956810631229236,-2.254098360655737,-4.781420765027324,-3.3699633699633704,3.126250000000013,3.6700000000000017,7.5,3.125
2024,682626,0.1694915254237288,0.2078853046594982,-24.137931034482758,-6.896551724137931,-28.82882882882883,-32.581159420289836,,-23.18840579710145,
2024,668804,0.26785714285714285,0.2748091603053435,2.9059829059829063,-2.9059829059829045,7.168960072185875,3.280421878312495,3.3400000000000034,5.628577485690055,0.18019927920288326
2024,543877,-0.039473684210526314,0.19246861924686193,13.671599718111345,-0.7047216349541929,8.602150537634405,1.3427272727272879,-2.280000000000001,-7.27272727272727,-2.272727272727273
2024,592518,0.17857142857142858,0.34685598377281945,-4.2485732403297405,-5.474529697738321,2.483660130718956,2.4480607966457058,0.5099999999999909,6.865828092243184,0.890985324947589
2024,573262,0.10112359550561797,0.2545454545454545,3.23076923076923,-10.82051282051282,2.191544434857633,6.688341543513943,5.570000000000007,20.197044334975374,1.7241379310344827
2024,647304,0.46938775510204084,0.3045267489711934,2.5546094039244736,-0.14809329877822996,1.636444051304732,-2.820359848484827,-1.5700000000000074,-7.859848484848481,-3.5037878787878793
2024,686217,0.15942028985507245,0.26424870466321243,-1.0101010101010104,2.2727272727272734,4.584670947030499,4.154972513743132,3.1199999999999903,4.197901049475263,2.898550724637681
2024,665742,0.5114942528735632,0.46938775510204084,2.0634920634920633,-10.476190476190476,-1.6626933186625088,3.0673364075537677,1.9499999999999886,6.181379007465964,1.2406675450153708
2024,641680,0.26356589147286824,0.16574585635359115,-4.35096153846154,7.836538461538462,-0.13533464566929254,0.8044018817204375,-0.37000000000000455,3.49462365591398,1.0080645161290318
2024,643217,0.1044776119402985,0.3118556701030928,5.970149253731343,-4.477611940298507,2.2408963585434165,2.922291993720563,2.0900000000000034,2.904238618524335,1.9623233908948192
2024,663697,0.23134328358208955,0.2948207171314741,-6.973532796317608,-7.364787111622553,5.00965458056211,2.159900534168358,-2.1599999999999966,-1.0683367102597146,-1.1235955056179776
2024,657041,0.10416666666666667,0.2152777777777778,5.0,5.0,13.728632478632479,-5.005480140774253,-4.3799999999999955,-12.166918049270992,-1.7094017094017095
2024,642708,0.2777777777777778,0.1409090909090909,4.351125727295724,1.2901593726283833,7.475000000000001,0.840143291359098,-1.7000000000000028,-5.340859748154578,0.04342162396873639
2024,657557,0.12745098039215685,0.1394736842105263,-2.9588164734106357,0.8396641343462616,-0.18603209053561898,0.9401353120908169,-3.5500000000000114,-3.077258838934963,-3.4482758620689653
2024,665750,0.25735294117647056,0.1628498727735369,7.792207792207792,3.8528138528138527,0.7754342431761785,-0.47504520795659744,-1.4599999999999937,1.391014049241896,-1.2658227848101267
2024,519317,0.17293233082706766,0.22085889570552147,3.968253968253972,2.2222222222222223,4.691601049868769,2.695054347826087,6.210000000000008,8.731884057971012,-4.800724637681159
2024,650391,0.18181818181818182,0.18,1.5189873417721529,-9.936708860759493,-4.054054054054056,2.9090209020902194,4.679999999999993,5.757242390905759,-2.713604693802713
2024,664728,0.20535714285714285,0.19745222929936307,-0.03197953309881996,3.1979533098816764,0.19201228878648458,3.831942028985523,-1.6800000000000068,13.333333333333329,1.4492753623188406
2024,681624,0.2823529411764706,0.1871508379888268,-35.34798534798534,1.282051282051282,-5.50314465408805,4.81086206896552,16.580000000000013,15.0,0.8620689655172413
2024,642715,0.31875,0.2518939393939394,2.5098039215686256,-3.9215686274509807,0.7168458781362013,3.742089864158814,1.5999999999999943,6.050156739811911,-2.539184952978056
2024,608070,0.3584905660377358,0.47609942638623326,-2.8376664552948654,6.800887761572605,0.5306356174842541,1.2511478690840647,1.3900000000000148,-3.3141040734636285,-2.1132564162938543
2024,645277,0.3220338983050847,0.2662337662337662,7.97619047619048,-0.8928571428571423,7.12884238064094,3.3606060606060595,-2.0,-7.070707070707069,-3.0303030303030303
2024,687263,0.1417910447761194,0.2905982905982906,0.6684491978609657,-7.620320855614974,3.5967578520769976,1.4775151749967534,0.839999999999975,2.983339790778764,3.3707865168539324
2024,650402,0.10625,0.2718253968253968,-0.2828409805153953,-4.871150219987428,-1.9261831691164595,-1.3649124270225172,-2.230000000000004,-4.4203502919099265,-0.9090909090909091
2024,660644,0.36619718309859156,0.13526570048309178,-7.5139146567717985,-0.9276437847866426,-2.558139534883722,0.6856876456876222,2.1200000000000045,1.771561771561771,0.0
2024,622761,0.1875,0.19444444444444445,-7.72727272727273,1.8181818181818175,7.0588235294117645,6.561559139784947,4.720000000000013,5.43010752688172,1.6666666666666667
2024,656555,0.302158273381295,0.15079365079365079,-0.6641760066417604,0.35284350352843497,-4.529914529914528,-1.1231854246253334,-1.8999999999999915,-3.320599471054951,-3.5850719952982666
2024,642731,0.2152777777777778,0.13924050632911392,-11.312741312741315,0.15444015444015458,-12.2,2.0908496732026407,1.0899999999999892,6.209150326797385,-1.3725490196078434
2024,669357,0.048,0.08664259927797834,-3.762586115527295,1.695813460519343,-2.8846153846153797,0.8111949685534796,0.5799999999999983,1.8658280922431878,-2.2222222222222223
2024,596142,0.42857142857142855,0.1152073732718894,2.421052631578945,6.526315789473683,2.5,7.8871929824561136,3.1899999999999977,6.84210526315789,2.631578947368421
2024,516782,0.20689655172413793,0.21818181818181817,0.27100271002709775,-2.555168408826945,5.065359477124186,-1.0104320337197095,1.6200000000000045,5.5453108535300295,0.4083245521601685
2024,663728,0.1875,0.228,4.673354538781499,-2.6669929043308063,7.7519379844961165,2.6901172256593924,0.1799999999999926,21.703028329534355,1.4978834255942688
2024,664238,0.17894736842105263,0.1791907514450867,5.9090909090909065,-1.5909090909090917,8.126984126984128,1.3120355668466175,4.280000000000001,7.939028262940617,-2.127659574468085
2024,596146,0.3974358974358974,0.17445482866043613,-19.799498746867165,7.518796992481202,-15.75510204081633,6.69511754068715,6.940000000000012,16.419529837251353,1.2658227848101267
2024,657077,0.3972602739726027,0.2063157894736842,-1.6939582156973465,-2.8420854507811004,1.5889905653685172,4.2020720720720846,4.5,17.807807807807805,1.1111111111111112
2024,647351,0.3208955223880597,0.16521739130434782,-6.766917293233082,-3.1214399635452263,-1.628232005590494,3.1777943739108707,0.8599999999999994,6.3231267114762275,1.9417475728155338
2024,664761,0.44,0.31140350877192985,-10.158334815869061,-9.873687955879737,1.8327450448004345,8.05110725141121,1.4899999999999949,18.866695614415974,3.234910985670864
2024,527038,0.2524271844660194,0.2302158273381295,-0.6792452830188669,3.320754716981133,-3.941692696712776,-1.098530020703933,1.6400000000000006,8.34368530020704,-1.4492753623188406
2024,663743,0.10810810810810811,0.24521072796934865,12.234432234432234,-5.714285714285714,8.371119637251482,2.4834853090172118,3.7299999999999898,6.737588652482273,0.0
2024,666310,0.0,0.11538461538461539,-3.167420814479641,-11.425339366515836,-2.669610598153355,0.8794871794871852,2.280000000000001,2.8205128205128247,-0.1282051282051282
2024,656582,0.3225806451612903,0.1815068493150685,8.508403361344538,-7.878151260504203,5.9147869674185465,4.91237928007024,0.46000000000000796,8.35820895522388,1.8086040386303772
2024,664774,0.27358490566037735,0.24745762711864408,-3.7735849056603783,9.433962264150942,-6.315077755240029,-2.164301443601687,-4.02000000000001,-11.304135062392955,-0.14680694886224632
2024,665804,0.13253012048192772,0.25357142857142856,7.857142857142858,7.55952380952381,2.9858299595141737,-7.481854256854277,-3.219999999999999,-15.043290043290039,-2.272727272727273
2024,660688,0.13580246913580246,0.2995049504950495,-1.939924906132667,-3.754693366708385,-0.18148820326678639,-0.3347129116875749,-5.160000000000011,-13.20314777032935,-0.757796560769455
2024,669394,0.15789473684210525,0.24652087475149106,21.35416666666667,-7.8125,-6.923076923076923,-5.336766917293247,-4.040000000000006,-3.684210526315791,-1.4285714285714286
2024,673490,0.27564102564102566,0.28618421052631576,3.5526315789473664,-1.907894736842108,4.274084124830393,-2.890031397174269,-1.8700000000000045,-2.747252747252748,-0.07849293563579285
2024,677587,0.2,0.18322981366459629,4.845446950710107,8.85547201336675,4.275862068965516,-1.447407407407411,0.9599999999999937,0.14814814814814703,2.4691358024691357
2024,668885,0.2361111111111111,0.21621621621621623,5.555555555555557,0.0,-4.838709677419356,-2.6180408163265128,2.829999999999984,4.36734693877551,0.0
2024,683734,0.04225352112676056,0.2830188679245283,-0.6746031746031775,-1.2301587301587302,-3.6467236467236432,1.1976332775520007,-2.4299999999999926,1.3746115228305058,-1.0638297872340425
2024,643289,0.38271604938271603,0.2219020172910663,-1.1111111111111116,-4.444444444444445,6.190637720488466,-0.19702765572498038,-3.799999999999997,-6.823468596536571,0.0
2024,683737,0.17266187050359713,0.23130841121495327,14.886128364389233,-11.407867494824016,9.310689310689309,-4.4252766166707715,-4.319999999999993,-13.277600196705187,-1.671994098844357
2024,676059,0.3284671532846715,0.2806451612903226,2.0255863539445613,-1.6844349680170572,-9.710743801652896,-1.1604390681003736,-1.0800000000000125,-23.879928315412183,-2.0161290322580636
2024,677594,0.08280254777070063,0.23464912280701755,-13.09639727361246,1.2009087958455051,-9.042809042809044,1.5438383838383771,1.2600000000000051,11.414141414141412,-1.1111111111111112
2024,660707,0.12605042016806722,0.1328125,3.423882286361067,-0.5659309564233164,2.941176470588239,3.034192740926173,3.450000000000003,3.1789737171464303,0.0
2024,665828,0.2440944881889764,0.18592964824120603,-0.4228855721393039,-0.6965174129353242,3.497133497133495,-1.538189182127013,-0.9899999999999949,-0.6663182649595001,0.0
2024,686823,0.3055555555555556,0.2816326530612245,-5.555555555555554,-3.7037037037037033,3.6614645858343344,7.25964285714285,0.3399999999999892,11.964285714285715,0.0
2024,665833,0.08333333333333333,0.22857142857142856,-10.934744268077601,2.9982363315696645,-6.107142857142854,-2.387500000000003,1.8900000000000006,-3.246753246753247,-0.9740259740259742
2024,572138,0.2692307692307692,0.15902140672782875,-13.492063492063494,3.174603174603174,1.875,-0.23662280701752536,-1.0999999999999943,4.934210526315791,2.083333333333333
2024,658668,0.26136363636363635,0.14814814814814814,-5.023547880690737,-3.0350601779173214,0.0,-0.31426484907497354,-12.91000000000001,-11.903602726387536,-3.79746835443038
2024,665839,-0.02040816326530612,0.312,-1.9360269360269342,-3.2828282828282824,-2.0868020868020913,0.30802139037434983,4.61999999999999,11.31907308377897,-2.941176470588235
2024,657136,0.3793103448275862,0.2,-6.483516483516478,3.8461538461538463,-3.1845238095238066,-4.298550724637693,-0.8000000000000114,-10.079051383399207,0.0
2024,592626,0.37254901960784315,0.34293948126801155,31.75465838509317,-10.636645962732919,15.368878660017902,-0.2371212121211954,0.8100000000000023,-3.0303030303030383,0.1515151515151516
2024,657656,-0.013513513513513514,0.2079646017699115,20.454545454545453,-4.696969696969696,17.461430575035063,-1.3388392857143003,3.180000000000007,-1.9345238095238066,3.125
2024,650489,0.23134328358208955,0.21157684630738524,-24.908424908424905,-6.868131868131867,-9.720267912421907,0.9215132408574931,-0.8100000000000023,6.645649432534679,-0.7187894073139975
2024,650490,0.18404907975460122,0.3544857768052516,0.5873493975903603,-0.9789156626506017,-2.0721868365180462,-0.13189624329157823,0.39000000000000057,-3.6732259988073963,0.0
2024,680700,0.24752475247524752,0.19534883720930232,0.7974481658692198,1.6347687400318964,12.280701754385962,2.047046087225496,0.9399999999999977,4.330343334364365,-0.2474481905351067
2024,676609,0.183206106870229,0.09090909090909091,0.6077606358111289,7.082748948106591,-0.07874015748031127,-4.625167336010733,-3.0800000000000125,-17.551688234419156,-0.029748624126133993
2024,606466,0.36585365853658536,0.4439140811455847,10.882221227048813,-1.403194506642782,1.1425283577182306,-1.282928134556542,-4.010000000000005,-6.727828746177362,-1.5825688073394495
2024,672515,0.28846153846153844,0.3117408906882591,10.592592592592593,-6.814814814814813,3.7342596613113326,2.1126119172584197,3.489999999999995,11.94813213954924,-1.2195121951219512
2024,668930,0.35877862595419846,0.19467213114754098,-2.323943661971832,6.009389671361501,-1.132583557738002,1.241480017566957,2.0700000000000074,8.091787439613526,1.0101010101010102
2024,602104,0.16363636363636364,0.32113821138211385,-2.666666666666666,-4.0,-10.886927280369902,2.6705531914893754,-0.46000000000000796,0.7659574468085104,-4.0
2024,665862,0.21153846153846154,0.25161290322580643,-5.777777777777782,-5.925925925925927,2.096575277487908,-1.8021353065538932,0.3299999999999983,4.778012684989431,-0.2536997885835096
2024,678662,0.09210526315789473,0.22099447513812154,0.6944444444444429,-2.083333333333334,1.0165294016011046,-5.053761808367057,-4.039999999999992,-11.842105263157896,-0.9615384615384616
2024,593160,0.3125,0.2140221402214022,-0.5865102639296182,-0.3910068426197455,0.6147540983606561,5.345098039215685,4.299999999999997,7.84313725490196,0.0
2024,571657,0.14666666666666667,0.24550898203592814,3.200568990042676,-7.681365576102417,5.53846153846154,3.8358333333333263,2.8499999999999943,4.583333333333334,0.0
2024,668939,0.310126582278481,0.27291666666666664,6.701940035273367,-5.323071989738656,2.85894660894661,0.8173531777956384,0.7600000000000051,6.331456154465002,-0.9332260659694287
2024,668942,0.40594059405940597,0.112,-0.20678246484698093,1.0339123242349046,-4.905239687848384,-0.045243282498176995,1.8000000000000114,3.8489469862018844,-1.9607843137254901
2024,677649,0.1044776119402985,0.14678899082568808,-11.200716845878137,-4.659498207885305,-2.8534649216906196,-0.24442307692306997,1.3500000000000085,-3.846153846153843,0.0
2024,543510,0.13793103448275862,0.19428571428571428,8.242424242424242,0.0,3.8827838827838868,-2.3561290322580675,2.6400000000000006,3.0824372759856615,2.2222222222222223
2024,592663,0.22058823529411764,0.22743682310469315,-9.64247020585049,0.8884073672806068,-11.048613901165124,2.5493535235876976,0.6199999999999903,3.6342457775189274,1.7938264414676761
2024,663837,0.24074074074074073,0.25272331154684097,-14.847942754919496,0.7513416815742398,-2.882716861919178,1.6988372093022974,-2.200000000000003,-4.2358803986711,2.3255813953488373
2024,592669,0.13761467889908258,0.2857142857142857,-15.464959568733152,-1.381401617250674,-4.865196078431374,2.705354181473581,0.2600000000000051,-1.6583747927031496,1.5873015873015872
2024,666397,0.18045112781954886,-0.02976190476190476,-7.065217391304344,6.453804347826086,4.021345530779495,3.26920554854982,1.4399999999999977,7.8688524590163915,-2.976040353089534
2024,572191,-0.052083333333333336,0.0049261083743842365,-3.9215686274509878,3.006535947712419,-1.6446632356231845,-2.8886473429951565,-1.950000000000017,-2.3349436392914633,0.0
2024,641313,-0.03225806451612903,-0.03418803418803419,-2.916666666666668,-2.9166666666666665,-8.294764681132413,1.32310810810813,0.9200000000000159,8.986486486486486,0.0
2024,624413,0.2967741935483871,0.2706766917293233,0.7994670219853397,-4.813457694870087,9.827315541601259,-0.3749029622063489,3.4699999999999847,7.017364657814095,0.0
2024,624415,0.07526881720430108,0.07633587786259542,1.8518518518518476,5.413105413105413,18.23251823251823,-2.5058918482647243,-3.3500000000000085,-4.035512510088781,2.380952380952381
2024,600869,0.11666666666666667,0.2565597667638484,0.8928571428571459,4.4642857142857135,-3.194176199673155,-4.592895752895757,1.25,-5.675675675675674,0.07722007722007729
2024,623912,0.16793893129770993,0.10434782608695652,16.0075329566855,0.3060263653483992,11.400208986415887,1.1862677406981135,1.480000000000004,0.30686612965094184,-2.0202020202020203
2024,687401,0.3488372093023256,0.2447058823529412,8.913043478260871,2.391304347826086,5.8442726128394185,-2.84665471923536,-0.5700000000000216,-4.719235364396653,1.6129032258064515
2024,624424,0.2896551724137931,0.24489795918367346,-2.8571428571428577,-0.4761904761904754,1.3894523326572,-0.2737786023500206,0.01999999999999602,-1.2883941455369943,-0.020614306328591958
2024,624428,0.14444444444444443,0.16666666666666666,5.226480836236934,-15.92832254853161,9.2520325203252,3.095773524720883,3.739999999999995,2.1531100478468908,0.0
2024,642350,-0.07407407407407407,0.06764705882352941,-0.7154213036566048,-10.81081081081081,-3.087757313109421,-0.28468468468467734,-1.8600000000000136,1.657657657657662,0.0
2024,660271,0.5304878048780488,0.44244604316546765,0.25316455696202667,8.220402084884586,6.6187050359712245,-0.14526315789473188,-0.0799999999999983,2.807017543859658,5.263157894736842
2024,643376,0.5961538461538461,0.17647058823529413,-41.66666666666667,-12.5,-27.11038961038961,3.535384615384615,,9.230769230769234,1.5384615384615385
2024,690993,0.07758620689655173,0.26136363636363635,-2.1818181818181834,2.424242424242424,4.563894523326571,-2.986049382716061,-2.049999999999997,-4.320987654320987,-1.2345679012345678
2024,624431,0.29577464788732394,0.2085889570552147,-9.538950715421304,-9.062003179650237,0.0,-0.2582040816326554,-0.9100000000000108,-1.591836734693878,-4.0
2024,680757,0.46206896551724136,0.36455696202531646,-12.941176470588237,9.803921568627452,-7.611963918341509,0.7817103448276015,3.9799999999999898,5.342528735632186,0.6988505747126434
2024,592696,0.07526881720430108,0.11504424778761062,-3.7500000000000036,10.277777777777779,0.5326604990187818,-0.6826475279107029,3.3599999999999994,7.974481658692184,1.8181818181818181
2024,641343,0.02631578947368421,0.12222222222222222,11.56794425087108,6.550522648083624,10.83505866114562,-2.8407867494824046,5.730000000000004,-0.31055900621118226,2.380952380952381
2024,592192,0.33093525179856115,0.17956656346749225,3.1677018633540364,-1.2629399585921313,3.2111251580278157,0.8494905835134432,-0.8100000000000023,-1.0188329731398547,-1.2658227848101267
2024,641857,0.24203821656050956,0.15163934426229508,7.131227613155328,2.816672093780527,-5.042016806722689,-4.111796322489397,2.579999999999984,-1.6878830740216877,1.9801980198019802
2024,650559,0.25595238095238093,0.0947136563876652,0.5959982971477267,10.25968497232865,-2.0998632010943936,-0.5174933804060089,1.4210854715202004e-14,-4.704324801412181,-1.0944395410414829
2024,607043,0.3271604938271605,0.2129817444219067,0.4878048780487809,4.085365853658535,-4.830464267083983,0.9519230769230802,-1.549999999999983,-0.9615384615384563,0.9615384615384616
2024,643396,0.22018348623853212,0.2558139534883721,-10.707070707070706,-1.7171717171717171,-4.593301435406699,-0.5246948893973951,-2.6599999999999966,-1.4302059496567523,-1.3157894736842104
2024,672580,0.23030303030303031,0.19956616052060738,-9.632352941176471,3.1617647058823533,-8.71002132196162,-0.16554221459881546,0.7299999999999898,2.7158376214979967,-4.107108824089956
2024,665926,0.24516129032258063,0.2175732217573222,4.3935850317407255,0.6014032743067155,-0.7720588235294095,-1.6150939074668003,-1.1800000000000068,-5.306153611238358,0.0
2024,595777,0.4557823129251701,0.35797665369649806,-6.9788967049241,-2.869307663828211,-1.6716417910447756,0.4824999999999733,0.6599999999999966,-4.285714285714288,1.5476190476190474
2024,514888,0.4233128834355828,0.27360308285163776,2.3809523809523796,-5.433455433455434,-1.2254901960784288,-1.1727994227994145,-2.1299999999999812,-3.39105339105339,1.2265512265512268
2024,572233,0.31446540880503143,0.2697201017811705,-8.38122605363985,-3.5919540229885065,-2.4189463019250255,-0.5269733534439638,0.3499999999999943,-0.8798391151332332,1.1060834590246353
2024,680776,0.25,0.3321492007104796,1.0281385281385305,3.896103896103896,1.0362284448663175,0.28472523364484914,0.7000000000000028,-1.5700934579439263,-0.8
2024,641355,0.3619047619047619,0.30387931034482757,0.6172839506172814,-2.7777777777777786,-9.254807692307693,-5.806914433880706,-3.3999999999999915,-13.82886776145203,6.568712186689715
2024,680777,0.4603174603174603,0.21301775147928995,-5.110602593440122,5.186880244088481,-4.362745098039213,-2.3525691699604607,-2.0,-5.319499341238476,3.4090909090909087
2024,670541,0.31645569620253167,0.5178197064989518,11.493506493506494,-4.220779220779221,5.126078301260785,-1.2500331910858193,-5.560000000000002,-2.0578473210052195,-0.7491702228544335
2024,592206,0.09210526315789473,0.3136094674556213,-0.6580086580086615,-0.20779220779220786,0.42443184010495116,0.4319493239646306,-0.4200000000000017,-3.7687639731715095,2.9702970297029703
2024,663886,0.29347826086956524,0.2718676122931442,-6.521739130434785,6.521739130434785,-1.0986442262739615,3.100361300682465,0.6599999999999966,16.378964271376955,6.382978723404255
2024,670032,0.15789473684210525,0.22054380664652568,5.180533751962324,-2.5117739403453685,6.452330626321059,0.3910669077757518,1.9599999999999937,2.8209764918625684,0.0
2024,682829,0.2534246575342466,0.2018181818181818,-2.7397260273972606,5.479452054794521,-2.4727923956467848,-1.059154929577474,1.7999999999999972,-4.225352112676056,-4.225352112676056
2024,691023,0.05970149253731343,0.16216216216216217,3.684210526315791,1.2280701754385976,4.7542735042735025,-1.2250554323724714,1.1599999999999966,-6.208425720620841,-1.2195121951219512
2024,467793,0.2230769230769231,0.34913793103448276,-9.913793103448278,-0.28735632183908244,-10.980049512159606,-1.5118941273779996,0.3999999999999915,-1.8858560794044692,1.0752688172043012
2024,691026,0.20353982300884957,0.29389312977099236,0.03138731952290996,-0.9102322661644706,1.5151515151515174,-0.3153563218390758,-1.4799999999999756,-5.057471264367814,-1.1494252873563218
2024,656716,0.047619047619047616,0.20610687022900764,1.6227180527383354,-8.316430020283974,-0.7471264367816097,-3.128235294117644,-1.0699999999999932,3.088235294117645,-2.5
2024,676694,0.28169014084507044,0.167420814479638,10.487804878048781,-0.6504065040650397,-9.68137254901961,-4.830208333333331,0.7399999999999949,-5.208333333333329,-7.142857142857142
2024,671056,0.19736842105263158,0.3114754098360656,8.028673835125446,-3.440860215053764,4.093567251461987,-1.1947809878844424,-3.1500000000000057,-14.585274930102514,-5.172413793103448
2024,595281,0.0684931506849315,0.019230769230769232,-22.193877551020407,-3.996598639455783,-14.191919191919187,2.8630536130535944,6.450000000000003,21.67832167832168,3.8461538461538463
2024,664913,0.05714285714285714,0.1694915254237288,-6.666666666666661,-1.6666666666666652,-9.070464767616194,-1.5663313356164394,-4.689999999999998,-11.194349315068493,-1.1772260273972601
2024,663898,0.12605042016806722,0.21904761904761905,4.6045197740112975,6.610169491525424,4.805591961555265,2.9353365738694635,2.719999999999999,2.857563705994991,0.29459419649432883
2024,670042,0.028985507246376812,0.25129533678756477,-14.358974358974361,5.128205128205128,-9.358974358974361,0.7365714285714375,0.3999999999999915,-3.7142857142857117,0.0
2024,660821,0.1509433962264151,0.21577726218097448,-9.906191369606006,-0.2626641651031889,-5.315614617940199,1.5131954887217915,3.180000000000007,0.4887218045112789,0.0
2024,657757,0.336,0.1595744680851064,-9.98956703182055,-3.103808033385498,-1.1795092552733522,0.3229770229770139,-0.6200000000000045,-2.1978021978021935,-0.1998001998001997
2024,669016,0.1640625,0.14942528735632185,-11.339198435972627,5.865102639296189,0.9499451954694926,0.5253242835595842,1.4100000000000108,-0.28657616892911264,-1.3876319758672697
2024,630105,0.36774193548387096,0.23828920570264767,0.7851653859004344,-1.0524557300367512,4.064138765631302,2.859172229639512,-1.1000000000000085,0.48954161103694105,-0.05340453938584799
2024,666969,0.2578616352201258,0.13598326359832635,4.036087369420702,-1.5194681861348531,0.37979155626214123,-0.9659716599190062,-2.180000000000007,-1.6801619433198418,-0.1821862348178136
2024,545121,0.4117647058823529,0.20425531914893616,2.337662337662337,-6.580086580086581,7.442977190876352,2.8243260590500654,-2.3599999999999994,2.503209242618741,0.0
2024,571745,0.11029411764705882,0.0975609756097561,11.850402261361165,-6.196999347684279,11.728056962891962,1.7911842105263247,-0.8400000000000034,-2.401315789473685,-0.5427631578947367
2024,666971,0.2550335570469799,0.29455445544554454,4.175824175824179,-9.523809523809524,1.1352515169309072,-3.294165471066478,-3.75,-7.8670492587278815,1.9607843137254901
2024,663368,0.21487603305785125,0.12140575079872204,1.8597560975609753,5.182926829268293,6.676602086438155,2.0351139041633957,0.6400000000000006,4.241948153967005,6.323644933228593
2024,547180,0.38513513513513514,0.35610766045548653,-6.3654655203950945,13.554051582220595,0.06034396057527758,-2.811362819129826,-1.539999999999992,-4.962243797195253,0.26369411482680094
2024,643446,0.2642857142857143,0.3072289156626506,2.564102564102564,-4.102564102564103,5.579578741804992,2.077744562416271,0.5799999999999841,-2.5873621276157053,0.9174311926605505
2024,594807,0.1694915254237288,0.055350553505535055,2.764976958525345,-5.76036866359447,-1.2692967409948537,0.4999999999999858,-1.9500000000000028,-7.142857142857146,-2.380952380952381
2024,807799,0.3258426966292135,0.35240963855421686,-8.528951486697967,-1.4866979655712056,-1.7142857142857153,0.5245098039215605,0.9099999999999966,17.64705882352941,-0.9803921568627451
2024,623993,0.3129251700680272,0.3687258687258687,-3.8319141058867103,9.626064420584967,0.3626003626003609,-0.41499127953069603,-0.04000000000000625,1.7361661645790392,0.10306009196131283
2024,624503,0.21875,0.11173184357541899,-19.509981851179674,-6.17059891107078,-1.0186757215619764,4.002469135802471,-1.3999999999999915,-4.502541757443719,-1.4524328249818446
2024,571771,0.16049382716049382,0.23300970873786409,-11.951219512195124,10.060975609756097,-11.861861861861865,3.005596418292299,1.2999999999999972,4.093380236648546,-1.8867924528301887
2024,621438,0.24358974358974358,0.20384615384615384,-0.8152173913043477,-6.521739130434782,-6.414103525881471,0.7689393939393909,7.079999999999998,0.18939393939393767,-1.5151515151515151
2024,621439,0.11,0.3715277777777778,-10.424548129466164,3.4888608659100457,-7.002581079564578,4.123076923076908,1.3799999999999955,11.538461538461537,0.0
2024,686469,0.3918918918918919,0.33497536945812806,-0.5116959064327506,-2.0467836257309955,1.0822510822510818,0.972390514107687,0.8199999999999932,13.034446944781031,1.7829323178120133
2024,656775,0.1732283464566929,0.2849462365591398,-2.8067560854446114,0.4967709885742675,-7.380645161290321,-1.6136494597839288,-1.6000000000000085,-6.338535414165666,-2.5090036014405763
2024,681351,0.21367521367521367,0.14074074074074075,5.327868852459016,-6.411007025761124,2.624179943767576,0.09025023169600388,1.0600000000000023,-2.6320667284522727,-1.2048192771084338
2024,661388,0.3696969696969697,0.30739299610894943,-4.077126876655875,-0.9272887842213713,2.9868766404199505,-1.3357626443647916,1.460000000000008,-2.190362405416167,-2.6284348864994023
2024,553869,0.30708661417322836,0.17857142857142858,-8.134920634920633,1.4880952380952381,5.686956521739127,0.6921214553237007,0.2500000000000142,10.460139111824509,0.0
2024,641933,0.38461538461538464,0.1853932584269663,14.402810304449652,-9.104215456674472,17.287234042553195,-1.3020804114071893,0.8200000000000074,-1.5661524076671363,-1.2856474988312296
2024,694671,0.13178294573643412,0.3037383177570093,9.880834160873885,-1.6633565044687177,2.8472821397756665,-0.7720350052246516,-1.0100000000000051,-3.670323928944619,1.1363636363636365
2024,502671,0.03289473684210526,0.23705179282868527,5.578655578655578,-2.0790020790020787,4.67387679260565,5.414386129334588,4.069999999999993,12.230552952202434,-0.9254920337394561
2024,592273,0.09734513274336283,0.05668016194331984,-1.132075471698112,-6.446540880503143,-3.513537194427407,-0.8101449275362285,-5.200000000000003,-7.783145464304887,-1.4492753623188406
2024,665487,0.2754491017964072,0.34099616858237547,11.857594028136663,-2.9715762273901802,4.623044096728307,1.0258417508417779,-2.6599999999999966,0.6734006734006783,-0.8417508417508415
2024,665489,0.25153374233128833,0.5149812734082397,5.934762911507097,-8.486861975234069,-1.851090086384204,-0.8322789493155796,1.1800000000000068,-5.530891601923791,-1.8867924528301887
2024,702358,0.19607843137254902,0.01834862385321101,-9.361702127659575,5.183752417794971,3.6116504854368934,2.9231523378582267,-1.3599999999999994,6.259426847662137,0.0
2024,664983,0.23255813953488372,0.30317848410757947,-17.48483177054606,11.583011583011583,-12.343496833112386,2.408166491043204,0.960000000000008,2.1601685985247627,1.36986301369863
2024,621466,0.3411764705882353,0.045871559633027525,-10.784313725490199,-0.9803921568627416,-5.611111111111111,6.05943719972548,6.079999999999998,12.49142072752231,-2.196293754289636
2024,543807,0.1858974358974359,0.27074235807860264,12.6578073089701,-13.687707641196011,1.4594101550623293,1.7625806451612789,4.200000000000003,4.854070660522272,0.12288786482334879
2024,670623,0.4266666666666667,0.2790224032586558,-8.521615370930443,3.237858032378579,-2.945131207980914,-1.7287316652286506,-1.0800000000000125,-8.800690250215704,-0.7046304285303424
2024,663457,0.23958333333333334,0.3106796116504854,7.718309859154928,-14.140845070422536,-7.350735073507348,0.7571787148594353,-2.000000000000014,-4.96987951807229,-7.1285140562248985
2024,606115,0.291044776119403,0.15800865800865802,3.4313725490196045,-5.88235294117647,-0.29094371561574306,-0.712958192985937,0.35999999999999943,-3.2791757479690844,0.0
2024,680869,0.0594059405940594,0.06278026905829596,9.135802469135804,-2.4074074074074066,4.222222222222221,3.635393258426973,0.9599999999999937,13.651685393258429,2.752808988764045
2024,666023,0.2698412698412698,0.21639344262295082,4.969574036511155,10.851926977687626,10.930975190370916,-0.9920283018867764,0.6699999999999875,8.018867924528301,0.0
2024,595879,0.05128205128205128,0.11046511627906977,-7.982456140350877,4.912280701754386,-4.562607204116638,5.990447982228801,4.959999999999994,12.587930396149574,0.0
2024,677800,0.22807017543859648,0.22522522522522523,-14.527027027027025,-2.837837837837837,-9.447821681864237,-0.6336956521739268,-1.9099999999999966,4.34782608695652,1.0869565217391304
2024,656811,0.4943820224719101,0.30617283950617286,1.1954261954261938,3.8981288981288973,-3.3154121863799304,-5.372036474164133,-3.739999999999995,-18.009118541033434,-7.142857142857142
2024,682928,0.3815789473684211,0.2311111111111111,-5.3921568627451,-2.871148459383755,6.904589663210352,-0.5857142857142748,-0.35999999999999943,-1.0582010582010568,-1.8518518518518516
2024,656305,0.12101910828025478,0.32448979591836735,3.609756097560979,1.7886178861788622,0.4368401892974134,-1.0173703489492993,-1.0999999999999943,-6.525930210140739,-1.7543859649122806
2024,694192,0.09016393442622951,0.3436807095343681,-3.51731601731602,-0.7034632034632038,-1.6746411483253638,-1.2601973684210606,3.1299999999999955,1.5131578947368425,-1.3815789473684208
2024,621493,0.27450980392156865,0.2235294117647059,0.667808219178081,5.71917808219178,0.6653600165050548,-0.27791784939054764,-1.7800000000000153,-2.9637669059943264,-1.711471030222074
2024,575929,0.3515625,0.24782608695652175,2.7093596059113274,6.7980295566502456,5.825825825825827,-2.621047297297295,-4.279999999999987,-4.425675675675674,-0.10135135135135132
2024,605113,0.1271186440677966,0.07272727272727272,-1.0344827586206904,-1.5517241379310347,-4.05909456593286,-4.103505617977518,-1.7999999999999972,-10.097378277153561,-1.3333333333333335
2024,453568,0.25,0.31007751937984496,2.585924713584287,-2.8477905073649765,1.1775700934579447,-0.8840963855421649,-5.839999999999989,-12.22030981067126,-2.4096385542168677
2024,676801,0.08433734939759036,0.08695652173913043,3.768115942028988,-15.0,-10.701754385964914,0.1327829043224824,0.21999999999999886,5.1966974259349215,0.0
2024,681297,0.2616822429906542,0.18061674008810572,5.594651653764952,5.946516537649543,-0.26223776223775985,-1.1037698412698518,-1.0100000000000051,-4.761904761904763,-3.7698412698412698
2024,518595,0.3404255319148936,0.17768595041322313,3.1702898550724647,2.445652173913043,4.824717765894235,2.0226190476190595,1.3900000000000148,2.278911564625851,0.37414965986394555
2024,543685,0.18072289156626506,0.2129032258064516,-7.807807807807809,4.354354354354354,-7.4074074074074066,5.502411994784879,1.460000000000008,11.277705345501957,0.0
2024,681807,0.3424657534246575,0.2884012539184953,1.2288786482334864,3.763440860215052,9.065782200110558,-1.353414634146361,-3.9399999999999977,-0.6097560975609753,2.4390243902439024
2024,669127,0.31496062992125984,0.19164619164619165,-3.1405782652043897,-5.533399800598204,-3.596698113207548,-2.3656410256410254,1.0100000000000051,-0.5608974358974379,1.5865384615384615
2024,622534,0.06666666666666667,0.26492537313432835,-5.64516129032258,-10.410557184750733,-9.273182957393484,8.535789473684204,-2.3999999999999915,3.6842105263157876,0.0
2024,624585,0.19117647058823528,0.2800925925925926,4.285714285714285,-8.392857142857146,-4.789505796217206,-0.08316037083157823,0.7800000000000011,-0.2352290023522947,1.72962501729625
2024,669134,0.30701754385964913,0.22857142857142856,3.5087719298245617,8.771929824561402,-5.891284542969936,0.534403984884932,1.1899999999999835,1.9924424596358605,-2.4390243902439024
2024,641487,0.20408163265306123,0.17563739376770537,-9.726848767488343,5.662891405729512,-1.6862170087976533,6.775467289719643,7.059999999999988,17.873831775700936,-0.9345794392523363
2024,593871,0.09090909090909091,0.1492063492063492,-2.77027027027027,-6.79054054054054,0.5243764172335581,0.5407828282828291,-0.23000000000000398,2.7777777777777786,0.0631313131313127
2024,605137,0.1901840490797546,0.2818181818181818,-1.4604034929238168,-5.0135501355013545,2.9447055294470594,-1.4606506238858827,0.7600000000000051,1.9385026737967905,2.272727272727273
2024,605141,0.49707602339181284,0.38622754491017963,-12.071800493285831,0.12332145793368099,-3.879365079365078,-1.9457987643424417,-1.3499999999999943,-4.6425419240953225,-1.0326566637246248
2024,621566,0.19047619047619047,0.29867674858223064,0.3731343283582085,-0.5597014925373145,-2.6692350027517833,-2.3918927125506144,0.9899999999999949,-7.246963562753031,-2.8846153846153846
2024,664023,0.13725490196078433,0.29365079365079366,16.764705882352942,2.0588235294117645,10.337360876531982,-3.5980458015266947,-5.8799999999999955,-4.610687022900763,0.0
2024,673237,0.29927007299270075,0.2821576763485477,1.1308203991130803,-5.498891352549888,-5.652680652680655,-2.6914865495257345,-0.07000000000000739,-8.490125952417973,0.06997356554190648
2024,621020,0.11805555555555555,0.22939866369710468,7.352941176470587,2.3993808049535597,8.95219803670508,0.5433975834292113,-0.9799999999999898,6.127733026467197,0.2589182968929804
2024,521692,0.44366197183098594,0.25882352941176473,-1.9456025411951536,3.2162001191185228,-2.537938252223963,0.6930071970434,0.12999999999999545,1.945146858587826,-0.6808014005057381
2024,696285,0.28125,0.16,2.9689608636977063,7.962213225371119,6.2454212454212445,-1.9056004791853667,0.20000000000000284,4.941599281221919,0.0
2024,664034,0.13533834586466165,0.23383084577114427,0.4098360655737707,-5.669398907103826,0.5132170978627677,-0.3085297418630688,-1.6799999999999926,-1.3187429854096493,-0.19640852974186274
2024,678882,0.11029411764705882,0.15632183908045977,1.2152777777777786,-3.298611111111111,-1.504251144538916,-1.4946420428636742,0.8800000000000097,2.1659826721386253,-1.1627906976744187
2024,621028,0.18181818181818182,0.2571428571428571,6.494960806270997,-3.1354983202687565,13.417803768680962,1.5444940476190538,5.1499999999999915,9.672619047619047,0.0
2024,663527,0.2543859649122807,0.10975609756097561,3.1590031590031593,-3.0186030186030184,2.7586206896551744,4.690206185567007,0.23000000000000398,5.773195876288657,1.0309278350515463
2024,607208,0.3108108108108108,0.32225063938618925,-6.302131603336422,-5.35681186283596,5.32936431726522,2.623605965612228,1.1200000000000045,6.564073335233214,1.7953833000854942
2024,457705,0.10526315789473684,0.2593516209476309,-9.89729225023343,-2.6143790849673216,-8.991143627262225,4.7608187134503055,2.3400000000000034,17.178362573099417,-0.7309941520467835
2024,682985,0.32298136645962733,0.25059101654846333,-0.41705282669137844,-7.1825764596848956,-2.3546765734265733,5.275805626598483,3.809999999999988,14.64194373401535,1.3554987212276215
2024,621035,-0.20588235294117646,0.1797752808988764,-4.395604395604387,-2.7472527472527464,-12.717391304347824,-2.578102836879424,-3.1599999999999966,-4.432624113475178,0.0
2024,643565,0.3543307086614173,0.20179372197309417,-2.2812667740203985,-4.750402576489535,3.1858407079646014,2.1146084337349436,-0.6099999999999994,-1.1080034423407916,0.5808950086058517
2024,671213,0.28888888888888886,0.16993464052287582,8.515535097813583,5.523590333716918,-11.66892808683853,-4.194047619047623,-7.239999999999995,-17.261904761904763,2.678571428571429
2024,606192,0.27450980392156865,0.25971370143149286,-6.151742993848256,2.71701982228298,0.21663410075609235,0.847759518219874,1.6399999999999864,0.836990915586405,0.8676125344493211
2024,663538,0.35403726708074534,0.3125,-6.009389671361501,-10.751173708920188,-7.635869565217391,1.4985540775014243,-0.29999999999999716,2.0242914979757067,0.7518796992481203
2024,621043,0.2804878048780488,0.43508771929824563,0.5980861244019096,-7.6555023923445,-1.3266998341625218,1.817849898580107,0.45999999999999375,-8.992562542258288,-3.211629479377958
2024,671732,0.0761904761904762,0.34971098265895956,14.444444444444446,-2.222222222222223,-3.7747299429542416,-1.5008163265306251,1.2700000000000102,-0.680272108843532,-3.3333333333333335
2024,592885,0.5098039215686274,0.3560606060606061,2.608695652173914,-13.043478260869565,-6.168831168831172,-1.5967213114754202,,0.5464480874316919,-4.918032786885246
2024,682998,0.17419354838709677,0.33648393194706994,23.843058350100602,-7.243460764587524,11.043566362715296,1.9746826586706732,0.14000000000001478,6.466766616691654,0.27986006996501744
2024,664056,0.1619047619047619,0.21100917431192662,-5.636363636363637,-1.6363636363636362,3.7234042553191493,1.335447849845579,-0.1799999999999926,-3.516274649560465,0.19006889997624143
2024,672761,0.30985915492957744,0.192090395480226,-19.632768361581928,3.531073446327685,1.954177897574123,10.207383966244734,17.019999999999996,13.431786216596345,1.2658227848101267
2024,683002,0.3312883435582822,0.368705035971223,4.576934658235469,-0.09033423667569984,6.583202439249746,-4.173849905775398,-5.159999999999997,-11.905553708014633,-4.301075268817205
2024,671739,0.2013888888888889,0.27129337539432175,-0.4643962848297214,-0.8513931888544883,-4.483837330552657,-0.4942219440968074,-1.1400000000000006,-6.570713391739673,0.08343763037129748
2024,668670,0.037037037037037035,0.125,-12.222222222222225,-1.1111111111111107,0.4975124378109399,5.233096926713941,1.3900000000000006,9.042553191489361,-1.3002364066193852
2025,609280,0.34285714285714286,0.3559322033898305,-9.864966241560392,-5.73893473368342,-4.978354978354977,5.263210227272708,-0.18999999999999773,15.198863636363637,3.125
2025,692225,0.2814814814814815,0.015625,1.9051838723969858,1.2405848471422232,4.464285714285715,2.1796825396825454,-2.009999999999991,5.238095238095237,1.4285714285714286
2025,666624,0.046296296296296294,0.116751269035533,0.3448275862068968,-2.344827586206897,0.6284565108094498,4.3186059907833965,2.700000000000003,11.002304147465434,2.1313364055299537
2025,683011,0.22,0.1681614349775785,-1.3333333333333321,-4.0,2.310924369747898,1.5324854651162667,2.1000000000000085,7.7519379844961165,-1.2839147286821708
2025,700932,0.2900763358778626,0.2425,2.681902985074629,-2.425373134328357,0.8920606601248906,-0.798705934850517,-3.1000000000000085,-1.8592890078833868,-0.029748624126133993
2025,669701,0.33035714285714285,0.23725055432372505,-8.823529411764707,-4.812834224598928,-4.244444444444447,-0.9953892668178526,-1.7700000000000102,-5.517762660619802,-0.8314436885865455
2025,691718,0.3708609271523179,0.2331288343558282,-5.779427359490988,-3.199010250972075,5.027362574532386,2.3523114152203135,3.6000000000000085,3.037383177570092,2.8871829105473967
2025,553993,0.24666666666666667,0.27218934911242604,-5.4616616260451885,-3.1666963173812483,-7.359307359307358,-2.7504368083867234,-3.0600000000000023,-4.787419918462433,0.617355853232382
2025,681481,0.3821138211382114,0.25513196480938416,-7.301587301587302,-0.07936507936507953,-4.391534391534389,-4.655208333333334,-1.9200000000000017,-8.333333333333329,-1.4880952380952381
2025,669707,0.14285714285714285,0.2364217252396166,-17.84922394678492,2.771618625277161,-3.5392535392535365,8.915384615384639,0.5199999999999818,18.26923076923077,-3.125
2025,670224,0.21904761904761905,-0.0625,19.387755102040817,-0.7653061224489797,8.22566752799311,-8.050724637681157,-9.47999999999999,-23.188405797101446,-3.3333333333333335
2025,543760,0.11564625850340136,0.2997416020671835,4.935064935064936,3.116883116883116,0.6260699437515278,0.06535596416783562,1.519999999999996,2.696841112682698,2.0556341348420553
2025,680977,0.4090909090909091,0.31301939058171746,-6.493506493506493,3.896103896103897,-4.46236559139785,-1.9284216857118253,-0.9599999999999937,-2.1909098719821287,0.17183606839075494
2025,672275,-0.018867924528301886,0.10144927536231885,-8.190883190883195,-7.336182336182336,-10.903149138443258,-0.5103896103896091,-3.0999999999999943,-9.74025974025974,0.0
2025,686611,0.072992700729927,0.24864864864864866,-6.216931216931222,-1.6534391534391535,5.62750539623805,2.0283333333332934,2.1599999999999966,13.431372549019606,1.3725490196078431
2025,593428,0.19310344827586207,0.29975429975429974,3.36777650210486,-3.8652889399158052,-0.24657112035752604,-0.16956862745099954,0.5799999999999983,-5.411764705882355,0.0
2025,667670,0.27380952380952384,0.3182674199623352,-4.792966534316509,3.204764605785593,-0.18808536772608875,1.0908361970217442,0.6200000000000045,-6.7270644590232145,-2.103509320004165
2025,808982,0.391025641025641,0.3232104121475054,-4.539473684210526,-4.210526315789473,-4.964539007092201,0.7874990709773613,-4.079999999999998,-8.12337421033073,-1.7391304347826086
2025,669720,0.5172413793103449,0.18156424581005587,-17.5,12.0,-0.5444646098003609,5.776851851851831,2.0400000000000063,20.370370370370374,5.555555555555555
2025,666134,0.09803921568627451,0.09634551495016612,-9.239766081871348,-1.5204678362573105,-1.123720516243882,-0.40015015015013944,1.8500000000000085,1.1011011011011043,2.7027027027027026
2025,700242,0.24,-0.04975124378109453,2.096273291925467,4.114906832298136,1.2564432989690744,-4.255592352852645,-3.1799999999999926,-9.257865422248983,-0.27096191479753107
2025,457759,0.01639344262295082,0.25,11.305361305361306,-8.275058275058274,7.863089731729879,2.382314744079437,4.079999999999998,12.796027501909853,2.941176470588235
2025,663586,0.22012578616352202,0.15625,-6.172839506172835,2.326685660018993,-8.426231764382052,-2.4833706650189242,-2.5400000000000063,-4.502973661852167,-0.10813315826060077
2025,518692,0.5925925925925926,0.2947976878612717,8.744038155802862,3.3386327503974567,-6.475867087072523,-1.7024214816590728,-3.8999999999999915,-13.497962119395833,-2.589307120594582
2025,666149,0.24444444444444444,-0.013071895424836602,2.1008403361344534,3.4663865546218497,-1.7112299465240604,-3.811414606095454,-6.550000000000011,-11.75963197239793,2.127659574468085
2025,668709,0.24836601307189543,0.16230366492146597,5.401234567901234,1.0802469135802468,8.631879543094499,-1.431121951219538,-0.21999999999999886,-4.7073170731707314,0.7804878048780488
2025,676391,0.16666666666666666,0.3475609756097561,-7.729049066435087,-8.16326530612245,-8.906633906633907,-4.67690058479532,0.1799999999999926,1.510721247563355,-1.8518518518518516
2025,669221,0.26436781609195403,0.136,-5.105438401775807,0.6104328523862375,-2.7147766323024065,2.574285714285722,-1.9899999999999807,2.3809523809523796,-3.333333333333333
2025,669224,0.296,0.17027863777089783,-8.320532514080904,-3.302611367127496,-14.89563567362429,0.3556122448979693,0.5499999999999972,0.5102040816326507,0.0
2025,668715,0.13846153846153847,0.2694063926940639,-6.189083820662766,1.803118908382066,5.428706135919715,3.2121432731508293,4.170000000000002,4.105998835177633,-1.951077460687245
2025,670764,0.0625,0.18099547511312217,1.7857142857142847,-9.285714285714285,0.735884399250736,-1.179360730593615,-0.7499999999999858,1.598173515981733,3.3333333333333335
2025,656941,0.45962732919254656,0.3339253996447602,-3.4722222222222214,-2.268518518518519,-4.787969924812028,-0.8468292682926943,-3.7399999999999807,-3.9024390243902474,-1.5447154471544713
2025,666158,0.26865671641791045,0.1978319783197832,-11.140819964349376,2.5846702317290564,5.586764140053866,-0.348021680216803,-0.7199999999999989,-0.16260162601625794,0.10840108401084003
2025,669743,0.42696629213483145,0.22746781115879827,11.384615384615385,-4.615384615384615,8.787878787878787,1.9573809523809444,0.9300000000000068,5.4761904761904745,2.380952380952381
2025,641584,0.27472527472527475,0.1984126984126984,-4.782608695652172,15.072463768115941,-7.841926520531029,-1.2283865401207947,-3.220000000000013,-3.2499280989358645,1.639344262295082
2025,666160,0.25742574257425743,0.3138888888888889,0.5980861244019096,-2.0733652312599693,-7.253171538885823,0.673533471359562,0.4399999999999977,-3.0365769496204287,1.0006901311249137
2025,670770,0.2857142857142857,0.2958015267175573,3.727865796831315,3.5880708294501398,6.084727468969238,2.131228956228952,2.4799999999999898,-3.7037037037037024,-1.1363636363636365
2025,596019,0.3742690058479532,0.3315508021390374,-3.763440860215052,-1.2406947890818865,0.8569545154911005,-1.7816337719298332,-0.269999999999996,-4.1392543859649145,-1.9462719298245612
2025,672820,0.09923664122137404,0.25907990314769974,2.1190476190476204,-0.9047619047619042,0.49188100035557625,-0.16911350844277706,-0.8499999999999943,-0.5393996247654762,1.9230769230769231
2025,671277,0.25735294117647056,0.2846153846153846,4.524590163934427,4.415300546448088,-3.038612613947972,-2.15325,-0.5400000000000063,-1.4999999999999964,-0.5833333333333339
2025,571448,0.3698630136986301,0.27241379310344827,8.483483483483484,-2.43993993993994,2.1306818181818166,-1.054430796227237,0.549999999999983,-0.24128098267163622,-2.0289537179205968
2025,669242,0.4017857142857143,0.18823529411764706,1.1111111111111107,3.333333333333334,7.876370887337984,-1.074210526315781,-3.299999999999997,-8.842105263157887,0.8421052631578947
2025,693307,0.20202020202020202,0.23513513513513515,1.9278096800656286,1.8867924528301887,15.383796444160545,-0.7250620347394374,-0.19000000000001194,-8.11414392059553,-2.928039702233251
2025,545341,0.13793103448275862,0.24680851063829787,8.571428571428573,-7.38095238095238,5.242096838735495,-0.9868421052631646,-1.8299999999999983,-10.526315789473681,-2.631578947368421
2025,677950,0.24509803921568626,0.10626702997275204,-3.761755485893417,-5.094043887147334,-4.797979797979799,4.575362318840604,-0.4999999999999858,2.5704129067541714,2.898550724637681
2025,677951,0.39759036144578314,0.3416506717850288,-0.7552650689905587,-1.6412490922294847,-1.3948238329436435,-1.0744642857142992,-3.8699999999999903,-8.63095238095238,0.0
2025,663616,0.2080536912751678,0.25598086124401914,3.2444124008651762,-5.803893294881038,1.5057283142389508,3.3624747474747494,2.769999999999996,8.51010101010101,1.1363636363636365
2025,641598,0.15714285714285714,0.1318181818181818,-1.8092105263157912,5.427631578947366,-9.966101694915256,-1.8195454545454481,-2.0900000000000034,2.72727272727273,2.5
2025,666176,0.08080808080808081,0.29324894514767935,0.7364975450081843,-3.641571194762684,3.3142389525368223,-0.8600713012477712,3.249999999999986,-5.3030303030303045,-3.074866310160428
2025,571970,0.06349206349206349,0.49407114624505927,-10.422463951429293,3.0609663546673396,-10.195360195360195,-1.4995711099674196,-1.2199999999999847,-3.0708526333847956,3.1051638359924514
2025,608324,0.47305389221556887,0.3384146341463415,-6.54232424677188,8.708751793400289,3.9141414141414153,-2.158930993219016,-1.1999999999999886,-3.5580374950139557,-0.19146390107698474
2025,592450,0.5818181818181818,0.4805447470817121,-0.7495590828924144,-4.14462081128748,-1.4878542510121449,-2.349890776699027,-3.660000000000011,-5.04854368932039,-2.087378640776699
2025,668227,0.2582781456953642,0.21863799283154123,9.711977520196697,-2.8802247980330176,5.109890109890106,-2.027508771929817,0.7800000000000153,4.07017543859649,0.2807017543859651
2025,666182,0.24242424242424243,0.4168466522678186,0.05913660555884093,-0.547013601419279,5.507458440027641,-0.8225672877846648,0.20000000000000284,-3.9041703637976966,0.0
2025,663624,0.09243697478991597,0.13445378151260504,5.455059355568114,-1.8937252685132844,-3.4225424601132275,-1.4576225045371984,-2.1400000000000006,-10.2389594676346,-1.482153660012099
2025,691777,0.014084507042253521,0.1476510067114094,14.548022598870062,4.943502824858756,14.090909090909093,0.17694334650857968,-6.640000000000001,-0.6587615283267461,-1.4492753623188406
2025,665161,0.33774834437086093,0.3520408163265306,-4.52790452790453,-2.913302913302914,-2.65625,-2.003001897109698,1.6000000000000085,-9.061488673139152,-4.597701149425287
2025,669257,0.25961538461538464,0.38699690402476783,-3.8461538461538467,0.0,-3.541459251884511,2.515165245202553,2.9799999999999898,3.065031982942429,-2.0788912579957355
2025,686668,0.1875,0.14084507042253522,7.974481658692184,3.82775119617225,5.041666666666668,-1.5951511198086763,-1.9599999999999937,-10.654490106544898,-1.152424440095673
2025,456781,-0.08928571428571429,0.2601626016260163,-13.570487483530961,3.0303030303030303,3.3333333333333286,0.11629445822994455,-0.7399999999999949,-0.744416873449131,-3.225806451612903
2025,543309,0.2459016393442623,0.21428571428571427,7.096774193548388,-6.451612903225806,-6.94662480376766,-6.263888888888886,-5.200000000000017,-12.6984126984127,0.0
2025,673357,0.11805555555555555,0.18118466898954705,6.060606060606059,6.060606060606059,-1.2826504647660606,3.3142995302569886,0.5899999999999892,0.6217187068250922,0.5940867642995302
2025,656976,0.3119266055045872,0.11731843575418995,-5.1864406779661,15.118644067796609,9.239051360395756,-1.458603896103881,-2.3100000000000023,-1.7857142857142847,-4.870129870129869
2025,545361,0.21666666666666667,0.2045977011494253,18.331374853113978,-5.640423031727381,-0.664451827242523,0.1954319761668728,0.5799999999999983,0.31777557100297926,2.5024826216484612
2025,642133,0.19047619047619047,0.2149122807017544,-16.561242093156988,3.6802760207015526,-8.030523255813954,2.288596491228077,5.589999999999975,3.508771929824558,1.7543859649122806
2025,642136,0.32051282051282054,0.05357142857142857,-2.564102564102564,-5.128205128205128,0.6884057971014492,0.011243742780138177,-2.9599999999999795,-6.469002695417792,0.0
2025,686681,0.09302325581395349,0.25,-4.8868560423688,0.12036591237361582,0.07116056410919924,3.2281975517095987,1.769999999999996,7.524271844660195,1.0869565217391304
2025,608348,0.7195121951219512,0.19402985074626866,-0.24154589371980606,-12.56038647342995,-0.9251022949653063,-0.8063256658595748,-0.6700000000000017,-5.024213075060537,1.513317191283294
2025,650333,0.4122137404580153,0.375,-0.10335917312661502,7.622739018087855,1.0721247563352825,-0.032942097026591455,-3.0900000000000176,-7.15962441314554,0.0
2025,663647,0.1736111111111111,0.15492957746478872,3.6465367547752265,-8.489291915878834,2.7686403508771953,-0.6247558655675363,-1.1800000000000068,-7.723525681674069,-3.614457831325301
2025,646240,0.2543352601156069,0.31115107913669066,-10.032102728731942,3.2504012841091505,-11.338048090523337,1.502159090909089,0.4399999999999977,3.06818181818182,1.7694805194805192
2025,542303,0.35172413793103446,0.21700223713646533,-9.903846153846157,-5.865384615384617,-2.8571428571428577,-2.8643859649123016,-0.30999999999998806,-7.01754385964912,1.0526315789473684
2025,701538,0.56,0.23556581986143188,5.149051490514903,-7.317073170731707,9.235209235209236,4.421428571428592,-0.8400000000000034,9.047619047619047,9.285714285714285
2025,672356,0.2283464566929134,0.0,-8.449651046859422,-4.062811565304086,-7.668067226890756,1.596168582375455,-3.8200000000000074,-8.067262664963817,-0.9791400595998296
2025,694374,0.2948717948717949,0.02040816326530612,2.4137931034482776,8.793103448275861,-7.226107226107228,-0.5611940298507392,2.3000000000000114,8.616010854816828,2.9850746268656714
2025,663656,0.5119047619047619,0.3476190476190476,-2.7972027972027984,-0.8991008991008975,-0.5754506111190381,-1.368166610906684,-0.0799999999999983,-2.977584476413515,-3.0779524924723987
2025,669289,0.336734693877551,0.1565217391304348,8.076109936575051,6.257928118393234,1.6304347826086953,4.9921212121212335,3.8200000000000074,13.090909090909092,1.3333333333333335
2025,679529,0.34415584415584416,0.23434343434343435,-12.978902953586498,3.2742616033755265,0.38469126060366676,-0.5365599325890003,-0.730000000000004,-6.077522645881615,0.2949231093322098
2025,650859,0.1349206349206349,0.2,2.226157348848975,-2.5803187452567666,8.119834710743799,0.20845288326300704,-3.260000000000005,0.09845288326301116,-2.2222222222222223
2025,694384,0.2835820895522388,0.3488372093023256,0.2012072434607628,4.247708473060586,2.291666666666666,1.8306753246753402,0.39000000000000057,1.480519480519483,-1.0
2025,608369,0.30097087378640774,0.38011695906432746,-7.491987179487181,-2.6842948717948723,-7.3317307692307665,2.936201298701306,5.339999999999989,4.220779220779217,-0.48701298701298734
2025,570482,0.22105263157894736,0.10784313725490197,-4.666666666666666,-1.5555555555555554,-0.7191011235955038,-3.1972831505483725,-3.740000000000009,-15.57826520438684,-1.694915254237288
2025,681082,0.22857142857142856,0.30238095238095236,-3.349875930521087,-1.9851116625310175,-7.698607698607699,0.6216906946264942,0.480000000000004,5.897771952817827,0.9174311926605505
2025,676475,0.22608695652173913,0.382830626450116,10.16333938294011,-1.845130066545674,0.7641136281912999,-0.12719182597230372,0.980000000000004,-1.0217534607778518,1.3513513513513513
2025,680574,0.07936507936507936,0.1286031042128603,2.558139534883722,1.4534883720930232,-9.803921568627448,-2.3507820927723913,-5.400000000000006,-16.69363538295577,-1.8069039913700107
2025,682622,0.3835616438356164,0.20209059233449478,18.181818181818183,-8.225108225108224,2.9810298102981037,3.4657509157509168,,23.076923076923077,0.0
2025,664702,0.21875,0.2297872340425532,9.852216748768473,-8.571428571428571,10.163934426229508,2.8687432867884155,3.0600000000000023,4.13533834586466,2.631578947368421
2025,672386,0.24778761061946902,0.38676844783715014,-3.3208020050125313,-1.7230576441102756,3.0,-1.6266746411483268,1.9299999999999926,-4.340396445659604,0.0
2025,668804,0.11976047904191617,0.21971252566735114,-11.793400286944046,0.9182209469153513,-6.8789955211882265,2.268851851851835,-0.4300000000000068,7.925925925925927,2.1481481481481484
2025,543877,0.18181818181818182,0.18238993710691823,-1.8567639257294442,8.488063660477454,0.5291005291005284,-4.2097811217510355,-1.9899999999999807,-7.2503419972640195,0.0
2025,592518,0.33557046979865773,0.30245746691871456,2.1157323688969285,-1.5551537070524422,-1.5386898871957229,3.5034883720930594,1.6500000000000057,8.76102646351243,2.6263031275060147
2025,647304,0.3870967741935484,0.35634743875278396,8.874458874458872,-1.4319014319014318,4.403669724770641,-4.776136363636354,-2.260000000000005,1.0013501350134995,0.9900990099009901
2025,686217,0.34814814814814815,0.30718954248366015,-2.9884032114183743,-2.0517395182872438,-4.6524356869184444,3.0647964796479528,1.5799999999999983,1.031353135313534,-2.9702970297029703
2025,683146,0.03225806451612903,0.2594594594594595,-21.818181818181817,13.636363636363635,0.09881422924901173,1.5651315789473585,3.530000000000001,3.007518796992482,1.6917293233082704
2025,665742,0.42011834319526625,0.41208791208791207,-1.856540084388186,-1.0548523206751064,-4.945054945054949,2.331638933211792,4.259999999999991,8.479598814679736,1.584226122635058
2025,641680,0.2830188679245283,0.14067278287461774,-4.18943533697632,5.391621129326047,-7.154471544715449,-3.3171354616048063,-5.219999999999999,-7.2821397756686785,-1.639344262295082
2025,643217,0.2736842105263158,0.30933333333333335,-5.083088954056695,3.6168132942326494,5.328525641025639,2.9984968354430492,-1.4200000000000017,-10.54852320675105,-0.8175105485232064
2025,663697,0.22972972972972974,0.23627684964200477,9.511615145417961,-2.3961953539418346,4.703225806451613,-0.949273916417269,-1.5200000000000102,-6.329675202305733,-0.9422458707460368
2025,596115,0.10596026490066225,0.22465208747514911,-0.42253521126760774,0.47535211267605604,2.1220159151193627,-1.1511627906976685,-1.9200000000000017,-2.92125662994696,-1.272949816401469
2025,663698,0.22321428571428573,0.11818181818181818,-7.707509881422929,12.516469038208168,0.5072463768115902,2.2415674603174693,2.0500000000000114,11.904761904761905,-0.4960317460317458
2025,682641,0.33962264150943394,0.29770992366412213,19.35483870967742,1.9061583577712602,8.994708994708995,2.3133001422475274,1.4100000000000108,1.9914651493598825,-2.7027027027027026
2025,642708,0.34285714285714286,0.2727272727272727,5.065359477124183,-0.16339869281045738,-1.1904761904761934,-1.2305982905983086,2.9200000000000017,7.350427350427353,1.8803418803418808
2025,702616,0.23809523809523808,0.21507352941176472,-2.3584905660377338,11.284470246734397,-3.5443037974683556,-0.4402950310559248,-0.700000000000017,7.168737060041405,-1.4492753623188406
2025,664728,0.1836734693877551,0.20257234726688103,-15.894868585732167,-2.127659574468085,-5.672043010752688,1.2745136612021781,3.8999999999999915,15.191256830601095,0.0
2025,678554,-0.016666666666666666,0.18627450980392157,1.346801346801346,-1.346801346801346,-8.843537414965988,-5.267354497354489,-5.11999999999999,-21.322751322751323,-2.857142857142857
2025,642201,0.32857142857142857,0.11940298507462686,-8.0,-13.0,-8.617499339148821,0.755072463768073,-0.01999999999999602,7.246376811594207,4.3478260869565215
2025,681624,0.30952380952380953,0.2658486707566462,-10.700733620035415,-3.794586390083481,-6.329711856400568,1.4552374932273722,4.689999999999998,3.819757991692253,-0.13545241105291672
2025,645277,0.2709677419354839,0.279296875,1.481851481851482,-2.480852480852482,-0.68965517241379,1.2871698113207657,-3.519999999999996,-8.610634648370496,-0.8747855917667238
2025,642715,0.1893491124260355,0.2379110251450677,-1.4017381553125894,1.7381553125876081,-6.803480671492377,-1.0725055432372699,0.37999999999999545,-3.079576250307955,-0.3941857600394185
2025,682657,0.2261904761904762,0.15,7.93522267206478,3.076923076923077,12.141712658002495,-1.8963718820861573,-1.7199999999999989,-16.72335600907029,-0.7369614512471654
2025,650402,0.4215686274509804,0.2870722433460076,-2.125649504015117,-3.4955125177137463,-6.885245901639344,0.5889898989898796,1.4000000000000057,-6.2878787878787925,5.05050505050505
2025,673962,0.25925925925925924,0.1488833746898263,-7.906066536203522,6.8493150684931505,-8.999728923827593,0.6649898887765318,2.719999999999999,6.2436804853387216,-2.477249747219414
2025,656555,0.3,0.14646464646464646,-7.198859586600143,1.3779995248277501,-0.8459555269094423,5.395916666666679,3.2900000000000063,4.916666666666664,1.5
2025,669357,0.1125,0.09968847352024922,11.666666666666664,0.0,-1.6268605053651761,-0.07707355242565939,-4.699999999999989,-20.579029733959313,0.0
2025,516782,0.21333333333333335,0.2637795275590551,-12.17948717948718,7.478632478632478,-6.5384615384615365,6.429402515723254,3.5200000000000102,9.709119496855344,0.0
2025,664238,0.367816091954023,-0.07051282051282051,0.47568710359407973,-2.11416490486258,3.030303030303031,-0.6517857142857224,-1.3500000000000085,1.6666666666666679,3.809523809523809
2025,663728,0.37735849056603776,0.38278388278388276,0.2849002849002851,8.262108262108264,-4.1269841269841265,-0.8171717171717177,1.210000000000008,-3.5101010101010033,-1.5404040404040407
2025,596146,0.32061068702290074,0.23323615160349853,3.051643192488264,-3.215962441314554,-5.846930846930849,2.753111874761345,3.3400000000000034,2.3291332569683085,1.0309278350515463
2025,669364,0.17964071856287425,0.2920353982300885,-5.480437284234753,-5.840046029919448,-6.523327418849808,4.5301326455416415,3.3100000000000023,5.689019896831246,0.0
2025,664761,0.16083916083916083,0.3296398891966759,-7.632093933463796,2.9158512720156553,1.1227255129694171,-0.8431372549019471,-0.9599999999999937,-2.8186274509803937,0.9191176470588236
2025,663538,0.3013698630136986,0.3757455268389662,5.47945205479452,-2.7397260273972606,4.21875,-0.14043108529085657,0.47999999999998977,4.411888524038055,0.0
2025,686780,0.17708333333333334,0.09897610921501707,0.7936507936507944,-0.5291005291005293,-3.67621067515023,-2.2844390342868763,-1.7999999999999972,-2.4751470886589573,1.0752688172043012
2025,527038,0.26573426573426573,0.23125,6.144814090019569,3.9334637964774943,-6.483516483516485,-3.0527079303674896,-2.1999999999999886,-5.6673114119922605,-3.1914893617021276
2025,682177,0.35,0.08771929824561403,-18.323191345503716,1.4198782961460434,-13.341858482523445,-0.46684027777780557,2.6299999999999812,3.761574074074076,4.6875
2025,664770,0.32142857142857145,0.31413612565445026,1.021711366538952,-2.6819923371647505,-2.3809523809523814,0.7874677002583894,0.4299999999999926,2.713178294573641,0.0
2025,666310,0.26262626262626265,0.18095238095238095,-3.7037037037037024,-2.222222222222223,-4.304304304304303,1.5308039747064015,4.929999999999993,9.53026196928636,3.6585365853658534
2025,664774,0.1282051282051282,0.08,-23.55347749853886,-3.2144944476914077,-12.502651113467657,2.7059710144927323,-1.5600000000000023,-1.1594202898550705,-1.3333333333333335
2025,663757,0.49504950495049505,0.26666666666666666,1.116427432216902,3.1897926634768723,-1.4936409346347261,1.09294217687075,-0.47999999999998977,-5.527210884353739,4.166666666666666
2025,686797,0.33766233766233766,0.21651785714285715,0.8974358974358996,-0.6410256410256396,-0.7713884992987374,-4.788888888888906,-1.2399999999999807,-27.777777777777782,0.0
2025,691406,0.2357142857142857,0.40545808966861596,-3.2099775097117167,-3.2304232263340826,3.8475885957900324,1.7566250742721223,1.8900000000000148,6.060606060606059,-1.0695187165775402
2025,660688,0.3181818181818182,0.17777777777777778,2.553485162180813,0.5521048999309865,4.365206267988487,3.2140152446520887,-1.549999999999983,5.077452667814118,-1.0204081632653061
2025,669394,0.06481481481481481,0.2462686567164179,9.270148737461085,2.3867173988239365,7.1125715497138025,-1.6780537772087172,-1.299999999999983,3.1498079385403344,-1.4084507042253522
2025,677587,0.058823529411764705,0.2277580071174377,12.923076923076922,-2.1538461538461537,1.1176337773763798,1.6159927305770196,-2.490000000000009,-1.9763743752839602,0.0
2025,677588,0.04918032786885246,0.2777777777777778,3.30188679245283,3.7735849056603774,-13.50649350649351,-0.2627777777777851,,-0.5555555555555536,0.0
2025,669397,0.09278350515463918,0.05956112852664577,3.4344335414808214,4.148082069580731,1.3274875167458262,-1.0554924242424306,-0.2500000000000142,-9.469696969696972,0.0
2025,683734,0.08275862068965517,0.3609271523178808,-2.1153846153846168,-2.403846153846154,-1.5022509297318436,3.915571687840284,-0.11000000000001364,-0.6442831215971019,-0.19056261343012704
2025,669911,0.05303030303030303,-0.00975609756097561,-23.145809414466125,7.784156142365099,-13.95676691729323,-0.2436029411764622,-0.37999999999999545,-3.9705882352941195,2.2794117647058822
2025,643289,0.21818181818181817,0.29737609329446063,-6.49867374005305,-10.344827586206897,-4.6895353886235345,-5.32355263157892,-1.3699999999999903,-0.6578947368421044,0.0
2025,683737,0.32061068702290074,0.35462555066079293,4.92530345471522,9.990662931839402,-2.137445887445889,-3.649037917374116,-4.450000000000003,-14.134125636672326,-0.48104131295981833
2025,676059,0.20408163265306123,0.2874015748031496,-0.35842293906809886,-8.064516129032258,-6.661828737300436,-2.063520408163285,-3.1999999999999886,-5.980725623582767,0.0
2025,676572,0.25396825396825395,0.20876288659793815,9.276437847866422,-7.606679035250464,8.901025198811919,2.831169783645038,0.6600000000000108,-1.5218188485515185,-0.8617528419508615
2025,677594,0.28313253012048195,0.30514705882352944,-13.734030197444833,-6.271777003484322,-12.357113057989153,-3.0472317639927127,2.010000000000005,-4.8999797938977565,1.9801980198019802
2025,628451,0.40350877192982454,0.21323529411764705,-1.1688311688311686,0.5194805194805205,10.628019323671497,10.581481481481461,3.3800000000000097,12.962962962962958,3.7037037037037033
2025,668901,0.22377622377622378,0.196875,2.5039123630672933,-4.342723004694836,-3.55509355509356,-1.974428571428561,-2.200000000000003,5.19047619047619,1.8095238095238095
2025,665833,0.2847682119205298,0.0737913486005089,0.21321961620468954,2.9317697228145008,0.3034024416672665,5.214069264069252,6.88000000000001,9.740259740259742,2.380952380952381
2025,688363,0.08450704225352113,0.336283185840708,-5.870445344129557,4.757085020242914,-20.81956378056841,1.9272727272727082,-3.260000000000005,1.0909090909090935,-3.6363636363636362
2025,649966,0.39080459770114945,0.22633744855967078,4.112554112554111,2.5974025974025974,3.406692794693999,3.162962962962979,2.07999999999997,10.486390004462294,2.4096385542168677
2025,592626,0.06930693069306931,0.2634146341463415,-5.778301886792452,-3.183962264150944,-1.2765957446808507,-1.4455328988858582,0.8599999999999994,4.0361572419592235,0.0
2025,657656,0.20634920634920634,0.32235294117647056,-15.089514066496161,0.6393861892583121,-4.417670682730922,2.858679245283014,2.6999999999999886,12.735849056603776,1.8867924528301887
2025,650489,0.189873417721519,0.192,22.02380952380952,10.119047619047619,23.51551956815114,0.43903903903903085,,2.4024024024024015,-0.9009009009009009
2025,650490,0.3227848101265823,0.4077079107505071,-3.7974683544303804,3.7974683544303787,-7.365630816084824,5.005987318840553,1.7700000000000102,10.018115942028981,-0.6974637681159421
2025,676609,0.08641975308641975,0.18685121107266436,-10.995085995085994,-7.125307125307126,0.04329004329004249,-0.21599999999999397,3.000000000000014,3.4782608695652177,0.0
2025,606466,0.28,0.4426877470355731,9.722222222222221,-7.638888888888889,-2.1173623714458536,4.683658536585369,0.5200000000000102,8.292682926829269,10.0
2025,672515,0.16326530612244897,0.38388625592417064,4.081632653061224,-8.163265306122447,0.4312790829644779,2.0985714285714323,3.039999999999992,3.458646616541351,1.3157894736842104
2025,668930,0.24666666666666667,0.265748031496063,-0.7912245998921072,10.106096025894622,3.409090909090912,-0.7396821120689623,-1.1599999999999966,-2.0114942528735646,2.6670258620689653
2025,687363,0.21705426356589147,0.09281437125748503,1.1544011544011532,-1.0822510822510818,5.990139083081903,2.3473373778227113,-2.1399999999999864,-2.089652847994607,0.2864846646444219
2025,665862,0.184,0.2832512315270936,-3.3008658008657967,10.957792207792208,3.2512571527657315,-2.364942528735611,-0.960000000000008,-6.239737274220037,-2.216748768472906
2025,689414,0.30666666666666664,0.27936507936507937,-12.354651162790699,7.848837209302325,-9.134615384615383,-0.9572609819121283,-1.259999999999991,-12.816537467700257,0.0
2025,571657,0.11764705882352941,0.2222222222222222,4.5238095238095255,-6.666666666666667,1.1456628477905078,-4.3550175438596455,-3.0200000000000102,-5.54385964912281,-1.3333333333333335
2025,668939,0.2647058823529412,0.28820960698689957,5.411255411255411,6.666666666666664,1.5292949354518353,-3.8147523219814303,-2.7300000000000324,-10.433436532507741,-3.5294117647058822
2025,673548,0.2986111111111111,0.28313253012048195,4.166666666666668,-11.11111111111111,-3.629007158418922,-4.113176873242878,-0.9000000000000057,-5.121623273438452,-0.24446889133357774
2025,592663,0.18110236220472442,0.20094562647754138,-5.945273631840795,-4.203980099502488,-4.201680672268907,1.2353164556962213,1.9299999999999926,-3.5822784810126542,-2.5316455696202533
2025,695578,0.35294117647058826,0.17533718689788053,-3.2051282051282044,-1.0590858416945377,1.6341639581076208,1.401767676767676,1.0300000000000011,2.3535353535353565,-2.9898989898989896
2025,666397,0.11538461538461539,0.09615384615384616,6.25,11.309523809523807,-5.601851851851855,-5.9124496981891355,-2.950000000000003,-8.526156941649901,0.37726358148893335
2025,624413,0.5266272189349113,0.2814814814814815,8.05860805860806,0.0,4.815355258727127,-3.1006139315230143,-2.0,-5.611963793781978,0.7005116096025187
2025,572191,0.09210526315789473,0.060240963855421686,10.526315789473685,-2.6315789473684212,1.792524790236456,-6.755860805860806,-6.040000000000006,-19.41391941391942,0.0
2025,696100,0.26717557251908397,0.2924107142857143,-0.7981220657276964,1.7840375586854451,-2.166666666666668,3.05787500000001,-3.3499999999999943,5.916666666666664,-2.666666666666667
2025,502054,0.008620689655172414,0.3063063063063063,6.242424242424242,-8.121212121212121,8.333333333333332,0.5590909090909122,-2.9399999999999977,-6.331168831168828,0.0
2025,624424,0.03305785123966942,0.21568627450980393,4.866047020229626,-2.5697102241662115,2.738095238095241,0.6762759170653965,-0.9500000000000028,-1.1562998405103677,-1.3157894736842104
2025,687401,0.10869565217391304,0.24456521739130435,1.2063492063492056,-9.07936507936508,-4.125044915558748,-0.35307865168537944,-1.9200000000000017,-7.842696629213485,0.0
2025,624428,0.22413793103448276,0.23323615160349853,-2.738095238095239,6.428571428571429,5.241379310344829,-0.7025521440601068,1.1400000000000006,5.544759683896876,0.0
2025,663853,0.25862068965517243,0.27208480565371024,8.242424242424242,-8.969696969696969,4.4871794871794854,2.759285714285724,2.8300000000000125,11.42857142857143,2.5
2025,660271,0.39869281045751637,0.41843971631205673,2.5592579869460685,7.523187907935416,4.695173074619714,-3.141523341523339,0.09999999999999432,2.1191646191646214,-2.272727272727273
2025,643376,0.12643678160919541,0.256,0.16025641025641235,8.493589743589743,6.000774293457219,1.7664179104477569,1.0999999999999943,13.907734056987788,2.272727272727273
2025,690993,0.2358490566037736,0.26038781163434904,-7.542213883677299,-5.365853658536587,-3.3313325330132066,6.881372549019602,5.700000000000003,8.333333333333336,3.9215686274509802
2025,624431,0.367816091954023,0.2,3.7593984962406015,-3.8131041890440383,12.239467849223946,4.917868852458994,1.6899999999999977,7.147540983606557,1.278688524590164
2025,680757,0.41358024691358025,0.3107344632768362,-5.343980343980346,2.3341523341523347,0.7675087943716026,1.898406593406591,0.8600000000000136,3.928571428571427,-0.24725274725274726
2025,641343,0.22641509433962265,0.21818181818181817,-17.72727272727273,-10.909090909090908,-16.935483870967744,-2.6014705882353013,-1.4399999999999977,-11.02941176470588,5.88235294117647
2025,641857,0.1347517730496454,0.1348314606741573,-11.113352158128276,9.943525615167406,-8.978328173374617,3.8454927536231764,5.6499999999999915,22.608695652173914,0.4927536231884062
2025,607043,0.2847682119205298,0.25748502994011974,-3.754385964912279,0.10526315789473717,-1.3930297111133925,2.974188118811867,1.9899999999999949,11.574257425742573,-1.00990099009901
2025,643396,0.1926605504587156,0.19428571428571428,8.88415067519545,-2.7007818052594166,10.476190476190476,0.5360149284677505,-1.3199999999999932,-3.11009744972009,0.0
2025,672580,0.4027777777777778,0.36015325670498083,-8.33495618305745,7.770204479065238,-14.405915349311575,-2.256090110729275,-1.4399999999999835,-8.578337787959779,1.8582156039200715
2025,665926,0.1888111888111888,0.20353982300884957,-1.2896825396825413,-6.825396825396826,-5.773081201334815,-0.262037899968945,-2.6199999999999903,-2.826964895930413,-0.6523765144454801
2025,608070,0.3673469387755102,0.46387832699619774,-1.0101010101010104,-1.6835016835016852,-0.1569603810348532,0.6378686076894411,0.9500000000000028,3.6020903322135105,-2.314296379245987
2025,691016,0.3375,0.28448275862068967,6.578947368421055,-4.5739348370927315,-4.409797262529583,-1.1226142742582113,-1.6000000000000085,-7.297514033680834,-2.6263031275060147
2025,514888,0.21428571428571427,0.354,-0.3206751054852326,2.9367088607594933,-1.7392791970802932,-0.6803596686199285,0.9500000000000028,-2.3641139624166527,-0.9900990099009901
2025,572233,0.11724137931034483,0.2080808080808081,-4.9523809523809526,-7.80952380952381,-8.781694495980208,0.9784660194174819,0.29999999999999716,7.582524271844662,1.029126213592233
2025,641355,0.2446043165467626,0.4197292069632495,-17.343946376204443,3.6237955592794293,-18.836206896551722,-1.9244703389830562,-3.5700000000000074,-10.0635593220339,4.682203389830509
2025,680776,0.25,0.25576923076923075,-8.217054263565892,-4.289405684754522,-2.1282051282051277,-1.2574257425742559,3.5799999999999983,-2.6556861293606,-2.035717590450634
2025,680777,0.3,0.2655367231638418,-3.9402173913043477,0.679347826086957,-10.352588147036759,0.9401311475409955,3.640000000000015,9.770491803278688,-4.918032786885246
2025,592206,0.2905405405405405,0.17913832199546487,1.681286549707604,-4.3859649122807,0.7444907683144706,0.677633647798757,-0.5999999999999943,4.147012578616351,0.0
2025,682829,0.1927710843373494,0.24953095684803,-3.39181286549708,3.216374269005848,1.26240890572101,-5.553315686820852,-0.6299999999999812,-16.508776818055164,-4.374477570353859
2025,691023,0.01639344262295082,0.05474452554744526,8.31282471971561,0.3007929997265517,5.37698412698413,2.1825443210598223,0.7999999999999687,13.208649912331964,0.5454899668809663
2025,467793,0.25675675675675674,0.18711656441717792,-1.8082191780821901,2.41095890410959,0.9627592044011877,2.863469387755103,3.0700000000000074,5.048335123523092,0.03222341568206222
2025,691026,0.24509803921568626,0.21379310344827587,-13.725490196078429,-1.9607843137254912,-12.260409781890282,-0.19073950699531395,0.22000000000001307,-0.3109038418831851,1.2658227848101267
2025,656716,0.208955223880597,0.29708222811671087,13.167896266487816,-4.605410239213054,2.4210197059743486,-0.08828280153579726,2.219999999999999,-0.595789752416259,1.098901098901099
2025,573262,0.34814814814814815,0.2624113475177305,-7.142857142857142,-9.325396825396824,-8.312286435893625,-2.625408099688471,-3.1000000000000085,-8.635514018691588,-2.1308411214953273
2025,660821,0.1232876712328767,0.2429245283018868,2.7777777777777786,-0.17361111111111072,0.9195402298850546,1.905818181818205,-3.3799999999999812,-12.363636363636367,1.3333333333333335
2025,676694,0.26785714285714285,0.241635687732342,5.747126436781613,-2.362707535121329,0.04125412541254292,1.2314743589743529,-0.5400000000000063,7.158119658119659,1.5384615384615385
2025,667472,0.2839506172839506,0.0992063492063492,-0.5102040816326543,5.038265306122449,-4.518072289156628,0.542951632906167,2.519999999999996,3.6792062835882575,5.084745762711865
2025,669016,0.01694915254237288,0.25956284153005466,-6.372549019607842,-1.2254901960784323,-15.039417828987267,0.683228247162674,0.20000000000000284,7.818411097099624,-1.639344262295082
2025,666969,0.2158273381294964,0.16666666666666666,15.6301824212272,-4.684908789386401,2.5443110348770723,-1.3602272727272577,-0.6199999999999903,-6.565656565656564,0.7575757575757573
2025,670042,0.20238095238095238,0.05925925925925926,5.768025078369906,2.884012539184953,7.450076804915515,7.890536971830969,2.9099999999999966,21.522887323943664,-1.4084507042253522
2025,666971,0.3028169014084507,0.31435643564356436,0.7345642247369462,-1.6081000595592614,-0.41613316261203614,-1.8829999999999814,-0.8899999999999864,-0.7272727272727337,-0.09090909090909094
2025,700250,0.366412213740458,0.3609022556390977,2.680652680652681,-9.324009324009324,0.22522522522522337,-1.858558558558542,-2.969999999999999,-8.91891891891892,-1.2792792792792795
2025,657757,0.2222222222222222,0.2951945080091533,2.579979360165119,-2.7863777089783293,4.490196078431371,2.8760180995475224,0.4000000000000057,7.647058823529413,-1.4027149321266965
2025,602104,0.25609756097560976,0.1779935275080906,11.687537268932616,-3.935599284436493,-0.8888888888888857,-4.353568627450983,-3.4499999999999886,-7.490196078431371,2.0
2025,686948,0.3384615384615385,0.3700787401574803,-20.22357723577236,-1.4227642276422774,2.252252252252255,1.7916614420062729,2.8599999999999994,16.990595611285258,5.078369905956112
2025,678246,0.21768707482993196,0.3127962085308057,-13.602668643439584,1.9829503335804297,-1.8574805808848378,0.09535087719297053,0.7000000000000028,-1.2938596491228083,-0.010964912280701844
2025,547180,0.32515337423312884,0.3501199040767386,-0.24089129780186624,-1.4302920806985835,0.1924721984602158,-1.1130896630496778,-1.8400000000000034,-0.49114791547687275,-3.5294117647058822
2025,665966,0.1827956989247312,0.22662889518413598,-7.083333333333332,-3.8888888888888875,2.478632478632477,2.037225483800853,-1.480000000000004,9.175907806044794,1.5873015873015872
2025,571771,0.16901408450704225,0.11931818181818182,-15.572390572390567,-1.6835016835016852,-12.430011198208284,-4.550217917675539,-3.680000000000007,-4.8910411622276015,-3.389830508474576
2025,578428,0.17346938775510204,0.19591836734693877,3.017241379310345,-7.5,8.231194424417206,4.993444966305887,4.700000000000003,13.212170716765367,0.0
2025,621438,0.19626168224299065,0.11538461538461539,-1.2544802867383495,4.838709677419355,-1.3181818181818166,-1.1983589743589533,2.0,-0.8205128205128212,-1.7435897435897436
2025,621439,0.22916666666666666,0.3417085427135678,-1.3333333333333286,1.1014492753623188,-5.528846153846157,1.0381041890440343,-0.9699999999999989,-1.127819548872175,-1.3157894736842104
2025,672640,0.24369747899159663,0.2863157894736842,3.990610328638496,-7.100938967136152,4.599056603773585,-1.6844871794871494,-4.969999999999999,-11.41025641025641,-3.461538461538461
2025,686469,0.23870967741935484,0.3927893738140417,7.3573573573573565,-5.755755755755756,-7.18838716588998,-0.032830885928248676,1.2800000000000011,-0.651560828551986,1.7699115044247788
2025,656775,0.32857142857142857,0.16201117318435754,9.00900900900901,-7.371007371007373,0.4426840633737186,0.4220779220779036,-1.5800000000000125,-1.5422077922077904,-3.652597402597403
2025,681351,0.22321428571428573,0.05604719764011799,-2.1290322580645196,4.451612903225806,6.92982456140351,-0.7971014492753881,-1.779999999999987,0.0,-2.8985507246376807
2025,669065,0.25547445255474455,0.34375,5.413469735720369,-5.988917306052857,-1.937351934719672,2.601831501831512,3.019999999999996,1.4652014652014635,-0.2747252747252751
2025,691594,0.18666666666666668,0.33707865168539325,-20.89442815249267,-1.9061583577712602,-9.549295774647888,2.877777777777794,1.6700000000000017,1.1904761904761862,1.5873015873015872
2025,661388,0.25,0.30528375733855184,-0.36549707602339154,2.1929824561403475,-3.0586080586080584,5.358181357649443,4.339999999999989,11.676798378926037,0.0
2025,553869,0.2727272727272727,0.06796116504854369,-4.761904761904763,-13.809523809523807,4.007285974499091,-0.7012061403508767,0.5499999999999972,0.3289473684210513,0.0
2025,641933,0.14864864864864866,0.2518518518518518,28.571428571428573,-1.587301587301587,9.209302325581394,-6.727651515151521,-13.950000000000003,-20.454545454545457,1.1363636363636358
2025,694671,0.34782608695652173,0.21615720524017468,5.721393034825873,0.031094527363181967,-1.5164104694640628,0.8164326375711681,0.11000000000001364,-2.846299810246677,-1.6129032258064515
2025,502671,0.3223684210526316,0.23036649214659685,0.38115038115038047,0.9355509355509355,-1.7025862068965516,1.1673135852911258,1.7099999999999937,-2.4208375893769123,2.0837589376915218
2025,665487,0.40789473684210525,0.313543599257885,15.13888888888889,-5.555555555555555,8.6489898989899,0.09241103848947319,0.6600000000000108,5.410312273057372,0.5083514887436456
2025,665489,0.29936305732484075,0.4225621414913958,9.866492999023123,2.6701400195376106,9.34296365330848,3.3870468611847855,0.009999999999990905,5.702917771883293,-4.310344827586207
2025,805779,0.44666666666666666,0.38605898123324395,0.216450216450216,7.142857142857142,-0.3246753246753249,-1.6131720430107634,-1.8799999999999955,-6.720430107526884,-1.0752688172043012
2025,620443,0.23076923076923078,0.18048780487804877,0.7936507936507944,9.126984126984127,-4.9094202898550705,-2.1697217068645642,-3.5400000000000063,-1.89239332096475,-1.8181818181818181
2025,543807,0.3252032520325203,0.4427645788336933,0.3731343283582085,7.196162046908315,-4.829545454545453,-1.7428758169934753,-2.8799999999999955,-10.479302832244006,-4.379084967320261
2025,670623,0.3092105263157895,0.3776223776223776,-8.75,2.7777777777777786,-10.877873165328165,-3.776923076923083,-0.8699999999999903,-14.20940170940171,0.9615384615384616
2025,663968,0.3424657534246575,0.22816901408450704,1.2670565302144237,12.085769980506821,-5.810616929698707,0.7104646464646436,2.700000000000003,1.7777777777777786,0.0
2025,663457,0.3567251461988304,0.1796116504854369,1.4512595837897049,-3.2995618838992335,-7.660521296884935,3.4403265306122535,1.7199999999999847,4.673469387755102,-3.0
2025,666018,0.39166666666666666,0.25165562913907286,8.705357142857142,3.3482142857142865,0.44556234279554374,-0.04959770114943751,-2.8400000000000034,-2.7155172413793096,-0.20114942528735646
2025,666023,0.21739130434782608,0.17625899280575538,-7.602862254025048,0.8050089445438284,-6.72043010752688,2.7941675503711565,4.140000000000001,7.564510427712975,0.0
2025,595879,0.26666666666666666,0.1355421686746988,5.482456140350873,-4.495614035087719,13.108614232209735,3.0292307692307645,3.460000000000008,9.230769230769232,1.5384615384615385
2025,677800,0.42857142857142855,0.19494584837545126,-5.5384615384615365,-5.025641025641027,-2.178257394084735,-0.1846400439640945,0.38999999999998636,-0.20150210661293144,1.9967026928008789
2025,656811,0.47572815533980584,0.26077097505668934,8.314436885865458,-4.837490551776266,5.380774032459426,3.162384716732504,-0.3499999999999943,1.6469038208168598,10.606060606060606
2025,701358,0.13541666666666666,0.14609571788413098,4.60869565217391,2.8695652173913047,0.8796296296296298,-1.404669887278601,1.2099999999999937,-6.360708534621576,0.0
2025,682928,0.34234234234234234,0.2652671755725191,-10.702341137123744,1.1705685618729103,-7.906976744186046,2.034104186952277,-0.519999999999996,7.911392405063289,0.6085686465433302
2025,656305,0.2608695652173913,0.27807486631016043,1.5128125964803978,-4.399506020376661,-3.3978774902252837,0.17885532591415654,1.1400000000000006,10.704822469528356,1.8018018018018018
2025,694192,0.2606060606060606,0.29009433962264153,-9.125699146305568,1.3688548719458347,-3.700374531835209,-1.0658057851239562,-0.9699999999999847,-2.27272727272727,0.0
2025,621493,0.1267605633802817,0.30710172744721687,16.143856143856148,0.9590409590409594,11.225490196078432,1.3157349896480213,-0.5400000000000063,2.360248447204963,-0.9109730848861286
2025,672695,0.4146341463414634,0.4126126126126126,8.965003723008191,-1.1615785554728202,3.1771293840259354,-0.7932606287807857,-3.3400000000000034,-5.325040470307574,-1.0309278350515463
2025,575929,0.20253164556962025,0.2765432098765432,-13.384813384813388,10.392535392535393,-15.2317880794702,2.6320370370370227,-0.1700000000000017,4.629629629629633,1.6666666666666665
2025,663993,0.2138364779874214,0.1711111111111111,-7.394366197183103,-1.0403329065300895,-4.523910283537877,0.09828685985057461,-0.5000000000000142,-2.0776380535811896,-0.2278111900856572
2025,810938,0.1282051282051282,0.12903225806451613,-4.627766599597585,4.225352112676056,16.378633150039274,2.7267834793491943,8.379999999999995,8.448060075093865,1.0638297872340425
2025,669127,0.3358208955223881,0.37789203084832906,7.887700534759361,-8.689839572192515,0.6357142857142826,-2.607906976744175,-4.569999999999993,-3.669250645994836,1.0077519379844961
2025,624585,0.18571428571428572,0.11428571428571428,-6.307409675443974,-1.2451520718513986,-2.7967479674796785,0.22803111178890845,-5.760000000000005,-3.751715723654108,2.4096385542168677
2025,670156,0.21333333333333335,0.17,8.0,4.0,-3.862508858965274,-8.613961038961037,-7.75,-25.757575757575758,0.0
2025,455117,0.01818181818181818,-0.018867924528301886,-15.251989389920425,-3.4482758620689653,-24.83108108108108,8.395584045584073,2.529999999999987,6.55270655270655,-7.6923076923076925
2025,641487,0.3125,0.2372549019607843,-7.109557109557109,-9.673659673659673,-9.98263888888889,2.9271535580524386,2.1100000000000136,3.1086142322097388,1.0861423220973783
2025,593871,0.6078431372549019,0.3175355450236967,-5.01567398119122,8.072100313479623,-9.431080565101183,2.858771929824556,2.719999999999999,6.578947368421058,0.4385964912280702
2025,605137,0.136,0.37254901960784315,2.2077922077922096,-7.402597402597402,-9.18352704835701,-0.39578271433532564,-0.6000000000000085,0.4512322110378335,0.659493231516834
2025,605141,0.39864864864864863,0.341747572815534,2.9589041095890405,-2.3744292237442934,2.5452488687782804,1.1469135802469168,2.739999999999995,7.572864961181111,0.0
2025,673237,0.19008264462809918,0.2914798206278027,-7.182017543859647,-5.263157894736842,-6.923583662714098,0.7873214285714312,0.3499999999999943,6.760204081632654,-1.4795918367346939
2025,664023,0.28735632183908044,0.2625,1.7287234042553195,3.1117021276595764,1.9103361378693648,4.7457520786092005,4.839999999999989,10.15117157974301,0.27966742252456533
2025,686555,0.234375,0.2864721485411141,5.641025641025639,13.948717948717949,7.9081632653061185,-3.3127450980392155,-0.06999999999999318,-1.1437908496731986,-2.941176470588235
2025,621020,0.18831168831168832,0.19834710743801653,3.8095238095238066,1.1904761904761907,-6.180371352785148,-3.097584915407438,-1.3200000000000074,-7.245253777605583,-3.3707865168539324
2025,521692,0.2097902097902098,0.3032128514056225,-13.85281385281385,-1.9480519480519467,-2.1565775615627665,1.080964676719674,0.5600000000000165,2.5098120223094433,-1.8487915719892585
2025,696285,0.2037037037037037,0.140625,10.147058823529413,-11.617647058823529,12.0740498034076,6.517499999999998,3.569999999999993,6.5,0.0
2025,664034,0.31543624161073824,0.21407624633431085,2.504504504504503,5.2792792792792795,-2.829407434670596,-2.8981308411214712,2.1599999999999966,-1.8691588785046704,0.0
2025,678882,0.1885245901639344,0.2623655913978495,-2.6881720430107556,-1.451612903225806,4.795204795204793,5.906194465600407,2.5,13.82330540746382,1.5740035542015738
2025,671739,0.14864864864864866,0.2413793103448276,-13.51351351351351,-2.702702702702703,-4.950289975144987,0.6493368936359332,1.1999999999999886,0.5073431241655548,-1.9225634178905209
2025,664040,0.06666666666666667,0.2966507177033493,7.6416337285902465,4.150197628458497,-3.0933120656260655,-0.11322901849219136,-2.700000000000003,-7.432432432432435,-2.7382645803698438
2025,607208,0.27631578947368424,0.34496919917864477,-9.442508710801393,-2.6829268292682933,-14.168443496801707,3.2825287356321695,1.3599999999999994,12.08538587848933,-2.2988505747126435
2025,457705,0.30578512396694213,0.2069767441860465,-4.898550724637682,-2.3768115942028967,1.0204081632653086,-5.906983734087703,-3.0,-15.717821782178216,3.164780763790665
2025,682985,0.22818791946308725,0.21936758893280633,-26.868905742145174,3.4669555796316365,-6.384581829718048,4.579737827715363,1.1800000000000068,12.818352059925093,0.5430711610486891
2025,691176,0.13445378151260504,0.1967741935483871,4.301075268817197,0.9903791737408039,6.881293866341164,5.445238095238096,2.530000000000001,10.285714285714285,0.09523809523809512
2025,687597,0.26436781609195403,0.14770459081836326,-3.532608695652172,-5.2309782608695645,-3.3966342442488795,3.0254604550379156,4.400000000000006,6.500541711809316,2.8169014084507045
2025,606192,0.44881889763779526,0.17073170731707318,-5.009920634920633,-1.6121031746031744,-6.816976127320956,5.954799382716047,3.3100000000000165,13.996913580246915,-1.2345679012345678
2025,605170,0.24074074074074073,0.2921686746987952,14.166666666666668,5.000000000000002,8.201581027667984,3.324358974358958,0.3199999999999932,0.24038461538461497,3.125
2025,621043,0.1702127659574468,0.28216704288939054,7.515151515151512,-4.909090909090909,6.228070175438598,0.5364125122189591,2.999999999999986,1.6324535679374357,-0.16617790811339217
2025,671218,0.22012578616352202,0.23134328358208955,-6.600189933523264,5.318138651471984,-2.5426564068250244,1.8590600775193593,3.589999999999989,5.6201550387596875,-2.3255813953488373
2025,592885,0.16447368421052633,0.2790224032586558,0.4508409918501819,2.9651465233223515,-4.7293447293447315,-2.2796202531645946,-2.1999999999999744,-9.177215189873415,-0.5316455696202533
2025,682998,0.3930635838150289,0.3368869936034115,8.313253012048193,-0.6559571619812585,-0.7700437868035657,-3.319666666666677,-0.8300000000000125,-12.421052631578949,-0.3684210526315792
2025,805367,0.2413793103448276,0.24384787472035793,3.8888888888888893,-9.722222222222221,-0.8888888888888893,5.2836363636363615,0.9299999999999926,10.0,0.0
2025,664056,0.2641509433962264,0.22025316455696203,1.8867924528301891,9.433962264150942,0.625,1.7324884792626563,1.4299999999999926,2.0481310803891475,-4.736303123399898
2025,671221,0.20930232558139536,0.0,-22.02380952380952,6.944444444444445,-6.529680365296802,0.5012886597938149,3.710000000000022,3.9948453608247405,1.0309278350515463
2025,683002,0.1864406779661017,0.3058161350844278,-17.209302325581397,5.674418604651162,-7.42441637964026,-5.828125,-3.1899999999999977,-10.416666666666668,0.0
2025,681460,0.13392857142857142,0.19907407407407407,3.125,4.166666666666667,2.5724067733876197,-4.137414279951585,-1.4899999999999949,-5.102864058087938,-0.14118596208148437
2025,671732,0.2125,0.16170212765957448,20.654044750430295,-10.671256454388985,9.730538922155688,1.0840400344382033,0.010000000000005116,-6.5755488592337485,-0.09685751183814029
2025,621566,0.3141025641025641,0.30335097001763667,-1.7918790070688786,0.8384021042248868,1.4013500811757673,-0.835854680950149,0.01999999999999602,-3.5957149510945463,-2.272938984629716
