batter_name,primary_position,fantasy_positions,fantasy_positions_display,is_multi_position,position_count,batter,pa,pitches,decision_raw,contact_raw,power_raw,process_raw,decision_plus,k_avoidance_plus,power_plus,process_plus,swing_pct,chase_pct,contact_pct,whiff_pct,xwoba_on_contact,xwoba_per_pa,in_play_pct,pa_pitches,xwoba_vs_expected,all_positions_seen,proc_plus_positional,blend_weight,sample_warning,sb_per_pa_raw,est_bb_rate,est_k_rate,est_tb_rate,est_hbp_rate,est_h_rate,est_r_rate,est_rbi_rate,est_sb_rate,core_fp_per_pa,full_fp_per_pa,fp_per_pa,fp_per_game
Shohei Ohtani,TWP,DH,DH,False,1,660271,803,3170,0.0649244262850054,-0.0012413297467421,0.1943909500560647,0.1931496203093225,99.1,101.3,139.8,129.1,0.472,0.2799,0.714,0.1305,0.5494,0.428,0.646,803,0.194,DH,,0.728,False,0.08071,0.08003439775834346,0.24851278682217265,0.5351064302602921,0.009,0.45,0.1994,0.1608,0.0712,0.4468,0.807,0.807,2.824
Juan Soto,OF,OF,OF,False,1,665742,798,3318,0.06982229301521,0.0081221435144058,0.1541953048935435,0.1623174484079493,103.9,105.3,131.9,122.6,0.375,0.1581,0.816,0.0722,0.5023,0.434,0.664,798,0.154,DH|LF|RF,131.7,0.727,False,0.00982,0.11949780920246278,0.22566561243067687,0.500662789201239,0.009,0.41195499999999996,0.2,0.1526,0.0114,0.4149,0.7675,0.7675,2.686
Aaron Judge,OF,OF|DH,"OF, DH",True,2,592450,761,3207,0.0726715022671335,-0.0239457006144762,0.2354626324819059,0.2115169318674296,106.7,91.4,147.9,132.9,0.427,0.2227,0.71,0.1305,0.6208,0.474,0.5773,761,0.235,CF|DH|LF|RF,141.6,0.717,False,0.0142,0.0987430189151915,0.2689887666313279,0.5536864295375715,0.009,0.45,0.2064,0.1663,0.0152,0.4076,0.7803,0.7803,2.731
Bobby Witt,SS,SS,SS,False,1,677951,734,2700,0.073070713131665,0.0262321595371279,0.0963606731014287,0.1225928326385567,107.1,113.2,120.5,114.3,0.511,0.3285,0.783,0.1014,0.447,0.41,0.7697,734,0.096,DH|SS,125.1,0.71,False,0.04372,0.06461383760180289,0.19794828931537434,0.4762760064298886,0.009,0.36495,0.1623,0.1406,0.0397,0.3916,0.6945,0.6945,2.431
Yordan Álvarez,OF,OF|DH,"OF, DH",True,2,670541,644,2356,0.053679318272343,0.0418176973536214,0.1081208730275824,0.1499385703812039,88.1,119.9,122.8,120.0,0.479,0.2697,0.788,0.091,0.4781,0.406,0.7249,644,0.108,DH|LF,129.2,0.682,False,0.00945,0.08296442205187421,0.2071434990393456,0.47314746403528896,0.009,0.391385,0.1788,0.1426,0.0114,0.3694,0.6908,0.6908,2.418
Luis Arráez,IF,1B|2B|DH,"1B, 2B, DH",True,3,650333,712,2571,0.051958618940603,0.0686842637194317,-0.0318568491075485,0.0368274146118832,86.4,131.6,95.2,96.4,0.496,0.2688,0.924,0.0311,0.3379,0.325,0.9304,712,-0.032,1B|2B|DH,,0.704,False,0.01339,0.08319897716148442,0.1391939299474952,0.3980571337016222,0.009,0.272215,0.1348,0.1174,0.0145,0.3656,0.6178,0.6178,2.162
Jackson Merrill,OF,OF,OF,False,1,701538,625,2331,0.0736139375244502,0.0131361015360616,0.0791890605766511,0.0923251621127127,107.6,107.5,117.1,108.0,0.571,0.353,0.819,0.111,0.437,0.36,0.791,625,0.079,CF,117.7,0.676,False,0.02698,0.05672396798990424,0.20011969844607647,0.46555214703563086,0.009,0.35645,0.1562,0.1371,0.0256,0.3568,0.6501,0.6501,2.275
Vladimir Guerrero,1B,1B|3B|DH,"1B, 3B, DH",True,3,665489,708,2662,0.0739723965478406,0.026618803373342,0.0884499652027994,0.1150687685761414,108.0,113.3,118.9,112.7,0.48,0.2796,0.772,0.0987,0.4403,0.405,0.7848,708,0.088,1B|3B|DH,123.8,0.702,False,0.00287,0.08042376096650918,0.2123757468311971,0.4729118305271769,0.009,0.359255,0.166,0.1404,0.0059,0.3559,0.6623,0.6623,2.318
Oneil Cruz,OF,SS|OF,"SS, OF",True,2,665833,617,2478,0.0470647369978672,-0.0085676302364545,0.1151386369897482,0.1065710067532937,81.6,98.1,124.2,111.0,0.464,0.3191,0.676,0.1463,0.4177,0.338,0.7724,617,0.115,CF|DH|SS,120.6,0.673,False,0.03673,0.06680906829400872,0.2524885367098221,0.49727617858785017,0.009,0.340045,0.1539,0.1443,0.0335,0.3541,0.6523,0.6523,2.283
Pavin Smith,1B,OF,OF,False,1,656976,158,633,0.0557100230790991,0.0229463861093946,0.0868990840899783,0.109845470199373,90.1,111.8,118.6,111.6,0.381,0.2351,0.822,0.0791,0.3805,0.391,0.6749,158,0.087,1B|DH|LF|RF,122.6,0.345,False,0.00633,0.09419580292823682,0.2059661512336992,0.4375035182835593,0.009,0.308425,0.1523,0.1297,0.013,0.3477,0.6297,0.6297,2.204
Luis García,2B,2B,2B,False,1,671277,532,1893,0.0618800640138092,0.0309006051418135,0.025572343242045,0.0564729483838585,96.1,115.2,106.5,100.5,0.518,0.3521,0.798,0.0907,0.364,0.334,0.8113,532,0.026,2B|DH,119.5,0.639,False,0.04167,0.05663638795001119,0.17730470442156746,0.4183442110667156,0.009,0.2944,0.1332,0.122,0.0369,0.3436,0.5988,0.5988,2.096
José Ramírez,3B,3B|DH,"3B, DH",True,2,608070,715,2906,0.0664874598367152,0.0234452572209145,-0.0149652556383093,0.0084800015826051,100.6,112.0,98.5,90.4,0.498,0.276,0.858,0.0693,0.36,0.365,0.8169,715,-0.015,3B|DH,104.5,0.704,False,0.06012,0.08134225884477636,0.1801554421596329,0.37830714548717626,0.009,0.291,0.1411,0.1137,0.0532,0.3417,0.5965,0.5965,2.088
Ketel Marte,2B,2B|DH,"2B, DH",True,2,606466,596,2215,0.0712319385248528,0.0118934592199205,0.0704952201014259,0.0823886793213465,105.3,107.0,115.4,105.9,0.483,0.2643,0.816,0.0911,0.4243,0.398,0.731,596,0.07,2B|DH,126.7,0.665,False,0.01201,0.08527241629079968,0.20919052228393087,0.43766686893528106,0.009,0.345655,0.1628,0.1314,0.0136,0.3363,0.6305,0.6305,2.207
Ronald Acuña,OF,OF,OF,False,1,660670,224,913,0.0867853624815989,-0.026184405836972,0.0447223897367017,0.0185379838997296,120.5,90.5,110.3,92.5,0.471,0.2311,0.787,0.0944,0.456,0.338,0.713,224,0.045,RF,102.8,0.427,False,0.07207,0.09648590462934242,0.22483639648238568,0.4043477356257967,0.009,0.3726,0.1769,0.1257,0.0512,0.3362,0.6388,0.6388,2.236
Kyle Tucker,OF,OF,OF,False,1,663656,355,1417,0.0723954896660758,0.0144515663740309,0.0461192604790737,0.0605708268531046,106.4,108.1,110.6,101.3,0.416,0.2493,0.816,0.0752,0.4158,0.414,0.7059,355,0.046,DH|RF,111.2,0.542,False,0.03245,0.09014916926393374,0.1964378816619738,0.4046468066107528,0.009,0.33842999999999995,0.1619,0.1234,0.0288,0.3362,0.6215,0.6215,2.175
Francisco Lindor,SS,SS,SS,False,1,596019,774,3028,0.0727395553245103,0.0040140116186473,0.0584098757587019,0.0624238873773492,106.8,103.5,113.0,101.7,0.488,0.2765,0.787,0.1037,0.4234,0.368,0.7288,774,0.058,DH|SS,113.6,0.721,False,0.04209,0.08138470546836597,0.21918426900690147,0.4244006488170589,0.009,0.34489,0.1611,0.128,0.0385,0.3341,0.6232,0.6232,2.181
Jung Hoo Lee,OF,OF,OF,False,1,808982,165,598,0.0479666531986209,0.0734796005295175,-0.0418715656835436,0.0316080348459738,82.5,133.7,93.2,95.3,0.438,0.257,0.859,0.038,0.327,0.303,0.885,165,-0.042,CF,105.5,0.355,False,0.01266,0.08687871521132612,0.15128235348920616,0.3732484412670229,0.009,0.26295,0.1328,0.1111,0.0162,0.334,0.5779,0.5779,2.023
Kerry Carpenter,OF,OF|DH,"OF, DH",True,2,681481,340,1313,0.0669333587449314,-0.0078799969466359,0.1293365600137263,0.1214565630670903,101.1,98.4,127.0,114.1,0.511,0.3271,0.751,0.1363,0.4601,0.389,0.7072,340,0.129,DH|LF|RF,123.5,0.531,False,0.0,0.0648684008617068,0.23822714334343986,0.48992567607989224,0.009,0.376085,0.1665,0.1446,0.0061,0.3317,0.6428,0.6428,2.25
Fernando Tatís,OF,OF,OF,False,1,665487,472,1665,0.0814041640934739,0.0052793818343397,0.113200352889444,0.1184797347237838,115.2,104.1,123.8,113.5,0.512,0.3011,0.705,0.1411,0.4671,0.379,0.7033,472,0.113,DH|RF,123.0,0.611,False,0.02511,0.07372224559911296,0.2530052644769761,0.4717206825116736,0.009,0.382035,0.172,0.1411,0.0239,0.3253,0.6384,0.6384,2.234
Marcell Ozuna,DH,DH,DH,False,1,542303,697,2913,0.0792149178294222,-0.0181506138674357,0.1368747115739795,0.1187240977065437,113.1,93.9,128.4,113.5,0.468,0.3008,0.733,0.1327,0.4996,0.395,0.6561,697,0.137,DH,108.5,0.699,False,0.00145,0.0737500285374281,0.2435386552076113,0.47984250446159704,0.009,0.40965999999999997,0.1822,0.1447,0.0047,0.3238,0.6507,0.6507,2.277
Corey Seager,SS,SS,SS,False,1,608369,529,1885,0.0865863433212372,0.0097809656690845,0.0915238599600374,0.1013048256291219,120.3,106.0,119.5,109.9,0.532,0.2871,0.757,0.1194,0.4634,0.37,0.7458,529,0.092,DH|SS,121.1,0.638,False,0.00188,0.07840777597699489,0.23328403259946356,0.46293721999577353,0.009,0.37888999999999995,0.1725,0.1391,0.0059,0.323,0.6346,0.6346,2.221
Joc Pederson,1B,DH,DH,False,1,592626,467,1887,0.0507705854911384,-0.0108333819517878,0.0919454710659595,0.0811120891141717,85.3,97.1,119.6,105.6,0.443,0.3028,0.766,0.1017,0.4324,0.398,0.6416,467,0.092,DH,116.2,0.609,False,0.01559,0.07219080392322826,0.20749008996148982,0.4307354909333263,0.009,0.35253999999999996,0.1605,0.1294,0.0167,0.3211,0.611,0.611,2.138
Bryson Stott,2B,2B,2B,False,1,681082,602,2440,0.0497435562400187,0.0185455561722567,-0.0244089093474531,-0.0058633531751963,84.3,109.8,96.7,87.4,0.441,0.2865,0.85,0.0657,0.3317,0.304,0.7776,602,-0.024,2B|DH|SS,101.9,0.667,False,0.05604,0.07741804616442076,0.17229359638434782,0.35694515576221864,0.009,0.266945,0.1307,0.1069,0.0489,0.32,0.5576,0.5576,1.952
Steven Kwan,OF,OF,OF,False,1,680757,596,2373,0.052978976950058,0.0565732723470839,-0.0420615610610939,0.0145117112859899,87.4,126.3,93.2,91.7,0.392,0.206,0.912,0.0321,0.3231,0.361,0.8077,596,-0.042,DH|LF,102.0,0.665,False,0.02222,0.1034978056029844,0.16281431313321781,0.34849145604920584,0.009,0.259635,0.1377,0.106,0.0218,0.32,0.5637,0.5637,1.973
Nico Hoerner,2B,2B,2B,False,1,663538,641,2313,0.0571524560520381,0.0449022413468754,-0.0438700408965569,0.0010322004503184,91.5,121.3,92.8,88.9,0.483,0.3186,0.87,0.0527,0.3171,0.332,0.805,641,-0.044,2B|SS,103.9,0.681,False,0.04836,0.06729584370174588,0.14598579966087138,0.34567704120594955,0.009,0.25453499999999996,0.1224,0.1028,0.043,0.319,0.5442,0.5442,1.905
Christian Yelich,OF,OF|DH,"OF, DH",True,2,592885,314,1268,0.0762687854563464,0.006931882049912,0.0457006870686484,0.0526325691185605,110.2,104.8,110.5,99.7,0.457,0.2214,0.769,0.1006,0.4154,0.399,0.6749,314,0.046,DH|LF,109.7,0.511,False,0.06667,0.09927758541153747,0.23537524610897265,0.3941649386471128,0.009,0.33808999999999995,0.1652,0.1214,0.0516,0.3187,0.6053,0.6053,2.119
Gunnar Henderson,SS,SS,SS,False,1,683002,729,2942,0.0613574430760305,0.0017390254348809,0.0769913972688359,0.0787304227037168,95.6,102.6,116.6,105.1,0.444,0.2326,0.761,0.1032,0.4406,0.384,0.6615,729,0.077,DH|SS,116.7,0.708,False,0.02921,0.09518335888752028,0.23432934454042811,0.42120143073827887,0.009,0.35951,0.1716,0.1289,0.0276,0.3187,0.6192,0.6192,2.167
Mookie Betts,SS,2B|SS|OF,"2B, SS, OF",True,3,605141,594,2348,0.0652892783667235,0.0492529689960745,-0.0062941074126298,0.0429588615834447,99.5,123.2,100.2,97.6,0.405,0.1956,0.851,0.0562,0.3913,0.378,0.7552,594,-0.006,2B|RF|SS,109.9,0.664,False,0.03101,0.10725168972915002,0.1940054826723301,0.36659422772347194,0.009,0.31760499999999997,0.1605,0.114,0.0288,0.3176,0.5921,0.5921,2.072
Ernie Clement,3B,3B|SS,"3B, SS",True,2,676391,463,1480,0.0589365436624114,0.0589604431929904,-0.0528279045411324,0.006132538651858,93.3,127.4,91.1,89.9,0.572,0.36,0.862,0.0667,0.3197,0.32,0.928,463,-0.053,2B|3B|SS,104.0,0.607,False,0.02655,0.05399496933089561,0.14712244026958327,0.37624911401442696,0.009,0.25674499999999995,0.1183,0.1095,0.0249,0.317,0.5448,0.5448,1.907
Brice Turang,2B,2B,2B,False,1,668930,629,2514,0.0621120726186734,0.0110767760837503,-0.0370934800169899,-0.0260167039332395,96.4,106.6,94.2,83.2,0.477,0.2668,0.842,0.0656,0.3201,0.308,0.7438,629,-0.037,2B,96.3,0.677,False,0.08078,0.08417309915719876,0.17923166218189188,0.3332627498778259,0.009,0.25708499999999995,0.1296,0.101,0.0691,0.3163,0.5469,0.5469,1.914
Seiya Suzuki,OF,OF|DH,"OF, DH",True,2,673548,584,2509,0.0654866373826625,-0.0190197991070593,0.0621509718440324,0.0431311727369731,99.7,93.6,113.7,97.7,0.396,0.2089,0.794,0.085,0.4358,0.372,0.6344,584,0.062,DH|LF|RF,107.8,0.661,False,0.02735,0.10296626973028912,0.2220696048985475,0.39740569583063523,0.009,0.35542999999999997,0.1729,0.1234,0.0258,0.3131,0.6094,0.6094,2.133
Michael Harris,OF,OF,OF,False,1,671739,482,1727,0.0586989938917454,0.0160095754213114,0.0635030481638322,0.0795126235851437,93.0,108.7,114.0,105.3,0.552,0.3866,0.759,0.1257,0.4182,0.337,0.7567,482,0.064,CF,115.1,0.616,False,0.02128,0.04540111967963785,0.20484635151732816,0.4387443864048046,0.009,0.34047,0.1461,0.129,0.021,0.3093,0.5844,0.5844,2.045
Lars Nootbaar,OF,OF,OF,False,1,663457,403,1655,0.0496923712152627,0.0255327310124145,0.0240651427953444,0.0495978738077589,84.2,112.9,106.2,99.0,0.372,0.1914,0.804,0.0585,0.3951,0.34,0.6725,403,0.024,CF|LF|RF,109.0,0.573,False,0.01728,0.10810413102964321,0.19813041629956313,0.37136119155810154,0.009,0.320835,0.162,0.1154,0.018,0.3083,0.5857,0.5857,2.05
Elly De La Cruz,SS,SS,SS,False,1,682829,695,2751,0.0474162868152872,-0.0071437584531476,0.0670677112121736,0.0599239527590259,82.0,98.7,114.7,101.2,0.434,0.3152,0.714,0.1335,0.4397,0.359,0.5837,695,0.067,SS,113.1,0.698,False,0.09626,0.06808077135345657,0.23929567268514407,0.3862480537107436,0.009,0.358745,0.1613,0.1188,0.0827,0.3067,0.5868,0.5868,2.054
Iván Herrera,C,C,C,False,1,671056,269,1069,0.0533279390061907,0.0108624062080466,0.0598583220255551,0.0707207282336017,87.8,106.5,113.3,103.5,0.435,0.2476,0.779,0.0928,0.4097,0.364,0.6627,269,0.06,C|DH,116.0,0.473,False,0.01931,0.09008637065911358,0.2171062446504893,0.4050636221099136,0.009,0.33324499999999996,0.16,0.1232,0.0196,0.3066,0.5898,0.5898,2.064
Víctor Robles,OF,OF,OF,False,1,645302,306,1043,0.0878210558382528,0.0093786722199002,-0.0159769506424435,-0.0065982784225433,121.5,105.9,98.3,87.3,0.543,0.2934,0.757,0.1208,0.343,0.376,0.7886,306,-0.016,CF|DH|LF|RF,97.8,0.505,False,0.11525,0.07641417121995964,0.23262447784236667,0.3685859854055724,0.009,0.27655,0.1339,0.1102,0.0839,0.3053,0.5494,0.5494,1.923
Freddie Freeman,1B,1B,1B,False,1,518692,697,2744,0.0801706747167457,0.0032322047516814,0.0383422428482396,0.0415744475999211,114.0,103.2,109.0,97.4,0.497,0.264,0.814,0.0922,0.416,0.37,0.7337,697,0.038,1B,107.5,0.699,False,0.01411,0.08565520531224084,0.21055165198274145,0.4051929256543373,0.009,0.33859999999999996,0.1603,0.1232,0.0152,0.3045,0.588,0.588,2.058
Alec Burleson,1B,1B|OF|DH,"1B, OF, DH",True,3,676475,607,2152,0.0747443703685988,0.0259910159847779,-0.0006906695569847,0.0253003464277931,108.7,113.1,101.3,94.0,0.556,0.3375,0.822,0.0897,0.3569,0.329,0.8352,607,-0.001,1B|DH|LF|RF,103.9,0.669,False,0.01513,0.06176207412790993,0.18139132887970177,0.3989474654034367,0.009,0.288365,0.1329,0.1173,0.0161,0.3044,0.5546,0.5546,1.941
Giancarlo Stanton,DH,DH,DH,False,1,519317,536,2132,0.0547734926588769,-0.004012699515905,0.1300585947567679,0.1260458952408628,89.2,100.1,127.1,115.0,0.469,0.2749,0.687,0.1421,0.4746,0.344,0.6513,536,0.13,DH,109.3,0.641,False,0.0,0.08132250716419429,0.26352388435823915,0.47211186072188904,0.009,0.38841,0.1771,0.142,0.0044,0.3033,0.6224,0.6224,2.178
Rafael Devers,DH,3B,3B,False,1,646240,593,2402,0.0746273523034655,-0.013668626409005,0.109515109341083,0.095846482932078,108.6,95.9,123.1,108.7,0.509,0.3351,0.747,0.138,0.4525,0.371,0.6788,593,0.11,3B|DH,105.7,0.664,False,0.00499,0.0625332822259315,0.23730096533786305,0.46053997832923244,0.009,0.369625,0.1632,0.137,0.008,0.3028,0.603,0.603,2.11
Maikel García,3B,2B|3B,"2B, 3B",True,2,672580,650,2433,0.0607704071070937,0.0422101939494082,-0.0318601228041927,0.0103500711452154,95.1,120.1,95.2,90.8,0.436,0.2116,0.829,0.0669,0.3524,0.28,0.7518,650,-0.032,2B|3B|SS,105.0,0.684,False,0.05911,0.10194375634531751,0.20047338923672176,0.3402663535703053,0.009,0.28453999999999996,0.1463,0.1054,0.0518,0.3025,0.5542,0.5542,1.94
Brendan Donovan,2B,2B|OF,"2B, OF",True,2,680977,662,2539,0.0585952558352245,0.0410709393992237,-0.0162957075916238,0.0247752318075999,92.9,119.6,98.3,93.8,0.442,0.2247,0.862,0.0578,0.3596,0.339,0.7969,662,-0.016,2B|3B|DH|LF,110.5,0.688,False,0.00767,0.09764398737171058,0.18541212612489982,0.3708379714786151,0.009,0.29066,0.147,0.1128,0.0099,0.302,0.5618,0.5618,1.966
Alec Bohm,3B,1B|3B,"1B, 3B",True,2,664761,640,2214,0.0711428065139607,0.0359396703948262,0.0005911901250442,0.0365308605198704,105.2,117.4,101.6,96.3,0.503,0.2944,0.813,0.0793,0.3724,0.34,0.809,640,0.001,1B|3B|DH,111.2,0.681,False,0.00825,0.07555566867216505,0.18496638330640497,0.39170668031858535,0.009,0.30154,0.1429,0.1172,0.0105,0.3018,0.5619,0.5619,1.967
Starling Marte,OF,OF,OF,False,1,516782,448,1726,0.0723979961000782,0.0010745349640238,0.0442711911477043,0.0453457261117281,106.4,102.3,110.2,98.1,0.502,0.3268,0.768,0.1293,0.3964,0.325,0.759,448,0.044,DH|RF,108.2,0.599,False,0.04324,0.06513942870883051,0.23035620086938519,0.4201106616406912,0.009,0.32193999999999995,0.1465,0.1246,0.0374,0.3013,0.5724,0.5724,2.003
Jarren Duran,OF,OF,OF,False,1,680776,748,2867,0.0632275791600511,0.011925010201998,0.0336763184377877,0.0456013286397858,97.5,107.0,108.1,98.2,0.485,0.3066,0.767,0.1077,0.404,0.372,0.7057,748,0.034,CF|LF,108.3,0.714,False,0.04626,0.07136554526040177,0.2129683695764461,0.3917731060539882,0.009,0.3284,0.1512,0.1186,0.0419,0.3011,0.5709,0.5709,1.998
Yandy Díaz,1B,1B|DH,"1B, DH",True,2,650490,634,2511,0.0684860333055693,0.0297520560416871,-0.0001813648810817,0.0295706911606053,102.6,114.7,101.4,94.8,0.441,0.2026,0.844,0.0605,0.3823,0.344,0.7694,634,-0.0,1B|DH,104.7,0.679,False,0.0,0.10509464531517777,0.1964006575330286,0.37767675226279007,0.009,0.309955,0.1569,0.1161,0.0038,0.2992,0.5722,0.5722,2.003
Alejandro Kirk,C,C,C,False,1,672386,403,1566,0.0645970605858041,0.0283872375795363,-0.024737618434721,0.0036496191448152,98.8,114.1,96.6,89.4,0.46,0.2495,0.858,0.0566,0.3291,0.31,0.8096,403,-0.025,C|DH,104.1,0.573,False,0.0,0.08983480890245196,0.17516671418928603,0.3667754310986338,0.009,0.264735,0.1345,0.1098,0.0054,0.2958,0.5401,0.5401,1.89
Vinnie Pasquantino,1B,1B|DH,"1B, DH",True,2,686469,583,2231,0.0559101019902469,0.0367309456097996,-0.0073608527567297,0.0293700928530699,90.3,117.7,100.0,94.8,0.478,0.2932,0.854,0.067,0.3565,0.324,0.7881,583,-0.007,1B|DH,104.7,0.66,False,0.00181,0.07545313935687753,0.17137687675759178,0.3769981159428164,0.009,0.288025,0.1378,0.1128,0.0055,0.2956,0.5462,0.5462,1.912
Wyatt Langford,OF,OF|DH,"OF, DH",True,2,694671,567,2287,0.064376202369222,0.0134599452199332,0.0139604549071281,0.0274204001270614,98.6,107.6,104.2,94.4,0.426,0.238,0.806,0.087,0.383,0.33,0.711,567,0.014,CF|DH|LF,104.6,0.654,False,0.03411,0.09353935750777498,0.21393215314977732,0.37355968372702814,0.009,0.31055,0.1528,0.1144,0.0312,0.2934,0.5606,0.5606,1.962
Xavier Edwards,SS,SS,SS,False,1,669364,302,1184,0.0766683407441659,0.0107915648428829,-0.0609836703397806,-0.0501921054968977,110.6,106.5,89.5,78.2,0.475,0.2758,0.833,0.0778,0.3098,0.369,0.7704,302,-0.061,2B|SS,92.2,0.502,False,0.10231,0.08173550944695283,0.1899150134661552,0.31743563251773343,0.009,0.24833,0.1255,0.0965,0.075,0.2933,0.5153,0.5153,1.804
Lenyn Sosa,2B,2B|3B,"2B, 3B",True,2,672820,368,1377,0.0605421722551957,0.0145858518096274,0.0331886914291994,0.0477745432388268,94.8,108.1,108.0,98.7,0.527,0.4007,0.788,0.1053,0.3825,0.283,0.7568,368,0.033,2B|3B|DH,117.0,0.551,False,0.00813,0.04091012811077877,0.1765478061683757,0.40821928905708815,0.009,0.310125,0.1332,0.1196,0.0116,0.2932,0.546,0.546,1.911
Lawrence Butler,OF,OF,OF,False,1,671732,460,1859,0.0635276434278391,0.001337472122161,0.0501518010067743,0.0514892731289353,97.8,102.4,111.4,99.4,0.476,0.2693,0.74,0.1215,0.4073,0.347,0.6973,460,0.05,RF,109.4,0.605,False,0.03991,0.0834123526399125,0.24204942860716577,0.40628880086992814,0.009,0.33120499999999997,0.1567,0.1229,0.035,0.2917,0.5713,0.5713,2.0
Jordan Westburg,3B,2B|3B,"2B, 3B",True,2,676059,466,1708,0.0772578172433776,0.0075358791626477,0.0612914145342038,0.0688272936968516,111.2,105.1,113.5,103.1,0.508,0.2829,0.753,0.1248,0.4202,0.345,0.7337,466,0.061,2B|3B|DH|SS,118.8,0.608,False,0.01342,0.07946401706594931,0.24094222841631172,0.4286776611830909,0.009,0.34217,0.1593,0.1287,0.015,0.2912,0.5792,0.5792,2.027
Corbin Carroll,OF,OF,OF,False,1,682998,699,2701,0.049838432681524,0.0310796073109929,-0.0118990481001463,0.0191805592108466,84.4,115.3,99.1,92.7,0.413,0.2667,0.8,0.08,0.3626,0.334,0.7129,699,-0.012,CF|RF,103.0,0.7,False,0.05117,0.08381091858669971,0.1956800321011509,0.3479472507988316,0.009,0.29320999999999997,0.1428,0.1067,0.0457,0.2908,0.5403,0.5403,1.891
Cj Abrams,SS,SS,SS,False,1,682928,606,2269,0.0660005591662594,-0.0009046921519506,0.0212784590468733,0.0203737668949226,100.2,101.4,105.7,92.9,0.532,0.3741,0.792,0.1168,0.3619,0.328,0.7199,606,0.021,SS,105.6,0.669,False,0.0515,0.04967161952351272,0.19917711568445826,0.38481453308087055,0.009,0.29261499999999996,0.13,0.1134,0.0453,0.2896,0.533,0.533,1.866
Kyle Schwarber,OF,DH,DH,False,1,656941,718,2969,0.0597574521622007,-0.0215389055877391,0.1194203089644534,0.0978814033767142,94.1,92.5,125.0,109.1,0.402,0.2143,0.718,0.1186,0.4864,0.369,0.551,718,0.119,DH|LF,118.7,0.705,False,0.00723,0.10103957832138791,0.2584325609410684,0.42855655861415476,0.009,0.39843999999999996,0.1881,0.1334,0.0094,0.2896,0.6111,0.6111,2.139
Pete Alonso,1B,1B,1B,False,1,624413,770,3097,0.0581244727344906,0.0031657858797092,0.0633892504679849,0.0665550363476942,92.5,103.2,114.0,102.6,0.427,0.3032,0.774,0.0994,0.4288,0.352,0.6557,770,0.063,1B|DH,113.0,0.72,False,0.00432,0.07229839211341496,0.20472544869920065,0.40600288984421234,0.009,0.34948,0.1594,0.1233,0.0069,0.2895,0.5722,0.5722,2.003
Julio Rodríguez,OF,OF|DH,"OF, DH",True,2,677594,620,2407,0.0738338072484128,-0.0099757802240615,0.083407151111598,0.0734313708875364,107.8,97.5,117.9,104.0,0.541,0.3538,0.718,0.1521,0.439,0.34,0.681,620,0.083,CF|DH,113.8,0.674,False,0.03915,0.056472377112834184,0.24667753916840474,0.4343265401794164,0.009,0.35814999999999997,0.1567,0.1297,0.0354,0.2885,0.5749,0.5749,2.012
Lane Thomas,OF,OF,OF,False,1,657041,580,2283,0.070906779889563,-0.0107060225420095,0.0071162168309872,-0.0035898057110223,105.0,97.2,102.9,87.9,0.433,0.2492,0.803,0.0909,0.3893,0.322,0.6638,580,0.007,CF|DH|RF,98.4,0.659,False,0.06061,0.09013542058983617,0.21436794217687782,0.35140996157849647,0.009,0.31590499999999994,0.1536,0.1092,0.0523,0.2885,0.5513,0.5513,1.93
Manny Machado,3B,3B|DH,"3B, DH",True,2,592518,674,2518,0.0705823016617733,0.0119092991133473,0.0420108748382465,0.0539201739515939,104.7,107.0,109.7,99.9,0.52,0.2995,0.774,0.1158,0.3971,0.342,0.7443,674,0.042,3B|DH,115.2,0.692,False,0.01711,0.07389343092366299,0.22474204064170655,0.4127453430468,0.009,0.32253499999999996,0.15,0.1234,0.0176,0.2885,0.5619,0.5619,1.967
Alex Bregman,3B,3B,3B,False,1,608324,656,2466,0.0719312431130336,0.0390357259004043,-0.0321692639715801,0.0068664619288241,106.0,118.7,95.1,90.1,0.451,0.1894,0.868,0.05,0.3487,0.338,0.7873,656,-0.032,3B|DH,104.2,0.686,False,0.00473,0.10946613004210634,0.18915838267800827,0.3512496306659852,0.009,0.281395,0.1479,0.1083,0.0076,0.2882,0.5444,0.5444,1.905
Richie Palacios,OF,2B|OF,"2B, OF",True,2,680700,335,1347,0.0763212953743128,-0.0099367462399811,-0.0282051742471805,-0.0381419204871616,110.3,97.5,95.9,80.7,0.465,0.2513,0.815,0.083,0.3319,0.311,0.7502,335,-0.028,2B|3B|DH|LF|RF,91.5,0.528,False,0.06013,0.08963195324557605,0.2046120818858736,0.34393617646577934,0.009,0.26711499999999994,0.1353,0.1045,0.0477,0.2857,0.5255,0.5255,1.839
Riley Greene,OF,OF|DH,"OF, DH",True,2,682985,637,2625,0.0645040485417978,-0.0150998623283476,0.0758345806655125,0.0607347183371648,98.7,95.3,116.4,101.4,0.442,0.2626,0.756,0.1147,0.4545,0.363,0.655,637,0.076,CF|DH|LF|RF,111.3,0.68,False,0.00685,0.08560406888945288,0.23669745725234662,0.41771398827195444,0.009,0.371325,0.1724,0.1282,0.0094,0.285,0.5856,0.5856,2.05
Ildemaro Vargas,2B,2B|3B,"2B, 3B",True,2,545121,312,1079,0.0522995526860258,0.064600121280231,-0.0838188197942469,-0.0192186985140158,86.8,129.8,85.0,84.6,0.462,0.3086,0.872,0.054,0.2922,0.278,0.8792,312,-0.084,2B|3B|LF|SS,98.1,0.51,False,0.0297,0.0703684136111515,0.15104720700636876,0.32927069201254705,0.009,0.23337000000000002,0.1157,0.0978,0.0266,0.2842,0.4977,0.4977,1.742
Lourdes Gurriel,OF,OF,OF,False,1,666971,568,2127,0.0686704271779671,0.0211022224248862,0.0026792712507399,0.0237814936756261,102.8,111.0,102.0,93.6,0.511,0.3171,0.805,0.0919,0.372,0.33,0.7767,568,0.003,DH|LF,103.9,0.654,False,0.01266,0.0681513447462982,0.1912014274420306,0.3834279444771921,0.009,0.30119999999999997,0.14,0.1147,0.0142,0.2836,0.5383,0.5383,1.884
Michael Conforto,OF,OF|DH,"OF, DH",True,2,624424,492,1984,0.0656479407334825,-0.0107048631248028,0.0627227613141024,0.0520178981892995,99.8,97.2,113.8,99.5,0.448,0.2402,0.774,0.1033,0.4124,0.334,0.6655,492,0.063,DH|LF,109.5,0.621,False,0.0,0.09286884870268713,0.23172273601020538,0.40851727120211595,0.009,0.33553999999999995,0.1618,0.1243,0.0047,0.2834,0.5695,0.5695,1.993
Jesús Sánchez,OF,OF|DH,"OF, DH",True,2,660821,552,2048,0.0624385108800139,0.0035932747268387,0.0796713682609193,0.0832646429877581,96.7,103.4,117.2,106.1,0.536,0.3238,0.732,0.1444,0.4432,0.328,0.6775,552,0.08,DH|LF|RF,115.9,0.648,False,0.0298,0.06578869964191936,0.2486405220437564,0.4294261212960609,0.009,0.36172,0.1615,0.1293,0.0277,0.2833,0.5741,0.5741,2.009
Xander Bogaerts,SS,2B|SS,"2B, SS",True,2,593428,494,1922,0.0599500561458193,0.0320652567563213,-0.0226704132618465,0.0093948434944748,94.3,115.7,97.0,90.6,0.439,0.2877,0.794,0.0766,0.3436,0.31,0.7675,494,-0.023,2B|DH|SS,103.5,0.622,False,0.02808,0.07735950790495663,0.18428743613785092,0.3549715221213831,0.009,0.27706,0.1345,0.107,0.0262,0.2832,0.5247,0.5247,1.836
Ryan O'Hearn,1B,1B|OF|DH,"1B, OF, DH",True,3,656811,498,1943,0.0610146701918597,0.034583056560796,0.006836999951902,0.0414200565126981,95.3,116.8,102.8,97.3,0.465,0.2983,0.785,0.0868,0.388,0.348,0.7635,498,0.007,1B|DH|LF|RF,107.4,0.624,False,0.00607,0.07397169174330077,0.1921185087488378,0.3829757342763026,0.009,0.31479999999999997,0.1472,0.1158,0.0093,0.2831,0.5461,0.5461,1.911
Brent Rooker,OF,DH,DH,False,1,667670,618,2409,0.0695742212158381,-0.0126803745087513,0.1333202689440638,0.1206398944353124,103.7,96.3,127.7,113.9,0.501,0.2825,0.664,0.1609,0.4993,0.398,0.599,618,0.133,DH|LF|RF,123.3,0.673,False,0.01792,0.07934656759567577,0.28223082516537207,0.45782062032267234,0.009,0.409405,0.1842,0.1397,0.0183,0.2822,0.6061,0.6061,2.121
Matt Chapman,3B,3B,3B,False,1,656305,651,2724,0.0675477478856134,-0.0125317034565616,0.0464865525249868,0.0339548490684251,101.7,96.4,110.6,95.8,0.445,0.2117,0.735,0.1007,0.4188,0.349,0.6506,651,0.046,3B,110.6,0.685,False,0.02318,0.10212843387425354,0.2389615475559944,0.3867904216958068,0.009,0.34098,0.1673,0.12,0.0226,0.2816,0.5689,0.5689,1.991
Brandon Marsh,OF,OF,OF,False,1,669016,505,2113,0.0515900903509924,-0.0170362787405798,0.0563730504728407,0.0393367717322609,86.1,94.4,112.6,96.9,0.415,0.2805,0.732,0.1061,0.4265,0.328,0.5895,505,0.056,CF|LF|RF,107.0,0.627,False,0.03992,0.07941345182340134,0.22048781109892057,0.3774356380638708,0.009,0.347525,0.1613,0.1167,0.0354,0.2808,0.5588,0.5588,1.956
José Altuve,OF,2B,2B,False,1,514888,697,2510,0.0630515462805932,0.0246271864305478,-0.0022620888804393,0.0223650975501085,97.3,112.5,101.0,93.3,0.512,0.314,0.835,0.0952,0.3584,0.352,0.7444,697,-0.002,2B|DH,103.6,0.699,False,0.03226,0.06897094423357704,0.19607235422342997,0.3681414558827417,0.009,0.28963999999999995,0.136,0.1104,0.0301,0.2801,0.5265,0.5265,1.843
Carlos Correa,SS,SS,SS,False,1,621043,378,1426,0.0671536009982279,0.0287585890350643,0.0251182593530902,0.0538768483881546,101.3,114.3,106.4,99.9,0.449,0.2608,0.792,0.0907,0.3867,0.403,0.7235,378,0.025,DH|SS,112.0,0.558,False,0.0,0.08627040471041,0.20998751834771917,0.3890189942719342,0.009,0.31369499999999995,0.1513,0.1179,0.0057,0.28,0.5492,0.5492,1.922
Michael Toglia,1B,1B|OF,"1B, OF",True,2,669911,470,1973,0.062302294316404,-0.0314176671972399,0.1214269912210656,0.0900093240238256,96.6,88.2,125.4,107.5,0.451,0.2881,0.677,0.1644,0.4395,0.334,0.6277,470,0.121,1B|RF,118.2,0.61,False,0.02183,0.0773060285203917,0.28421535077372984,0.45649297685534485,0.009,0.358575,0.1646,0.1363,0.0214,0.28,0.5809,0.5809,2.033
Tyler O'Neill,OF,OF|DH,"OF, DH",True,2,641933,477,2015,0.066463474774425,-0.0432597580828768,0.104060448551217,0.0608006904683401,100.6,83.1,122.0,101.4,0.446,0.2653,0.706,0.1308,0.4493,0.364,0.5971,477,0.104,DH|LF|RF,111.3,0.614,False,0.00846,0.08479521657302934,0.254081101875952,0.42858415992958765,0.009,0.366905,0.1705,0.1305,0.0112,0.2795,0.5805,0.5805,2.032
Austin Riley,3B,3B,3B,False,1,663586,472,1829,0.0821849962154055,-0.0152156570270747,0.0832626569721617,0.0680469999450869,116.0,95.2,117.9,102.9,0.501,0.2958,0.737,0.1273,0.4613,0.35,0.6648,472,0.083,3B,118.5,0.611,False,0.0,0.07545888589365049,0.23917379880062728,0.42855772852473173,0.009,0.37710499999999997,0.1708,0.1305,0.0048,0.2786,0.5799,0.5799,2.03
Jurickson Profar,OF,OF,OF,False,1,595777,700,2868,0.0785442838085568,0.000771959780898,-0.0021804041328618,-0.0014084443519638,112.4,102.1,101.0,88.4,0.456,0.2384,0.827,0.0761,0.3584,0.367,0.7225,700,-0.002,1B|DH|LF,98.9,0.7,False,0.01497,0.09386389385987204,0.2013655587162978,0.3610997690753237,0.009,0.28963999999999995,0.1452,0.1102,0.0159,0.2785,0.5339,0.5339,1.869
Jake Mccarthy,OF,OF,OF,False,1,664983,504,1821,0.0606427529817991,0.028559215210595,-0.0300704680867007,-0.0015112528761057,94.9,114.2,95.5,88.3,0.494,0.2897,0.767,0.0889,0.3297,0.339,0.7629,504,-0.03,CF|LF|RF,98.8,0.627,False,0.05051,0.07673381780564376,0.19759056534667588,0.3459780423469027,0.009,0.26524499999999995,0.1299,0.1041,0.0435,0.2776,0.5116,0.5116,1.791
Paul Goldschmidt,1B,1B,1B,False,1,502671,673,2794,0.0664075295756396,-0.0182951860263815,0.0599587819216511,0.0416635958952696,100.6,93.9,113.3,97.4,0.477,0.2576,0.758,0.1171,0.4304,0.33,0.6635,673,0.06,1B|DH,107.5,0.692,False,0.01682,0.08728005531205249,0.2412227444192328,0.4048011317014645,0.009,0.35084,0.1654,0.124,0.0174,0.2773,0.5667,0.5667,1.983
Yainer Diaz,C,C|1B|DH,"C, 1B, DH",True,3,673237,641,2204,0.0754964503801117,0.0199832648162953,0.0460749364171172,0.0660582012334126,109.5,110.5,110.6,102.5,0.586,0.429,0.763,0.1371,0.4074,0.347,0.7914,641,0.046,1B|C|DH,115.2,0.681,False,0.00323,0.03226074170329919,0.20266163925976477,0.4323492248645482,0.009,0.33129,0.1378,0.1261,0.0064,0.2773,0.5412,0.5412,1.894
Jacob Young,OF,OF,OF,False,1,696285,525,1958,0.0535050725448793,0.0213998287002304,-0.0457635267545988,-0.0243636980543683,87.9,111.1,92.5,83.6,0.449,0.2946,0.816,0.0815,0.3158,0.304,0.7509,525,-0.046,CF,94.3,0.636,False,0.06334,0.07492246025454229,0.18740226536403798,0.32674178442833834,0.009,0.25343,0.1248,0.0987,0.0537,0.277,0.5005,0.5005,1.752
Alex Verdugo,OF,OF,OF,False,1,657077,689,2605,0.0518544359967363,0.0436075942419887,-0.0326490280059533,0.0109585662360353,86.3,120.7,95.0,91.0,0.439,0.2484,0.855,0.0587,0.3373,0.298,0.7838,689,-0.033,LF|RF,101.4,0.697,False,0.00322,0.0897788991948848,0.17795398322473494,0.3498862437171102,0.009,0.271705,0.1371,0.1062,0.0062,0.2769,0.5202,0.5202,1.821
Ha-Seong Kim,SS,SS,SS,False,1,673490,473,2003,0.0541453503570876,0.0286112143642457,-0.0465186331429591,-0.0179074187787133,88.6,114.2,92.3,84.9,0.38,0.2281,0.829,0.057,0.3316,0.322,0.7169,473,-0.047,SS,98.3,0.612,False,0.04681,0.09640544083600552,0.18328321283263005,0.3143643373186732,0.009,0.26686,0.1377,0.0978,0.0404,0.2769,0.5124,0.5124,1.793
Jake Cronenworth,2B,1B|2B,"1B, 2B",True,2,630105,689,2857,0.0684024319414338,0.005565726149804,-0.0038802129086779,0.001685513241126,102.5,104.2,100.7,89.0,0.451,0.2364,0.854,0.068,0.3584,0.327,0.7117,689,-0.004,1B|2B|DH,104.0,0.697,False,0.00762,0.09418388427649305,0.19284942989340303,0.3560544773257243,0.009,0.28963999999999995,0.1453,0.109,0.0098,0.2762,0.5305,0.5305,1.857
David Hamilton,2B,2B|SS,"2B, SS",True,2,666152,321,1191,0.0588314265062085,0.0117968394335601,-0.0317350554100453,-0.0199382159764852,93.2,106.9,95.2,84.5,0.458,0.2446,0.783,0.0896,0.277,0.313,0.6596,321,-0.032,2B|SS,98.0,0.517,False,0.1041,0.0912319926899064,0.21453292128616486,0.312513620507524,0.009,0.22045000000000003,0.1187,0.0942,0.0773,0.2755,0.4884,0.4884,1.709
Derek Hill,OF,OF,OF,False,1,656537,172,609,0.0647488687607553,-0.0188430947047978,0.047831331122639,0.0289882364178411,98.9,93.6,110.9,94.7,0.542,0.3287,0.732,0.1295,0.3143,0.318,0.6912,172,0.048,CF|DH|LF|RF,104.9,0.364,False,0.03488,0.06427975468014745,0.2299040070862433,0.404041264292207,0.009,0.252155,0.1204,0.1165,0.0279,0.2753,0.5122,0.5122,1.793
Otto Lopez,2B,2B,2B,False,1,672640,437,1547,0.072470641377226,0.0252902922832596,-0.0127894430366335,0.012500849246626,106.5,112.8,99.0,91.3,0.514,0.2928,0.808,0.1057,0.359,0.327,0.771,437,-0.013,2B|3B|LF|SS,107.1,0.593,False,0.04608,0.07611473101346387,0.21562885469794224,0.3661947807198425,0.009,0.29014999999999996,0.1388,0.1104,0.0394,0.2751,0.5243,0.5243,1.835
Santiago Espinal,3B,2B|3B,"2B, 3B",True,2,669289,399,1527,0.0742659038197161,0.023454908447281,-0.0662760934841775,-0.0428211850368965,108.3,112.0,88.4,79.7,0.487,0.2546,0.858,0.0646,0.3133,0.292,0.8375,399,-0.066,2B|3B|DH|LF|RF|SS,92.6,0.571,False,0.02813,0.08850128049017772,0.1824591546200617,0.3331564809564126,0.009,0.251305,0.1291,0.1009,0.0259,0.2741,0.5041,0.5041,1.764
Willie Calhoun,1B,DH,DH,False,1,641432,255,960,0.0607759730288687,0.0427457915583158,-0.0613551659917562,-0.0186093744334404,95.1,120.3,89.4,84.8,0.436,0.2341,0.855,0.0566,0.3179,0.31,0.8526,255,-0.061,1B|DH,94.1,0.459,False,0.0,0.09468286392609399,0.18067947798405862,0.34313847797431957,0.009,0.25521499999999997,0.1328,0.1039,0.0074,0.2735,0.5102,0.5102,1.786
Randal Grichuk,OF,OF|DH,"OF, DH",True,2,545341,279,1088,0.0698653600480388,0.021182608793362,0.0290918906383757,0.0502744994317378,104.0,111.0,107.2,99.2,0.473,0.3254,0.775,0.1077,0.3948,0.382,0.7395,279,0.029,DH|LF|RF,109.2,0.482,False,0.0,0.0655123273297764,0.20623850208672373,0.39815404743341754,0.009,0.32058,0.1462,0.1193,0.007,0.2734,0.5389,0.5389,1.886
Pedro Pagés,C,C,C,False,1,686780,222,864,0.0565653799558688,-0.0116508572156068,-0.0101006817814292,-0.021751538997036,90.9,96.8,99.5,84.1,0.505,0.2793,0.792,0.0617,0.36,0.295,0.684,222,-0.01,C,99.6,0.425,False,0.00917,0.07995847990048262,0.1703119444576413,0.3408169809185842,0.009,0.291,0.1406,0.1046,0.0135,0.273,0.5182,0.5182,1.814
Will Brennan,OF,OF|DH,"OF, DH",True,2,686823,377,1306,0.070815629469854,0.0208981982688626,-0.0298476296653913,-0.0089494313965287,104.9,110.9,95.6,86.8,0.548,0.3901,0.828,0.0913,0.33,0.31,0.8344,377,-0.03,CF|DH|LF|RF,97.3,0.557,False,0.01133,0.04466281163564751,0.16438563797011865,0.36948471856046683,0.009,0.2655,0.1181,0.1078,0.0138,0.2726,0.4985,0.4985,1.745
Isiah Kiner-Falefa,SS,2B|3B|SS,"2B, 3B, SS",True,3,643396,518,1782,0.0458682168202064,0.0571729764309946,-0.0497720563811583,0.0074009200498363,80.5,126.6,91.7,90.2,0.46,0.3035,0.866,0.0671,0.3223,0.31,0.7973,518,-0.05,2B|3B|SS,103.2,0.633,False,0.02218,0.07180712901101863,0.16780374470490889,0.3373041491088192,0.009,0.25895499999999994,0.1257,0.1013,0.0217,0.272,0.499,0.499,1.746
Masataka Yoshida,OF,DH,DH,False,1,807799,428,1611,0.0589039543164769,0.0412848693583201,-0.0360399149254926,0.0052449544328275,93.2,119.7,94.4,89.8,0.454,0.2598,0.834,0.0656,0.3393,0.345,0.7889,428,-0.036,DH,100.2,0.588,False,0.00475,0.08632685647780874,0.18173746390678852,0.3483305158480485,0.009,0.27340499999999995,0.1364,0.1057,0.0087,0.2706,0.5127,0.5127,1.794
Miguel Rojas,2B,2B|SS,"2B, SS",True,2,500743,353,1268,0.0646198251049137,0.0577660388306581,-0.0675989167599296,-0.0098328779292714,98.8,126.8,88.1,86.6,0.465,0.2925,0.844,0.0669,0.3006,0.328,0.8427,353,-0.068,2B|3B|SS,100.8,0.541,False,0.02374,0.07595843672349147,0.17151348073041647,0.3335746632012151,0.009,0.24050999999999995,0.1204,0.0996,0.0226,0.2696,0.4896,0.4896,1.714
Colt Keith,2B,2B|DH,"2B, DH",True,2,690993,604,2235,0.0643230414712916,0.0168036649608804,-0.00728696375459,0.0095167012062904,98.5,109.1,100.0,90.7,0.486,0.2913,0.793,0.0903,0.364,0.311,0.763,604,-0.007,2B|DH,106.3,0.668,False,0.01259,0.07633582303909654,0.19861347746200952,0.36873920216044487,0.009,0.2944,0.1405,0.1113,0.0141,0.2696,0.5214,0.5214,1.825
Josh Lowe,OF,OF,OF,False,1,666139,386,1669,0.0645957551174533,-0.0277159616163585,0.0486681109218866,0.0209521493055281,98.8,89.8,111.1,93.0,0.515,0.3104,0.724,0.143,0.4186,0.306,0.6527,386,0.049,CF|DH|LF|RF,103.3,0.563,False,0.0646,0.07018199342108697,0.25184167569324845,0.39009180519207315,0.009,0.34081,0.1554,0.1188,0.0521,0.2695,0.5437,0.5437,1.903
J. T. Realmuto,C,C,C,False,1,592663,448,1731,0.065464519788573,-0.0088478335165822,0.054297666703212,0.0454498331866298,99.6,98.0,112.2,98.2,0.5,0.3061,0.756,0.1204,0.4202,0.337,0.6896,448,0.054,C,111.5,0.599,False,0.00484,0.07159592738588125,0.22762233277139418,0.4076828834361985,0.009,0.34217,0.1564,0.1232,0.0086,0.2693,0.5489,0.5489,1.921
Taylor Ward,OF,OF|DH,"OF, DH",True,2,621493,678,2648,0.0705747192717954,-0.0037882549581715,0.0321273086539755,0.0283390536958039,104.6,100.2,107.8,94.6,0.434,0.2227,0.793,0.0964,0.4069,0.332,0.6764,678,0.032,DH|LF,104.8,0.693,False,0.00905,0.09867398995458365,0.23012288254556174,0.3807065462609447,0.009,0.33086499999999996,0.1623,0.1177,0.011,0.2693,0.5493,0.5493,1.923
Jonathan India,2B,2B|DH,"2B, DH",True,2,663697,638,2652,0.0579983979108189,0.007508280031459,-0.0008767701384461,0.0066315098930128,92.3,105.1,101.3,90.0,0.383,0.216,0.792,0.0707,0.3791,0.34,0.6612,638,-0.001,2B|DH,105.4,0.68,False,0.02041,0.10043180988030335,0.20322940945405688,0.3424424348794519,0.009,0.307235,0.1542,0.1072,0.0203,0.2689,0.5303,0.5303,1.856
Edward Olivares,OF,OF,OF,False,1,658668,212,819,0.0704684449902905,0.0063115034976109,0.0094615708449171,0.015773074342528,104.5,104.5,103.3,92.0,0.512,0.3164,0.782,0.11,0.374,0.288,0.7819,212,0.009,DH|RF,102.3,0.414,False,0.0051,0.0684331197642772,0.21208169975388597,0.39186467125300556,0.009,0.3029,0.1407,0.1169,0.0113,0.2685,0.5261,0.5261,1.841
Christian Walker,1B,1B,1B,False,1,572233,569,2387,0.0869796833606843,-0.0263767834200346,0.0526038917589936,0.0262271083389589,120.7,90.4,111.8,94.1,0.484,0.2523,0.758,0.1169,0.4144,0.345,0.6864,569,0.053,1B,104.0,0.655,False,0.00362,0.0896511046255097,0.24289204189732455,0.40470267802903737,0.009,0.33724,0.1613,0.1233,0.007,0.2675,0.5521,0.5521,1.932
Will Smith,C,C,C,False,1,669257,613,2557,0.0691641902603525,0.0001097823822943,0.0053757786373398,0.0054855610196341,103.3,101.9,102.5,89.8,0.456,0.2296,0.821,0.0818,0.3712,0.327,0.718,613,0.005,C|DH,104.4,0.671,False,0.00184,0.0964045840656455,0.2110123528370731,0.3671948691582255,0.009,0.30051999999999995,0.1502,0.1125,0.0054,0.267,0.5297,0.5297,1.854
Joey Bart,C,C|DH,"C, DH",True,2,663698,286,1140,0.0506964943573604,-0.0002311997465132,0.0529977314247391,0.0527665316782259,85.2,101.7,111.9,99.7,0.436,0.3006,0.686,0.1156,0.353,0.353,0.6694,286,0.053,C|DH,112.8,0.488,False,0.0,0.07289747075530117,0.22412031939989277,0.4013023426364276,0.009,0.28504999999999997,0.1358,0.1183,0.0069,0.266,0.5201,0.5201,1.82
Salvador Pérez,C,C|1B|DH,"C, 1B, DH",True,3,521692,673,2373,0.0726635629366645,0.0095650418513436,0.0813937975156667,0.0909588393670104,106.7,106.0,117.5,107.7,0.581,0.4454,0.709,0.1583,0.4213,0.342,0.7252,673,0.081,1B|C|DH,119.6,0.692,False,0.0,0.026876319281365812,0.22095385811898768,0.44688602273787636,0.009,0.343105,0.1402,0.13,0.0036,0.2654,0.5356,0.5356,1.875
Brandon Nimmo,OF,OF,OF,False,1,607043,746,3070,0.0661270741352887,-0.0097062912358674,0.0183942860260911,0.0086879947902237,100.3,97.6,105.1,90.5,0.449,0.1995,0.81,0.0924,0.3928,0.326,0.661,746,0.018,CF|DH|LF,100.9,0.713,False,0.02262,0.10601943179004951,0.23386877741861894,0.3619547589632338,0.009,0.31887999999999994,0.1605,0.1129,0.0222,0.2653,0.5387,0.5387,1.885
Keibert Ruiz,C,C,C,False,1,660688,486,1659,0.0445241013625295,0.0644597011166903,-0.0662756322424015,-0.0018159311257111,79.2,129.8,88.4,88.3,0.523,0.3399,0.869,0.0617,0.3121,0.274,0.8447,486,-0.066,C|DH,103.2,0.618,False,0.00619,0.06001788639465407,0.14861886095353624,0.335501684823456,0.009,0.250285,0.1181,0.0997,0.0094,0.2653,0.4831,0.4831,1.691
Nolan Schanuel,1B,1B,1B,False,1,694384,618,2404,0.0555294360260716,0.0303619380785719,-0.0313235748224434,-0.0009616367438715,89.9,115.0,95.3,88.5,0.418,0.2313,0.847,0.0587,0.3331,0.323,0.7079,618,-0.031,1B|DH,98.0,0.673,False,0.01647,0.09541551279453667,0.1840752988669824,0.3271596232593481,0.009,0.268135,0.1378,0.1009,0.0172,0.2647,0.5034,0.5034,1.762
Jazz Chisholm,2B,3B|OF,"3B, OF",True,2,665862,691,2789,0.0615665522535918,-0.0022081190200556,0.0256429624828903,0.0234348434628346,95.8,100.8,106.5,93.6,0.473,0.2887,0.711,0.135,0.3934,0.33,0.6714,691,0.026,2B|3B|CF|DH,110.2,0.697,False,0.06441,0.07708610797564754,0.25049156506722775,0.372622861003184,0.009,0.31939,0.15,0.1138,0.0565,0.2647,0.5285,0.5285,1.85
Masyn Winn,SS,SS,SS,False,1,691026,645,2584,0.0560422430268252,0.0212131053524364,-0.0415479285774103,-0.0203348232249739,90.4,111.0,93.3,84.4,0.47,0.286,0.827,0.0804,0.3121,0.328,0.8071,645,-0.042,DH|SS,97.9,0.683,False,0.01727,0.07777991202439134,0.18922708357259593,0.3490989397113189,0.009,0.250285,0.1247,0.104,0.0178,0.2645,0.4932,0.4932,1.726
Zach Mckinstry,3B,2B|3B|SS,"2B, 3B, SS",True,3,656716,350,1336,0.0619185491934187,0.0144787904415092,-0.026025025172311,-0.0115462347308018,96.2,108.1,96.3,86.2,0.477,0.2851,0.801,0.09,0.3519,0.294,0.7219,350,-0.026,2B|3B|LF|RF|SS,99.8,0.538,False,0.04923,0.0782609991361724,0.20049097324792298,0.3364314046772359,0.009,0.28411499999999995,0.1374,0.103,0.0405,0.2637,0.5041,0.5041,1.764
Adley Rutschman,C,C|DH,"C, DH",True,2,668939,650,2652,0.0466961625064549,0.0341765169228428,-0.0234860638106551,0.0106904531121876,81.3,116.6,96.8,90.9,0.443,0.2403,0.848,0.0653,0.3592,0.317,0.7437,650,-0.023,C|DH,105.4,0.684,False,0.00157,0.09222846579769134,0.18837598297000552,0.3458787862163514,0.009,0.29032,0.1449,0.1065,0.005,0.2637,0.5151,0.5151,1.803
Ke'Bryan Hayes,3B,3B,3B,False,1,663647,418,1542,0.0570802698236767,0.031249043217361,-0.0456538258532353,-0.0144047826358743,91.4,115.4,92.5,85.6,0.449,0.2741,0.812,0.0786,0.3466,0.271,0.79,418,-0.046,3B,99.2,0.582,False,0.02778,0.081652988281959,0.19143537491095014,0.33854062381262373,0.009,0.27960999999999997,0.137,0.1035,0.0257,0.2635,0.504,0.504,1.764
Matt Vierling,OF,3B|OF,"3B, OF",True,2,663837,624,2529,0.0604830313739685,0.0125522831162999,-0.0154538320610622,-0.0029015489447622,94.8,107.2,98.4,88.1,0.429,0.2764,0.825,0.0762,0.3656,0.322,0.7274,624,-0.015,3B|CF|DH|LF|RF,98.6,0.675,False,0.01058,0.08102252489786695,0.18787661126652402,0.3488646484546708,0.009,0.29575999999999997,0.1427,0.1069,0.0124,0.2634,0.513,0.513,1.796
Miguel Andújar,OF,OF,OF,False,1,609280,319,1175,0.0580878053123231,0.0429251007205226,-0.0483260720960475,-0.0054009713755249,92.4,120.4,91.9,87.5,0.505,0.3651,0.817,0.0856,0.3215,0.32,0.8519,319,-0.048,DH|LF,98.0,0.515,False,0.0094,0.05231958320894444,0.16683828646384424,0.3559286739489559,0.009,0.258275,0.1182,0.1046,0.0128,0.2632,0.486,0.486,1.701
Sal Frelick,OF,OF,OF,False,1,686217,534,2082,0.0467267904861098,0.0433778049263111,-0.0695310543361501,-0.0261532494098389,81.3,120.6,87.8,83.2,0.416,0.2716,0.864,0.0517,0.2961,0.309,0.7475,534,-0.07,CF|LF|RF,93.9,0.64,False,0.03435,0.08212775767672709,0.16167070638852726,0.3015045293162075,0.009,0.23668499999999998,0.1213,0.092,0.0312,0.2622,0.4755,0.4755,1.664
Josh Naylor,1B,1B|DH,"1B, DH",True,2,647304,679,2448,0.0669444807082686,0.0208223086680754,0.00238692430791,0.0232092329759855,101.1,110.8,101.9,93.5,0.507,0.3552,0.809,0.1063,0.3691,0.332,0.7661,679,0.002,1B|DH,103.3,0.694,False,0.00948,0.05580035299592097,0.19397527937685377,0.37956822423930137,0.009,0.298735,0.1345,0.1129,0.0114,0.2618,0.5092,0.5092,1.782
Enmanuel Valdez,1B,2B,2B,False,1,665839,237,974,0.0575974820157426,0.0021434793299171,0.0084369573181409,0.010580436648058,92.0,102.7,103.1,90.9,0.44,0.2891,0.774,0.0955,0.3771,0.286,0.7163,237,0.008,2B|3B|DH,100.6,0.441,False,0.00448,0.07683211589598364,0.20532777752955722,0.3696454793234455,0.009,0.30553499999999995,0.1448,0.1122,0.0105,0.2606,0.5176,0.5176,1.812
Gio Urshela,3B,1B|3B,"1B, 3B",True,2,570482,486,1793,0.0765404223123055,0.0166536543941023,-0.0234931335226349,-0.0068394791285326,110.5,109.0,96.8,87.2,0.545,0.3618,0.803,0.0974,0.3351,0.292,0.828,486,-0.023,1B|3B,101.0,0.618,False,0.0,0.053979477995669545,0.18146878455176593,0.3735895431266264,0.009,0.269835,0.1231,0.1096,0.0047,0.2598,0.4925,0.4925,1.724
Zach Neto,SS,SS,SS,False,1,687263,617,2338,0.0666021249966629,0.0017311586871505,0.0158508697038181,0.0175820283909686,100.8,102.6,104.6,92.3,0.489,0.2678,0.74,0.126,0.3733,0.334,0.6922,617,0.016,SS,105.1,0.673,False,0.04983,0.08399502493539573,0.2477153151045688,0.36985521155596107,0.009,0.302305,0.1463,0.1125,0.044,0.2591,0.5179,0.5179,1.813
Triston Casas,1B,1B,1B,False,1,671213,252,1031,0.0571520356968841,-0.0201899898214585,0.0785087740135113,0.0583187841920528,91.5,93.1,116.9,100.9,0.442,0.2205,0.74,0.1226,0.4452,0.348,0.604,252,0.079,1B|DH,111.2,0.457,False,0.0,0.09895333464956041,0.2607721845427601,0.40417016916823423,0.009,0.36341999999999997,0.1744,0.1253,0.0075,0.2589,0.5586,0.5586,1.955
Lamonte Wade,OF,1B,1B,False,1,664774,398,1638,0.0628773222725741,-0.0093779603976518,0.0207023225710169,0.011324362173365,97.1,97.7,105.6,91.0,0.41,0.2109,0.809,0.0851,0.392,0.34,0.6458,398,0.021,1B|DH|LF|RF,101.4,0.57,False,0.00499,0.10223539264338335,0.22146763774824205,0.35970859579598813,0.009,0.3182,0.1589,0.1121,0.0091,0.2586,0.5296,0.5296,1.854
Bryce Harper,1B,1B,1B,False,1,547180,647,2574,0.0821104199399631,-0.0173265332099872,0.0739690529931726,0.0566425197831854,115.9,94.3,116.0,100.5,0.526,0.3098,0.705,0.1423,0.4482,0.389,0.659,647,0.074,1B|DH,110.8,0.683,False,0.01109,0.07093771018388247,0.2512586253005846,0.41706141162634236,0.009,0.36596999999999996,0.165,0.1268,0.0128,0.2585,0.5503,0.5503,1.926
Jackson Chourio,OF,OF,OF,False,1,694192,581,2138,0.0612297562384378,0.0120369002225906,0.0280427974190781,0.0400796976416688,95.5,107.0,107.0,97.0,0.489,0.3224,0.75,0.1397,0.396,0.353,0.725,581,0.028,DH|LF|RF,107.1,0.659,False,0.03839,0.06620104338321257,0.24378480100448052,0.39241316191226944,0.009,0.3216,0.1468,0.118,0.0346,0.2584,0.5232,0.5232,1.831
Kevin Newman,3B,2B|SS,"2B, SS",True,2,621028,316,1099,0.0623485670304829,0.0470998581115674,-0.0740151797092263,-0.0269153215976589,96.6,122.2,86.9,83.0,0.492,0.2791,0.868,0.0672,0.3154,0.314,0.8246,316,-0.074,1B|2B|3B|SS,96.3,0.513,False,0.02572,0.08021038548808111,0.17665222977421352,0.3210925173387319,0.009,0.25309,0.1267,0.0976,0.0239,0.2576,0.4819,0.4819,1.687
Ryan Mountcastle,1B,1B,1B,False,1,663624,517,1940,0.0746951338660615,-0.0027993674909082,0.0478698574840922,0.045070489993184,108.7,100.6,110.9,98.1,0.563,0.381,0.732,0.1334,0.417,0.329,0.7096,517,0.048,1B|DH,108.2,0.633,False,0.00592,0.0477243487840778,0.21562716027145074,0.40737904831434724,0.009,0.33945,0.1466,0.1215,0.0091,0.2576,0.5257,0.5257,1.84
Justin Turner,1B,1B|DH,"1B, DH",True,2,457759,561,2408,0.0682419497394023,0.0028148191995445,-0.017665208493875,-0.0148503892943305,102.4,103.0,98.0,85.6,0.458,0.2527,0.834,0.0703,0.357,0.334,0.7214,561,-0.018,1B|3B|DH,94.9,0.652,False,0.0,0.08892048400831551,0.18963594418343882,0.34505443648041006,0.009,0.28845,0.143,0.106,0.0042,0.2575,0.5065,0.5065,1.773
Matt Olson,1B,1B,1B,False,1,621566,693,2992,0.0740504091674235,-0.0229881030600182,0.0594447456824105,0.0364566426223923,108.0,91.8,113.2,96.3,0.498,0.2655,0.758,0.1173,0.4309,0.345,0.6446,693,0.059,1B,106.3,0.698,False,0.0,0.08497392021588925,0.23862272058617945,0.3981872795192687,0.009,0.351265,0.1647,0.1223,0.0036,0.2571,0.5441,0.5441,1.904
Harrison Bader,OF,OF,OF,False,1,664056,465,1761,0.0490950852071546,0.0222342075456432,-0.019808372282241,0.0024258352634022,83.6,111.4,97.6,89.2,0.466,0.3343,0.775,0.1085,0.3415,0.286,0.76,465,-0.02,CF,99.6,0.608,False,0.0389,0.06196967394915662,0.2039643637766752,0.35575806901487855,0.009,0.275275,0.1281,0.1062,0.0343,0.2571,0.4914,0.4914,1.72
Bo Bichette,SS,SS,SS,False,1,666182,358,1265,0.0735452247453928,0.0200230083100217,-0.0169226184137709,0.0031003898962508,107.5,110.5,98.1,89.3,0.565,0.3654,0.803,0.1074,0.3835,0.269,0.7994,358,-0.017,SS,102.3,0.544,False,0.01488,0.052719122407725444,0.19157770648831943,0.36999329997011887,0.009,0.310975,0.1379,0.1112,0.0164,0.2565,0.5056,0.5056,1.77
Cody Bellinger,OF,1B|OF|DH,"1B, OF, DH",True,3,641355,563,2081,0.0519070931199454,0.0325718855307331,-0.0168417568702426,0.0157301286604904,86.4,115.9,98.2,92.0,0.498,0.3126,0.769,0.0985,0.341,0.336,0.768,563,-0.017,1B|CF|DH|RF,102.3,0.652,False,0.01582,0.06906443991872929,0.2003347291573544,0.36148828649963105,0.009,0.27485,0.1306,0.1079,0.0167,0.2559,0.4944,0.4944,1.73
Bryan Reynolds,OF,OF|DH,"OF, DH",True,2,668804,706,2671,0.0800531230331823,-0.010436256462534,0.0440324965554145,0.0335962400928804,113.9,97.3,110.1,95.7,0.502,0.2762,0.746,0.1336,0.4254,0.36,0.7081,706,0.044,DH|LF|RF,105.9,0.702,False,0.01445,0.0817149009960107,0.2533705442092331,0.40249202885964597,0.009,0.34658999999999995,0.1618,0.1228,0.0154,0.2552,0.5398,0.5398,1.889
Charlie Blackmon,OF,OF|DH,"OF, DH",True,2,453568,516,1986,0.0604993219885834,0.0171939453741769,-0.029673765587837,-0.0124798202136601,94.8,109.3,95.6,86.0,0.479,0.2911,0.819,0.083,0.3351,0.334,0.7632,516,-0.03,CF|DH|RF,96.6,0.632,False,0.01202,0.0762787418506409,0.19036480922146132,0.3464631507839265,0.009,0.269835,0.1314,0.1045,0.0138,0.2552,0.4911,0.4911,1.719
Tommy Pham,OF,OF,OF,False,1,502054,495,1978,0.0625253418419357,0.0204392285552887,-0.0022720221310967,0.018167206424192,96.8,110.7,101.0,92.5,0.407,0.1944,0.778,0.0877,0.3984,0.312,0.6988,495,-0.002,CF|DH|LF|RF,102.8,0.623,False,0.01464,0.10755018580406045,0.23033755157678848,0.3524750217466888,0.009,0.32364,0.1629,0.111,0.0159,0.2546,0.5285,0.5285,1.85
Andrew Benintendi,OF,OF,OF,False,1,643217,523,1995,0.0700890700975319,0.0092168240015584,-0.0182252832202678,-0.0090084592187093,104.2,105.8,97.9,86.8,0.48,0.2662,0.814,0.086,0.3416,0.303,0.7522,523,-0.018,DH|LF,97.3,0.635,False,0.00575,0.08462311623730241,0.20269758991854375,0.35482023932197193,0.009,0.27536,0.1365,0.1073,0.0089,0.2546,0.4984,0.4984,1.744
Juan Yepez,1B,1B|DH,"1B, DH",True,2,660766,258,990,0.0735981528030042,0.006466977562644,-0.0240977766137244,-0.0176307990510804,107.6,104.6,96.7,85.0,0.501,0.351,0.775,0.1091,0.3661,0.34,0.8345,258,-0.024,1B|DH,94.3,0.462,False,0.00803,0.057369380649390775,0.19867009400241184,0.3743769890345189,0.009,0.296185,0.1341,0.1116,0.0124,0.2545,0.5002,0.5002,1.751
Colton Cowser,OF,OF,OF,False,1,681297,579,2370,0.0581888542280284,-0.0221701191107567,0.0683774107398807,0.0462072916291239,92.5,92.2,114.9,98.3,0.448,0.2434,0.716,0.1219,0.4004,0.33,0.5833,579,0.068,CF|LF|RF,108.4,0.659,False,0.01604,0.09159623063206236,0.2517767997879433,0.3881546077819191,0.009,0.32533999999999996,0.1576,0.1187,0.0169,0.2539,0.5302,0.5302,1.856
Gavin Sheets,OF,1B|OF|DH,"1B, OF, DH",True,3,657757,503,2093,0.0451661059261016,0.0116330963852225,0.001499101424096,0.0131321978093185,79.8,106.8,101.8,91.4,0.462,0.3082,0.803,0.0947,0.3351,0.298,0.7137,503,0.001,1B|DH|RF,101.7,0.626,False,0.00399,0.07026739960768932,0.19757870894001933,0.3630490436371561,0.009,0.269835,0.1292,0.1081,0.0077,0.2524,0.4897,0.4897,1.714
Michael Massey,2B,2B|DH,"2B, DH",True,2,686681,380,1433,0.0559589243462586,0.0304469597959914,-0.0154581199734162,0.0149888398225751,90.3,115.0,98.4,91.8,0.521,0.3375,0.793,0.0954,0.3663,0.331,0.7689,380,-0.015,2B|DH,107.8,0.559,False,0.00281,0.061157248949250766,0.187887972260607,0.36219090908012874,0.009,0.296355,0.1356,0.1089,0.0077,0.2522,0.4967,0.4967,1.738
Jesse Winker,OF,OF|DH,"OF, DH",True,2,608385,546,2226,0.0753513803379904,-0.0067536476635352,-0.0029773448363956,-0.0097309924999309,109.3,98.9,100.9,86.6,0.433,0.2112,0.81,0.0831,0.3471,0.352,0.6384,546,-0.003,DH|LF|RF,97.1,0.645,False,0.02756,0.1025396061346583,0.21908072225244635,0.3338178916401106,0.009,0.280035,0.1449,0.1036,0.0259,0.2522,0.5007,0.5007,1.752
Gabriel Moreno,C,C,C,False,1,672515,366,1588,0.0602991225322046,0.0088593631957734,-0.0300721640597417,-0.0212128008639683,94.6,105.6,95.5,84.2,0.42,0.2685,0.811,0.0771,0.3497,0.33,0.7439,366,-0.03,C,99.7,0.55,False,0.00855,0.08356533071611419,0.19173037329589238,0.3393666704783369,0.009,0.28224499999999997,0.1387,0.1039,0.0119,0.2521,0.4947,0.4947,1.731
Amed Rosario,3B,2B|3B|SS|OF|DH,"2B, 3B, SS, OF, DH",True,5,642708,358,1243,0.0670230816559134,0.0159951962119087,-0.0173669247727754,-0.0013717285608667,101.2,108.7,98.0,88.4,0.553,0.3799,0.789,0.119,0.3451,0.321,0.7738,358,-0.017,2B|3B|DH|RF|SS,102.3,0.544,False,0.03757,0.04783279374462454,0.19960835636217394,0.36220181549795316,0.009,0.278335,0.124,0.107,0.0324,0.2518,0.4828,0.4828,1.69
Andy Pages,OF,OF,OF,False,1,681624,464,1796,0.0766222395010417,-0.0076615030322219,0.0323974295275582,0.0247359264953362,110.6,98.5,107.9,93.8,0.508,0.327,0.781,0.113,0.406,0.317,0.679,464,0.032,CF|LF|RF,104.0,0.607,False,0.00226,0.06521294536409754,0.2117064859889926,0.38208936853130027,0.009,0.3301,0.1496,0.116,0.0066,0.2512,0.5168,0.5168,1.809
Spencer Horwitz,1B,1B|2B|DH,"1B, 2B, DH",True,3,687462,387,1609,0.0663151392418287,0.000309120891137,0.0065237108105856,0.0068328317017226,100.5,101.9,102.8,90.1,0.46,0.2557,0.817,0.097,0.3588,0.351,0.7112,387,0.007,1B|2B|DH,99.7,0.563,False,0.0,0.08788991024520243,0.2189936744690391,0.36689241884524226,0.009,0.28997999999999996,0.1431,0.1113,0.0056,0.2504,0.5048,0.5048,1.767
Luis Rengifo,3B,2B|3B,"2B, 3B",True,2,650859,315,1102,0.0837237438652717,0.0189095800075658,-0.0451973968779664,-0.0262878168704006,117.5,110.0,92.6,83.2,0.564,0.3223,0.78,0.1175,0.3362,0.341,0.769,315,-0.045,2B|3B|DH|SS,96.5,0.512,False,0.07895,0.06695647455588809,0.21851788184634832,0.33257366360675733,0.009,0.27076999999999996,0.1283,0.1006,0.0599,0.2499,0.4788,0.4788,1.676
Anthony Rendon,3B,3B,3B,False,1,543685,252,1023,0.0640542645087025,0.0262274175144131,-0.0717669854079719,-0.0455395678935588,98.3,113.2,87.3,79.1,0.404,0.1953,0.846,0.0555,0.3262,0.284,0.764,252,-0.072,3B|DH,91.9,0.457,False,0.02521,0.10730905650772567,0.1933150407771706,0.3034330484555535,0.009,0.26226999999999995,0.1401,0.0955,0.0233,0.2497,0.4853,0.4853,1.699
Andrew Vaughn,1B,1B|DH,"1B, DH",True,2,683734,624,2352,0.0613868938860826,0.0142418979166662,0.0057704038080351,0.0200123017247014,95.7,108.0,102.6,92.8,0.494,0.3107,0.789,0.1008,0.3754,0.311,0.7188,624,0.006,1B|DH,102.6,0.675,False,0.00323,0.06998328162793338,0.20363632793212139,0.36787087545271724,0.009,0.30408999999999997,0.1417,0.1113,0.0065,0.2497,0.5027,0.5027,1.759
Ian Happ,OF,OF,OF,False,1,664023,662,2728,0.0718249534283469,-0.0267007150667787,0.0380384845473982,0.0113377694806194,105.9,90.2,109.0,91.0,0.459,0.2423,0.746,0.1126,0.4091,0.347,0.6217,662,0.038,DH|LF,101.4,0.688,False,0.01979,0.09239167810532523,0.2415707820615817,0.3693538864168714,0.009,0.332735,0.1606,0.1147,0.0198,0.249,0.5243,0.5243,1.835
Nathaniel Lowe,1B,1B,1B,False,1,663993,567,2356,0.0586864414686813,0.002785239851105,0.0065361244468895,0.0093213642979945,93.0,103.0,102.8,90.6,0.427,0.2442,0.803,0.0804,0.3796,0.346,0.6466,567,0.007,1B|DH,100.2,0.654,False,0.00354,0.09135450103507914,0.20419029958697865,0.3455988187482979,0.009,0.30766,0.151,0.1074,0.007,0.2488,0.5072,0.5072,1.775
Kyle Isbel,OF,OF,OF,False,1,664728,444,1647,0.047027798724184,0.0267135578085725,-0.0461360066076673,-0.0194224487990948,81.6,113.4,92.4,84.6,0.46,0.2914,0.813,0.0802,0.3265,0.299,0.751,444,-0.046,CF,95.2,0.597,False,0.02582,0.07574803362789723,0.18706608412834563,0.3259810638491021,0.009,0.262525,0.1285,0.0991,0.0244,0.2481,0.4757,0.4757,1.665
Anthony Santander,OF,OF|DH,"OF, DH",True,2,623993,674,2778,0.0591858940549601,0.0139070808824938,-0.0004198077333713,0.0134872731491224,93.5,107.8,101.4,91.5,0.499,0.3363,0.796,0.0937,0.3715,0.345,0.7059,674,-0.0,DH|RF,101.8,0.692,False,0.00301,0.061649683532535596,0.18637994287628423,0.35753023467386313,0.009,0.30077499999999996,0.1374,0.1081,0.0061,0.2479,0.4934,0.4934,1.727
William Contreras,C,C|DH,"C, DH",True,2,661388,687,2722,0.079814361092119,-0.0020256928073037,0.0278818314488698,0.0258561386415661,113.7,100.9,107.0,94.1,0.472,0.2724,0.715,0.119,0.3997,0.364,0.6851,687,0.028,C|DH,108.1,0.696,False,0.01325,0.08293461086231058,0.23809031142308643,0.3794908903317489,0.009,0.32474499999999995,0.1542,0.1161,0.0145,0.2478,0.5181,0.5181,1.813
Cedric Mullins,OF,OF,OF,False,1,656775,509,1972,0.0789458090460006,-0.0064847313138116,-0.0436769691543992,-0.0501617004682109,112.8,99.0,92.9,78.2,0.517,0.2831,0.806,0.0965,0.3253,0.328,0.7022,509,-0.044,CF,89.1,0.629,False,0.06413,0.0794520692937971,0.20861536957611865,0.31294125973036624,0.009,0.261505,0.1295,0.0961,0.0541,0.2469,0.4725,0.4725,1.654
Jose Iglesias,2B,2B|3B,"2B, 3B",True,2,578428,349,1313,0.0523612393690961,0.0338382928213661,-0.0293948936238275,0.0044433991975386,86.8,116.5,95.7,89.6,0.521,0.4173,0.849,0.1179,0.328,0.351,0.824,349,-0.029,2B|3B|SS,104.8,0.538,False,0.02062,0.035290235568058305,0.18496647752141124,0.36671516211874466,0.009,0.2638,0.114,0.1065,0.0204,0.2464,0.4669,0.4669,1.634
Luis Matos,OF,OF,OF,False,1,682641,157,548,0.0599025796778452,0.0430614827065507,-0.062129406034077,-0.0190679233275263,94.2,120.5,89.2,84.7,0.542,0.2721,0.85,0.0713,0.3098,0.268,0.8106,157,-0.062,CF|LF|RF,95.3,0.344,False,0.0,0.08239043955558932,0.18383105568537536,0.32878878949773793,0.009,0.24833,0.1257,0.0993,0.0098,0.2461,0.4711,0.4711,1.649
Cal Raleigh,C,C|DH,"C, DH",True,2,663728,629,2523,0.0732817566933421,-0.0252579279201466,0.0788021388147472,0.0535442108946005,107.3,90.9,117.0,99.9,0.523,0.3248,0.714,0.1448,0.4349,0.326,0.6141,629,0.079,C|DH,113.0,0.677,False,0.00955,0.06581442520857757,0.24873845516743126,0.4082005365759659,0.009,0.354665,0.1589,0.1237,0.0116,0.2459,0.5285,0.5285,1.85
José Tena,3B,3B,3B,False,1,677588,172,680,0.0586904111085191,0.0033084950100478,0.0148154592780697,0.0181239542881176,93.0,103.2,104.4,92.5,0.5,0.2581,0.791,0.1083,0.3479,0.293,0.6394,172,0.015,2B|3B,106.9,0.364,False,0.03571,0.08686888305164772,0.2310138530112199,0.35246726658587013,0.009,0.280715,0.1393,0.1072,0.0284,0.2457,0.4922,0.4922,1.723
Jeremy Peña,SS,SS,SS,False,1,665161,665,2325,0.0673454501131988,0.0299426007867125,-0.0087291921239925,0.02121340866272,101.5,114.8,99.8,93.1,0.542,0.3664,0.736,0.1278,0.3564,0.317,0.7692,665,-0.009,SS,105.8,0.689,False,0.03077,0.052199190476245494,0.21447087954499494,0.36987510177760907,0.009,0.28794,0.1292,0.1097,0.0288,0.2454,0.4843,0.4843,1.695
Whit Merrifield,2B,2B|OF,"2B, OF",True,2,593160,356,1403,0.0756066863066998,0.0094931478833118,-0.0716778704464421,-0.0621847225631303,109.6,105.9,87.3,75.6,0.46,0.2992,0.825,0.0866,0.3028,0.302,0.7891,356,-0.072,2B|3B|LF,86.1,0.543,False,0.05075,0.07415131039733759,0.19156838184202107,0.31209116820557864,0.009,0.24237999999999998,0.1204,0.0944,0.0416,0.2453,0.4601,0.4601,1.61
Manuel Margot,OF,OF,OF,False,1,622534,358,1351,0.070432776674548,0.0232496482683849,-0.0380180124343324,-0.0147683641659474,104.5,111.9,94.0,85.6,0.498,0.3108,0.795,0.1002,0.3351,0.283,0.8085,358,-0.038,CF|DH|LF|RF,96.2,0.544,False,0.01458,0.0702402752108395,0.20291667356663284,0.35264120996795034,0.009,0.269835,0.1292,0.1056,0.0162,0.2452,0.48,0.48,1.68
James Wood,OF,OF,OF,False,1,695578,338,1404,0.0445361957366926,-0.0042459760764397,0.0966709864357028,0.0924250103592631,79.2,100.0,120.5,108.0,0.382,0.2674,0.733,0.1732,0.461,0.351,0.593,338,0.097,LF,117.7,0.53,False,0.04167,0.08341409530104096,0.30165527001644454,0.4191087025450836,0.009,0.37685,0.1736,0.1287,0.035,0.2449,0.5472,0.5472,1.915
Byron Buxton,OF,OF,OF,False,1,621439,394,1475,0.0795140190435002,-0.0098107372042033,0.0750190156339347,0.0652082784297313,113.4,97.6,116.3,102.3,0.541,0.2876,0.704,0.1552,0.4361,0.371,0.6392,394,0.075,CF|DH,112.2,0.568,False,0.01804,0.07801961337012604,0.2739085262420422,0.41257143239029326,0.009,0.355685,0.1638,0.1256,0.0186,0.2443,0.5337,0.5337,1.868
Anthony Volpe,SS,SS,SS,False,1,683011,765,3129,0.0635182333207125,-0.004135075573718,-0.021454116265103,-0.025589191838821,97.7,100.0,97.2,83.3,0.467,0.2743,0.76,0.1037,0.3543,0.304,0.7061,765,-0.021,SS,96.9,0.718,False,0.04064,0.08179553389783387,0.219971806691869,0.33600888068095486,0.009,0.286155,0.1395,0.1033,0.0373,0.2441,0.4869,0.4869,1.704
José Miranda,3B,1B|3B|DH,"1B, 3B, DH",True,3,669304,434,1552,0.067414402611278,0.0332098024823399,-0.0294691434531132,0.0037406590292266,101.6,116.2,95.7,89.4,0.523,0.3276,0.784,0.1093,0.3266,0.336,0.8308,434,-0.029,1B|3B|DH,103.4,0.591,False,0.00466,0.06472348316364655,0.2072745835963963,0.3689367721603469,0.009,0.26260999999999995,0.1244,0.1087,0.0086,0.244,0.4771,0.4771,1.67
Tyrone Taylor,OF,OF,OF,False,1,621438,406,1552,0.0593093677176031,0.0145296763979106,-0.01293372029875,0.0015959560991605,93.6,108.1,98.9,89.0,0.486,0.3315,0.765,0.1112,0.3699,0.311,0.7263,406,-0.013,CF|DH|LF|RF,99.4,0.575,False,0.03188,0.06320196100866556,0.20804404185758893,0.35102412685667306,0.009,0.299415,0.1375,0.1065,0.0287,0.2439,0.4879,0.4879,1.708
Wilyer Abreu,OF,OF,OF,False,1,677800,468,1904,0.0700714123675838,-0.0204106575529759,0.0406548980532008,0.0202442405002249,104.2,93.0,109.5,92.9,0.484,0.2493,0.74,0.1263,0.4284,0.343,0.6498,468,0.041,LF|RF,103.2,0.609,False,0.0179,0.09007685320996363,0.25467971969079056,0.380525671158651,0.009,0.34914,0.1658,0.1182,0.0184,0.2433,0.5273,0.5273,1.846
Yasmani Grandal,C,C,C,False,1,518735,243,952,0.0375850315443453,0.0278859754394336,-0.008992242248488,0.0188937331909455,72.4,113.9,99.7,92.6,0.409,0.2125,0.784,0.0896,0.3351,0.332,0.7044,243,-0.009,C,106.8,0.448,False,0.00412,0.10090715045531144,0.2260238120531908,0.34904998473844595,0.009,0.269835,0.1405,0.1066,0.0102,0.2431,0.4902,0.4902,1.716
Willy Adames,SS,SS,SS,False,1,642715,700,2785,0.0795476282898211,-0.0219656344020145,0.0397565750313168,0.0177909406293023,113.4,92.3,109.3,92.4,0.498,0.2942,0.719,0.1333,0.4117,0.347,0.637,700,0.04,SS,105.1,0.7,False,0.03052,0.07588975159382048,0.24658512546050387,0.3757808211499364,0.009,0.334945,0.1553,0.1154,0.0287,0.2428,0.5135,0.5135,1.797
Luis Guillorme,3B,2B|3B,"2B, 3B",True,2,641645,189,813,0.0636336241706152,-0.006201254010709,-0.0684302503467451,-0.0746315043574541,97.9,99.1,88.0,73.0,0.422,0.2196,0.869,0.0604,0.2745,0.272,0.7493,189,-0.068,2B|3B|SS,85.1,0.387,False,0.02139,0.09945414432151516,0.19020116285861466,0.30367406835416144,0.009,0.218325,0.1209,0.0925,0.0208,0.2427,0.4561,0.4561,1.596
Jorge Soler,OF,OF|DH,"OF, DH",True,2,624585,587,2410,0.0655885254102594,-0.0140438755275011,0.0501001085621323,0.0360562330346312,99.8,95.7,111.3,96.2,0.446,0.25,0.728,0.1198,0.4366,0.349,0.6355,587,0.05,DH|LF|RF,106.3,0.662,False,0.00174,0.08970632667120311,0.2470206865400757,0.3851578694076242,0.009,0.35611,0.1683,0.1197,0.0055,0.2423,0.5303,0.5303,1.856
Matt Wallner,OF,OF|DH,"OF, DH",True,2,670242,267,1061,0.0776688625183066,-0.0514050193374926,0.135475810641631,0.0840707913041384,111.6,79.5,128.2,106.3,0.479,0.2647,0.642,0.1681,0.503,0.378,0.5042,267,0.135,DH|LF|RF,116.0,0.471,False,0.01149,0.08535042064072589,0.2968090073559895,0.42986703278779526,0.009,0.41255,0.1876,0.1336,0.0146,0.242,0.5632,0.5632,1.971
Wenceel Pérez,OF,OF,OF,False,1,672761,447,1834,0.059482022532657,0.0046224962204704,-0.0272864849693878,-0.0226639887489173,93.8,103.8,96.1,83.9,0.465,0.28,0.817,0.089,0.343,0.313,0.715,447,-0.027,CF|DH|LF|RF,94.5,0.598,False,0.02118,0.07982791117716839,0.2011768667936976,0.33338779321999684,0.009,0.27655,0.1352,0.1019,0.0209,0.2419,0.479,0.479,1.676
George Springer,OF,OF|DH,"OF, DH",True,2,543807,638,2395,0.0889723314921899,0.0007668297522449,-0.0212438040663633,-0.0204769743141183,122.6,102.1,97.3,84.4,0.485,0.2421,0.772,0.1053,0.3592,0.312,0.7415,638,-0.021,CF|DH|RF,95.0,0.68,False,0.02606,0.0930051639627743,0.23332211382103354,0.34779253394925225,0.009,0.29032,0.1452,0.107,0.0249,0.2414,0.4936,0.4936,1.728
Tyler Freeman,OF,OF,OF,False,1,671289,391,1395,0.0590487350182728,0.0333156282820276,-0.0726508655460152,-0.0393352372639875,93.4,116.2,87.2,80.4,0.47,0.305,0.844,0.0701,0.3248,0.291,0.7698,391,-0.073,2B|3B|CF|SS,91.2,0.566,False,0.02872,0.0717471045601376,0.17068607318238116,0.304808893927622,0.009,0.26108,0.1265,0.0937,0.0263,0.2412,0.4614,0.4614,1.615
Dominic Canzone,OF,OF,OF,False,1,686527,195,734,0.05599286069282,-0.0072653249311473,0.0338743514200052,0.0266090264888579,90.4,98.7,108.1,94.2,0.52,0.3671,0.732,0.1459,0.3839,0.295,0.7412,195,0.034,DH|LF|RF,104.4,0.394,False,0.00532,0.05160842868221235,0.23484999151187094,0.4036923691232526,0.009,0.311315,0.1376,0.1192,0.0117,0.2412,0.498,0.498,1.743
Brenton Doyle,OF,OF,OF,False,1,686668,614,2196,0.0808607743535177,-0.0093088425784657,0.0340448532006403,0.0247360106221746,114.7,97.8,108.2,93.8,0.514,0.3121,0.691,0.1513,0.3987,0.335,0.6623,614,0.034,CF|DH,104.0,0.672,False,0.04975,0.07015604050512562,0.26069314841796887,0.37847564273833967,0.009,0.323895,0.1491,0.115,0.0439,0.2408,0.5049,0.5049,1.767
Teoscar Hernández,OF,OF,OF,False,1,606192,728,2903,0.0812375512177608,-0.0306386695926705,0.0864767236416215,0.0558380540489509,115.1,88.5,118.5,100.3,0.507,0.3166,0.684,0.1654,0.4599,0.368,0.624,728,0.086,LF|RF,110.3,0.708,False,0.0184,0.06871701039473004,0.2751529200333009,0.41861947790693294,0.009,0.37591499999999994,0.1678,0.1277,0.0187,0.2399,0.5354,0.5354,1.874
Joey Ortiz,SS,3B,3B,False,1,687401,524,2167,0.0393630086972476,0.0214010890276255,-0.0380151896070521,-0.0166141005794266,74.1,111.1,94.0,85.2,0.399,0.2725,0.827,0.0804,0.3309,0.32,0.7128,524,-0.038,2B|3B|SS,98.6,0.636,False,0.02153,0.08160065125787412,0.19405970118489657,0.32197545386712956,0.009,0.26626500000000003,0.132,0.0987,0.0212,0.2397,0.4704,0.4704,1.646
Andrés Giménez,2B,2B,2B,False,1,665926,679,2565,0.0768207973110293,0.004133554530821,-0.0351100354256511,-0.0309764808948301,110.8,103.6,94.6,82.2,0.566,0.3882,0.76,0.1233,0.3263,0.293,0.7722,679,-0.035,2B,94.9,0.694,False,0.04739,0.04546989217053413,0.2015381680453917,0.3443356752692483,0.009,0.26235499999999995,0.1172,0.1017,0.0424,0.2397,0.4586,0.4586,1.605
Rowdy Tellez,1B,1B,1B,False,1,642133,437,1736,0.0351241832466201,0.0277818570996585,-0.0139453943780083,0.0138364627216502,70.0,113.8,98.7,91.6,0.431,0.2805,0.784,0.0866,0.3562,0.307,0.7031,437,-0.014,1B,101.3,0.593,False,0.00238,0.07888422979207457,0.19826245216424493,0.34285995757927135,0.009,0.28776999999999997,0.139,0.1048,0.0069,0.2394,0.4832,0.4832,1.691
Tommy Edman,2B,SS|OF,"SS, OF",True,2,669242,219,806,0.0613736424202607,0.0329896107325483,-0.0673531942020706,-0.0343635834695222,95.6,116.1,88.2,81.5,0.473,0.2923,0.839,0.0815,0.3297,0.332,0.7739,219,-0.067,CF|SS,94.0,0.422,False,0.03922,0.07591779100184722,0.188225600216504,0.31124643844323174,0.009,0.26524499999999995,0.1296,0.0957,0.0314,0.2393,0.4646,0.4646,1.626
Rob Refsnyder,OF,OF|DH,"OF, DH",True,2,608701,307,1202,0.0735740525757263,-0.012421695422172,0.0152400940021939,0.0028183985800219,107.6,96.4,104.5,89.2,0.462,0.2207,0.769,0.1006,0.3806,0.362,0.6499,307,0.015,DH|LF|RF,99.6,0.506,False,0.00651,0.09941801541493853,0.23562582628146228,0.3555466356545415,0.009,0.30850999999999995,0.1543,0.1103,0.0109,0.2392,0.5038,0.5038,1.763
Gleyber Torres,2B,2B,2B,False,1,650402,755,3183,0.0828299404650459,-0.0094251971480972,-0.0186960408741099,-0.0281212380222071,116.6,97.7,97.8,82.8,0.45,0.2517,0.771,0.0922,0.3621,0.322,0.7314,755,-0.019,2B,95.7,0.716,False,0.00602,0.08970995759550227,0.21495470358505986,0.34709331866878335,0.009,0.29278499999999996,0.1449,0.1068,0.0083,0.2391,0.4908,0.4908,1.718
Gavin Lux,OF,2B,2B,False,1,666158,534,2099,0.0652662424497835,0.0047040320378854,-0.0096491402254706,-0.0049451081875851,99.5,103.8,99.6,87.6,0.453,0.226,0.789,0.092,0.366,0.318,0.693,534,-0.01,2B,98.1,0.64,False,0.01027,0.09744141730495469,0.22392662323285026,0.3440844074098142,0.009,0.2961,0.1489,0.1067,0.0124,0.239,0.4946,0.4946,1.731
Spencer Steer,1B,1B|OF,"1B, OF",True,2,668715,659,2618,0.069625033207792,-0.0017675726557719,-0.0232398924757637,-0.0250074651315356,103.7,101.0,96.9,83.4,0.446,0.2389,0.788,0.0946,0.3602,0.329,0.6742,659,-0.023,1B|2B|DH|LF|RF,92.6,0.687,False,0.03811,0.09341656357248222,0.2222721698168309,0.32403099966022264,0.009,0.29117,0.1456,0.1014,0.0348,0.239,0.486,0.486,1.701
Logan O'Hoppe,C,C,C,False,1,681351,532,2015,0.0735833511507248,-0.0207274261994424,0.0783260803817065,0.0575986541822641,107.6,92.8,116.9,100.7,0.519,0.3169,0.706,0.1608,0.4398,0.32,0.6636,532,0.078,C|DH,113.7,0.639,False,0.00383,0.06837366649363619,0.2698026233462151,0.42346942589238457,0.009,0.35883,0.1614,0.1278,0.0074,0.2384,0.5276,0.5276,1.847
J. P. Crawford,SS,SS,SS,False,1,641487,458,1929,0.0651707468783253,-0.0075613736503778,-0.0243658418854219,-0.0319272155357997,99.4,98.5,96.7,82.0,0.411,0.2046,0.856,0.0688,0.3517,0.294,0.6546,458,-0.024,SS,95.7,0.604,False,0.01109,0.10434404566809834,0.2051447387552534,0.31689381001367645,0.009,0.283945,0.147,0.0999,0.0133,0.2384,0.4853,0.4853,1.699
José Caballero,SS,2B|3B|SS,"2B, 3B, SS",True,3,676609,497,1953,0.0655718318991881,-0.0056141764949074,-0.0287340725476611,-0.0343482490425685,99.8,99.4,95.8,81.5,0.502,0.3048,0.753,0.1203,0.3236,0.293,0.6459,497,-0.029,2B|3B|SS,95.2,0.624,False,0.0911,0.07202201980127204,0.22797371974920994,0.31008390530011226,0.009,0.26005999999999996,0.1262,0.0949,0.0746,0.2377,0.4588,0.4588,1.606
Dominic Smith,1B,1B,1B,False,1,642086,310,1223,0.0622328695837827,-0.0061172037660294,-0.008741372469082,-0.0148585762351114,96.5,99.2,99.7,85.5,0.455,0.307,0.779,0.0968,0.352,0.32,0.7057,310,-0.009,1B|DH,94.8,0.508,False,0.00326,0.07120359179488168,0.20040177514296664,0.3490436711507289,0.009,0.28419999999999995,0.1348,0.1056,0.0087,0.2375,0.4779,0.4779,1.673
Willson Contreras,1B,C|DH,"C, DH",True,2,575929,364,1408,0.0797704512329166,-0.0255982706127835,0.0691463587649484,0.0435480881521648,113.6,90.7,115.1,97.8,0.499,0.2993,0.705,0.1496,0.4454,0.372,0.6324,364,0.069,C|DH,107.9,0.548,False,0.01117,0.07425052349885439,0.2633375904634748,0.40386075841975067,0.009,0.36358999999999997,0.1653,0.1237,0.0137,0.2375,0.5265,0.5265,1.843
Heliot Ramos,OF,OF,OF,False,1,671218,512,1999,0.082641083064604,-0.0211159255904994,0.0537031097420303,0.0325871841515308,116.4,92.7,112.1,95.5,0.502,0.2994,0.712,0.1398,0.4051,0.351,0.6435,512,0.054,CF|DH|LF|RF,105.7,0.631,False,0.01158,0.07431029148002384,0.2521321257288059,0.39271486571113196,0.009,0.329335,0.1527,0.119,0.0135,0.2374,0.5091,0.5091,1.782
Junior Caminero,3B,3B,3B,False,1,691406,176,629,0.0509844510525149,0.0330874904042782,0.0186438671169323,0.0517313575212106,85.5,116.1,105.1,99.5,0.477,0.3156,0.719,0.141,0.3202,0.318,0.7508,176,0.019,3B|DH,114.7,0.37,False,0.0113,0.068066737089239,0.2477006989900252,0.3926516797684344,0.009,0.25716999999999995,0.1237,0.1143,0.0153,0.2373,0.4753,0.4753,1.664
Daz Cameron,OF,OF,OF,False,1,663662,189,726,0.0750633469461263,-0.0208335322809713,-0.021791688456084,-0.0426252207370553,109.0,92.8,97.2,79.7,0.486,0.2666,0.734,0.0846,0.359,0.266,0.659,189,-0.022,CF|LF|RF,90.5,0.387,False,0.02688,0.08465181418679445,0.2009587344532396,0.3207464266921035,0.009,0.29014999999999996,0.142,0.1,0.0238,0.2372,0.4792,0.4792,1.677
Carlos Santana,1B,1B,1B,False,1,467793,608,2485,0.0624491304451017,0.0138539002514437,-0.0224253871629471,-0.0085714869115034,96.7,107.8,97.1,86.9,0.433,0.2309,0.793,0.0928,0.3433,0.331,0.738,608,-0.022,1B|DH,96.3,0.67,False,0.00673,0.0957681176750689,0.2230843716227427,0.3460179034622619,0.009,0.27680499999999997,0.1412,0.1059,0.0094,0.2371,0.4842,0.4842,1.695
Nolan Arenado,3B,3B,3B,False,1,571448,648,2521,0.0610695963958976,0.0307765195724835,-0.0527221403117737,-0.0219456207392902,95.3,115.1,91.1,84.1,0.467,0.3169,0.821,0.0798,0.33,0.322,0.7887,648,-0.053,3B|DH,97.5,0.684,False,0.00315,0.06796935401007599,0.17748190161756222,0.3312002361841816,0.009,0.2655,0.1267,0.1,0.0063,0.237,0.4637,0.4637,1.623
Víctor Caratini,C,C,C,False,1,605170,283,1068,0.0599749513344095,0.0135829512858168,-0.0104202746682454,0.0031626766175714,94.3,107.7,99.4,89.3,0.471,0.248,0.794,0.0953,0.3557,0.334,0.7116,283,-0.01,1B|C|DH,104.0,0.485,False,0.0,0.09017094919576435,0.21981246097212026,0.34927517052836543,0.009,0.287345,0.143,0.107,0.0069,0.2355,0.4855,0.4855,1.699
Dj Lemahieu,2B,1B|3B,"1B, 3B",True,2,518934,231,860,0.0506591506972421,0.0387469419941783,-0.0476246379656461,-0.0088776959714678,85.2,118.6,92.1,86.8,0.447,0.2284,0.856,0.0676,0.3489,0.25,0.7304,231,-0.048,1B|3B,101.1,0.435,False,0.0,0.09619686776276509,0.19525729849462486,0.31722229426192183,0.009,0.28156499999999995,0.1431,0.0993,0.0079,0.2351,0.4775,0.4775,1.671
Luis Campusano,C,C,C,False,1,669134,302,1039,0.0659573835062964,0.0368434225757252,-0.0503709909755229,-0.0135275683997977,100.1,117.8,91.5,85.8,0.511,0.369,0.792,0.0934,0.3471,0.293,0.8185,302,-0.05,C,101.1,0.502,False,0.0,0.05131413471184111,0.17433234050527213,0.3424496455703042,0.009,0.280035,0.1259,0.1026,0.0066,0.235,0.4635,0.4635,1.622
Mauricio Dubón,2B,2B|OF,"2B, OF",True,2,643289,442,1498,0.0831142600363715,0.0250268134520935,-0.0599287568948561,-0.0349019434427626,116.9,112.7,89.7,81.4,0.597,0.3832,0.833,0.0979,0.3147,0.303,0.8461,442,-0.06,1B|2B|3B|CF|LF|RF|SS,93.9,0.596,False,0.00701,0.04728393651434943,0.17437807170540695,0.34270150202367095,0.009,0.25249499999999997,0.1142,0.1008,0.0103,0.2349,0.4499,0.4499,1.575
Nick Gordon,SS,OF,OF,False,1,624503,291,1068,0.0800227711290973,-0.0102970122547181,-0.0261481425691981,-0.0364451548239163,113.9,97.3,96.3,81.0,0.599,0.3879,0.744,0.1532,0.3261,0.273,0.9078,291,-0.026,2B|CF|DH|LF,94.8,0.492,False,0.01818,0.04566860396368772,0.23572444324772335,0.39685312616162216,0.009,0.262185,0.1172,0.1143,0.0188,0.2346,0.4661,0.4661,1.631
Geraldo Perdomo,SS,SS,SS,False,1,672695,398,1615,0.0609800794454749,0.0378760475586028,-0.0931079710686152,-0.0552319235100124,95.3,118.2,83.1,77.1,0.406,0.1992,0.847,0.0465,0.2824,0.33,0.7529,398,-0.093,SS,91.2,0.57,False,0.0232,0.10595188902085859,0.1816610932748779,0.2789461666940807,0.009,0.22503999999999996,0.1258,0.0873,0.0223,0.2345,0.4476,0.4476,1.567
Ramón Laureano,OF,OF,OF,False,1,657656,322,1241,0.07756514017668,-0.0352955580495492,0.0479875876149072,0.0126920295653579,111.5,86.5,110.9,91.3,0.524,0.2887,0.727,0.1407,0.402,0.334,0.6244,322,0.048,CF|LF|RF,101.6,0.518,False,0.02589,0.07760218163352518,0.2569882084481329,0.38036060219304424,0.009,0.3267,0.1529,0.1161,0.024,0.234,0.503,0.503,1.76
Kyle Higashioka,C,C,C,False,1,543309,286,1150,0.0595824441908824,0.0028140135776323,0.0200960058334917,0.0229100194111241,93.9,103.0,105.4,93.5,0.458,0.2892,0.734,0.1207,0.4037,0.325,0.682,286,0.02,C,107.6,0.488,False,0.0076,0.07686230003689261,0.23401398267763962,0.370006070958916,0.009,0.32814499999999996,0.1532,0.1136,0.0119,0.2338,0.5006,0.5006,1.752
Eugenio Suárez,3B,3B,3B,False,1,553993,660,2612,0.0687173260274395,-0.0138170901564834,0.0554343320172779,0.0416172418607945,102.8,95.8,112.4,97.4,0.473,0.2324,0.707,0.1307,0.4266,0.343,0.6281,660,0.055,3B|DH,112.4,0.688,False,0.00312,0.09548457087555297,0.2657443937833012,0.38879604953705327,0.009,0.34761,0.1673,0.1204,0.0062,0.2337,0.5214,0.5214,1.825
Trea Turner,SS,SS,SS,False,1,607208,571,2167,0.0787083226513565,0.0047261688260981,-0.0064430816822726,-0.0017169128561745,112.6,103.9,100.2,88.3,0.531,0.3174,0.753,0.138,0.3795,0.36,0.7569,571,-0.006,DH|SS,101.4,0.656,False,0.03525,0.06837666799687846,0.24363706398510165,0.36743710874517027,0.009,0.307575,0.1424,0.1113,0.0321,0.2333,0.487,0.487,1.704
Mark Vientos,3B,3B,3B,False,1,668901,531,2052,0.0676311424642739,-0.0166431297874981,0.0866043868396892,0.0699612570521911,101.8,94.6,118.5,103.3,0.501,0.3211,0.683,0.1665,0.4439,0.373,0.6514,531,0.087,1B|3B,119.0,0.639,False,0.0,0.06682764849370235,0.2747957856921823,0.4278313415684751,0.009,0.362315,0.1621,0.129,0.0044,0.2333,0.5244,0.5244,1.835
Brandon Lowe,2B,1B|2B|DH,"1B, 2B, DH",True,3,664040,435,1680,0.0853655736873785,-0.0217830348055392,0.0716491539891849,0.0498661191836457,119.1,92.4,115.6,99.1,0.552,0.3013,0.695,0.1604,0.4289,0.341,0.6469,435,0.072,1B|2B|DH,117.6,0.592,False,0.01176,0.07378590097429315,0.2749310766773247,0.4115584646098623,0.009,0.34956499999999996,0.16,0.1247,0.0139,0.2333,0.518,0.518,1.813
Jake Burger,1B,1B|3B|DH,"1B, 3B, DH",True,3,669394,593,2124,0.0615115474969436,0.006364854619665,0.066838229622473,0.0732030842421381,95.8,104.6,114.6,104.0,0.526,0.3775,0.69,0.158,0.4449,0.331,0.6762,593,0.067,1B|3B|DH,114.5,0.664,False,0.00173,0.048429785894445375,0.2449182062514899,0.4153355538856219,0.009,0.363165,0.1556,0.1249,0.0054,0.2332,0.5137,0.5137,1.798
Josh Smith,SS,3B|SS|DH,"3B, SS, DH",True,3,669701,594,2334,0.0672401813431246,-0.0016558341575915,-0.0231668312647698,-0.0248226654223613,101.4,101.1,96.9,83.5,0.47,0.2223,0.806,0.088,0.3439,0.332,0.6786,594,-0.023,3B|DH|LF|RF|SS,97.1,0.664,False,0.01858,0.09869788549888805,0.2206920704436955,0.3258550166709928,0.009,0.277315,0.1425,0.1013,0.0189,0.2318,0.4756,0.4756,1.665
Tyler Fitzgerald,2B,SS,SS,False,1,666149,344,1337,0.0696742282140227,-0.0296341529143054,0.0123653226020839,-0.0172688303122214,103.8,89.0,103.9,85.0,0.476,0.2319,0.725,0.1257,0.3317,0.373,0.6278,344,0.012,1B|2B|CF|LF|SS,98.7,0.534,False,0.04985,0.09567879497404738,0.2602245696375436,0.3465230297053873,0.009,0.266945,0.1375,0.1055,0.0408,0.2318,0.4748,0.4748,1.662
Jeff Mcneil,2B,2B|OF,"2B, OF",True,2,643446,500,1839,0.0867217738187618,0.0102677205488173,-0.0676232101267412,-0.0573554895779239,120.4,106.3,88.1,76.7,0.552,0.2864,0.862,0.0805,0.2961,0.307,0.8015,500,-0.068,2B|LF|RF,87.6,0.625,False,0.01059,0.07863695750117744,0.18919787110226688,0.32044027175441236,0.009,0.23668499999999998,0.12,0.0964,0.0128,0.2317,0.4481,0.4481,1.568
David Peralta,OF,OF|DH,"OF, DH",True,2,444482,274,1059,0.0692928867133877,0.0077469277915792,-0.0104820933312996,-0.0027351655397203,103.4,105.2,99.4,88.1,0.517,0.3044,0.783,0.1183,0.3587,0.343,0.7585,274,-0.01,DH|LF|RF,98.6,0.477,False,0.00769,0.07226943769421136,0.22583738442590406,0.3642799907147038,0.009,0.289895,0.1373,0.1097,0.012,0.2317,0.4787,0.4787,1.675
Tyler Wade,2B,3B|SS,"3B, SS",True,2,642180,159,597,0.0535221940560659,0.0331030453318039,-0.0585065601007614,-0.0254035147689574,88.0,116.2,89.9,83.3,0.441,0.2379,0.795,0.0882,0.2966,0.249,0.7341,159,-0.059,2B|3B|CF|LF|RF|SS,96.4,0.346,False,0.05128,0.09322319624434783,0.21533566471325588,0.3081921171924106,0.009,0.23710999999999993,0.1256,0.0943,0.0361,0.2312,0.4511,0.4511,1.579
Ozzie Albies,2B,2B,2B,False,1,645277,448,1704,0.0957421543520485,-0.0036128659668169,-0.0395606408894874,-0.0431735068563044,129.3,100.2,93.7,79.6,0.567,0.361,0.788,0.1063,0.3488,0.31,0.775,448,-0.04,2B,91.4,0.599,False,0.01839,0.054855616611572434,0.19189904366193944,0.33995303092081075,0.009,0.28147999999999995,0.1278,0.1023,0.0188,0.2307,0.4608,0.4608,1.613
Max Muncy,3B,3B,3B,False,1,571970,362,1519,0.0650585056902462,-0.0347026999976128,0.053972317692115,0.0192696176945021,99.2,86.8,112.1,92.7,0.4,0.1853,0.742,0.116,0.4321,0.358,0.5703,362,0.054,3B,107.1,0.547,False,0.00341,0.11056570364541884,0.2658503583243501,0.36850037178479056,0.009,0.35228499999999996,0.1746,0.1168,0.0083,0.2305,0.5219,0.5219,1.827
Parker Meadows,OF,OF,OF,False,1,678009,350,1399,0.0653863508993693,0.0030980849943506,-0.0150732188861187,-0.011975133891768,99.6,103.1,98.5,86.2,0.455,0.25,0.755,0.1079,0.3724,0.332,0.6925,350,-0.015,CF,96.7,0.538,False,0.0302,0.08969975248447855,0.23345751877994025,0.3379964616751757,0.009,0.30154,0.1481,0.1051,0.0271,0.2303,0.4835,0.4835,1.692
Shea Langeliers,C,C,C,False,1,669127,539,2011,0.0658510084408678,-0.0042961600957334,0.0490515895562344,0.0447554294605009,100.0,99.9,111.1,98.0,0.495,0.3249,0.688,0.1399,0.4091,0.323,0.6473,539,0.049,C|DH,111.4,0.642,False,0.00749,0.0655421967601569,0.2431178242163475,0.38859401814484706,0.009,0.332735,0.1507,0.1177,0.0102,0.2302,0.4986,0.4986,1.745
Nick Martini,OF,DH,DH,False,1,605361,164,624,0.0670531451342675,-0.0017423737597633,-0.0323958797982502,-0.0341382535580135,101.2,101.0,95.1,81.5,0.497,0.2595,0.8,0.0866,0.3758,0.304,0.7153,164,-0.032,DH|LF|RF,92.2,0.353,False,0.00613,0.08668663584571396,0.20577985733893484,0.32741847186274875,0.009,0.30443,0.148,0.1026,0.0128,0.2301,0.4807,0.4807,1.682
Jake Cave,OF,OF,OF,False,1,595909,362,1407,0.0643183401000924,-0.0179062317774591,0.0078673185524295,-0.0100389132250295,98.5,94.0,103.0,86.6,0.522,0.28,0.728,0.1267,0.3525,0.302,0.7142,362,0.008,CF|LF|RF,97.1,0.547,False,0.01445,0.07998240456519545,0.24414589406740397,0.36906366214414177,0.009,0.28462499999999996,0.1382,0.111,0.0161,0.23,0.4792,0.4792,1.677
Johan Rojas,OF,OF,OF,False,1,679032,388,1428,0.0460566202261807,0.0375966657997823,-0.064086864366355,-0.0264901985665727,80.7,118.1,88.8,83.1,0.48,0.3655,0.773,0.1154,0.3128,0.282,0.7732,388,-0.064,CF,93.8,0.564,False,0.06887,0.051805910753660596,0.2006600052940212,0.31459103311207526,0.009,0.25088,0.1153,0.0942,0.0552,0.2299,0.4394,0.4394,1.538
Ryan Mcmahon,3B,3B,3B,False,1,641857,661,2781,0.0688455979273479,-0.0331049150874806,0.055485168494982,0.0223802534075013,103.0,87.5,112.4,93.3,0.469,0.2523,0.728,0.1337,0.4292,0.321,0.6133,661,0.055,3B|DH,107.8,0.688,False,0.0062,0.08906928910038647,0.2620400434410452,0.3839720050601002,0.009,0.34982,0.1657,0.119,0.0088,0.2288,0.5135,0.5135,1.797
Randy Arozarena,OF,OF,OF,False,1,668227,660,2828,0.0586290270140968,-0.0123469531702768,0.0139584861864781,0.0016115330162012,93.0,96.5,104.2,89.0,0.41,0.2742,0.716,0.1134,0.3794,0.331,0.606,660,0.014,CF|DH|LF,99.4,0.688,False,0.03086,0.08167331114278112,0.23106329522687286,0.33988855789349465,0.009,0.30749,0.1473,0.1055,0.0288,0.2283,0.4811,0.4811,1.684
Oswaldo Cabrera,3B,3B,3B,False,1,665828,346,1336,0.0604193769970168,0.0205579234216365,-0.0455593405987601,-0.0250014171771236,94.7,110.7,92.5,83.4,0.477,0.3097,0.784,0.0939,0.3131,0.308,0.7612,346,-0.046,1B|2B|3B|RF|SS,96.7,0.536,False,0.01227,0.07027311702405387,0.19612994183022142,0.3301214176879179,0.009,0.251135,0.1223,0.0991,0.0146,0.2279,0.4493,0.4493,1.573
Wilmer Flores,1B,1B,1B,False,1,527038,247,980,0.0538991910712393,0.0386015283457289,-0.0782976151383581,-0.0396960867926292,88.3,118.5,86.0,80.4,0.438,0.268,0.839,0.0611,0.3254,0.276,0.7783,247,-0.078,1B|3B|DH,89.4,0.452,False,0.0,0.08351959699916231,0.17367316718698442,0.3012361880299598,0.009,0.26159,0.131,0.0935,0.0076,0.2277,0.4522,0.4522,1.583
Rhys Hoskins,1B,1B|DH,"1B, DH",True,2,656555,528,2276,0.0588723211797803,-0.0230981700106709,0.0036424901409328,-0.019455679869738,93.2,91.8,102.2,84.6,0.428,0.2393,0.762,0.0829,0.377,0.314,0.592,528,0.004,1B|DH,93.9,0.638,False,0.0058,0.09294233623754572,0.20879376578603134,0.3249627532696786,0.009,0.30545,0.1507,0.1024,0.0089,0.227,0.4801,0.4801,1.68
Jonah Bride,3B,1B|DH,"1B, DH",True,2,681146,276,1173,0.0477155456515903,0.0238267520012833,-0.046356136148056,-0.0225293841467726,82.3,112.1,92.3,83.9,0.381,0.2413,0.832,0.0588,0.3373,0.363,0.6709,276,-0.046,1B|2B|3B|DH,97.3,0.479,False,0.0,0.09193863040157088,0.18060955831679504,0.2994304680676816,0.009,0.271705,0.1379,0.0942,0.007,0.2268,0.4589,0.4589,1.606
Donovan Solano,1B,1B|3B|DH,"1B, 3B, DH",True,3,456781,322,1326,0.067095228792733,-0.0072895918138419,-0.0097578299662188,-0.0170474217800608,101.2,98.6,99.5,85.1,0.471,0.3002,0.795,0.1035,0.3797,0.333,0.695,322,-0.01,1B|3B|DH,94.4,0.518,False,0.00647,0.07355248822516296,0.21047238791042142,0.3438592875496189,0.009,0.30774499999999994,0.1444,0.1059,0.0108,0.2267,0.477,0.477,1.67
Marcus Semien,2B,2B,2B,False,1,543760,722,2651,0.0905538969216116,0.0205996861885797,-0.0487079196212404,-0.0281082334326607,124.2,110.7,91.9,82.8,0.5,0.2276,0.816,0.0906,0.3396,0.318,0.7696,722,-0.049,2B,95.7,0.706,False,0.01114,0.09773699923784815,0.22175820175756383,0.32901163722082827,0.009,0.27366,0.1407,0.1018,0.0127,0.2267,0.4692,0.4692,1.642
Royce Lewis,3B,3B|DH,"3B, DH",True,2,668904,336,1274,0.0720712695663275,-0.0014510622652491,0.0184041016887471,0.016953039423498,106.1,101.2,105.1,92.2,0.521,0.2988,0.756,0.1248,0.4083,0.321,0.6952,336,0.018,2B|3B|DH,106.6,0.528,False,0.0,0.07416534466155517,0.23525047878404654,0.37256220270815155,0.009,0.332055,0.1536,0.1143,0.0062,0.2267,0.4946,0.4946,1.731
J. D. Martinez,DH,DH,DH,False,1,502110,519,2157,0.0767655594912204,-0.0266714479226332,0.0825813113746896,0.0559098634520564,110.7,90.2,117.7,100.4,0.482,0.3233,0.711,0.1552,0.4777,0.327,0.6049,519,0.083,DH,100.8,0.634,False,0.0,0.06641024587750992,0.26112893744506943,0.40783737738997317,0.009,0.391045,0.1726,0.1259,0.0045,0.2266,0.5251,0.5251,1.838
Bryan De La Cruz,OF,OF|DH,"OF, DH",True,2,650559,634,2439,0.0756229407902572,-0.0163489440756743,0.0309787070516062,0.0146297629759318,109.6,94.7,107.6,91.7,0.532,0.3247,0.738,0.1422,0.4013,0.294,0.6991,634,0.031,DH|LF|RF,102.0,0.679,False,0.00804,0.06592229898888427,0.24581087114363964,0.3870976117623251,0.009,0.326105,0.1484,0.117,0.0103,0.2265,0.4919,0.4919,1.722
Noelvi Marte,OF,3B,3B,False,1,682622,243,882,0.0634224193207737,-0.0056525550084095,-4.035290137212581e-05,-0.0056929079097816,97.6,99.4,101.5,87.5,0.541,0.3028,0.736,0.1286,0.3871,0.248,0.6864,243,-0.0,3B|DH,98.0,0.448,False,0.03719,0.07259511640678845,0.23814968767137573,0.3513927921509322,0.009,0.31403499999999995,0.1464,0.1081,0.0306,0.2254,0.4799,0.4799,1.68
Trevor Larnach,OF,OF|DH,"OF, DH",True,2,663616,404,1599,0.0614477649735982,0.0116352596652356,0.0286939173461462,0.0403291770113819,95.7,106.8,107.1,97.1,0.441,0.2491,0.662,0.1252,0.4259,0.341,0.6468,404,0.029,DH|LF|RF,107.2,0.574,False,0.01,0.08986199154011865,0.25349757582947263,0.3670423921418223,0.009,0.34701499999999996,0.165,0.1148,0.0127,0.2251,0.5049,0.5049,1.767
Dansby Swanson,SS,SS,SS,False,1,621020,598,2363,0.084874636594091,-0.0217334487534765,0.0102270422000432,-0.0115064065534332,118.6,92.4,103.5,86.3,0.488,0.2496,0.724,0.13,0.3986,0.314,0.6637,598,0.01,SS,99.6,0.666,False,0.03204,0.09045338275520869,0.25878944757590017,0.35428966808221685,0.009,0.32381,0.1566,0.1104,0.0296,0.2246,0.4916,0.4916,1.721
Leody Taveras,OF,OF,OF,False,1,665750,534,2030,0.0618379682144812,0.0169931521261135,-0.0365339059815102,-0.0195407538553966,96.1,109.2,94.3,84.6,0.486,0.2883,0.763,0.1135,0.3569,0.294,0.72,534,-0.037,CF,95.2,0.64,False,0.04348,0.07722505178763167,0.2261298708092461,0.32521041842670395,0.009,0.288365,0.1386,0.1005,0.0383,0.2236,0.4627,0.4627,1.619
Jorge Mateo,SS,2B,2B,False,1,622761,211,823,0.0713014689874352,-0.0042206981663699,-0.033241921231119,-0.037462619397489,105.4,100.0,94.9,80.8,0.518,0.3511,0.729,0.1245,0.352,0.293,0.7206,211,-0.033,2B|CF|SS,94.6,0.413,False,0.0625,0.05726479396244632,0.21618663158332385,0.32867172524628974,0.009,0.28419999999999995,0.1297,0.0999,0.0448,0.2235,0.4531,0.4531,1.586
Emmanuel Rivera,3B,1B|3B,"1B, 3B",True,2,656896,309,1175,0.0716791539911726,0.0004333641055485,0.0016574366706356,0.0020908007761842,105.7,102.0,101.8,89.1,0.483,0.2767,0.76,0.1206,0.363,0.296,0.7076,309,0.002,1B|3B|DH,103.1,0.507,False,0.00662,0.08128400617543227,0.23837465241529004,0.3603871670634003,0.009,0.29355,0.142,0.1095,0.011,0.2233,0.4748,0.4748,1.662
Michael Siani,OF,OF,OF,False,1,672279,346,1331,0.0590895479990581,-0.0121283980815188,-0.0611183502500509,-0.0732467483315698,93.4,96.5,89.4,73.3,0.485,0.2592,0.774,0.113,0.2719,0.265,0.7639,346,-0.061,CF|LF,84.4,0.536,False,0.05988,0.08652705446237925,0.23597696555299136,0.3157729742171279,0.009,0.21611499999999995,0.1153,0.0945,0.0478,0.2231,0.4329,0.4329,1.515
Brendan Rodgers,2B,2B,2B,False,1,663898,558,2137,0.0785785854427837,-0.0080665683695359,-0.0035775498923969,-0.0116441182619329,112.5,98.3,100.8,86.2,0.492,0.2865,0.787,0.1156,0.3713,0.324,0.7196,558,-0.004,2B|DH,100.3,0.65,False,0.00186,0.07834500649258316,0.22916772001718455,0.358794971459946,0.009,0.300605,0.1435,0.1094,0.0057,0.2227,0.4756,0.4756,1.665
Jonny Deluca,OF,OF,OF,False,1,676356,363,1345,0.0635958783698941,0.0080960635932318,-0.0340281052005882,-0.0259320416073564,97.8,105.3,94.8,83.2,0.538,0.3622,0.779,0.1237,0.2974,0.289,0.7314,363,-0.034,CF|LF|RF,93.9,0.548,False,0.0442,0.053432934606762926,0.21130133639366777,0.3329909697878381,0.009,0.23779,0.1111,0.0979,0.0371,0.2212,0.4302,0.4302,1.506
Sam Hilliard,OF,OF,OF,False,1,656541,164,671,0.0591575131512945,-0.0391556025993979,0.0704122689832548,0.0312566663838569,93.5,84.8,115.3,95.2,0.469,0.2381,0.631,0.1707,0.4397,0.35,0.6191,164,0.07,CF|DH|LF|RF,105.4,0.353,False,0.03165,0.09333944511332447,0.3092944351018868,0.40077586451324676,0.009,0.358745,0.1706,0.1239,0.0261,0.2199,0.5144,0.5144,1.8
Victor Scott,OF,OF,OF,False,1,687363,160,581,0.0679763394123211,0.0001370340590848,-0.0630596204122315,-0.0629225863531467,102.1,101.9,89.0,75.5,0.506,0.2977,0.781,0.0768,0.317,0.239,0.697,160,-0.063,CF,86.5,0.348,False,0.03226,0.07438883788978164,0.18093567178732858,0.29103282356611837,0.009,0.25445,0.125,0.0901,0.0263,0.2198,0.4349,0.4349,1.522
Mike Yastrzemski,OF,OF,OF,False,1,573262,475,1960,0.0634322754205235,-0.0139802989555423,-0.0020736204917092,-0.0160539194472516,97.7,95.7,101.1,85.3,0.441,0.2219,0.782,0.0984,0.3818,0.325,0.6414,475,-0.002,CF|RF,95.9,0.613,False,0.00633,0.0987053455763811,0.23268878387884998,0.33495973590292205,0.009,0.30952999999999997,0.1544,0.1054,0.0096,0.2196,0.4794,0.4794,1.678
Nick Castellanos,OF,OF,OF,False,1,592206,703,2479,0.0785535204537961,0.002301633031346,0.0441560139516172,0.0464576469829632,112.4,102.8,110.2,98.4,0.581,0.3861,0.691,0.1714,0.4133,0.334,0.7302,703,0.044,DH|RF,108.5,0.701,False,0.0091,0.04620016895679143,0.25711246060172743,0.41042604792040405,0.009,0.33630499999999997,0.1449,0.122,0.011,0.2195,0.4864,0.4864,1.702
Nolan Gorman,2B,2B,2B,False,1,669357,419,1672,0.0676769542586218,-0.0481206557536682,0.0978070511188109,0.0496863953651427,101.8,80.9,120.7,99.1,0.505,0.2946,0.671,0.1742,0.4706,0.29,0.5678,419,0.098,2B,117.6,0.583,False,0.01493,0.07537936623189895,0.2930582024534963,0.4118133623434897,0.009,0.38501,0.1737,0.127,0.0163,0.2194,0.5201,0.5201,1.82
Nick Gonzales,2B,2B,2B,False,1,693304,395,1402,0.0862823608234843,-0.0003168974797087,0.0077225363396273,0.0074056388599186,120.0,101.7,103.0,90.2,0.561,0.2949,0.738,0.1397,0.3487,0.321,0.7264,395,0.008,2B|3B|SS,105.7,0.568,False,0.01292,0.07588080532491057,0.25362902206657445,0.3730818360263711,0.009,0.281395,0.1355,0.1115,0.0149,0.2192,0.4662,0.4662,1.632
David Fry,1B,C|1B|OF|DH,"C, 1B, OF, DH",True,4,681807,435,1700,0.079403356355433,-0.0149558377090705,0.006858141715578,-0.0080976959934924,113.3,95.3,102.8,87.0,0.493,0.3205,0.77,0.1231,0.3853,0.361,0.678,435,0.007,1B|C|DH|LF|RF,96.4,0.592,False,0.0102,0.06739928802821028,0.22554489804256195,0.3555520069810579,0.009,0.312505,0.1439,0.1087,0.0127,0.2191,0.4717,0.4717,1.651
Josh Jung,3B,3B,3B,False,1,673962,195,714,0.0638169124074241,0.0057809103777145,0.0218166029855273,0.0275975133632419,98.0,104.3,105.8,94.4,0.522,0.3253,0.731,0.1423,0.4222,0.327,0.676,195,0.022,3B|DH,109.0,0.394,False,0.02128,0.06534737236101405,0.24571006433831352,0.3697092622022891,0.009,0.34387,0.1547,0.1138,0.0207,0.219,0.4875,0.4875,1.706
Alex Kirilloff,OF,1B|OF|DH,"1B, OF, DH",True,3,666135,185,706,0.0683044985378616,-0.0115175956436419,0.0235150260700976,0.0119974304264557,102.4,96.8,106.1,91.2,0.486,0.319,0.76,0.1276,0.4004,0.297,0.6525,185,0.024,1B|DH|LF|RF,101.5,0.381,False,0.0,0.06752505434633686,0.23121078453996496,0.36427313233537983,0.009,0.32533999999999996,0.1487,0.1115,0.009,0.2186,0.4788,0.4788,1.676
Jake Bauers,1B,1B,1B,False,1,641343,352,1530,0.0804318788525872,-0.0551454502468628,0.0379283240253385,-0.0172171262215242,114.3,77.9,108.9,85.1,0.459,0.2512,0.734,0.1302,0.4484,0.299,0.5513,352,0.038,1B|DH|LF|RF,94.4,0.54,False,0.03757,0.08979570761304151,0.2584446452952538,0.34520665340963075,0.009,0.36614,0.172,0.1107,0.0323,0.2179,0.5006,0.5006,1.752
Christian Vázquez,C,C,C,False,1,543877,320,1163,0.0655981712516359,0.0145101163575987,-0.040359892060644,-0.0258497757030453,99.8,108.1,93.5,83.3,0.52,0.319,0.818,0.1062,0.3203,0.269,0.7597,320,-0.04,3B|C|DH,99.0,0.516,False,0.00952,0.06743958991891764,0.20681987781165417,0.33470060145017994,0.009,0.25725499999999996,0.1235,0.1003,0.0129,0.2172,0.441,0.441,1.544
Jacob Stallings,C,C,C,False,1,607732,283,1082,0.0677574710096018,-0.0121514047683465,-0.0102690553135487,-0.0224204600818952,101.9,96.5,99.4,84.0,0.454,0.2444,0.783,0.1018,0.3252,0.359,0.6736,283,-0.01,C|DH,99.5,0.485,False,0.0,0.09158251107837323,0.22850961198029235,0.33782249098743383,0.009,0.26142,0.1339,0.1028,0.0069,0.2168,0.4535,0.4535,1.587
Patrick Bailey,C,C,C,False,1,672275,449,1790,0.0678859205368559,0.0006991747116072,-0.0109392931240838,-0.0102401184124766,102.0,102.1,99.3,86.5,0.479,0.2641,0.776,0.1051,0.3913,0.289,0.6748,449,-0.011,C|DH,101.7,0.599,False,0.00893,0.08522848347579315,0.22521878457202837,0.33602451837622344,0.009,0.31760499999999997,0.1524,0.1054,0.0117,0.2167,0.4745,0.4745,1.661
Jack Suwinski,OF,OF,OF,False,1,669261,298,1197,0.0724450493426303,-0.0178187312375934,-0.0023851485753555,-0.0202038798129489,106.5,94.1,101.0,84.4,0.47,0.2156,0.733,0.1098,0.4185,0.275,0.6188,298,-0.002,CF|LF|RF,95.0,0.498,False,0.03249,0.10102765966964412,0.24793729219306732,0.3262473083153191,0.009,0.34072499999999994,0.1668,0.1053,0.0283,0.2166,0.4887,0.4887,1.71
Adam Frazier,2B,2B|OF|DH,"2B, OF, DH",True,3,624428,297,1219,0.0710074432083239,-0.0038360734914018,-0.056845471853125,-0.0606815453445268,105.1,100.1,90.3,76.0,0.471,0.278,0.856,0.0872,0.3166,0.27,0.7437,297,-0.057,2B|3B|DH|LF|RF,86.6,0.497,False,0.0102,0.08084476538659234,0.19984123854969804,0.3128736435774355,0.009,0.25410999999999995,0.1273,0.0957,0.0135,0.2164,0.4394,0.4394,1.538
Tyler Soderstrom,OF,1B,1B,False,1,691016,214,770,0.0592383622568457,0.0046408017738843,0.0570532336930641,0.0616940354669485,93.6,103.8,112.7,101.6,0.487,0.2987,0.696,0.1497,0.3867,0.335,0.6197,214,0.057,1B,111.5,0.416,False,0.0,0.07378672862424474,0.2636663496681309,0.3886695886604409,0.009,0.31369499999999995,0.1467,0.1171,0.0082,0.216,0.4798,0.4798,1.679
Jose Trevino,C,C,C,False,1,624431,248,934,0.0374344467640652,0.0609305004644557,-0.1029047467901575,-0.0419742463257017,72.2,128.2,81.2,79.9,0.407,0.369,0.808,0.0697,0.2856,0.284,0.8293,248,-0.103,C,96.1,0.453,False,0.00427,0.05039703566376553,0.14731998118466627,0.29347104180420913,0.009,0.22776000000000002,0.1062,0.0877,0.0102,0.2157,0.4096,0.4096,1.434
Mike Tauchman,OF,OF|DH,"OF, DH",True,2,643565,352,1532,0.0775540704870635,-0.0162400616210263,-0.0245021005279053,-0.0407421621489317,111.5,94.8,96.6,80.1,0.459,0.1901,0.761,0.0903,0.3648,0.329,0.6462,352,-0.025,CF|DH|LF|RF,90.9,0.54,False,0.01714,0.10942102574621136,0.23484021097051505,0.3133397571416215,0.009,0.29508,0.153,0.1,0.018,0.2149,0.4679,0.4679,1.638
Nick Fortes,C,C,C,False,1,663743,348,1192,0.0612862662760042,0.0522489866728045,-0.1053126630960132,-0.0530636764232087,95.6,124.5,80.7,77.6,0.493,0.2609,0.838,0.0632,0.2704,0.264,0.8294,348,-0.105,C,94.1,0.537,False,0.0,0.08605076975578581,0.17860826627234463,0.29126369469166047,0.009,0.21483999999999998,0.1147,0.0885,0.006,0.2137,0.4169,0.4169,1.459
Anthony Rizzo,1B,1B,1B,False,1,519203,421,1600,0.0543165965671725,0.0231125926313417,-0.0301363659844053,-0.0070237733530636,88.7,111.8,95.5,87.2,0.486,0.3065,0.794,0.0988,0.3427,0.304,0.7157,421,-0.03,1B,96.6,0.584,False,0.0,0.07110855167749563,0.2028602849737593,0.33047504400043903,0.009,0.27629499999999996,0.1319,0.1007,0.0053,0.213,0.4456,0.4456,1.56
Tj Friedl,OF,OF,OF,False,1,670770,342,1286,0.0634122772947137,0.022356452942914,-0.0894809516141298,-0.0671244986712157,97.6,111.5,83.8,74.6,0.434,0.24,0.827,0.0705,0.2932,0.315,0.7486,342,-0.089,CF|DH,85.6,0.533,False,0.02639,0.09286107391466566,0.19441013685508124,0.28096197813299123,0.009,0.23421999999999998,0.1243,0.0876,0.0244,0.2128,0.4247,0.4247,1.486
Travis D'Arnaud,C,C,C,False,1,518595,346,1368,0.082048061158367,-0.0203566574386894,0.0295737720970854,0.0092171146583959,115.9,93.0,107.3,90.6,0.506,0.3065,0.742,0.1458,0.4006,0.325,0.6816,346,0.03,C,105.1,0.536,False,0.00293,0.07200264107203526,0.256429098816311,0.37991558910864465,0.009,0.32550999999999997,0.1504,0.1156,0.0081,0.2126,0.4786,0.4786,1.675
Max Kepler,OF,OF,OF,False,1,596146,407,1536,0.077118558210553,0.0033459382932376,-0.0237017375308979,-0.0203557992376603,111.0,103.3,96.8,84.4,0.521,0.2342,0.801,0.1067,0.3788,0.319,0.7222,407,-0.024,DH|RF,95.0,0.576,False,0.00251,0.09517324113772187,0.23774575684872692,0.33847361173924984,0.009,0.30698,0.1521,0.1059,0.0072,0.2121,0.4701,0.4701,1.645
Mj Melendez,OF,OF,OF,False,1,669004,468,1909,0.084116058485228,-0.0248542663224513,0.0351133092653463,0.010259042942895,117.9,91.0,108.4,90.8,0.528,0.2597,0.717,0.1443,0.4047,0.295,0.6501,468,0.035,DH|LF|RF,101.2,0.609,False,0.00887,0.08717103917126574,0.2714725302106449,0.3754506855285701,0.009,0.328995,0.1573,0.1156,0.0116,0.2117,0.4846,0.4846,1.696
Tyler Stephenson,C,C,C,False,1,663886,515,1945,0.0671378419937936,0.0070669831668569,-0.0119453935501193,-0.0048784103832624,101.3,104.9,99.1,87.6,0.433,0.2328,0.783,0.0986,0.3802,0.351,0.6588,515,-0.012,C|DH,102.6,0.632,False,0.00194,0.09530618194322148,0.22901484502084093,0.33011014525032534,0.009,0.30816999999999994,0.1526,0.104,0.006,0.2114,0.468,0.468,1.638
Jon Singleton,1B,1B,1B,False,1,572138,410,1644,0.0494991563344502,0.0102979569653484,0.0057676229961307,0.0160655799614792,84.0,106.3,102.6,92.0,0.408,0.2415,0.754,0.106,0.3619,0.323,0.6293,410,0.006,1B|DH,101.7,0.577,False,0.0,0.09192996972278095,0.23433473022367968,0.33943215408641664,0.009,0.29261499999999996,0.1456,0.1051,0.0054,0.2114,0.4621,0.4621,1.617
Nolan Jones,OF,OF,OF,False,1,666134,308,1357,0.0462159407321583,-0.0204116827815514,0.006416228102149,-0.0139954546794024,80.8,93.0,102.7,85.7,0.399,0.2553,0.717,0.1088,0.4206,0.299,0.6015,308,0.006,DH|LF,96.3,0.507,False,0.01684,0.08737143538473094,0.23258605469950355,0.32954382006472477,0.009,0.34251,0.1624,0.1054,0.0179,0.2112,0.479,0.479,1.676
Austin Martin,OF,2B|OF,"2B, OF",True,2,668885,257,934,0.0802783916081747,0.0217833353352389,-0.0668625119362533,-0.0450791766010144,114.1,111.2,88.3,79.2,0.455,0.193,0.814,0.088,0.333,0.307,0.737,257,-0.067,2B|CF|LF,90.0,0.461,False,0.02724,0.10857064181737511,0.23118064052076281,0.2998230507704388,0.009,0.26805,0.1427,0.0951,0.0246,0.2108,0.4486,0.4486,1.57
Michael Busch,1B,1B,1B,False,1,683737,570,2372,0.0700388949152376,-0.0302373785490815,0.0322848045061726,0.0020474259570911,104.1,88.7,107.8,89.1,0.451,0.2659,0.732,0.122,0.3869,0.341,0.589,570,0.032,1B|2B|DH,98.7,0.655,False,0.00353,0.0847166410428631,0.24383641330044054,0.3531062525446116,0.009,0.313865,0.1508,0.1092,0.007,0.21,0.47,0.47,1.645
Jorge Polanco,2B,2B,2B,False,1,593871,472,1964,0.0639900904496856,-0.0223751365676062,0.009059061616676,-0.0133160749509302,98.2,92.1,103.3,85.9,0.448,0.2746,0.783,0.1134,0.4116,0.296,0.6186,472,0.009,2B|DH,99.9,0.611,False,0.00853,0.08171515746572228,0.23092010655687875,0.3384134472592617,0.009,0.33486,0.1575,0.1068,0.0113,0.2095,0.4738,0.4738,1.658
Travis Jankowski,OF,OF|DH,"OF, DH",True,2,608671,210,827,0.0615169079568941,0.0083717242455039,-0.108635276254307,-0.1002635520088031,95.8,105.4,80.1,67.7,0.449,0.174,0.86,0.0626,0.2848,0.254,0.73,210,-0.109,CF|DH|LF|RF,79.0,0.412,False,0.05314,0.11410052399720032,0.20903214763057132,0.25579589339724756,0.009,0.22708,0.1296,0.0824,0.0393,0.2092,0.4212,0.4212,1.474
Austin Wells,C,C,C,False,1,669224,485,1904,0.0751904219237713,-0.0117921476408766,0.0112786768896368,-0.0005134707512397,109.2,96.7,103.7,88.6,0.493,0.3089,0.741,0.1372,0.4083,0.309,0.7025,485,0.011,C,103.4,0.618,False,0.00242,0.07100791062537878,0.2457680136251561,0.36757026261586734,0.009,0.332055,0.1525,0.1129,0.0066,0.2084,0.4738,0.4738,1.658
Jake Fraley,OF,OF,OF,False,1,641584,382,1330,0.101230652469582,-0.0077218769861974,-0.054384891101227,-0.0621067680874244,134.6,98.5,90.8,75.7,0.58,0.2473,0.77,0.1176,0.3369,0.323,0.7278,382,-0.054,DH|LF|RF,86.7,0.56,False,0.05236,0.09172154225158269,0.24547973366990578,0.3098726397687389,0.009,0.27136499999999997,0.1377,0.0967,0.0432,0.2083,0.4427,0.4427,1.549
Romy Gonzalez,1B,1B|2B,"1B, 2B",True,2,663853,217,830,0.0762619216166553,-0.0112038536647335,0.0325058274597285,0.021301973794995,110.2,96.9,107.9,93.1,0.552,0.3487,0.699,0.1673,0.4202,0.325,0.6383,217,0.033,1B|2B|3B|CF|DH|SS,102.9,0.42,False,0.05093,0.05819706963521952,0.26582757705990995,0.3686462398000594,0.009,0.34217,0.1515,0.113,0.0383,0.2083,0.4728,0.4728,1.655
Jason Heyward,OF,OF,OF,False,1,518792,260,1045,0.0630647654233383,-0.0051362409644364,-0.0462183854754371,-0.0513546264398735,97.3,99.6,92.4,77.9,0.497,0.2972,0.784,0.1023,0.3338,0.301,0.7187,260,-0.046,LF|RF,88.8,0.464,False,0.01938,0.07439241057326393,0.21017858853939714,0.3154120964106756,0.009,0.26872999999999997,0.1303,0.0968,0.0196,0.2082,0.4353,0.4353,1.524
Jarred Kelenic,OF,OF,OF,False,1,672284,453,1770,0.0675367158362549,-0.0221752018396745,0.0415188510323642,0.0193436491926897,101.7,92.2,109.7,92.7,0.5,0.2921,0.712,0.15,0.432,0.302,0.6221,453,0.042,CF|LF,103.0,0.602,False,0.01559,0.07618284496289482,0.2663708913220285,0.3725771291924749,0.009,0.35219999999999996,0.1618,0.1157,0.0167,0.2081,0.4856,0.4856,1.7
Mark Canha,OF,1B|OF|DH,"1B, OF, DH",True,3,592192,484,2031,0.0606079295640216,-3.254389966811035e-06,-0.0664856582560222,-0.066488912645989,94.9,101.8,88.4,74.7,0.415,0.2296,0.807,0.0786,0.3127,0.325,0.7155,484,-0.066,1B|DH|LF|RF,85.7,0.617,False,0.01515,0.09612846822321414,0.207365114447793,0.29394388366565516,0.009,0.25079499999999993,0.1317,0.0919,0.0163,0.208,0.4316,0.4316,1.511
Eloy Jiménez,OF,DH,DH,False,1,650391,348,1201,0.0684355477477871,0.0272320380392404,-0.0180708205493151,0.0091612174899252,102.6,113.6,97.9,90.6,0.503,0.3467,0.719,0.1292,0.356,0.284,0.7429,348,-0.018,DH|RF,101.0,0.537,False,0.0086,0.05859266319917292,0.22311858833751405,0.35146838893808824,0.009,0.28759999999999997,0.1314,0.1057,0.012,0.2079,0.445,0.445,1.558
Andrew Mccutchen,OF,DH,DH,False,1,457705,534,2237,0.0756587785629689,-0.0231072913218975,-0.0004175186688058,-0.0235248099907033,109.6,91.8,101.4,83.7,0.418,0.1953,0.757,0.1084,0.3828,0.337,0.6379,534,-0.0,DH|RF,94.3,0.64,False,0.00583,0.10768049805766308,0.2536084503999575,0.33538192395046157,0.009,0.31037999999999993,0.158,0.1061,0.0089,0.2074,0.4715,0.4715,1.65
Tyler Nevin,3B,1B|3B|OF,"1B, 3B, OF",True,3,663527,286,1128,0.0741714333447214,-0.0095862299696692,-0.0229942259952887,-0.032580455964958,108.2,97.6,96.9,81.8,0.473,0.2404,0.777,0.0981,0.3409,0.283,0.6654,286,-0.023,1B|3B|DH|LF|RF,94.9,0.488,False,0.0036,0.09308042327916984,0.22572437929262817,0.3216860341746083,0.009,0.274765,0.1394,0.0998,0.0092,0.2072,0.4464,0.4464,1.562
Jake Meyers,OF,OF,OF,False,1,676694,525,1858,0.0655358720201038,0.0169406646706588,-0.0122590402784759,0.0046816243921829,99.7,109.1,99.1,89.6,0.489,0.2822,0.734,0.126,0.3526,0.29,0.6885,525,-0.012,CF,100.0,0.636,False,0.02144,0.07931189576010761,0.24256052298478142,0.34035279140108377,0.009,0.28471,0.138,0.1041,0.0211,0.2072,0.4493,0.4493,1.573
Kyle Farmer,2B,2B|3B,"2B, 3B",True,2,571657,246,896,0.056391774347644,0.018931476124554,-0.0503916291405064,-0.0314601530159523,90.8,110.0,91.5,82.1,0.488,0.3512,0.811,0.0955,0.3538,0.288,0.7155,246,-0.05,2B|3B|SS,94.8,0.451,False,0.0124,0.056752607698579406,0.18309773651297429,0.3091629910338394,0.009,0.28573,0.13,0.0953,0.0153,0.2071,0.4324,0.4324,1.513
Kyle Stowers,OF,OF,OF,False,1,669065,217,854,0.0733759779741242,-0.0301535284691099,0.058569865414834,0.028416336945724,107.4,88.7,113.0,94.6,0.543,0.3335,0.68,0.1773,0.3156,0.277,0.6741,217,0.059,CF|DH|LF|RF,104.8,0.42,False,0.0,0.06301016723317339,0.28266636648618587,0.4095190749551373,0.009,0.25326,0.1203,0.1178,0.0082,0.2071,0.4452,0.4452,1.558
Josh Rojas,3B,3B,3B,False,1,668942,482,1926,0.0687468405385947,-0.0027234123180049,-0.0423182091938213,-0.0450416215118262,102.9,100.6,93.1,79.2,0.455,0.216,0.788,0.1003,0.3326,0.295,0.701,482,-0.042,2B|3B|LF,92.0,0.616,False,0.02101,0.10078024177670482,0.2369663645548979,0.31342058335319267,0.009,0.26771,0.1397,0.0979,0.0208,0.207,0.4446,0.4446,1.556
James Mccann,C,C,C,False,1,543510,238,896,0.0626347589170219,-0.0001603563705218,0.0240592655880521,0.0238989092175303,96.9,101.7,106.2,93.7,0.522,0.3407,0.73,0.1539,0.3961,0.297,0.7011,238,0.024,C,107.7,0.442,False,0.00429,0.06034153685598268,0.2534185397046813,0.3805320770815319,0.009,0.321685,0.1447,0.1148,0.0104,0.2069,0.4664,0.4664,1.632
Brooks Lee,3B,3B|SS,"3B, SS",True,2,686797,187,627,0.0494632158187063,0.0557586208828269,-0.0602480126334605,-0.0044893917506335,84.0,126.0,89.6,87.7,0.523,0.3163,0.802,0.1201,0.309,0.261,0.824,187,-0.06,2B|3B|DH|SS,101.5,0.384,False,0.01622,0.06779153625798452,0.2236290930875498,0.33521439278833637,0.009,0.24764999999999998,0.12,0.0999,0.0179,0.2063,0.4262,0.4262,1.492
Gary Sánchez,C,C|DH,"C, DH",True,2,596142,286,1183,0.0428507135397067,0.0046062830003944,0.0029556039775412,0.0075618869779356,77.5,103.8,102.1,90.2,0.407,0.2716,0.729,0.111,0.4015,0.311,0.635,286,0.003,1B|C|DH,104.8,0.488,False,0.0,0.08200284812896051,0.22925859278987437,0.33764954126476154,0.009,0.326275,0.1544,0.1061,0.0069,0.2063,0.4668,0.4668,1.634
Edmundo Sosa,2B,2B|3B|SS,"2B, 3B, SS",True,3,624641,300,1138,0.0643747349751736,-0.0137456577177978,0.0078585982952577,-0.00588705942254,98.6,95.8,103.0,87.4,0.572,0.3953,0.724,0.1644,0.3626,0.334,0.7365,300,0.008,2B|3B|SS,101.9,0.5,False,0.02555,0.042777651839159006,0.245840787215313,0.3759803805707261,0.009,0.29320999999999997,0.1276,0.1109,0.0237,0.2056,0.4441,0.4441,1.554
Sean Murphy,C,C,C,False,1,669221,267,1082,0.0577030200243013,-0.014242684240811,0.0085846847972915,-0.0056579994435194,92.1,95.6,103.2,87.5,0.457,0.2802,0.759,0.1173,0.4125,0.297,0.6348,267,0.009,C,102.5,0.471,False,0.0,0.079707489324061,0.23336053696389655,0.3430755433441327,0.009,0.33562499999999995,0.157,0.1078,0.0072,0.2056,0.4704,0.4704,1.646
Enrique Hernández,1B,3B,3B,False,1,571771,457,1743,0.0764975630078789,0.0024787804539857,-0.0392292775197685,-0.0367504970657827,110.4,102.9,93.7,81.0,0.49,0.2627,0.777,0.1057,0.3254,0.305,0.7466,457,-0.039,1B|2B|3B|CF|LF|SS,90.0,0.604,False,0.0,0.08595638817986508,0.22640380211499775,0.3314088564152712,0.009,0.26159,0.1319,0.1009,0.0049,0.2049,0.4377,0.4377,1.532
Josh Bell,1B,1B|DH,"1B, DH",True,2,605137,618,2302,0.06998730978674,0.0112913212470973,-0.0191698065113812,-0.0078784852642839,104.1,106.7,97.7,87.0,0.489,0.2555,0.78,0.1118,0.3674,0.334,0.7102,618,-0.019,1B|DH,96.4,0.673,False,0.0,0.08807278687219308,0.23593374635445663,0.33961941359360054,0.009,0.29729,0.1459,0.1052,0.0039,0.2047,0.4558,0.4558,1.595
Blake Perkins,OF,OF,OF,False,1,663368,439,1761,0.0524597926012331,0.0003183516315338,-0.0560172092579054,-0.0556988576263715,86.9,101.9,90.4,77.0,0.424,0.2172,0.765,0.091,0.3196,0.303,0.6275,439,-0.056,CF,87.9,0.594,False,0.053,0.09986705924304841,0.2259370119760703,0.2759598080092296,0.009,0.25666,0.1352,0.0882,0.0446,0.2035,0.4269,0.4269,1.494
Dominic Fletcher,OF,OF,OF,False,1,666150,242,910,0.045654376489767,0.0123032467507252,-0.0529363558475467,-0.0406331090968215,80.3,107.1,91.0,80.2,0.473,0.2961,0.801,0.0917,0.3088,0.234,0.7249,242,-0.053,CF|LF|RF,91.0,0.446,False,0.0,0.07418858166439427,0.19849088021739053,0.3106941466260465,0.009,0.24747999999999998,0.1223,0.0944,0.0077,0.2031,0.4198,0.4198,1.469
Carson Kelly,C,C,C,False,1,608348,334,1245,0.0741747349098453,0.0236823980059355,-0.0326375634005454,-0.0089551653946099,108.2,112.1,95.0,86.8,0.454,0.2404,0.78,0.1077,0.3166,0.307,0.7247,334,-0.033,C|DH,101.9,0.527,False,0.0,0.09308042327916984,0.2366660944604685,0.33140305646014945,0.009,0.25410999999999995,0.1318,0.1009,0.0062,0.203,0.4357,0.4357,1.525
Javier Báez,OF,SS,SS,False,1,595879,313,1115,0.0405552547829531,0.0347232456630131,-0.0178485731901835,0.0168746724728296,75.3,116.9,98.0,92.2,0.523,0.4553,0.667,0.1564,0.3336,0.23,0.7681,313,-0.018,SS,102.5,0.511,False,0.02768,0.02264937930115215,0.2152443907429988,0.360657781574738,0.009,0.26855999999999997,0.1111,0.1046,0.0252,0.2023,0.418,0.418,1.463
Isaac Paredes,3B,1B|3B,"1B, 3B",True,2,670623,652,2885,0.0782532651078262,-0.0056894089274728,-0.0625551804779539,-0.0682445894054267,112.2,99.3,89.1,74.4,0.449,0.2506,0.838,0.0744,0.3105,0.334,0.7015,652,-0.063,1B|3B|DH,86.6,0.685,False,0.00156,0.08992030245027963,0.19506070888717295,0.29316716928015774,0.009,0.24892499999999995,0.1287,0.0912,0.005,0.202,0.4219,0.4219,1.477
José Siri,OF,OF,OF,False,1,642350,458,1824,0.0646174888610927,-0.037012805747338,0.0958849200896691,0.0588721143423311,98.8,85.8,120.4,101.0,0.508,0.3709,0.637,0.2042,0.4439,0.275,0.5755,458,0.096,CF,111.0,0.604,False,0.03125,0.050658260471619275,0.2999378235516241,0.4133868922241368,0.009,0.362315,0.1561,0.1245,0.0285,0.2016,0.4822,0.4822,1.688
Reese Mcguire,C,C,C,False,1,624512,163,627,0.0414256151422429,0.0177720865641043,-0.0327755887403357,-0.0150035021762314,76.1,109.5,95.0,85.5,0.453,0.3527,0.799,0.1095,0.3097,0.262,0.6745,163,-0.033,C,100.8,0.352,False,0.01899,0.05578534547970962,0.19851744695359697,0.31543507862443876,0.009,0.24824499999999994,0.1158,0.0945,0.0195,0.2012,0.4115,0.4115,1.44
Nick Senzel,3B,3B|DH,"3B, DH",True,2,669222,272,1023,0.0788881663163753,-0.0103012050886872,-0.0329933525096925,-0.0432945575983797,112.8,97.3,95.0,79.6,0.469,0.2709,0.801,0.1017,0.3444,0.28,0.6851,272,-0.033,3B|DH|RF,92.5,0.476,False,0.00375,0.08338908651666498,0.21890938639351873,0.31797216056787303,0.009,0.27774,0.1369,0.0985,0.0095,0.201,0.4364,0.4364,1.527
Willi Castro,OF,2B|3B|SS|OF,"2B, 3B, SS, OF",True,4,650489,644,2541,0.0705542925567674,-0.0096658365245235,-0.0004091435768837,-0.0100749801014073,104.6,97.6,101.4,86.6,0.512,0.3701,0.735,0.1362,0.3668,0.336,0.6561,644,-0.0,2B|3B|CF|LF|SS,97.1,0.682,False,0.02205,0.05110707695042603,0.22272038511940986,0.34163563607646735,0.009,0.29678,0.132,0.1034,0.0217,0.2007,0.4361,0.4361,1.526
Thairo Estrada,2B,2B,2B,False,1,642731,386,1324,0.0596899675770517,0.0304163166990675,-0.0551773942932888,-0.0247610775942212,94.0,115.0,90.6,83.5,0.514,0.3327,0.806,0.1023,0.3293,0.273,0.7511,386,-0.055,2B|DH,96.7,0.563,False,0.00525,0.06282786178642275,0.1974705940774214,0.31650684278347624,0.009,0.26490499999999995,0.1246,0.0962,0.0094,0.2003,0.4211,0.4211,1.474
Jonah Heim,C,C|DH,"C, DH",True,2,641680,494,1790,0.0729723560993555,0.0132821960467366,-0.0558359648907435,-0.0425537688440069,107.0,107.6,90.5,79.8,0.543,0.2971,0.807,0.1002,0.3352,0.269,0.7562,494,-0.056,C|DH,96.0,0.622,False,0.00204,0.07474352926237923,0.20782088551393052,0.31747432826526495,0.009,0.26992,0.1309,0.0974,0.0062,0.1996,0.4279,0.4279,1.498
Jo Adell,OF,OF,OF,False,1,666176,454,1858,0.0773610014145945,-0.0205808199714839,0.02745903573251,0.006878215761026,111.3,92.9,106.9,90.1,0.496,0.328,0.698,0.1539,0.3854,0.307,0.6047,454,0.027,CF|RF,100.5,0.602,False,0.03326,0.06491324868789021,0.25796477997699374,0.3534740261556475,0.009,0.31259,0.143,0.108,0.03,0.1994,0.4504,0.4504,1.576
Corey Julks,OF,OF,OF,False,1,667452,198,800,0.0586302674417828,-0.0038681014656592,-0.0470870793907741,-0.0509551808564333,93.0,100.1,92.2,78.0,0.458,0.3004,0.764,0.1094,0.34,0.262,0.7067,198,-0.047,CF|DH|LF|RF,88.9,0.398,False,0.02646,0.07321840530350751,0.2171253893556596,0.31034951994767296,0.009,0.274,0.1318,0.0959,0.0237,0.1991,0.4268,0.4268,1.494
Ramón Urías,3B,3B,3B,False,1,602104,310,1178,0.0900837589236834,0.0031888606484504,-0.0139739384979883,-0.0107850778495379,123.7,103.2,98.7,86.4,0.497,0.2608,0.757,0.1234,0.3505,0.336,0.6981,310,-0.014,1B|2B|3B,100.1,0.508,False,0.00332,0.08700671362356029,0.24725773563817532,0.34139537810065923,0.009,0.282925,0.1402,0.1047,0.0088,0.1989,0.4438,0.4438,1.553
Trent Grisham,OF,OF,OF,False,1,663757,224,930,0.053328588032289,-0.0065208955419289,-0.0203101219894718,-0.0268310175314008,87.8,99.0,97.5,83.0,0.365,0.1995,0.769,0.093,0.3796,0.315,0.6148,224,-0.02,CF,93.7,0.427,False,0.00478,0.10560854511976475,0.23455263461660897,0.3075899066231613,0.009,0.30766,0.1562,0.0992,0.0109,0.1985,0.4539,0.4539,1.589
Leo Jimenez,SS,2B|SS,"2B, SS",True,2,677870,213,856,0.0615924596252353,-0.0284979107829222,0.0122495923780201,-0.016248318404902,95.9,89.5,103.9,85.3,0.463,0.283,0.741,0.12,0.376,0.314,0.598,213,0.012,2B|SS,98.7,0.415,False,0.0,0.07892882114854644,0.23543557366489307,0.33582893793108626,0.009,0.3046,0.1452,0.1042,0.0083,0.1966,0.446,0.446,1.561
Connor Norby,3B,2B|3B,"2B, 3B",True,2,681393,204,793,0.0939763473394458,-0.0495385962725344,0.0656698408315024,0.0161312445589679,127.5,80.3,114.4,92.0,0.575,0.361,0.714,0.182,0.441,0.318,0.611,204,0.066,2B|3B|DH,106.3,0.405,False,0.01546,0.05479644893105143,0.2781790268083471,0.3934207282951574,0.009,0.35985,0.1567,0.1198,0.0174,0.1964,0.4729,0.4729,1.655
Ty France,1B,1B,1B,False,1,664034,541,2043,0.0873212423134282,-0.0044875000815446,-0.033698822096189,-0.0381863221777337,121.0,99.9,94.8,80.7,0.512,0.313,0.812,0.1084,0.3527,0.304,0.7033,541,-0.034,1B|DH,89.7,0.643,False,0.00187,0.0700726916901802,0.21147518425419565,0.32256731274199624,0.009,0.28479499999999996,0.1346,0.0992,0.0058,0.196,0.4298,0.4298,1.504
Kevin Pillar,OF,OF,OF,False,1,607680,319,1212,0.0645138323615034,0.0031833987112682,-0.0430316118856889,-0.0398482131744206,98.7,103.2,93.0,80.3,0.525,0.365,0.764,0.1278,0.346,0.296,0.7138,319,-0.043,CF|DH|LF|RF,91.1,0.515,False,0.03822,0.05255894072374229,0.21497203988997426,0.31667560835321784,0.009,0.27909999999999996,0.126,0.0964,0.0324,0.1957,0.4181,0.4181,1.463
Jj Bleday,OF,OF,OF,False,1,668709,644,2494,0.0681331528443058,0.0126925990822283,-0.0243952185985714,-0.0117026195163431,102.3,107.3,96.7,86.2,0.453,0.2309,0.751,0.1073,0.3452,0.339,0.6756,644,-0.024,CF|DH,96.7,0.682,False,0.00312,0.09595219490335648,0.23961092057416822,0.3238093098399089,0.009,0.27842,0.1418,0.1007,0.0063,0.1955,0.438,0.438,1.533
Jake Rogers,C,C,C,False,1,668670,380,1432,0.0713544029064662,-0.0156994004468387,0.0247830787284783,0.0090836782816396,105.4,95.0,106.4,90.6,0.473,0.2313,0.69,0.1435,0.4189,0.277,0.6455,380,0.025,C|DH,105.1,0.559,False,0.00297,0.09592501226568977,0.28072711618290536,0.3631305590092195,0.009,0.34106499999999995,0.165,0.1139,0.0078,0.1951,0.474,0.474,1.659
Adolis García,OF,OF|DH,"OF, DH",True,2,666969,642,2557,0.0723755956711186,-0.0154172674444914,0.0314597887368868,0.0160425212923953,106.4,95.1,107.7,92.0,0.521,0.3443,0.689,0.1613,0.4217,0.305,0.6422,642,0.031,DH|RF,102.3,0.682,False,0.01727,0.05949206793832334,0.2605640804499448,0.36881412516191514,0.009,0.343445,0.1524,0.1132,0.0178,0.1945,0.4601,0.4601,1.61
Joey Meneses,1B,1B|DH,"1B, DH",True,2,608841,318,1153,0.0662298337022197,0.0137748438221571,-0.0536891872668064,-0.0399143434446493,100.4,107.8,90.9,80.3,0.508,0.3101,0.789,0.105,0.3234,0.281,0.7338,318,-0.054,1B|DH,89.3,0.515,False,0.00639,0.07033139881380639,0.2086381113230427,0.31266504385329674,0.009,0.25989,0.1255,0.0954,0.0108,0.1942,0.4151,0.4151,1.453
Bo Naylor,C,C,C,False,1,666310,419,1738,0.0643000885566817,-0.0260829940250845,-0.0237441670279841,-0.0498271610530686,98.5,90.5,96.8,78.2,0.477,0.2643,0.77,0.1074,0.3439,0.278,0.6348,419,-0.024,C|DH,94.6,0.583,False,0.01542,0.08504889394216476,0.2277686428293264,0.31124741669700723,0.009,0.277315,0.1374,0.097,0.0166,0.1941,0.4285,0.4285,1.5
Ryan Jeffers,C,C|DH,"C, DH",True,2,680777,477,1866,0.0586133706989858,0.0116572617848125,-0.0256578647146068,-0.0140006029297942,92.9,106.9,96.4,85.7,0.483,0.2836,0.743,0.1123,0.3681,0.318,0.677,477,-0.026,C|DH,101.0,0.614,False,0.00645,0.07863658454983212,0.22644462328569664,0.3221118272344038,0.009,0.29788499999999996,0.1426,0.1004,0.0097,0.193,0.436,0.436,1.526
Jhonkensy Noel,OF,OF,OF,False,1,678877,222,824,0.0495254867747289,-0.0142475800908762,0.0705976975509664,0.0563501174600901,84.1,95.6,115.4,100.5,0.542,0.43,0.721,0.176,0.427,0.323,0.586,222,0.071,1B|DH|RF,110.5,0.425,False,0.0,0.0311031136595373,0.2466404092544659,0.39097603873692444,0.009,0.34795,0.1436,0.1171,0.0081,0.1925,0.4532,0.4532,1.586
Austin Barnes,C,C,C,False,1,605131,158,601,0.087634959101201,-0.0057507936728999,-0.0772429727361973,-0.0829937664090972,121.3,99.3,86.2,71.3,0.473,0.1877,0.804,0.0854,0.3029,0.29,0.7119,158,-0.077,C,88.8,0.345,False,0.01923,0.11051765608709846,0.23011450920689447,0.2814994176839053,0.009,0.24246499999999999,0.1339,0.0893,0.0196,0.1905,0.4137,0.4137,1.448
Jeimer Candelario,3B,1B|3B|DH,"1B, 3B, DH",True,3,600869,464,1778,0.0677801435330057,-0.0092359860410902,-0.0221993766093778,-0.0314353626504681,101.9,97.8,97.1,82.1,0.517,0.3049,0.772,0.1235,0.3516,0.308,0.6819,464,-0.022,1B|3B|DH,95.3,0.607,False,0.00864,0.07205877812890556,0.23158516097099158,0.3277712193231238,0.009,0.28386,0.135,0.1006,0.0114,0.1886,0.4242,0.4242,1.485
Edouard Julien,2B,2B,2B,False,1,666397,314,1298,0.0597261997748499,-0.0270531847366183,-0.0014229295781895,-0.0284761143148078,94.0,90.1,101.2,82.7,0.4,0.1641,0.728,0.1077,0.4088,0.283,0.5519,314,-0.001,2B|DH,95.6,0.511,False,0.01993,0.11723614898113766,0.2639793332618417,0.3060283955064644,0.009,0.33248,0.1697,0.101,0.02,0.1883,0.459,0.459,1.606
Luis Robert,OF,OF,OF,False,1,673357,423,1609,0.0644481447305331,-0.0184341926137488,0.0238518794496023,0.0054176868358535,98.7,93.8,106.2,89.8,0.531,0.4018,0.716,0.1781,0.4263,0.299,0.6158,423,0.024,CF|DH,100.2,0.585,False,0.05412,0.04068334778919004,0.2591287106820145,0.35234662747013745,0.009,0.34735499999999997,0.1469,0.1084,0.0452,0.1881,0.4434,0.4434,1.552
Nick Ahmed,SS,SS,SS,False,1,605113,230,852,0.068263644494349,-0.0039354253322842,-0.0515683220744722,-0.0555037474067564,102.4,100.1,91.3,77.0,0.546,0.3156,0.755,0.1228,0.3204,0.261,0.7618,230,-0.052,2B|SS,91.2,0.434,False,0.00877,0.06862225586746398,0.22695703065099457,0.3238403410613461,0.009,0.25734,0.1239,0.0978,0.0132,0.1877,0.4094,0.4094,1.433
Trey Lipscomb,3B,3B,3B,False,1,702358,218,795,0.0707312049950299,0.0090551003371541,-0.0766452298569218,-0.0675901295197677,104.8,105.7,86.4,74.5,0.509,0.2966,0.777,0.1216,0.292,0.246,0.756,218,-0.077,1B|2B|3B,86.8,0.421,False,0.05213,0.07483256637328076,0.23239077807973393,0.2970013749799934,0.009,0.23319999999999996,0.1173,0.0903,0.039,0.1874,0.395,0.395,1.382
Chas Mccormick,OF,OF,OF,False,1,676801,278,1056,0.0804368510156834,-0.0253539158013789,-0.0059332692687454,-0.0312871850701244,114.3,90.8,100.3,82.1,0.523,0.2879,0.702,0.1445,0.3835,0.276,0.6561,278,-0.006,CF|LF|RF,92.8,0.481,False,0.02996,0.07795238531146359,0.26160568137539125,0.33544985432332075,0.009,0.310975,0.1472,0.1044,0.0265,0.1873,0.4389,0.4389,1.536
Seth Brown,OF,1B|OF,"1B, OF",True,2,664913,410,1587,0.0708118958160516,-0.0080076390280574,0.0045829609614212,-0.0034246780666362,104.9,98.3,102.4,87.9,0.519,0.2897,0.714,0.1438,0.3944,0.296,0.6628,410,0.005,1B|DH|LF|RF,98.4,0.577,False,0.01,0.07706252714187156,0.2601634989627628,0.34833924437519365,0.009,0.32023999999999997,0.1503,0.108,0.0127,0.1869,0.4452,0.4452,1.558
Ceddanne Rafaela,OF,SS|OF,"SS, OF",True,2,678882,578,2098,0.072793415785478,-0.011085699305642,0.0076762610274921,-0.0034094382781499,106.8,97.0,103.0,87.9,0.619,0.395,0.721,0.1769,0.3462,0.308,0.6959,578,0.008,2B|CF|SS,98.4,0.658,False,0.03327,0.04314400539378877,0.260195203675934,0.3633376888435551,0.009,0.27926999999999996,0.1226,0.1071,0.0305,0.1858,0.4155,0.4155,1.454
Addison Barger,3B,3B|OF,"3B, OF",True,2,680718,229,865,0.0435596881258201,0.0111290939063974,0.0147316857870759,0.0258607796934734,78.2,106.6,104.4,94.1,0.461,0.3192,0.765,0.1623,0.376,0.281,0.685,229,0.015,3B|LF|RF,108.7,0.433,False,0.00889,0.06666503648671694,0.27068893148872414,0.3664238940302746,0.009,0.3046,0.1407,0.1108,0.0133,0.1847,0.4362,0.4362,1.527
Max Schuemann,3B,3B|SS,"3B, SS",True,2,680474,463,1846,0.0650766814671146,-0.0066109151021538,-0.0366531669555917,-0.0432640820577455,99.3,98.9,94.2,79.6,0.424,0.211,0.768,0.111,0.352,0.289,0.632,463,-0.037,2B|3B|CF|LF|SS,92.5,0.607,False,0.0305,0.10227543806437915,0.2509516762939794,0.2965138552921878,0.009,0.28419999999999995,0.1463,0.0949,0.0279,0.1847,0.4259,0.4259,1.491
Justyn-Henry Malloy,OF,OF|DH,"OF, DH",True,2,669234,264,1109,0.0779502014925283,-0.0478668848596003,0.0012188994387208,-0.0466479854208795,111.9,81.1,101.7,78.9,0.44,0.2506,0.712,0.1201,0.38,0.307,0.593,264,0.001,DH|LF,89.7,0.468,False,0.00435,0.08991044117019278,0.24714783213407956,0.3225878378036271,0.009,0.308,0.1506,0.1018,0.01,0.1844,0.4368,0.4368,1.529
Jordan Walker,OF,OF,OF,False,1,691023,198,727,0.0589818570558771,-0.0023265449135212,-0.0160165080664431,-0.0183430529799643,93.3,100.8,98.3,84.8,0.486,0.3247,0.724,0.1437,0.3765,0.272,0.7188,198,-0.016,DH|RF,95.4,0.398,False,0.00562,0.06538650277083295,0.2475205141386147,0.34530152398637765,0.009,0.305025,0.1404,0.1056,0.0118,0.184,0.43,0.43,1.505
Hunter Renfroe,OF,OF,OF,False,1,592669,430,1683,0.0619455886054027,0.0168150209732818,-0.0458190256831042,-0.0290040047098224,96.2,109.1,92.4,82.6,0.443,0.3153,0.76,0.109,0.3281,0.306,0.7035,430,-0.046,DH|RF,93.3,0.589,False,0.00236,0.06851526797792572,0.21133570659971965,0.31066782718614266,0.009,0.263885,0.1263,0.095,0.0069,0.1837,0.405,0.405,1.418
Garrett Mitchell,OF,OF,OF,False,1,669003,230,906,0.0763861653854719,-0.0264425777697075,0.0188871935744765,-0.0075553841952309,110.3,90.3,105.2,87.1,0.444,0.2294,0.713,0.1493,0.4019,0.354,0.5546,230,0.019,CF|DH|RF,97.6,0.434,False,0.04911,0.09669922186695362,0.2880178819459475,0.32803884336605993,0.009,0.32661499999999993,0.16,0.1047,0.0376,0.1833,0.448,0.448,1.568
Luke Raley,OF,1B|OF,"1B, OF",True,2,670042,463,1739,0.0773171098287624,-0.0289193534565231,0.0454954744044386,0.0165761209479155,111.2,89.3,110.4,92.1,0.52,0.2987,0.651,0.1771,0.4247,0.346,0.6073,463,0.045,1B|CF|LF|RF,102.4,0.607,False,0.02418,0.07436525705600568,0.29489582837634193,0.37167123143584185,0.009,0.345995,0.1589,0.115,0.0232,0.1833,0.4572,0.4572,1.6
Dylan Moore,2B,2B|3B|SS|OF,"2B, 3B, SS, OF",True,4,664238,447,1826,0.0760850010280538,-0.0284317541279489,-0.0433319412689748,-0.0717636953969237,110.0,89.5,92.9,73.6,0.424,0.2127,0.749,0.1151,0.3745,0.316,0.5647,447,-0.043,1B|2B|3B|LF|SS,83.4,0.598,False,0.07256,0.10207855629357934,0.25501614863276967,0.26749447695920736,0.009,0.30332499999999996,0.1533,0.0891,0.0594,0.183,0.4254,0.4254,1.489
Nicky Lopez,3B,2B|SS,"2B, SS",True,2,670032,449,1637,0.0640339402117741,0.0212574525101768,-0.0909067433400944,-0.0696492908299176,98.2,111.0,83.6,74.1,0.484,0.2711,0.84,0.091,0.2784,0.296,0.7596,449,-0.091,2B|SS,86.3,0.599,False,0.01124,0.08284462961982371,0.20664233869436627,0.28382203367365505,0.009,0.22164,0.116,0.0869,0.0134,0.1824,0.3853,0.3853,1.349
Robbie Grossman,OF,OF|DH,"OF, DH",True,2,543257,245,1031,0.0493770111271554,0.0012176595026643,-0.0659168769673215,-0.0646992174646571,83.9,102.3,88.5,75.1,0.363,0.1726,0.797,0.0724,0.3293,0.298,0.6239,245,-0.066,DH|LF|RF,86.1,0.45,False,0.01224,0.11416114874872979,0.220702975542721,0.26459842888044677,0.009,0.26490499999999995,0.1436,0.0868,0.0152,0.1823,0.4127,0.4127,1.444
Francisco Álvarez,C,C,C,False,1,682626,411,1570,0.0630362468116308,-0.0021226404370285,-0.0133462598300904,-0.015468900267119,97.3,100.9,98.8,85.4,0.473,0.2762,0.71,0.1313,0.3617,0.317,0.6767,411,-0.013,C|DH,100.7,0.578,False,0.00292,0.08116924349787255,0.25074909161693804,0.3347574850696756,0.009,0.292445,0.1416,0.1033,0.0075,0.1817,0.4266,0.4266,1.493
Austin Hays,OF,OF,OF,False,1,669720,260,865,0.0693283582015968,0.0033888824602819,-0.0165231590183824,-0.0131342765581005,103.4,103.3,98.2,85.9,0.549,0.3233,0.757,0.1393,0.3699,0.309,0.6934,260,-0.017,LF,96.5,0.464,False,0.00784,0.06617028806206361,0.24300672169833387,0.33677593522098154,0.009,0.299415,0.1386,0.1033,0.0123,0.1812,0.4231,0.4231,1.481
Brett Baty,3B,3B,3B,False,1,683146,191,759,0.0653209755327369,-0.0030497846544356,-0.0207263083862225,-0.0237760930406581,99.5,100.5,97.4,83.7,0.511,0.2732,0.73,0.1289,0.3632,0.29,0.6855,191,-0.021,3B,97.0,0.389,False,0.0,0.08220967854107246,0.24908757784993363,0.3302101913526234,0.009,0.29372,0.1424,0.1023,0.0088,0.1811,0.4258,0.4258,1.49
Matt Carpenter,DH,DH,DH,False,1,572761,161,689,0.0635261127410153,-0.0271430362306328,-0.0008378985755616,-0.0279809348061944,97.8,90.0,101.3,82.8,0.421,0.1833,0.749,0.107,0.354,0.317,0.5493,161,-0.001,1B|DH,90.6,0.349,False,0.0,0.11116509699783349,0.25630844370447026,0.30709250220587325,0.009,0.2859,0.1502,0.0981,0.0096,0.1805,0.4288,0.4288,1.501
Abraham Toro,1B,2B|3B|DH,"2B, 3B, DH",True,3,647351,372,1431,0.0485195715091115,0.0380800540881959,-0.0502487662995056,-0.0121687122113097,83.1,118.3,91.6,86.1,0.478,0.3043,0.819,0.1121,0.4371,0.288,0.707,372,-0.05,1B|2B|3B|DH|LF,95.5,0.554,False,0.01099,0.07163442837464323,0.2188066572141723,0.3048627050509134,0.009,0.356535,0.1618,0.0994,0.0136,0.1803,0.4415,0.4415,1.545
Adam Duvall,OF,OF,OF,False,1,594807,330,1252,0.054642153605725,-0.0116837893211874,0.0031107575120998,-0.0085730318090875,89.1,96.7,102.1,86.9,0.49,0.3375,0.731,0.1315,0.3886,0.271,0.6162,330,0.003,LF|RF,97.4,0.524,False,0.0,0.06111780382890343,0.22903338033967324,0.33192850699649934,0.009,0.31531,0.1426,0.1028,0.0062,0.1792,0.4246,0.4246,1.486
Will Benson,OF,OF,OF,False,1,666181,389,1656,0.0772611441193967,-0.0663350337899004,0.0260829387979189,-0.0402520949919814,111.2,73.0,106.6,80.2,0.476,0.2141,0.695,0.1514,0.4064,0.285,0.5343,389,0.026,CF|DH|LF|RF,91.0,0.565,False,0.04124,0.10166621255228611,0.29588834876618664,0.328737803902313,0.009,0.33043999999999996,0.1632,0.1054,0.0353,0.1788,0.4474,0.4474,1.566
Daulton Varsho,OF,OF,OF,False,1,662139,533,2125,0.0682819907239742,-0.0166017281441589,-0.0533076697344213,-0.0699093978785803,102.4,94.6,91.0,74.0,0.474,0.2924,0.777,0.1115,0.3262,0.308,0.6815,533,-0.053,CF|LF|RF,85.0,0.64,False,0.01949,0.07610904271750779,0.22238266294850653,0.2963025213873658,0.009,0.26226999999999995,0.1285,0.092,0.0196,0.1786,0.3991,0.3991,1.397
Spencer Torkelson,1B,1B,1B,False,1,679529,432,1820,0.0760786172354178,-0.0316078337695466,-0.0313735394139479,-0.0629813731834946,110.0,88.1,95.3,75.5,0.456,0.2409,0.775,0.1096,0.3825,0.3,0.657,432,-0.031,1B|DH,84.2,0.59,False,0.0,0.0929782377948192,0.23865265641661096,0.3095530280487646,0.009,0.310125,0.1525,0.099,0.0052,0.1781,0.4296,0.4296,1.504
Miguel Amaya,C,C,C,False,1,665804,365,1290,0.0837418041818801,0.0111083502862285,-0.0445347947506136,-0.033426444464385,117.5,106.6,92.7,81.7,0.54,0.2975,0.768,0.112,0.3525,0.297,0.692,365,-0.045,C,97.6,0.549,False,0.0,0.07495959153352112,0.22112688840440686,0.30793019888122997,0.009,0.28462499999999996,0.1364,0.096,0.0058,0.1766,0.409,0.409,1.432
Ezequiel Tovar,SS,SS,SS,False,1,678662,707,2562,0.0860403784100546,-0.0261705844813265,0.0283729655284441,0.0022023810471176,119.8,90.5,107.1,89.1,0.622,0.4111,0.702,0.1868,0.3898,0.329,0.6964,707,0.028,SS,102.2,0.702,False,0.00863,0.038375755622018316,0.2657155034755071,0.3838970606745166,0.009,0.31632999999999994,0.1346,0.114,0.0106,0.1762,0.4248,0.4248,1.487
Andy Ibáñez,3B,2B|3B,"2B, 3B",True,2,628451,271,1014,0.077967898723313,-0.0133755902667357,-0.0579019831633091,-0.0712775734300448,111.9,96.0,90.1,73.7,0.532,0.3166,0.79,0.124,0.3525,0.297,0.7538,271,-0.058,1B|2B|3B|DH|LF,85.9,0.475,False,0.0082,0.06861182340713713,0.2279667733719894,0.31417137494510317,0.009,0.28462499999999996,0.134,0.0971,0.0124,0.1762,0.4073,0.4073,1.426
Kris Bryant,DH,OF|DH,"OF, DH",True,2,592178,170,672,0.0726056879523664,-0.0456934773238314,-0.0266975799901411,-0.0723910573139725,106.6,82.0,96.2,73.5,0.473,0.2578,0.752,0.126,0.3594,0.295,0.6776,170,-0.027,1B|DH|RF,85.2,0.362,False,0.0,0.08741273964784053,0.2512950318544211,0.3214747308963349,0.009,0.29048999999999997,0.1432,0.1004,0.0094,0.176,0.4196,0.4196,1.469
Mitch Haniger,OF,OF|DH,"OF, DH",True,2,571745,430,1775,0.0697015706765405,-0.0251321497101194,-0.003416002819852,-0.0285481525299715,103.8,90.9,100.8,82.7,0.441,0.2758,0.721,0.1285,0.3915,0.286,0.6237,430,-0.003,DH|RF,93.4,0.589,False,0.0,0.08151198709831793,0.24770094669631199,0.32745228975410823,0.009,0.317775,0.1511,0.1031,0.0052,0.1755,0.4297,0.4297,1.504
Garrett Hampson,2B,2B|OF,"2B, OF",True,2,641658,236,901,0.0637114954252732,-0.0012933272742494,-0.070173276835183,-0.0714666041094325,97.9,101.2,87.6,73.7,0.473,0.2643,0.773,0.1035,0.3331,0.27,0.6817,236,-0.07,1B|2B|3B|CF|LF|RF,83.5,0.44,False,0.0303,0.08502917138199109,0.22332357104239126,0.27836989249278077,0.009,0.268135,0.134,0.0885,0.0263,0.1754,0.3979,0.3979,1.393
Harold Ramírez,OF,DH,DH,False,1,623912,257,924,0.0480953918677871,0.0257487541927356,-0.0468401616656952,-0.0210914074729595,82.7,113.0,92.2,84.2,0.556,0.4217,0.751,0.1578,0.3373,0.272,0.7875,257,-0.047,DH|LF|RF,94.8,0.461,False,0.02439,0.0337355568893345,0.22886790581781263,0.3363975970393519,0.009,0.271705,0.1163,0.0996,0.0228,0.1731,0.389,0.389,1.362
Nick Loftin,OF,2B|3B,"2B, 3B",True,2,679845,171,626,0.0696279118382106,0.0532100943923413,-0.1149108179767418,-0.0617007235844004,103.7,124.9,78.8,75.7,0.428,0.2371,0.816,0.0773,0.3186,0.261,0.7674,171,-0.115,1B|2B|3B|DH,86.7,0.363,False,0.00585,0.0939974349660201,0.20319863628975865,0.26015785327424923,0.009,0.25581,0.1328,0.084,0.0125,0.1725,0.3893,0.3893,1.363
Jared Triolo,SS,2B|3B,"2B, 3B",True,2,669707,464,1820,0.0741872591112039,-0.0161356091321722,-0.0234864237770017,-0.0396220329091739,108.2,94.8,96.8,80.4,0.474,0.266,0.731,0.1241,0.3784,0.292,0.6206,464,-0.023,1B|2B|3B|SS,94.2,0.607,False,0.01794,0.08481914123774217,0.24619411632590715,0.3058153724816213,0.009,0.30663999999999997,0.1482,0.0974,0.0184,0.1718,0.4174,0.4174,1.461
Freddy Fermin,C,C|DH,"C, DH",True,2,666023,369,1430,0.0837750180253271,0.0069360501541733,-0.0703375235689256,-0.0634014734147522,117.6,104.8,87.6,75.4,0.51,0.3063,0.78,0.1129,0.3513,0.312,0.75,369,-0.07,C|DH,92.3,0.552,False,0.00543,0.07212306292514263,0.21900252346152188,0.2998739995191856,0.009,0.283605,0.1349,0.0939,0.0096,0.1716,0.4004,0.4004,1.401
Danny Jansen,C,C,C,False,1,643376,323,1367,0.0742566979317306,0.0020538448699109,-0.0809202603280583,-0.0788664154581474,108.2,102.7,85.5,72.2,0.407,0.2345,0.791,0.0862,0.3241,0.303,0.706,323,-0.081,C|DH,89.6,0.518,False,0.0,0.09498439062465512,0.21427324441490558,0.27540048310505405,0.009,0.26048499999999997,0.1349,0.088,0.0063,0.1714,0.3943,0.3943,1.38
Austin Slater,OF,OF,OF,False,1,596103,218,906,0.0719514030959948,-0.0377045550926502,-0.0208397390678236,-0.0585442941604738,106.0,85.5,97.4,76.4,0.429,0.242,0.721,0.119,0.3987,0.288,0.5984,218,-0.021,CF|LF|RF,87.3,0.421,False,0.01415,0.09249177709761049,0.2489726503426375,0.3013129043066525,0.009,0.323895,0.1574,0.0978,0.0165,0.1703,0.4255,0.4255,1.489
Hunter Goodman,C,C|OF|DH,"C, OF, DH",True,3,696100,225,832,0.0773565747119479,-0.026416071941884,0.0176961898693282,-0.0087198820725557,111.3,90.4,105.0,86.8,0.579,0.3307,0.7,0.1674,0.3628,0.277,0.6506,225,0.018,1B|C|DH|LF|RF,101.9,0.429,False,0.00446,0.0640419415975834,0.2723850434093091,0.35883975402298063,0.009,0.29338,0.1356,0.1081,0.0107,0.1702,0.4139,0.4139,1.449
Christopher Morel,OF,2B|3B|OF|DH,"2B, 3B, OF, DH",True,4,666624,614,2363,0.0724286326590065,-0.0076986163198557,0.0137746014828028,0.006075985162947,106.5,98.5,104.2,89.9,0.469,0.2818,0.66,0.1568,0.4068,0.289,0.6231,614,0.014,2B|3B|DH|LF,100.3,0.672,False,0.01309,0.07966450064063983,0.27780838115159656,0.3446989214474382,0.009,0.33077999999999996,0.1552,0.1079,0.0144,0.17,0.4331,0.4331,1.516
Connor Wong,C,C,C,False,1,657136,497,1892,0.0775036216798263,-0.0073272923137128,-0.0197410975526391,-0.027068389866352,111.4,98.6,97.6,83.0,0.518,0.3278,0.715,0.1447,0.3582,0.337,0.6693,497,-0.02,1B|2B|C|DH,98.7,0.624,False,0.01643,0.06498107704720114,0.24755056394281053,0.32617526153051046,0.009,0.28947,0.1345,0.1001,0.0173,0.1699,0.4045,0.4045,1.416
Eddie Rosario,OF,OF|DH,"OF, DH",True,2,592696,324,1195,0.0580800618143729,0.0060306810345102,-0.0390322306600734,-0.0330015496255632,92.4,104.4,93.8,81.8,0.529,0.3837,0.751,0.1474,0.355,0.237,0.7064,324,-0.039,CF|DH|LF|RF,92.5,0.519,False,0.02821,0.04631724547571967,0.2306173047020911,0.3182640708274997,0.009,0.28674999999999995,0.1266,0.0969,0.0256,0.1686,0.3921,0.3921,1.372
Vidal Bruján,3B,2B|SS,"2B, SS",True,2,660644,285,1088,0.0769741861870492,-0.0012301759573116,-0.0832604957811269,-0.0844906717384385,110.9,101.3,85.1,71.0,0.52,0.3226,0.793,0.1189,0.254,0.282,0.7611,285,-0.083,2B|3B|CF|RF|SS,82.8,0.487,False,0.01799,0.06664271449505474,0.22000615713916283,0.29278035433941135,0.009,0.20090000000000002,0.1023,0.0869,0.0187,0.1671,0.3563,0.3563,1.247
Elías Díaz,C,C|DH,"C, DH",True,2,553869,365,1388,0.0808649884328865,-0.0068486162675282,-0.0410299870211801,-0.0478786032887083,114.7,98.8,93.4,78.6,0.539,0.3291,0.761,0.1425,0.3348,0.311,0.752,365,-0.041,C|DH,95.0,0.549,False,0.0,0.06467003289949008,0.24457772437269962,0.3313364751144056,0.009,0.26958,0.127,0.1001,0.0058,0.1662,0.3933,0.3933,1.377
Tim Anderson,SS,SS,SS,False,1,641313,253,987,0.07021831645866,-0.0219929757321561,-0.0421486502022658,-0.0641416259344219,104.3,92.3,93.2,75.2,0.554,0.3745,0.761,0.1427,0.3271,0.216,0.7107,253,-0.042,SS,89.5,0.458,False,0.0166,0.04967730781946881,0.22855376272770006,0.3172018204676678,0.009,0.26303499999999996,0.119,0.0954,0.0179,0.1652,0.3796,0.3796,1.329
Patrick Wisdom,1B,1B|3B,"1B, 3B",True,2,621550,172,699,0.08058613042035,-0.0427388072742997,0.0083053374728987,-0.0344334698014009,114.4,83.3,103.1,81.5,0.489,0.2718,0.66,0.1426,0.4547,0.263,0.547,172,0.008,1B|3B|DH|LF|RF,90.6,0.364,False,0.02874,0.08315124431369247,0.26520347754901846,0.31326073432487045,0.009,0.37149499999999996,0.1715,0.103,0.0247,0.1649,0.4394,0.4394,1.538
Zack Gelof,2B,2B,2B,False,1,680869,552,2072,0.0787585744424421,-0.0398355244158324,0.0052845212332839,-0.0345510031825485,112.6,84.5,102.5,81.4,0.513,0.287,0.673,0.1717,0.3957,0.28,0.6048,552,0.005,2B,93.9,0.648,False,0.0457,0.07818694042107381,0.29292938219175896,0.33018161505041643,0.009,0.321345,0.1512,0.1038,0.0402,0.1646,0.4196,0.4196,1.469
Evan Carter,OF,OF,OF,False,1,694497,169,680,0.0375750386994898,0.0203172124555929,-0.0459021944674602,-0.0255849820118672,72.4,110.6,92.4,83.3,0.384,0.1759,0.752,0.0949,0.3848,0.29,0.5862,169,-0.046,CF|LF|RF,94.0,0.36,False,0.01235,0.11271820212391503,0.24516631393989546,0.2715278115630251,0.009,0.31207999999999997,0.1605,0.0912,0.0159,0.164,0.4157,0.4157,1.455
Brett Wisely,2B,2B|SS,"2B, SS",True,2,689172,270,978,0.051926412789136,0.0159936801214308,-0.0518640954877387,-0.0358704153663079,86.4,108.7,91.3,81.2,0.497,0.3195,0.749,0.1222,0.3142,0.279,0.6889,270,-0.052,2B|3B|SS,93.6,0.474,False,0.00735,0.06683776624350074,0.22487708392056213,0.3005558707444156,0.009,0.25206999999999996,0.1213,0.0918,0.0119,0.1634,0.3765,0.3765,1.318
Pete Crow-Armstrong,OF,OF,OF,False,1,691718,410,1418,0.0762859274787304,-0.0114136965445863,-0.0012693300595019,-0.0126830266040882,110.2,96.9,101.2,86.0,0.607,0.3387,0.739,0.1914,0.3329,0.296,0.6347,410,-0.001,CF,96.6,0.577,False,0.06585,0.0614241329326522,0.2968755579290281,0.3345574029077326,0.009,0.26796499999999995,0.1252,0.1006,0.0536,0.1617,0.3875,0.3875,1.356
Davis Schneider,OF,2B|OF,"2B, OF",True,2,676914,465,2017,0.0703561835903214,-0.0398249012770284,-0.0086291130257891,-0.0484540143028176,104.4,84.5,99.8,78.5,0.425,0.2005,0.706,0.1264,0.4042,0.278,0.5621,465,-0.009,2B|DH|LF,89.4,0.608,False,0.01322,0.10583149628815963,0.2722627136297349,0.3020844097746852,0.009,0.32857,0.1641,0.0991,0.0149,0.1596,0.4228,0.4228,1.48
Orlando Arcia,SS,SS,SS,False,1,606115,613,2373,0.0759275962924401,0.0007857030974693,-0.0718827883762256,-0.0710970852787562,109.9,102.1,87.3,73.8,0.493,0.2757,0.768,0.1136,0.3168,0.281,0.7306,613,-0.072,SS,88.2,0.671,False,0.00332,0.08174477042639121,0.23075429011372506,0.29292968078820825,0.009,0.25428,0.1277,0.091,0.0066,0.1595,0.3782,0.3782,1.324
Jackson Holliday,2B,2B,2B,False,1,702616,212,848,0.0668269973564498,-0.0214403883140899,-0.0196735722772622,-0.0411139605913521,101.0,92.5,97.6,80.1,0.461,0.299,0.713,0.136,0.352,0.266,0.601,212,-0.02,2B|SS,92.1,0.414,False,0.01923,0.07393316163413033,0.24794421881152995,0.30436986698134816,0.009,0.28419999999999995,0.1358,0.0951,0.0195,0.1589,0.3898,0.3898,1.364
Michael Taylor,OF,OF,OF,False,1,572191,311,1235,0.0681456643274622,-0.0387544308847077,0.0019881534765666,-0.0367662774081411,102.3,85.0,101.9,81.0,0.496,0.3111,0.699,0.1712,0.402,0.253,0.6113,311,0.002,CF|LF,91.8,0.509,False,0.04,0.07007114725794641,0.28373238382628985,0.3289680793135714,0.009,0.3267,0.1501,0.1033,0.0335,0.1578,0.4112,0.4112,1.439
Kyle Manzardo,1B,DH,DH,False,1,700932,176,709,0.0591152919571251,-0.0076283391810718,-0.0126271516011909,-0.0202554907822627,93.4,98.5,99.0,84.4,0.464,0.3033,0.738,0.1593,0.362,0.315,0.686,176,-0.013,1B|DH,93.7,0.37,False,0.0,0.07229570532070113,0.27296139513103923,0.3387887109564802,0.009,0.29269999999999996,0.1384,0.1037,0.0092,0.1563,0.3984,0.3984,1.394
Mitch Garver,C,C|DH,"C, DH",True,2,641598,437,1840,0.0554033724041981,-0.0194510872294626,-0.0426612868215675,-0.0621123740510302,89.8,93.4,93.1,75.7,0.386,0.2024,0.754,0.0989,0.369,0.287,0.5912,437,-0.043,C|DH,92.5,0.593,False,0.0,0.10473843863075484,0.240239112539387,0.2772017823672893,0.009,0.29864999999999997,0.1526,0.0913,0.0051,0.1558,0.3997,0.3997,1.399
Stuart Fairchild,OF,OF,OF,False,1,656413,233,853,0.0872604706322927,-0.0180858992156862,-0.0292799844559929,-0.0473658836716791,121.0,94.0,95.7,78.7,0.502,0.229,0.692,0.1588,0.3712,0.303,0.637,233,-0.029,CF|RF,89.5,0.437,False,0.05579,0.09718002338861466,0.29898880958411694,0.30550288169493733,0.009,0.30051999999999995,0.1505,0.0977,0.0418,0.1545,0.4027,0.4027,1.409
Miguel Vargas,3B,3B|OF,"3B, OF",True,2,678246,237,1009,0.0791373840188744,-0.0190868338001157,-0.096169039466397,-0.1152558732665127,113.0,93.5,82.5,64.5,0.446,0.2318,0.797,0.0853,0.3032,0.249,0.6678,237,-0.096,3B|DH|LF,75.6,0.441,False,0.01266,0.09601347819635127,0.21421398214038068,0.24791567512936052,0.009,0.24272,0.1287,0.0804,0.0155,0.1542,0.3633,0.3633,1.272
Mickey Moniak,OF,OF,OF,False,1,666160,425,1561,0.064979256486913,-0.0084673515439968,0.007284332048945,-0.0011830194950518,99.2,98.1,102.9,88.4,0.565,0.428,0.675,0.1827,0.4067,0.286,0.6524,425,0.007,CF|DH|LF|RF,98.9,0.586,False,0.01914,0.032244877416727824,0.2549927579819916,0.3473075590721162,0.009,0.33069499999999996,0.1376,0.1057,0.0194,0.153,0.3963,0.3963,1.387
Garrett Stubbs,C,C,C,False,1,596117,196,790,0.0694653166710298,-0.0205482302543644,-0.0892069963981719,-0.1097552266525363,103.6,92.9,83.9,65.7,0.494,0.2947,0.777,0.1076,0.2392,0.276,0.6802,196,-0.089,C,84.1,0.395,False,0.02674,0.0754062632794456,0.2171142563091054,0.260848784754257,0.009,0.18832,0.1009,0.079,0.0238,0.1519,0.3318,0.3318,1.161
Christian Bethancourt,1B,C,C,False,1,542194,161,563,0.0657874769308619,0.0032426485613278,-0.0163658066875408,-0.0131231581262129,100.0,103.2,98.2,85.9,0.604,0.4397,0.677,0.1932,0.3436,0.278,0.7528,161,-0.016,C,95.2,0.349,False,0.02041,0.028495510105629816,0.2627719903494898,0.35653562673852424,0.009,0.27706,0.1164,0.1044,0.0202,0.1515,0.3723,0.3723,1.303
Nelson Velázquez,OF,OF|DH,"OF, DH",True,2,676369,229,898,0.0822579992090872,-0.0146182618330056,-0.0036215586394059,-0.0182398204724116,116.1,95.5,100.8,84.8,0.465,0.2611,0.66,0.1577,0.4419,0.286,0.6312,229,-0.004,DH|LF|RF,95.4,0.433,False,0.0087,0.08666008262910416,0.28624418062077595,0.3285984187364098,0.009,0.36061499999999996,0.1688,0.1062,0.0132,0.1512,0.4262,0.4262,1.492
Brandon Drury,3B,1B|2B|3B|DH,"1B, 2B, 3B, DH",True,4,592273,373,1443,0.0645158572721289,0.0025129786335458,-0.0650266965195499,-0.062513717886004,98.7,102.9,88.7,75.6,0.464,0.3202,0.764,0.1223,0.3436,0.239,0.7072,373,-0.065,1B|2B|3B|DH,88.0,0.554,False,0.00278,0.06701618429624068,0.2247404799477375,0.29207198022581227,0.009,0.27706,0.1306,0.0913,0.0077,0.151,0.3729,0.3729,1.305
Brayan Rocchio,SS,SS,SS,False,1,677587,489,1863,0.0649999935314807,-0.000670697672395,-0.0724458125853705,-0.0731165102577656,99.2,101.5,87.2,73.4,0.484,0.337,0.769,0.1242,0.2883,0.296,0.6872,489,-0.072,SS,87.9,0.62,False,0.02262,0.061611153423365164,0.22089210360162068,0.27916625396492545,0.009,0.230055,0.1112,0.085,0.022,0.1509,0.3471,0.3471,1.215
Cavan Biggio,1B,2B|3B,"2B, 3B",True,2,624415,248,1062,0.0472482974019944,-0.0241078025684913,-0.0767504662147927,-0.100858268783284,81.8,91.4,86.3,67.6,0.379,0.1771,0.772,0.0845,0.3342,0.29,0.6093,248,-0.077,1B|2B|3B|RF,75.8,0.453,False,0.00893,0.11263994130427724,0.23288322316475288,0.2482479653690907,0.009,0.26907,0.1446,0.083,0.0131,0.1501,0.3777,0.3777,1.322
James Outman,OF,OF,OF,False,1,681546,163,662,0.067131245418747,-0.0434642778422142,0.0162624071666683,-0.0272018706755458,101.3,83.0,104.7,83.0,0.477,0.248,0.67,0.1562,0.4052,0.248,0.5432,163,0.016,CF,93.7,0.352,False,0.01282,0.09040104573112381,0.28922396656810745,0.3216693219031731,0.009,0.32942,0.1587,0.1029,0.0163,0.1481,0.4097,0.4097,1.434
Paul Dejong,3B,3B|SS,"3B, SS",True,2,657557,485,1862,0.0925952566436995,-0.045507784275793,0.0280138512328658,-0.0174939330429272,126.2,82.1,107.0,85.0,0.58,0.2988,0.695,0.185,0.39,0.31,0.6209,485,0.028,3B|DH|SS,98.5,0.618,False,0.00415,0.07482605042737306,0.3038641509823787,0.3590916779726334,0.009,0.3165,0.1481,0.1102,0.0079,0.147,0.4053,0.4053,1.419
Ezequiel Duran,SS,1B|3B|OF|DH,"1B, 3B, OF, DH",True,4,677649,288,1033,0.0682269052848021,0.0076614056057017,-0.0564399310741249,-0.0487785254684232,102.3,105.1,90.3,78.5,0.566,0.3805,0.745,0.1352,0.3603,0.284,0.6988,288,-0.056,1B|2B|3B|DH|LF|RF|SS,92.5,0.49,False,0.00351,0.047675327973763636,0.21785771770291343,0.2973393892024681,0.009,0.291255,0.1287,0.0922,0.0092,0.1454,0.3663,0.3663,1.282
Daniel Schneemann,2B,3B|SS|OF,"3B, SS, OF",True,3,682177,239,975,0.0859240402727676,-0.0411160326089366,-0.0326876597496042,-0.0738036923585409,119.7,84.0,95.0,73.2,0.488,0.25,0.751,0.133,0.354,0.292,0.605,239,-0.033,2B|3B|CF|LF|RF|SS,82.9,0.443,False,0.01357,0.09036045825029644,0.2620655448958562,0.2919759198978775,0.009,0.2859,0.1425,0.0932,0.016,0.1453,0.381,0.381,1.334
Connor Joe,1B,1B|OF,"1B, OF",True,2,656582,432,1716,0.0686202422676316,-0.0018986309948601,-0.09100154864811,-0.0929001796429701,102.7,101.0,83.5,69.2,0.433,0.2046,0.793,0.0943,0.3297,0.321,0.6803,432,-0.091,1B|DH|LF|RF,77.5,0.59,False,0.00481,0.10445251974905352,0.23420866966982928,0.25651182307123577,0.009,0.26524499999999995,0.1401,0.0843,0.0087,0.1445,0.3689,0.3689,1.291
Dylan Carlson,OF,OF,OF,False,1,666185,279,1158,0.0754657343508534,-0.0299250992088643,-0.0744714644776398,-0.1043965636865041,109.4,88.8,86.8,66.8,0.483,0.2465,0.757,0.1165,0.3196,0.263,0.6865,279,-0.074,CF|DH|LF|RF,78.1,0.482,False,0.00755,0.09115135978808322,0.2445123728135789,0.2760584134925335,0.009,0.25666,0.132,0.0877,0.0119,0.1436,0.3633,0.3633,1.272
Chris Taylor,OF,2B|3B|OF,"2B, 3B, OF",True,3,621035,268,1143,0.0951666420919589,-0.0538779062245427,-0.0063858176242136,-0.0602637238487564,128.7,78.4,100.2,76.0,0.485,0.2228,0.664,0.1544,0.3991,0.286,0.5816,268,-0.006,2B|3B|CF|LF,87.0,0.472,False,0.02033,0.09943390882191834,0.29619328118376526,0.31057935751094995,0.009,0.324235,0.1601,0.1005,0.0202,0.143,0.4036,0.4036,1.413
Ben Rortvedt,C,C,C,False,1,666163,341,1410,0.0500010234747328,-0.0030955264388478,-0.0624603927726605,-0.0655559192115083,84.5,100.5,89.2,74.9,0.433,0.257,0.734,0.1103,0.2893,0.293,0.6312,341,-0.062,C,91.9,0.532,False,0.00305,0.08694445707857168,0.2336871458470037,0.27161953407282274,0.009,0.23090499999999997,0.1209,0.0848,0.0082,0.1421,0.3478,0.3478,1.217
Gabriel Arias,SS,3B|SS,"3B, SS",True,2,672356,173,622,0.0830668816687118,-0.0374200540973239,0.021677564738747,-0.0157424893585768,116.9,85.6,105.7,85.4,0.609,0.3123,0.66,0.2036,0.4116,0.282,0.6231,173,0.022,1B|2B|3B|CF|DH|LF|RF|SS,98.8,0.366,False,0.03106,0.07016381529314708,0.3202311065077687,0.3524418018255748,0.009,0.33486,0.1532,0.1094,0.0259,0.1373,0.3999,0.3999,1.4
Joey Loperfido,OF,OF,OF,False,1,694388,265,1019,0.0673456740146655,-0.0314169019873997,0.0006894408166604,-0.0307274611707392,101.5,88.2,101.6,82.2,0.524,0.321,0.73,0.168,0.372,0.281,0.585,265,0.001,CF|LF|RF,92.9,0.469,False,0.01527,0.06685005784658983,0.2765412258546559,0.3196921641099077,0.009,0.30119999999999997,0.1395,0.0993,0.017,0.136,0.3748,0.3748,1.312
Blaze Alexander,SS,2B|SS|DH,"2B, SS, DH",True,3,677942,192,745,0.0848965629819424,-0.0244569577384129,-0.0701307463983428,-0.0945877041367557,118.7,91.2,87.7,68.9,0.51,0.257,0.78,0.129,0.307,0.307,0.667,192,-0.07,2B|3B|DH|SS,83.8,0.39,False,0.01622,0.08806864300847078,0.2550006951843594,0.2748228075212771,0.009,0.24595,0.1269,0.0865,0.0179,0.1348,0.3482,0.3482,1.219
Taylor Walls,SS,SS,SS,False,1,670764,253,1028,0.0712719663493644,-0.011766567364674,-0.1160011721347737,-0.1277677394994477,105.3,96.7,78.6,61.9,0.451,0.1956,0.766,0.1022,0.2927,0.249,0.6327,253,-0.116,SS,77.4,0.458,False,0.06349,0.10744234114416215,0.24643453451823172,0.21644848252045842,0.009,0.23379500000000003,0.1296,0.073,0.0473,0.1338,0.3364,0.3364,1.177
Kevin Kiermaier,OF,OF,OF,False,1,595281,301,1108,0.0807264422457093,-0.0316097075124465,-0.0589856553126546,-0.0905953628251012,114.6,88.1,89.8,69.7,0.547,0.2889,0.713,0.1605,0.3297,0.261,0.7225,301,-0.059,CF,80.9,0.501,False,0.02135,0.07763954026180715,0.2794839016468066,0.3031069961758631,0.009,0.26524499999999995,0.1302,0.0939,0.0209,0.1312,0.3553,0.3553,1.244
Dj Stewart,OF,OF|DH,"OF, DH",True,2,621466,209,834,0.074991658919629,-0.0226186663589673,-0.0299882796857351,-0.0526069460447024,109.0,92.0,95.6,77.7,0.411,0.2345,0.7,0.1458,0.413,0.303,0.6159,209,-0.03,1B|DH|LF|RF,88.6,0.411,False,0.00515,0.09501068737155334,0.2822030594152477,0.29714471422573907,0.009,0.33604999999999996,0.1628,0.0977,0.0114,0.1304,0.3909,0.3909,1.368
Matt Thaiss,C,C,C,False,1,642136,190,770,0.0769804073622446,-0.0386104521442689,-0.0220896474134718,-0.0607000995577408,110.9,85.1,97.1,76.0,0.447,0.2141,0.692,0.1511,0.3824,0.294,0.5828,190,-0.022,C|DH,92.8,0.388,False,0.01613,0.10165635127219927,0.2955464201671916,0.2951334780322869,0.009,0.31004,0.1557,0.0961,0.0178,0.128,0.3798,0.3798,1.329
Luke Maile,C,C,C,False,1,571912,154,636,0.0701793080102009,-0.043573359577243,-0.0880568986357177,-0.1316302582129607,104.3,82.9,84.1,61.1,0.451,0.2642,0.749,0.1106,0.3521,0.247,0.6426,154,-0.088,C|DH,80.2,0.339,False,0.01299,0.08527181599015123,0.2314516783861051,0.24697278731882621,0.009,0.284285,0.1401,0.082,0.0164,0.1262,0.3483,0.3483,1.219
Korey Lee,C,C,C,False,1,686676,399,1443,0.0892613228477996,-0.0309871566264211,-0.0241880219938655,-0.0551751786202866,122.9,88.4,96.7,77.1,0.59,0.3292,0.691,0.1813,0.3267,0.269,0.6624,399,-0.024,C|DH,93.7,0.571,False,0.01523,0.06490730392222255,0.28876469267522253,0.3200294903937527,0.009,0.26269499999999996,0.1245,0.097,0.0165,0.1217,0.3432,0.3432,1.201
J. D. Davis,3B,1B|3B,"1B, 3B",True,2,605204,168,627,0.0889453508286185,-0.0132737939806615,-0.0376343554491327,-0.0509081494297942,122.6,96.1,94.1,78.0,0.518,0.2578,0.657,0.1655,0.3807,0.291,0.6526,168,-0.038,1B|3B|DH,90.7,0.359,False,0.0,0.08793867458580502,0.29631563072209754,0.30189273674169526,0.009,0.30859499999999995,0.15,0.0968,0.0094,0.1119,0.3587,0.3587,1.255
Joey Gallo,OF,1B,1B,False,1,608336,269,1107,0.0742931706082244,-0.053840684389086,0.0256729081232329,-0.0281677762658531,108.3,78.5,106.5,82.8,0.455,0.2316,0.616,0.1814,0.4306,0.281,0.4644,269,0.026,1B|DH|RF,93.5,0.473,False,0.01154,0.09592352607427286,0.32381670435344617,0.3051304601330676,0.009,0.35101,0.1687,0.1006,0.0146,0.1008,0.3701,0.3701,1.295
Cristian Pache,OF,OF,OF,False,1,665506,198,817,0.0823759242063855,-0.0504551189021806,-0.0450785404584708,-0.0955336593606514,116.2,79.9,92.6,68.7,0.482,0.2808,0.688,0.1577,0.3713,0.255,0.6008,198,-0.045,CF|LF,79.9,0.398,False,0.00546,0.08030605502652408,0.2791921386235669,0.2776096706160378,0.009,0.300605,0.1443,0.09,0.0117,0.0994,0.3337,0.3337,1.168
Ben Rice,1B,1B,1B,False,1,700250,184,756,0.077484002852978,-0.0296156146459103,0.0467611252920278,0.0171455106461174,111.4,89.0,110.7,92.2,0.459,0.2758,0.763,0.2484,0.422,0.279,0.624,184,0.047,1B,102.0,0.38,False,0.0,0.08176180619385105,0.38435841009465127,0.3786813883193295,0.009,0.34369999999999995,0.1608,0.117,0.009,0.0941,0.3719,0.3719,1.302
Elehuris Montero,1B,1B|DH,"1B, DH",True,2,660707,259,969,0.0669073122830863,-0.0019909460766027,-0.0500911804240509,-0.0520821265006537,101.1,100.9,91.6,77.8,0.539,0.3924,0.669,0.1771,0.3437,0.267,0.6703,259,-0.05,1B|DH,86.6,0.463,False,0.0,0.043795677529471416,0.2613538824302256,0.29540727394860183,0.009,0.277145,0.1221,0.0907,0.0073,0.0941,0.3069,0.3069,1.074
Angel Martínez,OF,OF,OF,False,1,682657,170,680,0.0465947265941658,0.0133222226693545,-0.0689106575098289,-0.0555884348404743,81.2,107.6,87.9,77.0,0.485,0.3011,0.815,0.1903,0.306,0.288,0.722,170,-0.069,2B|3B|CF|DH|LF|RF,87.9,0.362,False,0.01775,0.07260463385593842,0.3090815547121578,0.2935809691042801,0.009,0.24509999999999998,0.1209,0.0901,0.0188,0.0849,0.2959,0.2959,1.036
Martín Maldonado,C,C,C,False,1,455117,150,565,0.0619160164301509,-0.0350226657551417,-0.0881438683700149,-0.1231665341251567,96.2,86.6,84.1,62.9,0.487,0.285,0.7,0.1611,0.3436,0.182,0.5953,150,-0.088,C,81.7,0.333,False,0.0,0.07829326976914674,0.281563848377239,0.23197744196293124,0.009,0.27706,0.1348,0.0775,0.01,0.0477,0.26,0.26,0.91
Alex Jackson,C,C,C,False,1,656577,168,664,0.062460221775727,-0.0257650125972841,-0.0819699337803917,-0.1077349463776758,96.7,90.6,85.3,66.1,0.527,0.364,0.579,0.188,0.285,0.212,0.617,168,-0.082,C,84.4,0.359,False,0.00645,0.05281590518623999,0.28394368376329165,0.24671682484086294,0.009,0.22724999999999995,0.107,0.0766,0.0128,0.0374,0.221,0.221,0.774
Austin Hedges,C,C,C,False,1,595978,168,630,0.091052694706029,-0.0448613668648077,-0.1826413552335054,-0.2275027220983132,124.7,82.4,65.5,41.1,0.538,0.3092,0.73,0.15,0.268,0.198,0.7368,168,-0.183,C,63.3,0.359,False,0.0137,0.07142059819760892,0.260249575679781,0.18186710732392342,0.009,0.2128,0.1085,0.0612,0.0167,0.0187,0.1884,0.1884,0.659
Jordan Beck,OF,OF,OF,False,1,687597,184,665,0.0751404968020008,-0.0379095038826224,0.0162523385152626,-0.0216571653673598,109.1,85.4,104.7,84.1,0.534,0.3133,0.712,0.5272,0.38,0.252,0.585,184,0.016,CF|LF|RF,94.7,0.38,False,0.03804,0.06958471568114612,0.45,0.33574232289503114,0.009,0.308,0.143,0.1038,0.0299,-0.0058,0.241,0.241,0.843
Kyle Mccann,C,C,C,False,1,668832,162,656,0.0756407973455145,-0.049791216946179,0.0171749985600691,-0.0326162183861098,109.6,80.2,104.9,81.8,0.463,0.2919,0.638,0.3484,0.4,0.312,0.545,162,0.017,C|DH,97.7,0.351,False,0.0,0.07650706660446345,0.45,0.32342710132669195,0.009,0.325,0.1519,0.1023,0.0096,-0.0315,0.2227,0.2227,0.779
