pitcher,player_name,pitches,plv,plv_std,plv_raw,swing_pct,whiff_pct,cs_pct,xwoba_model,contact_pct,plv_pctile,primary_position,pitcher_role,avg_pitches_per_game,rolling_plv_30d,plv_blended,est_k_per_ip,est_bb_per_ip,est_h_per_ip,est_er_per_ip,est_hb_per_ip,fp_per_ip,fp_per_start,fp_per_app,sv_upside,hd_upside
623352,"Hader, Josh",876,5.757,1.458,-0.028,0.492,0.423,0.458,0.332,0.577,99.9,P,RP,17.877551020408163,5.982,5.8245,1.3298366428792665,0.32685689021250985,0.5601699544457468,0.28889255462520785,0.033,3.132,,3.13,+5/save (role-dependent),+3/hold (role-dependent)
547973,"Chapman, Aroldis",972,5.782,1.391,-0.027,0.549,0.4,0.503,0.336,0.6,100.0,P,RP,13.885714285714286,5.744,5.7706,1.2898016517941646,0.24175927829764365,0.6000954812715644,0.30448017483663437,0.033,3.106,,3.11,+5/save (role-dependent),+3/hold (role-dependent)
656730,"Megill, Trevor",841,5.751,1.406,-0.028,0.536,0.389,0.512,0.332,0.611,99.7,P,RP,15.017857142857142,5.575,5.6982,1.245650959183844,0.2297357050754658,0.6261770468268195,0.31647088058987544,0.033,3.0238,,3.02,+5/save (role-dependent),+3/hold (role-dependent)
682254,"Montgomery, Mason",876,5.659,1.452,-0.032,0.517,0.412,0.489,0.33,0.588,99.2,P,RP,15.10344827586207,5.771,5.6926,1.253775737481457,0.27591764413768305,0.6031221835983849,0.3157845487909709,0.033,3.0102,,3.01,+5/save (role-dependent),+3/hold (role-dependent)
640462,"Puk, A.J.",180,5.64,1.484,-0.032,0.552,0.377,0.548,0.355,0.623,99.0,P,RP,18.0,5.81,5.690999999999999,1.2359835940092556,0.15874533878512187,0.6590861067284473,0.339997964995175,0.033,3.0052,,3.01,+5/save (role-dependent),+3/hold (role-dependent)
694819,"Misiorowski, Jacob",1348,5.66,1.431,-0.032,0.544,0.397,0.52,0.335,0.603,99.3,P,SP,74.88888888888889,5.686,5.6678,1.2332178946763765,0.2162950784406361,0.6285076512005023,0.3259725797722317,0.033,3.0035,16.52,,,
656945,"Scott, Tanner",914,5.635,1.382,-0.033,0.538,0.401,0.507,0.342,0.599,98.8,P,RP,14.98360655737705,5.679,5.648199999999999,1.2246416155946602,0.24373039227716609,0.6353798564392994,0.33693428483573784,0.033,2.9387,,2.94,+5/save (role-dependent),+3/hold (role-dependent)
678495,"Rodríguez, Randy",826,5.678,1.349,-0.031,0.487,0.385,0.512,0.338,0.615,99.5,P,RP,16.19607843137255,5.528,5.632999999999999,1.2087484812171718,0.2350219089911405,0.651805624433446,0.33643504407133046,0.033,2.9161,,2.92,+5/save (role-dependent),+3/hold (role-dependent)
695243,"Miller, Mason",1027,5.581,1.532,-0.035,0.486,0.419,0.448,0.325,0.581,98.2,P,RP,16.3015873015873,5.811,5.6499999999999995,1.2343159084811235,0.36088648228029285,0.6028969238297076,0.3203136925525335,0.033,2.8969,,2.9,+5/save (role-dependent),+3/hold (role-dependent)
686973,"Varland, Louis",1343,5.512,1.521,-0.037,0.511,0.404,0.517,0.334,0.596,97.5,P,RP,14.758241758241759,5.625,5.5459,1.1712289921626333,0.2321428438268478,0.6518790136676862,0.35163557873732376,0.033,2.8509,,2.85,+5/save (role-dependent),+3/hold (role-dependent)
695505,"Burns, Chase",777,5.593,1.318,-0.034,0.529,0.39,0.491,0.328,0.61,98.4,P,SP,55.5,5.559,5.5828,1.1842450656652208,0.28084353104004833,0.6513407687573098,0.33785088180218803,0.033,2.8434,15.64,,,
642207,"Williams, Devin",1212,5.581,1.289,-0.035,0.503,0.41,0.442,0.326,0.59,98.1,P,RP,16.833333333333332,5.712,5.620299999999999,1.2140331464365526,0.37522348148299367,0.6202488373312733,0.32775341897337695,0.033,2.8301,,2.83,+5/save (role-dependent),+3/hold (role-dependent)
678692,"Henriquez, Ronny",1158,5.515,1.358,-0.037,0.481,0.45,0.461,0.323,0.55,97.7,P,RP,16.782608695652176,5.499,5.510199999999999,1.1743390493747756,0.34637480194312664,0.6061975333651943,0.3489306968142654,0.033,2.7909,,2.79,+5/save (role-dependent),+3/hold (role-dependent)
801139,"Tolle, Payton",311,5.44,1.445,-0.04,0.504,0.33,0.54,0.355,0.67,96.3,P,RP,38.875,5.898,5.5774,1.1523192063687056,0.18386101701285207,0.73474587780606,0.3648031734637913,0.033,2.7711,,2.77,+5/save (role-dependent),+3/hold (role-dependent)
621345,"Minter, A.J.",215,5.413,1.341,-0.041,0.465,0.4,0.459,0.329,0.6,95.5,P,RP,14.333333333333334,5.884,5.5543,1.1737986429549396,0.3467756573300226,0.6495351735498212,0.3450285813730109,0.033,2.7544,,2.75,+5/save (role-dependent),+3/hold (role-dependent)
594798,"deGrom, Jacob",2684,5.495,1.319,-0.038,0.51,0.405,0.492,0.329,0.595,97.3,P,SP,86.58064516129032,5.498,5.4959,1.1448975174053848,0.2859009304007645,0.6594976120668661,0.35778055474068,0.033,2.7509,15.13,,,
691799,"Taylor, Grant",609,5.411,1.413,-0.041,0.498,0.36,0.53,0.333,0.64,95.2,P,RP,16.916666666666668,5.644,5.4809,1.115080571167906,0.21156662280114724,0.7113101817939784,0.3648741378972722,0.033,2.7295,,2.73,+5/save (role-dependent),+3/hold (role-dependent)
669093,"Estrada, Jeremiah",1290,5.683,1.37,-0.031,0.528,0.416,0.477,0.325,0.584,99.6,P,RP,16.125,5.007,5.480199999999999,1.1417996428463306,0.3169963848605415,0.6492630718978714,0.3573904918304479,0.033,2.7278,,2.73,+5/save (role-dependent),+3/hold (role-dependent)
554340,"García, Yimi",379,5.456,1.308,-0.039,0.492,0.361,0.523,0.336,0.639,96.6,P,RP,16.47826086956522,5.578,5.4925999999999995,1.1218391826121377,0.22453521463949988,0.7098278558375055,0.3651830617580727,0.033,2.7241,,2.72,+5/save (role-dependent),+3/hold (role-dependent)
593833,"Suero, Wander",142,5.602,1.238,-0.034,0.479,0.354,0.444,0.324,0.646,98.5,P,RP,28.4,5.504,5.5725999999999996,1.1613568596503214,0.37511450238592026,0.6863318847892127,0.3362598624960281,0.033,2.6944,,2.69,+5/save (role-dependent),+3/hold (role-dependent)
642547,"Peralta, Freddy",3362,5.541,1.387,-0.036,0.474,0.411,0.454,0.331,0.589,97.8,P,SP,93.38888888888889,5.4,5.4986999999999995,1.1493021551148634,0.36122437431589116,0.6544955937622889,0.3590782825229661,0.033,2.6824,14.75,,,
657585,"Garrett, Reed",979,5.188,1.547,-0.049,0.475,0.381,0.446,0.306,0.619,76.5,P,RP,16.879310344827587,6.183,5.4864999999999995,1.128244317542553,0.37811887038028735,0.6665478523598495,0.3378781750939988,0.033,2.6748,,2.67,+5/save (role-dependent),+3/hold (role-dependent)
623149,"Sewald, Paul",330,5.617,1.213,-0.033,0.527,0.368,0.534,0.35,0.632,98.6,P,RP,14.347826086956522,5.092,5.459499999999999,1.107474261535857,0.2053489853162045,0.7230056590567958,0.38577450206414626,0.033,2.6746,,2.67,+5/save (role-dependent),+3/hold (role-dependent)
672282,"Detmers, Reid",1082,5.637,1.332,-0.032,0.502,0.339,0.512,0.337,0.661,98.9,P,RP,17.737704918032787,5.148,5.4902999999999995,1.109961416252289,0.24659156081271627,0.7330760963253875,0.3666398417701125,0.033,2.664,,2.66,+5/save (role-dependent),+3/hold (role-dependent)
571946,"Miller, Shelby",712,5.494,1.225,-0.038,0.498,0.365,0.493,0.344,0.635,97.1,P,RP,14.53061224489796,5.523,5.502699999999999,1.1291911946193025,0.28336143855137763,0.709943888849631,0.3706141641664025,0.033,2.6617,,2.66,+5/save (role-dependent),+3/hold (role-dependent)
689254,"Fluharty, Mason",1009,5.453,1.251,-0.039,0.453,0.399,0.449,0.316,0.601,96.4,P,RP,15.059701492537313,5.497,5.4662,1.1260662456793775,0.373800218442065,0.6622083927066489,0.3518564148018512,0.033,2.6533,,2.65,+5/save (role-dependent),+3/hold (role-dependent)
664849,"Young, Danny",198,5.339,1.408,-0.043,0.366,0.394,0.441,0.292,0.606,92.6,P,RP,16.5,5.635,5.4277999999999995,1.1030529410133196,0.3928189252823917,0.6569850635822221,0.3373317888145007,0.033,2.6456,,2.65,+5/save (role-dependent),+3/hold (role-dependent)
671922,"Smith, Cade",1257,5.48,1.315,-0.038,0.538,0.371,0.494,0.342,0.629,97.0,P,RP,15.7125,5.471,5.4773,1.1184720003858035,0.2834326179609591,0.7088151672785201,0.37425127539283765,0.033,2.6447,,2.64,+5/save (role-dependent),+3/hold (role-dependent)
621051,"Wilson, Steven",997,5.287,1.287,-0.045,0.477,0.378,0.497,0.331,0.622,88.7,P,RP,16.616666666666667,5.784,5.4361,1.099762999921646,0.28080847003865095,0.7032330111313485,0.37274734986570696,0.033,2.6372,,2.64,+5/save (role-dependent),+3/hold (role-dependent)
656302,"Cease, Dylan",3187,5.398,1.358,-0.041,0.491,0.401,0.449,0.32,0.599,94.8,P,SP,93.73529411764706,5.592,5.456199999999999,1.1216708449190653,0.37461098591379427,0.6661121978684174,0.35785821941669127,0.033,2.6322,14.48,,,
656848,"Petersen, Michael",327,5.385,1.303,-0.042,0.544,0.383,0.469,0.334,0.617,94.4,P,RP,21.8,5.665,5.468999999999999,1.1198266210527257,0.3338098041777646,0.6923647578824956,0.368427132709477,0.033,2.6238,,2.62,+5/save (role-dependent),+3/hold (role-dependent)
676263,"Dreyer, Jack",1213,5.27,1.418,-0.046,0.493,0.37,0.517,0.345,0.63,87.0,P,RP,17.08450704225352,5.809,5.431699999999999,1.0935326122441618,0.24140180835399572,0.7239592488367728,0.3870719813421216,0.033,2.621,,2.62,+5/save (role-dependent),+3/hold (role-dependent)
668881,"Greene, Hunter",1897,5.475,1.358,-0.038,0.551,0.381,0.522,0.332,0.619,96.8,P,SP,90.33333333333333,5.146,5.3763,1.06914338562354,0.23595261030432146,0.7163706907318304,0.38675958310790043,0.033,2.6103,14.36,,,
445276,"Jansen, Kenley",916,5.331,1.231,-0.044,0.496,0.286,0.563,0.34,0.714,92.2,P,RP,14.092307692307692,5.685,5.4372,1.05584056685937,0.14950006768844726,0.8017285324457247,0.3810982155320251,0.033,2.6094,,2.61,+5/save (role-dependent),+3/hold (role-dependent)
687209,"Maxwell, Zach",165,5.428,1.395,-0.04,0.467,0.399,0.509,0.331,0.601,96.0,P,RP,20.625,5.225,5.3671,1.0729183114400467,0.2625447259702529,0.7000296964758401,0.3878138937418913,0.033,2.6017,,2.6,+5/save (role-dependent),+3/hold (role-dependent)
669622,"Bender, Anthony",783,5.22,1.509,-0.048,0.463,0.317,0.551,0.319,0.683,80.4,P,RP,15.352941176470589,5.711,5.367299999999999,1.0333515039521057,0.1790253719391639,0.7713366690754337,0.3763154800062165,0.033,2.5974,,2.6,+5/save (role-dependent),+3/hold (role-dependent)
666171,"Zeferjahn, Ryan",1073,5.247,1.415,-0.047,0.469,0.369,0.5,0.326,0.631,84.3,P,RP,16.765625,5.734,5.3931,1.0723473667834014,0.2783302602612543,0.7189843799646441,0.37736383591060985,0.033,2.5873,,2.59,+5/save (role-dependent),+3/hold (role-dependent)
676534,"Faucher, Calvin",1054,5.202,1.429,-0.048,0.452,0.394,0.473,0.314,0.606,79.0,P,RP,16.215384615384615,5.738,5.3628,1.0681930446908527,0.3344674748530857,0.6919249935495428,0.37252527127962515,0.033,2.5638,,2.56,+5/save (role-dependent),+3/hold (role-dependent)
696149,"Chandler, Bubba",461,5.414,1.281,-0.041,0.505,0.345,0.481,0.329,0.655,95.6,P,SP,65.85714285714286,5.484,5.435,1.0832066697104554,0.3127083739583142,0.7345886966431305,0.37107841737922515,0.033,2.5608,14.08,,,
694361,"Klein, Will",391,5.42,1.376,-0.04,0.482,0.361,0.461,0.325,0.639,95.7,P,RP,24.4375,5.478,5.437399999999999,1.0922350860429038,0.3522771891373154,0.7147682340502175,0.3667361161478492,0.033,2.5587,,2.56,+5/save (role-dependent),+3/hold (role-dependent)
691587,"Pérez, Eury",1673,5.354,1.361,-0.043,0.49,0.365,0.494,0.336,0.635,93.5,P,SP,83.65,5.514,5.402,1.0751851706243425,0.2895376970230802,0.729010644273226,0.3849660889346276,0.033,2.5537,14.05,,,
681911,"Vesia, Alex",1109,5.436,1.336,-0.04,0.525,0.361,0.503,0.331,0.639,96.2,P,RP,14.786666666666667,5.242,5.3778,1.0602712426456884,0.2736062245871673,0.7349972167916408,0.38547748766254103,0.033,2.5477,,2.55,+5/save (role-dependent),+3/hold (role-dependent)
642397,"Soto, Gregory",1054,5.193,1.428,-0.049,0.454,0.354,0.488,0.308,0.646,77.1,P,RP,14.845070422535212,5.72,5.3511,1.0425650591052993,0.30559352326584677,0.7296016316483422,0.3693526617703236,0.033,2.5357,,2.54,+5/save (role-dependent),+3/hold (role-dependent)
592155,"Booser, Cam",597,5.374,1.384,-0.042,0.484,0.348,0.492,0.338,0.652,94.1,P,RP,14.214285714285714,5.504,5.412999999999999,1.0728594258891064,0.29262219274139967,0.744732717593698,0.38447329990843976,0.033,2.5336,,2.53,+5/save (role-dependent),+3/hold (role-dependent)
674384,"Núñez, Eduarniel",249,5.285,1.4,-0.045,0.439,0.405,0.442,0.325,0.595,88.2,P,RP,24.9,5.649,5.3942,1.0903551873131556,0.39355493401879127,0.6821526673514541,0.3761690827485905,0.033,2.5293,,2.53,+5/save (role-dependent),+3/hold (role-dependent)
681799,"Roberts, Ethan",144,5.42,1.326,-0.04,0.442,0.364,0.482,0.326,0.636,95.9,P,RP,14.4,5.283,5.3789,1.0623126696712468,0.31526860950610436,0.727573719281768,0.3804644869691868,0.033,2.5255,,2.53,+5/save (role-dependent),+3/hold (role-dependent)
668933,"Ashcraft, Graham",1095,5.322,1.431,-0.044,0.504,0.409,0.468,0.3,0.591,91.6,P,RP,17.109375,5.23,5.2943999999999996,1.0387671592304877,0.34995397420276764,0.6828565839636545,0.3740969353711269,0.033,2.5248,,2.52,+5/save (role-dependent),+3/hold (role-dependent)
689147,"Kerkering, Orion",1139,5.299,1.416,-0.045,0.497,0.325,0.529,0.329,0.675,89.7,P,RP,15.186666666666667,5.474,5.3515,1.0287485084647623,0.2240461238539342,0.7757688151812168,0.3893111190264917,0.033,2.5173,,2.52,+5/save (role-dependent),+3/hold (role-dependent)
685126,"Eisert, Brandon",1255,5.231,1.3,-0.047,0.449,0.418,0.434,0.324,0.582,81.7,P,RP,16.95945945945946,5.726,5.3795,1.0887612790637464,0.41065212195111955,0.6721778654820467,0.378424349778509,0.033,2.5161,,2.52,+5/save (role-dependent),+3/hold (role-dependent)
670280,"Bednar, David",1126,5.311,1.37,-0.044,0.497,0.358,0.506,0.336,0.642,90.9,P,RP,16.085714285714285,5.484,5.3629,1.0508287914778212,0.26884975821421153,0.7459470852947854,0.39350379713113215,0.033,2.516,,2.52,+5/save (role-dependent),+3/hold (role-dependent)
693312,"Nicolas, Kyle",652,5.251,1.389,-0.046,0.464,0.4,0.468,0.328,0.6,85.3,P,RP,21.032258064516128,5.601,5.356,1.0674491438665519,0.34495964657691547,0.6993744000855955,0.38737395645608064,0.033,2.5154,,2.52,+5/save (role-dependent),+3/hold (role-dependent)
640451,"Harvey, Hunter",202,5.353,1.438,-0.043,0.517,0.385,0.453,0.333,0.615,93.3,P,RP,14.428571428571429,5.53,5.4060999999999995,1.0870606277468986,0.37072025107271445,0.7056203613546659,0.38120714488188945,0.033,2.5153,,2.52,+5/save (role-dependent),+3/hold (role-dependent)
642585,"Bautista, Félix",626,5.56,1.388,-0.035,0.472,0.394,0.445,0.314,0.606,97.9,P,RP,17.885714285714286,4.907,5.3641,1.068890242617302,0.39003083420286366,0.6915927991806115,0.3722414088587695,0.033,2.5098,,2.51,+5/save (role-dependent),+3/hold (role-dependent)
687863,"Hodge, Porter",609,5.409,1.377,-0.041,0.456,0.392,0.477,0.33,0.608,95.1,P,RP,17.4,5.215,5.3508,1.0607897113112523,0.3274877159447176,0.7103067679018411,0.39041852990517073,0.033,2.5092,,2.51,+5/save (role-dependent),+3/hold (role-dependent)
683175,"Phillips, Connor",400,5.408,1.403,-0.041,0.433,0.401,0.459,0.327,0.599,94.9,P,RP,18.181818181818183,5.235,5.3561,1.0679866045824662,0.3628450686196957,0.6975235043054648,0.3863975590024119,0.033,2.5018,,2.5,+5/save (role-dependent),+3/hold (role-dependent)
683618,"Henriquez, Edgardo",342,5.313,1.438,-0.044,0.485,0.369,0.49,0.315,0.631,91.1,P,RP,13.68,5.308,5.3115,1.0285847892462738,0.30482782251667273,0.7306708592079629,0.3846814810008394,0.033,2.4907,,2.49,+5/save (role-dependent),+3/hold (role-dependent)
690997,"McLean, Nolan",738,5.28,1.496,-0.045,0.457,0.318,0.524,0.322,0.682,87.9,P,SP,92.25,5.439,5.3277,1.0125976126064529,0.23591660027970374,0.7829632439852534,0.38782605170539736,0.033,2.4851,13.67,,,
641941,"Pagán, Emilio",1092,5.314,1.444,-0.044,0.518,0.352,0.477,0.337,0.648,91.2,P,RP,15.380281690140846,5.563,5.3887,1.0617625081502278,0.32441490722686384,0.7461404017811559,0.3888247817385229,0.033,2.4806,,2.48,+5/save (role-dependent),+3/hold (role-dependent)
554430,"Wheeler, Zack",2465,5.38,1.314,-0.042,0.515,0.35,0.471,0.328,0.65,94.2,P,SP,98.6,5.381,5.3803,1.056289876720795,0.3370249717147812,0.7427724674466094,0.38206791274316354,0.033,2.4794,13.64,,,
666374,"Brash, Matt",980,5.362,1.465,-0.042,0.428,0.417,0.427,0.304,0.583,93.8,P,RP,15.806451612903226,5.226,5.321199999999999,1.0570108034867916,0.42929608609157677,0.6714038275371175,0.37206324991866846,0.033,2.4792,,2.48,+5/save (role-dependent),+3/hold (role-dependent)
680736,"Wrobleski, Justin",1171,5.14,1.571,-0.051,0.536,0.306,0.551,0.345,0.694,67.7,P,RP,41.82142857142857,5.819,5.343699999999999,1.0153725488884988,0.18093878317244494,0.8099439120721055,0.4062872836769652,0.033,2.4789,,2.48,+5/save (role-dependent),+3/hold (role-dependent)
686218,"Sheehan, Emmet",1299,5.315,1.385,-0.044,0.498,0.387,0.461,0.329,0.613,91.3,P,SP,61.857142857142854,5.449,5.3552,1.0607303076082966,0.35894169775492946,0.713309980969185,0.38850320290559476,0.033,2.4785,13.63,,,
660271,"Ohtani, Shohei",1086,5.286,1.443,-0.045,0.513,0.365,0.513,0.331,0.635,88.5,P,SP,60.333333333333336,5.346,5.303999999999999,1.0226271730920073,0.2597079888424212,0.7498870318442479,0.4015921389388079,0.033,2.4768,13.62,,,
518886,"Kimbrel, Craig",230,5.346,1.314,-0.043,0.446,0.415,0.421,0.337,0.585,93.0,P,RP,16.428571428571427,5.523,5.3991,1.09782138825165,0.4349092272984708,0.6809773379641031,0.3865538823716779,0.033,2.4758,,2.48,+5/save (role-dependent),+3/hold (role-dependent)
681870,"Sabrowski, Erik",534,5.471,1.46,-0.039,0.472,0.352,0.478,0.335,0.648,96.7,P,RP,14.833333333333334,5.163,5.3786,1.0563458165678135,0.3232456124046995,0.7470549136281002,0.3891210506271956,0.033,2.4748,,2.47,+5/save (role-dependent),+3/hold (role-dependent)
657746,"Ryan, Joe",2794,5.277,1.366,-0.046,0.494,0.323,0.529,0.342,0.677,87.6,P,SP,90.12903225806451,5.515,5.3484,1.0261182993508537,0.2242974617701703,0.7893767614787004,0.40239732619921675,0.033,2.4746,13.61,,,
800311,"Fuentes, Didier",293,5.396,1.394,-0.041,0.486,0.392,0.478,0.343,0.608,94.5,P,SP,73.25,5.239,5.3488999999999995,1.0597707297264418,0.3256535917957354,0.7216237713746388,0.40324271022787517,0.033,2.473,13.6,,,
681982,"Anderson, Grant",1190,5.245,1.334,-0.047,0.445,0.344,0.489,0.327,0.656,83.8,P,RP,17.5,5.603,5.352399999999999,1.0384239559698711,0.30349995352591097,0.7550215838456237,0.38720547512330883,0.033,2.4725,,2.47,+5/save (role-dependent),+3/hold (role-dependent)
673929,"Leasure, Jordan",1144,5.398,1.397,-0.041,0.477,0.411,0.462,0.328,0.589,94.6,P,RP,16.579710144927535,5.135,5.3191,1.0529815800454008,0.35988039835926133,0.6978899492025277,0.39543128209421397,0.033,2.4713,,2.47,+5/save (role-dependent),+3/hold (role-dependent)
677865,"Bruihl, Justin",231,5.259,1.469,-0.046,0.446,0.251,0.573,0.309,0.749,86.0,P,RP,14.4375,5.365,5.2908,0.9603913005026583,0.14148800378845494,0.8480350773575083,0.38347407286669216,0.033,2.4709,,2.47,+5/save (role-dependent),+3/hold (role-dependent)
680755,"Fisher, Braydon",964,5.294,1.417,-0.045,0.447,0.363,0.483,0.325,0.637,89.3,P,RP,16.066666666666666,5.428,5.334199999999999,1.0378559570171468,0.3169045701361233,0.7391550543920224,0.3892704252496205,0.033,2.4703,,2.47,+5/save (role-dependent),+3/hold (role-dependent)
674444,"Cruz, Steven",642,5.282,1.465,-0.045,0.499,0.353,0.553,0.341,0.647,88.0,P,RP,13.659574468085106,5.245,5.270899999999999,0.9990694799981596,0.18286483042941226,0.7785829370856109,0.4183653317135466,0.033,2.4679,,2.47,+5/save (role-dependent),+3/hold (role-dependent)
672391,"Ort, Kaleb",788,5.347,1.409,-0.043,0.469,0.384,0.46,0.334,0.616,93.1,P,RP,16.081632653061224,5.389,5.3596,1.0616385641177155,0.36057313003597946,0.7193280407643479,0.39231524720302113,0.033,2.4641,,2.46,+5/save (role-dependent),+3/hold (role-dependent)
683004,"Leiter, Jack",2667,5.246,1.453,-0.047,0.476,0.37,0.498,0.332,0.63,83.9,P,SP,88.9,5.471,5.3135,1.0301412315469993,0.28876030927344054,0.7433318943706371,0.40047232159231155,0.033,2.4641,13.55,,,
664875,"Lawrence, Justin",285,5.303,1.33,-0.045,0.412,0.354,0.459,0.304,0.646,90.1,P,RP,15.833333333333334,5.394,5.330299999999999,1.0314098922821093,0.3649368486967569,0.7315839758201992,0.3700762129726791,0.033,2.4617,,2.46,+5/save (role-dependent),+3/hold (role-dependent)
670329,"Garcia, Rico",586,5.248,1.412,-0.047,0.503,0.373,0.516,0.337,0.627,84.8,P,RP,20.20689655172414,5.383,5.2885,1.0181850694338443,0.25500016851776874,0.7509097519800012,0.41070402371524267,0.033,2.4579,,2.46,+5/save (role-dependent),+3/hold (role-dependent)
621242,"Díaz, Edwin",1067,5.326,1.383,-0.044,0.486,0.384,0.471,0.329,0.616,91.8,P,RP,17.20967741935484,5.323,5.325099999999999,1.0431360037619442,0.3415004081587266,0.7239780110837208,0.395075709726945,0.033,2.4545,,2.45,+5/save (role-dependent),+3/hold (role-dependent)
656546,"Hoffman, Jeff",1341,5.334,1.389,-0.044,0.475,0.379,0.467,0.322,0.621,92.3,P,RP,16.353658536585368,5.288,5.3202,1.0380889533543889,0.349850364094317,0.7243585429630055,0.389463719518026,0.033,2.452,,2.45,+5/save (role-dependent),+3/hold (role-dependent)
607455,"Banda, Anthony",1148,5.233,1.458,-0.047,0.461,0.399,0.464,0.321,0.601,82.6,P,RP,14.717948717948717,5.452,5.298699999999999,1.0362349743868657,0.3575580240643672,0.709176316636617,0.39320380536472826,0.033,2.4501,,2.45,+5/save (role-dependent),+3/hold (role-dependent)
661403,"Clase, Emmanuel",760,5.226,1.354,-0.047,0.551,0.371,0.521,0.309,0.629,80.8,P,RP,15.510204081632653,5.194,5.2164,0.9785497396083938,0.2509049521458824,0.7479887045006268,0.39971973756796914,0.033,2.4472,,2.45,+5/save (role-dependent),+3/hold (role-dependent)
640448,"Finnegan, Kyle",967,5.219,1.375,-0.048,0.527,0.344,0.528,0.346,0.656,80.1,P,RP,15.596774193548388,5.532,5.3129,1.0172398651277565,0.22916385626341973,0.7809458192010053,0.41396720137699405,0.033,2.4462,,2.45,+5/save (role-dependent),+3/hold (role-dependent)
650556,"Abreu, Bryan",1205,5.511,1.37,-0.037,0.462,0.421,0.441,0.329,0.579,97.4,P,RP,16.971830985915492,4.876,5.3205,1.0585707096434547,0.40151846025404625,0.6884438835096163,0.39608014598535707,0.033,2.4434,,2.44,+5/save (role-dependent),+3/hold (role-dependent)
694037,"Palencia, Daniel",940,5.342,1.407,-0.043,0.519,0.341,0.505,0.339,0.659,92.9,P,RP,15.666666666666666,5.314,5.3336,1.026889911022656,0.273213476874989,0.772800375484892,0.4027653050343028,0.033,2.4423,,2.44,+5/save (role-dependent),+3/hold (role-dependent)
657277,"Webb, Logan",3282,5.262,1.491,-0.046,0.455,0.33,0.48,0.321,0.67,86.3,P,SP,96.52941176470588,5.541,5.345699999999999,1.0280570836315421,0.32193669744946696,0.7656246270009466,0.382941087072255,0.033,2.4416,13.43,,,
688158,"Morgan, David",786,5.179,1.543,-0.049,0.476,0.367,0.485,0.319,0.633,74.9,P,RP,18.27906976744186,5.547,5.2894,1.0157647642842595,0.3165604684722483,0.7416352310795914,0.39332538968672015,0.033,2.4379,,2.44,+5/save (role-dependent),+3/hold (role-dependent)
669194,"Nelson, Ryne",2518,5.299,1.34,-0.045,0.524,0.316,0.509,0.333,0.684,89.8,P,SP,74.05882352941177,5.434,5.3395,1.0179583643418484,0.2647824441922255,0.7910973488810007,0.3957496350580325,0.033,2.4376,13.41,,,
519141,"Pomeranz, Drew",903,5.228,1.403,-0.047,0.526,0.288,0.525,0.345,0.712,81.0,P,RP,14.109375,5.705,5.3711,1.0213583940422832,0.2304096994837881,0.8208009937302942,0.4003043372681615,0.033,2.4365,,2.44,+5/save (role-dependent),+3/hold (role-dependent)
668984,"Legumina, Casey",882,5.229,1.454,-0.047,0.509,0.297,0.516,0.335,0.703,81.3,P,RP,18.0,5.622,5.3469,1.0127342574440694,0.25026528648287005,0.8097236469380318,0.3960429265819063,0.033,2.4277,,2.43,+5/save (role-dependent),+3/hold (role-dependent)
686580,"Slaten, Justin",540,5.264,1.399,-0.046,0.501,0.357,0.514,0.332,0.643,86.4,P,RP,13.846153846153847,5.299,5.2745,1.0029355023730782,0.26011158291541125,0.7661956875854496,0.4089881942179811,0.033,2.4257,,2.43,+5/save (role-dependent),+3/hold (role-dependent)
805123,"Blubaugh, AJ",507,5.373,1.286,-0.042,0.465,0.366,0.477,0.336,0.634,94.0,P,RP,46.09090909090909,5.214,5.3253,1.0345343230700195,0.32955517299762693,0.747617961105804,0.4017139717651106,0.033,2.4209,,2.42,+5/save (role-dependent),+3/hold (role-dependent)
666142,"Ragans, Cole",1079,5.278,1.451,-0.046,0.49,0.338,0.499,0.34,0.662,87.8,P,SP,83.0,5.456,5.3313999999999995,1.0242585472901011,0.28532086553043423,0.7771721948066612,0.40420024947550776,0.033,2.4204,13.31,,,
656234,"Bird, Jake",1012,5.096,1.601,-0.052,0.469,0.305,0.546,0.32,0.695,59.3,P,RP,20.24,5.618,5.252599999999999,0.9660312333211306,0.19826572468295245,0.813385436425638,0.4023154416368524,0.033,2.4167,,2.42,+5/save (role-dependent),+3/hold (role-dependent)
592773,"Stanek, Ryne",1087,5.34,1.44,-0.043,0.529,0.376,0.487,0.331,0.624,92.7,P,RP,16.46969696969697,5.154,5.284199999999999,1.0173304435341517,0.3130057276203261,0.7440329473390823,0.40591558196414773,0.033,2.4155,,2.42,+5/save (role-dependent),+3/hold (role-dependent)
605483,"Snell, Blake",1564,5.305,1.336,-0.045,0.495,0.409,0.437,0.325,0.591,90.5,P,SP,92.0,5.321,5.309799999999999,1.047026273128426,0.4103386613232397,0.6997511441815021,0.39459830453337263,0.033,2.4147,13.28,,,
664076,"Cleavinger, Garrett",895,5.23,1.494,-0.047,0.486,0.334,0.523,0.327,0.666,81.5,P,RP,13.161764705882353,5.354,5.2672,0.9878923754206986,0.24280991345227632,0.786714601060874,0.4058093814747711,0.033,2.4137,,2.41,+5/save (role-dependent),+3/hold (role-dependent)
548384,"Raley, Brooks",388,5.208,1.365,-0.048,0.467,0.3,0.528,0.318,0.7,79.7,P,RP,12.933333333333334,5.439,5.2773,0.9768588433927299,0.23205018846277548,0.8103681152222915,0.39501293187492736,0.033,2.4114,,2.41,+5/save (role-dependent),+3/hold (role-dependent)
673513,"Matsui, Yuki",1083,5.289,1.316,-0.045,0.474,0.381,0.449,0.323,0.619,88.9,P,RP,17.19047619047619,5.376,5.315099999999999,1.0363214524706936,0.38605091493989363,0.7245106565897484,0.3915318955134475,0.033,2.4097,,2.41,+5/save (role-dependent),+3/hold (role-dependent)
666808,"Doval, Camilo",1167,5.192,1.507,-0.049,0.491,0.379,0.491,0.309,0.621,76.8,P,RP,15.986301369863014,5.291,5.2217,0.9852628027734198,0.31012034444419045,0.7386971661369097,0.3985624523137115,0.033,2.4063,,2.41,+5/save (role-dependent),+3/hold (role-dependent)
693433,"Woo, Bryan",2858,5.248,1.369,-0.047,0.503,0.311,0.521,0.336,0.689,84.5,P,SP,86.60606060606061,5.449,5.3083,0.9988064635761253,0.24345399908069099,0.8065303427055115,0.4054260188070691,0.033,2.405,13.23,,,
647315,"Pop, Zach",127,5.164,1.367,-0.05,0.46,0.308,0.532,0.306,0.692,72.5,P,RP,25.4,5.386,5.230599999999999,0.9556839894997817,0.22788379268130798,0.8043660544226939,0.39375540086089106,0.033,2.4029,,2.4,+5/save (role-dependent),+3/hold (role-dependent)
622554,"Domínguez, Seranthony",1300,5.26,1.379,-0.046,0.438,0.394,0.438,0.319,0.606,86.1,P,RP,16.455696202531644,5.401,5.302299999999999,1.0357465258060947,0.40895856695842614,0.7115507655751574,0.3905086010489991,0.033,2.4012,,2.4,+5/save (role-dependent),+3/hold (role-dependent)
595345,"Okert, Steven",1066,5.304,1.291,-0.045,0.5,0.343,0.528,0.346,0.657,90.4,P,RP,15.44927536231884,5.216,5.2776,0.9978244297879826,0.2320258654386238,0.7909583249225174,0.4216751578817667,0.033,2.3985,,2.4,+5/save (role-dependent),+3/hold (role-dependent)
573204,"Thielbar, Caleb",879,5.294,1.254,-0.045,0.499,0.324,0.52,0.332,0.676,89.1,P,RP,12.380281690140846,5.243,5.2787,0.9892215944774112,0.2478420407656201,0.797863425074034,0.4080711002429091,0.033,2.3944,,2.39,+5/save (role-dependent),+3/hold (role-dependent)
656629,"Kopech, Michael",231,5.327,1.566,-0.044,0.476,0.371,0.461,0.339,0.629,91.9,P,RP,16.5,5.335,5.3294,1.0391523285997595,0.3610334778319909,0.7441090907994313,0.403682399009375,0.033,2.3936,,2.39,+5/save (role-dependent),+3/hold (role-dependent)
680732,"Burke, Sean",2463,5.089,1.471,-0.052,0.477,0.33,0.486,0.336,0.67,58.0,P,SP,84.93103448275862,5.896,5.3311,1.0202270146114194,0.31119139814652674,0.7818532967895968,0.4004475086566779,0.033,2.3933,13.16,,,
663474,"McKenzie, Triston",144,5.247,1.619,-0.047,0.347,0.416,0.418,0.321,0.584,84.2,P,RP,28.8,5.442,5.3055,1.0481069676534855,0.44846252073968873,0.6905721186686069,0.3917189865479445,0.033,2.3926,,2.39,+5/save (role-dependent),+3/hold (role-dependent)
663432,"Rainey, Tanner",209,5.331,1.381,-0.044,0.457,0.411,0.443,0.327,0.589,92.0,P,RP,14.928571428571429,5.162,5.2803,1.032172903471375,0.400801405553176,0.7069714820117187,0.4029489216953793,0.033,2.3855,,2.39,+5/save (role-dependent),+3/hold (role-dependent)
813349,"Early, Connelly",401,5.275,1.35,-0.046,0.489,0.324,0.477,0.328,0.676,87.4,P,SP,80.2,5.454,5.3286999999999995,1.0160368993408475,0.32927951205723915,0.7817539528456268,0.3933350672940493,0.033,2.3853,13.12,,,
676879,"Ashby, Aaron",1188,5.23,1.548,-0.047,0.447,0.368,0.49,0.307,0.632,81.6,P,RP,23.76,5.178,5.2143999999999995,0.9760256370952927,0.3127003746671635,0.7498098426981227,0.3982473252190029,0.033,2.384,,2.38,+5/save (role-dependent),+3/hold (role-dependent)
686752,"Pepiot, Ryan",2733,5.202,1.402,-0.048,0.513,0.328,0.498,0.334,0.672,78.8,P,SP,85.40625,5.53,5.3004,1.0027947572128935,0.2898224146614057,0.7900161135822032,0.4052419051373708,0.033,2.3795,13.09,,,
592779,"Stewart, Brock",610,5.198,1.396,-0.048,0.512,0.364,0.504,0.331,0.636,78.3,P,RP,14.186046511627907,5.348,5.242999999999999,0.9894286710524272,0.2825472001374665,0.7664667647054038,0.4149118371481881,0.033,2.3776,,2.38,+5/save (role-dependent),+3/hold (role-dependent)
680704,"Sandlin, Nick",323,5.22,1.308,-0.048,0.45,0.365,0.442,0.313,0.635,80.2,P,RP,15.380952380952381,5.478,5.2974,1.0190875528500336,0.40140316314513014,0.7365761113121947,0.38585117272291386,0.033,2.3764,,2.38,+5/save (role-dependent),+3/hold (role-dependent)
806960,"Morales, Luis",821,5.32,1.389,-0.044,0.457,0.367,0.502,0.338,0.633,91.5,P,SP,82.1,5.105,5.2555,0.9975839875868495,0.2855100807350266,0.7661284753072689,0.418864323973643,0.033,2.3752,13.06,,,
458677,"Wilson, Justin",838,5.225,1.419,-0.047,0.507,0.353,0.485,0.333,0.647,80.6,P,RP,13.516129032258064,5.427,5.285599999999999,1.0069531796280093,0.31686856011150555,0.7681610539132955,0.40751900773812455,0.033,2.3739,,2.37,+5/save (role-dependent),+3/hold (role-dependent)
621237,"Alvarado, José",477,5.412,1.43,-0.041,0.453,0.362,0.478,0.317,0.638,95.3,P,RP,16.448275862068964,4.87,5.2494,0.9918933698625719,0.3337207281394411,0.7551509680838311,0.40015049425507265,0.033,2.3697,,2.37,+5/save (role-dependent),+3/hold (role-dependent)
683769,"Gaddis, Hunter",1105,5.159,1.385,-0.05,0.511,0.381,0.466,0.326,0.619,71.6,P,RP,14.35064935064935,5.508,5.263699999999999,1.0087553190710812,0.35641937027819803,0.7401446851673203,0.40561906457116426,0.033,2.368,,2.37,+5/save (role-dependent),+3/hold (role-dependent)
676272,"Miller, Bobby",116,5.243,1.192,-0.047,0.474,0.34,0.495,0.33,0.66,83.5,P,SP,58.0,5.337,5.2712,0.9929405804469,0.29815436558468733,0.7822391332331211,0.4077996442898701,0.033,2.3639,13.0,,,
670950,"Richards, Trevor",116,5.308,1.162,-0.044,0.519,0.372,0.444,0.33,0.628,90.7,P,RP,23.2,5.32,5.3116,1.030089910174564,0.39627553339805266,0.740166724483265,0.3989780736725101,0.033,2.3627,,2.36,+5/save (role-dependent),+3/hold (role-dependent)
666661,"Morillo, Juan",640,5.188,1.4,-0.049,0.504,0.331,0.481,0.323,0.669,76.4,P,RP,14.883720930232558,5.515,5.286099999999999,0.996577070340514,0.3247807016123624,0.7815286930769496,0.3978642110556119,0.033,2.3615,,2.36,+5/save (role-dependent),+3/hold (role-dependent)
656641,"Latz, Jacob",1388,5.338,1.384,-0.043,0.499,0.352,0.484,0.338,0.648,92.4,P,RP,42.06060606060606,5.175,5.2890999999999995,1.0083464208622626,0.31857296146501124,0.7724247925566616,0.4115275721730663,0.033,2.3613,,2.36,+5/save (role-dependent),+3/hold (role-dependent)
681751,"Estrada, Lazaro",119,5.266,1.245,-0.046,0.465,0.345,0.517,0.336,0.655,86.8,P,SP,59.5,5.186,5.242,0.9796995929375919,0.2567820672926988,0.7897391237522757,0.4199030022707071,0.033,2.3604,12.98,,,
678606,"Ferrer, Jose A.",1208,5.252,1.388,-0.046,0.469,0.301,0.537,0.299,0.699,85.4,P,RP,16.77777777777778,5.024,5.183599999999999,0.9270907921848379,0.22175354995538132,0.8174888750415064,0.3973361859735282,0.033,2.3602,,2.36,+5/save (role-dependent),+3/hold (role-dependent)
676254,"Walker, Ryan",1034,5.112,1.501,-0.052,0.429,0.303,0.534,0.312,0.697,62.2,P,RP,14.985507246376812,5.439,5.2101,0.9422705639748343,0.22556952606113123,0.8195644073550534,0.40395906417907856,0.033,2.3562,,2.36,+5/save (role-dependent),+3/hold (role-dependent)
669199,"Bachar, Lake",1177,5.31,1.31,-0.044,0.482,0.39,0.476,0.331,0.61,90.8,P,RP,21.796296296296298,5.069,5.237699999999999,0.9991658314977843,0.3386456660185859,0.7420251713003836,0.4160691224024457,0.033,2.3534,,2.35,+5/save (role-dependent),+3/hold (role-dependent)
664854,"Helsley, Ryan",995,5.266,1.517,-0.046,0.527,0.398,0.504,0.33,0.602,86.7,P,RP,16.864406779661017,4.992,5.1838,0.9741295737045023,0.28734694357010326,0.7470280619967808,0.4268839331997038,0.033,2.353,,2.35,+5/save (role-dependent),+3/hold (role-dependent)
521230,"Hendriks, Liam",238,5.361,1.23,-0.043,0.446,0.423,0.408,0.321,0.577,93.7,P,RP,15.866666666666667,5.097,5.2818,1.0387833238915305,0.47026573933379523,0.6896832210077339,0.3968940168358515,0.033,2.352,,2.35,+5/save (role-dependent),+3/hold (role-dependent)
670990,"Ramírez, Yohan",604,5.18,1.491,-0.049,0.458,0.335,0.527,0.335,0.665,75.1,P,RP,25.166666666666668,5.344,5.2292,0.9679965738306744,0.23793814997040408,0.8020982785265851,0.42174339345475986,0.033,2.3515,,2.35,+5/save (role-dependent),+3/hold (role-dependent)
808967,"Yamamoto, Yoshinobu",3243,5.247,1.442,-0.047,0.515,0.343,0.493,0.33,0.657,84.1,P,SP,92.65714285714286,5.293,5.2608,0.9888144873538685,0.30297390369250743,0.7819202353814487,0.4100705436567155,0.033,2.3508,12.93,,,
663158,"Suarez, Robert",1140,5.299,1.317,-0.045,0.549,0.313,0.535,0.341,0.687,89.6,P,RP,15.616438356164384,5.146,5.2531,0.9701700272192669,0.22009505596408463,0.8228174819736565,0.42225206332218523,0.033,2.3498,,2.35,+5/save (role-dependent),+3/hold (role-dependent)
694973,"Skenes, Paul",3048,5.202,1.335,-0.048,0.514,0.341,0.49,0.322,0.659,79.1,P,SP,92.36363636363636,5.354,5.247599999999999,0.9807675866575455,0.3100086266610227,0.7806120563034105,0.40531634394427224,0.033,2.3465,12.91,,,
663423,"Thornton, Trent",676,5.088,1.526,-0.052,0.496,0.317,0.535,0.34,0.683,57.7,P,RP,19.88235294117647,5.604,5.2428,0.96658139484215,0.22093014645996578,0.820647688341853,0.42354656523536166,0.033,2.3449,,2.34,+5/save (role-dependent),+3/hold (role-dependent)
690916,"Fitts, Richard",735,5.237,1.472,-0.047,0.512,0.36,0.492,0.33,0.64,82.8,P,SP,66.81818181818181,5.235,5.2364,0.9839537303857029,0.3069403462921376,0.7712887022677923,0.41539842294046764,0.033,2.3419,12.88,,,
676617,"O'Brien, Riley",758,5.231,1.49,-0.047,0.444,0.373,0.466,0.306,0.627,81.9,P,RP,18.047619047619047,5.161,5.209999999999999,0.976085040798249,0.360773191601384,0.745140246765256,0.39825352845291145,0.033,2.3407,,2.34,+5/save (role-dependent),+3/hold (role-dependent)
676604,"Zuber, Tyler",245,5.275,1.518,-0.046,0.497,0.33,0.53,0.333,0.67,87.2,P,RP,24.5,5.079,5.2162,0.9586054440352426,0.23302763777781976,0.8087145940222498,0.42267289389764895,0.033,2.3385,,2.34,+5/save (role-dependent),+3/hold (role-dependent)
669947,"Scholtens, Jesse",154,5.287,1.329,-0.045,0.479,0.368,0.457,0.326,0.632,88.6,P,SP,77.0,5.228,5.269299999999999,1.0054688418353457,0.37385887021152686,0.7516116561864862,0.40439627260440136,0.033,2.3382,12.86,,,
661395,"Duran, Jhoan",1177,5.172,1.502,-0.049,0.502,0.355,0.495,0.317,0.645,73.6,P,RP,15.285714285714286,5.288,5.206799999999999,0.96565991937561,0.3033757081026237,0.7729817785602056,0.4094524474308039,0.033,2.3374,,2.34,+5/save (role-dependent),+3/hold (role-dependent)
596112,"Stephenson, Robert",147,4.982,1.702,-0.056,0.526,0.407,0.501,0.329,0.593,40.4,P,RP,12.25,5.577,5.1605,0.9659881125938306,0.29520054168506493,0.7432194573824185,0.4310170593214366,0.033,2.3325,,2.33,+5/save (role-dependent),+3/hold (role-dependent)
805673,"Matthews, Zebby",1353,5.188,1.414,-0.049,0.526,0.34,0.513,0.339,0.66,76.6,P,SP,84.5625,5.356,5.2383999999999995,0.9753497404564857,0.2650266234569647,0.798119375590243,0.4235527684692702,0.033,2.3321,12.83,,,
668820,"Kranick, Max",539,5.276,1.262,-0.046,0.54,0.329,0.554,0.341,0.671,87.5,P,RP,21.56,4.993,5.1911,0.94466033088761,0.1873465848852005,0.822786183080391,0.43579011723991623,0.033,2.3299,,2.33,+5/save (role-dependent),+3/hold (role-dependent)
668909,"Williams, Gavin",3085,5.17,1.488,-0.049,0.472,0.353,0.481,0.335,0.647,73.5,P,SP,93.48484848484848,5.455,5.2555,0.9908103661002212,0.3272616500758537,0.7775190140902297,0.4160006383251418,0.033,2.321,12.77,,,
661563,"Gil, Luis",1018,5.177,1.465,-0.049,0.48,0.362,0.495,0.333,0.638,74.5,P,SP,84.83333333333333,5.316,5.218699999999999,0.9754287726764216,0.30241089481126593,0.7763269287973935,0.42212700462677266,0.033,2.3194,12.76,,,
820862,"Fermin, José",656,5.354,1.374,-0.043,0.501,0.374,0.482,0.333,0.626,93.4,P,RP,16.0,4.923,5.2246999999999995,0.9844525705342868,0.32777064392016886,0.7628879128052144,0.4208168703766697,0.033,2.3192,,2.32,+5/save (role-dependent),+3/hold (role-dependent)
663941,"Beck, Tristan",817,5.228,1.386,-0.047,0.454,0.309,0.519,0.338,0.691,81.2,P,RP,26.35483870967742,5.309,5.2523,0.9678056619167011,0.251970636859596,0.8244909387168285,0.4195630622403644,0.033,2.3192,,2.32,+5/save (role-dependent),+3/hold (role-dependent)
606303,"Payamps, Joel",449,5.237,1.418,-0.047,0.462,0.348,0.502,0.335,0.652,82.7,P,RP,14.966666666666667,5.198,5.2253,0.9721947714317675,0.28795859849964867,0.7901968994865092,0.4225949807173268,0.033,2.3158,,2.32,+5/save (role-dependent),+3/hold (role-dependent)
676962,"Brown, Ben",1737,5.145,1.569,-0.05,0.501,0.341,0.505,0.343,0.659,68.5,P,SP,69.48,5.46,5.2395,0.9764235072696691,0.280842798783961,0.8001789028439721,0.4271308247214195,0.033,2.3081,12.69,,,
669373,"Skubal, Tarik",3152,5.147,1.408,-0.05,0.523,0.319,0.525,0.334,0.681,69.1,P,SP,92.70588235294117,5.373,5.2148,0.9525324843310019,0.24308199506691563,0.8208191935150579,0.4239331537721731,0.033,2.3078,12.69,,,
676130,"Buttó, José",1094,5.073,1.483,-0.053,0.45,0.373,0.44,0.32,0.627,54.7,P,RP,19.89090909090909,5.672,5.2527,0.9989853111516237,0.40900363368098125,0.7458936194751684,0.40229360606601716,0.033,2.3065,,2.31,+5/save (role-dependent),+3/hold (role-dependent)
605447,"Romano, Jordan",722,5.216,1.431,-0.048,0.506,0.348,0.527,0.336,0.652,79.9,P,RP,14.156862745098039,5.102,5.1818,0.9488654562005779,0.24178118778640045,0.8021458255719751,0.43304801591340714,0.033,2.3058,,2.31,+5/save (role-dependent),+3/hold (role-dependent)
700669,"Graceffo, Gordon",756,5.139,1.476,-0.051,0.511,0.372,0.49,0.339,0.628,67.4,P,RP,29.076923076923077,5.395,5.2158,0.9787117860562202,0.3125868672211214,0.7721456170270624,0.42848760747799136,0.033,2.304,,2.3,+5/save (role-dependent),+3/hold (role-dependent)
684007,"Imanaga, Shota",2220,5.163,1.354,-0.05,0.519,0.309,0.518,0.346,0.691,72.0,P,SP,85.38461538461539,5.481,5.2584,0.9710771291100405,0.253464238670452,0.8295977119862414,0.4258675874820962,0.033,2.3033,12.67,,,
665795,"Cabrera, Edward",2252,5.151,1.501,-0.05,0.489,0.361,0.483,0.318,0.639,69.9,P,SP,86.61538461538461,5.295,5.1941999999999995,0.9618054431871503,0.3282553147403322,0.7710817944240543,0.41315829123885384,0.033,2.3032,12.67,,,
676083,"Junk, Janson",1677,5.161,1.415,-0.05,0.521,0.34,0.544,0.34,0.66,71.7,P,SP,76.22727272727273,5.189,5.1693999999999996,0.9383446197449439,0.20898764998496078,0.8165844219893634,0.43957387422828825,0.033,2.3006,12.65,,,
685801,"Bigge, Hunter",242,5.294,1.398,-0.045,0.519,0.402,0.48,0.329,0.598,89.4,P,RP,16.133333333333333,4.892,5.173399999999999,0.970487310717658,0.33590622098736145,0.7448838217779723,0.4282002706837153,0.033,2.3003,,2.3,+5/save (role-dependent),+3/hold (role-dependent)
686701,"Bergert, Ryan",1312,5.163,1.387,-0.05,0.493,0.337,0.508,0.341,0.663,72.3,P,SP,69.05263157894737,5.381,5.228400000000001,0.9685351891652355,0.27577824077174795,0.8053175525583619,0.4276454493184424,0.033,2.2991,12.65,,,
579328,"Kikuchi, Yusei",3182,5.198,1.454,-0.048,0.485,0.344,0.516,0.35,0.656,78.6,P,SP,93.58823529411765,5.293,5.2265,0.9709030183237387,0.26002692684248996,0.8063567337594917,0.4366513821098121,0.033,2.2982,12.64,,,
686790,"McDonald, Trevor",212,5.142,1.476,-0.05,0.452,0.335,0.508,0.315,0.665,68.1,P,SP,70.66666666666667,5.25,5.1744,0.9386069997003488,0.2801563851190856,0.7994377201924656,0.41461804861569224,0.033,2.2968,12.63,,,
672578,"Hernández, Carlos",759,5.304,1.402,-0.045,0.512,0.352,0.511,0.34,0.648,90.2,P,RP,18.51219512195122,4.967,5.2029,0.9621168352776989,0.271881187918825,0.7961182174236356,0.4322589579985466,0.033,2.2966,,2.3,+5/save (role-dependent),+3/hold (role-dependent)
670970,"Morejon, Adrian",1090,5.158,1.482,-0.05,0.512,0.28,0.539,0.315,0.72,71.2,P,RP,13.625,5.254,5.1868,0.9186465394661555,0.21751776442720616,0.8508373983717246,0.41191043783214626,0.033,2.2935,,2.29,+5/save (role-dependent),+3/hold (role-dependent)
657097,"Webb, Jacob",994,5.193,1.245,-0.049,0.499,0.346,0.512,0.337,0.654,76.9,P,RP,17.75,5.214,5.199299999999999,0.9572831526904044,0.27018489424003667,0.8004914715994096,0.43018135290010734,0.033,2.2932,,2.29,+5/save (role-dependent),+3/hold (role-dependent)
661527,"Martinez, Seth",136,5.147,1.403,-0.05,0.461,0.324,0.506,0.323,0.676,69.0,P,RP,19.428571428571427,5.336,5.2036999999999995,0.948998637182257,0.28175717636414066,0.809529761925224,0.41585672142369284,0.033,2.293,,2.29,+5/save (role-dependent),+3/hold (role-dependent)
681895,"Sisk, Evan",329,4.952,1.49,-0.057,0.421,0.336,0.477,0.317,0.664,36.4,P,RP,17.31578947368421,5.85,5.221399999999999,0.9642972163781662,0.3379790470288937,0.7881018480160942,0.4062644540888867,0.033,2.2927,,2.29,+5/save (role-dependent),+3/hold (role-dependent)
669302,"Gilbert, Logan",2487,5.196,1.567,-0.049,0.521,0.384,0.506,0.34,0.616,77.7,P,SP,82.9,5.109,5.169899999999999,0.9599012974658382,0.2844975704185855,0.7728020138119063,0.43946469637411295,0.033,2.2907,12.6,,,
518585,"Cruz, Fernando",868,5.195,1.504,-0.049,0.461,0.453,0.415,0.322,0.547,77.6,P,RP,16.074074074074073,5.181,5.190799999999999,1.0044943722257085,0.4637265335462555,0.6840054902344548,0.4177189481785804,0.033,2.2883,,2.29,+5/save (role-dependent),+3/hold (role-dependent)
621381,"Strahm, Matt",1024,5.201,1.436,-0.048,0.499,0.309,0.519,0.346,0.691,78.7,P,RP,14.840579710144928,5.347,5.2448,0.9637833661871856,0.2525787124633929,0.8330729761535238,0.428837225115663,0.033,2.2875,,2.29,+5/save (role-dependent),+3/hold (role-dependent)
687396,"Headrick, Brent",403,5.207,1.243,-0.048,0.535,0.324,0.494,0.344,0.676,79.5,P,RP,21.210526315789473,5.382,5.259499999999999,0.9789245174098518,0.30109113349522143,0.8127679775621577,0.4237182724372433,0.033,2.2846,,2.28,+5/save (role-dependent),+3/hold (role-dependent)
663893,"Little, Brendon",1370,5.248,1.586,-0.047,0.423,0.474,0.367,0.288,0.526,84.6,P,RP,15.74712643678161,4.972,5.1652000000000005,1.000925368365572,0.5612342567672012,0.6413834856253492,0.3908537502960061,0.033,2.2836,,2.28,+5/save (role-dependent),+3/hold (role-dependent)
592332,"Gausman, Kevin",3466,5.205,1.325,-0.048,0.511,0.349,0.508,0.34,0.651,79.4,P,SP,91.21052631578948,5.188,5.1998999999999995,0.9590564266673294,0.27808892806617624,0.7998612726166013,0.43291402512359817,0.033,2.2823,12.55,,,
666200,"Luzardo, Jesús",3205,5.151,1.445,-0.05,0.505,0.339,0.492,0.332,0.661,70.1,P,SP,91.57142857142857,5.369,5.216399999999999,0.9630671762103857,0.3085618812355959,0.7989009373541271,0.42167466087314515,0.033,2.2793,12.54,,,
690986,"Harrison, Kyle",587,5.178,1.34,-0.049,0.476,0.297,0.515,0.347,0.703,74.7,P,SP,53.36363636363637,5.448,5.2589999999999995,0.9655929514941486,0.25938010252798094,0.8421833941535302,0.4266911359399198,0.033,2.2776,12.53,,,
805299,"Garcia, Brandyn",285,5.131,1.573,-0.051,0.466,0.329,0.5,0.299,0.671,65.8,P,RP,19.0,5.178,5.145099999999999,0.9199902504132487,0.2984372935601389,0.7995467128819854,0.40574288074502246,0.033,2.2775,,2.28,+5/save (role-dependent),+3/hold (role-dependent)
691441,"Mena, Cristian",100,5.248,1.482,-0.047,0.46,0.417,0.434,0.314,0.583,84.9,P,RP,33.333333333333336,5.008,5.176,0.9791391581633733,0.4271512400008092,0.7168392975330691,0.4133141175994978,0.033,2.2755,,2.28,+5/save (role-dependent),+3/hold (role-dependent)
592662,"Ray, Robbie",3142,5.197,1.39,-0.048,0.506,0.362,0.473,0.345,0.638,78.0,P,SP,95.21212121212122,5.352,5.2435,0.9887291638886865,0.3441399307908152,0.7799879795678384,0.42816652565368496,0.033,2.2753,12.51,,,
676684,"Vest, Will",1268,5.293,1.379,-0.045,0.513,0.346,0.495,0.331,0.654,89.0,P,RP,17.859154929577464,4.978,5.198499999999999,0.9568541078125896,0.30404864510415897,0.7956967503067989,0.4246286661697853,0.033,2.2749,,2.27,+5/save (role-dependent),+3/hold (role-dependent)
675512,"Melton, Troy",779,5.109,1.524,-0.052,0.497,0.322,0.52,0.336,0.678,62.1,P,RP,38.95,5.398,5.1956999999999995,0.9437405281917317,0.2545714107809727,0.824389825459449,0.43001287156733525,0.033,2.2718,,2.27,+5/save (role-dependent),+3/hold (role-dependent)
668970,"Hollowell, Gavin",172,5.239,1.333,-0.047,0.466,0.306,0.502,0.326,0.694,83.0,P,RP,24.571428571428573,5.174,5.2195,0.948763331607724,0.28842884363325183,0.8258506137890851,0.41527038688025597,0.033,2.2709,,2.27,+5/save (role-dependent),+3/hold (role-dependent)
552640,"Kittredge, Andrew",849,5.1,1.532,-0.052,0.534,0.349,0.486,0.314,0.651,60.0,P,RP,14.389830508474576,5.332,5.169599999999999,0.9428063519200869,0.3242852928149539,0.7859409795022063,0.4147115941329413,0.033,2.2702,,2.27,+5/save (role-dependent),+3/hold (role-dependent)
571948,"Milner, Hoby",1183,5.193,1.375,-0.049,0.446,0.282,0.537,0.32,0.718,77.2,P,RP,15.773333333333333,5.145,5.178599999999999,0.9152164896809272,0.22215893369124595,0.8551144335323496,0.4184737640547891,0.033,2.268,,2.27,+5/save (role-dependent),+3/hold (role-dependent)
663878,"Pearson, Nate",263,5.114,1.535,-0.051,0.507,0.352,0.529,0.345,0.648,62.6,P,RP,26.3,5.28,5.1638,0.9411472668744921,0.2392642292982916,0.8102755590683792,0.44556947560921956,0.033,2.2675,,2.27,+5/save (role-dependent),+3/hold (role-dependent)
664123,"Effross, Scott",156,5.097,1.533,-0.052,0.408,0.259,0.534,0.325,0.741,59.6,P,RP,14.181818181818182,5.491,5.215199999999999,0.9237172003986446,0.22515603465054923,0.8727473130307044,0.4152547545433295,0.033,2.2623,,2.26,+5/save (role-dependent),+3/hold (role-dependent)
673380,"Núñez, Dedniel",197,5.085,1.703,-0.053,0.547,0.37,0.521,0.342,0.63,56.5,P,RP,17.90909090909091,5.286,5.1453,0.9399345459863998,0.25666950886987716,0.7946446493553756,0.4467453705652026,0.033,2.2621,,2.26,+5/save (role-dependent),+3/hold (role-dependent)
669022,"Gore, MacKenzie",2892,5.257,1.466,-0.046,0.485,0.368,0.458,0.34,0.632,85.6,P,SP,93.29032258064517,5.188,5.236299999999999,0.9877707406254774,0.37454623289962263,0.7717089625334042,0.42496587733964014,0.033,2.2586,12.42,,,
662253,"Muñoz, Andrés",1164,5.173,1.501,-0.049,0.462,0.367,0.464,0.322,0.633,73.8,P,RP,16.166666666666668,5.224,5.1883,0.9615442178503917,0.36650889695225786,0.7699693059155408,0.4182648374494567,0.033,2.2555,,2.26,+5/save (role-dependent),+3/hold (role-dependent)
669212,"Morgan, Eli",111,5.133,1.301,-0.051,0.48,0.394,0.44,0.318,0.606,66.8,P,RP,18.5,5.308,5.185499999999999,0.973105973645108,0.4144519910910016,0.7405639605202324,0.41505798590150333,0.033,2.255,,2.26,+5/save (role-dependent),+3/hold (role-dependent)
677161,"Kelly, Zack",587,5.174,1.382,-0.049,0.503,0.325,0.503,0.324,0.675,74.0,P,RP,20.24137931034483,5.194,5.18,0.936772012783176,0.2896432051779714,0.8154269613033599,0.42198631359443334,0.033,2.2547,,2.25,+5/save (role-dependent),+3/hold (role-dependent)
700363,"Smith-Shawver, AJ",711,5.133,1.316,-0.051,0.46,0.34,0.482,0.338,0.66,66.6,P,SP,79.0,5.433,5.223,0.9670906265585473,0.32790847439036286,0.801221409758669,0.42596088449503405,0.033,2.253,12.39,,,
605130,"Barlow, Scott",1324,5.023,1.526,-0.055,0.465,0.376,0.469,0.322,0.624,47.0,P,RP,17.194805194805195,5.506,5.1678999999999995,0.9549580444217993,0.3582220127515314,0.7662528437570927,0.42271929389980684,0.033,2.252,,2.25,+5/save (role-dependent),+3/hold (role-dependent)
686751,"Johnson, Seth",214,5.145,1.435,-0.05,0.516,0.323,0.516,0.34,0.677,68.7,P,RP,21.4,5.305,5.193,0.9427763318352941,0.2627429978727829,0.8274203824069775,0.4344206795112165,0.033,2.2508,,2.25,+5/save (role-dependent),+3/hold (role-dependent)
663855,"Hicks, Jordan",1262,5.093,1.467,-0.052,0.441,0.317,0.499,0.314,0.683,58.7,P,RP,36.05714285714286,5.353,5.170999999999999,0.9280746170582554,0.29832557577697094,0.8173320616202684,0.4144058961412506,0.033,2.2506,,2.25,+5/save (role-dependent),+3/hold (role-dependent)
682243,"Miller, Bryce",1804,5.101,1.485,-0.052,0.507,0.321,0.508,0.334,0.679,60.2,P,SP,82.0,5.413,5.194599999999999,0.9426667613785482,0.27851863482619277,0.8239966810712429,0.42834393908085344,0.033,2.2505,12.38,,,
657240,"Merryweather, Julian",336,5.124,1.421,-0.051,0.498,0.341,0.504,0.34,0.659,64.0,P,RP,16.8,5.346,5.190599999999999,0.950198139113228,0.2867956216893277,0.8101749475001078,0.43494473321125776,0.033,2.2503,,2.25,+5/save (role-dependent),+3/hold (role-dependent)
672582,"Zerpa, Angel",1120,5.205,1.496,-0.048,0.476,0.285,0.52,0.314,0.715,79.3,P,RP,16.0,5.103,5.1744,0.9144154943909619,0.2562983454957557,0.8482120754784355,0.4136634867328585,0.033,2.2496,,2.25,+5/save (role-dependent),+3/hold (role-dependent)
592426,"Jackson, Luke",827,5.257,1.455,-0.046,0.482,0.348,0.497,0.335,0.652,85.7,P,RP,15.036363636363637,5.008,5.1823,0.9491336092492123,0.3013857484711385,0.8011848670742403,0.4319842761763981,0.033,2.2496,,2.25,+5/save (role-dependent),+3/hold (role-dependent)
806188,"Gibson, Cade",908,5.124,1.496,-0.051,0.446,0.347,0.482,0.316,0.653,64.1,P,RP,20.636363636363637,5.263,5.165699999999999,0.9397470979283635,0.33255417200337134,0.7905882473432726,0.41747230516117567,0.033,2.2487,,2.25,+5/save (role-dependent),+3/hold (role-dependent)
669456,"Bieber, Shane",955,5.187,1.452,-0.049,0.474,0.369,0.472,0.33,0.631,76.1,P,SP,79.58333333333333,5.178,5.1843,0.9603666536736922,0.350927844192063,0.7756726720286713,0.4267747553455283,0.033,2.2472,12.36,,,
666157,"Lodolo, Nick",2562,5.157,1.402,-0.05,0.477,0.321,0.5,0.325,0.679,71.0,P,SP,82.64516129032258,5.244,5.1831,0.9364992412599582,0.2953563771675678,0.8194366006707835,0.4222639727813805,0.033,2.2442,12.34,,,
690928,"Dobbins, Hunter",931,5.128,1.36,-0.051,0.489,0.346,0.497,0.332,0.654,65.2,P,SP,71.61538461538461,5.281,5.1739,0.9436609778197795,0.30206679314739115,0.8028160813362619,0.43095477847804115,0.033,2.2439,12.34,,,
669684,"Murphy, Chris",569,5.25,1.426,-0.047,0.44,0.352,0.448,0.327,0.648,85.2,P,RP,24.73913043478261,5.184,5.2302,0.9767579917331352,0.39492250074348534,0.7783106470501782,0.4138885426837394,0.033,2.2427,,2.24,+5/save (role-dependent),+3/hold (role-dependent)
656686,"Martin, Corbin",332,5.231,1.512,-0.047,0.464,0.4,0.477,0.329,0.6,82.1,P,RP,19.529411764705884,4.911,5.135,0.9489254963701641,0.34498407798463404,0.7566806342366952,0.4365851298843743,0.033,2.2411,,2.24,+5/save (role-dependent),+3/hold (role-dependent)
621383,"Banks, Tanner",1136,5.096,1.552,-0.052,0.503,0.337,0.522,0.33,0.663,59.5,P,RP,15.561643835616438,5.239,5.1389,0.9205357934596842,0.25520023008317305,0.819022751428264,0.4366881045046411,0.033,2.2399,,2.24,+5/save (role-dependent),+3/hold (role-dependent)
670036,"Festa, Matt",832,5.129,1.457,-0.051,0.489,0.321,0.537,0.335,0.679,65.5,P,RP,13.0,5.18,5.144299999999999,0.9156905646859315,0.2249398661192772,0.8376832392403499,0.44028179309371707,0.033,2.2395,,2.24,+5/save (role-dependent),+3/hold (role-dependent)
572955,"Johnson, Pierce",968,5.168,1.481,-0.05,0.47,0.337,0.514,0.337,0.663,73.1,P,RP,14.892307692307693,5.159,5.1653,0.9346942744275791,0.26896516370669454,0.8181089904269867,0.43760544698402387,0.033,2.2394,,2.24,+5/save (role-dependent),+3/hold (role-dependent)
680735,"Cox, Austin",427,5.123,1.337,-0.051,0.501,0.371,0.491,0.333,0.629,63.9,P,RP,32.84615384615385,5.22,5.1521,0.9440652575540147,0.31576328604742576,0.7844161434425072,0.4366694948029157,0.033,2.2375,,2.24,+5/save (role-dependent),+3/hold (role-dependent)
650633,"King, Michael",1238,5.195,1.357,-0.049,0.45,0.323,0.481,0.324,0.677,77.5,P,SP,77.375,5.219,5.2021999999999995,0.9477103479301662,0.3315830407001704,0.8117384054872808,0.41713881686905224,0.033,2.2371,12.3,,,
669923,"Kirby, George",2385,5.233,1.52,-0.047,0.466,0.33,0.467,0.326,0.67,82.4,P,SP,88.33333333333333,5.184,5.218299999999999,0.9597316868395066,0.3581120846312379,0.8023456323200308,0.41553241373027683,0.033,2.2352,12.29,,,
690925,"Beeter, Clayton",465,5.249,1.482,-0.047,0.454,0.369,0.458,0.331,0.631,85.0,P,RP,17.884615384615383,5.076,5.1971,0.9672313717187319,0.3777244413888009,0.7732350265981085,0.42493436416147573,0.033,2.2334,,2.23,+5/save (role-dependent),+3/hold (role-dependent)
686642,"Ellard, Fraser",373,5.084,1.61,-0.053,0.454,0.354,0.457,0.334,0.646,56.3,P,RP,18.65,5.541,5.2211,0.9728452664603651,0.3777667694252618,0.7844840457932782,0.4225575128095651,0.033,2.2325,,2.23,+5/save (role-dependent),+3/hold (role-dependent)
676508,"Casparius, Ben",1279,5.221,1.408,-0.048,0.487,0.353,0.494,0.326,0.647,80.5,P,RP,27.804347826086957,4.981,5.148999999999999,0.9336937667411018,0.31005011405782945,0.7972346760347576,0.4306644643189662,0.033,2.2321,,2.23,+5/save (role-dependent),+3/hold (role-dependent)
681676,"Fernandez, Ryan",544,5.064,1.46,-0.053,0.481,0.389,0.466,0.332,0.611,52.5,P,RP,16.484848484848484,5.395,5.1633,0.9587808277548036,0.3645594756943592,0.7628622529355937,0.4332693489865564,0.033,2.2318,,2.23,+5/save (role-dependent),+3/hold (role-dependent)
677960,"Weathers, Ryan",642,5.184,1.529,-0.049,0.513,0.345,0.524,0.347,0.655,75.4,P,SP,80.25,5.087,5.1549,0.9329873318654859,0.24992666219118465,0.8211612522310547,0.4494219651792065,0.033,2.2301,12.27,,,
605400,"Nola, Aaron",1670,5.245,1.373,-0.047,0.474,0.305,0.481,0.329,0.695,83.7,P,SP,87.89473684210526,5.184,5.2267,0.9521409054018709,0.3295966603944339,0.8275024932861237,0.4165619114286336,0.033,2.2289,12.26,,,
676760,"Marinaccio, Ron",222,5.148,1.457,-0.05,0.474,0.315,0.49,0.331,0.685,69.4,P,RP,24.666666666666668,5.338,5.205,0.9453413641530171,0.31346249609058896,0.8247924574277552,0.4232093540655068,0.033,2.2277,,2.23,+5/save (role-dependent),+3/hold (role-dependent)
643338,"Green, Chad",719,5.197,1.308,-0.048,0.509,0.374,0.491,0.332,0.626,78.2,P,RP,15.630434782608695,5.004,5.139099999999999,0.9385447686080839,0.31681728376067375,0.7839284428959363,0.43855355712863847,0.033,2.2277,,2.23,+5/save (role-dependent),+3/hold (role-dependent)
663969,"Phillips, Tyler",1131,5.087,1.574,-0.052,0.481,0.382,0.47,0.316,0.618,57.6,P,RP,20.563636363636363,5.22,5.126899999999999,0.9358724750709075,0.35955798941701056,0.7657776888821131,0.42594450664517497,0.033,2.2256,,2.23,+5/save (role-dependent),+3/hold (role-dependent)
670912,"Oviedo, Johan",665,5.185,1.422,-0.049,0.439,0.36,0.489,0.334,0.64,75.8,P,SP,73.88888888888889,5.102,5.160099999999999,0.943033575164099,0.319091012007264,0.794118722113812,0.4358772110189455,0.033,2.2251,12.24,,,
664747,"Díaz, Alexis",381,5.198,1.41,-0.048,0.467,0.369,0.466,0.339,0.631,78.4,P,RP,20.05263157894737,5.185,5.1941,0.9656224534269257,0.36206231188143334,0.7806671604500411,0.43322592634919715,0.033,2.2234,,2.22,+5/save (role-dependent),+3/hold (role-dependent)
607192,"Glasnow, Tyler",1895,5.137,1.524,-0.051,0.458,0.385,0.492,0.33,0.615,67.2,P,SP,75.8,5.072,5.1175,0.9322826880751451,0.31658037153099805,0.7768679369591525,0.4413609166633418,0.033,2.2231,12.23,,,
693645,"Schlittler, Cam",1505,5.152,1.397,-0.05,0.515,0.3,0.516,0.337,0.7,70.3,P,SP,88.52941176470588,5.281,5.1907,0.9304147353692582,0.26292947439128067,0.8483280080981883,0.4320592119919214,0.033,2.222,12.22,,,
650911,"Sánchez, Cristopher",3085,5.05,1.541,-0.054,0.488,0.323,0.518,0.316,0.677,50.5,P,SP,90.73529411764706,5.267,5.1151,0.9009980868580606,0.26508253654033176,0.8273298967435936,0.42852110400371063,0.033,2.2185,12.2,,,
686993,"Sterner, Justin",1104,5.243,1.343,-0.047,0.499,0.382,0.455,0.333,0.618,83.2,P,RP,18.4,5.03,5.1791,0.9638676533483352,0.38514833274374616,0.766603061655811,0.4307738906774523,0.033,2.2176,,2.22,+5/save (role-dependent),+3/hold (role-dependent)
678906,"Teng, Kai-Wei",573,5.152,1.54,-0.05,0.427,0.368,0.47,0.321,0.632,70.5,P,SP,71.625,5.125,5.1438999999999995,0.9382160572378477,0.3581796847150708,0.7794896789180619,0.42700526901738517,0.033,2.2135,12.17,,,
676477,"Whitlock, Garrett",1227,5.197,1.558,-0.048,0.498,0.349,0.499,0.326,0.651,77.9,P,RP,19.476190476190474,4.978,5.1312999999999995,0.922265828394695,0.3015443226397361,0.8057262338723219,0.43452936035677003,0.033,2.2129,,2.21,+5/save (role-dependent),+3/hold (role-dependent)
643377,"Jax, Griffin",1124,5.302,1.481,-0.045,0.52,0.388,0.472,0.316,0.612,90.0,P,RP,14.986666666666666,4.653,5.1072999999999995,0.9282638562015672,0.3571707537243781,0.7648332522228309,0.43022427852884454,0.033,2.2128,,2.21,+5/save (role-dependent),+3/hold (role-dependent)
663671,"Enright, Nic",532,5.149,1.328,-0.05,0.476,0.339,0.47,0.334,0.661,69.5,P,RP,19.703703703703702,5.324,5.201499999999999,0.9550762153610817,0.3535096640779106,0.8043747787558637,0.4268372846932349,0.033,2.2105,,2.21,+5/save (role-dependent),+3/hold (role-dependent)
701656,"Henderson, Logan",410,5.243,1.194,-0.047,0.534,0.293,0.498,0.335,0.707,83.4,P,SP,82.0,5.142,5.2127,0.9388266587658558,0.296932845388471,0.8479849309144487,0.42534626264254305,0.033,2.2102,12.16,,,
663455,"Pilkington, Konnor",529,5.101,1.463,-0.052,0.43,0.369,0.468,0.338,0.631,60.4,P,RP,16.03030303030303,5.349,5.1754,0.9555935294080006,0.3596021071163452,0.784612457247293,0.43635461621251764,0.033,2.2057,,2.21,+5/save (role-dependent),+3/hold (role-dependent)
664208,"Maton, Phil",1027,5.167,1.451,-0.05,0.497,0.344,0.51,0.324,0.656,72.8,P,RP,16.046875,4.975,5.1094,0.9081015743335715,0.28145003374810384,0.8146168031245165,0.4374022266039784,0.033,2.2042,,2.2,+5/save (role-dependent),+3/hold (role-dependent)
656427,"Flaherty, Jack",3103,5.167,1.454,-0.05,0.461,0.365,0.473,0.338,0.635,72.9,P,SP,88.65714285714286,5.178,5.170299999999999,0.9509230478871786,0.3500747486838732,0.7898842850475226,0.43746823032510546,0.033,2.203,12.12,,,
605463,"Scott, Tayler",550,5.286,1.438,-0.045,0.466,0.365,0.43,0.329,0.635,88.3,P,RP,22.0,5.054,5.216399999999999,0.975646758971267,0.43182841928946636,0.7706054387621026,0.418810975224644,0.033,2.2026,,2.2,+5/save (role-dependent),+3/hold (role-dependent)
554431,"Matzek, Tyler",127,5.231,1.454,-0.047,0.499,0.301,0.498,0.35,0.699,82.0,P,RP,18.142857142857142,5.224,5.228899999999999,0.951385458391111,0.29561940208426973,0.8484059420257275,0.43612732840977103,0.033,2.2021,,2.2,+5/save (role-dependent),+3/hold (role-dependent)
669276,"Lee, Dylan",1102,5.158,1.391,-0.05,0.528,0.383,0.51,0.335,0.617,71.3,P,RP,14.891891891891891,4.919,5.0863,0.9145822776279855,0.28332290660779846,0.7909908608460625,0.45294642417804587,0.033,2.2014,,2.2,+5/save (role-dependent),+3/hold (role-dependent)
623437,"Topa, Justin",1000,5.106,1.432,-0.052,0.471,0.296,0.528,0.313,0.704,61.4,P,RP,17.857142857142858,5.121,5.1105,0.8854676659435554,0.24557378989121892,0.8527938546711813,0.42666185461362177,0.033,2.2008,,2.2,+5/save (role-dependent),+3/hold (role-dependent)
608371,"Sims, Lucas",279,5.271,1.533,-0.046,0.412,0.422,0.431,0.324,0.578,87.1,P,RP,15.5,4.829,5.1384,0.961393199437008,0.43616423560034345,0.7298185404748257,0.43106991106181397,0.033,2.2003,,2.2,+5/save (role-dependent),+3/hold (role-dependent)
681867,"Criswell, Cooper",299,5.131,1.375,-0.051,0.495,0.325,0.476,0.317,0.675,65.9,P,RP,37.375,5.242,5.1643,0.9283520070560571,0.3445966992610783,0.8136065071142018,0.4187325650356999,0.033,2.1997,,2.2,+5/save (role-dependent),+3/hold (role-dependent)
678020,"Halvorsen, Seth",654,5.099,1.437,-0.052,0.492,0.353,0.479,0.325,0.647,59.9,P,RP,14.863636363636363,5.252,5.1449,0.9314949117423004,0.3402050782504006,0.7974491745347796,0.4306051608403695,0.033,2.1996,,2.2,+5/save (role-dependent),+3/hold (role-dependent)
547184,"Kelly, Michael",657,5.064,1.454,-0.053,0.448,0.34,0.518,0.333,0.66,52.6,P,RP,15.642857142857142,5.239,5.1165,0.9099740271994288,0.26496902909428965,0.8242698374342421,0.4444429580201932,0.033,2.1988,,2.2,+5/save (role-dependent),+3/hold (role-dependent)
642100,"Speier, Gabe",1034,5.232,1.42,-0.047,0.521,0.299,0.521,0.335,0.701,82.3,P,RP,12.16470588235294,4.994,5.1606,0.9137880917352814,0.2554290346381316,0.8553453534784519,0.4367225950476039,0.033,2.1966,,2.2,+5/save (role-dependent),+3/hold (role-dependent)
656731,"Megill, Tylor",1322,5.211,1.511,-0.048,0.483,0.359,0.469,0.33,0.641,79.8,P,SP,88.13333333333334,5.041,5.16,0.9424961144481848,0.3588625190541974,0.7918036607301355,0.4320807990584456,0.033,2.1947,12.07,,,
663554,"Mize, Casey",2516,5.106,1.441,-0.052,0.503,0.332,0.513,0.337,0.668,61.7,P,SP,81.16129032258064,5.207,5.136299999999999,0.9167222470758467,0.2733045593433201,0.8304802348673297,0.4439377625261885,0.033,2.1921,12.06,,,
695549,"Jobe, Jackson",945,5.163,1.482,-0.05,0.491,0.35,0.471,0.325,0.65,72.4,P,SP,85.9090909090909,5.134,5.1543,0.9350846987380637,0.35534831657586163,0.7980236065163994,0.42855261718187465,0.033,2.1916,12.05,,,
641401,"Brogdon, Connor",840,5.068,1.344,-0.053,0.502,0.35,0.48,0.337,0.65,53.8,P,RP,19.53488372093023,5.392,5.1652,0.9409304351982923,0.33657105031417933,0.8052365816931113,0.4376272825548591,0.033,2.1909,,2.19,+5/save (role-dependent),+3/hold (role-dependent)
668941,"Romero, JoJo",1007,5.083,1.52,-0.053,0.465,0.331,0.498,0.312,0.669,56.0,P,RP,15.257575757575758,5.16,5.1061,0.9000419728321439,0.3055756266371046,0.818359730707076,0.42666805784753026,0.033,2.1898,,2.19,+5/save (role-dependent),+3/hold (role-dependent)
660825,"Bazardo, Eduard",1407,5.093,1.513,-0.052,0.46,0.268,0.553,0.337,0.732,58.5,P,RP,16.951807228915662,5.269,5.1457999999999995,0.8908520282038845,0.19300753150074468,0.8915503204328072,0.44186338329685887,0.033,2.1896,,2.19,+5/save (role-dependent),+3/hold (role-dependent)
596133,"Weaver, Luke",1091,5.258,1.363,-0.046,0.476,0.349,0.482,0.337,0.651,85.9,P,RP,16.044117647058822,4.939,5.1623,0.9388913174100257,0.3328298329437591,0.8069697816043329,0.43826051410907546,0.033,2.1896,,2.19,+5/save (role-dependent),+3/hold (role-dependent)
682274,"Hiraldo, Yaramil",314,5.124,1.283,-0.051,0.492,0.391,0.448,0.323,0.609,64.3,P,RP,17.444444444444443,5.166,5.1366,0.9454291151701041,0.40251128427887095,0.760201989441583,0.4305083894540112,0.033,2.1887,,2.19,+5/save (role-dependent),+3/hold (role-dependent)
696147,"Bachman, Sam",334,5.188,1.507,-0.049,0.436,0.36,0.5,0.319,0.64,76.2,P,RP,14.521739130434783,4.842,5.084199999999999,0.902327942381403,0.3033748674629697,0.801015891085386,0.4381319810402424,0.033,2.1887,,2.19,+5/save (role-dependent),+3/hold (role-dependent)
573124,"Rogers, Taylor",923,5.152,1.63,-0.05,0.43,0.259,0.543,0.315,0.741,70.2,P,RP,15.64406779661017,5.058,5.123799999999999,0.8746988231082832,0.21467291962465707,0.8877712181802675,0.42566684745822764,0.033,2.1879,,2.19,+5/save (role-dependent),+3/hold (role-dependent)
601713,"Pivetta, Nick",3011,5.241,1.273,-0.047,0.493,0.295,0.518,0.332,0.705,83.1,P,SP,91.24242424242425,4.958,5.1560999999999995,0.9094393938728212,0.2617583899062419,0.8579642865024288,0.43484151008668,0.033,2.187,12.03,,,
695534,"Petty, Chase",169,5.125,1.45,-0.051,0.437,0.383,0.418,0.31,0.617,64.7,P,SP,56.333333333333336,5.243,5.1604,0.954322559435598,0.4602267567544799,0.7512259959979377,0.4129022191184307,0.033,2.1841,12.01,,,
671305,"Otañez, Michel",121,5.135,1.484,-0.051,0.391,0.464,0.355,0.31,0.536,67.0,P,RP,20.166666666666668,5.231,5.163799999999999,0.9953362387675182,0.5852058038365731,0.6699929542717726,0.4121598097100393,0.033,2.1828,,2.18,+5/save (role-dependent),+3/hold (role-dependent)
667297,"Nance, Tommy",509,5.15,1.488,-0.05,0.456,0.344,0.524,0.321,0.656,69.8,P,RP,15.424242424242424,4.861,5.0633,0.8833778632494832,0.25735329223222414,0.8238973522167997,0.44460473911043513,0.033,2.1799,,2.18,+5/save (role-dependent),+3/hold (role-dependent)
656986,"Sousa, Bennett",728,5.177,1.487,-0.049,0.49,0.355,0.5,0.345,0.645,74.6,P,RP,16.545454545454547,5.04,5.1358999999999995,0.9276358170792572,0.29918319963412965,0.8144285084907832,0.45166159987219856,0.033,2.1777,,2.18,+5/save (role-dependent),+3/hold (role-dependent)
673540,"Senga, Kodai",1901,5.113,1.533,-0.051,0.46,0.398,0.454,0.333,0.602,62.5,P,SP,86.4090909090909,5.172,5.1307,0.9456517199395332,0.3910606172755262,0.7630964985952629,0.44134230696161625,0.033,2.1758,11.97,,,
625643,"López, Reynaldo",166,5.063,1.446,-0.053,0.457,0.367,0.518,0.345,0.633,52.2,P,SP,83.0,5.164,5.093299999999999,0.9105951386098623,0.2668500096287014,0.8134084512140398,0.4609635530479298,0.033,2.1754,11.96,,,
606160,"Montero, Rafael",1098,5.264,1.388,-0.046,0.515,0.37,0.43,0.323,0.63,86.5,P,RP,18.3,4.975,5.1773,0.9570963410989989,0.4349985201039277,0.7706369199745977,0.42162131212414594,0.033,2.1752,,2.18,+5/save (role-dependent),+3/hold (role-dependent)
671737,"Bradley, Taj",2373,5.056,1.414,-0.054,0.485,0.328,0.494,0.335,0.672,51.5,P,SP,84.75,5.378,5.1526,0.9235287160365764,0.3097582377680069,0.8286172494211654,0.43846944071440785,0.033,2.1752,11.96,,,
694738,"Roupp, Landen",1851,5.18,1.468,-0.049,0.434,0.324,0.482,0.313,0.676,75.3,P,SP,84.13636363636364,5.01,5.129,0.9089365717162832,0.3355296886246175,0.8202862471046681,0.4226222740091376,0.033,2.1749,11.96,,,
688107,"Gasser, Robert",162,5.154,1.353,-0.05,0.429,0.327,0.492,0.325,0.673,70.6,P,RP,40.5,5.09,5.134799999999999,0.9134986373990049,0.3151777438049066,0.8258259935409872,0.43281055349470965,0.033,2.1739,,2.17,+5/save (role-dependent),+3/hold (role-dependent)
681293,"Arrighetti, Spencer",618,5.132,1.447,-0.051,0.465,0.348,0.493,0.334,0.652,66.5,P,SP,88.28571428571429,5.119,5.1281,0.9200658187772476,0.31373278804235416,0.8142016254846185,0.44286459368616127,0.033,2.1734,11.95,,,
622786,"Tinoco, Jesus",330,5.087,1.405,-0.052,0.488,0.35,0.478,0.31,0.65,57.1,P,RP,15.714285714285714,5.12,5.0969,0.9043007287548388,0.3460849320833116,0.8001933940839496,0.4267678065986874,0.033,2.1715,,2.17,+5/save (role-dependent),+3/hold (role-dependent)
655889,"Rodríguez, Manuel",438,5.048,1.439,-0.054,0.501,0.341,0.492,0.313,0.659,49.7,P,RP,13.6875,5.191,5.0908999999999995,0.8967284212155368,0.3187370130057976,0.8131555315712891,0.43094162649729156,0.033,2.17,,2.17,+5/save (role-dependent),+3/hold (role-dependent)
680885,"Schwellenbach, Spencer",1573,5.163,1.468,-0.05,0.539,0.334,0.535,0.338,0.666,72.1,P,SP,92.52941176470588,4.904,5.0853,0.890338296327518,0.2336997341397009,0.8423613650586504,0.45602846553489745,0.033,2.1692,11.93,,,
666974,"Cano, Yennier",994,5.012,1.553,-0.055,0.49,0.351,0.485,0.303,0.649,45.1,P,RP,15.06060606060606,5.2,5.0684,0.8894998350888675,0.3344784295974641,0.8006516258237415,0.4263090111068404,0.033,2.1688,,2.17,+5/save (role-dependent),+3/hold (role-dependent)
676979,"Crochet, Garrett",3266,5.146,1.474,-0.05,0.528,0.319,0.505,0.338,0.681,68.8,P,SP,98.96969696969697,5.147,5.1463,0.915795516668094,0.28839915162047736,0.8416560471474889,0.44270876732551706,0.033,2.1673,11.92,,,
641755,"Kinley, Tyler",1235,5.081,1.591,-0.053,0.508,0.397,0.477,0.324,0.603,55.9,P,RP,16.466666666666665,5.047,5.0708,0.9130431546069488,0.3501892051531357,0.7718964210186243,0.4458307569463074,0.033,2.1663,,2.17,+5/save (role-dependent),+3/hold (role-dependent)
453286,"Scherzer, Max",1672,5.108,1.377,-0.052,0.506,0.316,0.516,0.341,0.684,62.0,P,SP,79.61904761904762,5.206,5.1373999999999995,0.9095709020838386,0.26725086501559736,0.8494063280054273,0.4475158187783378,0.033,2.1649,11.91,,,
656557,"Houck, Tanner",749,5.119,1.491,-0.051,0.434,0.319,0.475,0.314,0.681,63.5,P,SP,83.22222222222223,5.188,5.1396999999999995,0.9122558964261203,0.348579357210143,0.8233459780188674,0.42124042981262105,0.033,2.1648,11.91,,,
683232,"Mears, Nick",882,5.18,1.476,-0.049,0.546,0.341,0.534,0.344,0.659,75.0,P,RP,13.363636363636363,4.871,5.087299999999999,0.8947977192653688,0.23552575061396608,0.8399043888547022,0.461319125415199,0.033,2.1637,,2.16,+5/save (role-dependent),+3/hold (role-dependent)
689520,"Laweryson, Cody",107,5.049,1.293,-0.054,0.544,0.243,0.565,0.35,0.757,50.1,P,RP,17.833333333333332,5.424,5.1615,0.8871762812763104,0.1678765869468002,0.9231736965778993,0.4508445031525942,0.033,2.1614,,2.16,+5/save (role-dependent),+3/hold (role-dependent)
605513,"Turnbull, Spencer",125,5.126,1.614,-0.051,0.483,0.378,0.468,0.318,0.622,65.0,P,RP,41.666666666666664,5.002,5.0888,0.9135038923402186,0.3666233534215203,0.7811485258361238,0.4361729828989962,0.033,2.1604,,2.16,+5/save (role-dependent),+3/hold (role-dependent)
571927,"Matz, Steven",1196,5.026,1.583,-0.055,0.482,0.26,0.548,0.33,0.74,47.1,P,RP,21.745454545454546,5.357,5.125299999999999,0.875987112360374,0.2046104546608436,0.8988936375423928,0.4396577421382079,0.033,2.1602,,2.16,+5/save (role-dependent),+3/hold (role-dependent)
701542,"Warren, Will",2963,5.131,1.477,-0.051,0.438,0.325,0.481,0.331,0.675,66.1,P,SP,84.65714285714286,5.213,5.1556,0.9236861440098194,0.3353612171184285,0.8274943341034022,0.43399612605802157,0.033,2.1598,11.88,,,
678226,"Hernández, Daysbel",717,5.227,1.405,-0.047,0.485,0.407,0.445,0.321,0.593,80.9,P,RP,18.384615384615383,4.793,5.0968,0.9318254141978128,0.41170264872218565,0.7528314499979658,0.43728982288069346,0.033,2.1597,,2.16,+5/save (role-dependent),+3/hold (role-dependent)
678022,"Perkins, Jack",637,5.184,1.38,-0.049,0.476,0.367,0.461,0.327,0.633,75.5,P,SP,53.083333333333336,5.004,5.13,0.930277572379625,0.3772001812182716,0.7890329028552713,0.4357677846604592,0.033,2.1595,11.88,,,
640455,"Manaea, Sean",1095,4.972,1.474,-0.057,0.523,0.284,0.542,0.348,0.716,39.3,P,SP,73.0,5.546,5.1442,0.8977352201472587,0.21500712395094013,0.8852498658511039,0.4527129331413905,0.033,2.1591,11.88,,,
660730,"Rodríguez, Elvin",335,5.166,1.248,-0.05,0.476,0.354,0.489,0.337,0.646,72.7,P,RP,47.857142857142854,5.021,5.1225000000000005,0.9199654852696695,0.3221394977009656,0.8121792853043595,0.44695107130142514,0.033,2.1587,,2.16,+5/save (role-dependent),+3/hold (role-dependent)
670955,"Uceta, Edwin",1216,5.176,1.319,-0.049,0.493,0.337,0.479,0.328,0.663,74.3,P,RP,17.12676056338028,5.042,5.1358,0.9188732445581514,0.34094287664967415,0.8181485243655777,0.4354558834348602,0.033,2.1559,,2.16,+5/save (role-dependent),+3/hold (role-dependent)
665625,"Peguero, Elvis",204,5.052,1.602,-0.054,0.46,0.397,0.41,0.299,0.603,51.0,P,RP,22.666666666666668,5.252,5.111999999999999,0.9351389658144196,0.48005623106653583,0.7405386290457638,0.41297045469142385,0.033,2.1556,,2.16,+5/save (role-dependent),+3/hold (role-dependent)
702056,"Yesavage, Trey",679,5.126,1.419,-0.051,0.492,0.37,0.466,0.327,0.63,64.8,P,SP,75.44444444444444,5.079,5.1119,0.9220219223376246,0.36872682049904737,0.7906816178041922,0.43972002298160306,0.033,2.1502,11.83,,,
680767,"Vodnik, Victor",944,5.158,1.424,-0.05,0.483,0.38,0.456,0.321,0.62,71.4,P,RP,17.48148148148148,4.974,5.1028,0.9219798379143563,0.38934631858442903,0.7780863204463974,0.4359796886305903,0.033,2.1496,,2.15,+5/save (role-dependent),+3/hold (role-dependent)
663574,"Santillan, Tony",1268,5.156,1.446,-0.05,0.498,0.352,0.499,0.346,0.648,70.7,P,RP,15.463414634146341,5.039,5.120899999999999,0.918139735301663,0.3023875208103344,0.8220711646758772,0.4558914973802898,0.033,2.1489,,2.15,+5/save (role-dependent),+3/hold (role-dependent)
804636,"Tong, Jonah",371,5.185,1.563,-0.049,0.473,0.363,0.515,0.34,0.637,75.7,P,SP,74.2,4.806,5.071299999999999,0.8968610840451997,0.27459820797233836,0.8188328486465706,0.460994569217472,0.033,2.1484,11.82,,,
681517,"Leahy, Kyle",1368,5.17,1.474,-0.049,0.496,0.362,0.515,0.334,0.638,73.4,P,RP,21.714285714285715,4.802,5.0596,0.890102472600968,0.2755468059142614,0.8178156003047592,0.4578219597081705,0.033,2.1481,,2.15,+5/save (role-dependent),+3/hold (role-dependent)
670167,"Schreiber, John",1067,5.149,1.367,-0.05,0.482,0.32,0.516,0.333,0.68,69.6,P,RP,14.039473684210526,4.996,5.1030999999999995,0.8931109233722726,0.2700317974436286,0.8475370134630278,0.4473689245120902,0.033,2.1478,,2.15,+5/save (role-dependent),+3/hold (role-dependent)
519242,"Sale, Chris",2031,5.174,1.464,-0.049,0.485,0.318,0.506,0.34,0.682,74.2,P,SP,96.71428571428571,5.032,5.1314,0.9073207257126021,0.287619025184743,0.8481220394835999,0.447871391145607,0.033,2.1428,11.79,,,
595014,"Treinen, Blake",617,5.087,1.467,-0.052,0.48,0.338,0.481,0.313,0.662,57.3,P,RP,14.69047619047619,5.095,5.0893999999999995,0.8944724717510705,0.340728497781276,0.8165152855693338,0.43126916005981725,0.033,2.1417,,2.14,+5/save (role-dependent),+3/hold (role-dependent)
668678,"Gallen, Zac",3207,5.14,1.383,-0.051,0.483,0.335,0.469,0.334,0.665,67.6,P,SP,94.32352941176471,5.187,5.1541,0.9277199859257936,0.35934087186251773,0.820455700252861,0.43718734526904846,0.033,2.1405,11.77,,,
687330,"Kelly, Kevin",602,5.099,1.473,-0.052,0.436,0.278,0.544,0.322,0.722,59.8,P,RP,14.333333333333334,5.031,5.0786,0.859650559529304,0.21634941862826218,0.886302833130094,0.4422184586555063,0.033,2.1396,,2.14,+5/save (role-dependent),+3/hold (role-dependent)
669387,"Mlodzinski, Carmen",1647,5.113,1.444,-0.052,0.475,0.324,0.501,0.326,0.676,62.4,P,RP,48.44117647058823,5.069,5.0998,0.8932764336760368,0.3001219002384612,0.8385793323250254,0.4414075651698105,0.033,2.1388,,2.14,+5/save (role-dependent),+3/hold (role-dependent)
664285,"Valdez, Framber",2977,4.984,1.663,-0.056,0.476,0.325,0.503,0.325,0.675,40.5,P,SP,93.03125,5.347,5.0929,0.8900597517110704,0.2967049898567329,0.8385171754545251,0.4419596576745951,0.033,2.1379,11.76,,,
621121,"McCullers Jr., Lance",1147,5.134,1.573,-0.051,0.433,0.355,0.487,0.316,0.645,66.9,P,SP,71.6875,4.902,5.0644,0.889289931124544,0.3308263966489341,0.80853664723193,0.4395917384170808,0.033,2.1377,11.76,,,
692285,"Guerrero, Luis",288,5.131,1.463,-0.051,0.445,0.408,0.438,0.329,0.592,66.3,P,RP,22.153846153846153,5.047,5.1057999999999995,0.9371359991794188,0.424890147777905,0.7562050233561575,0.44296111656820897,0.033,2.1371,,2.14,+5/save (role-dependent),+3/hold (role-dependent)
642239,"Zastryzny, Rob",368,5.055,1.301,-0.054,0.485,0.359,0.514,0.33,0.641,51.2,P,RP,13.62962962962963,5.029,5.047199999999999,0.8820007866762726,0.27854032754781644,0.8206279105881835,0.4567113229603818,0.033,2.1364,,2.14,+5/save (role-dependent),+3/hold (role-dependent)
641482,"Cortes, Nestor",674,5.01,1.441,-0.055,0.458,0.316,0.506,0.34,0.684,44.6,P,SP,74.88888888888889,5.396,5.1258,0.9033497513555216,0.28807305496891145,0.8515373324800537,0.44909418311236987,0.033,2.1326,11.73,,,
679358,"Orze, Eric",681,4.971,1.473,-0.057,0.524,0.328,0.516,0.331,0.672,39.1,P,RP,20.636363636363637,5.328,5.0781,0.8835739117900565,0.2720587161229515,0.8443217763711885,0.4509186934551849,0.033,2.1324,,2.13,+5/save (role-dependent),+3/hold (role-dependent)
622663,"Severino, Luis",2731,5.087,1.434,-0.052,0.501,0.308,0.504,0.329,0.692,57.4,P,SP,94.17241379310344,5.176,5.1137,0.8929898067290685,0.2930304235469252,0.8534013971670369,0.4412361064722398,0.033,2.1311,11.72,,,
665660,"Alvarado, Elvis",765,5.174,1.406,-0.049,0.458,0.356,0.462,0.321,0.644,73.9,P,RP,20.675675675675677,4.944,5.1049999999999995,0.9115477887798416,0.377238929928984,0.8013357677855047,0.4354993060722195,0.033,2.129,,2.13,+5/save (role-dependent),+3/hold (role-dependent)
680742,"Bowlan, Jonathan",727,5.12,1.492,-0.051,0.495,0.351,0.457,0.327,0.649,63.6,P,RP,21.38235294117647,5.149,5.128699999999999,0.9218390927541716,0.3852582608640396,0.805239512174197,0.43605164708131505,0.033,2.1262,,2.13,+5/save (role-dependent),+3/hold (role-dependent)
669062,"Miller, Erik",504,5.095,1.502,-0.052,0.429,0.361,0.415,0.315,0.639,58.9,P,RP,13.621621621621621,5.295,5.154999999999999,0.9407822441742162,0.46662908109504597,0.7785991580197018,0.4188541493576922,0.033,2.1248,,2.12,+5/save (role-dependent),+3/hold (role-dependent)
669358,"Baz, Shane",2718,5.137,1.459,-0.051,0.489,0.326,0.503,0.336,0.674,67.3,P,SP,87.6774193548387,5.025,5.1034,0.8961747958385795,0.2958536840114172,0.84400702191608,0.4501671034480861,0.033,2.123,11.68,,,
690953,"Abel, Mick",720,5.028,1.556,-0.055,0.522,0.314,0.505,0.335,0.686,47.4,P,SP,72.0,5.307,5.1117,0.8948201751716574,0.2912044070726605,0.8529587084172521,0.44740018918594315,0.033,2.1229,11.68,,,
684320,"Rodríguez, Yariel",1216,5.119,1.411,-0.051,0.45,0.372,0.448,0.321,0.628,63.2,P,RP,17.37142857142857,5.064,5.102499999999999,0.9179483052356736,0.40527600135746766,0.786100188160379,0.43604519534309577,0.033,2.1215,,2.12,+5/save (role-dependent),+3/hold (role-dependent)
694335,"Svanson, Matt",964,5.072,1.539,-0.053,0.476,0.324,0.517,0.317,0.676,54.4,P,RP,24.71794871794872,4.975,5.0428999999999995,0.8627606167414463,0.2729244476548276,0.8456205014241704,0.44524094802945036,0.033,2.1207,,2.12,+5/save (role-dependent),+3/hold (role-dependent)
676742,"Sanders, Cam",147,5.185,1.446,-0.049,0.448,0.332,0.463,0.329,0.668,76.0,P,RP,24.5,5.03,5.1385,0.9179021204898381,0.37253468893008024,0.8232525283193546,0.43582088490514764,0.033,2.1175,,2.12,+5/save (role-dependent),+3/hold (role-dependent)
687765,"Spence, Mitch",1385,5.065,1.533,-0.053,0.491,0.376,0.499,0.321,0.624,52.9,P,RP,41.96969696969697,4.905,5.017,0.8740294543439491,0.3108113948416009,0.8039797525333683,0.45471460840706307,0.033,2.1168,,2.12,+5/save (role-dependent),+3/hold (role-dependent)
689690,"Jacob, Alek",625,5.128,1.334,-0.051,0.475,0.31,0.503,0.331,0.69,65.1,P,RP,20.161290322580644,5.044,5.1028,0.8881117304812147,0.2959023300597208,0.8558688001802353,0.44552530745892754,0.033,2.1123,,2.11,+5/save (role-dependent),+3/hold (role-dependent)
681217,"Silseth, Chase",212,5.051,1.509,-0.054,0.49,0.364,0.438,0.323,0.636,50.7,P,RP,21.2,5.293,5.1236,0.9253937230385421,0.42344698167822714,0.7903120083590119,0.4333470136625675,0.033,2.1119,,2.11,+5/save (role-dependent),+3/hold (role-dependent)
669203,"Burnes, Corbin",1009,4.987,1.574,-0.056,0.473,0.361,0.462,0.318,0.639,41.2,P,SP,91.72727272727273,5.292,5.0785,0.8997548277331593,0.3793874637290664,0.800647093258949,0.4384220466950062,0.033,2.1099,11.6,,,
666168,"Thompson, Mason",239,5.077,1.441,-0.053,0.436,0.333,0.448,0.322,0.667,55.2,P,RP,17.071428571428573,5.28,5.1379,0.918064166937665,0.402405884507546,0.8165813578336185,0.4292699651503216,0.033,2.1075,,2.11,+5/save (role-dependent),+3/hold (role-dependent)
606930,"Barnes, Jacob",146,5.125,1.329,-0.051,0.413,0.432,0.409,0.317,0.568,64.6,P,RP,24.333333333333332,4.956,5.0743,0.9318542796639602,0.4851009944035656,0.7304444288313672,0.4383845787872447,0.033,2.1065,,2.11,+5/save (role-dependent),+3/hold (role-dependent)
690829,"Joyce, Ben",110,5.144,1.293,-0.05,0.517,0.307,0.5,0.332,0.693,68.4,P,RP,15.714285714285714,5.022,5.1074,0.8891272482100878,0.30149388692855794,0.8585029874183634,0.44547543308334897,0.033,2.1052,,2.11,+5/save (role-dependent),+3/hold (role-dependent)
455119,"Martin, Chris",651,4.882,1.584,-0.06,0.56,0.279,0.552,0.34,0.721,21.0,P,RP,13.02,5.522,5.074,0.8576673815880556,0.20081701191637102,0.9014835849831817,0.46040500880492546,0.033,2.1016,,2.1,+5/save (role-dependent),+3/hold (role-dependent)
696136,"Wicks, Jordan",217,5.052,1.397,-0.054,0.528,0.345,0.526,0.34,0.655,51.1,P,RP,27.125,5.007,5.038499999999999,0.8705613021434061,0.2553876556248911,0.8450730849275832,0.46815663645136835,0.033,2.1008,,2.1,+5/save (role-dependent),+3/hold (role-dependent)
679885,"Martinez, Justin",327,5.118,1.557,-0.051,0.442,0.353,0.435,0.307,0.647,62.9,P,RP,16.35,5.052,5.098199999999999,0.9064494169998512,0.43147084096225174,0.7943851726136105,0.42362025852933055,0.033,2.1004,,2.1,+5/save (role-dependent),+3/hold (role-dependent)
679775,"Backhus, Kyle",443,5.078,1.426,-0.053,0.428,0.27,0.55,0.323,0.73,55.4,P,RP,13.424242424242424,4.983,5.0495,0.8401734112492824,0.2067797321593292,0.9025092752193168,0.4495271716513392,0.033,2.0988,,2.1,+5/save (role-dependent),+3/hold (role-dependent)
689017,"Knack, Landon",743,5.064,1.393,-0.053,0.473,0.311,0.492,0.337,0.689,52.3,P,SP,82.55555555555556,5.247,5.1189,0.8972300887534288,0.31646686408495595,0.8557616983502787,0.44773715185148705,0.033,2.0965,11.53,,,
663462,"Campbell, Isaiah",109,5.048,1.408,-0.054,0.548,0.321,0.568,0.332,0.679,49.9,P,RP,18.166666666666668,4.827,4.9817,0.8284871932700373,0.17648967618265887,0.8767335144714856,0.4729227456230067,0.033,2.0964,,2.1,+5/save (role-dependent),+3/hold (role-dependent)
642520,"Garabito, Gerson",181,4.986,1.324,-0.056,0.47,0.305,0.538,0.337,0.695,40.9,P,RP,36.2,5.218,5.0556,0.8603789321591925,0.23014320362490448,0.8778899143821861,0.4615590681900735,0.033,2.0962,,2.1,+5/save (role-dependent),+3/hold (role-dependent)
656794,"Newcomb, Sean",1593,4.964,1.558,-0.057,0.456,0.271,0.523,0.335,0.729,38.2,P,RP,32.51020408163265,5.459,5.1125,0.8744445254833995,0.25535248623992723,0.8954167712914032,0.4472255046192628,0.033,2.0962,,2.1,+5/save (role-dependent),+3/hold (role-dependent)
689225,"Brieske, Beau",429,5.059,1.42,-0.053,0.446,0.343,0.472,0.333,0.657,51.8,P,RP,18.652173913043477,5.21,5.104299999999999,0.9048825831313128,0.35741398396589685,0.8244109010164746,0.44710689766206957,0.033,2.0958,,2.1,+5/save (role-dependent),+3/hold (role-dependent)
663687,"Harris, Hogan",1124,5.124,1.375,-0.051,0.495,0.285,0.529,0.347,0.715,64.4,P,RP,23.416666666666668,5.085,5.112299999999999,0.8811108857505738,0.24343968177769715,0.8915760622292848,0.45872391835493775,0.033,2.0956,,2.1,+5/save (role-dependent),+3/hold (role-dependent)
682171,"Murfee, Penn",251,5.131,1.419,-0.051,0.439,0.37,0.441,0.321,0.63,66.2,P,RP,15.6875,5.012,5.0953,0.9131192411229635,0.41977694371738816,0.7899243357647479,0.43761735644321914,0.033,2.0952,,2.1,+5/save (role-dependent),+3/hold (role-dependent)
641312,"Anderson, Shaun",216,4.899,1.478,-0.059,0.507,0.336,0.528,0.337,0.664,25.5,P,RP,30.857142857142858,5.352,5.0349,0.8642761292375498,0.2517031919774919,0.8524227919064802,0.46607903135292866,0.033,2.095,,2.1,+5/save (role-dependent),+3/hold (role-dependent)
663992,"Lovelady, Richard",243,5.086,1.416,-0.053,0.51,0.356,0.493,0.321,0.644,56.6,P,RP,22.09090909090909,4.905,5.0317,0.8722365518500443,0.32154858646982376,0.8200664195106367,0.45150477949431084,0.033,2.0946,,2.09,+5/save (role-dependent),+3/hold (role-dependent)
681857,"Olson, Reese",1243,5.095,1.53,-0.052,0.444,0.383,0.434,0.319,0.617,59.1,P,SP,88.78571428571429,5.054,5.082699999999999,0.912651575677818,0.4347157005120429,0.7785797207896903,0.4384595146027681,0.033,2.0894,11.49,,,
663795,"Hagenman, Justin",383,5.044,1.306,-0.054,0.516,0.341,0.498,0.323,0.659,49.0,P,RP,42.55555555555556,5.034,5.0409999999999995,0.8699667469618274,0.3108537228780617,0.8342385989832698,0.4513831951723187,0.033,2.0891,,2.09,+5/save (role-dependent),+3/hold (role-dependent)
666711,"Peguero, Joel",323,5.066,1.538,-0.053,0.471,0.346,0.512,0.316,0.654,53.3,P,RP,17.944444444444443,4.843,4.999099999999999,0.8499146720172062,0.28641645902405544,0.8341523843268561,0.45385036617236846,0.033,2.0886,,2.09,+5/save (role-dependent),+3/hold (role-dependent)
685326,"Brown, McCade",501,5.061,1.47,-0.053,0.454,0.335,0.48,0.338,0.665,51.9,P,SP,71.57142857142857,5.207,5.104799999999999,0.9012800953304452,0.3414680858434239,0.8363862985903051,0.4517705292220629,0.033,2.0869,11.48,,,
671212,"Boyle, Joe",934,5.037,1.468,-0.054,0.491,0.333,0.505,0.331,0.667,48.4,P,SP,71.84615384615384,5.091,5.0531999999999995,0.8726390404990039,0.29594739678227633,0.8457238215350018,0.45635575059311234,0.033,2.0853,11.47,,,
675911,"Strider, Spencer",2110,5.157,1.402,-0.05,0.47,0.398,0.445,0.337,0.602,70.9,P,SP,91.73913043478261,4.912,5.0835,0.9203380721484492,0.41278096945958553,0.7784904752598178,0.4554669439270947,0.033,2.0851,11.47,,,
641302,"Alexander, Tyler",1585,5.011,1.427,-0.055,0.495,0.303,0.516,0.333,0.697,44.9,P,RP,30.48076923076923,5.218,5.0731,0.8687966286490194,0.27246409985881614,0.8720696032458133,0.453919595762605,0.033,2.0834,,2.08,+5/save (role-dependent),+3/hold (role-dependent)
543101,"DeSclafani, Anthony",634,5.07,1.499,-0.053,0.463,0.356,0.476,0.323,0.644,54.1,P,RP,48.76923076923077,5.013,5.0529,0.8836062411121413,0.35362864889614176,0.8163154788212782,0.44878476224294755,0.033,2.0831,,2.08,+5/save (role-dependent),+3/hold (role-dependent)
657376,"Schmidt, Clarke",1226,5.012,1.544,-0.055,0.484,0.355,0.507,0.327,0.645,45.2,P,SP,87.57142857142857,5.022,5.015,0.8627964099194686,0.2950681885870603,0.8303251390116986,0.4608786911207664,0.033,2.0826,11.45,,,
502085,"Robertson, David",319,5.168,1.577,-0.05,0.462,0.346,0.477,0.331,0.654,73.2,P,RP,15.19047619047619,4.871,5.0789,0.8927118985792506,0.34953248350103494,0.8262586322484875,0.4507440088885046,0.033,2.0824,,2.08,+5/save (role-dependent),+3/hold (role-dependent)
680694,"Bradish, Kyle",494,5.064,1.533,-0.053,0.486,0.337,0.475,0.33,0.663,52.7,P,SP,82.33333333333333,5.149,5.0895,0.8940422722546096,0.3526494099182236,0.8316461374476571,0.4474748764971556,0.033,2.0818,11.45,,,
664991,"Wolfram, Grant",520,5.037,1.516,-0.054,0.488,0.317,0.497,0.325,0.683,48.5,P,RP,24.761904761904763,5.139,5.0676,0.8726205666006697,0.31068525137187264,0.8529193964171873,0.4474840570958628,0.033,2.081,,2.08,+5/save (role-dependent),+3/hold (role-dependent)
660853,"De Los Santos, Enyel",1105,4.951,1.396,-0.057,0.532,0.343,0.518,0.336,0.657,36.1,P,RP,17.0,5.212,5.029299999999999,0.8646596258361585,0.27203892144776853,0.8460755350608014,0.466347261436858,0.033,2.0809,,2.08,+5/save (role-dependent),+3/hold (role-dependent)
681168,"Curvelo, Luis",327,5.103,1.427,-0.052,0.459,0.305,0.511,0.327,0.695,60.7,P,RP,18.166666666666668,4.97,5.0630999999999995,0.8644012278887075,0.2832157171735994,0.8676414940799682,0.4503757815491075,0.033,2.0798,,2.08,+5/save (role-dependent),+3/hold (role-dependent)
663804,"Kowar, Jackson",281,5.106,1.428,-0.052,0.465,0.359,0.441,0.334,0.641,61.5,P,RP,18.733333333333334,5.163,5.1231,0.922706419458969,0.41752301014598103,0.8045656358562339,0.44395637222791384,0.033,2.0797,,2.08,+5/save (role-dependent),+3/hold (role-dependent)
695445,"Lee, Chase",600,5.031,1.552,-0.055,0.452,0.298,0.529,0.326,0.702,48.1,P,RP,18.75,5.066,5.041499999999999,0.8494302054443886,0.24917991547754004,0.8792728963946893,0.4541377029666446,0.033,2.0797,,2.08,+5/save (role-dependent),+3/hold (role-dependent)
672841,"Vargas, Carlos",1255,5.014,1.455,-0.055,0.487,0.285,0.539,0.304,0.715,45.3,P,RP,16.08974358974359,4.944,4.992999999999999,0.8171295683464153,0.23323043802931842,0.8862340523232496,0.4437275933993017,0.033,2.0772,,2.08,+5/save (role-dependent),+3/hold (role-dependent)
687064,"Young, Brandon",939,5.087,1.4,-0.052,0.499,0.327,0.496,0.333,0.673,56.9,P,SP,78.25,5.031,5.0702,0.8788532635154459,0.312462621797834,0.8489990297976693,0.45455282731682134,0.033,2.0753,11.41,,,
656876,"Rasmussen, Drew",2316,5.123,1.464,-0.051,0.523,0.305,0.505,0.332,0.695,63.7,P,SP,74.70967741935483,4.976,5.0789,0.8728748642255534,0.29386372437993225,0.8677700119906084,0.4516985707713383,0.033,2.0748,11.41,,,
676395,"Garcia, Robert",983,5.084,1.423,-0.053,0.515,0.33,0.53,0.338,0.67,56.2,P,RP,13.652777777777779,4.888,5.025199999999999,0.856170979456916,0.2485132964878478,0.8616875700059778,0.4691516436067625,0.033,2.0747,,2.07,+5/save (role-dependent),+3/hold (role-dependent)
664126,"Fairbanks, Pete",997,5.129,1.422,-0.051,0.508,0.301,0.531,0.336,0.699,65.4,P,RP,16.080645161290324,4.872,5.0519,0.8564592791745471,0.24436037736971983,0.881970802967728,0.4614124224281366,0.033,2.0743,,2.07,+5/save (role-dependent),+3/hold (role-dependent)
656457,"Gilbert, Tyler",839,4.965,1.471,-0.057,0.436,0.311,0.49,0.324,0.689,38.5,P,RP,18.23913043478261,5.34,5.0775,0.8750270163265037,0.32379978135513654,0.855509322704196,0.4443677737003591,0.033,2.074,,2.07,+5/save (role-dependent),+3/hold (role-dependent)
641329,"Baker, Bryan",1111,4.99,1.464,-0.056,0.519,0.312,0.522,0.337,0.688,41.3,P,RP,15.013513513513514,5.193,5.0508999999999995,0.8612451042453434,0.26233498383439025,0.8721458682523158,0.462585340019321,0.033,2.0686,,2.07,+5/save (role-dependent),+3/hold (role-dependent)
663903,"Singer, Brady",2943,4.993,1.573,-0.056,0.449,0.324,0.488,0.329,0.676,42.2,P,SP,89.18181818181819,5.257,5.0722,0.8784743853914201,0.32820582805237464,0.8481316486098531,0.45029786836878544,0.033,2.0685,11.38,,,
688138,"Evans, Logan",1399,5.019,1.533,-0.055,0.459,0.343,0.499,0.32,0.657,46.6,P,SP,82.29411764705883,5.0,5.013299999999999,0.8560787282798588,0.3111113788061408,0.8368330182157748,0.4545679626451262,0.033,2.066,11.36,,,
543135,"Eovaldi, Nathan",1919,5.004,1.47,-0.055,0.521,0.325,0.523,0.333,0.675,43.8,P,SP,87.22727272727273,5.068,5.023199999999999,0.8526792167314399,0.2625926397624694,0.8629934357739386,0.46481554560929483,0.033,2.0645,11.35,,,
663485,"Sands, Cole",1175,4.956,1.477,-0.057,0.515,0.318,0.515,0.329,0.682,36.8,P,RP,16.549295774647888,5.217,5.0343,0.8552454036678092,0.27759804761773643,0.8637692977411009,0.45857354971526937,0.033,2.0637,,2.06,+5/save (role-dependent),+3/hold (role-dependent)
642528,"Loáisiga, Jonathan",467,4.945,1.403,-0.058,0.483,0.32,0.471,0.297,0.68,34.8,P,RP,15.566666666666666,5.232,5.0311,0.854496884368925,0.3653369718275655,0.8359405792398182,0.4287263077313114,0.033,2.0628,,2.06,+5/save (role-dependent),+3/hold (role-dependent)
701121,"VanWey, Logan",208,5.088,1.237,-0.052,0.48,0.295,0.539,0.349,0.705,57.8,P,RP,20.8,5.011,5.0649,0.8605282778019138,0.22740101990758532,0.8954332535105598,0.4709831026964186,0.033,2.0627,,2.06,+5/save (role-dependent),+3/hold (role-dependent)
543518,"McGough, Scott",332,5.046,1.488,-0.054,0.486,0.372,0.458,0.332,0.628,49.6,P,RP,22.133333333333333,5.109,5.0649,0.8977831959783695,0.3884427873650612,0.80487337720677,0.4547555506882452,0.033,2.062,,2.06,+5/save (role-dependent),+3/hold (role-dependent)
694918,"Tidwell, Blade",309,5.068,1.495,-0.053,0.48,0.314,0.509,0.333,0.686,53.7,P,SP,77.25,5.023,5.054499999999999,0.864143466407886,0.2878893171365082,0.8659088777847113,0.4579810119379244,0.033,2.0614,11.34,,,
664139,"Gibaut, Ian",416,5.087,1.444,-0.052,0.498,0.311,0.543,0.351,0.689,57.0,P,RP,15.407407407407407,4.942,5.0435,0.8567926090193672,0.22118338242264257,0.8866936518069592,0.47756503862078675,0.033,2.0608,,2.06,+5/save (role-dependent),+3/hold (role-dependent)
606996,"Hart, Kyle",760,5.096,1.464,-0.052,0.465,0.326,0.513,0.326,0.674,59.2,P,RP,36.19047619047619,4.835,5.0177,0.8502133633026501,0.28292026155802863,0.857574382524944,0.45933456882538637,0.033,2.058,,2.06,+5/save (role-dependent),+3/hold (role-dependent)
669704,"Strowd, Kade",406,5.076,1.371,-0.053,0.477,0.331,0.492,0.32,0.669,55.1,P,RP,16.24,4.925,5.0306999999999995,0.8596044930980818,0.32361783318560766,0.8442925355671883,0.45076857331982767,0.033,2.0572,,2.06,+5/save (role-dependent),+3/hold (role-dependent)
660896,"Alcala, Jorge",1098,5.107,1.46,-0.052,0.489,0.314,0.497,0.332,0.686,61.8,P,RP,18.93103448275862,4.967,5.0649999999999995,0.8697746804292077,0.3108960509145223,0.8623925779875037,0.4547337151174102,0.033,2.054,,2.05,+5/save (role-dependent),+3/hold (role-dependent)
676571,"Poulin, PJ",441,5.091,1.397,-0.052,0.446,0.334,0.466,0.324,0.666,58.2,P,RP,14.7,5.028,5.0721,0.8832590558435706,0.37195367503652965,0.8340697355152946,0.44554689452545176,0.033,2.0531,,2.05,+5/save (role-dependent),+3/hold (role-dependent)
689266,"Dodd, Dylan",536,5.072,1.533,-0.053,0.495,0.373,0.501,0.335,0.627,54.5,P,RP,19.142857142857142,4.825,4.9979,0.8623345175675529,0.30838362077538206,0.8235015872771438,0.47224906879622974,0.033,2.053,,2.05,+5/save (role-dependent),+3/hold (role-dependent)
663738,"Lynch IV, Daniel",1151,4.894,1.536,-0.059,0.48,0.317,0.507,0.333,0.683,24.6,P,RP,19.508474576271187,5.406,5.047599999999999,0.861894444655295,0.29242508662922306,0.8646956104782231,0.4594876663255427,0.033,2.0528,,2.05,+5/save (role-dependent),+3/hold (role-dependent)
677952,"Ashcraft, Braxton",1102,4.993,1.446,-0.056,0.505,0.325,0.529,0.331,0.675,42.3,P,RP,42.38461538461539,5.018,5.0005,0.8405050683234403,0.2525040621116299,0.8671276776582177,0.4678630964231835,0.033,2.0521,,2.05,+5/save (role-dependent),+3/hold (role-dependent)
656464,"Ginkel, Kevin",499,5.02,1.463,-0.055,0.472,0.377,0.438,0.332,0.623,46.8,P,RP,16.633333333333333,5.219,5.079699999999999,0.9081396767488853,0.42700625087911837,0.7961307174116778,0.45152388620465816,0.033,2.049,,2.05,+5/save (role-dependent),+3/hold (role-dependent)
678821,"Peralta, Luis",466,5.106,1.461,-0.052,0.458,0.349,0.446,0.338,0.651,61.3,P,RP,19.416666666666668,5.125,5.1117,0.9117542288882281,0.4085064352206984,0.8207330000124241,0.45026387483444436,0.033,2.049,,2.05,+5/save (role-dependent),+3/hold (role-dependent)
663546,"Hjelle, Sean",254,4.993,1.71,-0.056,0.407,0.323,0.483,0.313,0.677,42.0,P,RP,21.166666666666668,5.123,5.032,0.8564310501750295,0.34140596313178007,0.8460652086439242,0.44380277771913573,0.033,2.0484,,2.05,+5/save (role-dependent),+3/hold (role-dependent)
660761,"Suarez, José",324,5.104,1.583,-0.052,0.448,0.379,0.477,0.335,0.621,61.0,P,RP,40.5,4.834,5.023,0.8786987812461242,0.3540646736680013,0.8111347750092206,0.4667683405166323,0.033,2.047,,2.05,+5/save (role-dependent),+3/hold (role-dependent)
621053,"Ferguson, Tyler",990,5.029,1.457,-0.055,0.477,0.329,0.492,0.331,0.671,47.8,P,RP,17.678571428571427,5.092,5.047899999999999,0.8678612977587283,0.32222331313423336,0.8510467561612207,0.4575130358473702,0.033,2.0466,,2.05,+5/save (role-dependent),+3/hold (role-dependent)
622491,"Castillo, Luis",3209,5.075,1.428,-0.053,0.497,0.314,0.484,0.327,0.686,54.9,P,SP,89.13888888888889,5.049,5.0672,0.8709545538431991,0.3365638916626825,0.8576644457378129,0.4494805231448705,0.033,2.0448,11.25,,,
668964,"Myers, Tobias",853,5.104,1.388,-0.052,0.498,0.32,0.533,0.342,0.68,60.9,P,RP,37.08695652173913,4.815,5.0173000000000005,0.8470958602266166,0.24318929288468127,0.8769605647073525,0.4746949012340661,0.033,2.0446,,2.04,+5/save (role-dependent),+3/hold (role-dependent)
682989,"Mederos, Victor",314,4.969,1.44,-0.057,0.457,0.323,0.504,0.313,0.677,38.7,P,SP,62.8,5.061,4.9966,0.8374458143317168,0.30252451064087427,0.8551111168440562,0.4515325697947434,0.033,2.0437,11.24,,,
543859,"Tonkin, Michael",397,4.909,1.462,-0.059,0.478,0.276,0.54,0.342,0.724,28.0,P,RP,18.904761904761905,5.389,5.053,0.8449534632268494,0.22637766323033226,0.9114926373807201,0.4668996024459534,0.033,2.0403,,2.04,+5/save (role-dependent),+3/hold (role-dependent)
676974,"Meyer, Max",1104,5.061,1.569,-0.053,0.513,0.333,0.517,0.33,0.667,52.1,P,SP,84.92307692307692,4.852,4.9982999999999995,0.8431958357589509,0.27654047057874,0.8589194538363434,0.46738891709872105,0.033,2.04,11.22,,,
681892,"Funderburk, Kody",725,5.019,1.565,-0.055,0.458,0.313,0.517,0.321,0.687,46.4,P,RP,18.58974358974359,4.962,5.001899999999999,0.8354499355853632,0.27624859428891746,0.8703438267611735,0.4580117796031558,0.033,2.0398,,2.04,+5/save (role-dependent),+3/hold (role-dependent)
656271,"Burke, Brock",1025,4.902,1.542,-0.059,0.514,0.303,0.538,0.344,0.697,26.9,P,RP,14.642857142857142,5.314,5.0256,0.8433220890287549,0.23257550604009203,0.893372580178682,0.4747916726204245,0.033,2.0348,,2.03,+5/save (role-dependent),+3/hold (role-dependent)
607074,"Rodón, Carlos",3446,5.194,1.506,-0.049,0.462,0.355,0.461,0.339,0.645,77.3,P,SP,95.72222222222223,4.789,5.0725,0.8936340105124204,0.3818620941807146,0.8256302237328693,0.45977798048461765,0.033,2.0336,11.18,,,
656186,"Altavilla, Dan",512,4.944,1.421,-0.058,0.481,0.337,0.486,0.32,0.663,34.5,P,RP,17.066666666666666,5.173,5.0127,0.8528539639843714,0.3370062344463852,0.8429392442999907,0.45469897607013654,0.033,2.0305,,2.03,+5/save (role-dependent),+3/hold (role-dependent)
676755,"Mattson, Isaac",777,5.048,1.326,-0.054,0.516,0.283,0.523,0.351,0.717,50.0,P,RP,17.65909090909091,5.159,5.0813,0.8635177365228681,0.2578820807517226,0.9048146878574436,0.46931119284513806,0.033,2.0292,,2.03,+5/save (role-dependent),+3/hold (role-dependent)
623474,"Herget, Jimmy",1306,4.991,1.496,-0.056,0.436,0.311,0.534,0.324,0.689,41.5,P,RP,21.40983606557377,4.939,4.9754,0.8202701637953671,0.24459823862261598,0.8815993573718083,0.46666189152294507,0.033,2.0277,,2.03,+5/save (role-dependent),+3/hold (role-dependent)
592254,"De León, José",101,5.101,1.444,-0.052,0.488,0.302,0.482,0.342,0.698,60.3,P,SP,101.0,5.101,5.100999999999999,0.8832757386566289,0.3377998375454594,0.8734310748495129,0.45641852844512976,0.033,2.0262,11.14,,,
681347,"Burrows, Mike",1537,4.888,1.472,-0.06,0.506,0.314,0.513,0.337,0.686,22.8,P,SP,66.82608695652173,5.359,5.029299999999999,0.8506285527567141,0.28197977129082274,0.8756811035904271,0.4673018233196918,0.033,2.0254,11.14,,,
669211,"Akin, Keegan",1058,5.142,1.422,-0.05,0.513,0.332,0.504,0.342,0.668,68.0,P,RP,16.53125,4.772,5.031000000000001,0.8602492150334509,0.2997354705381259,0.8615539359145798,0.47170342802966425,0.033,2.0226,,2.02,+5/save (role-dependent),+3/hold (role-dependent)
663559,"Falter, Bailey",2014,5.051,1.329,-0.054,0.5,0.308,0.514,0.344,0.692,50.8,P,SP,74.5925925925926,5.034,5.0459,0.8566282533342489,0.2786457273191414,0.88322448266888,0.47035905174090936,0.033,2.021,11.12,,,
687134,"Blalock, Bradley",1047,4.89,1.487,-0.06,0.485,0.322,0.499,0.336,0.678,23.5,P,SP,69.8,5.377,5.036099999999999,0.8581460750676433,0.3092628289705981,0.8651730725990272,0.4648624426200747,0.033,2.021,11.12,,,
669854,"Blanco, Ronel",793,5.071,1.407,-0.053,0.483,0.36,0.474,0.33,0.64,54.3,P,SP,88.11111111111111,4.895,5.018199999999999,0.8669317399616674,0.36041835196026395,0.8270462494222786,0.4630436385025462,0.033,2.0204,11.11,,,
671096,"Abbott, Andrew",2727,5.006,1.388,-0.055,0.5,0.31,0.509,0.348,0.69,44.0,P,SP,90.9,5.18,5.058199999999999,0.8641924785430295,0.28758933317196833,0.8814298767328257,0.4714915240595333,0.033,2.0192,11.11,,,
543243,"Gray, Sonny",2798,4.971,1.645,-0.057,0.475,0.345,0.496,0.326,0.655,39.0,P,SP,84.78787878787878,5.037,4.9908,0.8449795013036886,0.31890011552336384,0.8455973828674063,0.46520833738001477,0.033,2.0171,11.09,,,
676092,"Snider, Collin",511,5.161,1.472,-0.05,0.51,0.327,0.527,0.332,0.673,71.8,P,RP,19.653846153846153,4.546,4.9765,0.8286013822013661,0.25842624398100145,0.8721093863409635,0.4740581953064293,0.033,2.0169,,2.02,+5/save (role-dependent),+3/hold (role-dependent)
506433,"Darvish, Yu",1177,4.933,1.55,-0.058,0.479,0.301,0.539,0.334,0.699,32.1,P,SP,73.5625,5.128,4.991499999999999,0.824066390899516,0.2333520531500779,0.8957386815510182,0.47269198344683927,0.033,2.0166,11.09,,,
628452,"Iglesias, Raisel",964,4.965,1.435,-0.057,0.514,0.295,0.527,0.339,0.705,38.3,P,RP,13.771428571428572,5.171,5.0268,0.8400950154959758,0.25434808359820327,0.8968371895339354,0.4697568363562353,0.033,2.0164,,2.02,+5/save (role-dependent),+3/hold (role-dependent)
676917,"Cavalli, Cade",788,4.993,1.502,-0.056,0.494,0.325,0.501,0.321,0.675,42.4,P,SP,78.8,4.995,4.9936,0.8368045562522861,0.3087322507882255,0.8605589488272398,0.4598241319824648,0.033,2.0149,11.08,,,
593423,"Montas, Frankie",708,5.016,1.605,-0.055,0.509,0.362,0.463,0.321,0.638,45.9,P,SP,78.66666666666667,4.994,5.009399999999999,0.8631799065180777,0.38300169699010445,0.8198119250022122,0.45637411179052695,0.033,2.0146,11.08,,,
686930,"Barnett, Mason",431,5.118,1.423,-0.051,0.48,0.333,0.481,0.337,0.667,63.0,P,SP,86.2,4.885,5.0481,0.8699038794029337,0.34407696743951777,0.8520261941943008,0.46319673600270234,0.033,2.0144,11.08,,,
674072,"Henry, Tommy",107,5.091,1.418,-0.052,0.461,0.334,0.474,0.335,0.666,58.4,P,SP,53.5,4.963,5.0526,0.8728010869468307,0.35762931185751534,0.8482177568096407,0.4603050115494576,0.033,2.0133,11.07,,,
687606,"Schultz, Paxton",448,5.066,1.513,-0.053,0.462,0.354,0.451,0.336,0.646,53.4,P,RP,34.46153846153846,5.066,5.066,0.889664190773986,0.4022707927234467,0.8257837722136168,0.4583336069403947,0.033,2.0119,,2.01,+5/save (role-dependent),+3/hold (role-dependent)
641816,"Mahle, Tyler",1437,5.093,1.286,-0.052,0.53,0.315,0.52,0.341,0.685,58.8,P,SP,84.52941176470588,4.829,5.0138,0.842799638355237,0.26931927109172715,0.8819824974012797,0.4745045843304593,0.033,2.0095,11.05,,,
680880,"Holman, Grant",375,5.074,1.531,-0.053,0.469,0.395,0.428,0.332,0.605,54.8,P,RP,17.045454545454547,4.971,5.0431,0.8972198155002297,0.4498553595117555,0.7876245497490031,0.459515705130286,0.033,2.0077,,2.01,+5/save (role-dependent),+3/hold (role-dependent)
700187,"Taylor, Troy",136,5.129,1.573,-0.051,0.469,0.293,0.552,0.336,0.707,65.7,P,RP,17.0,4.624,4.977499999999999,0.8126874646882518,0.208640918018558,0.9089197497107993,0.4776580871294138,0.033,2.0068,,2.01,+5/save (role-dependent),+3/hold (role-dependent)
666215,"Whitley, Forrest",256,5.042,1.416,-0.054,0.457,0.312,0.501,0.341,0.688,48.9,P,RP,25.6,5.046,5.0432,0.857115547296374,0.30471084412844873,0.8774462467839549,0.4680849265049546,0.033,2.0058,,2.01,+5/save (role-dependent),+3/hold (role-dependent)
607481,"Bummer, Aaron",932,5.069,1.502,-0.053,0.454,0.34,0.473,0.318,0.66,54.0,P,RP,22.19047619047619,4.859,5.006,0.8507122034512344,0.36339565824438413,0.8400084873019903,0.4542528355504172,0.033,2.0058,,2.01,+5/save (role-dependent),+3/hold (role-dependent)
682842,"Uribe, Abner",1250,4.94,1.549,-0.058,0.464,0.337,0.515,0.312,0.663,33.5,P,RP,15.625,4.915,4.9325,0.80984221498342,0.2858516604799397,0.8567675500596676,0.4645746088171764,0.033,2.0051,,2.01,+5/save (role-dependent),+3/hold (role-dependent)
592866,"Williams, Trevor",1448,5.008,1.435,-0.055,0.477,0.332,0.506,0.336,0.668,44.4,P,SP,85.17647058823529,4.982,5.0001999999999995,0.8437309872375736,0.2982562944138303,0.8644252385203866,0.4727014125498574,0.033,2.0026,11.01,,,
670102,"Francis, Bowden",1224,5.148,1.365,-0.05,0.481,0.324,0.49,0.34,0.676,69.2,P,SP,81.6,4.794,5.041799999999999,0.8621706800344506,0.3266942212292099,0.8650649919206244,0.4674360626138117,0.033,2.0025,11.01,,,
669308,"Reynolds, Sean",494,5.027,1.435,-0.055,0.462,0.309,0.496,0.339,0.691,47.3,P,RP,26.0,5.095,5.0474,0.8579165425863396,0.3143111716333765,0.8776830733757777,0.4652587087642151,0.033,2.0024,,2.0,+5/save (role-dependent),+3/hold (role-dependent)
669371,"Henry, Cole",967,5.08,1.496,-0.053,0.429,0.33,0.469,0.33,0.67,55.6,P,RP,16.964912280701753,4.96,5.044,0.8662535340855685,0.3682674217262565,0.8502179969008787,0.4574100612271032,0.033,1.9999,,2.0,+5/save (role-dependent),+3/hold (role-dependent)
518489,"Brasier, Ryan",374,4.982,1.475,-0.056,0.512,0.332,0.484,0.335,0.668,40.1,P,RP,13.851851851851851,5.14,5.0294,0.8593911252778208,0.3396285927058189,0.8561304504931659,0.46537086398318905,0.033,1.9999,,2.0,+5/save (role-dependent),+3/hold (role-dependent)
677944,"Cecconi, Slade",2110,4.937,1.491,-0.058,0.479,0.309,0.52,0.343,0.691,33.1,P,SP,87.91666666666667,5.204,5.0171,0.8416664678390976,0.2690517178260565,0.8887585232442243,0.47569313425857007,0.033,1.9995,11.0,,,
669711,"Weissert, Greg",1080,4.962,1.481,-0.057,0.476,0.311,0.51,0.327,0.689,37.8,P,RP,14.794520547945206,5.073,4.9953,0.8309426551310148,0.29070089060053417,0.8790138024841425,0.4651802985752712,0.033,1.9979,,2.0,+5/save (role-dependent),+3/hold (role-dependent)
657044,"Thompson, Ryan",666,5.056,1.45,-0.054,0.48,0.336,0.477,0.307,0.664,51.4,P,RP,13.591836734693878,4.787,4.9753,0.8323122858403336,0.3579320345081496,0.8426568830684937,0.4504561750856065,0.033,1.9978,,2.0,+5/save (role-dependent),+3/hold (role-dependent)
800049,"Mazur, Adam",489,5.011,1.467,-0.055,0.487,0.342,0.516,0.337,0.658,44.8,P,SP,81.5,4.88,4.9717,0.8332845645272928,0.2806852820221504,0.8626196433128976,0.4798791121206803,0.033,1.9972,10.98,,,
686563,"Cannon, Jonathan",1793,4.901,1.595,-0.059,0.482,0.317,0.498,0.329,0.683,26.4,P,SP,81.5,5.264,5.0099,0.8416757047882644,0.31337520971513944,0.8709964814461879,0.4639014289990215,0.033,1.9965,10.98,,,
641386,"Bowden, Ben",187,5.117,1.376,-0.051,0.495,0.312,0.48,0.339,0.688,62.8,P,RP,17.0,4.937,5.063,0.8677344080222947,0.3448570938752521,0.8707202881454769,0.4618523597139473,0.033,1.9955,,2.0,+5/save (role-dependent),+3/hold (role-dependent)
669160,"May, Dustin",2237,5.142,1.488,-0.05,0.441,0.297,0.52,0.326,0.703,67.9,P,SP,86.03846153846153,4.641,4.9917,0.822238331694219,0.2711110672042487,0.892990647000436,0.4650118172424994,0.033,1.9951,10.97,,,
674370,"Bido, Osvaldo",1378,4.881,1.518,-0.06,0.496,0.315,0.521,0.34,0.685,20.9,P,SP,53.0,5.252,4.9923,0.8312690572639596,0.2690742511873343,0.8866432897623837,0.47824467017716105,0.033,1.9861,10.92,,,
445926,"Chavez, Jesse",192,4.951,1.643,-0.057,0.403,0.32,0.498,0.328,0.68,36.0,P,RP,38.4,5.099,4.9954,0.8353507566964314,0.3145508225491469,0.8708920820945376,0.4661130248872699,0.033,1.9847,,1.98,+5/save (role-dependent),+3/hold (role-dependent)
700249,"Povich, Cade",1971,5.044,1.507,-0.054,0.477,0.32,0.493,0.345,0.68,49.2,P,SP,89.5909090909091,5.025,5.0383,0.8583582882692592,0.3210134799384825,0.874093922276745,0.472973117007207,0.033,1.9843,10.91,,,
547179,"Lorenzen, Michael",2396,4.943,1.437,-0.058,0.468,0.321,0.496,0.332,0.679,34.2,P,SP,85.57142857142857,5.138,5.0015,0.8391060539959581,0.31803259432861364,0.8716739386985304,0.46859930259766663,0.033,1.9792,10.89,,,
666214,"Wentz, Joey",1833,5.01,1.548,-0.055,0.512,0.355,0.481,0.342,0.645,44.5,P,RP,45.825,4.998,5.006399999999999,0.8581841774829574,0.34745786779662857,0.8450206040206656,0.47707497845508684,0.033,1.9786,,1.98,+5/save (role-dependent),+3/hold (role-dependent)
690544,"Horn, Bailey",230,4.959,1.581,-0.057,0.516,0.314,0.522,0.331,0.686,37.4,P,RP,20.90909090909091,4.985,4.966799999999999,0.8171094216774191,0.269153538271633,0.8866528381155607,0.47522168379459545,0.033,1.9779,,1.98,+5/save (role-dependent),+3/hold (role-dependent)
693313,"Seymour, Carson",621,4.95,1.536,-0.057,0.438,0.321,0.508,0.32,0.679,35.9,P,RP,38.8125,4.97,4.9559999999999995,0.8147041265702311,0.2978635467016517,0.8733024444179929,0.4670797447336097,0.033,1.9764,,1.98,+5/save (role-dependent),+3/hold (role-dependent)
472610,"García, Luis",883,4.963,1.624,-0.057,0.495,0.361,0.5,0.314,0.639,37.9,P,RP,15.224137931034482,4.788,4.9105,0.8096554033920136,0.3174578984469063,0.8402440613590385,0.47128755816655493,0.033,1.9764,,1.98,+5/save (role-dependent),+3/hold (role-dependent)
701487,"Ohl, Pierson",544,4.845,1.399,-0.061,0.524,0.31,0.488,0.344,0.69,17.3,P,RP,38.857142857142854,5.524,5.0487,0.859097570618977,0.3301111316109383,0.8805246852362785,0.469747655757528,0.033,1.976,,1.98,+5/save (role-dependent),+3/hold (role-dependent)
621363,"Poche, Colin",244,5.102,1.555,-0.052,0.412,0.355,0.446,0.323,0.645,60.6,P,RP,17.428571428571427,4.818,5.0168,0.8637617608945526,0.41620061852740853,0.8265324118467479,0.45666740331440053,0.033,1.9747,,1.97,+5/save (role-dependent),+3/hold (role-dependent)
594580,"Moll, Sam",370,5.029,1.586,-0.055,0.392,0.332,0.444,0.311,0.668,47.7,P,RP,14.8,4.998,5.0197,0.8541889561343143,0.41994183589782874,0.8386125371673805,0.44457942916617943,0.033,1.9735,,1.97,+5/save (role-dependent),+3/hold (role-dependent)
687473,"Gusto, Ryan",1781,5.057,1.439,-0.054,0.519,0.305,0.529,0.343,0.695,51.6,P,SP,63.607142857142854,4.826,4.987699999999999,0.8239637481546455,0.25354184447544315,0.9002398304021716,0.48211279208407476,0.033,1.973,10.85,,,
676775,"Winn, Keaton",165,4.9,1.655,-0.059,0.498,0.315,0.495,0.326,0.685,26.2,P,RP,23.571428571428573,5.208,4.9924,0.8313226878736866,0.32075856269649805,0.8749530562907296,0.46485896824665385,0.033,1.9729,,1.97,+5/save (role-dependent),+3/hold (role-dependent)
701581,"Festa, David",882,5.046,1.422,-0.054,0.492,0.349,0.494,0.335,0.651,49.5,P,SP,80.18181818181819,4.806,4.974,0.8379048792943249,0.3242385448130908,0.8534204754078738,0.47746777022580655,0.033,1.9723,10.85,,,
685107,"Veneziano, Anthony",499,5.008,1.506,-0.055,0.507,0.339,0.484,0.327,0.661,44.2,P,RP,18.48148148148148,4.915,4.9801,0.8363380454257869,0.34362567634144403,0.8551176950968509,0.46849930534219875,0.033,1.9676,,1.97,+5/save (role-dependent),+3/hold (role-dependent)
621112,"Blackburn, Paul",702,4.934,1.549,-0.058,0.464,0.332,0.475,0.319,0.668,32.3,P,RP,43.875,5.102,4.9844,0.8352573509007282,0.3611705760460977,0.8542984234166091,0.4599238807336219,0.033,1.9669,,1.97,+5/save (role-dependent),+3/hold (role-dependent)
669372,"Ginn, J.T.",1575,5.004,1.577,-0.055,0.441,0.343,0.453,0.308,0.657,43.7,P,SP,68.47826086956522,4.931,4.982099999999999,0.8393459780450745,0.40509679187403325,0.8348073858769918,0.4499259181516571,0.033,1.9666,10.82,,,
680951,"Nikhazy, Doug",107,5.104,1.505,-0.052,0.44,0.344,0.429,0.342,0.656,61.1,P,SP,53.5,5.052,5.0884,0.8968391462909281,0.4441944128962111,0.8349804656431133,0.45916981037034577,0.033,1.9663,10.81,,,
694297,"Pfaadt, Brandon",3002,4.906,1.566,-0.059,0.491,0.314,0.506,0.331,0.686,27.6,P,SP,88.29411764705883,5.158,4.9816,0.8250467519169966,0.2997643219112467,0.8828709329923414,0.47199001931100776,0.033,1.9654,10.81,,,
608372,"Sugano, Tomoyuki",2565,5.018,1.451,-0.055,0.487,0.336,0.488,0.326,0.664,46.3,P,SP,85.5,4.864,4.971799999999999,0.8304352144998925,0.33634593346853603,0.8593818897457757,0.46935709583867424,0.033,1.963,10.8,,,
676661,"Lazar, Max",646,4.848,1.585,-0.061,0.489,0.321,0.526,0.341,0.679,17.9,P,RP,17.944444444444443,5.227,4.9616999999999996,0.8177610713246626,0.26161434980777143,0.8893429199652827,0.48588091673552014,0.033,1.962,,1.96,+5/save (role-dependent),+3/hold (role-dependent)
686613,"Brown, Hunter",2962,5.081,1.43,-0.053,0.488,0.33,0.457,0.329,0.67,55.8,P,SP,95.54838709677419,4.913,5.0306,0.8590670323821675,0.3932118897617032,0.8528089628094102,0.4593814658361663,0.033,1.9613,10.79,,,
477132,"Kershaw, Clayton",1825,4.912,1.432,-0.059,0.461,0.343,0.501,0.347,0.657,28.8,P,SP,73.0,5.161,4.986699999999999,0.8418129860925108,0.3092916803437189,0.8661263947569287,0.4861493953237602,0.033,1.9611,10.79,,,
663978,"Paddack, Chris",2711,5.05,1.374,-0.054,0.516,0.309,0.486,0.336,0.691,50.4,P,SP,77.45714285714286,4.963,5.023899999999999,0.8453133493005244,0.3360981748780484,0.8811885511312536,0.46752638226195065,0.033,1.96,10.78,,,
571578,"Corbin, Patrick",2588,4.955,1.551,-0.057,0.476,0.349,0.468,0.333,0.651,36.5,P,SP,83.48387096774194,5.104,4.9997,0.8516879459941311,0.3738472915946275,0.8451868654027073,0.46994690475553136,0.033,1.9598,10.78,,,
688297,"Roycroft, Chris",394,4.974,1.535,-0.057,0.449,0.317,0.458,0.308,0.683,39.6,P,RP,19.7,5.056,4.9986,0.8356154458891278,0.3938181757026259,0.8563869970266027,0.4463230489638737,0.033,1.9598,,1.96,+5/save (role-dependent),+3/hold (role-dependent)
664141,"Brubaker, JT",469,4.94,1.712,-0.058,0.438,0.341,0.445,0.316,0.659,33.7,P,RP,27.58823529411765,5.166,5.0078000000000005,0.8521613845325061,0.4189184792205757,0.8368899920681878,0.45195067150971874,0.033,1.9595,,1.96,+5/save (role-dependent),+3/hold (role-dependent)
808963,"Sasaki, Roki",731,4.948,1.604,-0.057,0.474,0.336,0.477,0.339,0.664,35.3,P,RP,40.611111111111114,5.164,5.0128,0.8524237644879111,0.3548916564891651,0.8597364790438369,0.4728138162731422,0.033,1.9592,,1.96,+5/save (role-dependent),+3/hold (role-dependent)
801403,"Dollander, Chase",1778,4.95,1.463,-0.057,0.48,0.323,0.497,0.328,0.677,35.6,P,SP,84.66666666666667,5.028,4.9734,0.8250035128750824,0.31832268095556204,0.8735373801502528,0.47091685047098075,0.033,1.9583,10.77,,,
686228,"Burgos, Juan",242,4.968,1.467,-0.057,0.436,0.398,0.458,0.308,0.602,38.6,P,RP,17.285714285714285,4.757,4.9047,0.8244465419568013,0.4014312822621634,0.8000174261443025,0.46682664997798523,0.033,1.9563,,1.96,+5/save (role-dependent),+3/hold (role-dependent)
672782,"Gómez, Yoendrys",1129,4.926,1.547,-0.058,0.458,0.319,0.487,0.332,0.681,30.8,P,SP,51.31818181818182,5.168,4.9986,0.8365831061015034,0.33616124661291236,0.8743992895441268,0.4692325341518832,0.033,1.9546,10.75,,,
660787,"De los Santos, Yerry",609,4.893,1.598,-0.059,0.459,0.309,0.505,0.315,0.691,24.5,P,RP,23.423076923076923,5.073,4.946999999999999,0.8040714104205596,0.30455774733204066,0.8833421056362065,0.4642721366945956,0.033,1.9546,,1.95,+5/save (role-dependent),+3/hold (role-dependent)
656550,"Holmes, Grant",1964,5.03,1.527,-0.055,0.49,0.368,0.477,0.333,0.632,47.9,P,SP,89.27272727272727,4.798,4.9604,0.8398038883890371,0.3591400780410261,0.8363784889565156,0.47852828409370596,0.033,1.9542,10.75,,,
628317,"Maeda, Kenta",199,5.028,1.349,-0.055,0.429,0.366,0.443,0.315,0.634,47.5,P,RP,22.11111111111111,4.856,4.9764,0.8474171257329614,0.425440629019027,0.819276798956404,0.4578524788690909,0.033,1.954,,1.95,+5/save (role-dependent),+3/hold (role-dependent)
518876,"Kelly, Merrill",2833,4.975,1.523,-0.057,0.49,0.316,0.484,0.326,0.684,39.7,P,SP,88.53125,5.035,4.992999999999999,0.8321283016382351,0.3425797863029132,0.8738075848783867,0.46472795482164375,0.033,1.9533,10.74,,,
650893,"Cabrera, Génesis",730,5.002,1.466,-0.056,0.483,0.318,0.49,0.33,0.682,43.5,P,RP,17.804878048780488,4.96,4.9894,0.8311652599004435,0.3309426427810709,0.8760759716084932,0.46933228290304035,0.033,1.9525,,1.95,+5/save (role-dependent),+3/hold (role-dependent)
676702,"Stratton, Hunter",353,4.912,1.55,-0.059,0.525,0.315,0.542,0.336,0.685,29.0,P,RP,22.0625,4.958,4.9258,0.7956047017955892,0.23271428553350626,0.9003035436728293,0.4889470772511344,0.033,1.9517,,1.95,+5/save (role-dependent),+3/hold (role-dependent)
669084,"Hall, DL",588,5.016,1.478,-0.055,0.469,0.345,0.504,0.339,0.655,45.6,P,RP,29.4,4.813,4.9551,0.825833373631195,0.30588919564855055,0.8655514399324206,0.48541294064496593,0.033,1.9506,,1.95,+5/save (role-dependent),+3/hold (role-dependent)
694350,"Brzykcy, Zach",459,5.143,1.339,-0.05,0.471,0.352,0.416,0.329,0.648,68.3,P,RP,17.653846153846153,4.866,5.059899999999999,0.8854250633682711,0.47235130978258,0.8234944922457148,0.45298364358149684,0.033,1.9506,,1.95,+5/save (role-dependent),+3/hold (role-dependent)
664129,"Hartlieb, Geoff",146,4.9,1.689,-0.059,0.451,0.419,0.432,0.315,0.581,26.0,P,RP,24.333333333333332,5.002,4.9306,0.8484973021060039,0.4510238136942657,0.7783962625861318,0.46785317031154355,0.033,1.9504,,1.95,+5/save (role-dependent),+3/hold (role-dependent)
672710,"Contreras, Roansy",217,4.906,1.393,-0.059,0.495,0.294,0.512,0.334,0.706,27.5,P,RP,36.166666666666664,5.185,4.989699999999999,0.8197142291811178,0.2871785804474809,0.9031436995255455,0.4730850237218702,0.033,1.9502,,1.95,+5/save (role-dependent),+3/hold (role-dependent)
687424,"Maldonado, Anthony",129,5.119,1.423,-0.051,0.388,0.393,0.404,0.325,0.607,63.3,P,RP,21.5,4.798,5.0226999999999995,0.8853115109035721,0.4992254044007425,0.7889894078393462,0.4572882284008003,0.033,1.9495,,1.95,+5/save (role-dependent),+3/hold (role-dependent)
688642,"Agnos, Zach",527,4.945,1.482,-0.058,0.457,0.379,0.448,0.323,0.621,34.6,P,RP,17.566666666666666,5.016,4.9663,0.8482902255309881,0.41631865432241955,0.815625262984092,0.4676943665861007,0.033,1.948,,1.95,+5/save (role-dependent),+3/hold (role-dependent)
605154,"Brebbia, John",483,4.994,1.388,-0.056,0.491,0.297,0.543,0.346,0.703,42.7,P,RP,20.125,4.886,4.9616,0.8060955181664304,0.22782356801610493,0.9173460529670754,0.49067556172052373,0.033,1.9466,,1.95,+5/save (role-dependent),+3/hold (role-dependent)
681810,"Warren, Austin",146,4.994,1.417,-0.056,0.426,0.334,0.49,0.321,0.666,42.9,P,RP,29.2,4.839,4.9475,0.8164353161238874,0.33433975848761643,0.8634097138084355,0.4698903301374227,0.033,1.9459,,1.95,+5/save (role-dependent),+3/hold (role-dependent)
608331,"Fried, Max",3340,5.017,1.522,-0.055,0.489,0.326,0.484,0.321,0.674,46.2,P,SP,95.42857142857143,4.843,4.964799999999999,0.8218427707571345,0.3448661505731896,0.8669261808353456,0.46611277638295917,0.033,1.9448,10.7,,,
663321,"Hernandez, Nick",221,4.911,1.484,-0.059,0.413,0.424,0.4,0.324,0.576,28.6,P,RP,22.1,5.166,4.9875,0.8814322695715326,0.5100319857756724,0.7663943388151137,0.4640197874519039,0.033,1.944,,1.94,+5/save (role-dependent),+3/hold (role-dependent)
687911,"King, Bryan",1060,5.065,1.451,-0.053,0.523,0.288,0.542,0.347,0.712,53.0,P,RP,15.36231884057971,4.759,4.9732,0.8079621979390582,0.22887124771750966,0.9241444069018203,0.4890971973864916,0.033,1.9438,,1.94,+5/save (role-dependent),+3/hold (role-dependent)
623211,"Brazobán, Huascar",1058,4.894,1.478,-0.059,0.491,0.304,0.483,0.307,0.696,24.7,P,RP,19.59259259259259,5.117,4.9609,0.8091069146416563,0.34717051985577485,0.878085404439722,0.4536004972858539,0.033,1.9436,,1.94,+5/save (role-dependent),+3/hold (role-dependent)
664199,"Clarke, Taylor",890,4.985,1.596,-0.056,0.488,0.342,0.496,0.325,0.658,40.8,P,RP,16.79245283018868,4.812,4.9331,0.8125831491727196,0.3235782438352416,0.8624849635357242,0.4768528998690048,0.033,1.9398,,1.94,+5/save (role-dependent),+3/hold (role-dependent)
650644,"Civale, Aaron",1802,4.942,1.478,-0.058,0.463,0.294,0.504,0.334,0.706,34.1,P,SP,75.08333333333333,5.109,4.9921,0.8210013638145631,0.3028893560031525,0.9025304176136721,0.47256097002182895,0.033,1.9375,10.66,,,
668716,"Murdock, Noah",391,4.898,1.578,-0.059,0.46,0.316,0.479,0.305,0.684,25.4,P,RP,27.928571428571427,5.052,4.9441999999999995,0.8059565640915215,0.356477181408006,0.8687806303318225,0.4553379138496396,0.033,1.937,,1.94,+5/save (role-dependent),+3/hold (role-dependent)
668390,"Winn, Cole",619,5.049,1.568,-0.054,0.454,0.349,0.49,0.324,0.651,50.3,P,RP,18.757575757575758,4.65,4.9293,0.8139319967464127,0.3358153552861636,0.8556777452561399,0.476728089677903,0.033,1.936,,1.94,+5/save (role-dependent),+3/hold (role-dependent)
686730,"Spiers, Carson",294,4.952,1.447,-0.057,0.445,0.35,0.465,0.321,0.65,36.3,P,SP,73.5,4.978,4.9597999999999995,0.8307731628192965,0.38304676371265955,0.8443922290600906,0.4672045549247115,0.033,1.9359,10.65,,,
686747,"La Sorsa, Joe",132,4.947,1.537,-0.058,0.417,0.253,0.554,0.328,0.747,35.0,P,RP,18.857142857142858,4.947,4.947,0.7769769244740468,0.20713741887011072,0.9497340465870836,0.47668144117143385,0.033,1.9337,,1.93,+5/save (role-dependent),+3/hold (role-dependent)
643410,"Leiter Jr., Mark",855,5.015,1.595,-0.055,0.453,0.362,0.475,0.325,0.638,45.5,P,RP,14.01639344262295,4.748,4.9349,0.8232251022715583,0.36518387503115735,0.8421819834143265,0.47645985959397386,0.033,1.9299,,1.93,+5/save (role-dependent),+3/hold (role-dependent)
681916,"Smith, Dylan",165,4.914,1.362,-0.059,0.457,0.362,0.499,0.341,0.638,29.3,P,RP,23.571428571428573,4.972,4.9314,0.8213480309311177,0.31775156439960317,0.856407415793324,0.4924970946985402,0.033,1.9292,,1.93,+5/save (role-dependent),+3/hold (role-dependent)
676428,"Hurter, Brant",1090,4.933,1.586,-0.058,0.434,0.313,0.507,0.313,0.687,31.9,P,RP,22.708333333333332,4.875,4.9155999999999995,0.7891667193910729,0.30312721725604863,0.8857308907135284,0.4692193821711336,0.033,1.9289,,1.93,+5/save (role-dependent),+3/hold (role-dependent)
607200,"Fedde, Erick",2445,4.888,1.585,-0.06,0.459,0.324,0.493,0.325,0.676,22.9,P,SP,74.0909090909091,5.093,4.9495,0.8126696272565475,0.328213095087438,0.8761529206233329,0.47327186625205664,0.033,1.9288,10.61,,,
642048,"Saucedo, Tayler",239,4.806,1.537,-0.063,0.459,0.335,0.483,0.308,0.665,12.4,P,RP,21.727272727272727,5.174,4.916399999999999,0.8002400266050178,0.35077843510496987,0.8595331856895216,0.4642718881902846,0.033,1.9284,,1.93,+5/save (role-dependent),+3/hold (role-dependent)
621199,"Bowman, Matt",447,5.068,1.537,-0.053,0.456,0.324,0.499,0.316,0.676,53.6,P,RP,22.35,4.569,4.9182999999999995,0.7959368770217632,0.3188136697875683,0.8766268625828342,0.47149350740708845,0.033,1.9245,,1.92,+5/save (role-dependent),+3/hold (role-dependent)
608650,"Enns, Dietrich",741,4.992,1.431,-0.056,0.535,0.303,0.513,0.344,0.697,41.9,P,RP,30.875,4.948,4.9788,0.8182229636765788,0.2860741470230552,0.9053315774602124,0.4850107197712277,0.033,1.9238,,1.92,+5/save (role-dependent),+3/hold (role-dependent)
663947,"Holton, Tyler",1264,4.994,1.51,-0.056,0.476,0.334,0.501,0.321,0.666,42.6,P,RP,16.415584415584416,4.724,4.912999999999999,0.7979327557681165,0.31526703661036315,0.8722256412916151,0.477423602075515,0.033,1.9226,,1.92,+5/save (role-dependent),+3/hold (role-dependent)
806185,"Birdsong, Hayden",1194,5.086,1.426,-0.052,0.453,0.375,0.448,0.33,0.625,56.7,P,SP,56.857142857142854,4.685,4.9657,0.8460331214478758,0.41636730037072334,0.8255795272288886,0.47450731319094713,0.033,1.9221,10.57,,,
681343,"Smith, Shane",2418,4.897,1.544,-0.059,0.497,0.328,0.517,0.337,0.672,25.1,P,SP,83.37931034482759,4.999,4.9276,0.8028598441511137,0.2822725966038655,0.8877788115248153,0.4895085988589372,0.033,1.9208,10.56,,,
645261,"Alcantara, Sandy",2890,4.943,1.493,-0.058,0.523,0.315,0.516,0.32,0.685,34.3,P,SP,93.2258064516129,4.818,4.9055,0.7847176880210345,0.2860525626849979,0.8921598235865756,0.47810670800530963,0.033,1.9173,10.55,,,
641927,"Ober, Bailey",2399,4.926,1.448,-0.058,0.511,0.334,0.499,0.335,0.666,30.6,P,SP,85.67857142857143,4.972,4.9398,0.8123057591749184,0.31707051972335054,0.8770420066676885,0.48493553545139356,0.033,1.9153,10.53,,,
694462,"Waldrep, Hurston",862,4.958,1.755,-0.057,0.488,0.35,0.494,0.325,0.65,37.2,P,SP,86.2,4.789,4.9073,0.8026170927126888,0.3296463638495245,0.8611405366133656,0.48248647714444737,0.033,1.9139,10.53,,,
641745,"Keller, Brad",1204,4.991,1.464,-0.056,0.484,0.317,0.472,0.317,0.683,41.6,P,RP,16.493150684931507,4.891,4.960999999999999,0.8154503366318238,0.36903228183577663,0.873493803207471,0.4631242805433562,0.033,1.9137,,1.91,+5/save (role-dependent),+3/hold (role-dependent)
592094,"Adam, Jason",1130,4.941,1.473,-0.058,0.479,0.339,0.473,0.325,0.661,33.9,P,RP,16.61764705882353,4.972,4.9503,0.8203561237271788,0.367911633061916,0.8610662293037554,0.47309718168537607,0.033,1.9122,,1.91,+5/save (role-dependent),+3/hold (role-dependent)
682847,"Ortiz, Luis",1580,4.919,1.534,-0.059,0.477,0.318,0.504,0.328,0.682,29.8,P,SP,92.94117647058823,4.958,4.9307,0.7996840919907691,0.3078674682795699,0.8894094421708729,0.480240639217547,0.033,1.9089,10.5,,,
664062,"Gonsolin, Tony",609,4.933,1.558,-0.058,0.464,0.326,0.484,0.335,0.674,31.7,P,SP,87.0,5.044,4.9662999999999995,0.8226472299030376,0.34474453545243033,0.8782075596990842,0.47914910918010545,0.033,1.9084,10.5,,,
669724,"Hanifee, Brenan",984,4.902,1.579,-0.059,0.461,0.312,0.527,0.31,0.688,27.1,P,RP,17.263157894736842,4.776,4.8642,0.761116755885273,0.2675311626885204,0.8973579216289063,0.47757917993184795,0.033,1.9081,,1.91,+5/save (role-dependent),+3/hold (role-dependent)
656288,"Canning, Griffin",1426,4.95,1.546,-0.057,0.486,0.345,0.495,0.334,0.655,35.4,P,SP,83.88235294117646,4.868,4.9254,0.8099050825423139,0.3261907047570839,0.8689748464280465,0.48712529576880703,0.033,1.9075,10.49,,,
641154,"López, Pablo",1306,5.019,1.524,-0.055,0.517,0.342,0.499,0.336,0.658,46.7,P,SP,87.06666666666666,4.706,4.9251,0.8082927003945697,0.31826234790679253,0.8736943423356773,0.48909992624697973,0.033,1.9051,10.48,,,
674944,"Guenther, Sean",165,4.8,1.697,-0.063,0.454,0.285,0.571,0.325,0.715,11.8,P,RP,16.5,4.99,4.857,0.7441919391178691,0.18063543664928994,0.9384837140840622,0.4934697692744775,0.033,1.9051,,1.91,+5/save (role-dependent),+3/hold (role-dependent)
697812,"Rock, Joe",145,4.963,1.657,-0.057,0.452,0.309,0.501,0.317,0.691,38.0,P,RP,48.333333333333336,4.816,4.9189,0.7890012090873085,0.31478868380204283,0.8921889975532464,0.4723170558649119,0.033,1.9044,,1.9,+5/save (role-dependent),+3/hold (role-dependent)
663562,"Davis, Noah",251,4.973,1.569,-0.057,0.406,0.354,0.473,0.309,0.646,39.4,P,RP,27.88888888888889,4.7,4.8911,0.7958642543616865,0.372711376494553,0.84798052285683,0.4707508494943858,0.033,1.9007,,1.9,+5/save (role-dependent),+3/hold (role-dependent)
702070,"Cameron, Noah",2164,4.93,1.519,-0.058,0.491,0.337,0.493,0.337,0.663,31.2,P,SP,90.16666666666667,4.955,4.9375,0.8125237454697637,0.32918601605351316,0.8763196652289662,0.4873468773462673,0.033,1.8993,10.45,,,
671131,"Rutledge, Jackson",1361,4.933,1.525,-0.058,0.449,0.316,0.485,0.321,0.684,32.0,P,RP,21.265625,4.954,4.939299999999999,0.8033286642149043,0.3449454376574883,0.8833638104927461,0.4716808469458969,0.033,1.8987,,1.9,+5/save (role-dependent),+3/hold (role-dependent)
694477,"Patrick, Chad",2138,4.937,1.481,-0.058,0.481,0.31,0.495,0.334,0.69,33.0,P,SP,64.78787878787878,5.006,4.9577,0.810293715767523,0.32357192582339833,0.8954463767338627,0.480072406389086,0.033,1.8981,10.44,,,
519151,"Pressly, Ryan",645,4.891,1.571,-0.06,0.482,0.34,0.521,0.34,0.66,24.0,P,RP,15.0,4.909,4.8964,0.7919330551905823,0.2768495112412175,0.8863452394649576,0.4991849826079738,0.033,1.8974,,1.9,+5/save (role-dependent),+3/hold (role-dependent)
542888,"Armstrong, Shawn",1118,4.922,1.622,-0.058,0.481,0.31,0.549,0.335,0.69,30.4,P,RP,15.746478873239436,4.772,4.877,0.7670138137179368,0.2227536410152693,0.9169011724533658,0.4986482739358049,0.033,1.8971,,1.9,+5/save (role-dependent),+3/hold (role-dependent)
622253,"Tate, Dillon",139,4.95,1.355,-0.057,0.439,0.305,0.482,0.312,0.695,35.7,P,RP,23.166666666666668,4.9,4.935,0.7957004168285838,0.3512585775761643,0.8878775446347875,0.4640287195463003,0.033,1.8955,,1.9,+5/save (role-dependent),+3/hold (role-dependent)
622379,"Castillo, Luis F.",168,4.921,1.527,-0.058,0.437,0.361,0.44,0.32,0.639,30.1,P,SP,84.0,5.021,4.9510000000000005,0.8313758003313974,0.4334644883030516,0.8348940776927437,0.46817152327536204,0.033,1.8937,10.42,,,
694851,"Hoffmann, Andrew",256,5.016,1.584,-0.055,0.476,0.388,0.436,0.326,0.612,46.0,P,RP,21.333333333333332,4.759,4.938899999999999,0.837949909421514,0.4423981968182874,0.8161971140335589,0.4765409986434056,0.033,1.8933,,1.89,+5/save (role-dependent),+3/hold (role-dependent)
664299,"Javier, Cristian",617,4.996,1.429,-0.056,0.453,0.331,0.462,0.334,0.669,43.0,P,SP,77.125,4.943,4.9801,0.8324674045762851,0.3873654156508819,0.8688872426011776,0.47518123852203487,0.033,1.8929,10.41,,,
691172,"Zulueta, Yosver",155,4.774,1.666,-0.064,0.451,0.32,0.531,0.319,0.68,9.1,P,RP,19.375,5.044,4.8549999999999995,0.760053380639902,0.2603243888880682,0.8992703510442764,0.4881791093941761,0.033,1.8911,,1.89,+5/save (role-dependent),+3/hold (role-dependent)
660604,"Rangel, Alan",174,4.957,1.294,-0.057,0.47,0.318,0.486,0.335,0.682,37.0,P,RP,34.8,4.962,4.958499999999999,0.8145934014948393,0.3414005941431576,0.8881379333876696,0.4808522837052396,0.033,1.8904,,1.89,+5/save (role-dependent),+3/hold (role-dependent)
702352,"Bivens, Spencer",1300,4.786,1.57,-0.063,0.494,0.278,0.518,0.324,0.722,10.3,P,RP,23.636363636363637,5.272,4.9318,0.7809208244502552,0.27994390429712834,0.9254816262718704,0.47618220040702647,0.033,1.8901,,1.89,+5/save (role-dependent),+3/hold (role-dependent)
676664,"Sears, JP",2416,5.007,1.362,-0.055,0.481,0.288,0.52,0.344,0.712,44.1,P,SP,86.28571428571429,4.848,4.9593,0.8005075431870224,0.2737379538126512,0.925196757009803,0.4892686560840625,0.033,1.89,10.4,,,
502043,"Gibson, Kyle",280,4.871,1.74,-0.06,0.423,0.378,0.418,0.32,0.622,19.6,P,SP,70.0,5.173,4.9616,0.8452857567676371,0.47634481409245677,0.8153188500309344,0.4658569527668468,0.033,1.8889,10.39,,,
614179,"Ruiz, José",334,5.065,1.448,-0.053,0.523,0.348,0.477,0.326,0.652,53.2,P,RP,16.7,4.575,4.918,0.8073879077410889,0.36257773212115807,0.8612238147244408,0.4811046329479308,0.033,1.8884,,1.89,+5/save (role-dependent),+3/hold (role-dependent)
657649,"Koenig, Jared",1143,4.931,1.543,-0.058,0.468,0.281,0.536,0.328,0.719,31.3,P,RP,14.653846153846153,4.852,4.907299999999999,0.7692328153857345,0.24614322516787013,0.9320985253834992,0.48535016279294874,0.033,1.8873,,1.89,+5/save (role-dependent),+3/hold (role-dependent)
701519,"Adams, Travis",663,4.787,1.49,-0.063,0.483,0.352,0.472,0.325,0.648,10.4,P,RP,36.833333333333336,5.223,4.9178,0.8092159669463855,0.3725347973136467,0.8564731263801706,0.48019374220676736,0.033,1.8868,,1.89,+5/save (role-dependent),+3/hold (role-dependent)
596001,"Junis, Jakob",1080,4.888,1.652,-0.06,0.48,0.314,0.534,0.326,0.686,23.1,P,RP,18.0,4.823,4.8685,0.7643905323159039,0.25326534289540126,0.9076058859255663,0.4919132405112804,0.033,1.8867,,1.89,+5/save (role-dependent),+3/hold (role-dependent)
612434,"Castro, Miguel",111,4.828,1.419,-0.062,0.412,0.333,0.489,0.322,0.667,14.6,P,RP,15.857142857142858,5.091,4.9069,0.7941774584685899,0.33961964439144776,0.875609741851429,0.47971013377928645,0.033,1.8865,,1.89,+5/save (role-dependent),+3/hold (role-dependent)
657571,"Ferguson, Caleb",1128,5.039,1.496,-0.054,0.49,0.299,0.504,0.335,0.701,48.8,P,RP,15.243243243243244,4.739,4.949,0.8003057215532197,0.3063837638063054,0.909416375375286,0.482926662934569,0.033,1.8857,,1.89,+5/save (role-dependent),+3/hold (role-dependent)
657424,"Gage, Matt",531,4.961,1.495,-0.057,0.486,0.35,0.475,0.33,0.65,37.6,P,RP,16.09090909090909,4.841,4.925,0.8121097106343451,0.36598653482816923,0.8607835396771066,0.4833943905208124,0.033,1.8856,,1.89,+5/save (role-dependent),+3/hold (role-dependent)
696270,"Johnson, Ryan",321,4.832,1.564,-0.062,0.533,0.332,0.561,0.324,0.668,15.7,P,RP,21.4,4.732,4.802,0.7374351187589128,0.20497635742990883,0.9050738058827911,0.5045247713509211,0.033,1.8853,,1.89,+5/save (role-dependent),+3/hold (role-dependent)
699134,"Rodriguez, Bradgley",127,5.016,1.376,-0.055,0.443,0.327,0.438,0.313,0.673,45.7,P,RP,18.142857142857142,4.866,4.970999999999999,0.8256516986663881,0.435819293296815,0.857684186833207,0.45712247592851635,0.033,1.8849,,1.88,+5/save (role-dependent),+3/hold (role-dependent)
674285,"Salazar, Eduardo",545,4.83,1.729,-0.062,0.461,0.311,0.517,0.326,0.689,15.2,P,RP,18.166666666666668,5.048,4.8953999999999995,0.7773656760138692,0.28488326786283347,0.9037084706331097,0.4860394719566522,0.033,1.8837,,1.88,+5/save (role-dependent),+3/hold (role-dependent)
687922,"Lucas, Easton",438,4.946,1.441,-0.058,0.508,0.336,0.48,0.336,0.664,34.9,P,SP,73.0,4.937,4.9433,0.8151504907277345,0.3545619805118506,0.8749965267768856,0.4851258523550006,0.033,1.8823,10.35,,,
620454,"Castillo, José",543,4.957,1.537,-0.057,0.508,0.302,0.507,0.326,0.698,37.1,P,RP,18.724137931034484,4.829,4.9186,0.7854535065148139,0.3028839870145299,0.9067094372277055,0.4809736195229207,0.033,1.8809,,1.88,+5/save (role-dependent),+3/hold (role-dependent)
666277,"Soriano, George",741,4.9,1.564,-0.059,0.493,0.336,0.501,0.325,0.664,26.1,P,RP,29.64,4.849,4.8847000000000005,0.7837229534277874,0.3175615085553567,0.8808057210314176,0.4874213161531685,0.033,1.8775,,1.88,+5/save (role-dependent),+3/hold (role-dependent)
663765,"Woodford, Jake",625,4.86,1.569,-0.061,0.471,0.324,0.485,0.321,0.676,18.5,P,RP,28.40909090909091,5.04,4.914,0.7936307608035078,0.3469966793609631,0.881891616505414,0.4772052463671644,0.033,1.8773,,1.88,+5/save (role-dependent),+3/hold (role-dependent)
608032,"Estévez, Carlos",1098,4.999,1.45,-0.056,0.497,0.297,0.533,0.348,0.703,43.4,P,RP,15.685714285714285,4.753,4.925199999999999,0.7865739762258486,0.2506564612993074,0.9283138781626776,0.5005328332701494,0.033,1.8735,,1.87,+5/save (role-dependent),+3/hold (role-dependent)
681151,"Murray, Jayden",176,4.888,1.526,-0.06,0.525,0.267,0.589,0.34,0.733,22.5,P,RP,19.555555555555557,4.785,4.8571,0.7355366278162168,0.14484026953957807,0.9688147489812315,0.5077663619461483,0.033,1.8733,,1.87,+5/save (role-dependent),+3/hold (role-dependent)
676282,"Cantillo, Joey",1692,4.898,1.467,-0.059,0.46,0.314,0.52,0.35,0.686,25.3,P,RP,47.0,4.995,4.927099999999999,0.7958180696158506,0.2763486250716194,0.9126281802969319,0.502027081189951,0.033,1.8698,,1.87,+5/save (role-dependent),+3/hold (role-dependent)
647336,"Soroka, Michael",1571,4.809,1.532,-0.063,0.479,0.289,0.522,0.347,0.711,12.6,P,SP,65.45833333333333,5.258,4.9437,0.7926249981758182,0.2710264111313274,0.9306905128008891,0.4955386907828315,0.033,1.8668,10.27,,,
605288,"Houser, Adrian",1958,4.888,1.599,-0.06,0.469,0.297,0.515,0.323,0.703,23.4,P,SP,89.0,4.91,4.8946,0.7701630096494256,0.28892446919779347,0.9153034367200281,0.48335047087483135,0.033,1.8662,10.26,,,
681869,"Dubin, Shawn",551,4.935,1.521,-0.058,0.449,0.315,0.486,0.328,0.685,32.8,P,RP,18.366666666666667,4.914,4.928699999999999,0.7971599894776684,0.3438166812089106,0.8928969632338912,0.4806773506342482,0.033,1.8661,,1.87,+5/save (role-dependent),+3/hold (role-dependent)
687003,"Van Belle, Brian",129,4.934,1.593,-0.058,0.524,0.315,0.515,0.327,0.685,32.4,P,RP,32.25,4.759,4.8815,0.7718463416865848,0.2899865745857588,0.9041249827346391,0.4900291781855578,0.033,1.8647,,1.86,+5/save (role-dependent),+3/hold (role-dependent)
669020,"Rolison, Ryan",676,4.881,1.472,-0.06,0.457,0.31,0.512,0.334,0.69,20.7,P,RP,21.806451612903224,4.962,4.9053,0.7821912762706422,0.29402145790887557,0.9088363651430975,0.4915142455066519,0.033,1.8633,,1.86,+5/save (role-dependent),+3/hold (role-dependent)
682610,"Muñoz, Roddery",229,4.992,1.637,-0.056,0.498,0.382,0.447,0.312,0.618,41.8,P,RP,25.444444444444443,4.607,4.8765,0.8015814283148195,0.42558751618715873,0.826430669289854,0.4768025284848042,0.033,1.863,,1.86,+5/save (role-dependent),+3/hold (role-dependent)
682990,"Priester, Quinn",2565,4.863,1.642,-0.061,0.464,0.327,0.498,0.322,0.673,19.0,P,SP,82.74193548387096,4.922,4.8807,0.7772232580830228,0.323850325449881,0.8882576416622943,0.4854310533380695,0.033,1.8613,10.24,,,
690990,"Horton, Cade",1787,4.935,1.433,-0.058,0.485,0.322,0.514,0.337,0.678,32.7,P,SP,77.69565217391305,4.794,4.8927,0.7812397807193086,0.29106668498603305,0.9026498582662217,0.49712921308036956,0.033,1.8603,10.23,,,
671111,"Peralta, Sammy",153,4.906,1.597,-0.059,0.503,0.287,0.562,0.338,0.713,27.3,P,RP,30.6,4.753,4.860099999999999,0.7468221482317773,0.1982776284505512,0.9465387450383747,0.5052021710554295,0.033,1.8586,,1.86,+5/save (role-dependent),+3/hold (role-dependent)
621139,"Kriske, Brooks",381,4.88,1.624,-0.06,0.467,0.366,0.448,0.335,0.634,20.6,P,RP,23.8125,5.072,4.9376,0.8266084491589346,0.41864555696628236,0.8458553518535843,0.4854159180097648,0.033,1.8583,,1.86,+5/save (role-dependent),+3/hold (role-dependent)
621111,"Buehler, Walker",2189,4.997,1.552,-0.056,0.48,0.334,0.467,0.328,0.666,43.1,P,SP,84.1923076923077,4.769,4.928599999999999,0.8062991308855084,0.38160001828723333,0.8740716488937681,0.48069918620508323,0.033,1.8562,10.21,,,
542881,"Anderson, Tyler",2339,4.869,1.323,-0.06,0.489,0.313,0.486,0.331,0.687,19.4,P,SP,89.96153846153847,5.068,4.928699999999999,0.7961923292652929,0.3438166812089106,0.8973808394009246,0.4835410362827494,0.033,1.8549,10.2,,,
682052,"Lopez, Jacob",1666,4.935,1.463,-0.058,0.472,0.324,0.475,0.342,0.676,32.6,P,SP,79.33333333333333,5.005,4.9559999999999995,0.8161556168887942,0.3634731556658086,0.8886562031356195,0.48808010615595177,0.033,1.8549,10.2,,,
593974,"Peralta, Wandy",1175,4.917,1.586,-0.059,0.482,0.351,0.455,0.305,0.649,29.7,P,RP,15.666666666666666,4.787,4.877999999999999,0.7873871541689023,0.40956054131751274,0.8509717070312173,0.4697930617424426,0.033,1.8543,,1.85,+5/save (role-dependent),+3/hold (role-dependent)
600917,"Leclerc, José",264,4.886,1.35,-0.06,0.452,0.358,0.425,0.324,0.642,22.3,P,RP,22.0,5.116,4.955,0.8320695344019087,0.46296273084352224,0.8401811597071243,0.471116347973295,0.033,1.8537,,1.85,+5/save (role-dependent),+3/hold (role-dependent)
642121,"Sulser, Cole",387,5.089,1.401,-0.052,0.536,0.379,0.456,0.334,0.621,58.1,P,RP,21.5,4.474,4.9045000000000005,0.8151465087197809,0.4054238375488195,0.8405823779752062,0.49168893007333225,0.033,1.8528,,1.85,+5/save (role-dependent),+3/hold (role-dependent)
663767,"Shugart, Chase",692,4.933,1.451,-0.058,0.465,0.327,0.498,0.328,0.673,31.6,P,RP,19.771428571428572,4.768,4.8835,0.7787249151553751,0.3236233105577968,0.8925412946950104,0.49054702865169053,0.033,1.8485,,1.85,+5/save (role-dependent),+3/hold (role-dependent)
663436,"Martin, Davis",2360,4.858,1.546,-0.061,0.499,0.34,0.49,0.328,0.66,18.4,P,SP,87.4074074074074,4.932,4.880199999999999,0.7832448964148286,0.33979622357235395,0.880486595176966,0.49126760248924717,0.033,1.8474,10.16,,,
656240,"Blewett, Scott",756,4.982,1.532,-0.056,0.501,0.37,0.499,0.338,0.63,40.2,P,RP,27.0,4.552,4.853,0.7831722737547518,0.32410798137796015,0.8660045098079059,0.5067524965847179,0.033,1.8466,,1.85,+5/save (role-dependent),+3/hold (role-dependent)
570632,"Ureña, José",957,4.843,1.434,-0.061,0.467,0.315,0.502,0.32,0.685,17.0,P,RP,47.85,4.942,4.8727,0.7671268480306201,0.316546259552821,0.900541343048845,0.485268775239206,0.033,1.8465,,1.85,+5/save (role-dependent),+3/hold (role-dependent)
678394,"Bello, Brayan",2725,4.917,1.587,-0.059,0.471,0.331,0.482,0.319,0.669,29.5,P,SP,90.83333333333333,4.8,4.8819,0.779802145824496,0.35556375285104647,0.8814828226705749,0.4823053408395477,0.033,1.8451,10.15,,,
668674,"Erceg, Lucas",975,4.864,1.53,-0.061,0.521,0.332,0.497,0.324,0.668,19.1,P,RP,15.725806451612904,4.878,4.8682,0.7729385823981023,0.3268519547581533,0.8881574464802843,0.49006962345811816,0.033,1.8448,,1.84,+5/save (role-dependent),+3/hold (role-dependent)
571760,"Heaney, Andrew",2082,4.939,1.436,-0.058,0.476,0.275,0.51,0.346,0.725,33.2,P,SP,77.11111111111111,5.002,4.9579,0.7934669232704061,0.2937331609448015,0.9401188498041217,0.49148347784142044,0.033,1.8436,10.14,,,
680684,"Hoglund, Gunnar",547,4.883,1.523,-0.06,0.507,0.303,0.521,0.339,0.697,21.2,P,SP,91.16666666666667,4.915,4.8926,0.771993378092015,0.27715760288047453,0.9231926622978569,0.499060172416872,0.033,1.8405,10.12,,,
676961,"Boushley, Caleb",754,4.876,1.596,-0.06,0.454,0.286,0.493,0.328,0.714,19.9,P,RP,29.0,5.055,4.9297,0.7836652224954932,0.3298184146814618,0.9214138062008079,0.4804589949258974,0.033,1.8385,,1.84,+5/save (role-dependent),+3/hold (role-dependent)
608665,"Graveman, Kendall",324,4.89,1.425,-0.06,0.415,0.381,0.389,0.307,0.619,23.8,P,RP,17.05263157894737,5.038,4.9344,0.832149721240491,0.5362070307052735,0.8084614369364771,0.4593869235571418,0.033,1.8357,,1.84,+5/save (role-dependent),+3/hold (role-dependent)
702674,"Dana, Caden",562,4.925,1.545,-0.058,0.438,0.338,0.467,0.339,0.662,30.5,P,SP,80.28571428571429,4.944,4.9307,0.8093606941145238,0.38142975711817007,0.8787315292437555,0.49074081992871804,0.033,1.8347,10.09,,,
684974,"Yoho, Craig",176,4.985,1.436,-0.056,0.441,0.325,0.465,0.326,0.675,40.7,P,RP,22.0,4.772,4.9211,0.7979223642003037,0.3861844338282516,0.8832511304122209,0.48042773025204444,0.033,1.8346,,1.83,+5/save (role-dependent),+3/hold (role-dependent)
605135,"Bassitt, Chris",3043,4.828,1.584,-0.062,0.459,0.286,0.502,0.321,0.714,14.4,P,SP,76.075,5.057,4.8967,0.7659671212856254,0.3146004176206709,0.9240140924597368,0.4809828001216279,0.033,1.8324,10.08,,,
687362,"Gillispie, Connor",552,4.928,1.545,-0.058,0.474,0.331,0.485,0.33,0.669,30.9,P,SP,78.85714285714286,4.803,4.890499999999999,0.7844143782610068,0.348901982919527,0.8884503349134041,0.4909276624589047,0.033,1.8322,10.08,,,
682120,"Herrin, Tim",805,4.948,1.62,-0.058,0.455,0.365,0.453,0.324,0.635,35.2,P,RP,13.879310344827585,4.747,4.8877,0.7993629447990376,0.4127504368071572,0.8504335501119507,0.4858116871452836,0.033,1.8316,,1.83,+5/save (role-dependent),+3/hold (role-dependent)
642701,"Santana, Dennis",1002,4.91,1.493,-0.059,0.52,0.327,0.545,0.337,0.673,28.3,P,RP,14.314285714285715,4.602,4.8176,0.743382343345366,0.23552227967178418,0.9168797167533855,0.5135277267774918,0.033,1.8309,,1.83,+5/save (role-dependent),+3/hold (role-dependent)
680689,"Richardson, Lyon",686,4.786,1.548,-0.063,0.445,0.32,0.475,0.317,0.68,10.2,P,RP,19.6,5.129,4.8889,0.778234157337312,0.36891340540111184,0.8889413611735426,0.4788677271154269,0.033,1.8296,,1.83,+5/save (role-dependent),+3/hold (role-dependent)
680573,"Woods Richardson, Simeon",1959,4.911,1.438,-0.059,0.494,0.326,0.505,0.342,0.674,28.7,P,SP,81.625,4.837,4.8888,0.7810835073647115,0.30927641401750483,0.9038437947993242,0.5027536097571051,0.033,1.8295,10.06,,,
680730,"Parker, Mitchell",2705,4.94,1.452,-0.058,0.493,0.295,0.521,0.352,0.705,33.8,P,SP,81.96969696969697,4.874,4.9202,0.7829247855271299,0.2749198846585019,0.9349086164122081,0.5054428593432367,0.033,1.8292,10.06,,,
829272,"Ogasawara, Shinnosuke",674,4.838,1.452,-0.061,0.466,0.307,0.536,0.344,0.693,16.2,P,RP,29.304347826086957,4.935,4.8671,0.7602528930364132,0.24940251040422168,0.9299061360378196,0.5094010523939783,0.033,1.8291,,1.83,+5/save (role-dependent),+3/hold (role-dependent)
669461,"Liberatore, Matthew",2457,4.906,1.572,-0.059,0.488,0.318,0.512,0.348,0.682,27.7,P,SP,81.9,4.882,4.8988,0.782575927487897,0.2945484567654997,0.9142248095714172,0.5062974239706025,0.033,1.8282,10.06,,,
596271,"Lawrence, Casey",276,4.916,1.582,-0.059,0.479,0.3,0.516,0.318,0.7,29.4,P,RP,46.0,4.695,4.8497,0.7475343562006236,0.2905766451772469,0.9196345091877276,0.4883818327656,0.033,1.8276,,1.83,+5/save (role-dependent),+3/hold (role-dependent)
607536,"Freeland, Kyle",2547,4.885,1.678,-0.06,0.513,0.304,0.536,0.35,0.696,22.0,P,SP,79.59375,4.874,4.8816999999999995,0.7666314717379732,0.24821878989549706,0.9341509391402824,0.5119404303490636,0.033,1.8274,10.05,,,
641656,"Hamilton, Ian",650,4.931,1.559,-0.058,0.452,0.326,0.479,0.314,0.674,31.5,P,RP,17.56756756756757,4.716,4.8665,0.7691238813956194,0.3627768446633418,0.8862128457798284,0.4808952093339766,0.033,1.8253,,1.83,+5/save (role-dependent),+3/hold (role-dependent)
663460,"Bubic, Kris",1955,5.039,1.48,-0.054,0.496,0.327,0.508,0.342,0.673,48.6,P,SP,88.86363636363636,4.508,4.8797,0.7766869519857541,0.30404970251094565,0.9051770044474693,0.5047406467030947,0.033,1.825,10.04,,,
669674,"Long, Sam",839,4.961,1.472,-0.057,0.475,0.322,0.492,0.34,0.678,37.5,P,RP,19.976190476190474,4.775,4.905200000000001,0.7879436069351682,0.3337929649558091,0.9019552559401651,0.49726345237448927,0.033,1.8247,,1.82,+5/save (role-dependent),+3/hold (role-dependent)
450203,"Morton, Charlie",2548,5.032,1.569,-0.054,0.457,0.337,0.483,0.326,0.663,48.2,P,SP,77.21212121212122,4.496,4.8712,0.7769666512208472,0.35444310407718604,0.8840964722840924,0.49132368009873406,0.033,1.8228,10.03,,,
687830,"Gipson-Long, Sawyer",463,4.805,1.568,-0.063,0.503,0.297,0.561,0.339,0.703,12.2,P,SP,57.875,4.864,4.822699999999999,0.7316026012558046,0.20329806876342915,0.9470074035874162,0.5143232364305719,0.033,1.8197,10.01,,,
663568,"Kolek, Stephen",1774,4.85,1.579,-0.061,0.486,0.299,0.518,0.33,0.701,18.1,P,SP,88.7,4.904,4.866199999999999,0.755899576699369,0.2852625389116721,0.9264086441711101,0.4962337061718218,0.033,1.8188,10.0,,,
664294,"Moreta, Dauri",285,4.902,1.529,-0.059,0.473,0.309,0.498,0.342,0.691,26.8,P,RP,15.833333333333334,4.923,4.9083,0.7833163644562603,0.3216126072279084,0.9157274451497218,0.49849567344427037,0.033,1.816,,1.82,+5/save (role-dependent),+3/hold (role-dependent)
687888,"Walter, Brandon",814,4.847,1.57,-0.061,0.517,0.282,0.511,0.339,0.718,17.7,P,SP,90.44444444444444,5.064,4.9121,0.7722909147588124,0.29545830599671064,0.9390449163857532,0.49480223610403745,0.033,1.8152,9.98,,,
642016,"Robert, Daniel",255,4.909,1.499,-0.059,0.491,0.311,0.508,0.328,0.689,28.2,P,RP,17.0,4.747,4.860399999999999,0.7585949626094635,0.3056144837313832,0.9143185480467855,0.495591045514587,0.033,1.8145,,1.81,+5/save (role-dependent),+3/hold (role-dependent)
606965,"Devenski, Chris",278,4.896,1.483,-0.059,0.488,0.323,0.495,0.329,0.677,24.9,P,RP,19.857142857142858,4.8,4.8671999999999995,0.7680478053451439,0.33090937144254784,0.9015082961834102,0.49506078858063746,0.033,1.8125,,1.81,+5/save (role-dependent),+3/hold (role-dependent)
519008,"McFarland, T.J.",272,4.902,1.439,-0.059,0.464,0.318,0.513,0.314,0.682,26.6,P,RP,10.074074074074074,4.606,4.8132,0.7366681255616945,0.2995004563548911,0.907770022381013,0.4925335685890581,0.033,1.8113,,1.81,+5/save (role-dependent),+3/hold (role-dependent)
607067,"Rea, Colin",2654,4.884,1.555,-0.06,0.497,0.293,0.502,0.337,0.707,21.8,P,SP,75.82857142857142,4.954,4.905,0.7738052726362699,0.31392748061913567,0.9282791655647347,0.4944434378676584,0.033,1.8097,9.95,,,
670059,"Holderman, Colin",503,4.9,1.589,-0.059,0.468,0.325,0.5,0.31,0.675,25.8,P,RP,20.12,4.617,4.8151,0.7410739178898191,0.32519262012720307,0.8970066852624452,0.48830044521185745,0.033,1.8093,,1.81,+5/save (role-dependent),+3/hold (role-dependent)
667463,"King, John",796,4.745,1.632,-0.065,0.487,0.312,0.503,0.309,0.688,7.0,P,RP,15.307692307692308,5.002,4.8221,0.7385382691902592,0.31866057299116,0.9072827170669233,0.4858173933705701,0.033,1.808,,1.81,+5/save (role-dependent),+3/hold (role-dependent)
667755,"Soriano, José",2869,4.904,1.667,-0.059,0.468,0.342,0.488,0.31,0.658,27.2,P,SP,89.65625,4.601,4.8130999999999995,0.7482264175004727,0.34921281324487874,0.8806511876379712,0.48873715662855843,0.033,1.8079,9.94,,,
674841,"Alvarez, Andrew",417,4.901,1.617,-0.059,0.458,0.328,0.501,0.351,0.672,26.5,P,SP,83.4,4.874,4.8929,0.7842500225758888,0.3168966792285388,0.9083105258926435,0.5104494082983715,0.033,1.8051,9.93,,,
656605,"Keller, Mitch",2870,4.885,1.552,-0.06,0.493,0.302,0.52,0.338,0.698,22.1,P,SP,89.6875,4.821,4.8658,0.7571365445790254,0.28131862967331944,0.9301999364820559,0.5039575435178316,0.033,1.8047,9.93,,,
668834,"McGee, Easton",223,4.896,1.651,-0.059,0.51,0.237,0.562,0.341,0.763,25.0,P,RP,24.77777777777778,4.844,4.8804,0.7335176566969456,0.19663177048294078,0.9934585232174615,0.5036332358244157,0.033,1.8032,,1.8,+5/save (role-dependent),+3/hold (role-dependent)
676206,"Tarnok, Freddy",130,4.88,1.581,-0.06,0.429,0.329,0.464,0.33,0.671,20.5,P,RP,26.0,4.953,4.9018999999999995,0.7895606075574948,0.38972927734258267,0.887521547700755,0.48843840738370886,0.033,1.8024,,1.8,+5/save (role-dependent),+3/hold (role-dependent)
605280,"Holmes, Clay",2852,4.921,1.647,-0.058,0.476,0.325,0.488,0.319,0.675,30.2,P,SP,83.88235294117646,4.672,4.8463,0.7578066681246034,0.3465210652387377,0.896532743302944,0.49007880405682536,0.033,1.8016,9.91,,,
683627,"Molina, Anthony",608,4.829,1.545,-0.062,0.456,0.363,0.441,0.325,0.637,14.7,P,RP,35.76470588235294,5.003,4.8812,0.7949092949544158,0.43713547528711083,0.8549120152581182,0.4881855611323954,0.033,1.7935,,1.79,+5/save (role-dependent),+3/hold (role-dependent)
489446,"Yates, Kirby",754,5.079,1.456,-0.053,0.503,0.338,0.472,0.341,0.662,55.5,P,RP,15.08,4.464,4.8945,0.7899464133933963,0.37442388552277583,0.8896482476133679,0.5005544203366735,0.033,1.7918,,1.79,+5/save (role-dependent),+3/hold (role-dependent)
800048,"Messick, Parker",625,4.883,1.542,-0.06,0.505,0.328,0.524,0.341,0.672,21.3,P,SP,89.28571428571429,4.691,4.8254,0.7480493610102501,0.27664145038466237,0.9172271653364679,0.5156427997836929,0.033,1.7899,9.84,,,
641672,"Hatch, Thomas",586,4.797,1.545,-0.063,0.491,0.349,0.452,0.32,0.651,11.5,P,RP,48.833333333333336,5.015,4.862399999999999,0.7780531188391349,0.41678984847924283,0.8694402128185643,0.4875178390352164,0.033,1.7838,,1.78,+5/save (role-dependent),+3/hold (role-dependent)
608337,"Giolito, Lucas",2367,4.939,1.353,-0.058,0.483,0.337,0.497,0.34,0.663,33.4,P,SP,91.03846153846153,4.636,4.8481000000000005,0.7645779803739402,0.328481597376329,0.9016639907445327,0.5097315633213026,0.033,1.782,9.8,,,
669713,"Wesneski, Hayden",508,4.829,1.557,-0.062,0.527,0.293,0.538,0.338,0.707,14.8,P,SP,84.66666666666667,4.835,4.8308,0.7340113602189304,0.24836925638937735,0.9480729894395806,0.511599993310099,0.033,1.7814,9.8,,,
678215,"Arias, Luarbert",207,4.831,1.458,-0.062,0.49,0.306,0.541,0.339,0.694,15.5,P,RP,29.571428571428573,4.772,4.8133,0.7309157948971681,0.2438235895590708,0.9404800659995485,0.5163757800890663,0.033,1.7809,,1.78,+5/save (role-dependent),+3/hold (role-dependent)
681006,"Simpson, Josh",646,5.044,1.538,-0.054,0.451,0.333,0.5,0.319,0.667,49.3,P,RP,20.1875,4.234,4.800999999999999,0.7373826427678314,0.32633580226234127,0.9001712319145568,0.49997031764510314,0.033,1.7779,,1.78,+5/save (role-dependent),+3/hold (role-dependent)
663773,"Hoeing, Bryan",131,4.846,1.601,-0.061,0.433,0.349,0.471,0.307,0.651,17.4,P,RP,18.714285714285715,4.698,4.8016,0.7454457081251968,0.3839440853037511,0.8741451992934579,0.48838456162608807,0.033,1.7776,,1.78,+5/save (role-dependent),+3/hold (role-dependent)
519326,"Strickland, Hunter",341,4.847,1.536,-0.061,0.493,0.316,0.532,0.332,0.684,17.6,P,RP,17.05,4.684,4.7981,0.727602243280561,0.26294948583359656,0.9286103354016704,0.513012853676158,0.033,1.777,,1.78,+5/save (role-dependent),+3/hold (role-dependent)
595928,"Curtiss, John",557,4.884,1.387,-0.06,0.518,0.295,0.529,0.344,0.705,21.6,P,RP,17.967741935483872,4.775,4.8513,0.745973295425315,0.2646007127898298,0.9458493865034814,0.5128510725859159,0.033,1.7768,,1.78,+5/save (role-dependent),+3/hold (role-dependent)
663372,"Feltner, Ryan",597,4.837,1.579,-0.062,0.459,0.351,0.464,0.328,0.649,16.1,P,SP,85.28571428571429,4.869,4.8466,0.7705471427146645,0.39421282146124526,0.8781588816650723,0.49860435428982386,0.033,1.768,9.72,,,
694646,"McDermott, Chayce",195,4.998,1.495,-0.056,0.37,0.375,0.419,0.327,0.625,43.3,P,RP,48.75,4.623,4.8855,0.8030213724469244,0.4805265845837051,0.8435737901523722,0.4891557553521556,0.033,1.7676,,1.77,+5/save (role-dependent),+3/hold (role-dependent)
641835,"Mayza, Tim",312,4.839,1.548,-0.061,0.499,0.296,0.513,0.322,0.704,16.3,P,RP,19.5,4.779,4.821,0.7302070507842602,0.29886805772694225,0.9342697081857575,0.49846688912659426,0.033,1.7671,,1.77,+5/save (role-dependent),+3/hold (role-dependent)
680729,"McDaniels, Garrett",231,4.888,1.651,-0.06,0.413,0.367,0.459,0.32,0.633,22.7,P,RP,21.0,4.654,4.8178,0.7628428088123294,0.4064886816228793,0.8629783181954671,0.49725650362764817,0.033,1.7659,,1.77,+5/save (role-dependent),+3/hold (role-dependent)
676106,"Hancock, Emerson",1497,4.862,1.483,-0.061,0.462,0.304,0.499,0.318,0.696,18.8,P,SP,62.375,4.735,4.8239,0.7356329793158414,0.326467314720692,0.9222586860028678,0.49401541004104277,0.033,1.7659,9.71,,,
593576,"Neris, Héctor",548,4.86,1.586,-0.061,0.511,0.333,0.455,0.332,0.667,18.7,P,RP,15.657142857142857,4.945,4.8855,0.7827005079870395,0.4089524657137158,0.8894100865599137,0.49392856476632424,0.033,1.7635,,1.76,+5/save (role-dependent),+3/hold (role-dependent)
663542,"Hudson, Bryan",348,4.914,1.588,-0.059,0.415,0.293,0.504,0.348,0.707,29.1,P,RP,20.470588235294116,4.831,4.889099999999999,0.7652780056896966,0.31124026096196356,0.9415072639912712,0.5084154743416024,0.033,1.7627,,1.76,+5/save (role-dependent),+3/hold (role-dependent)
672456,"Montero, Keider",1620,4.9,1.543,-0.059,0.482,0.286,0.524,0.335,0.714,25.7,P,SP,67.5,4.695,4.8385,0.7347541064245853,0.27557934499669723,0.9505508588813252,0.5070549687072989,0.033,1.7615,9.69,,,
669432,"Rogers, Trevor",1627,4.809,1.538,-0.063,0.527,0.281,0.541,0.348,0.719,12.8,P,SP,90.38888888888889,4.929,4.845,0.7358209455258934,0.24125345667368925,0.9646821303344395,0.5180449610798591,0.033,1.7608,9.68,,,
679883,"Avila, Luinder",216,4.976,1.549,-0.056,0.481,0.349,0.449,0.319,0.651,39.8,P,RP,16.615384615384617,4.545,4.846699999999999,0.769633113112016,0.4240272633156901,0.8726189072259743,0.4899914617734853,0.033,1.76,,1.76,+5/save (role-dependent),+3/hold (role-dependent)
677958,"Rocker, Kumar",1273,4.806,1.624,-0.063,0.484,0.321,0.489,0.326,0.679,12.5,P,SP,79.5625,4.893,4.8321,0.7482558011186362,0.3456841850799822,0.9099622717150231,0.49986138829523863,0.033,1.7599,9.68,,,
622503,"Crismatt, Nabil",534,4.845,1.621,-0.061,0.476,0.296,0.519,0.337,0.704,17.2,P,SP,66.75,4.817,4.8366,0.7385734259016521,0.2856742406593795,0.9427812472500017,0.5093789683188323,0.033,1.7584,9.67,,,
605452,"Ross, Joe",903,4.829,1.511,-0.062,0.499,0.295,0.516,0.325,0.705,15.0,P,RP,23.153846153846153,4.789,4.816999999999999,0.7275779962889971,0.2932278548098015,0.9387835699382054,0.5022039976084974,0.033,1.7582,,1.76,+5/save (role-dependent),+3/hold (role-dependent)
622608,"Senzatela, Antonio",2373,4.785,1.525,-0.063,0.464,0.309,0.497,0.333,0.691,10.0,P,SP,76.54838709677419,4.984,4.8447,0.7492072966699691,0.328757258316717,0.9244806929195131,0.5037920395498585,0.033,1.7554,9.65,,,
615698,"Quantrill, Cal",2004,4.805,1.558,-0.063,0.493,0.311,0.475,0.332,0.689,12.1,P,SP,77.07692307692308,5.027,4.8716,0.7646015908988735,0.3703160331272033,0.914789331522422,0.49696370911239635,0.033,1.7526,9.64,,,
605182,"Clevinger, Mike",145,4.89,1.509,-0.06,0.427,0.371,0.431,0.331,0.629,23.9,P,RP,14.5,4.805,4.8645,0.7898236239795295,0.4583711566510069,0.8562413763498085,0.4975594727588512,0.033,1.7471,,1.75,+5/save (role-dependent),+3/hold (role-dependent)
621107,"Eflin, Zach",1172,4.796,1.552,-0.063,0.502,0.309,0.512,0.329,0.691,11.3,P,SP,78.13333333333334,4.833,4.8071,0.7290421874126655,0.30198319448125654,0.9307560104744834,0.5081839666525023,0.033,1.7469,9.61,,,
434378,"Verlander, Justin",2608,4.893,1.45,-0.059,0.493,0.275,0.507,0.338,0.725,24.3,P,SP,89.93103448275862,4.822,4.8717,0.7472373376858419,0.3066864864569401,0.9554803603434824,0.5026692448385637,0.033,1.7467,9.61,,,
665152,"Kremer, Dean",2692,4.884,1.459,-0.06,0.487,0.31,0.502,0.334,0.69,21.4,P,SP,86.83870967741936,4.708,4.8312,0.7424509944630293,0.3199109445604973,0.9277714441721876,0.5076944034954238,0.033,1.7464,9.61,,,
676440,"Bibee, Tanner",3139,4.835,1.575,-0.062,0.481,0.313,0.508,0.335,0.687,15.9,P,SP,95.12121212121212,4.786,4.8203,0.7380567483213635,0.3088656612930174,0.92841350481825,0.5110290425992781,0.033,1.7457,9.6,,,
670810,"Gillaspie, Logan",170,4.728,1.602,-0.065,0.535,0.3,0.558,0.34,0.7,5.2,P,RP,42.5,4.861,4.767899999999999,0.7036645174440412,0.21370558441433762,0.9588674125381621,0.5272436911310128,0.033,1.7436,,1.74,+5/save (role-dependent),+3/hold (role-dependent)
605488,"Springs, Jeffrey",2847,4.877,1.432,-0.06,0.474,0.311,0.479,0.344,0.689,20.2,P,SP,88.96875,4.898,4.883299999999999,0.7708763722369174,0.361414755310837,0.9217978793951762,0.5058636899187003,0.033,1.7429,9.59,,,
682790,"González, Wikelman",368,4.842,1.503,-0.061,0.448,0.3,0.493,0.346,0.7,16.9,P,RP,23.0,4.963,4.878299999999999,0.7628727105825086,0.33398575948615017,0.935655593188556,0.5088645922261202,0.033,1.7425,,1.74,+5/save (role-dependent),+3/hold (role-dependent)
669721,"Daniel, Davis",183,4.764,1.708,-0.064,0.505,0.329,0.512,0.352,0.671,8.4,P,SP,61.0,4.98,4.8288,0.7503566318471515,0.30022382906760403,0.9245313041206479,0.5254005710864722,0.033,1.7418,9.58,,,
676467,"Gordon, Colton",1451,4.981,1.467,-0.056,0.498,0.278,0.549,0.353,0.722,40.0,P,SP,72.55,4.475,4.8292,0.7258958188704843,0.22662910953013493,0.9758619795545364,0.5262677906859656,0.033,1.7379,9.56,,,
670174,"Winckowski, Josh",207,4.89,1.581,-0.06,0.517,0.314,0.458,0.323,0.686,23.6,P,RP,34.5,4.803,4.863899999999999,0.7619235242684672,0.40473921354681874,0.9062817686250395,0.4900539911211917,0.033,1.7378,,1.74,+5/save (role-dependent),+3/hold (role-dependent)
656849,"Peterson, David",2699,4.828,1.665,-0.062,0.489,0.323,0.484,0.335,0.677,14.3,P,SP,89.96666666666667,4.866,4.8393999999999995,0.7531384958410733,0.3550331746686741,0.9136112935925118,0.5068584485697836,0.033,1.7378,9.56,,,
669422,"Sauer, Matt",512,4.886,1.518,-0.06,0.497,0.327,0.491,0.33,0.673,22.4,P,SP,51.2,4.644,4.8134,0.7411298577368376,0.34322398031489443,0.9121206200698342,0.507762887572728,0.033,1.7373,9.56,,,
663399,"Waddell, Brandon",512,4.928,1.524,-0.058,0.476,0.324,0.492,0.328,0.676,31.0,P,RP,46.54545454545455,4.534,4.809799999999999,0.7377476654681068,0.3415276866361061,0.9143506128752454,0.5066398443571224,0.033,1.7356,,1.74,+5/save (role-dependent),+3/hold (role-dependent)
592791,"Taillon, Jameson",2114,4.874,1.48,-0.06,0.51,0.277,0.532,0.344,0.723,19.8,P,SP,84.56,4.743,4.8347,0.7283616722992746,0.25998207688706776,0.9679499698793488,0.5164757773445343,0.033,1.7345,9.54,,,
656222,"Beeks, Jalen",929,4.888,1.368,-0.06,0.463,0.358,0.465,0.335,0.642,23.2,P,RP,14.983870967741936,4.671,4.8229,0.7612234989527105,0.3941461704006326,0.8831023240335287,0.5104613177575668,0.033,1.7301,,1.73,+5/save (role-dependent),+3/hold (role-dependent)
669920,"Alexander, Jason",1252,4.775,1.574,-0.064,0.445,0.289,0.513,0.324,0.711,9.3,P,SP,69.55555555555556,4.873,4.8044,0.7179175588262854,0.30021393173001276,0.9471230141490267,0.5040007176508798,0.033,1.7296,9.51,,,
592454,"Kahnle, Tommy",1092,4.746,1.506,-0.065,0.492,0.35,0.483,0.325,0.65,7.1,P,RP,15.380281690140846,4.868,4.7826,0.7357397223832791,0.3616265038767068,0.8930056426177854,0.5097154339757545,0.033,1.7287,,1.73,+5/save (role-dependent),+3/hold (role-dependent)
681190,"Vásquez, Randy",2148,4.819,1.557,-0.062,0.494,0.282,0.536,0.336,0.718,13.5,P,SP,76.71428571428571,4.76,4.8012999999999995,0.7128681991814376,0.25473736036819994,0.9648585236856222,0.5161323629407712,0.033,1.728,9.5,,,
687075,"Sproat, Brandon",290,4.767,1.553,-0.064,0.489,0.283,0.539,0.321,0.717,8.5,P,SP,72.5,4.757,4.763999999999999,0.6933478118595022,0.2517970131319176,0.9608999243068587,0.5099586026197389,0.033,1.7277,9.5,,,
657756,"Seabold, Connor",223,4.743,1.401,-0.065,0.537,0.279,0.54,0.343,0.721,6.5,P,RP,27.875,4.976,4.8129,0.7176378595911919,0.2458441902265509,0.9707031206106879,0.5202813699037415,0.033,1.7275,,1.73,+5/save (role-dependent),+3/hold (role-dependent)
701552,"Granillo, Andre",361,4.78,1.511,-0.064,0.516,0.376,0.511,0.334,0.624,9.8,P,RP,25.785714285714285,4.607,4.7281,0.7190906228430152,0.31037642747652816,0.8886350513010215,0.5302068770263599,0.033,1.7267,,1.73,+5/save (role-dependent),+3/hold (role-dependent)
695418,"Lord, Brad",2127,4.81,1.508,-0.063,0.504,0.267,0.535,0.332,0.733,12.9,P,RP,44.3125,4.806,4.8088,0.709633043318137,0.25611745473301384,0.9744915159955918,0.5106764475968075,0.033,1.7247,,1.72,+5/save (role-dependent),+3/hold (role-dependent)
669060,"Wilson, Bryse",862,4.827,1.573,-0.062,0.483,0.323,0.479,0.325,0.677,14.1,P,RP,41.04761904761905,4.787,4.8149999999999995,0.7400526270677162,0.36695229714274735,0.9115144120356102,0.5026407090251984,0.033,1.7233,,1.72,+5/save (role-dependent),+3/hold (role-dependent)
671106,"Allen, Logan",2708,4.884,1.455,-0.06,0.46,0.304,0.492,0.338,0.696,21.7,P,SP,90.26666666666667,4.747,4.8429,0.7458227951639473,0.33884404630468223,0.9340673661890981,0.5089578892390578,0.033,1.722,9.47,,,
666659,"Lao, Sauryn",185,4.758,1.551,-0.064,0.475,0.355,0.492,0.321,0.645,8.0,P,RP,23.125,4.728,4.749,0.7201389880459882,0.34645715286421974,0.8932980689810937,0.5132339382449962,0.033,1.7209,,1.72,+5/save (role-dependent),+3/hold (role-dependent)
687377,"Ribalta, Orlando",521,4.834,1.59,-0.062,0.53,0.321,0.481,0.33,0.679,15.8,P,RP,22.652173913043477,4.795,4.822299999999999,0.7430000013654023,0.36238409695116347,0.9157992719195516,0.5058195217684085,0.033,1.7202,,1.72,+5/save (role-dependent),+3/hold (role-dependent)
700241,"McGreevy, Michael",1523,4.797,1.591,-0.063,0.493,0.329,0.508,0.334,0.671,11.4,P,SP,84.61111111111111,4.742,4.780499999999999,0.7244530473490718,0.3120925158304997,0.9218761568073945,0.5187650379087942,0.033,1.72,9.46,,,
621366,"Borucki, Ryan",618,4.97,1.551,-0.057,0.49,0.373,0.471,0.312,0.627,38.9,P,RP,15.073170731707316,4.206,4.7408,0.7244502199597641,0.38887355153186476,0.870036009133065,0.5064333981079666,0.033,1.7197,,1.72,+5/save (role-dependent),+3/hold (role-dependent)
642216,"Winans, Allan",171,4.753,1.678,-0.065,0.47,0.313,0.497,0.328,0.687,7.7,P,SP,57.0,4.915,4.8016,0.7280278243024384,0.3322516661198699,0.9273596530189336,0.5084303611655964,0.033,1.7186,9.45,,,
683155,"Estes, Joey",266,4.767,1.396,-0.064,0.473,0.294,0.534,0.351,0.706,8.7,P,SP,66.5,4.924,4.8141,0.7255388785007305,0.25767591794160816,0.9621797471012227,0.5276558381163907,0.033,1.7174,9.45,,,
677651,"Garcia, Luis",106,4.956,1.306,-0.057,0.442,0.343,0.452,0.339,0.657,36.7,P,SP,53.0,4.609,4.8519000000000005,0.7695189241806877,0.4176411543245585,0.8939068640117238,0.507947249746737,0.033,1.7091,9.4,,,
622780,"Perdomo, Angel",118,4.734,1.544,-0.065,0.461,0.298,0.482,0.342,0.702,6.0,P,RP,19.666666666666668,5.147,4.8579,0.7509644059858515,0.35750959478319677,0.939520025577183,0.5095008011451355,0.033,1.7019,,1.7,+5/save (role-dependent),+3/hold (role-dependent)
687847,"Church, Marc",122,4.821,1.535,-0.062,0.47,0.32,0.517,0.339,0.68,13.9,P,RP,20.333333333333332,4.662,4.7733,0.7162371724930475,0.2947827386926474,0.936811318116193,0.5251100084230862,0.033,1.7014,,1.7,+5/save (role-dependent),+3/hold (role-dependent)
641778,"Lauer, Eric",1818,4.82,1.538,-0.062,0.5,0.281,0.523,0.35,0.719,13.6,P,SP,55.09090909090909,4.845,4.8275,0.7264355888236905,0.27845935918421016,0.9708203604740387,0.5237753097416604,0.033,1.6966,9.33,,,
671109,"Eder, Jake",302,4.744,1.506,-0.065,0.499,0.332,0.508,0.347,0.668,6.9,P,RP,37.75,4.872,4.7824,0.7269235192524459,0.31193847001087094,0.9292456777832685,0.5307594665397665,0.033,1.6912,,1.69,+5/save (role-dependent),+3/hold (role-dependent)
642232,"Yarbrough, Ryan",1027,4.892,1.493,-0.06,0.484,0.306,0.5,0.323,0.694,24.2,P,SP,51.35,4.49,4.7714,0.7084445694216086,0.32873567397865977,0.9378558831201552,0.5102518941436125,0.033,1.6883,9.29,,,
694363,"Shuster, Jared",318,4.791,1.466,-0.063,0.504,0.337,0.49,0.339,0.663,10.9,P,RP,24.46153846153846,4.765,4.7832,0.7297717146611994,0.34766066804812734,0.9174149643453468,0.5229482869104163,0.033,1.6858,,1.69,+5/save (role-dependent),+3/hold (role-dependent)
693821,"Elder, Bryce",2553,4.819,1.668,-0.062,0.473,0.335,0.479,0.324,0.665,13.3,P,SP,88.03448275862068,4.658,4.7707,0.7221002282329647,0.37054399704250784,0.9100955713470156,0.5113593050222915,0.033,1.6857,9.27,,,
669391,"White, Owen",119,4.842,1.609,-0.061,0.478,0.361,0.505,0.332,0.639,16.8,P,RP,39.666666666666664,4.43,4.7184,0.7066310021066922,0.3230918917357706,0.9043296135116063,0.5304158036316926,0.033,1.6854,,1.69,+5/save (role-dependent),+3/hold (role-dependent)
573009,"Mantiply, Joe",211,4.696,1.646,-0.067,0.479,0.273,0.54,0.324,0.727,3.0,P,RP,19.181818181818183,4.864,4.7463999999999995,0.679070523485695,0.2512357939135501,0.9778184086359604,0.5166653487352089,0.033,1.6837,,1.68,+5/save (role-dependent),+3/hold (role-dependent)
621244,"Berríos, José",2667,4.91,1.534,-0.059,0.448,0.292,0.481,0.33,0.708,28.4,P,SP,83.34375,4.632,4.8266,0.7312750445042142,0.3620354669383198,0.9434728522576425,0.5048805922225013,0.033,1.683,9.26,,,
571510,"Boyd, Matthew",2901,4.762,1.542,-0.064,0.508,0.261,0.538,0.346,0.739,8.2,P,SP,85.32352941176471,4.914,4.8076,0.7060864953642885,0.2502502369237891,0.9924157426164355,0.5243023408065003,0.033,1.6818,9.25,,,
608379,"Wacha, Michael",2750,4.83,1.467,-0.062,0.504,0.286,0.526,0.34,0.714,15.1,P,SP,85.9375,4.676,4.783799999999999,0.7054181629039857,0.27603790312983434,0.9686945329532458,0.5237718353682399,0.033,1.6801,9.24,,,
657024,"Swanson, Erik",128,4.849,1.622,-0.061,0.507,0.389,0.449,0.333,0.611,18.0,P,RP,21.333333333333332,4.572,4.7659,0.7456527847002132,0.4305782644872622,0.8652447076093845,0.5209984693678775,0.033,1.6748,,1.67,+5/save (role-dependent),+3/hold (role-dependent)
666619,"Santos, Gregory",161,4.657,1.727,-0.068,0.469,0.341,0.513,0.318,0.659,1.4,P,RP,16.1,4.766,4.6897,0.681562414991325,0.3095134346307469,0.9198417816699251,0.5233187461016795,0.033,1.6726,,1.67,+5/save (role-dependent),+3/hold (role-dependent)
675848,"Mejia, Juan",1074,4.878,1.496,-0.06,0.472,0.297,0.491,0.325,0.703,20.3,P,RP,19.527272727272727,4.573,4.7865,0.7121883205346771,0.34540494481384587,0.9445930590328464,0.5088638467131875,0.033,1.6715,,1.67,+5/save (role-dependent),+3/hold (role-dependent)
518397,"Alexander, Scott",346,4.706,1.679,-0.066,0.445,0.341,0.502,0.313,0.659,3.7,P,RP,15.043478260869565,4.667,4.6943,0.6840294230387612,0.33101035124847034,0.914500367508361,0.5175415004290986,0.033,1.6704,,1.67,+5/save (role-dependent),+3/hold (role-dependent)
681882,"Selby, Colin",214,4.92,1.57,-0.059,0.457,0.33,0.517,0.335,0.67,29.9,P,RP,19.454545454545453,4.284,4.7292,0.697424374665374,0.2983582232429731,0.9348260981720742,0.5309212476300085,0.033,1.6694,,1.67,+5/save (role-dependent),+3/hold (role-dependent)
664192,"Lucchesi, Joey",632,4.818,1.561,-0.062,0.467,0.27,0.5,0.331,0.73,13.2,P,RP,16.63157894736842,4.805,4.814099999999999,0.7139269559522244,0.32527369687437613,0.9693275408709863,0.5085646004597164,0.033,1.6692,,1.67,+5/save (role-dependent),+3/hold (role-dependent)
671162,"Thomas, Connor",164,4.793,1.598,-0.063,0.433,0.318,0.463,0.322,0.682,11.1,P,SP,54.666666666666664,4.806,4.7969,0.7279263361762143,0.40023050576435026,0.918600760161244,0.503729261697841,0.033,1.6686,9.18,,,
593958,"Rodriguez, Eduardo",2664,4.743,1.523,-0.065,0.483,0.299,0.478,0.341,0.701,6.6,P,SP,88.8,5.049,4.8348,0.7390595652451317,0.3673351475173344,0.943597521611828,0.513590256125198,0.033,1.6679,9.17,,,
641540,"Dunning, Dane",420,4.876,1.485,-0.06,0.458,0.3,0.476,0.325,0.7,20.1,P,RP,32.30769230769231,4.632,4.8028,0.7223816002387204,0.37390594336408944,0.9374513999115827,0.5053046486670744,0.033,1.6674,,1.67,+5/save (role-dependent),+3/hold (role-dependent)
642152,"Trivino, Lou",849,4.691,1.619,-0.067,0.49,0.298,0.499,0.325,0.702,2.3,P,RP,17.6875,4.949,4.7684,0.7029650102803006,0.33096707418878935,0.9482260758505168,0.5128160850343316,0.033,1.6651,,1.67,+5/save (role-dependent),+3/hold (role-dependent)
607625,"Lugo, Seth",2464,4.826,1.609,-0.062,0.437,0.277,0.503,0.337,0.723,14.0,P,SP,91.25925925925925,4.775,4.8107,0.715490325964825,0.3195848479089314,0.9682504489687527,0.5150343811651104,0.033,1.6646,9.16,,,
702795,"Loutos, Ryan",231,4.776,1.536,-0.064,0.476,0.283,0.518,0.337,0.717,9.5,P,RP,19.25,4.776,4.776,0.699783485026727,0.29257566150666947,0.971164577671674,0.5226113242448724,0.033,1.6578,,1.66,+5/save (role-dependent),+3/hold (role-dependent)
571945,"Mikolas, Miles",2480,4.705,1.629,-0.066,0.501,0.263,0.548,0.341,0.737,3.6,P,SP,80.0,4.884,4.7587,0.6808287874202233,0.23433319017443677,0.998761102538299,0.530207125530671,0.033,1.6543,9.1,,,
657514,"Bernardino, Brennan",833,4.841,1.617,-0.061,0.436,0.292,0.502,0.318,0.708,16.6,P,RP,15.145454545454545,4.526,4.7465,0.6883169261129893,0.32677814504604363,0.9539428388732791,0.5109161418673713,0.033,1.6528,,1.65,+5/save (role-dependent),+3/hold (role-dependent)
677955,"Hill, Jaden",513,4.802,1.491,-0.063,0.475,0.322,0.479,0.314,0.678,12.0,P,RP,17.689655172413794,4.588,4.7378,0.6981659662523834,0.373211422024497,0.9230686920415359,0.5089975889986857,0.033,1.6509,,1.65,+5/save (role-dependent),+3/hold (role-dependent)
573186,"Stroman, Marcus",774,4.788,1.684,-0.063,0.446,0.309,0.485,0.323,0.691,10.6,P,SP,77.4,4.701,4.7619,0.7048011518161189,0.3593284526059646,0.93730700455153,0.5123262733729423,0.033,1.6505,9.08,,,
663623,"Irvin, Jake",2944,4.774,1.572,-0.064,0.484,0.269,0.54,0.34,0.731,9.2,P,SP,89.21212121212122,4.719,4.757499999999999,0.6830882007406271,0.25033584201993064,0.9922816464552268,0.529514590497858,0.033,1.6484,9.07,,,
608334,"Fulmer, Carson",460,4.857,1.577,-0.061,0.473,0.347,0.477,0.328,0.653,18.3,P,RP,35.38461538461539,4.458,4.7373,0.7099935658584429,0.37722830033530497,0.9100573658058029,0.5224706332125332,0.033,1.6448,,1.64,+5/save (role-dependent),+3/hold (role-dependent)
596295,"Gomber, Austin",999,4.731,1.621,-0.065,0.491,0.305,0.537,0.35,0.695,5.6,P,SP,83.25,4.733,4.731599999999999,0.6866157566441254,0.258400239677542,0.9715144611109873,0.5447156221724732,0.033,1.6343,8.99,,,
815083,"Farris, Mitch",405,4.722,1.598,-0.066,0.463,0.322,0.473,0.347,0.678,4.8,P,SP,81.0,4.99,4.8024000000000004,0.7328113401359433,0.3799028839687909,0.9340565045280702,0.5263923523727566,0.033,1.6331,8.98,,,
672335,"Pérez, Cionel",448,4.821,1.68,-0.062,0.463,0.323,0.491,0.319,0.677,13.7,P,RP,22.4,4.46,4.7127,0.6851885133171262,0.3513884087552075,0.9326564049326436,0.5192511266924518,0.033,1.6296,,1.63,+5/save (role-dependent),+3/hold (role-dependent)
664948,"Misiewicz, Anthony",125,4.693,1.758,-0.067,0.468,0.372,0.484,0.326,0.628,2.7,P,RP,20.833333333333332,4.652,4.6807,0.6917343934077262,0.3679000544450166,0.8980504413359278,0.5329204425395039,0.033,1.6269,,1.63,+5/save (role-dependent),+3/hold (role-dependent)
687849,"Kent, Zak",308,4.779,1.663,-0.064,0.415,0.308,0.485,0.329,0.692,9.6,P,RP,25.666666666666668,4.704,4.7565,0.7014212687846801,0.3597662670406985,0.9446781883841879,0.5192327654950375,0.033,1.6255,,1.63,+5/save (role-dependent),+3/hold (role-dependent)
605347,"López, Jorge",386,4.772,1.572,-0.064,0.477,0.256,0.538,0.332,0.744,8.9,P,RP,14.846153846153847,4.657,4.7375,0.6660722874148123,0.25593371690061084,1.0036247597389503,0.5262452096021981,0.033,1.621,,1.62,+5/save (role-dependent),+3/hold (role-dependent)
686826,"Jarvis, Bryce",437,4.714,1.544,-0.066,0.478,0.303,0.521,0.338,0.697,4.0,P,RP,33.61538461538461,4.74,4.7218,0.680392296678517,0.29100551129760954,0.9660047002600827,0.535400765520303,0.033,1.6196,,1.62,+5/save (role-dependent),+3/hold (role-dependent)
592836,"Walker, Taijuan",2167,4.812,1.578,-0.062,0.49,0.293,0.505,0.33,0.707,13.0,P,SP,60.19444444444444,4.551,4.7337,0.6819360381741371,0.3218514175040248,0.9662198219953657,0.5251658375282626,0.033,1.6105,8.86,,,
608717,"Stratton, Chris",459,4.869,1.545,-0.06,0.442,0.343,0.468,0.337,0.657,19.5,P,RP,25.5,4.465,4.7478,0.7136894594550132,0.39427052420748654,0.9188415840737081,0.5287689552203565,0.033,1.61,,1.61,+5/save (role-dependent),+3/hold (role-dependent)
643511,"Rogers, Tyler",991,4.616,1.544,-0.07,0.529,0.211,0.624,0.317,0.789,0.7,P,RP,12.085365853658537,4.628,4.619599999999999,0.5810694437683812,0.1,1.0659011542151666,0.5376709193742157,0.033,1.6068,,1.61,+5/save (role-dependent),+3/hold (role-dependent)
527048,"Pérez, Martín",961,4.768,1.555,-0.064,0.46,0.299,0.495,0.331,0.701,8.8,P,SP,80.08333333333333,4.673,4.7395,0.6879495941754219,0.34126287205653016,0.9596180098681855,0.5248539363026634,0.033,1.6044,8.82,,,
607259,"Martinez, Nick",2594,4.741,1.568,-0.065,0.517,0.287,0.538,0.339,0.713,6.3,P,SP,63.26829268292683,4.619,4.7044,0.6633192888870373,0.2586173572320345,0.98715860050392,0.5401547167284355,0.033,1.6042,8.82,,,
687223,"Palmquist, Carson",705,4.831,1.513,-0.062,0.451,0.31,0.493,0.348,0.69,15.4,P,SP,78.33333333333333,4.599,4.7614,0.7050168288736727,0.3434636312306645,0.9572724065011637,0.5362994982979606,0.033,1.5987,8.79,,,
686799,"Kochanowicz, Jack",1934,4.719,1.65,-0.066,0.464,0.321,0.487,0.32,0.679,4.5,P,SP,80.58333333333333,4.649,4.698,0.676337153474901,0.36053291681309274,0.9392302499443783,0.5234155174880377,0.033,1.5967,8.78,,,
592351,"Gray, Jon",210,4.75,1.584,-0.065,0.487,0.344,0.496,0.341,0.656,7.4,P,RP,35.0,4.577,4.6981,0.6875188765269454,0.34263127942087823,0.9338822451287563,0.5434394814567111,0.033,1.5911,,1.59,+5/save (role-dependent),+3/hold (role-dependent)
624133,"Suarez, Ranger",2501,4.723,1.536,-0.066,0.514,0.262,0.517,0.331,0.738,4.9,P,SP,92.62962962962963,4.769,4.7368,0.6685998537838503,0.297742039964459,0.9970175365909042,0.5254434967152097,0.033,1.59,8.75,,,
664351,"Contreras, Luis",257,4.987,1.443,-0.056,0.444,0.355,0.446,0.335,0.645,41.1,P,RP,23.363636363636363,4.184,4.7461,0.7185837003639094,0.4381480939871185,0.9057037980166001,0.5272310361588848,0.033,1.5873,,1.59,+5/save (role-dependent),+3/hold (role-dependent)
669438,"Englert, Mason",723,4.907,1.584,-0.059,0.5,0.294,0.516,0.331,0.706,27.9,P,RP,24.93103448275862,4.216,4.6997,0.6641854609731886,0.3027381572531851,0.9747490229119582,0.5335444934950131,0.033,1.5866,,1.59,+5/save (role-dependent),+3/hold (role-dependent)
641793,"Littell, Zack",2873,4.759,1.578,-0.064,0.523,0.292,0.535,0.34,0.708,8.1,P,SP,84.5,4.531,4.6906,0.6583374152756676,0.2657007262488531,0.98655740825808,0.5441225873865061,0.033,1.5848,8.72,,,
657006,"Steele, Justin",246,4.7,1.496,-0.066,0.526,0.25,0.548,0.346,0.75,3.3,P,SP,82.0,4.798,4.7294,0.658825227389809,0.23670873886660337,1.0233121718564302,0.5413777571995092,0.033,1.583,8.71,,,
594902,"Lively, Ben",719,4.84,1.593,-0.061,0.47,0.273,0.524,0.345,0.727,16.5,P,SP,79.88888888888889,4.499,4.7377,0.6744046604394577,0.28375188111172767,0.9975385756544901,0.5386108429373663,0.033,1.5829,8.71,,,
683409,"Chivilli, Angel",1056,4.748,1.468,-0.065,0.482,0.333,0.47,0.322,0.667,7.3,P,RP,22.956521739130434,4.6,4.7036,0.685146428893858,0.3938777764953084,0.9275598304697013,0.5241018492869425,0.033,1.5825,,1.58,+5/save (role-dependent),+3/hold (role-dependent)
693855,"Seymour, Ian",995,4.798,1.515,-0.063,0.511,0.301,0.507,0.342,0.699,11.7,P,SP,52.36842105263158,4.553,4.7245,0.6808726629287669,0.31862098364079405,0.97063182570902,0.5386294526390917,0.033,1.5814,8.7,,,
692230,"Rodriguez, Carlos",208,4.721,1.4,-0.066,0.5,0.323,0.476,0.328,0.677,4.7,P,SP,52.0,4.692,4.7123,0.6849739908782188,0.38124338898323895,0.9402573414794748,0.5279295259212956,0.033,1.5746,8.66,,,
500779,"Quintana, Jose",2271,4.718,1.569,-0.066,0.461,0.302,0.473,0.33,0.698,4.4,P,SP,87.34615384615384,4.791,4.7399000000000004,0.6896156069328935,0.38497018066709854,0.9557061519803212,0.5238120321364892,0.033,1.5683,8.63,,,
605540,"Woodruff, Brandon",964,4.744,1.513,-0.065,0.509,0.252,0.566,0.349,0.748,6.7,P,SP,80.33333333333333,4.575,4.6933,0.6404322374907835,0.20384855000455127,1.0330522263770603,0.5521240839194634,0.033,1.5663,8.61,,,
623433,"Anderson, Nick",248,4.647,1.587,-0.068,0.535,0.275,0.536,0.347,0.725,1.2,P,RP,19.076923076923077,4.847,4.707,0.6589077234656833,0.2623828976266065,1.005065554440644,0.547223486949394,0.033,1.564,,1.56,+5/save (role-dependent),+3/hold (role-dependent)
801434,"Gervase, Paul",136,4.792,1.496,-0.063,0.466,0.298,0.532,0.348,0.702,11.0,P,RP,22.666666666666668,4.449,4.6891,0.6604359367668909,0.2717868512754451,0.9876533353088441,0.5520866160117016,0.033,1.5638,,1.56,+5/save (role-dependent),+3/hold (role-dependent)
685314,"Saalfrank, Andrew",427,4.629,1.757,-0.069,0.473,0.326,0.501,0.332,0.674,1.0,P,RP,15.25,4.752,4.6659,0.6615408782835133,0.3353011008367921,0.9524704380369482,0.5418794783200938,0.033,1.557,,1.56,+5/save (role-dependent),+3/hold (role-dependent)
691951,"Aldegheri, Sam",303,4.79,1.525,-0.063,0.426,0.324,0.426,0.328,0.676,10.7,P,SP,75.75,4.732,4.7726,0.7177970786497105,0.4757629595592524,0.9238564825092823,0.5147626767077605,0.033,1.5557,8.56,,,
669330,"Wells, Tyler",342,4.691,1.432,-0.067,0.558,0.287,0.547,0.342,0.713,2.5,P,SP,85.5,4.586,4.6594999999999995,0.6392391451196712,0.24436417346260142,1.001131657236835,0.5528225736818743,0.033,1.5551,8.55,,,
699911,"Darnell, Dugan",186,4.737,1.614,-0.065,0.456,0.284,0.508,0.34,0.716,6.2,P,RP,20.666666666666668,4.673,4.7178,0.6690543002718751,0.3171760278782416,0.9875440873985121,0.5381833121193724,0.033,1.555,,1.56,+5/save (role-dependent),+3/hold (role-dependent)
678024,"Vasil, Mike",1646,4.781,1.624,-0.064,0.438,0.299,0.488,0.322,0.701,9.9,P,RP,35.02127659574468,4.486,4.6925,0.6627432076037922,0.35899066895393295,0.9641293910808528,0.526525597649633,0.033,1.5536,,1.55,+5/save (role-dependent),+3/hold (role-dependent)
687931,"Whisenhunt, Carson",408,4.754,1.472,-0.065,0.479,0.341,0.454,0.342,0.659,7.8,P,SP,81.6,4.681,4.732099999999999,0.7043017935155184,0.42337780869865305,0.929003728946436,0.5369699492556282,0.033,1.545,8.5,,,
489119,"Miley, Wade",205,4.677,1.605,-0.067,0.498,0.325,0.47,0.328,0.675,1.8,P,SP,68.33333333333333,4.725,4.691399999999999,0.6747328536576773,0.3948669128108181,0.9436137029266229,0.5324931602258213,0.033,1.5383,8.46,,,
471911,"Carrasco, Carlos",779,4.711,1.673,-0.066,0.472,0.325,0.476,0.327,0.675,3.8,P,SP,70.81818181818181,4.599,4.6774,0.6672245682959155,0.384072967459574,0.9463579893131226,0.5345955782598942,0.033,1.5346,8.44,,,
685299,"Gordon, Tanner",1244,4.577,1.627,-0.071,0.535,0.277,0.556,0.351,0.723,0.4,P,SP,82.93333333333334,4.842,4.656499999999999,0.6327919257659876,0.2267138739866228,1.0193184918652753,0.5620686977524292,0.033,1.5296,8.41,,,
543056,"Coulombe, Danny",743,4.865,1.549,-0.061,0.481,0.31,0.451,0.328,0.69,19.2,P,RP,13.035087719298245,4.413,4.7294,0.6878550337610732,0.4295612258218523,0.9487856700042474,0.5241956433085021,0.033,1.5281,,1.53,+5/save (role-dependent),+3/hold (role-dependent)
643361,"Herget, Kevin",216,4.665,1.477,-0.068,0.518,0.259,0.548,0.35,0.741,1.5,P,RP,30.857142857142858,4.705,4.677,0.6350772588486174,0.24095716041846438,1.031105567587339,0.5566378438484103,0.033,1.5167,,1.52,+5/save (role-dependent),+3/hold (role-dependent)
663362,"Waldron, Matt",104,4.676,1.811,-0.067,0.403,0.32,0.5,0.348,0.68,1.6,P,SP,104.0,4.676,4.676,0.6640545892288011,0.33647039565895653,0.969173511854911,0.5549470757910931,0.033,1.5155,8.34,,,
544150,"Suárez, Albert",173,4.678,1.537,-0.067,0.497,0.347,0.476,0.334,0.653,1.9,P,RP,34.6,4.591,4.6518999999999995,0.6641930251516934,0.3861404245124833,0.936879129099865,0.5468455820026681,0.033,1.5145,,1.51,+5/save (role-dependent),+3/hold (role-dependent)
665871,"Assad, Javier",567,4.692,1.645,-0.067,0.455,0.292,0.525,0.334,0.708,2.6,P,SP,70.875,4.509,4.6371,0.6296450390717911,0.28992003190871274,0.9952293356136885,0.5500772464862553,0.033,1.5113,8.31,,,
608566,"Márquez, Germán",2207,4.718,1.695,-0.066,0.477,0.315,0.51,0.339,0.685,4.3,P,SP,78.82142857142857,4.453,4.6385000000000005,0.6415239600502853,0.3196290739918328,0.9762180735049527,0.554544357908733,0.033,1.5036,8.27,,,
543294,"Hendricks, Kyle",2571,4.6,1.601,-0.07,0.493,0.243,0.523,0.325,0.757,0.5,P,SP,82.93548387096774,4.802,4.6606,0.6185405571544065,0.29199106828737076,1.030340956449433,0.5363548303945153,0.033,1.4905,8.2,,,
541640,"Ramírez, Erasmo",158,4.733,1.572,-0.065,0.493,0.277,0.534,0.331,0.723,5.9,P,RP,17.555555555555557,4.349,4.617799999999999,0.6120368798016879,0.27359128341165295,1.0125438340390056,0.5514278260089189,0.033,1.49,,1.49,+5/save (role-dependent),+3/hold (role-dependent)
678368,"Bellozo, Valente",1392,4.751,1.523,-0.065,0.496,0.303,0.516,0.337,0.697,7.6,P,RP,42.18181818181818,4.339,4.6274,0.6297650010963494,0.30860000607378746,0.98929393069434,0.5550589825057564,0.033,1.4888,,1.49,+5/save (role-dependent),+3/hold (role-dependent)
690382,"Darrell-Hicks, Michael",177,4.715,1.721,-0.066,0.475,0.341,0.467,0.313,0.659,4.1,P,RP,22.125,4.331,4.5998,0.6333484968468667,0.4082580527576899,0.9386483427883745,0.5381761148682207,0.033,1.4771,,1.48,+5/save (role-dependent),+3/hold (role-dependent)
657612,"Hill, Tim",957,4.701,1.483,-0.066,0.478,0.218,0.531,0.307,0.782,3.4,P,RP,12.932432432432432,4.428,4.6190999999999995,0.584188101463061,0.2794503935461605,1.0507519504119038,0.5282344784000537,0.033,1.4645,,1.46,+5/save (role-dependent),+3/hold (role-dependent)
663465,"Allard, Kolby",1051,4.684,1.529,-0.067,0.517,0.259,0.537,0.348,0.741,2.2,P,RP,30.91176470588235,4.566,4.6486,0.6198461656861859,0.26512960969289434,1.0366963540123175,0.5609300221998968,0.033,1.4632,,1.46,+5/save (role-dependent),+3/hold (role-dependent)
448179,"Hill, Rich",171,4.729,1.57,-0.065,0.443,0.25,0.481,0.334,0.75,5.5,P,SP,85.5,4.641,4.7025999999999994,0.644452223983007,0.3720889835877622,1.0201621893458794,0.5357749475892979,0.033,1.4477,7.96,,,
623167,"Flexen, Chris",673,4.681,1.592,-0.067,0.494,0.287,0.518,0.345,0.713,2.1,P,RP,32.04761904761905,4.502,4.6273,0.6219700887876186,0.30463177381128315,1.0118594305194197,0.5627173131392612,0.033,1.447,,1.45,+5/save (role-dependent),+3/hold (role-dependent)
669467,"Pallante, Andre",2720,4.697,1.68,-0.067,0.474,0.324,0.473,0.325,0.676,3.2,P,SP,87.74193548387096,4.409,4.6106,0.6309154908921772,0.3954534040765575,0.9627534372624496,0.5472726158120401,0.033,1.4452,7.95,,,
802419,"Harrington, Thomas",249,4.728,1.68,-0.065,0.51,0.319,0.512,0.34,0.681,5.1,P,SP,62.25,4.152,4.555199999999999,0.5987849825725509,0.3224064270941156,0.9943686542248203,0.5736879502971637,0.033,1.4016,7.71,,,
682825,"Mey, Luis",414,4.695,1.542,-0.067,0.457,0.323,0.453,0.302,0.677,2.9,P,RP,18.0,4.237,4.5576,0.602007437630747,0.43951387104893846,0.9581254941305155,0.5368905450494406,0.033,1.3976,,1.4,+5/save (role-dependent),+3/hold (role-dependent)
669620,"Basso, Brady",206,4.636,1.569,-0.069,0.512,0.27,0.526,0.342,0.73,1.1,P,RP,18.727272727272727,4.474,4.587400000000001,0.5923463637014056,0.29196137627459606,1.0364222338903986,0.5685660202539448,0.033,1.3938,,1.39,+5/save (role-dependent),+3/hold (role-dependent)
691251,"Lara, Andry",255,4.51,1.683,-0.073,0.465,0.275,0.525,0.34,0.725,0.1,P,RP,28.333333333333332,4.724,4.574199999999999,0.5876862737483963,0.29501975930588964,1.0331681468683067,0.5695391918385042,0.033,1.3874,,1.39,+5/save (role-dependent),+3/hold (role-dependent)
688497,"Rashi, Taylor",341,4.733,1.566,-0.065,0.478,0.293,0.461,0.342,0.707,5.8,P,RP,28.416666666666668,4.42,4.639099999999999,0.6312014813725155,0.41700075640545886,1.0003916478815107,0.5572770301322244,0.033,1.3663,,1.37,+5/save (role-dependent),+3/hold (role-dependent)
608718,"Suter, Brent",1182,4.625,1.637,-0.069,0.494,0.302,0.516,0.34,0.698,0.8,P,RP,23.176470588235293,4.231,4.5068,0.5646026556595539,0.3183778617828419,1.0236030719986349,0.5842563665813274,0.033,1.3211,,1.32,+5/save (role-dependent),+3/hold (role-dependent)
666120,"Anderson, Ian",203,4.555,1.657,-0.072,0.449,0.359,0.452,0.347,0.641,0.3,P,RP,29.0,4.386,4.5043,0.5908402064690826,0.445823431641866,0.9735216440934789,0.5914841890320398,0.033,1.2555,,1.26,+5/save (role-dependent),+3/hold (role-dependent)
605177,"Chafin, Andrew",642,4.728,1.722,-0.065,0.48,0.324,0.44,0.335,0.676,5.4,P,RP,14.590909090909092,3.851,4.4649,0.5527756925201242,0.472875895103809,1.0083166743233751,0.5886326613470446,0.033,1.1613,,1.16,+5/save (role-dependent),+3/hold (role-dependent)
571771,"Hernández, Enrique",120,3.54,1.992,-0.109,0.38,0.114,0.442,0.348,0.886,0.0,P,RP,24.0,3.503,3.5288999999999997,0.2,0.5447873905204422,1.4666798047985536,0.8054229088399484,0.033,-0.1553,,-0.16,+5/save (role-dependent),+3/hold (role-dependent)
