pitcher,player_name,pitch_type,pitch_group,pitches,plv,plv_raw,avg_velo,swing_rate,whiff_rate,e_xwoba_in_play,plv_pctile
547973,"Chapman, Aroldis",SI,Fastball,317,6.214982245357499,-0.011539222661514324,99.42460567823349,0.554416815753665,0.4221973349422638,0.3359205116314238,100.0
678692,"Henriquez, Ronny",FF,Fastball,343,6.151156087027821,-0.013854553999040509,96.66209912536446,0.5124888294837239,0.40075129127731757,0.3545481770685689,100.0
623352,"Hader, Josh",SI,Fastball,478,6.149221547688311,-0.013924730548493911,95.39121338912125,0.5206577857183659,0.35954519830483067,0.33549454129177453,99.9
669093,"Estrada, Jeremiah",FF,Fastball,722,6.109006637810788,-0.015383549996694088,97.84681440443227,0.5590039200696919,0.40539691001615796,0.3297456555504306,99.9
664849,"Young, Danny",ST,Breaking,84,5.997889215272252,-0.019414399687188284,82.44523809523811,0.30553324720421304,0.6035151543278238,0.27575492670498947,99.9
684007,"Imanaga, Shota",CU,Breaking,34,5.9748135275983,-0.020251483795094477,71.64117647058823,0.2108904865789757,0.340226967591556,0.3113607394473369,99.8
678495,"Rodríguez, Randy",FF,Fastball,459,5.957063364792288,-0.020895381364155013,97.38801742919385,0.4626657952697858,0.36946477702131353,0.34773188079569084,99.8
676879,"Ashby, Aaron",CU,Breaking,299,5.9210633579407235,-0.02220130273238246,82.36454849498325,0.390639767987642,0.47626256773978204,0.32072880672365744,99.8
642547,"Peralta, Freddy",FF,Fastball,1770,5.91454842529373,-0.022437635736188476,94.75932203389826,0.4789914310118471,0.3754315571138254,0.3542872237005118,99.7
694819,"Misiorowski, Jacob",FF,Fastball,719,5.911778720451947,-0.022538108404193492,99.45299026425585,0.5393655879271632,0.40815018952021354,0.3532773962323092,99.7
640462,"Puk, A.J.",FF,Fastball,112,5.896081231024765,-0.02310754404221974,96.38571428571426,0.5675622119699765,0.3023664064956971,0.3736070683638642,99.7
695243,"Miller, Mason",FF,Fastball,532,5.890239935962734,-0.02331944044743653,101.21973684210523,0.5175623473671646,0.3921499200056263,0.3445794579074185,99.6
657044,"Thompson, Ryan",FF,Fastball,50,5.8856099576920204,-0.023487395625419995,91.14400000000002,0.4555593952854258,0.43074195140001903,0.31881213339786674,99.6
641154,"López, Pablo",CU,Breaking,130,5.8742975397377934,-0.023897760223228447,82.60615384615387,0.37589207781877365,0.5143980269409538,0.30393328624995647,99.6
592779,"Stewart, Brock",ST,Breaking,87,5.867624351881721,-0.02413983402758549,84.73333333333333,0.3798705142476997,0.6554035562632347,0.2646085697095472,99.5
663947,"Holton, Tyler",CU,Breaking,43,5.865936494466363,-0.02420106204552245,80.30697674418603,0.37877022024066587,0.6349538318669337,0.29738542288845765,99.5
695445,"Lee, Chase",ST,Breaking,209,5.848510468503409,-0.024833201360443702,79.86507177033494,0.3760036970992273,0.4008505852389122,0.2939090270990306,99.5
677865,"Bruihl, Justin",ST,Breaking,97,5.8472607372535474,-0.02487853609469707,78.380412371134,0.44079421953882414,0.3214416490573058,0.3000903317497359,99.4
593833,"Suero, Wander",FC,Fastball,108,5.8411851096641065,-0.025098933049818636,92.07222222222225,0.4731830463898317,0.37160808733620426,0.33381275951586453,99.4
661527,"Martinez, Seth",ST,Breaking,49,5.838593063166582,-0.02519296105716083,77.55714285714288,0.40384784061264445,0.3563435471087495,0.3070578059712435,99.4
656730,"Megill, Trevor",KC,Breaking,332,5.831340908729432,-0.025456037213901786,87.48975903614463,0.49122645645451607,0.5278229701546264,0.3057893562072802,99.3
672282,"Detmers, Reid",CU,Breaking,229,5.829673361395961,-0.025516528471703357,73.58995633187767,0.2926257926003983,0.254282030400818,0.32925082403611183,99.3
691441,"Mena, Cristian",CU,Breaking,33,5.82681696982834,-0.025620145751543172,88.18484848484853,0.49338785284003295,0.5554740206473606,0.3011960303008292,99.3
690997,"McLean, Nolan",CU,Breaking,117,5.826780567573581,-0.025621466264690206,79.97094017094021,0.4262090770558378,0.43713284582185624,0.28641310389948105,99.2
673540,"Senga, Kodai",FO,Offspeed,542,5.8238550913690075,-0.02572758963026476,82.50996309963094,0.5190370716566752,0.6020486675186121,0.29458327268944595,99.2
647315,"Pop, Zach",SL,Breaking,26,5.8141143527201296,-0.02608094063923366,85.48076923076921,0.3562906958406348,0.607219719081932,0.28212919901524713,99.2
606996,"Hart, Kyle",ST,Breaking,244,5.806529937869558,-0.026356069737394617,81.25778688524596,0.4383795572161755,0.37539017927032514,0.3168282934185259,99.1
664141,"Brubaker, JT",CU,Breaking,49,5.8041285715520345,-0.026443180709343303,81.57551020408165,0.43263437120650916,0.4625194919057142,0.3094765698118601,99.1
694361,"Klein, Will",CU,Breaking,85,5.802839119973456,-0.026489956321823098,85.72588235294118,0.3480242854735777,0.4692742957286921,0.29200542085082604,99.1
670950,"Richards, Trevor",CH,Offspeed,36,5.798745869755119,-0.02663844137483077,79.61388888888888,0.4510876491780978,0.5635138026927772,0.2969995326254622,99.0
676684,"Vest, Will",SL,Breaking,304,5.7937835056914375,-0.026818454042450656,88.6513157894737,0.4878616646066066,0.5686636512994347,0.2856873888169901,99.0
680694,"Bradish, Kyle",CU,Breaking,63,5.791799825331692,-0.02689041321124202,83.98888888888888,0.41315864190569956,0.5021898390898705,0.31154363407958,99.0
801139,"Tolle, Payton",FF,Fastball,202,5.79141622933376,-0.026904328381106624,96.68316831683173,0.5237000924980103,0.309641873828374,0.3681311059529006,98.9
690997,"McLean, Nolan",ST,Breaking,190,5.789037505970385,-0.026990617966609846,85.33,0.39336891841433225,0.3752845874904213,0.32730379657077163,98.9
676617,"O'Brien, Riley",ST,Breaking,161,5.784905383039924,-0.0271405131500547,83.36770186335407,0.3899270350962071,0.5958737133954057,0.28262130379885225,98.9
656876,"Rasmussen, Drew",CH,Offspeed,28,5.7846418004122855,-0.027150074764505133,89.35000000000001,0.20980665103116358,0.721089822719423,0.24514941626459438,98.8
605483,"Snell, Blake",CU,Breaking,336,5.784509918526866,-0.027154858857268368,80.96369047619048,0.46018175622303154,0.5421122512998167,0.32002914988035486,98.8
689254,"Fluharty, Mason",ST,Breaking,429,5.777617192179188,-0.027404896549202345,81.75990675990674,0.4457885650639916,0.45766063542522817,0.29661893615457285,98.8
691799,"Taylor, Grant",CU,Breaking,132,5.774404170870094,-0.027521450782133826,85.23560606060607,0.46962372417000897,0.39390085588938145,0.32867209844481166,98.7
656945,"Scott, Tanner",FF,Fastball,479,5.771667454971383,-0.027620726756875578,96.47891440501041,0.5472116165388371,0.32770660700031967,0.3621371086450164,98.7
682254,"Montgomery, Mason",FF,Fastball,583,5.769985342364534,-0.027681746378513696,98.720411663808,0.5148664307300428,0.36974506828992026,0.34265726146699954,98.7
663399,"Waddell, Brandon",ST,Breaking,121,5.768802112545497,-0.027724668734350238,78.79421487603302,0.3659928874304179,0.40161489328483074,0.3119098530164597,98.6
547973,"Chapman, Aroldis",FS,Offspeed,108,5.7669671145917585,-0.027791234361638065,91.18703703703704,0.5570858376302859,0.5597923259824404,0.30845138050109633,98.6
670970,"Morejon, Adrian",FF,Fastball,38,5.765135619626578,-0.027857672915960873,96.49736842105263,0.3751108161405765,0.34558314266936674,0.31775686637795253,98.6
669711,"Weissert, Greg",CU,Breaking,44,5.764339581905197,-0.027886549651305836,81.07954545454544,0.33865644533206746,0.510329001250332,0.27656220378630414,98.5
701542,"Warren, Will",ST,Breaking,609,5.764049672822699,-0.027897066273350903,82.74975369458124,0.39900723058221604,0.4661679560860456,0.3068319879188847,98.5
608334,"Fulmer, Carson",CU,Breaking,28,5.763787480462322,-0.027906577455040694,81.22500000000001,0.3924660606044842,0.4943979868736768,0.30744136191160637,98.5
543243,"Gray, Sonny",ST,Breaking,538,5.762938325080996,-0.027937381064661725,85.05817843866173,0.5427795003615925,0.5582088347990628,0.2884993228944039,98.4
542888,"Armstrong, Shawn",ST,Breaking,261,5.762857972647446,-0.02794029589632861,85.08275862068969,0.4215384328321582,0.4904037478285025,0.2929980360294053,98.4
621345,"Minter, A.J.",FF,Fastball,90,5.754211375498118,-0.028253956280514497,94.39888888888886,0.4672464277988345,0.29084389703073044,0.3655820934297489,98.4
668933,"Ashcraft, Graham",SL,Breaking,495,5.748692976314672,-0.028454139448306118,89.81535353535348,0.5035367228884172,0.49251530090674606,0.29860735004688466,98.3
628317,"Maeda, Kenta",ST,Breaking,39,5.7481840032984435,-0.028472602743062837,79.98461538461538,0.44368628646690284,0.3045794454485759,0.3269718162205593,98.3
554430,"Wheeler, Zack",CU,Breaking,236,5.745063637637232,-0.028585795838010502,81.1330508474576,0.42773998210429603,0.5397052058738443,0.3055189844993875,98.3
656876,"Rasmussen, Drew",CU,Breaking,99,5.745029892917877,-0.028587019947501485,80.43232323232318,0.28512832485006584,0.2558454389326574,0.33067328113410893,98.2
674384,"Núñez, Eduarniel",SL,Breaking,88,5.7441359299995645,-0.028619448976813733,88.16477272727273,0.419754157736918,0.5272091818557512,0.29038324517702185,98.2
642207,"Williams, Devin",CH,Offspeed,629,5.741934895581874,-0.02869929279156954,83.72925278219395,0.5600513597952522,0.47034949834386075,0.3026299510016801,98.2
502043,"Gibson, Kyle",CU,Breaking,31,5.736983678913861,-0.028878901080871926,78.78709677419353,0.4057277225697396,0.3909320740204858,0.3325333562712879,98.1
677161,"Kelly, Zack",ST,Breaking,121,5.735416507645001,-0.028935751138043038,81.80909090909093,0.47220708515439463,0.4311876365516219,0.3085849364352827,98.1
678606,"Ferrer, Jose A.",SL,Breaking,90,5.734911449339106,-0.02895407242438585,89.74777777777777,0.45581282000115214,0.5512381021185447,0.272252394090233,98.1
664208,"Maton, Phil",ST,Breaking,141,5.731473541038774,-0.02907878456485631,83.55035460992907,0.4185450008973186,0.4253138982533621,0.3217127189073437,98.0
641745,"Keller, Brad",ST,Breaking,165,5.722747808986633,-0.029395315614067045,86.11515151515152,0.4645242797268649,0.565939939339357,0.2726436556200946,98.0
663562,"Davis, Noah",ST,Breaking,79,5.718258808379647,-0.029558156744592876,79.86835443037974,0.33805070508408686,0.5559329137110472,0.27530723724000844,98.0
607074,"Rodón, Carlos",CU,Breaking,128,5.7177932645259695,-0.029575044621000114,80.30312500000001,0.26982892672387554,0.39741269317309863,0.31442930294262217,97.9
605513,"Turnbull, Spencer",ST,Breaking,28,5.717736898179398,-0.029577089343289672,83.27857142857144,0.43594008554634295,0.553587351045777,0.284851302116844,97.9
805123,"Blubaugh, AJ",ST,Breaking,108,5.7171534610542,-0.02959825386728427,81.78518518518513,0.40816115710759315,0.5244076401101609,0.2963768563450887,97.9
686973,"Varland, Louis",FF,Fastball,590,5.716583596834399,-0.029618926026172658,98.21644067796609,0.5238584206248134,0.32939381095349496,0.3693407241440658,97.8
686580,"Slaten, Justin",CU,Breaking,99,5.716205729732389,-0.029632633376976983,84.8979797979798,0.4350899372616483,0.48011443363245004,0.3091226345322081,97.8
622379,"Castillo, Luis F.",ST,Breaking,42,5.714395104379438,-0.029698314873872828,80.6595238095238,0.37237864129679454,0.5592155259524458,0.2842975317112475,97.8
669684,"Murphy, Chris",ST,Breaking,36,5.714150906069617,-0.029707173310822503,78.88055555555556,0.41278501760594294,0.4329927261492723,0.2545764032363539,97.7
608331,"Fried, Max",ST,Breaking,382,5.708929687289691,-0.029896576085133367,81.46806282722513,0.35227390756413174,0.37980265818022624,0.3040590033766511,97.7
681799,"Roberts, Ethan",ST,Breaking,83,5.707249097360668,-0.02995754047073988,82.16144578313256,0.4234716311689523,0.4078253430565818,0.31418447548755324,97.7
696136,"Wicks, Jordan",ST,Breaking,26,5.704950234077284,-0.030040933084990888,82.54615384615386,0.4543949466792951,0.4472096134275645,0.3042139436267066,97.6
676263,"Dreyer, Jack",CU,Breaking,104,5.703870202444336,-0.030080111866084967,78.95480769230768,0.29963436730868176,0.3356716725450824,0.31241845104146915,97.6
695505,"Burns, Chase",FF,Fastball,449,5.701418477702552,-0.03016904961941717,98.68864142538976,0.5440682632309277,0.3130115555073965,0.3505761690918245,97.6
656730,"Megill, Trevor",FF,Fastball,509,5.69929020064971,-0.03024625411807946,99.0475442043222,0.5656747892351656,0.2979469765270771,0.3492844993221086,97.5
594798,"deGrom, Jacob",CU,Breaking,138,5.698798155605097,-0.030264103340734535,80.93115942028984,0.34960788456441044,0.3138016398942859,0.3474953246592431,97.5
691799,"Taylor, Grant",SL,Breaking,38,5.698635769169148,-0.030269994003963966,89.97368421052634,0.42354833055360364,0.5013287757836247,0.2865896172706167,97.5
681911,"Vesia, Alex",FF,Fastball,638,5.698593702434258,-0.030271519999450797,92.64655172413794,0.523847647756368,0.3320082519888821,0.332587882934778,97.4
641755,"Kinley, Tyler",CU,Breaking,153,5.698106198904877,-0.03028920447597685,83.57254901960783,0.4563180234341594,0.5072339626361836,0.3057112922046968,97.4
663893,"Little, Brendon",KC,Breaking,615,5.698075165845804,-0.030290330218400503,86.99268292682925,0.4416077706548243,0.6071559646598851,0.282436062082479,97.4
656641,"Latz, Jacob",FF,Fastball,685,5.697596888097148,-0.030307680024318596,94.23664233576649,0.514878711945364,0.3135322497458382,0.3591347417396515,97.3
621383,"Banks, Tanner",ST,Breaking,274,5.696483688609304,-0.03034806198880709,82.00437956204381,0.43206312672069047,0.41111850585248644,0.3096193882699059,97.3
672282,"Detmers, Reid",FF,Fastball,492,5.695822859098816,-0.030372033966980967,95.83699186991865,0.560586229005075,0.3172368523899209,0.35348753735672395,97.3
669947,"Scholtens, Jesse",ST,Breaking,36,5.693893425177325,-0.030442025314400725,81.0888888888889,0.3991169694726008,0.5455561708637551,0.2735921407366336,97.2
687075,"Sproat, Brandon",ST,Breaking,55,5.693248500081509,-0.03046542035060174,84.46909090909092,0.45043597542237285,0.4892341805717165,0.3102441423604685,97.2
681217,"Silseth, Chase",ST,Breaking,69,5.692898934343388,-0.030478101052827625,85.26086956521739,0.40175711848479345,0.5631834522860395,0.2917657489928707,97.2
694973,"Skenes, Paul",CU,Breaking,145,5.692072182918826,-0.030508091945773728,83.88413793103449,0.3870811595413829,0.5144012692881438,0.3166962526569463,97.1
623149,"Sewald, Paul",FF,Fastball,192,5.689415124406331,-0.03060447830209884,90.41927083333339,0.5661662862766935,0.323641019119091,0.3670396510644982,97.1
687209,"Maxwell, Zach",FF,Fastball,95,5.689169529558185,-0.030613387399295467,99.6326315789474,0.46393589444244315,0.38859212945800536,0.3450334285394684,97.1
642239,"Zastryzny, Rob",ST,Breaking,52,5.688279486638014,-0.030645674228375313,80.53269230769227,0.5831149807574645,0.4637238504682815,0.279624109962839,97.0
607179,"Weems, Jordan",SL,Breaking,28,5.683115518788938,-0.03083300019158289,88.525,0.5096912242047427,0.5615894301506642,0.2893777805657331,97.0
656731,"Megill, Tylor",SL,Breaking,312,5.683017361002425,-0.03083656092287354,84.03365384615387,0.42388270143032475,0.594452156649005,0.2896484343369852,97.0
621114,"Burr, Ryan",SL,Breaking,30,5.682580236950939,-0.03085241785428363,84.15666666666665,0.4638651483826222,0.5546158365818639,0.28764917657033995,96.9
592426,"Jackson, Luke",CU,Breaking,137,5.680093254729212,-0.03094263459338436,84.11824817518253,0.39049115131931295,0.4113776286911053,0.327995705336815,96.9
666215,"Whitley, Forrest",CU,Breaking,30,5.677213795957415,-0.031047088649588505,81.60666666666664,0.32223466764291886,0.5567872623981703,0.2968322854414641,96.9
642048,"Saucedo, Tayler",ST,Breaking,36,5.676929649995454,-0.031057396211055015,80.26111111111112,0.42670751771270116,0.4870176662751603,0.2756855787261791,96.8
687911,"King, Bryan",ST,Breaking,320,5.670303137026566,-0.031297776856497365,80.05281249999994,0.4653632380689248,0.3849359151691748,0.31140033099452225,96.8
663969,"Phillips, Tyler",CU,Breaking,259,5.670079331935189,-0.03130589551748421,84.05714285714284,0.43306758729123,0.48650403929146263,0.31925715449855285,96.8
676534,"Faucher, Calvin",ST,Breaking,191,5.668371274497688,-0.03136785630307468,87.54921465968592,0.4496520134646954,0.5337169029223939,0.29143787250871955,96.7
664285,"Valdez, Framber",CU,Breaking,980,5.66820744532748,-0.031373799302335595,79.41836734693884,0.46059002921654163,0.46716061895976313,0.31772894309034755,96.7
689266,"Dodd, Dylan",SL,Breaking,45,5.665047115860589,-0.031488442107779326,82.66444444444446,0.3212859123843096,0.7625406215770474,0.2659251882053768,96.7
676282,"Cantillo, Joey",CU,Breaking,316,5.663609553380385,-0.031540590530106306,77.28037974683546,0.3953714066382278,0.3142685678778873,0.33127816698250107,96.6
656234,"Bird, Jake",ST,Breaking,401,5.6619320322712685,-0.031601443592469934,83.96384039900244,0.4734605119556684,0.3753774585707408,0.3259843523220888,96.6
642585,"Bautista, Félix",SI,Fastball,387,5.656384536837156,-0.03180268224382426,97.22377260981914,0.4765073577183827,0.3179426528849833,0.3150951575260828,96.6
554340,"García, Yimi",FF,Fastball,171,5.655564887116726,-0.031832415518286986,96.02923976608187,0.5675069800593265,0.337786800656397,0.368543240312188,96.5
656876,"Rasmussen, Drew",ST,Breaking,109,5.654057624598935,-0.03188709235036707,84.60366972477065,0.441840858603695,0.5683409734760652,0.2753183129909435,96.5
657585,"Garrett, Reed",FS,Offspeed,219,5.653674018616688,-0.03190100788241867,89.08036529680368,0.4679608643053889,0.5642384563241746,0.26739313154501815,96.5
592866,"Williams, Trevor",ST,Breaking,398,5.652280066820737,-0.031951574301589715,76.80904522613068,0.4081870093229994,0.4676889338789235,0.3107994281389964,96.4
445276,"Jansen, Kenley",ST,Breaking,31,5.65205902937615,-0.031959592564565306,81.8741935483871,0.5188110149456537,0.45377717193323286,0.29907417275145615,96.4
700241,"McGreevy, Michael",CU,Breaking,178,5.651841965917715,-0.03196746666886205,79.58426966292132,0.35923690908653155,0.5004821388532632,0.30391313891413696,96.4
548384,"Raley, Brooks",ST,Breaking,163,5.651427359794841,-0.031982506749201174,81.31595092024538,0.4807719296472039,0.33478960330449414,0.3147120292612877,96.3
622663,"Severino, Luis",SL,Breaking,109,5.649455140087627,-0.03205405017609844,87.03027522935781,0.4617953394840696,0.5360688283865007,0.285851866353456,96.3
676534,"Faucher, Calvin",CU,Breaking,159,5.646639806112436,-0.032156178067686315,86.12955974842762,0.32376056983364515,0.5163847007173737,0.29880676415208896,96.3
643377,"Jax, Griffin",ST,Breaking,490,5.646627640579934,-0.03215661937951502,87.7836734693878,0.4944847742608187,0.4617719965005939,0.3110310558661863,96.2
701542,"Warren, Will",CU,Breaking,205,5.64633930334663,-0.03216707898180854,80.17756097560978,0.3572849982610376,0.5136558710514213,0.3009012554406911,96.2
696149,"Chandler, Bubba",FF,Fastball,249,5.644924378776411,-0.03221840620066962,98.88273092369477,0.5317733051101197,0.3184298826511546,0.3450757019280598,96.1
676680,"Cosgrove, Tom",ST,Breaking,27,5.644867139893607,-0.032220482574723,76.17777777777776,0.43349405345998776,0.3064055919425253,0.3116904846244279,96.1
813349,"Early, Connelly",ST,Breaking,38,5.643834087355251,-0.03225795716160031,82.98684210526316,0.5492831275773552,0.4453791708855455,0.2811660968860958,96.1
650556,"Abreu, Bryan",FF,Fastball,603,5.642521162289647,-0.03230558428859283,97.28225538971807,0.44630192684778036,0.37180093347154286,0.34673465229490896,96.0
804636,"Tong, Jonah",FF,Fastball,213,5.640132996026902,-0.03239221642081046,95.24084507042245,0.47244118596297535,0.3297593882927549,0.34815099387009335,96.0
455119,"Martin, Chris",FS,Offspeed,117,5.638374767242168,-0.0324559972014554,88.38034188034186,0.5840356304718273,0.5222289556761843,0.3015788719896447,96.0
686563,"Cannon, Jonathan",ST,Breaking,269,5.637854023773807,-0.03247488747626849,81.59033457249065,0.4043006976166891,0.45959914038169447,0.3049369529543165,95.9
666171,"Zeferjahn, Ryan",ST,Breaking,286,5.6373940729087995,-0.03249157246373046,83.88706293706304,0.42622734291925995,0.45907639833920866,0.3061006983850863,95.9
669461,"Liberatore, Matthew",CU,Breaking,378,5.637365398651982,-0.03249261263921831,77.45132275132279,0.3695372851023755,0.3905257740825971,0.32345902398127746,95.9
554340,"García, Yimi",ST,Breaking,64,5.637141580205435,-0.03250073178467175,85.70937500000002,0.4708405131831607,0.4537536953725312,0.3077799017259735,95.8
700669,"Graceffo, Gordon",CU,Breaking,195,5.636201145054572,-0.03253484662148292,83.37641025641024,0.4372443169802796,0.5184066409991869,0.30796838403496035,95.8
676760,"Marinaccio, Ron",ST,Breaking,25,5.6361184094612655,-0.032537847903667684,82.46,0.44411603195841926,0.3898861173556615,0.3135423312542567,95.8
668390,"Winn, Cole",SL,Breaking,119,5.635536945181943,-0.03255894086152072,86.05714285714286,0.43173264145930484,0.513322249430574,0.29471297582827455,95.7
691587,"Pérez, Eury",CH,Offspeed,131,5.632409384552214,-0.03267239495817224,89.68091603053442,0.22037062641017288,0.6722423012237556,0.25844650252754514,95.7
663947,"Holton, Tyler",ST,Breaking,231,5.632103326293744,-0.032683497401049554,81.35108225108229,0.42081544550593375,0.5410002120398136,0.26841655304464,95.7
669302,"Gilbert, Logan",FS,Offspeed,499,5.6311758050062695,-0.03271714377989039,81.67575150300603,0.5696230813632344,0.5257118882459189,0.29027649605977224,95.6
681432,"Little, Luke",ST,Breaking,35,5.629690812438482,-0.03277101275646941,82.28857142857143,0.49172150543489834,0.4432158996074316,0.30927549902732665,95.6
683175,"Phillips, Connor",ST,Breaking,183,5.627278779734933,-0.03285851065782849,85.78633879781424,0.4273480237127985,0.504300301657389,0.3077400055676299,95.6
657585,"Garrett, Reed",ST,Breaking,207,5.6251256501602445,-0.032936616696300915,86.3531400966184,0.4306293480191485,0.42452317426200553,0.31957957206990495,95.5
547973,"Chapman, Aroldis",FF,Fastball,395,5.624980391515195,-0.03294188603886694,98.413164556962,0.5321768829199431,0.32624920442239314,0.34701656706791634,95.5
800311,"Fuentes, Didier",FF,Fastball,169,5.624205751198399,-0.03296998657080762,95.95502958579878,0.5005824954861146,0.33552059088931574,0.3689704656947947,95.5
680694,"Bradish, Kyle",SL,Breaking,158,5.623857082323414,-0.032982634738797076,86.93481012658226,0.4889077755769965,0.4764641921815182,0.305019533161962,95.4
666374,"Brash, Matt",SL,Breaking,607,5.623627232434571,-0.03299097267835809,86.11252059308076,0.4194226042676218,0.4850888677746741,0.30415397936174854,95.4
623437,"Topa, Justin",ST,Breaking,295,5.622751708045735,-0.03302273283919655,82.81559322033901,0.409494394583607,0.44503111406446666,0.3078425340376434,95.4
689225,"Brieske, Beau",SL,Breaking,43,5.621962879282524,-0.033051348065354494,87.90697674418605,0.32234810329105756,0.6562648862172631,0.26486986032533316,95.3
621121,"McCullers Jr., Lance",KC,Breaking,188,5.620432929905375,-0.03310684787656731,82.28510638297874,0.4284112567734841,0.42643120290009734,0.31242542756108854,95.3
688497,"Rashi, Taylor",CU,Breaking,31,5.619834863280687,-0.0331285430942385,74.85483870967742,0.3059697856851688,0.25985767774361873,0.34615454392181,95.3
668716,"Murdock, Noah",ST,Breaking,77,5.619716196491789,-0.03313284780162253,82.24025974025975,0.4285882979135978,0.5502407535033673,0.27939496316556506,95.2
680742,"Bowlan, Jonathan",CU,Breaking,70,5.617899259856493,-0.03319875824398798,80.9971428571428,0.29962012190980936,0.45758671950131435,0.3141776988869059,95.2
593423,"Montas, Frankie",ST,Breaking,89,5.617469919263951,-0.03321433282585853,84.7078651685393,0.43390796954656985,0.38314608726338895,0.3329396399483879,95.2
656546,"Hoffman, Jeff",FF,Fastball,497,5.61236026879523,-0.03339968839422803,96.23863179074458,0.49077779047543313,0.29893170033813277,0.35962755933801116,95.1
668881,"Greene, Hunter",FF,Fastball,1025,5.612120223229058,-0.03340839618796545,99.49297560975587,0.5932933556882972,0.2832589035952782,0.3575743793425287,95.1
689690,"Jacob, Alek",ST,Breaking,67,5.611878472369824,-0.03341716584220924,71.9283582089552,0.4095896263650344,0.448301294532288,0.2832540221864359,95.1
641302,"Alexander, Tyler",ST,Breaking,355,5.609912285363647,-0.033488490429337436,80.249295774648,0.46670931163424373,0.40398533839680184,0.305301102905262,95.0
689147,"Kerkering, Orion",ST,Breaking,547,5.60981002629031,-0.03349219993721392,86.78592321755023,0.4667599915961759,0.4165634188535412,0.32171387723780903,95.0
702795,"Loutos, Ryan",SL,Breaking,52,5.6090720271100265,-0.03351897129043157,86.98461538461538,0.4814804816440387,0.4509614996053043,0.31972029568856275,95.0
663941,"Beck, Tristan",ST,Breaking,232,5.607708085839808,-0.033568449060175545,83.11336206896554,0.48572501255402817,0.3932137800272988,0.30942970946211124,94.9
672391,"Ort, Kaleb",FF,Fastball,428,5.607063078132722,-0.03359184709314908,96.40490654205601,0.47802839360375793,0.3556161252490177,0.34990744623016584,94.9
608331,"Fried, Max",CU,Breaking,577,5.606057634657626,-0.03362832014505938,75.22755632582316,0.38104378192207994,0.3833459891685718,0.31680559698704297,94.9
681751,"Estrada, Lazaro",SL,Breaking,41,5.605936677507649,-0.0336327079366353,85.59756097560977,0.4191975105597126,0.5007769316523882,0.3013050133413984,94.8
673513,"Matsui, Yuki",ST,Breaking,118,5.60523886660592,-0.03365802143647183,81.3822033898305,0.3900603571024135,0.4197202793142461,0.2983004708377833,94.8
674444,"Cruz, Steven",FF,Fastball,322,5.605166093999168,-0.03366066130547422,98.20124223602485,0.49571632504549784,0.33715929093191077,0.3561857855393087,94.8
671305,"Otañez, Michel",SL,Breaking,43,5.604843103291132,-0.033672377982893395,85.15348837209301,0.3514694105159505,0.7240718302958767,0.2532355732752697,94.7
677960,"Weathers, Ryan",ST,Breaking,120,5.604377255555063,-0.03368927688281244,83.76833333333337,0.43305165168931753,0.4671447173624702,0.3225839099914531,94.7
663804,"Kowar, Jackson",SL,Breaking,100,5.603169300689667,-0.0337330961542109,86.21600000000001,0.4044956448129174,0.5768672301754969,0.28766386629880875,94.7
650633,"King, Michael",ST,Breaking,235,5.60292129137431,-0.033742092837621945,82.26680851063828,0.4027230918839562,0.4335052372202497,0.30518642937572804,94.6
681517,"Leahy, Kyle",ST,Breaking,187,5.601372153391321,-0.03379828872676902,86.74117647058823,0.5668359116728208,0.4661007616346249,0.30415367627819373,94.6
571946,"Miller, Shelby",FF,Fastball,440,5.601004961444032,-0.033811608830072774,95.15590909090905,0.5084041897701858,0.2943979402619936,0.374240240783055,94.6
689958,"Walters, Andrew",FF,Fastball,25,5.601004049778507,-0.03381164190127472,96.38800000000003,0.5630693424924725,0.3452973715569362,0.34547838646897977,94.5
676604,"Zuber, Tyler",ST,Breaking,84,5.5995345368233576,-0.033864949345824256,82.82023809523814,0.5107635128270256,0.35376437577378705,0.3125263235648766,94.5
669391,"White, Owen",ST,Breaking,33,5.598922654690429,-0.0338871457291615,81.66363636363637,0.4739820009274867,0.5678109608877391,0.2745518102713419,94.5
669711,"Weissert, Greg",ST,Breaking,96,5.598761574903301,-0.03389298899293835,81.37604166666668,0.3644091229361835,0.4834457759390453,0.2914713080754603,94.4
678692,"Henriquez, Ronny",ST,Breaking,328,5.598107013031498,-0.03391673360884193,85.35853658536583,0.45239473953847725,0.5294268408959332,0.306122742983413,94.4
593576,"Neris, Héctor",CH,Offspeed,31,5.5972013161021446,-0.033949588296288385,88.65806451612904,0.4474402334061749,0.6554889363186448,0.2840425216861303,94.4
660271,"Ohtani, Shohei",FS,Offspeed,62,5.595944029029967,-0.03399519712242894,89.52419354838709,0.3807030151878361,0.59803598709656,0.26661124570624223,94.3
519151,"Pressly, Ryan",CU,Breaking,159,5.595722510937007,-0.034003232821206514,81.32515723270444,0.43822268089833044,0.38837398487814806,0.3207734404242836,94.3
694335,"Svanson, Matt",ST,Breaking,336,5.595348376351975,-0.034016804772767355,87.15089285714285,0.4872220483533556,0.4574299790513556,0.31194215972764294,94.3
681870,"Sabrowski, Erik",FF,Fastball,365,5.595058041905363,-0.034027336825145235,93.94575342465761,0.485811622154001,0.3176757416232377,0.3460841782277908,94.2
663485,"Sands, Cole",CU,Breaking,219,5.594749950219949,-0.034038513031778045,81.65388127853882,0.36904121259114653,0.4845528367803067,0.2964355243850906,94.2
502085,"Robertson, David",SL,Breaking,30,5.593813254770739,-0.03407249220871797,83.65666666666667,0.39440488033218063,0.3908986039371691,0.3212378509143567,94.2
673929,"Leasure, Jordan",FF,Fastball,613,5.5931361173052165,-0.03409705576752765,96.24371941272429,0.472275772575009,0.3473143758389553,0.3435307251973807,94.1
600917,"Leclerc, José",SL,Breaking,53,5.5927342932538995,-0.03411163217072244,80.47358490566039,0.3437990511906203,0.5784687287813163,0.27880393989297614,94.1
661395,"Duran, Jhoan",ST,Breaking,68,5.592275728996767,-0.03412826685817037,87.27794117647059,0.30959477591087625,0.6618249242458766,0.2705257893169662,94.1
608371,"Sims, Lucas",ST,Breaking,123,5.591209408832736,-0.034166948247685645,84.78292682926829,0.4233444201981173,0.5446496976438315,0.29452058196141484,94.0
667463,"King, John",SL,Breaking,114,5.587788329996253,-0.03429104988948184,84.3359649122807,0.43965531915006556,0.5664426368956665,0.27664336398845224,94.0
686218,"Sheehan, Emmet",FF,Fastball,616,5.587234760728364,-0.034311130939430105,95.7051948051947,0.5229898894893983,0.34183918758383375,0.3522879048698814,94.0
695549,"Jobe, Jackson",CU,Breaking,78,5.587069005052955,-0.034317143823797594,81.44743589743592,0.3948831292917917,0.46976638382870617,0.30585430083161114,93.9
622663,"Severino, Luis",ST,Breaking,677,5.586763170562548,-0.034328238149357544,84.54076809453476,0.47935850428129917,0.4127900283440923,0.31102814413742175,93.9
605130,"Barlow, Scott",CU,Breaking,218,5.585602632605007,-0.034370337344605824,78.42155963302754,0.43376608169524394,0.45615491083007514,0.30164599736396297,93.9
683618,"Henriquez, Edgardo",FF,Fastball,112,5.585329806695649,-0.03438023426452336,100.65178571428567,0.5332673182403247,0.3522512863995105,0.34636383235120966,93.8
695505,"Burns, Chase",SL,Breaking,264,5.584493503240052,-0.034410571662999045,90.8890151515151,0.5148716866527732,0.5179178704502306,0.29343332542960243,93.8
670955,"Uceta, Edwin",FF,Fastball,495,5.581464113412638,-0.034520464556203605,93.95131313131309,0.4641456724590761,0.3135430564942059,0.34842215834919604,93.8
657277,"Webb, Logan",ST,Breaking,873,5.58114705821814,-0.03453196591938706,84.63825887743411,0.432089589380727,0.42601977711003747,0.3172363540251149,93.7
688138,"Evans, Logan",ST,Breaking,333,5.580418560610245,-0.034558392597492354,84.15585585585588,0.4562182312701842,0.449420935032288,0.3071756178948339,93.7
669724,"Hanifee, Brenan",SL,Breaking,206,5.576896509739926,-0.034686157059051995,87.68106796116508,0.43161459927427726,0.5567209036363869,0.28424475072515387,93.7
656288,"Canning, Griffin",KC,Breaking,87,5.5765037834867455,-0.034700403434282066,81.35517241379311,0.3276529361426786,0.32296183615753427,0.3239418253416715,93.6
663687,"Harris, Hogan",CU,Breaking,256,5.576308273784407,-0.0347074956634316,73.54726562499997,0.39941182108569734,0.38018183499634983,0.3162028175582595,93.6
669438,"Englert, Mason",CU,Breaking,61,5.575290315404263,-0.03474442270086466,76.87868852459017,0.33122955333648557,0.20389625101484224,0.3576971162314727,93.6
670329,"Garcia, Rico",FF,Fastball,231,5.5750241434087195,-0.03475407824615512,95.5073593073593,0.5293093911584215,0.29555372963043647,0.3679141355583103,93.5
806188,"Gibson, Cade",CU,Breaking,259,5.57426939560735,-0.03478145716542836,78.81891891891891,0.4070599408687497,0.4002816581678219,0.3120701263620297,93.5
642232,"Yarbrough, Ryan",ST,Breaking,199,5.572992980490848,-0.03482775987259848,71.81557788944723,0.4721589623493061,0.4403083216625727,0.29906302276206037,93.5
686730,"Spiers, Carson",ST,Breaking,66,5.572388242669124,-0.03484969709185567,81.2909090909091,0.3926173885079154,0.46176201360883856,0.3077807026969529,93.4
805427,"Sommers, Drew",SL,Breaking,33,5.572374547333953,-0.03485019389817349,81.8242424242424,0.412673181630516,0.40779611401349075,0.309984158478606,93.4
605540,"Woodruff, Brandon",CU,Breaking,36,5.569814746360619,-0.034943052180208496,78.61111111111113,0.3250790702280588,0.404608493854272,0.3203786385476072,93.4
667755,"Soriano, José",FS,Offspeed,260,5.569230594120179,-0.03496424264542816,92.30115384615388,0.5147172434408094,0.515049993111066,0.2778475980252578,93.3
671922,"Smith, Cade",ST,Breaking,107,5.56848420031965,-0.034991318518419974,85.12056074766355,0.45775084860547344,0.5297678412012712,0.29710522803575107,93.3
685801,"Bigge, Hunter",FF,Fastball,108,5.566369010162255,-0.03506804828227245,97.52777777777781,0.5388227530941004,0.33383757711484596,0.3530206151269283,93.3
608331,"Fried, Max",SL,Breaking,63,5.566207783248106,-0.035073896883168205,85.55396825396824,0.4435626151348148,0.552855214651232,0.30601004564326195,93.2
806960,"Morales, Luis",ST,Breaking,220,5.562210449528402,-0.03521890250891771,82.29909090909092,0.4130799433807267,0.43841402635883886,0.30251409916343625,93.2
573204,"Thielbar, Caleb",ST,Breaking,131,5.561889572670426,-0.03523054250518591,80.95725190839696,0.44383140044304664,0.3737314648059163,0.2977652559367786,93.2
806960,"Morales, Luis",SL,Breaking,64,5.561104895965133,-0.035259007113006995,85.9046875,0.4740958370498992,0.44959124046781535,0.3124895520453337,93.1
642397,"Soto, Gregory",ST,Breaking,79,5.560703099126247,-0.03527358252905478,84.24303797468355,0.45205614127343385,0.49438398862697924,0.3047801406232066,93.1
656641,"Latz, Jacob",CU,Breaking,89,5.555664272039342,-0.03545636893769978,78.27415730337074,0.2644006314854201,0.2927809494817046,0.32612906777458167,93.1
672841,"Vargas, Carlos",CH,Offspeed,35,5.555285978925769,-0.03547009174232323,93.8142857142857,0.44475736477453964,0.47246659396996277,0.2754482577955704,93.0
687922,"Lucas, Easton",ST,Breaking,43,5.554885224816576,-0.03548462933273988,81.13720930232556,0.4345517216067475,0.406376303309364,0.30160205811490143,93.0
687330,"Kelly, Kevin",FF,Fastball,52,5.553976804695467,-0.035517582805564836,92.19038461538463,0.43284906131264794,0.41938221208801124,0.32628182894763186,93.0
676440,"Bibee, Tanner",CU,Breaking,167,5.5528888125719735,-0.03555705035812373,79.70838323353294,0.4260189134627963,0.404426509531076,0.3248867297781637,92.9
676961,"Boushley, Caleb",CU,Breaking,55,5.55111128905088,-0.03562153106664948,75.8709090909091,0.2799469785006099,0.38388276627879675,0.31953237579260185,92.9
680736,"Wrobleski, Justin",FF,Fastball,349,5.551093266595225,-0.03562218484180139,96.10429799426934,0.5842990714540004,0.32981760398654303,0.36267976880455793,92.9
802419,"Harrington, Thomas",ST,Breaking,51,5.550685076736504,-0.03563699216839431,81.00000000000001,0.4277584063089529,0.4605108295568962,0.2950521923600601,92.8
641941,"Pagán, Emilio",FF,Fastball,666,5.550016409831894,-0.03566124845263781,95.70180180180188,0.5200963093084802,0.30637286888322113,0.3523078259334497,92.8
669622,"Bender, Anthony",ST,Breaking,360,5.549006657602105,-0.03569787780715233,83.90583333333335,0.4631833167037633,0.3509969520609944,0.3222638188544116,92.8
683627,"Molina, Anthony",CU,Breaking,91,5.548913597929896,-0.03570125360135592,83.43736263736263,0.43562198837915833,0.6197461054519546,0.29135011921584875,92.7
660271,"Ohtani, Shohei",ST,Breaking,229,5.5488593669422634,-0.035703220862247524,85.19475982532752,0.5272578662682988,0.43835857561042213,0.31699947644153287,92.7
670280,"Bednar, David",FF,Fastball,486,5.5488085179569016,-0.035705065439022285,97.0493827160494,0.507905107428826,0.3263790437480227,0.354377365103281,92.7
606160,"Montero, Rafael",FF,Fastball,444,5.5474612350919745,-0.03575393891534173,95.15022522522521,0.47997202770713987,0.3332279425961256,0.3610167491610484,92.6
686752,"Pepiot, Ryan",CU,Breaking,90,5.547126002223183,-0.035766099684324065,80.74888888888884,0.29818947649610633,0.4186739715223186,0.2908906485335222,92.6
664875,"Lawrence, Justin",ST,Breaking,143,5.546902031680245,-0.035774224347163236,82.92587412587419,0.42657436652947,0.4403593044061771,0.30282717504387546,92.6
594798,"deGrom, Jacob",FF,Fastball,1230,5.546223275441564,-0.0357988466279191,97.46739837398367,0.5353909755520802,0.28371040620144405,0.36881740860543905,92.5
682243,"Miller, Bryce",ST,Breaking,79,5.545113056789083,-0.03583912046085627,83.10759493670882,0.3850150198025748,0.5464469413169807,0.2677615603003508,92.5
641927,"Ober, Bailey",CU,Breaking,86,5.5446174075526615,-0.03585710042768398,75.11744186046509,0.3111820274601161,0.37457429600492315,0.33649297484950413,92.5
506433,"Darvish, Yu",ST,Breaking,117,5.542659418551686,-0.035928127627364026,82.80598290598292,0.4532484629580908,0.4164021109076335,0.3122437672608042,92.4
573186,"Stroman, Marcus",SL,Breaking,54,5.541530438454538,-0.03596908204271306,84.47407407407405,0.5163212468809346,0.5040958993390804,0.2916778116000288,92.4
571948,"Milner, Hoby",ST,Breaking,415,5.54145987389613,-0.035971641813466564,78.20120481927711,0.36867996974475387,0.35574852590708245,0.31840867760610897,92.4
676083,"Junk, Janson",CU,Breaking,195,5.540966936706338,-0.035989523399211944,81.90564102564106,0.4180794737588984,0.41028017839499104,0.3371234819717278,92.3
656302,"Cease, Dylan",FF,Fastball,1343,5.540572291465546,-0.036003839386843296,97.1510796723753,0.5015441771418389,0.3226943376168971,0.33443938634481857,92.3
813349,"Early, Connelly",SL,Breaking,43,5.539218570274385,-0.03605294641722376,86.67674418604652,0.4757132475042188,0.4047868541842555,0.34697948546414703,92.3
594798,"deGrom, Jacob",SL,Breaking,1009,5.5391519717760795,-0.036055362316820314,90.35044598612484,0.5222932054838018,0.5508310964801535,0.2918154911042326,92.2
502085,"Robertson, David",KC,Breaking,108,5.539035559141193,-0.03605958525344522,84.52314814814815,0.48341478250628733,0.4640466653688263,0.31092397912054537,92.2
690997,"McLean, Nolan",FF,Fastball,98,5.538556175256152,-0.036076975185109494,95.79591836734696,0.42591042580179694,0.36593077411358454,0.3545706959237097,92.2
605400,"Nola, Aaron",KC,Breaking,490,5.5376673392448374,-0.03610921823286255,78.20734693877546,0.4927014449252651,0.4225282386088708,0.31420857649455053,92.1
664076,"Cleavinger, Garrett",ST,Breaking,91,5.536881120725845,-0.036137738770880286,81.17912087912089,0.5344683273898019,0.39356869522787524,0.2777293091934125,92.1
808967,"Yamamoto, Yoshinobu",FS,Offspeed,830,5.536790742053217,-0.03614101731025107,91.02939759036153,0.5630773979811953,0.48850432803602273,0.2838986013760693,92.1
681190,"Vásquez, Randy",ST,Breaking,281,5.536735582004301,-0.03614301827338561,82.12740213523132,0.46225872082239816,0.43884049447154105,0.3062146785524951,92.0
805673,"Matthews, Zebby",CU,Breaking,79,5.534616946496709,-0.03621987301933773,82.88101265822783,0.3735187574222797,0.4995556214697508,0.30498224030612786,92.0
596133,"Weaver, Luke",FF,Fastball,642,5.533890729130793,-0.03624621698032767,95.12258566978193,0.4794813534814279,0.30614505029357475,0.3567441837844708,92.0
669160,"May, Dustin",ST,Breaking,875,5.533347838815762,-0.0362659106449961,85.18971428571432,0.41102376894693277,0.3619861487485555,0.3200347658180326,91.9
543294,"Hendricks, Kyle",CU,Breaking,212,5.532107999157509,-0.03631088655596078,72.24669811320751,0.2821069307662378,0.26784357737598413,0.3056266704434557,91.9
695534,"Petty, Chase",SL,Breaking,54,5.531782466280078,-0.036322695452065956,91.3111111111111,0.47385984952869364,0.5027542074286803,0.29387920778715476,91.9
669923,"Kirby, George",KC,Breaking,252,5.531231192660046,-0.036342693226041674,84.29325396825398,0.5022413581943486,0.4774553018661911,0.31754984153792676,91.8
621121,"McCullers Jr., Lance",ST,Breaking,367,5.530670448694465,-0.036363034542357967,82.8427792915531,0.44873960738928104,0.3995853281062291,0.3083162278630509,91.8
666200,"Luzardo, Jesús",ST,Breaking,1025,5.530598506854511,-0.036365644274807395,86.14643902439033,0.48007998469546914,0.4384089202402949,0.321360345746034,91.8
641154,"López, Pablo",ST,Breaking,275,5.529719273671527,-0.03639753897432953,84.85054545454545,0.46488300311870295,0.45778344210619254,0.31172137014940077,91.7
690916,"Fitts, Richard",FF,Fastball,285,5.529482306462671,-0.036406135098849365,95.86666666666666,0.48714817434882757,0.3043061617637688,0.34708877263338644,91.7
554430,"Wheeler, Zack",FF,Fastball,1010,5.528306324540657,-0.036448794532969425,96.0235643564356,0.5314720533310986,0.31426964824118897,0.36115887099048266,91.7
676508,"Casparius, Ben",CU,Breaking,183,5.528067320481495,-0.036457464545429204,80.76393442622953,0.3741687195398626,0.3532714583238236,0.3278276204268603,91.6
642520,"Garabito, Gerson",CU,Breaking,37,5.527629287498889,-0.03647335444884871,82.04864864864867,0.36722066094916667,0.41256594688846243,0.31257204288761087,91.6
805299,"Garcia, Brandyn",SL,Breaking,42,5.527621733484845,-0.03647362847513973,89.56666666666663,0.46904763510882785,0.43196836937316313,0.34656606424829944,91.6
656794,"Newcomb, Sean",CU,Breaking,90,5.52499899365044,-0.03656876990128376,79.00444444444446,0.29423210805487615,0.3106420542761522,0.31051058490365263,91.5
686993,"Sterner, Justin",ST,Breaking,176,5.521897932645874,-0.03668126270848605,81.55625000000002,0.451599708823016,0.5555952751761282,0.28351604434821465,91.5
686218,"Sheehan, Emmet",CU,Breaking,78,5.521671798163153,-0.036689465869510426,78.02051282051282,0.20653413800991294,0.2748011668426456,0.3173603223643892,91.5
641482,"Cortes, Nestor",ST,Breaking,84,5.520699198271623,-0.036724747501159054,77.83690476190476,0.3583724833730962,0.40515692354081495,0.3102620950010967,91.4
681895,"Sisk, Evan",CU,Breaking,34,5.5199189592685345,-0.03675305112872945,77.63823529411766,0.43452840940430243,0.37421995254834106,0.32836625830300536,91.4
672578,"Hernández, Carlos",FF,Fastball,394,5.519827166816829,-0.036756380953765794,97.7091370558376,0.5226916957140255,0.2950078740614323,0.3564282076697477,91.4
676428,"Hurter, Brant",ST,Breaking,349,5.519649470818625,-0.03676282698034741,82.17191977077367,0.417150273873707,0.4501057074269251,0.30441071631099803,91.3
669276,"Lee, Dylan",FF,Fastball,344,5.519074902373913,-0.036783669787754575,94.05465116279076,0.5259629758050651,0.23713943497844747,0.3629801054009558,91.3
607625,"Lugo, Seth",ST,Breaking,52,5.517972195552624,-0.03682367112460839,80.5596153846154,0.36716702176869503,0.4148272049959327,0.30201671884002096,91.3
623149,"Sewald, Paul",ST,Breaking,138,5.517209908183119,-0.03685132354613885,82.27898550724638,0.4718895649004282,0.4305358484037811,0.3266819333953962,91.2
686973,"Varland, Louis",KC,Breaking,497,5.517003067115882,-0.03685882682719808,88.079476861167,0.5182908486481024,0.4970231335866755,0.3038088844787962,91.2
663158,"Suarez, Robert",FF,Fastball,717,5.516974538083407,-0.0368598617345875,98.62315202231521,0.5549834000841766,0.285064818139477,0.3566439854503894,91.2
621199,"Bowman, Matt",ST,Breaking,87,5.51627709351648,-0.03688516194541439,82.74712643678157,0.47776494367276834,0.4885891074590867,0.28926591622667924,91.1
608334,"Fulmer, Carson",SL,Breaking,82,5.516261924846203,-0.036885712197827526,86.59146341463416,0.37488503926022015,0.6112213917568246,0.28576079916633207,91.1
681293,"Arrighetti, Spencer",CU,Breaking,139,5.513938158806752,-0.03697000817416396,77.53812949640293,0.4052367326189251,0.398145440672251,0.3132331289424844,91.1
669387,"Mlodzinski, Carmen",CU,Breaking,146,5.513719091818494,-0.036977954957680775,84.77054794520544,0.43681809856799353,0.3526303029238788,0.33296176629716895,91.0
682171,"Murfee, Penn",ST,Breaking,124,5.513228375444642,-0.0369957559820246,78.54919354838708,0.40090102726573423,0.4870046520645311,0.30211560067407683,91.0
624133,"Suarez, Ranger",SL,Breaking,112,5.512036682234194,-0.0370389853523501,79.69732142857141,0.4985879065467711,0.4791249594835955,0.283352539126827,91.0
678821,"Peralta, Luis",CU,Breaking,123,5.511962545111799,-0.037041674719957896,81.55447154471547,0.3737494783403596,0.47051792340275594,0.28969731385971664,90.9
663455,"Pilkington, Konnor",SL,Breaking,105,5.5102653121750995,-0.037103242840431816,85.31714285714287,0.41213231890576724,0.5410789639577983,0.29454980644370043,90.9
701121,"VanWey, Logan",ST,Breaking,49,5.509895008624154,-0.037116675818983744,82.44081632653061,0.47050805433233,0.4420216511390637,0.3200252775629345,90.9
691951,"Aldegheri, Sam",CU,Breaking,35,5.509239381484475,-0.03714045907810439,75.28857142857146,0.24985270637861856,0.35951136565721825,0.3187325915113081,90.8
621366,"Borucki, Ryan",ST,Breaking,93,5.5085080155979576,-0.03716698980469932,81.13763440860215,0.435365286163883,0.4603009328476972,0.29366549558274807,90.8
690990,"Horton, Cade",CU,Breaking,174,5.506992927549371,-0.03722195051250005,83.90057471264372,0.4436216549414465,0.44138542733404035,0.3260912807475256,90.8
666142,"Ragans, Cole",FF,Fastball,534,5.506172515334026,-0.03725171144691275,95.261797752809,0.49828248431356675,0.2781797188808514,0.35161755168321196,90.7
518886,"Kimbrel, Craig",ST,Breaking,25,5.506024367367685,-0.03725708560130429,84.92399999999998,0.4278509131342303,0.63746230179617,0.2787756991598631,90.7
554430,"Wheeler, Zack",ST,Breaking,366,5.505403837561412,-0.03727959568406545,83.69945355191255,0.4996055927197663,0.45286588108002085,0.30777031955314055,90.7
696270,"Johnson, Ryan",ST,Breaking,68,5.505363806417612,-0.03728104783729141,82.77941176470588,0.5373149083723936,0.45688897786210714,0.3054327578711223,90.6
667463,"King, John",CU,Breaking,43,5.504493856566941,-0.03731260577848743,80.05116279069766,0.373748397291302,0.4101910026639667,0.31079510029547747,90.6
663542,"Hudson, Bryan",ST,Breaking,76,5.50368558349239,-0.03734192635844656,80.55657894736841,0.41659246198432953,0.541714555339554,0.2920523280820807,90.6
679883,"Avila, Luinder",CU,Breaking,70,5.503282495296889,-0.03735654861921318,82.67571428571426,0.48663137476771245,0.5009009561384252,0.3081345647407084,90.5
666661,"Morillo, Juan",SL,Breaking,139,5.503000917571798,-0.037366763016380596,89.35251798561151,0.46431898698057156,0.49799857163364264,0.2960163737384226,90.5
687134,"Blalock, Bradley",CU,Breaking,138,5.501689416667573,-0.037414338481083685,80.9666666666667,0.3799262922403195,0.4895442953085266,0.3072228709347199,90.5
664299,"Javier, Cristian",KC,Breaking,74,5.50167717310103,-0.03741478262364283,76.37837837837837,0.30906170270063554,0.3514847918943687,0.32099172518307384,90.4
667297,"Nance, Tommy",CU,Breaking,155,5.501541827664842,-0.03741969235874193,85.01548387096774,0.467790641432835,0.4071744383178161,0.31276295335507115,90.4
694297,"Pfaadt, Brandon",CU,Breaking,295,5.501323606874986,-0.037427608445915125,82.09186440677965,0.39059278263344105,0.402796626148147,0.3237916024398156,90.4
621242,"Díaz, Edwin",FF,Fastball,561,5.500829573460509,-0.03744552979785357,97.22798573975042,0.47522631061321463,0.336222919261563,0.34295484029258694,90.3
683004,"Leiter, Jack",CU,Breaking,247,5.499741377670436,-0.03748500473853722,81.94331983805668,0.32981481336967644,0.43842405768871423,0.31273081832417937,90.3
666711,"Peguero, Joel",SL,Breaking,107,5.498005172908867,-0.03754798658482128,91.63551401869155,0.5039769430810099,0.505346929141091,0.2926985869002164,90.3
687863,"Hodge, Porter",ST,Breaking,194,5.49734219588165,-0.03757203646542434,83.97268041237116,0.4932185289356047,0.3947076600765528,0.3280783498905915,90.2
656945,"Scott, Tanner",SL,Breaking,433,5.496654918248952,-0.03759696786474699,88.91200923787521,0.5281542738066165,0.4821846294273215,0.3204594221219576,90.2
657044,"Thompson, Ryan",SL,Breaking,273,5.496572757784911,-0.03759994828378037,77.93809523809519,0.47918001212705585,0.4428129734928563,0.29423612952326667,90.2
656848,"Petersen, Michael",SL,Breaking,135,5.496278697446646,-0.03761061549506379,89.21703703703702,0.46517999188998893,0.5530931525308281,0.29787008697102546,90.1
666142,"Ragans, Cole",KC,Breaking,138,5.4956856688707525,-0.0376321279545592,80.0876811594203,0.3408387281436977,0.36801875702760345,0.32286896590721015,90.1
687209,"Maxwell, Zach",SL,Breaking,31,5.494396517718168,-0.037678892668909884,88.07096774193546,0.4129904907759593,0.5969392727342336,0.2781443839680771,90.1
607192,"Glasnow, Tyler",CU,Breaking,437,5.493659824409565,-0.03770561665086623,81.97139588100687,0.3912431450043814,0.49217111303898253,0.30550235322753533,90.0
671162,"Thomas, Connor",ST,Breaking,25,5.493457258437345,-0.037712964850345476,83.156,0.3741492641222985,0.27585633061589326,0.30767671680629205,90.0
687765,"Spence, Mitch",CU,Breaking,243,5.4927526758016665,-0.037738523998803716,81.79094650205765,0.4733067558924602,0.44610637897160843,0.31114972932503554,90.0
686580,"Slaten, Justin",ST,Breaking,65,5.492601264466977,-0.037744016533796235,85.1246153846154,0.4703829132504252,0.5198360534487853,0.2892973765399557,89.9
694918,"Tidwell, Blade",ST,Breaking,67,5.49204895504235,-0.03776405188219118,82.87462686567162,0.48503801553641734,0.436841711902012,0.30804253849564706,89.9
593423,"Montas, Frankie",FS,Offspeed,146,5.491522679707927,-0.03778314282869111,86.25890410958907,0.521322511268366,0.5565367090032501,0.2903664688289647,89.9
669330,"Wells, Tyler",CU,Breaking,30,5.491418415255767,-0.03778692508286064,78.74666666666668,0.35450117421321337,0.40732391248434474,0.31979723332885823,89.8
595014,"Treinen, Blake",ST,Breaking,284,5.490831099276873,-0.03780823031454861,84.42605633802815,0.4856462321597913,0.4557868468995417,0.30858965070829864,89.8
681892,"Funderburk, Kody",ST,Breaking,144,5.490740940487006,-0.037811500877543466,82.11111111111114,0.4201742811124962,0.44875503774965725,0.2850610317752273,89.8
657376,"Schmidt, Clarke",KC,Breaking,223,5.4899549301087776,-0.03784001386513275,85.01748878923769,0.4683442526539958,0.41655349094272737,0.3127977937127618,89.7
606160,"Montero, Rafael",SL,Breaking,82,5.489790141116832,-0.037845991682490296,85.07926829268291,0.46325225029795425,0.5318463497403482,0.28244457998404876,89.7
676664,"Sears, JP",ST,Breaking,657,5.489256112758271,-0.03786536387448907,79.20076103500764,0.46165500570198736,0.3170570296760409,0.3254245380319706,89.7
672582,"Zerpa, Angel",SL,Breaking,356,5.488910629363954,-0.037877896487298425,85.13005617977531,0.4650133727296096,0.41741644552818985,0.32021139760218065,89.6
592155,"Booser, Cam",ST,Breaking,188,5.488695517204593,-0.03788569980707661,81.13829787234046,0.46764797387598045,0.3747742055314708,0.30879350456152754,89.6
650893,"Cabrera, Génesis",CU,Breaking,142,5.486130221025473,-0.03797875743092522,80.13591549295775,0.42770841947467436,0.36575077085302793,0.33297862279889473,89.6
605488,"Springs, Jeffrey",ST,Breaking,174,5.485843361111708,-0.03798916344258583,76.22873563218386,0.4037290784647985,0.3328360824632128,0.31705828605630204,89.5
681869,"Dubin, Shawn",CU,Breaking,80,5.485702623069533,-0.037994268797630806,81.72375000000002,0.4031485157913835,0.3633275547785574,0.3219162954509477,89.5
605280,"Holmes, Clay",ST,Breaking,544,5.4856991252238405,-0.03799439568403516,81.94264705882344,0.4209830190727285,0.3688887460494764,0.31496230627001964,89.5
663372,"Feltner, Ryan",ST,Breaking,72,5.485106747265174,-0.03801588454200904,81.46388888888889,0.45467099288940055,0.48887620485594635,0.2950391613357579,89.4
657746,"Ryan, Joe",ST,Breaking,367,5.484696581949654,-0.0380307635294562,80.64741144414161,0.42652279913292374,0.43742932394197226,0.3081400671911797,89.4
672282,"Detmers, Reid",SL,Breaking,337,5.48385693792357,-0.038061222109086225,88.33916913946592,0.5547582661205845,0.4396864136956908,0.32061037375673657,89.4
700187,"Taylor, Troy",ST,Breaking,51,5.48272877726824,-0.03810214679870262,84.93333333333334,0.47911447353789677,0.40819082127494494,0.31619244728326057,89.3
688158,"Morgan, David",FF,Fastball,293,5.482036781485962,-0.03812724935166946,97.86552901023896,0.48552971071790857,0.37546963029127767,0.342854545450753,89.3
621051,"Wilson, Steven",FF,Fastball,333,5.4817295072677545,-0.038138395904199957,93.85165165165165,0.4731288977995703,0.31472013130114596,0.3581450909725479,89.3
681347,"Burrows, Mike",CU,Breaking,183,5.480831767872982,-0.03817096192741105,78.46994535519127,0.332789765092596,0.3359163802493609,0.3232417843581971,89.2
680880,"Holman, Grant",SL,Breaking,50,5.479860801925626,-0.03820618428677625,86.608,0.39281253980555275,0.6112693664938414,0.2831234758456411,89.2
666200,"Luzardo, Jesús",SL,Breaking,219,5.477469080788842,-0.038292945374134926,86.50593607305933,0.5468377210825842,0.5317447884941219,0.3226600375239856,89.2
671922,"Smith, Cade",FF,Fastball,879,5.477145586161057,-0.03830468033153882,96.36177474402731,0.5398233792826049,0.3141620298921918,0.3598204863232483,89.1
670167,"Schreiber, John",ST,Breaking,300,5.475583539901065,-0.038361344476006455,82.34733333333338,0.4318448376090184,0.40829050779732584,0.31729560977824006,89.1
672841,"Vargas, Carlos",SL,Breaking,216,5.475005703934925,-0.038382305814670115,90.31157407407407,0.5067564754824486,0.44942566656742894,0.30354449617506596,89.1
595897,"Burdi, Nick",SL,Breaking,26,5.47487216224997,-0.03838715011763522,86.18461538461541,0.5048666996713584,0.44875014462167767,0.30883228254397976,89.0
664123,"Effross, Scott",ST,Breaking,52,5.4744632153326425,-0.0384019849069733,78.78846153846153,0.40329228577137444,0.40820398836669874,0.3208655994708777,89.0
813349,"Early, Connelly",CU,Breaking,73,5.4741580955757945,-0.03841305330515385,80.61643835616437,0.4219755258846065,0.3643736906472533,0.3185173482311476,89.0
592155,"Booser, Cam",FF,Fastball,273,5.473513657839782,-0.03843643066209231,95.56007326007334,0.4978621170492292,0.3075842185862908,0.3560170291178652,88.9
683004,"Leiter, Jack",FF,Fastball,1029,5.472869186688744,-0.03845980923118008,97.33469387755092,0.5096310176223131,0.3115090720154809,0.35422009216931366,88.9
663671,"Enright, Nic",CU,Breaking,43,5.4728503619068825,-0.03846049211118581,82.65813953488372,0.3524025718497218,0.6728508377086003,0.28552755456707124,88.9
664139,"Gibaut, Ian",ST,Breaking,72,5.472634311926362,-0.03846832945097654,83.67361111111114,0.3925635012267128,0.45135040819512334,0.31572051653285643,88.8
676130,"Buttó, José",ST,Breaking,77,5.472618309381045,-0.038468909952695945,83.55974025974025,0.36436794425371327,0.3751554507467528,0.3197650291772137,88.8
606303,"Payamps, Joel",ST,Breaking,211,5.472393636529532,-0.03847706009219097,83.5867298578199,0.4484577281565471,0.4286506208498266,0.3202596954071639,88.8
669199,"Bachar, Lake",ST,Breaking,323,5.472175714393309,-0.0384849653455278,86.45727554179565,0.4356803250119792,0.44238055244671937,0.3213457223642959,88.7
808963,"Sasaki, Roki",FS,Offspeed,271,5.471873292398314,-0.038495935880814486,85.33357933579332,0.4621926685557827,0.48963875166481224,0.29353750363609726,88.7
656302,"Cease, Dylan",KC,Breaking,261,5.471732375599547,-0.03850104772035995,82.29080459770107,0.35491401501295994,0.4179735359099233,0.3207177810296498,88.7
642585,"Bautista, Félix",FS,Offspeed,179,5.471062038243025,-0.0385253646012264,88.90614525139667,0.48265594548161167,0.5507290950686873,0.3083972398525623,88.6
696149,"Chandler, Bubba",CU,Breaking,28,5.4710269163228356,-0.03852663866948584,85.35714285714288,0.35755135549538075,0.3938177223766693,0.33844924688924544,88.6
621107,"Eflin, Zach",CU,Breaking,190,5.470666386341005,-0.03853971710608441,78.07315789473681,0.4541763584035475,0.435164390255358,0.3150966008225668,88.6
668941,"Romero, JoJo",ST,Breaking,378,5.470174166902756,-0.03855757265497147,82.98994708994718,0.47625998029728595,0.39058364626639236,0.31064466855894013,88.5
685068,"Ragsdale, Carson",CU,Breaking,30,5.470120839439949,-0.038559507139969654,81.30333333333334,0.4502501581070285,0.3999214181615157,0.31775013428829424,88.5
689690,"Jacob, Alek",FF,Fastball,262,5.46958369549721,-0.03857899235161214,85.33893129770996,0.475542976582049,0.32033077774449054,0.35771338732109753,88.4
672782,"Gómez, Yoendrys",ST,Breaking,195,5.4685317287430175,-0.03861715306276502,82.2476923076923,0.4449081586080219,0.5393142765793145,0.2809856404900815,88.4
829272,"Ogasawara, Shinnosuke",KC,Breaking,129,5.468521737409387,-0.038617515504254026,72.33410852713183,0.33574264343698007,0.3365557310739886,0.3146448429121291,88.4
663767,"Shugart, Chase",ST,Breaking,199,5.468409842177508,-0.03862157456943481,80.94221105527636,0.40939117437697947,0.4380876905749966,0.3091935053663923,88.3
684007,"Imanaga, Shota",ST,Breaking,371,5.467949219769557,-0.038638283917510716,80.40377358490568,0.4791618256044872,0.3725241515369806,0.31470185813082696,88.3
607192,"Glasnow, Tyler",SL,Breaking,414,5.467183843255771,-0.038666048399562676,89.48454106280191,0.4713585065594068,0.5450494194524038,0.2907605144808017,88.3
543518,"McGough, Scott",SL,Breaking,82,5.466841297911161,-0.03867847443289528,86.43902439024392,0.4762881638189899,0.49842016710890563,0.3036810460079334,88.2
573186,"Stroman, Marcus",CU,Breaking,41,5.466603568362957,-0.03868709821172225,77.85365853658537,0.4290960785826996,0.32541316177528934,0.3357838305728893,88.2
669923,"Kirby, George",SL,Breaking,696,5.4653055333177365,-0.03873418519449003,87.21264367816096,0.49202389251383655,0.4268875319468625,0.32178210406672736,88.2
669194,"Nelson, Ryne",FF,Fastball,1559,5.465111192022058,-0.03874123503900276,95.64374599101987,0.5502688287356351,0.26163461893375156,0.3467043647046229,88.1
694297,"Pfaadt, Brandon",ST,Breaking,556,5.464985447125193,-0.038745796508905805,84.73561151079137,0.4856716380695923,0.4998373730289011,0.30063676345621804,88.1
680704,"Sandlin, Nick",FF,Fastball,66,5.464678258679983,-0.038756939949970294,91.42424242424244,0.36875895381273516,0.34940203242649137,0.3395542880503429,88.1
642547,"Peralta, Freddy",ST,Breaking,33,5.464543794492964,-0.03876181771723873,80.16060606060607,0.4371808028704085,0.5322809197925493,0.2950370195868484,88.0
681916,"Smith, Dylan",ST,Breaking,56,5.464315445572778,-0.038770101208281234,85.6875,0.3962411207454369,0.5360834648969398,0.30466185383585176,88.0
695549,"Jobe, Jackson",FF,Fastball,296,5.464059151395086,-0.03877939842993391,96.45641891891889,0.49330253851648725,0.30485347940489665,0.35593528235442073,88.0
601713,"Pivetta, Nick",CU,Breaking,662,5.462512655860865,-0.038835498462701776,78.98232628398796,0.4143707467795067,0.2744483105448572,0.33795237813804097,87.9
676571,"Poulin, PJ",ST,Breaking,101,5.462031063999917,-0.03885296848998713,78.64653465346538,0.4453025634769571,0.4790585095063207,0.29781257993347515,87.9
676440,"Bibee, Tanner",ST,Breaking,488,5.461839903764761,-0.03885990293966328,82.97438524590171,0.48084301200482604,0.43956634989910437,0.3131233772347874,87.9
668820,"Kranick, Max",FF,Fastball,220,5.4614728188816395,-0.038873219159151526,95.59909090909096,0.5166609215991963,0.315102789993048,0.3538056233001538,87.8
676664,"Sears, JP",CU,Breaking,87,5.461233813219375,-0.038881889229764675,79.53908045977015,0.4978517457367234,0.5288573919341245,0.3133162198731448,87.8
666157,"Lodolo, Nick",FF,Fastball,713,5.460808854097132,-0.03889730487122982,93.87601683029447,0.4361872433337745,0.2755287947374004,0.34530307202725596,87.8
683155,"Estes, Joey",ST,Breaking,39,5.4607502085381725,-0.038899432273285836,77.15897435897438,0.4534757437402084,0.3785801671627294,0.30177172588793005,87.7
702674,"Dana, Caden",CU,Breaking,45,5.460566911942523,-0.03890608146482543,78.96222222222221,0.3157249319475463,0.4437969770633991,0.3018003334898175,87.7
643511,"Rogers, Tyler",SL,Breaking,255,5.459613505699208,-0.03894066683562508,74.0513725490196,0.4879399433034005,0.38439566321448293,0.2889776327048523,87.7
594580,"Moll, Sam",ST,Breaking,158,5.459458789298279,-0.03894627926383415,81.09240506329112,0.4143393519348345,0.42690554123418195,0.2970567136467422,87.6
543859,"Tonkin, Michael",ST,Breaking,36,5.458022959746004,-0.03899836482318367,80.08333333333334,0.3746183458685056,0.3494904463342603,0.32721433002561773,87.6
621199,"Bowman, Matt",FC,Fastball,115,5.458010370419189,-0.038998821508399555,88.49478260869569,0.43890149478510243,0.3818210426197601,0.33073751620452224,87.6
676467,"Gordon, Colton",ST,Breaking,407,5.457971305677938,-0.03900023860480587,80.70442260442265,0.5169713510269534,0.40642422656701216,0.3214403955905324,87.5
450203,"Morton, Charlie",CU,Breaking,976,5.4576880244469095,-0.03901051479765075,81.44006147540985,0.4613388388086514,0.40436490836888356,0.31394317915711334,87.5
687330,"Kelly, Kevin",ST,Breaking,120,5.457449730579078,-0.03901915904750329,78.64000000000003,0.46727575876245103,0.38852319858865353,0.29117887485153593,87.5
657649,"Koenig, Jared",CU,Breaking,182,5.456258064807573,-0.03906238742246481,81.6901098901099,0.43597265309832123,0.475722615545473,0.29813660564963695,87.4
670766,"McCaughan, Darren",ST,Breaking,36,5.454715385879539,-0.03911834900560389,82.23888888888887,0.5594785165659527,0.4009995780403639,0.31455087991017705,87.4
592332,"Gausman, Kevin",FS,Offspeed,1325,5.454266356897336,-0.03913463779535934,84.86286792452847,0.522700338303812,0.5187467764265733,0.2921675126349835,87.4
676083,"Junk, Janson",ST,Breaking,253,5.454019685776559,-0.03914358593497753,81.9664031620554,0.508004179554422,0.4137560339345193,0.3167590164158121,87.3
687863,"Hodge, Porter",FF,Fastball,307,5.453692679198316,-0.03915544829044405,96.0465798045602,0.40250990334134235,0.3822451980117517,0.33583195130892696,87.3
671922,"Smith, Cade",FS,Offspeed,271,5.45295107898863,-0.03918235027311609,87.53726937269369,0.5651569368329024,0.4905041097499377,0.3007392254835212,87.3
663992,"Lovelady, Richard",ST,Breaking,96,5.451445395794223,-0.039236969814314154,83.70833333333336,0.5401366252140858,0.4391621386281505,0.32303345355831814,87.2
664299,"Javier, Cristian",ST,Breaking,123,5.451364679202915,-0.039239897856016885,78.8065040650407,0.40521382799404826,0.3883859196368076,0.3075152442894116,87.2
676272,"Miller, Bobby",SI,Fastball,26,5.451337306938354,-0.03924089080097198,97.21153846153847,0.5160889280149122,0.29675424543563433,0.3318504107210728,87.2
663855,"Hicks, Jordan",ST,Breaking,280,5.451123887774394,-0.039248632706348666,82.55214285714288,0.4329756151623985,0.4634239601943129,0.3113916539188773,87.1
642528,"Loáisiga, Jonathan",CU,Breaking,77,5.45102045913007,-0.039252384641098696,85.94935064935063,0.4662541883852416,0.47224140747385823,0.313827562113619,87.1
666974,"Cano, Yennier",CH,Offspeed,125,5.450410198611899,-0.039274522199409544,91.83039999999998,0.553957361218825,0.505339228850088,0.27448518031023356,87.1
688107,"Gasser, Robert",ST,Breaking,62,5.450127852576237,-0.03928476446749359,82.71451612903228,0.529387382977761,0.39962993588674844,0.3204532088793717,87.0
669212,"Morgan, Eli",SL,Breaking,30,5.449933794587784,-0.039291804034870446,86.32333333333334,0.38524809075366945,0.5272763022289827,0.30649161361335325,87.0
686701,"Bergert, Ryan",ST,Breaking,234,5.448940933135697,-0.03932782066651485,82.64487179487183,0.4488527023474106,0.35316886144661014,0.329956884817862,87.0
621053,"Ferguson, Tyler",ST,Breaking,314,5.4487795981504705,-0.03933367318775244,83.66942675159228,0.4223812404147773,0.47971119404226986,0.30853301479341344,86.9
678022,"Perkins, Jack",ST,Breaking,209,5.448703658587106,-0.039336427939963954,86.2842105263158,0.5036660151042313,0.46128302199932286,0.31217052045222615,86.9
573124,"Rogers, Taylor",ST,Breaking,470,5.447559742097343,-0.0393779241817177,78.19042553191483,0.47249857912574555,0.3326990098608089,0.306421357932892,86.9
656427,"Flaherty, Jack",KC,Breaking,776,5.447432372849942,-0.039382544575889335,77.88028350515465,0.4660226818066837,0.47176429052818764,0.3060908393921281,86.8
650633,"King, Michael",FF,Fastball,305,5.447098736617431,-0.039394647425954124,93.75213114754098,0.45774375748881085,0.33242017608330526,0.36043821637563717,86.8
686799,"Kochanowicz, Jack",SL,Breaking,291,5.447079212162115,-0.03939535568702462,87.2247422680412,0.4091456238233799,0.45281567466410083,0.315193033076269,86.8
669920,"Alexander, Jason",ST,Breaking,200,5.446150060520117,-0.039429061207932256,78.50249999999997,0.3707855751119664,0.40048147135499046,0.31375710281225183,86.7
669372,"Ginn, J.T.",SL,Breaking,406,5.445545042577551,-0.039451008588737416,86.0706896551724,0.45696668635652854,0.49866624984179403,0.2957754387603077,86.7
805673,"Matthews, Zebby",SL,Breaking,337,5.445492477442257,-0.03945291541985799,88.21335311572703,0.5309758974458393,0.5142728892667078,0.29475879094076557,86.7
820862,"Fermin, José",SL,Breaking,320,5.44497740181116,-0.039471600090549216,89.59906249999997,0.47611484821800243,0.4832280173527888,0.3074107985444273,86.6
687330,"Kelly, Kevin",FC,Fastball,76,5.444377165893273,-0.03949337400060376,89.38815789473688,0.3605371385393833,0.3998141940976303,0.3162014882411959,86.6
592866,"Williams, Trevor",CH,Offspeed,186,5.44414911735185,-0.039501646595230186,81.31559139784943,0.42069734140345,0.5456875237928879,0.2728235459252664,86.6
612434,"Castro, Miguel",SL,Breaking,32,5.444070381444174,-0.03950450278647232,83.63750000000002,0.4858764345426802,0.4183194057481827,0.313362938666059,86.5
678394,"Bello, Brayan",ST,Breaking,516,5.443686897893309,-0.03951841387725351,85.67151162790697,0.456613479226627,0.4740615587529458,0.3092469152652311,86.5
686747,"La Sorsa, Joe",FF,Fastball,27,5.443652969248626,-0.0395196446587439,92.72592592592594,0.43602299945544337,0.22155138806304714,0.34881299840658436,86.5
664747,"Díaz, Alexis",FF,Fastball,224,5.443081429626299,-0.039540377593842005,93.55535714285713,0.4344978440128689,0.3499007419374615,0.3492841281077168,86.4
690928,"Dobbins, Hunter",ST,Breaking,96,5.442647069404155,-0.03955613426572113,81.30416666666667,0.4591299960568833,0.46434747676052374,0.29785079967482325,86.4
593958,"Rodriguez, Eduardo",CU,Breaking,121,5.44224454509947,-0.039570736071017604,79.42231404958677,0.40759604723019305,0.439487941972587,0.320662876966927,86.4
663436,"Martin, Davis",CU,Breaking,115,5.441257879885383,-0.03960652793049346,78.82608695652175,0.3234692970852366,0.3171517919683294,0.3199477723377908,86.3
670329,"Garcia, Rico",SL,Breaking,112,5.441078620182731,-0.03961303068137142,87.0,0.44632990057875654,0.5121252509411159,0.2944105611732325,86.3
806188,"Gibson, Cade",ST,Breaking,129,5.440152688076026,-0.03964661941174743,79.6403100775194,0.43953599725358866,0.47952376071053276,0.27361564036823,86.3
471911,"Carrasco, Carlos",CU,Breaking,78,5.43983992954498,-0.03965796491094347,77.78717948717949,0.3117505952961667,0.39986053718859055,0.317944158669993,86.2
621111,"Buehler, Walker",SL,Breaking,323,5.439235683967864,-0.03967988427373876,87.50278637770901,0.5385301939131344,0.4748945738865021,0.3075960555949805,86.2
678906,"Teng, Kai-Wei",ST,Breaking,221,5.4391161402693315,-0.03968422079153419,84.43800904977377,0.4523590223107676,0.4477927498956168,0.3129868298155781,86.2
682254,"Montgomery, Mason",SL,Breaking,293,5.4390735582791985,-0.039685765478207215,89.74744027303758,0.5221775124185167,0.49651254714428505,0.3042599177777689,86.1
687064,"Young, Brandon",CU,Breaking,148,5.438338985965697,-0.03971241251982223,76.11621621621624,0.39843128311806336,0.40342227563231303,0.3169220640232324,86.1
693433,"Woo, Bryan",ST,Breaking,264,5.437930328708807,-0.039727236801557785,84.79696969696965,0.45164751803652875,0.486604932367863,0.2943601296896414,86.1
684007,"Imanaga, Shota",FF,Fastball,1098,5.435741296223218,-0.03980664523918555,90.86211293260452,0.5005192659071572,0.2758558922436028,0.37100307258520576,86.0
518886,"Kimbrel, Craig",FF,Fastball,148,5.435690989455169,-0.03980847014670955,93.4885135135135,0.46379848224168696,0.36279811193205286,0.35915202849598193,86.0
680735,"Cox, Austin",CU,Breaking,75,5.4354640343669915,-0.039816703075678216,80.35066666666664,0.4396876996236194,0.4573131032600597,0.3161135495699941,86.0
676962,"Brown, Ben",KC,Breaking,686,5.435339287943863,-0.039821228325360725,87.2848396501457,0.5051426987038805,0.4930441707003688,0.30800416137747605,85.9
682990,"Priester, Quinn",CU,Breaking,234,5.43501756868997,-0.03983289888003484,80.98931623931622,0.4290807472286607,0.43442044051695256,0.3145599197181153,85.9
621381,"Strahm, Matt",FF,Fastball,387,5.434995671980996,-0.039833693195998714,92.29302325581388,0.49973046069870697,0.28935393788261066,0.3663647675340216,85.9
605463,"Scott, Tayler",FF,Fastball,262,5.434355356968843,-0.03985692099871037,91.96221374045803,0.4263648370943497,0.3452823239654601,0.3453635671336288,85.8
665871,"Assad, Javier",ST,Breaking,73,5.433883445872136,-0.0398740398505937,80.89726027397263,0.38527005930362535,0.6239755175010001,0.26643180493928575,85.8
642547,"Peralta, Freddy",SL,Breaking,342,5.433719032865259,-0.03988000402887232,83.71052631578944,0.4372967528731534,0.543454048219047,0.2966414185582814,85.8
676254,"Walker, Ryan",SL,Breaking,391,5.4333005999876995,-0.03989518292698277,83.97749360613803,0.425421756892826,0.4650469216609798,0.3057775961262283,85.7
668909,"Williams, Gavin",CU,Breaking,682,5.433064087473828,-0.03990376255717521,81.97463343108505,0.43097913113747405,0.41456218055879085,0.3178056387177006,85.7
691587,"Pérez, Eury",FF,Fastball,859,5.432771961346615,-0.03991435960381804,97.89348079161819,0.5456123566221593,0.26666921295556784,0.36199733988034427,85.7
669373,"Skubal, Tarik",CU,Breaking,84,5.431928572065444,-0.03994495404477351,81.37380952380953,0.3882149974178993,0.42806144080070885,0.3208667804508561,85.6
693645,"Schlittler, Cam",ST,Breaking,39,5.430577966725869,-0.03999394804580988,86.79999999999998,0.5631828819723673,0.3635877631481759,0.32023956734151865,85.6
694738,"Roupp, Landen",CH,Offspeed,315,5.430433323741044,-0.039999195054940304,86.63047619047624,0.5043526875742602,0.5164538256547014,0.2777435468590579,85.6
595345,"Okert, Steven",SL,Breaking,617,5.43034105048595,-0.04000254232140186,80.84959481361423,0.5220079051597987,0.408826769346117,0.3276531846108278,85.5
596271,"Lawrence, Casey",ST,Breaking,68,5.430317405311641,-0.04000340006397135,77.72205882352941,0.4403066550126159,0.46327132643917307,0.3123875616559582,85.5
668984,"Legumina, Casey",ST,Breaking,151,5.430006040522216,-0.04001469500437234,81.04370860927153,0.4945624913212766,0.4600895379676277,0.3033984849857873,85.5
694361,"Klein, Will",FF,Fastball,221,5.429948114399734,-0.04001679630844827,97.93393665158376,0.5196463782296815,0.3026249802921489,0.34331575253953056,85.4
519141,"Pomeranz, Drew",KC,Breaking,209,5.429937449378443,-0.040017183188352304,83.8425837320574,0.4808135224207022,0.4254664462352537,0.3112003600040452,85.4
663460,"Bubic, Kris",ST,Breaking,401,5.429845002790446,-0.0400205367425665,82.94239401496257,0.4567254203339499,0.3683082953421599,0.3271245397827687,85.4
665795,"Cabrera, Edward",CU,Breaking,531,5.429206114764317,-0.04004371278052286,84.01732580037663,0.43174838235196117,0.423370850862345,0.3163120889839408,85.3
607536,"Freeland, Kyle",KC,Breaking,657,5.429112772484873,-0.04004709882646965,82.57503805175044,0.48043540997257317,0.4762534662920687,0.317080817031438,85.3
664854,"Helsley, Ryan",CU,Breaking,59,5.427835207467341,-0.04009344324697418,80.67796610169492,0.37422253765163715,0.44790551264549633,0.3105107133025029,85.3
656876,"Rasmussen, Drew",FF,Fastball,816,5.42780011030312,-0.04009471641719643,95.80575980392173,0.5373015902892888,0.2909220137788186,0.35443248864201365,85.2
668909,"Williams, Gavin",ST,Breaking,611,5.427244173112517,-0.04011488336493053,86.5384615384616,0.43082782974917133,0.5278784797620097,0.3008473235041793,85.2
694037,"Palencia, Daniel",FF,Fastball,666,5.427231210179327,-0.04011535360293678,99.59249249249254,0.5232633434629957,0.32451530573064663,0.34679805420947973,85.2
681343,"Smith, Shane",CU,Breaking,353,5.427197623622209,-0.04011657197499988,82.1093484419263,0.34108735417680486,0.5165889878839567,0.29976300730876276,85.1
656849,"Peterson, David",SL,Breaking,516,5.426806748166069,-0.04013075121148171,84.61879844961247,0.5402526526004535,0.49253652234941925,0.3190667308206699,85.1
693433,"Woo, Bryan",FF,Fastball,1357,5.42667963852009,-0.04013536218845964,95.70095799557842,0.5404017277377313,0.3075040387974148,0.3660964292473224,85.1
672578,"Hernández, Carlos",KC,Breaking,52,5.424102660944205,-0.04022884356182872,82.66346153846152,0.3994121048166185,0.3234649415756237,0.3324164324346919,85.0
608379,"Wacha, Michael",CU,Breaking,212,5.424069727888097,-0.04023003822775962,75.10613207547172,0.30094102507105824,0.3794771322055423,0.3062042795168221,85.0
693312,"Nicolas, Kyle",CU,Breaking,145,5.423655432882664,-0.04024506702213107,83.79241379310346,0.37208697210865865,0.4555741559513995,0.3032182841032339,85.0
680755,"Fisher, Braydon",CU,Breaking,350,5.4235972121904386,-0.04024717901189725,82.96742857142857,0.3867012713829559,0.34009289430778966,0.3252289974240904,84.9
676979,"Crochet, Garrett",ST,Breaking,526,5.423481725709595,-0.04025136835174091,82.80209125475284,0.5476032983751059,0.43309259726970956,0.31563663579870493,84.9
682274,"Hiraldo, Yaramil",FF,Fastball,119,5.423428867695962,-0.04025328580719486,94.91092436974793,0.47013418751363417,0.26094715286358816,0.3364470696680565,84.9
800049,"Mazur, Adam",CU,Breaking,53,5.422758714241128,-0.04027759601691968,82.4377358490566,0.40216903256071485,0.4208731827865066,0.3199690607501612,84.8
660271,"Ohtani, Shohei",CU,Breaking,114,5.422415914545138,-0.04029003127699783,78.43771929824561,0.4169167454694034,0.41471607644966846,0.3206060037496823,84.8
681190,"Vásquez, Randy",SL,Breaking,46,5.4220134678421985,-0.04030463026724559,85.81521739130434,0.4520344128441828,0.4345525699301801,0.31687915429975727,84.8
691587,"Pérez, Eury",ST,Breaking,130,5.4214581917222935,-0.04032477323425227,82.77538461538464,0.4734584498491573,0.3833907761146541,0.3126860468080152,84.7
661563,"Gil, Luis",FF,Fastball,521,5.421403752991517,-0.040326748031147955,95.37735124760079,0.47426522237609636,0.33372444820630665,0.35116282629158424,84.7
681006,"Simpson, Josh",ST,Breaking,164,5.421168040932458,-0.040335298624372774,82.32195121951221,0.4563343323391644,0.4041773407384573,0.2986434291833626,84.7
547179,"Lorenzen, Michael",CU,Breaking,270,5.420992047698868,-0.04034168288216908,82.13111111111108,0.37473993592393523,0.44443912497287574,0.31324902185992626,84.6
663574,"Santillan, Tony",SL,Breaking,165,5.420933519832761,-0.04034380601484795,86.53757575757577,0.45267181687420815,0.48206688552061644,0.3135529293453978,84.6
687931,"Whisenhunt, Carson",SL,Breaking,57,5.42034215041063,-0.04036525828756725,83.32105263157894,0.4149673043461353,0.5407341424637417,0.3150157164613553,84.6
656686,"Martin, Corbin",CU,Breaking,67,5.419787610700986,-0.04038537454085963,86.71492537313434,0.5136840908638814,0.5039226825007413,0.3113408027186243,84.5
676879,"Ashby, Aaron",SL,Breaking,98,5.419733997318846,-0.04038731939774952,84.31530612244897,0.4546544659080974,0.5921848171058596,0.2727235885071831,84.5
656731,"Megill, Tylor",CU,Breaking,93,5.41889556940897,-0.04041773386205063,80.50322580645161,0.38850893752436416,0.3584053096349509,0.32274142942011097,84.5
657097,"Webb, Jacob",ST,Breaking,210,5.418748467295177,-0.040423070077527094,81.99380952380949,0.40689191013035286,0.4370917350548544,0.31583608184909845,84.4
518585,"Cruz, Fernando",FS,Offspeed,506,5.418613192105533,-0.04042797726439157,80.6302371541502,0.5037905804357917,0.5699027739164678,0.3022248771150023,84.4
669387,"Mlodzinski, Carmen",SL,Breaking,232,5.417994764651808,-0.04045041108308084,88.69051724137933,0.5386078478630842,0.42546373879924704,0.31454312479120666,84.4
670990,"Ramírez, Yohan",ST,Breaking,147,5.417439753386437,-0.04047054444233384,83.23741496598642,0.4569021148390422,0.4346139411562035,0.3034546668436156,84.3
472610,"García, Luis",ST,Breaking,292,5.417071132480563,-0.04048391638194868,82.87739726027395,0.43104840450048165,0.5246579383024522,0.2967990459848957,84.3
571946,"Miller, Shelby",ST,Breaking,61,5.416942462262062,-0.04048858396961027,83.42950819672132,0.43174501261182224,0.5012298113763203,0.29901291743538166,84.3
660604,"Rangel, Alan",SL,Breaking,33,5.415969568917185,-0.0405238762464513,84.96060606060607,0.4358321586893393,0.5124107431605508,0.287364679315094,84.2
607481,"Bummer, Aaron",ST,Breaking,164,5.415911320312103,-0.04052598924877261,81.2329268292683,0.4281320465135669,0.4852657005498175,0.2925420180467098,84.2
642100,"Speier, Gabe",SL,Breaking,269,5.415730950323213,-0.040532532275935125,83.2509293680297,0.49910828845213717,0.4888451563916176,0.31210437457360407,84.2
657571,"Ferguson, Caleb",SV,Breaking,244,5.415334294107923,-0.04054692121284611,80.41106557377044,0.36787130964750897,0.3744682140761342,0.3310319856545552,84.1
694819,"Misiorowski, Jacob",SL,Breaking,350,5.415316817696781,-0.04054755517991291,94.17857142857147,0.5891948234666387,0.3845069264108706,0.3204448020512149,84.1
640451,"Harvey, Hunter",SL,Breaking,32,5.415217048761294,-0.040551174356578054,86.76874999999998,0.43995985276805566,0.5949170076773745,0.2838929328979722,84.1
683618,"Henriquez, Edgardo",CU,Breaking,42,5.414884893540145,-0.04056322348208671,83.28809523809525,0.46303589270432227,0.3839326163252028,0.32008697499747074,84.0
669371,"Henry, Cole",ST,Breaking,318,5.414267444371394,-0.04058562181291448,80.82201257861632,0.3951686844622594,0.47010365815453886,0.3038926850416121,84.0
669062,"Miller, Erik",SL,Breaking,110,5.413921828827465,-0.04059815921952871,86.3145454545455,0.45255194347208405,0.5172182090719779,0.2940284537371442,84.0
681982,"Anderson, Grant",ST,Breaking,451,5.413909629002954,-0.04059860177531988,80.20399113082038,0.4142202365062348,0.4708247112099673,0.3078017946099595,83.9
669358,"Baz, Shane",FF,Fastball,1194,5.413197252806132,-0.040624443639780655,96.95812395309876,0.48473048584904477,0.3035983774597347,0.3551501497330149,83.9
622554,"Domínguez, Seranthony",CU,Breaking,55,5.4131498028241065,-0.04062616491571561,83.65636363636362,0.30946469868328913,0.3687550918456433,0.324110773938902,83.9
661395,"Duran, Jhoan",KC,Breaking,220,5.412797032926495,-0.040638961850706735,87.61500000000005,0.42763925491549964,0.45129985340988915,0.29973641628554676,83.8
680742,"Bowlan, Jonathan",SL,Breaking,227,5.412709930713991,-0.04064212153456429,85.82995594713664,0.5031690987371876,0.4586256565494395,0.3099281090459009,83.8
669422,"Sauer, Matt",FS,Offspeed,46,5.4123707201913325,-0.040654426595274414,87.3108695652174,0.43135875709458815,0.5173042051831311,0.28329222054056397,83.8
694462,"Waldrep, Hurston",CU,Breaking,113,5.411241952601913,-0.040695373301780906,82.66017699115044,0.32180357413327265,0.31228755444315226,0.3226476294847198,83.7
665625,"Peguero, Elvis",SL,Breaking,101,5.410653740047702,-0.04071671105726444,87.88613861386136,0.5028051466052421,0.48119853955436587,0.29981668012650264,83.7
656605,"Keller, Mitch",ST,Breaking,547,5.410286029489412,-0.04073004997348686,82.34058500914084,0.5048492059898866,0.3770884809462891,0.31329406430330703,83.7
547184,"Kelly, Michael",SL,Breaking,94,5.4102411915557775,-0.04073167649583386,90.26595744680851,0.43023330586627523,0.44874152034374565,0.31808993294361887,83.6
690382,"Darrell-Hicks, Michael",ST,Breaking,39,5.410075301962635,-0.040737694238145564,82.90256410256409,0.42214452612952685,0.5577525764064456,0.2861944673887529,83.6
642207,"Williams, Devin",FF,Fastball,578,5.409959983698305,-0.04074187747583642,94.14100346020761,0.440348798519028,0.34618283881735634,0.350826663605247,83.6
518397,"Alexander, Scott",SL,Breaking,73,5.40976719812042,-0.040748870885773426,83.13287671232875,0.4011690035110377,0.5057613469025213,0.2786963267251499,83.5
669467,"Pallante, Andre",KC,Breaking,381,5.409710370816895,-0.04075093232954701,78.19370078740158,0.3457216269475772,0.4887800396004559,0.2983530368214402,83.5
680684,"Hoglund, Gunnar",ST,Breaking,95,5.408918713950383,-0.04077965014681144,81.2421052631579,0.4423411745444494,0.5162001180978241,0.2998452920530371,83.5
697812,"Rock, Joe",SL,Breaking,38,5.408708149870949,-0.040787288482321986,86.24736842105264,0.5362580549766848,0.5360891249647753,0.28347426503147427,83.4
592662,"Ray, Robbie",FF,Fastball,1629,5.408649725824931,-0.04078940784886608,93.56003683241256,0.5409720504809091,0.290070766850472,0.36271641940929333,83.4
607200,"Fedde, Erick",ST,Breaking,632,5.407256425440842,-0.04083995063768966,82.5822784810127,0.4592686702166941,0.4482907234741135,0.3088799394894959,83.4
685107,"Veneziano, Anthony",ST,Breaking,140,5.406889514923962,-0.04085326053194049,82.70500000000001,0.48359646410983126,0.4211882457023609,0.3090092757580293,83.3
685126,"Eisert, Brandon",FF,Fastball,400,5.4064309656067415,-0.04086989467743405,89.66549999999998,0.3667169833189326,0.35167723151849695,0.3619387721747568,83.3
607625,"Lugo, Seth",CU,Breaking,439,5.406374273798709,-0.040871951206029336,78.84965831435083,0.3921176048686338,0.2803902785559138,0.32807819687735984,83.3
608372,"Sugano, Tomoyuki",CU,Breaking,249,5.406072005895975,-0.04088291615152867,78.17831325301196,0.3463168391298209,0.30215839221236074,0.3279373227606749,83.2
622554,"Domínguez, Seranthony",ST,Breaking,284,5.405875105461554,-0.040890058830300585,86.35985915492957,0.40982677663928213,0.5689887255344642,0.287276217645962,83.2
686930,"Barnett, Mason",ST,Breaking,92,5.405298265903347,-0.04091098402368195,84.81195652173913,0.4618426832146716,0.4666088723406034,0.30691670740081134,83.2
686613,"Brown, Hunter",FF,Fastball,1110,5.405144751344564,-0.04091655285436227,96.5776576576577,0.47983364319476846,0.30112954614837995,0.3551109122866485,83.1
670102,"Francis, Bowden",CU,Breaking,169,5.404183581819627,-0.040951419842757124,73.75798816568046,0.30825298444010923,0.376565219659239,0.3120483917952094,83.1
554340,"García, Yimi",CU,Breaking,62,5.403900096456942,-0.04096170344059732,84.5483870967742,0.4232679237188878,0.3547756549599758,0.33241618417357693,83.1
614179,"Ruiz, José",CU,Breaking,101,5.403662363448879,-0.04097032734493291,85.39405940594057,0.4731030740499884,0.4967483472522432,0.31159488844589334,83.0
669308,"Reynolds, Sean",ST,Breaking,52,5.403553583824962,-0.040974273389606894,82.78653846153847,0.44442260021575564,0.4225997350301392,0.29844454360259426,83.0
687849,"Kent, Zak",CU,Breaking,77,5.40342368245129,-0.04097898563814455,81.57922077922079,0.3435063154503379,0.38679420176019863,0.30179320309720953,83.0
669373,"Skubal, Tarik",FF,Fastball,946,5.403180526534761,-0.04098780626166588,97.69376321353069,0.5717597446863266,0.2715690536146773,0.35185259280776743,82.9
677960,"Weathers, Ryan",FF,Fastball,291,5.403025327249525,-0.04099343620678659,96.88281786941585,0.5351958712655742,0.273798946737232,0.37938149903897456,82.9
696149,"Chandler, Bubba",SL,Breaking,80,5.401753803851486,-0.04103956146399979,89.03875,0.5149918954506096,0.4115958997752127,0.30825083857678126,82.9
573204,"Thielbar, Caleb",CU,Breaking,245,5.401381459815538,-0.041053068462342156,76.12408163265307,0.4283714680742397,0.3837155617208663,0.3268144314321078,82.8
592332,"Gausman, Kevin",SL,Breaking,317,5.401270709041524,-0.04105708601164253,83.4646687697161,0.37623149518247184,0.5748336897822488,0.29056666093514916,82.8
669684,"Murphy, Chris",CU,Breaking,177,5.400676446576311,-0.041078643231196955,76.79717514124296,0.4440720603576514,0.3437487070496909,0.3271235165680589,82.8
687064,"Young, Brandon",SL,Breaking,84,5.399899199691412,-0.041106838317924464,83.30238095238097,0.3971405948887427,0.4365069729026785,0.29711448827012166,82.7
694973,"Skenes, Paul",ST,Breaking,480,5.399570120765786,-0.04111877584900829,84.46041666666669,0.5154639867757069,0.40080989149723417,0.318253092388789,82.7
669022,"Gore, MacKenzie",FF,Fastball,1435,5.398929144942675,-0.041142027623024956,95.27623693379789,0.5107962609429709,0.3047621903640578,0.36494933982904215,82.7
691799,"Taylor, Grant",FF,Fastball,337,5.398627482676713,-0.0411529705986955,98.66290801186953,0.5041257149687063,0.3396495587749619,0.3461522572443321,82.6
641312,"Anderson, Shaun",ST,Breaking,34,5.398548802200521,-0.04115582477912788,82.2764705882353,0.4980276649943698,0.4917297320503501,0.2803665902526475,82.6
680704,"Sandlin, Nick",SL,Breaking,158,5.397729237732808,-0.041185554960998204,78.45759493670887,0.4489707363325633,0.41354186332204895,0.3056766934209264,82.6
661395,"Duran, Jhoan",FF,Fastball,418,5.397575619225482,-0.04119112756247292,100.55669856459328,0.5303188076509676,0.30366213702681877,0.34642574292884326,82.5
674285,"Salazar, Eduardo",SL,Breaking,173,5.3971922511911075,-0.04120503446282562,87.50693641618494,0.47772357003994986,0.4848317100078784,0.3035329777955292,82.5
694361,"Klein, Will",ST,Breaking,34,5.395507875862897,-0.04126613616600855,89.97352941176469,0.5124719744041905,0.498478765852096,0.30875988229818796,82.5
701519,"Adams, Travis",CU,Breaking,27,5.394680565733199,-0.04129614732631134,79.07777777777777,0.3274994767805507,0.3957062768144923,0.326388314275169,82.4
663969,"Phillips, Tyler",ST,Breaking,255,5.393809422327116,-0.04132774856443015,84.42313725490192,0.4813128820467046,0.46843884851951917,0.30642396011421663,82.4
663978,"Paddack, Chris",SL,Breaking,58,5.393639142567255,-0.04133392556261508,84.75172413793102,0.4975748186379516,0.4381862147088676,0.3088128412152884,82.4
621237,"Alvarado, José",SI,Fastball,300,5.3933357655864,-0.041344930740574055,99.11000000000007,0.44501136879283476,0.25037699655317225,0.33250827921841286,82.3
690916,"Fitts, Richard",ST,Breaking,78,5.3932085851563745,-0.04134954428528465,85.02820512820507,0.528951954938683,0.505596773860561,0.28621024708685544,82.3
681869,"Dubin, Shawn",ST,Breaking,96,5.3928554672197775,-0.041362353845594065,83.27916666666668,0.4574822199354806,0.5079929591918495,0.2919345404659166,82.3
808967,"Yamamoto, Yoshinobu",FF,Fastball,1100,5.390932407428497,-0.04143211396770093,95.44999999999997,0.46316777149101246,0.2685307818699642,0.3716304562168581,82.2
676508,"Casparius, Ben",ST,Breaking,416,5.390887808048001,-0.04143373183639292,85.27259615384615,0.49812059927489655,0.4464636368324966,0.3087033905356246,82.2
608650,"Enns, Dietrich",CU,Breaking,36,5.390430494592615,-0.04145032115027363,77.18333333333334,0.30049837365185644,0.2837247904423921,0.33227259108565355,82.2
688642,"Agnos, Zach",ST,Breaking,86,5.390247429607374,-0.041456961940009765,84.99069767441864,0.35869216520559805,0.6003174527941794,0.2810829238466807,82.1
552640,"Kittredge, Andrew",SL,Breaking,442,5.389621572406375,-0.04147966527714026,89.29479638009047,0.5791193624620974,0.45469621737827637,0.30881189972716194,82.1
521230,"Hendriks, Liam",FF,Fastball,132,5.38906016122545,-0.041500030797084315,94.90075757575758,0.46636192167366963,0.31729874361954263,0.3503757058031363,82.1
605182,"Clevinger, Mike",ST,Breaking,29,5.388975981022842,-0.04150308448331895,79.0,0.38252010339532133,0.4388530473690744,0.31956110230728807,82.0
680573,"Woods Richardson, Simeon",CU,Breaking,262,5.388521024095829,-0.04151958831275038,77.83435114503813,0.3546116827836429,0.31944865075074946,0.33793551028632207,82.0
800311,"Fuentes, Didier",CU,Breaking,35,5.3884690347582085,-0.041521474256472526,79.46571428571427,0.41206977782316895,0.506125519603715,0.3025242248235204,82.0
681870,"Sabrowski, Erik",CU,Breaking,80,5.388137625171091,-0.041533496333669304,80.32999999999998,0.40342292257140305,0.4230365265738061,0.3160094678303014,81.9
800049,"Mazur, Adam",FF,Fastball,117,5.387241288202081,-0.04156601148306315,94.80085470085467,0.4446137980979539,0.2911741535806729,0.3628816974122676,81.9
681517,"Leahy, Kyle",CU,Breaking,244,5.3872262308759336,-0.04156655769640261,83.55942622950825,0.4276740230719616,0.4254771282789532,0.31389340123618104,81.9
668881,"Greene, Hunter",SL,Breaking,666,5.387194286432265,-0.04156771649983716,89.63348348348346,0.5108272307948313,0.4983844240063133,0.3019438618112616,81.8
593423,"Montas, Frankie",SL,Breaking,99,5.387119048028766,-0.04157044581706341,86.93333333333332,0.4991291569547097,0.5518910775137424,0.2886291718916798,81.8
693313,"Seymour, Carson",CU,Breaking,29,5.3869702005955284,-0.04157584534502664,85.09310344827585,0.29989605615192655,0.4831841263328431,0.2738305667760533,81.8
607481,"Bummer, Aaron",CU,Breaking,327,5.386966598873824,-0.04157597599959436,81.0058103975535,0.4683285506874714,0.43620053060268066,0.31728679699137585,81.7
592773,"Stanek, Ryne",SL,Breaking,231,5.386699252646009,-0.04158567414084918,88.77099567099562,0.4818400165013255,0.5482184387478265,0.2963718960578763,81.7
621111,"Buehler, Walker",KC,Breaking,282,5.386666125348973,-0.041586875852983575,77.43262411347523,0.4234805420749032,0.39126333559925236,0.3179976734800923,81.7
700249,"Povich, Cade",ST,Breaking,203,5.386562693039947,-0.04159062792067277,82.68669950738919,0.46248951752274003,0.4583698832345961,0.30690609165618754,81.6
621121,"McCullers Jr., Lance",FC,Fastball,52,5.386173186319232,-0.04160475750547389,89.26923076923079,0.3611798818735329,0.39185352106044297,0.31432431304067293,81.6
670970,"Morejon, Adrian",SL,Breaking,263,5.3857964395520375,-0.04161842421547545,87.4714828897339,0.5135149635519417,0.3778001634375506,0.3216025715262607,81.6
689017,"Knack, Landon",SL,Breaking,91,5.385385500825586,-0.04163333125885792,85.28241758241757,0.4720309912838735,0.5140371584605744,0.28514775973743867,81.5
571578,"Corbin, Patrick",SL,Breaking,868,5.3849447304838725,-0.04164932046158495,80.37154377880181,0.4454903522402439,0.5096814007442849,0.3158770385740455,81.5
682243,"Miller, Bryce",KC,Breaking,180,5.384901251017768,-0.0416508977047254,83.52555555555558,0.4865326203579427,0.48375474264500984,0.30362140481366173,81.5
693312,"Nicolas, Kyle",SL,Breaking,174,5.384840368600516,-0.0416531062501284,90.40229885057474,0.4907841721580876,0.5612672413351563,0.2885308178746436,81.4
621111,"Buehler, Walker",ST,Breaking,151,5.384443395955559,-0.04166750666571142,80.8788079470199,0.49202988221846977,0.5328722286303638,0.27563820587238763,81.4
678226,"Hernández, Daysbel",SL,Breaking,402,5.384044483533951,-0.04168197744783037,88.32014925373132,0.49251255251417125,0.499836359560281,0.3041732740697979,81.4
666214,"Wentz, Joey",CU,Breaking,327,5.384025100858494,-0.0416826805657535,79.27370030581044,0.46860237677252875,0.464614278936912,0.3242235121109508,81.3
669203,"Burnes, Corbin",SL,Breaking,90,5.383885292384448,-0.04168775220016929,87.84555555555555,0.5582965871986223,0.5273430310724634,0.2832487357787492,81.3
657376,"Schmidt, Clarke",SL,Breaking,158,5.383379761559284,-0.04170609062742567,85.27594936708856,0.46853912699286904,0.37270511594580935,0.32372714705738154,81.3
669456,"Bieber, Shane",FF,Fastball,316,5.383284195693711,-0.04170955733526389,92.6246835443038,0.4582310500942436,0.24376320301639604,0.36335484645974264,81.2
664991,"Wolfram, Grant",CU,Breaking,73,5.3828948863462545,-0.04172367976023416,84.2054794520548,0.4538754207326001,0.4258839902919479,0.32550075888767765,81.2
687473,"Gusto, Ryan",ST,Breaking,183,5.3825190274095585,-0.041737314263663415,82.40983606557376,0.49330881747811084,0.42580868238665714,0.31465377782413595,81.2
605483,"Snell, Blake",SL,Breaking,212,5.382510340394307,-0.041737629390238146,88.92264150943397,0.4520667111876529,0.5745012972507543,0.29046704871210566,81.1
671096,"Abbott, Andrew",ST,Breaking,479,5.382147350110132,-0.041750797075747796,82.65427974947796,0.5498052266171366,0.43887789579152864,0.3082668472190616,81.1
663460,"Bubic, Kris",SL,Breaking,266,5.3821319481631855,-0.0417513557904088,85.45263157894735,0.47688227553323875,0.40639919092331656,0.3386128904647336,81.1
592773,"Stanek, Ryne",ST,Breaking,100,5.381848765886531,-0.04176162839362546,84.43699999999998,0.41231847972331187,0.3759429836961507,0.33466933464711673,81.0
670912,"Oviedo, Johan",FF,Fastball,246,5.381577730573444,-0.041771460358612816,95.49186991869918,0.44396301346564265,0.36575020954577186,0.34462380150659505,81.0
607074,"Rodón, Carlos",SL,Breaking,969,5.3815234224077475,-0.041773430419183605,85.87801857585147,0.48337261709024454,0.4499080698913519,0.3284134353067492,81.0
676092,"Snider, Collin",SV,Breaking,51,5.381440405288018,-0.04177644191390434,84.7764705882353,0.44834918151144315,0.2973626649015495,0.3507514128229971,80.9
671737,"Bradley, Taj",CU,Breaking,341,5.380941628226819,-0.041794535344410896,81.78445747800589,0.3861394684613255,0.4088829745095919,0.3082038678879781,80.9
663432,"Rainey, Tanner",SL,Breaking,99,5.380682544275871,-0.04180393376672524,86.20202020202025,0.43032198812520905,0.5640952368798234,0.29179886460979115,80.9
694819,"Misiorowski, Jacob",CU,Breaking,208,5.379354286462665,-0.04185211709813214,87.29615384615387,0.5011905690830065,0.3901369109298084,0.31634982284865565,80.8
700363,"Smith-Shawver, AJ",CU,Breaking,108,5.3793280344204275,-0.04185306940636521,77.30555555555557,0.3084749461208606,0.39374297232600025,0.31853953431184673,80.8
675512,"Melton, Troy",FS,Offspeed,74,5.379299615010835,-0.041854100337120746,88.40270270270271,0.5253591103652901,0.4419980192169225,0.29065473710177314,80.7
806960,"Morales, Luis",FF,Fastball,423,5.379025324707447,-0.041864050378790436,97.23427895981077,0.4752198891370552,0.31627729202702964,0.36551518332928273,80.7
669459,"Nelson, Kyle",SL,Breaking,34,5.378844684988344,-0.04187060319057478,83.34117647058822,0.5217681502301612,0.5018345506645164,0.30906498672099064,80.7
518876,"Kelly, Merrill",SL,Breaking,198,5.378521319473116,-0.04188233346434479,85.79848484848488,0.48508174028655043,0.5703173219179027,0.2757968307296808,80.6
678368,"Bellozo, Valente",CU,Breaking,62,5.378425733631556,-0.04188580089682339,76.45967741935489,0.3684893637950985,0.3622744866459883,0.3257524709120732,80.6
608372,"Sugano, Tomoyuki",ST,Breaking,509,5.378122995457732,-0.04189678290168271,83.64145383104133,0.5140952812686299,0.42924966699294087,0.3154952506143196,80.6
686613,"Brown, Hunter",KC,Breaking,530,5.3779939348358905,-0.04190146465145422,83.51283018867919,0.42693125522686265,0.4235198033875496,0.31459498298097727,80.5
458677,"Wilson, Justin",SL,Breaking,281,5.377261166138937,-0.04192804626582088,87.9804270462633,0.541263236868343,0.48932037128588685,0.3153103571332223,80.5
684320,"Rodríguez, Yariel",FS,Offspeed,143,5.376790431119525,-0.041945122454810344,89.35594405594405,0.43973135950111053,0.5109552129895637,0.27876405764477513,80.5
670036,"Festa, Matt",ST,Breaking,322,5.376422039768134,-0.041958486067202025,83.0978260869565,0.4636106507045886,0.38308421512024043,0.3137590245849045,80.4
694477,"Patrick, Chad",SL,Breaking,107,5.3759956713535395,-0.041973952831573666,84.20747663551403,0.4527454380936121,0.5161879181644836,0.2996978050524509,80.4
673513,"Matsui, Yuki",SL,Breaking,171,5.374886868561096,-0.04201417530335737,86.62514619883042,0.4467035986986483,0.43033104089767393,0.3231236471083914,80.4
594902,"Lively, Ben",FC,Fastball,58,5.373648707331092,-0.042059090328352824,84.38448275862066,0.37492294635837525,0.37704455961590166,0.3146328600231211,80.3
666974,"Cano, Yennier",FS,Offspeed,71,5.373608213567118,-0.04206055926339689,90.62816901408449,0.5626043572812728,0.4701618615698584,0.27238186677802684,80.3
676263,"Dreyer, Jack",FF,Fastball,548,5.373343285250866,-0.04207016969349114,92.70912408759122,0.485012722275439,0.29286747077512804,0.3658792418277956,80.3
681982,"Anderson, Grant",FF,Fastball,392,5.373108963570695,-0.04207866984990604,93.43341836734692,0.5116071789447441,0.3054271762013692,0.3542832666849683,80.2
596295,"Gomber, Austin",SL,Breaking,153,5.3729808661059915,-0.042083316660587636,82.4261437908497,0.4210099092045177,0.4812909583441808,0.30727621576592057,80.2
668678,"Gallen, Zac",KC,Breaking,753,5.372776998655886,-0.042090712071940505,81.04820717131477,0.4977832703987898,0.4318377444496336,0.3207879403892914,80.2
650556,"Abreu, Bryan",SL,Breaking,583,5.372690630680657,-0.04209384512091038,86.4636363636364,0.4828020819010128,0.47263730188560527,0.31274661283264077,80.1
623352,"Hader, Josh",SL,Breaking,358,5.371894383100348,-0.04212272946901109,83.29106145251396,0.4632642843100555,0.4965636297130759,0.33154859055034636,80.1
667755,"Soriano, José",KC,Breaking,755,5.371017360271406,-0.04215454398664336,85.2193377483443,0.40946147563106766,0.4132976233767152,0.3159509112184455,80.1
686752,"Pepiot, Ryan",FF,Fastball,1232,5.36904179258961,-0.04222620886328269,95.17581168831171,0.5197629997285799,0.2856529448513128,0.35544521460289996,80.0
622491,"Castillo, Luis",SL,Breaking,671,5.368733205569216,-0.04223740303848245,84.50998509687037,0.4649584452625976,0.4818298688560153,0.3064247716235337,80.0
688497,"Rashi, Taylor",SL,Breaking,39,5.368696125092737,-0.04223874815452034,83.07435897435896,0.39334588794206315,0.44593078994418217,0.3144931850538241,80.0
657376,"Schmidt, Clarke",ST,Breaking,149,5.36848111907613,-0.04224654762390773,83.10536912751685,0.4387182020773416,0.5382571482375019,0.28892432581882355,79.9
579328,"Kikuchi, Yusei",FF,Fastball,1111,5.367697051585951,-0.04227499013209338,94.8192619261927,0.4833275368388562,0.2943756170093477,0.3724132686346551,79.9
596001,"Junis, Jakob",SL,Breaking,479,5.367369857302049,-0.04228685929669301,82.95511482254697,0.464816999146126,0.4068681454169384,0.3128032172579107,79.9
605135,"Bassitt, Chris",ST,Breaking,179,5.3673586036011685,-0.04228726753129455,72.65698324022348,0.4909518330137773,0.434259325225924,0.3006646045668228,79.8
701656,"Henderson, Logan",FF,Fastball,200,5.366971398737037,-0.042301313614897626,92.93749999999999,0.5658168866123726,0.2681723068305292,0.36211030902745667,79.8
660825,"Bazardo, Eduard",ST,Breaking,581,5.366660728284919,-0.04231258336780538,82.56506024096382,0.4596531805345524,0.3656750135941063,0.33229365884949225,79.8
686580,"Slaten, Justin",FF,Fastball,196,5.366254474448875,-0.04232732046403989,96.70561224489795,0.5582441497558086,0.2901590767475294,0.3434190095362211,79.7
640455,"Manaea, Sean",ST,Breaking,371,5.365988188041552,-0.042336980159684755,77.68571428571428,0.4690559751606078,0.37871233261076814,0.3151940640404812,79.7
656629,"Kopech, Michael",FF,Fastball,191,5.365131748284341,-0.042368048014314645,97.45026178010467,0.4804311424293074,0.349720078410756,0.34908742273107474,79.7
643410,"Leiter Jr., Mark",CU,Breaking,217,5.364893938059603,-0.04237667471973012,74.06129032258065,0.35119235688453304,0.39641621157338863,0.31446761582217014,79.6
676961,"Boushley, Caleb",SL,Breaking,99,5.364592551374447,-0.04238760769854511,83.8212121212121,0.47199986168201247,0.4782392132634925,0.2871271266224737,79.6
690544,"Horn, Bailey",FC,Fastball,35,5.363609543406626,-0.04242326688926711,88.28571428571429,0.5073149260081672,0.4367273317071693,0.3330657216207896,79.6
687765,"Spence, Mitch",SL,Breaking,366,5.362528233812117,-0.04246249202916684,84.55027322404364,0.48915600397673736,0.45810556320388957,0.3109405936770403,79.5
622786,"Tinoco, Jesus",SL,Breaking,137,5.3606773791176145,-0.04252963286902825,85.0489051094891,0.4872807000225269,0.433693054740645,0.31140965648025365,79.5
657746,"Ryan, Joe",SL,Breaking,258,5.360152516206569,-0.04254867257904142,87.9131782945736,0.4673082777748369,0.453993022637397,0.3088155813232229,79.5
668984,"Legumina, Casey",FF,Fastball,440,5.3598933361821475,-0.042558074486477235,94.29545454545459,0.5380904107228388,0.30396065491239976,0.352530416127866,79.4
656464,"Ginkel, Kevin",SL,Breaking,214,5.358835613317659,-0.042596444003908024,84.82710280373828,0.4490047055176593,0.545173474638496,0.2994356655316355,79.4
656457,"Gilbert, Tyler",ST,Breaking,254,5.358766301861802,-0.04259895831763146,81.06732283464564,0.400664416762071,0.4298196850631579,0.2923779928697684,79.4
687273,"Mathews, Quinn",FF,Fastball,37,5.358607126617298,-0.04260473249300712,94.3,0.36472048567772875,0.2739388765158574,0.3644713574984834,79.3
502043,"Gibson, Kyle",ST,Breaking,53,5.357580653770877,-0.042641968397699445,81.20377358490565,0.3590731204885433,0.6494524775054991,0.2774431996282651,79.3
666171,"Zeferjahn, Ryan",SV,Breaking,25,5.357377855638858,-0.042649325018911464,83.948,0.350819373194797,0.4683437153811543,0.32067522580434615,79.3
592866,"Williams, Trevor",SL,Breaking,127,5.356933986921756,-0.04266542661702352,80.73149606299212,0.3768174290407559,0.43118910724733256,0.33206336687604127,79.2
693645,"Schlittler, Cam",CU,Breaking,219,5.3569299695874255,-0.04266557234818329,83.19132420091319,0.4442525835031514,0.3738250642938837,0.32900269714896097,79.2
676664,"Sears, JP",SL,Breaking,161,5.35686172674498,-0.04266804789732803,80.71801242236022,0.5172782117902164,0.33365601309446,0.3412955379801101,79.2
805123,"Blubaugh, AJ",FF,Fastball,278,5.356827388281705,-0.04266929354522825,94.61762589928054,0.49164693296513673,0.2771878397518126,0.3662738904022474,79.1
543243,"Gray, Sonny",CU,Breaking,512,5.356751439102727,-0.042672048646251876,80.22792968749995,0.41791294333004975,0.3297356296882534,0.33346378579448555,79.1
693855,"Seymour, Ian",ST,Breaking,58,5.356495987076316,-0.04268131531837288,81.03103448275866,0.485160936385896,0.3175189835174391,0.29845029767381925,79.1
700249,"Povich, Cade",CU,Breaking,430,5.356180529180064,-0.04269275873862536,78.86999999999999,0.46380117469995724,0.38848339888128797,0.3383202278198854,79.0
681857,"Olson, Reese",SL,Breaking,270,5.356118392150421,-0.04269501279582863,84.3825925925925,0.4440679117960561,0.5108564167426487,0.3042752519262061,79.0
676684,"Vest, Will",FF,Fastball,658,5.3560286767483385,-0.04269826727467165,96.62629179331307,0.5170568958138293,0.27654838261756964,0.37071212532905534,79.0
693433,"Woo, Bryan",SL,Breaking,309,5.354485946297336,-0.04275423072683654,88.32265372168287,0.4797989092125593,0.46201379906316437,0.3178462629643743,78.9
664141,"Brubaker, JT",SL,Breaking,114,5.353874651265527,-0.04277640581273649,86.31315789473682,0.47261828659280614,0.5503915293167955,0.2912966931775713,78.9
660730,"Rodríguez, Elvin",FF,Fastball,154,5.353380357091151,-0.04279433662389359,94.39610389610394,0.5268503308398444,0.3024067040037936,0.3563367944426975,78.9
656986,"Sousa, Bennett",SL,Breaking,423,5.351325430452757,-0.04286888029324013,85.67541371158393,0.5068739304125824,0.4388525616683731,0.3288010844575328,78.8
656234,"Bird, Jake",CU,Breaking,232,5.351197483332412,-0.04287352165009203,80.52586206896547,0.4631840265823474,0.3291776980107491,0.3167548003739131,78.8
445276,"Jansen, Kenley",FC,Fastball,746,5.351016967400125,-0.04288006997143692,92.7108579088472,0.4929709182814497,0.27154696783644194,0.3459662929880137,78.8
608665,"Graveman, Kendall",FF,Fastball,52,5.350852310581706,-0.04288604299412195,94.15961538461536,0.3982427041933543,0.32377238418638166,0.32416888569532937,78.7
521230,"Hendriks, Liam",SL,Breaking,78,5.3495229026161635,-0.042934268047979736,86.29615384615386,0.45563112240853204,0.5753544138721137,0.27820293405811647,78.7
701487,"Ohl, Pierson",CU,Breaking,32,5.349260759445603,-0.04294377744528011,77.92500000000001,0.34783383362600206,0.3648463519380618,0.32142309726282514,78.7
687888,"Walter, Brandon",ST,Breaking,183,5.349006399386058,-0.04295300450566245,79.5295081967213,0.4537632634331471,0.3104788759747683,0.31533524418884445,78.6
592094,"Adam, Jason",FF,Fastball,263,5.3487612147201435,-0.04296189872325789,94.54106463878331,0.4569277498974601,0.29493019850126967,0.33756364582755455,78.6
596133,"Weaver, Luke",FC,Fastball,103,5.348373651281953,-0.04297595781434551,91.51456310679612,0.37284306917436705,0.39579609583776676,0.31641464002522046,78.6
607455,"Banda, Anthony",SL,Breaking,574,5.348335900381056,-0.0429773272504222,85.87979094076648,0.4273471346888702,0.5214755832171669,0.30290038846818707,78.5
543859,"Tonkin, Michael",SL,Breaking,103,5.347635596707787,-0.043002731177008896,83.91650485436897,0.4809384127076191,0.44042957319814374,0.31246634878950297,78.5
656427,"Flaherty, Jack",SL,Breaking,750,5.347310641781156,-0.04301451910760995,85.07519999999998,0.45862998658696286,0.4988316391512733,0.31251328358400915,78.5
685107,"Veneziano, Anthony",SL,Breaking,115,5.347216984610105,-0.043017916576434355,87.07130434782611,0.5047394367096342,0.4616552812016372,0.31371743646914757,78.4
686642,"Ellard, Fraser",SL,Breaking,99,5.347118983657474,-0.04302147161848411,84.84141414141415,0.41412823668199916,0.4637945645909148,0.3072280518497322,78.4
656240,"Blewett, Scott",FS,Offspeed,145,5.346968367536999,-0.043026935306614604,84.98068965517237,0.5539212197368899,0.46016622952327907,0.3165086576128988,78.4
680767,"Vodnik, Victor",SL,Breaking,126,5.346667432199308,-0.043037851912535265,87.22698412698412,0.5001145057388123,0.46476752280169753,0.2958522563524747,78.3
682243,"Miller, Bryce",FF,Fastball,732,5.346657082369666,-0.04303822735867738,95.00095628415305,0.5454942686958306,0.2815327221688442,0.35026897644099575,78.3
681293,"Arrighetti, Spencer",FF,Fastball,196,5.34621332233523,-0.04305432501426179,93.13520408163265,0.48429221519429616,0.2887200227922733,0.3609632903444422,78.3
669711,"Weissert, Greg",SL,Breaking,173,5.345042161165984,-0.043096809572747134,85.5838150289017,0.42240293355012926,0.44585748643635675,0.3263945834297269,78.2
687223,"Palmquist, Carson",ST,Breaking,222,5.344989225943913,-0.04309872982898263,73.8477477477477,0.43183925855569083,0.4390643261610908,0.3108267817147479,78.2
813349,"Early, Connelly",FF,Fastball,114,5.344698699874642,-0.0431092688325848,94.05701754385964,0.4937675483677871,0.25653715339183586,0.3700964021107223,78.2
605447,"Romano, Jordan",FF,Fastball,268,5.3446038179228745,-0.04311271073104846,95.48246268656715,0.47375083312438815,0.30128935312505406,0.34614897874329464,78.1
702070,"Cameron, Noah",CU,Breaking,417,5.344387910392088,-0.043120542903391554,80.91247002398084,0.46785198612509965,0.3619375743534162,0.33305691728450176,78.1
669211,"Akin, Keegan",FF,Fastball,543,5.344267995843194,-0.04312489287400147,93.71362799263345,0.49473872310301686,0.2635016015931608,0.3696633565713097,78.1
656557,"Houck, Tanner",ST,Breaking,265,5.343858640956495,-0.04313974246266777,83.5101886792453,0.40761058242794385,0.36525557668294806,0.3255828366354066,78.0
686752,"Pepiot, Ryan",SL,Breaking,482,5.342766206568191,-0.04317937116098866,89.04585062240662,0.4837634963681008,0.41496787062388096,0.3185415209017916,78.0
669203,"Burnes, Corbin",CU,Breaking,194,5.342641235990578,-0.04318390454200658,80.03350515463917,0.43079630513008915,0.46929787230378767,0.3145575302749603,78.0
687606,"Schultz, Paxton",SL,Breaking,66,5.342639400714861,-0.043183971117709885,85.39545454545454,0.4026534737815878,0.4747999742012125,0.3172798951350268,77.9
607067,"Rea, Colin",ST,Breaking,245,5.3419476765496094,-0.0432090638176099,82.814693877551,0.5634433406432975,0.3978043010340896,0.30483841864838074,77.9
650911,"Sánchez, Cristopher",SL,Breaking,505,5.341661259818869,-0.04321945375254604,85.74712871287124,0.5049533665036873,0.4530893226480472,0.33091280617016516,77.9
663765,"Woodford, Jake",ST,Breaking,143,5.341109352210797,-0.04323947452480981,81.0965034965035,0.42399314317071796,0.45351629396490817,0.3055145214069151,77.8
656302,"Cease, Dylan",SL,Breaking,1298,5.3408540872550825,-0.04324873441083134,89.08382126348235,0.5110520893443562,0.5011894051694961,0.30653021297017247,77.8
800048,"Messick, Parker",CU,Breaking,79,5.34059817896273,-0.0432580176342672,77.1341772151899,0.38899736029960863,0.38434707529557494,0.32460629163022825,77.8
676974,"Meyer, Max",SL,Breaking,383,5.339544232845358,-0.0432962501479806,89.86788511749357,0.5731431008808903,0.4155054044154476,0.31828093107796634,77.7
640451,"Harvey, Hunter",FF,Fastball,108,5.33947258948868,-0.04329884905277437,96.17592592592591,0.5529554312703622,0.2539025984127459,0.3684580181413754,77.7
669721,"Daniel, Davis",FS,Offspeed,41,5.337510700824714,-0.0433700177150171,84.53414634146341,0.6563472918593575,0.485914659049742,0.3166425661694791,77.7
676979,"Crochet, Garrett",FF,Fastball,1170,5.337459012763813,-0.043371892729749346,96.44547008547006,0.5284202298517383,0.2914591571429434,0.3601134939527925,77.6
669721,"Daniel, Davis",SL,Breaking,30,5.337425970292727,-0.04337309136477272,80.02,0.4103784888954735,0.45763811455427855,0.3151055599136594,77.6
656794,"Newcomb, Sean",SV,Breaking,350,5.337302597669561,-0.04337756677905561,81.95228571428571,0.42763727936584417,0.288618523362031,0.30656767064762896,77.6
445276,"Jansen, Kenley",SI,Fastball,84,5.336905499979338,-0.04339197173072893,93.10714285714283,0.435157082592429,0.3378007841787865,0.3111745413598104,77.5
689017,"Knack, Landon",KC,Breaking,97,5.336810172252215,-0.043395429799955,80.1360824742268,0.33382856125561855,0.32803050429635033,0.3257536250310459,77.5
680742,"Bowlan, Jonathan",FF,Fastball,244,5.336665381761466,-0.04340068215994946,95.54754098360654,0.4854374395055837,0.31043578479730466,0.3545385026352565,77.5
593974,"Peralta, Wandy",SL,Breaking,197,5.336459718774106,-0.0434081427054698,87.91827411167507,0.4781730423594842,0.47755064647112144,0.29912700393360636,77.4
700669,"Graceffo, Gordon",SL,Breaking,201,5.3363860576409685,-0.04341081480628827,89.22089552238803,0.5181113542593003,0.4846521841920655,0.314813083192318,77.4
678495,"Rodríguez, Randy",SL,Breaking,365,5.336314787200752,-0.04341340018331842,86.26575342465756,0.51760971050113,0.4057277888828622,0.32547439207250134,77.4
676467,"Gordon, Colton",CU,Breaking,148,5.335968245926871,-0.04342597117132963,75.5689189189189,0.3600421441024775,0.256255146011735,0.3415208107768377,77.3
605177,"Chafin, Andrew",SL,Breaking,252,5.335830161113439,-0.043430980278945354,80.45912698412694,0.5158905364383682,0.5261922712635106,0.3037697231941255,77.3
685126,"Eisert, Brandon",SL,Breaking,452,5.335792897674334,-0.043432332032059894,85.10464601769917,0.5108735826661861,0.45323543852191317,0.3185466754680948,77.3
681882,"Selby, Colin",KC,Breaking,56,5.335755276214115,-0.04343369677260016,83.18214285714284,0.5010751942611993,0.44600216978538604,0.31623196360975003,77.2
700241,"McGreevy, Michael",ST,Breaking,311,5.335627132840188,-0.04343834524866575,83.65980707395492,0.4818679922684031,0.5023395043396696,0.3053681644018166,77.2
657612,"Hill, Tim",FF,Fastball,129,5.335054910087784,-0.043459102964708035,89.8860465116279,0.39425205528027146,0.2925706150281345,0.31642387249203363,77.2
662253,"Muñoz, Andrés",FF,Fastball,391,5.334647295813303,-0.04347388941164493,98.35140664961628,0.49410595633259413,0.29668795031875994,0.35106863779616293,77.1
694462,"Waldrep, Hurston",FS,Offspeed,279,5.334581784178226,-0.0434762658846403,86.75734767025088,0.550123029177618,0.48919648537590915,0.30418365284394555,77.1
671096,"Abbott, Andrew",CU,Breaking,308,5.334036290568907,-0.043496053985336416,80.56461038961044,0.3858509858774344,0.34006305775202755,0.3432634903654477,77.1
687830,"Gipson-Long, Sawyer",SL,Breaking,99,5.3338123159970445,-0.04350417879432725,82.33333333333331,0.4848862480636346,0.41505273562556705,0.3205752654826224,77.0
663903,"Singer, Brady",ST,Breaking,317,5.333703386278419,-0.04350813028377476,81.61356466876965,0.42989711782605156,0.5018527288497153,0.3067631879581473,77.0
640451,"Harvey, Hunter",FS,Offspeed,42,5.333516208059561,-0.04351492028347355,87.8452380952381,0.5242402771817167,0.4915762474062076,0.29014619399769814,77.0
601713,"Pivetta, Nick",ST,Breaking,549,5.33254919042552,-0.04354999941545693,81.91056466302368,0.4709611095937493,0.4131801544750729,0.3057780529828689,76.9
657746,"Ryan, Joe",FF,Fastball,1404,5.33231618323314,-0.04355845188805596,93.65940170940164,0.5423685153641814,0.25142993013053105,0.3756302753098886,76.9
663321,"Hernandez, Nick",FS,Offspeed,25,5.3321760497402035,-0.043563535312722695,81.524,0.36806809785772865,0.6093164089728372,0.27887430855165396,76.9
605483,"Snell, Blake",FF,Fastball,609,5.332031554582055,-0.04356877695935374,95.37766830870267,0.4798468722289565,0.260404639915977,0.34549557476818055,76.8
628452,"Iglesias, Raisel",SL,Breaking,95,5.33165019670638,-0.04358261094002036,83.74526315789475,0.48761843830366003,0.4717798043115571,0.29831933740524363,76.8
685107,"Veneziano, Anthony",CH,Offspeed,37,5.331232982044102,-0.04359774564665678,87.15675675675676,0.361002625561752,0.5054912999182348,0.2764119342231771,76.8
605130,"Barlow, Scott",ST,Breaking,375,5.330298804995758,-0.043631633467127784,81.52453333333335,0.45676417292877225,0.46362004747544294,0.3054136477946849,76.7
666808,"Doval, Camilo",SL,Breaking,564,5.329805805813063,-0.04364951730170189,89.01879432624116,0.5104823494770778,0.44952289062672524,0.3055466140344199,76.7
669713,"Wesneski, Hayden",ST,Breaking,125,5.329475865505692,-0.043661486079913804,83.2976,0.5716660545772919,0.4335615737588749,0.2965986238566857,76.7
800048,"Messick, Parker",SL,Breaking,91,5.328567843890201,-0.043694425096713826,86.34945054945058,0.5387694212265939,0.4537635666239491,0.3164464791829446,76.6
677952,"Ashcraft, Braxton",CU,Breaking,232,5.328288760037396,-0.043704549027201084,84.32629310344824,0.42569782848664484,0.3585792782724325,0.3254584844556978,76.6
663795,"Hagenman, Justin",SI,Fastball,96,5.326165339831811,-0.043781577340879806,93.02291666666669,0.4495553959359844,0.26079148107414957,0.3382968302813725,76.6
605218,"Edwards Jr., Carl",CU,Breaking,31,5.326052773462117,-0.043785660751978366,78.90645161290323,0.4014424855236394,0.37923303362750715,0.3390804607315092,76.5
682989,"Mederos, Victor",ST,Breaking,63,5.325885848251636,-0.04379171606191655,81.84920634920637,0.4246689333232123,0.4719632820326858,0.2964699474046368,76.5
675911,"Strider, Spencer",CU,Breaking,188,5.325532958882645,-0.0438045173308019,78.42553191489358,0.36093410024949324,0.5132804143095123,0.3030693277662261,76.5
687223,"Palmquist, Carson",CH,Offspeed,25,5.325458875445362,-0.04380720475095114,81.308,0.24013945013284949,0.529248891191211,0.2862234674629001,76.4
660271,"Ohtani, Shohei",SL,Breaking,120,5.325419338068835,-0.04380863899247957,88.30999999999997,0.5707379293251402,0.44132869375299744,0.31230505996504,76.4
592773,"Stanek, Ryne",FF,Fastball,624,5.325400832093702,-0.04380931030758406,98.49855769230781,0.57276265100987,0.29269419541259495,0.3501865459185338,76.4
669387,"Mlodzinski, Carmen",ST,Breaking,173,5.324707343561861,-0.04383446701091718,83.99653179190757,0.47989534133564193,0.35073685143156597,0.3345659465690349,76.3
678024,"Vasil, Mike",CU,Breaking,203,5.3238231748192595,-0.04386654075075941,81.70443349753693,0.3349321446238019,0.3161791364367661,0.32129840983868035,76.3
669211,"Akin, Keegan",SL,Breaking,304,5.323764677390165,-0.0438686627793179,85.56447368421053,0.49540798876062797,0.4638484243276809,0.3095860428777031,76.3
621383,"Banks, Tanner",SL,Breaking,403,5.322984163994514,-0.04389697636063951,87.26823821339954,0.48692553803706035,0.3779033224572156,0.34150021330663194,76.2
681293,"Arrighetti, Spencer",ST,Breaking,84,5.32292747729227,-0.043899032704019236,79.9452380952381,0.3838180557868053,0.5852490859700237,0.286310546797422,76.2
680885,"Schwellenbach, Spencer",FS,Offspeed,218,5.322722530003255,-0.04390646728716216,84.65045871559636,0.570878134887102,0.5029693111187599,0.29235031819762847,76.2
669199,"Bachar, Lake",FF,Fastball,434,5.322432550296688,-0.043916986471136774,94.76474654377884,0.5001953981236538,0.2606092561924969,0.3682798949904557,76.1
664062,"Gonsolin, Tony",CU,Breaking,103,5.322354796708003,-0.04391980702818095,81.71941747572812,0.38131146524391074,0.35920350401775625,0.34127822034953587,76.1
573186,"Stroman, Marcus",SV,Breaking,143,5.322182790268645,-0.04392604666267757,82.09510489510488,0.3634861445302443,0.4230546344557428,0.3233775987083744,76.1
621244,"Berríos, José",SV,Breaking,687,5.321764975505938,-0.04394120313830906,82.53464337700142,0.3865403293497056,0.4248805050821762,0.32646845478786435,76.0
640448,"Finnegan, Kyle",FF,Fastball,546,5.321703882080655,-0.0439434193381522,96.28260073260078,0.5124998329000092,0.2510889426016308,0.3720281807276821,76.0
608337,"Giolito, Lucas",CU,Breaking,82,5.321668800633332,-0.04394469193823472,78.6378048780488,0.3425627868714921,0.5054690181877923,0.2952920647879751,76.0
657240,"Merryweather, Julian",SL,Breaking,167,5.321360981396292,-0.0439558582616429,84.57065868263477,0.49294895042480724,0.4138815067627368,0.3257469048630924,75.9
489446,"Yates, Kirby",FS,Offspeed,320,5.320654975791994,-0.043981469029122436,85.87625000000003,0.49806013809252486,0.4980127762903739,0.29561945034683723,75.9
664854,"Helsley, Ryan",FF,Fastball,452,5.320358524415609,-0.043992222976716434,99.29292035398221,0.5270996454043513,0.3043570756402975,0.3481383864416697,75.9
669947,"Scholtens, Jesse",SL,Breaking,51,5.320104269168241,-0.04400144623497557,87.75882352941174,0.5391167747999276,0.37020649895008945,0.3208782390078695,75.8
669854,"Blanco, Ronel",FF,Fastball,283,5.319947942109704,-0.044007117090734654,93.20459363957602,0.44040564237009633,0.28872014776973687,0.35297773778889807,75.8
608717,"Stratton, Chris",CU,Breaking,96,5.319455532538995,-0.04402497953678789,80.14062499999999,0.41732449331246957,0.3592375422344199,0.3258043505432919,75.8
805673,"Matthews, Zebby",FF,Fastball,557,5.319058448849935,-0.04403938398056093,96.24649910233398,0.5584878005221373,0.24948361108417214,0.37482139178683366,75.7
686751,"Johnson, Seth",FF,Fastball,110,5.318817118737342,-0.044048138371973376,97.17454545454547,0.4752643046083444,0.3097054442347494,0.34422257759914837,75.7
687377,"Ribalta, Orlando",FF,Fastball,187,5.318436939304952,-0.044061929603918464,96.41657754010699,0.5278597231387894,0.29030400913408694,0.35493978986761376,75.7
679883,"Avila, Luinder",SL,Breaking,25,5.317610457007103,-0.04409191073413524,85.10799999999999,0.4314557014985182,0.4392566098699484,0.3004059812428345,75.6
663568,"Kolek, Stephen",ST,Breaking,128,5.3174158938369525,-0.044098968627274596,82.59765625,0.4263037754319786,0.39380694202855,0.32044991738383793,75.6
673380,"Núñez, Dedniel",FF,Fastball,101,5.317227491164902,-0.04410580304473116,96.25148514851483,0.47707814872171617,0.36096988132572705,0.3613129304959073,75.6
669704,"Strowd, Kade",CU,Breaking,50,5.317160434441417,-0.04410823556671475,83.02799999999999,0.4352894279479649,0.34567359769229633,0.3040491184275601,75.5
518489,"Brasier, Ryan",SL,Breaking,129,5.316488483408678,-0.04413261098463289,85.32790697674425,0.4983690393270554,0.5076965005513024,0.31006764267894454,75.5
664139,"Gibaut, Ian",SL,Breaking,57,5.316378043907906,-0.04413661724231349,87.31929824561404,0.5385543538579628,0.41438152755358976,0.329482520503887,75.5
673513,"Matsui, Yuki",FF,Fastball,428,5.315068563169071,-0.04418411942433193,92.05257009345789,0.4856759115735217,0.2625840632801824,0.34998320719404863,75.4
622554,"Domínguez, Seranthony",FF,Fastball,574,5.314882899414136,-0.04419085448596314,97.63048780487803,0.46937505813943314,0.3293585306111602,0.349302942444466,75.4
676604,"Zuber, Tyler",FF,Fastball,68,5.314764230219262,-0.044195159280625555,94.66323529411761,0.44975219778327175,0.31799830423825676,0.3692966814429483,75.4
682610,"Muñoz, Roddery",SL,Breaking,70,5.314585968052875,-0.044201625845290145,88.08714285714285,0.5746154942654665,0.49543769710656865,0.2929793814866312,75.3
683627,"Molina, Anthony",SL,Breaking,87,5.314442850502536,-0.04420681751838981,86.88505747126435,0.4507090555141842,0.5641759814272059,0.2819910278108293,75.3
664129,"Hartlieb, Geoff",SL,Breaking,90,5.314326834664011,-0.04421102606099383,85.16555555555551,0.4264503701702588,0.5377457940321203,0.2952164426976492,75.3
656848,"Petersen, Michael",FF,Fastball,183,5.313633218527688,-0.044236187393254287,97.50546448087428,0.6073398472168436,0.2606242359000471,0.3605708902231476,75.2
680755,"Fisher, Braydon",SL,Breaking,378,5.313180500813871,-0.044252609993913436,88.007671957672,0.48395101135899715,0.41997774291012974,0.3167341821064777,75.2
670102,"Francis, Bowden",FS,Offspeed,274,5.31220382338236,-0.044288039540716986,82.24489051094884,0.5614441287869593,0.5054090061627421,0.30471805802652024,75.2
690986,"Harrison, Kyle",SV,Breaking,161,5.311262809994667,-0.04432217535340843,82.22049689440995,0.3815117401307282,0.39677199252547785,0.3186822061296525,75.1
686993,"Sterner, Justin",FF,Fastball,577,5.31114095881173,-0.04432659557655441,93.52374350086652,0.5254025759163088,0.30041388951064846,0.36167322947587277,75.1
668674,"Erceg, Lucas",SL,Breaking,284,5.311021375085625,-0.04433093354637372,84.99753521126763,0.4784721915801353,0.5011482792549753,0.3099770798966344,75.1
663978,"Paddack, Chris",CU,Breaking,326,5.310430615799866,-0.04435236368603814,78.22975460122703,0.3638889174662585,0.37751152824940154,0.32079028259597153,75.0
663941,"Beck, Tristan",SL,Breaking,174,5.310380130924443,-0.04435419505451141,89.81551724137935,0.48098757732291947,0.40026944672656556,0.3219421846888489,75.0
607259,"Martinez, Nick",SL,Breaking,268,5.309900106819001,-0.04437160821054629,84.95037313432836,0.5137990247942662,0.5007282929398555,0.30669563587531845,75.0
663554,"Mize, Casey",FF,Fastball,839,5.309495884861061,-0.04438627159921034,94.60905840286046,0.4546484938252434,0.2714561326649086,0.3608849732017768,74.9
543056,"Coulombe, Danny",ST,Breaking,141,5.309353698278506,-0.044391429500907575,80.67092198581562,0.41900462243055364,0.37359312317994164,0.3035497634092354,74.9
670970,"Morejon, Adrian",FC,Fastball,40,5.3093389913010824,-0.04439196300514158,94.095,0.47333135689619643,0.32773310828900837,0.32986497563861605,74.9
656605,"Keller, Mitch",CU,Breaking,210,5.308100087846976,-0.04443690495475179,77.42428571428572,0.32729970401623065,0.3690417537411502,0.3128053303337466,74.8
595928,"Curtiss, John",SL,Breaking,58,5.3070672813709985,-0.04447437061557185,85.75172413793106,0.5206151381031082,0.4288330755629611,0.31193346164933294,74.8
694350,"Brzykcy, Zach",FF,Fastball,245,5.306865161992644,-0.04448170261459651,94.69714285714288,0.4900179354990892,0.328827768258949,0.3480222243368946,74.8
668970,"Hollowell, Gavin",SI,Fastball,36,5.306839633746375,-0.04448262866670631,95.28333333333336,0.37597259160773533,0.23047799344202355,0.2713386448209373,74.7
691548,"Muñoz, Rolddy",SL,Breaking,35,5.306736815961636,-0.04448635844216655,90.3142857142857,0.47265603880672447,0.49004466110111794,0.29875310065051386,74.7
677955,"Hill, Jaden",SL,Breaking,126,5.306657599846295,-0.044489232053223304,88.4555555555556,0.40992267580835284,0.5203276195842692,0.2849586564352714,74.7
682989,"Mederos, Victor",SL,Breaking,81,5.30627820389086,-0.04450299486408229,89.07654320987658,0.4462245598972472,0.452774119108051,0.3196447878794602,74.6
607259,"Martinez, Nick",CU,Breaking,283,5.305402543927405,-0.04453475994296948,79.79717314487631,0.37185028258679137,0.35490291459576295,0.32858337483853073,74.6
688497,"Rashi, Taylor",FS,Offspeed,81,5.305262328310112,-0.04453984634674537,84.72592592592594,0.524810130089068,0.44396876824466225,0.3027660098421463,74.6
690916,"Fitts, Richard",CU,Breaking,81,5.304662975481424,-0.044561588222221026,82.95185185185184,0.4880011013585716,0.40181393818399314,0.3381657829730911,74.5
686701,"Bergert, Ryan",SL,Breaking,325,5.304377682770975,-0.04457193738266174,87.42492307692304,0.5006427877595186,0.49797086470295365,0.30627562191164476,74.5
676092,"Snider, Collin",ST,Breaking,167,5.30416831860659,-0.044579532190550046,82.3826347305389,0.5137843399859031,0.37039885088467217,0.320661850962001,74.5
665660,"Alvarado, Elvis",SL,Breaking,245,5.304137219557231,-0.044580660326810156,88.89755102040819,0.4177725142932992,0.5406342987864724,0.2948034201491094,74.4
554431,"Matzek, Tyler",FF,Fastball,76,5.304082320328466,-0.04458265182854054,94.48684210526316,0.45981624561415874,0.2350306983827795,0.37473862143454895,74.4
666157,"Lodolo, Nick",CU,Breaking,739,5.304054217073894,-0.04458367129058714,81.88700947225976,0.46395332984668886,0.42576838038927967,0.3218836970311252,74.4
664076,"Cleavinger, Garrett",SL,Breaking,348,5.303979005336066,-0.0445863996405003,87.07614942528745,0.5103017403220113,0.40066552139769784,0.342717013891036,74.3
519008,"McFarland, T.J.",ST,Breaking,101,5.303856615838636,-0.04459083939132043,78.05544554455444,0.4740589423810015,0.34223968572231966,0.32002952825654535,74.3
676974,"Meyer, Max",ST,Breaking,132,5.303330159256533,-0.044609936912686186,86.85378787878786,0.43306643322285154,0.34366482079041827,0.34021292037431866,74.3
681517,"Leahy, Kyle",FF,Fastball,414,5.303210626721558,-0.044614273025517036,95.40748792270524,0.44963273102248,0.31087210782002545,0.36136100915635033,74.2
681190,"Vásquez, Randy",CU,Breaking,276,5.301872448598518,-0.044662816221982794,81.23152173913041,0.4515632482933561,0.3527484224985679,0.33013969555358463,74.2
689266,"Dodd, Dylan",SI,Fastball,189,5.301671872781907,-0.04467009222739996,93.78571428571423,0.5165412967690202,0.24594153607462754,0.35885747547476105,74.2
702352,"Bivens, Spencer",ST,Breaking,108,5.3014398111060235,-0.04467851040083338,83.13981481481486,0.517873501273152,0.4285009197453008,0.30719275519062045,74.1
657514,"Bernardino, Brennan",SL,Breaking,34,5.300970925980316,-0.044695519483843676,83.93823529411765,0.3559053706533908,0.3585687616136582,0.32976795658588726,74.1
621053,"Ferguson, Tyler",CH,Offspeed,40,5.300874540957972,-0.04469901590707419,86.32250000000002,0.33582504388456763,0.5097627537659594,0.2601513290723385,74.1
666142,"Ragans, Cole",SL,Breaking,149,5.300795744029406,-0.044701874311884805,84.71543624161077,0.5269513604610947,0.46973597867042616,0.3129992568051717,74.0
656546,"Hoffman, Jeff",SL,Breaking,416,5.30018303741887,-0.044724100603630995,87.05865384615387,0.43688385984011907,0.5261694249916575,0.29462684107016235,74.0
592791,"Taillon, Jameson",CU,Breaking,273,5.299922472016827,-0.044733552766453,79.63296703296712,0.4229978068669676,0.282684590705074,0.33966404581987114,74.0
615698,"Quantrill, Cal",CU,Breaking,233,5.29950150725643,-0.04474882351009855,80.03347639484983,0.41219452744995383,0.42691956660344355,0.3189560563762374,73.9
663423,"Thornton, Trent",ST,Breaking,129,5.299177470042071,-0.04476057815014832,80.18139534883723,0.4477366583017683,0.3133383768103321,0.3311263444112636,73.9
664199,"Clarke, Taylor",SL,Breaking,349,5.29910807065801,-0.04476309565351916,87.52664756446988,0.5064083537578925,0.4350722500933444,0.3137982499172533,73.9
579328,"Kikuchi, Yusei",SL,Breaking,1158,5.298921509747644,-0.04476986325998968,86.96519861830745,0.4899164440766391,0.39732186819853643,0.34450934972593383,73.8
592773,"Stanek, Ryne",FS,Offspeed,132,5.298853008756323,-0.04477234817363675,89.29924242424241,0.492248615165293,0.4710343583430917,0.2948573428967348,73.8
641745,"Keller, Brad",SL,Breaking,214,5.298761824030916,-0.04477565595304525,87.01121495327104,0.4634135886333482,0.4042440390386941,0.3194725015581217,73.8
547973,"Chapman, Aroldis",SL,Breaking,152,5.298103390150158,-0.04479954102834515,86.71513157894738,0.5776178860352715,0.4330750005382365,0.32625607899718223,73.7
607067,"Rea, Colin",CU,Breaking,251,5.2978661189409735,-0.044808148180655254,80.44382470119523,0.4019852852314795,0.2375033236647673,0.3463904044289173,73.7
607067,"Rea, Colin",SL,Breaking,264,5.296490087063263,-0.04485806454427917,85.27954545454551,0.5045472372923638,0.4879125545258909,0.30357211749814206,73.7
680684,"Hoglund, Gunnar",SL,Breaking,39,5.296394866310065,-0.04486151873296334,90.69487179487177,0.4958424147744354,0.2985934428050096,0.3226978479786544,73.6
656731,"Megill, Tylor",FF,Fastball,555,5.296267866407011,-0.04486612572895219,95.46036036036035,0.5325698411686791,0.2614653060203817,0.36578422519993425,73.6
680880,"Holman, Grant",FS,Offspeed,146,5.296181575580916,-0.0448692559792919,87.05616438356168,0.5548960465340286,0.47668327255053555,0.3134979451430107,73.6
669622,"Bender, Anthony",SL,Breaking,175,5.2960595383089935,-0.04487368295292493,87.36457142857141,0.45396657480874303,0.36794438631546955,0.3269958025844755,73.5
683769,"Gaddis, Hunter",SL,Breaking,593,5.295809000305879,-0.044882771365968015,88.77369308600338,0.5113940586168931,0.46187914453763906,0.30990181797001265,73.5
660896,"Alcala, Jorge",FF,Fastball,503,5.295788828106531,-0.044883503124333625,97.34910536779327,0.5082133727736655,0.2868396631388154,0.3505512686360879,73.5
606965,"Devenski, Chris",ST,Breaking,59,5.2956511464012825,-0.04488849760896356,78.36271186440676,0.42049666661933227,0.328211194503344,0.31378573987055186,73.4
672456,"Montero, Keider",SL,Breaking,346,5.295577278131772,-0.044891177223775384,84.18815028901726,0.4862935486342573,0.3943201303076052,0.32152472656802983,73.4
696136,"Wicks, Jordan",SL,Breaking,28,5.295514442009567,-0.04489345664097179,86.83214285714284,0.5808195850397398,0.4670544245902584,0.3208204373272574,73.4
680735,"Cox, Austin",SL,Breaking,139,5.295370240652966,-0.044898687629779305,86.56330935251799,0.4836626807584308,0.5131592426019604,0.30868780663295947,73.3
669373,"Skubal, Tarik",SL,Breaking,407,5.295304764487806,-0.04490106281608259,90.20712530712531,0.4944601689911139,0.3859559933656727,0.3411601286080012,73.3
663436,"Martin, Davis",SL,Breaking,506,5.294719718901347,-0.04492228568795299,88.09268774703563,0.4565918235264852,0.522065143465341,0.2981420668885605,73.3
673540,"Senga, Kodai",CU,Breaking,32,5.294476544845477,-0.04493110696948964,68.47187500000001,0.20718345193861368,0.25537608380761734,0.3119940554660841,73.2
663969,"Phillips, Tyler",FS,Offspeed,156,5.294139783775356,-0.04494332317487179,86.89935897435898,0.5898127286872897,0.4992986444430251,0.301765131059732,73.2
686930,"Barnett, Mason",CU,Breaking,65,5.293555640197867,-0.04496451332583769,78.46615384615387,0.35646557062711365,0.3919286981120726,0.3241038170506568,73.2
660271,"Ohtani, Shohei",FF,Fastball,433,5.293317381140406,-0.04497315631292369,98.3759815242495,0.5481999198157104,0.277726610189892,0.35683212198036274,73.1
642016,"Robert, Daniel",ST,Breaking,106,5.293184371394823,-0.04497798131947578,84.10188679245285,0.4949376568802881,0.3497738978488986,0.3220268258820453,73.1
655889,"Rodríguez, Manuel",SL,Breaking,218,5.292914257031318,-0.044987779876476626,89.42568807339451,0.528258247245676,0.4606727744163306,0.30826950671078895,73.0
687473,"Gusto, Ryan",FF,Fastball,778,5.292036527212491,-0.04501962004058151,94.1043701799486,0.5463301842276861,0.29792116642216754,0.3602920591344008,73.0
669093,"Estrada, Jeremiah",SL,Breaking,262,5.291815496364226,-0.0450276380642719,88.36145038167936,0.4803758965985702,0.43360325651834064,0.32213290943649375,73.0
696146,"Smith, Hagen",FF,Fastball,32,5.2917671455060695,-0.04502939202001704,94.70624999999998,0.4152282023514809,0.2907999555902486,0.3712988053816467,72.9
676272,"Miller, Bobby",CU,Breaking,32,5.291517442068826,-0.04503845015869359,79.05000000000001,0.4759478335036506,0.3142278672955139,0.33352526735759574,72.9
623465,"Phillips, Evan",FF,Fastball,29,5.290422701050174,-0.04507816253138358,95.44827586206897,0.48866209464168275,0.26346355942479605,0.37330434199881085,72.9
663795,"Hagenman, Justin",SL,Breaking,74,5.29000709539143,-0.04509323887047282,84.38378378378378,0.4858144887382349,0.4870365469335489,0.3066646582593418,72.8
676617,"O'Brien, Riley",SL,Breaking,230,5.28955507470806,-0.04510963618594364,90.0743478260869,0.5015688718973075,0.4280539973908528,0.3263486146761375,72.8
687396,"Headrick, Brent",FS,Offspeed,44,5.289425654161195,-0.04511433099220672,83.97272727272728,0.5165678312774651,0.46417395579890214,0.29530420774733096,72.8
592836,"Walker, Taijuan",CU,Breaking,143,5.289420199690081,-0.04511452885634624,74.8559440559441,0.33652749314258057,0.29185409400694695,0.32379175271920335,72.7
681857,"Olson, Reese",CH,Offspeed,312,5.289009112441281,-0.04512944128746401,87.76089743589746,0.5036314795520627,0.5415032439807697,0.2865090366843047,72.7
607074,"Rodón, Carlos",FF,Fastball,1449,5.289000441873603,-0.04512975581739336,94.09993098688734,0.4509900453537249,0.2578785804996517,0.3735384814334846,72.7
605400,"Nola, Aaron",FF,Fastball,503,5.28874395165914,-0.04513906015039471,91.86401590457257,0.458799418489228,0.21954938093643836,0.3633457478962534,72.6
592426,"Jackson, Luke",SL,Breaking,406,5.2884443956339915,-0.04514992672094396,87.2504926108374,0.5197150147086597,0.400953291453746,0.32224107615193565,72.6
680885,"Schwellenbach, Spencer",SL,Breaking,285,5.28790312604361,-0.04516956159287538,86.99438596491227,0.5556723170120073,0.45131721986884354,0.31013571786433625,72.6
820862,"Fermin, José",FF,Fastball,304,5.287478493028845,-0.045184965404600014,96.81809210526315,0.5245941818793828,0.26882709557183226,0.3590896579853016,72.5
621112,"Blackburn, Paul",ST,Breaking,110,5.287283668217459,-0.04519203278892862,81.65909090909095,0.4595959971929488,0.4392817698858657,0.30335722806338533,72.5
678368,"Bellozo, Valente",FS,Offspeed,32,5.2867492106791,-0.04521142054967629,80.62187499999999,0.378229892317697,0.5711501419571096,0.2766017283989953,72.5
543101,"DeSclafani, Anthony",FS,Offspeed,129,5.285760114502647,-0.04524730059373811,83.5992248062016,0.5165415440467043,0.4668803666994155,0.2996383998210024,72.4
458677,"Wilson, Justin",FF,Fastball,388,5.284729729268663,-0.04528467842258454,94.47499999999997,0.4987271091025453,0.2524909122793866,0.34548585615267546,72.4
680885,"Schwellenbach, Spencer",CU,Breaking,180,5.284702380197457,-0.0452856705261871,81.04055555555553,0.43829196876762827,0.35319764820834676,0.3284496374953357,72.4
679885,"Martinez, Justin",FF,Fastball,84,5.284080571541441,-0.04530822699997292,100.0107142857143,0.45544196227900263,0.2866604412718625,0.33090127597952507,72.3
691587,"Pérez, Eury",CU,Breaking,154,5.283774694629594,-0.04531932286439525,79.87012987012983,0.43286197639988705,0.3634569559139764,0.3281706081848531,72.3
453286,"Scherzer, Max",FC,Fastball,47,5.283439658603507,-0.0453314764927931,88.20212765957447,0.4425337652666202,0.44673406138200694,0.30015289356365643,72.3
668820,"Kranick, Max",CU,Breaking,65,5.282850943311046,-0.045352832485401694,79.10615384615384,0.4559857260697558,0.35122705904650764,0.323854310347293,72.2
642216,"Winans, Allan",ST,Breaking,32,5.282125751591671,-0.04537913924046133,79.825,0.3946409794684647,0.5361591278362591,0.29640746652489236,72.2
621237,"Alvarado, José",FC,Fastball,144,5.282089524138184,-0.0453804534125896,93.21041666666666,0.4828295601378865,0.5310564716627136,0.2910399190497418,72.2
660896,"Alcala, Jorge",CU,Breaking,252,5.281661959375912,-0.045395963575175495,85.36785714285713,0.4454701265080767,0.39529236128316453,0.31708609432289886,72.1
519242,"Sale, Chris",FF,Fastball,846,5.2813079990012115,-0.04540880369542098,94.83463356973999,0.4840046010461245,0.26903800232263203,0.3571159103609867,72.1
661403,"Clase, Emmanuel",SL,Breaking,230,5.280603153328715,-0.045434372385694276,88.55000000000003,0.5167401162710089,0.4970515909969333,0.3081557366293497,72.1
656686,"Martin, Corbin",SL,Breaking,108,5.280590983990845,-0.045434813835564636,91.83425925925927,0.4098150628777556,0.47369236624955346,0.31265074218317745,72.0
696147,"Bachman, Sam",SL,Breaking,185,5.280573412158408,-0.0454354512640951,87.80756756756753,0.48419628424015415,0.43770084491006794,0.3136236756477942,72.0
606996,"Hart, Kyle",FS,Offspeed,33,5.280551127926671,-0.0454362596376745,85.06969696969698,0.48110691906034475,0.44759734722744027,0.29731389493405647,72.0
699911,"Darnell, Dugan",SL,Breaking,38,5.2798917369859515,-0.045460179430886115,81.97894736842105,0.4425370114323902,0.40973461243125164,0.3097224743952609,71.9
678606,"Ferrer, Jose A.",FF,Fastball,106,5.279743348295205,-0.0454655623176962,97.85754716981134,0.45405308075525436,0.20846586982819013,0.3144525412642355,71.9
666168,"Thompson, Mason",SL,Breaking,80,5.279435826975158,-0.04547671783399077,84.90374999999997,0.4744154998650464,0.4357185613909471,0.3076073473377386,71.9
571946,"Miller, Shelby",FS,Offspeed,204,5.279296858012559,-0.04548175901463627,86.89509803921563,0.49423055683176975,0.4818839033706474,0.29186107881181966,71.8
596295,"Gomber, Austin",FS,Offspeed,45,5.279001035490934,-0.04549249015015485,81.00444444444442,0.6771011305433261,0.4131902151537992,0.3233086428510627,71.8
805299,"Garcia, Brandyn",ST,Breaking,89,5.278805358012802,-0.04549958846546976,85.18426966292134,0.4792346958359959,0.4160284221687778,0.2942507232684114,71.8
669022,"Gore, MacKenzie",CU,Breaking,686,5.278698621070178,-0.04550346041068139,81.57376093294457,0.44967843674866154,0.42164430595766644,0.32704253652303356,71.7
607455,"Banda, Anthony",FF,Fastball,262,5.2783618534033865,-0.0455156768553619,95.90343511450384,0.5567202340611827,0.30494692419005676,0.36913539417035696,71.7
663474,"McKenzie, Triston",FF,Fastball,118,5.277331244588318,-0.0455530627947432,93.9050847457627,0.37288835452774355,0.3550424721317474,0.3293065978823806,71.7
472610,"García, Luis",FS,Offspeed,197,5.276890422098044,-0.04556905388918994,88.62233502538072,0.5379241942956745,0.509632815003088,0.3017938352705344,71.6
694646,"McDermott, Chayce",SL,Breaking,52,5.276844429652287,-0.04557072229214148,83.58846153846152,0.3292831028902994,0.5145909219520532,0.3057182356337938,71.6
676477,"Whitlock, Garrett",SI,Fastball,577,5.276833910465303,-0.045571103881820785,95.82443674176768,0.4691571930681152,0.26075523826555147,0.34253896285613544,71.6
680767,"Vodnik, Victor",FC,Fastball,46,5.276663192045075,-0.045577296792667636,92.28478260869566,0.41856326428321383,0.5082838343315966,0.2840978358759173,71.5
692285,"Guerrero, Luis",SL,Breaking,124,5.275872404294485,-0.045605983082242174,84.61451612903225,0.44164245922387674,0.5122563074881588,0.31076047914160404,71.5
623211,"Brazobán, Huascar",SL,Breaking,42,5.275722019006654,-0.045611438396782875,87.68333333333335,0.5242075706159676,0.42074058585877566,0.30592772531188234,71.5
621112,"Blackburn, Paul",CU,Breaking,85,5.275109697295428,-0.045633650726080895,80.52352941176474,0.39770554770433797,0.4342198225559416,0.3093644092752739,71.4
675848,"Mejia, Juan",ST,Breaking,352,5.275042481485082,-0.04563608901903394,83.1596590909091,0.4436218180950889,0.3970163282164329,0.3154148178190963,71.4
663432,"Rainey, Tanner",FF,Fastball,109,5.275012008404226,-0.04563719444791924,95.14954128440368,0.48203635842913095,0.2730546070742548,0.35988001131387587,71.4
605288,"Houser, Adrian",CU,Breaking,227,5.2731905017126195,-0.04570327067175851,81.6660792951542,0.3490435822800577,0.4027277764543784,0.31870001485943084,71.3
669467,"Pallante, Andre",SL,Breaking,774,5.273155605093389,-0.04570453656709328,87.39612403100776,0.4622975316908707,0.491742412333204,0.3040931302456939,71.3
694973,"Skenes, Paul",FS,Offspeed,417,5.273155046685688,-0.04570455682366047,93.68609112709828,0.5656322995343199,0.4209997941582007,0.30049111429649794,71.3
690997,"McLean, Nolan",FC,Fastball,63,5.272669922085435,-0.04572215500313675,90.87142857142858,0.5248587534451036,0.30058002289220515,0.3348247826783288,71.2
669062,"Miller, Erik",SI,Fastball,90,5.272235822260024,-0.04573790222897161,97.12555555555552,0.47838262797678044,0.20512098470053391,0.27434849671020956,71.2
808967,"Yamamoto, Yoshinobu",CU,Breaking,599,5.271649672972998,-0.04575916513822754,77.00300500834727,0.4801444573221278,0.3394850996986903,0.33264949679967726,71.2
666661,"Morillo, Juan",FF,Fastball,296,5.271213894316077,-0.04577497326466034,98.95844594594597,0.5149571878868624,0.3018262260810805,0.33952964437887606,71.1
605135,"Bassitt, Chris",SL,Breaking,102,5.2710814870677405,-0.045779776415271506,83.59411764705882,0.4090116735540822,0.5040110597415378,0.29934461861181294,71.1
666214,"Wentz, Joey",SL,Breaking,462,5.270948277981494,-0.045784608653023355,84.90627705627703,0.5580515211362781,0.4764206256640272,0.3338989632062494,71.1
671212,"Boyle, Joe",FS,Offspeed,152,5.270707950427731,-0.04579332667602607,92.96973684210529,0.45742371710541146,0.41487437651655196,0.28860921340495693,71.0
800049,"Mazur, Adam",ST,Breaking,60,5.270659545119686,-0.045795082606972785,83.51833333333336,0.45009876048906133,0.4340333349598487,0.3049807339594891,71.0
695243,"Miller, Mason",SL,Breaking,473,5.270239336060954,-0.04581032593709722,87.84143763213537,0.4566353375551325,0.4486529257180318,0.3053960104650371,71.0
664076,"Cleavinger, Garrett",FF,Fastball,111,5.269721889989956,-0.04582909659688641,97.03423423423425,0.5326265685819564,0.2876533389930378,0.35037084675938424,70.9
621051,"Wilson, Steven",ST,Breaking,579,5.269656291599733,-0.045831476216975586,82.12573402417968,0.4813428401222337,0.41310398375507074,0.31915329770165773,70.9
657277,"Webb, Logan",FC,Fastball,255,5.269576421192295,-0.04583437356286204,91.04078431372562,0.46925180173126374,0.35845837622871934,0.3255273610703961,70.9
694738,"Roupp, Landen",CU,Breaking,660,5.269245177079869,-0.04584638963736736,76.7184848484848,0.467627679037912,0.352141445219304,0.31374260959431505,70.8
678606,"Ferrer, Jose A.",SI,Fastball,747,5.269024946328287,-0.045854378637081,97.72275769745653,0.4815847962617049,0.22702320408836119,0.30339316216091855,70.8
641927,"Ober, Bailey",ST,Breaking,256,5.268705661730903,-0.04586596087316178,78.404296875,0.4231265630639372,0.4832050464499494,0.29550951276589005,70.8
677020,"Walker, Josh",CU,Breaking,49,5.2680555736247925,-0.04588954320059031,83.87959183673468,0.4476876192319802,0.42766805820911125,0.3257711954655118,70.7
686228,"Burgos, Juan",ST,Breaking,71,5.267681331639815,-0.0459031190481474,85.17323943661972,0.5315104584778503,0.39181572510871204,0.3235797790880445,70.7
663855,"Hicks, Jordan",SL,Breaking,92,5.267495345713533,-0.045909865796733375,84.3445652173913,0.3926404293203765,0.5483004106319533,0.2842728266606138,70.7
693821,"Elder, Bryce",SL,Breaking,900,5.267458225686067,-0.04591121234750628,84.29433333333331,0.5151537408655318,0.456499797517939,0.32021776428136733,70.6
542881,"Anderson, Tyler",SL,Breaking,81,5.266102623002959,-0.04596038763011117,80.69506172839505,0.4735942052747897,0.4451442658531305,0.2983446219564612,70.6
657746,"Ryan, Joe",KC,Breaking,109,5.265496291703186,-0.045982382653719386,79.13577981651378,0.44950668877746125,0.45124475825542726,0.3022248167757548,70.6
572955,"Johnson, Pierce",CU,Breaking,698,5.265081482614105,-0.04599743009677663,85.83166189111746,0.4632408760072017,0.36201611500631403,0.3317541560166412,70.5
656629,"Kopech, Michael",FC,Fastball,38,5.264925787265687,-0.046003078036880585,91.13157894736842,0.4341533734963449,0.4901918200258905,0.2857600372894103,70.5
669684,"Murphy, Chris",FF,Fastball,179,5.263776973454439,-0.04604475193184434,94.31620111731844,0.4412975660450024,0.34042505674544643,0.3413423748630181,70.5
666171,"Zeferjahn, Ryan",FF,Fastball,337,5.263698968660211,-0.04604758160151697,97.4166172106826,0.5046102419921462,0.28328556084545337,0.34357193036087735,70.4
694973,"Skenes, Paul",CH,Offspeed,330,5.26361900633392,-0.04605048228181397,88.7442424242424,0.4718243550750323,0.45797430077172846,0.27778668761509745,70.4
656550,"Holmes, Grant",CU,Breaking,299,5.262778382868908,-0.04608097639116543,83.4886287625418,0.46832574805020016,0.44257481742783483,0.3145864184165648,70.4
669674,"Long, Sam",SL,Breaking,215,5.262075065575998,-0.046106489638572494,84.87023255813956,0.5084409063073644,0.4476425551942377,0.3225536077158234,70.3
666168,"Thompson, Mason",FF,Fastball,44,5.262027874690046,-0.04610820151564516,94.82727272727271,0.49763908806991675,0.2627578952995864,0.3516340844540082,70.3
543135,"Eovaldi, Nathan",CU,Breaking,379,5.261865698902213,-0.04611408453749034,75.83482849604223,0.44186975391359506,0.4087422958991154,0.31627548481763956,70.3
675916,"Karinchak, James",CU,Breaking,34,5.261737078392032,-0.04611875032195363,81.76176470588233,0.3375826924713041,0.3613172789388946,0.3389146464003962,70.2
676130,"Buttó, José",SL,Breaking,328,5.261256375270998,-0.04613618810967734,86.52225609756096,0.46273006629833574,0.4992749266199479,0.2944055259548666,70.2
673540,"Senga, Kodai",SL,Breaking,78,5.261028275572173,-0.04614446256006867,83.70000000000002,0.4249743877876881,0.5623125794064542,0.2925664344377009,70.2
656546,"Hoffman, Jeff",SI,Fastball,106,5.260613836575682,-0.0461594965778003,96.41603773584909,0.49564883740172244,0.2000112649103654,0.3189207557907207,70.1
701581,"Festa, David",SL,Breaking,236,5.260218962043124,-0.04617382088312506,87.55550847457623,0.48993517546904153,0.44778372381345677,0.3200614994573327,70.1
687473,"Gusto, Ryan",CU,Breaking,263,5.260095807738842,-0.046178288377762305,80.32053231939162,0.42055112042007414,0.3184284398696536,0.3353307639473737,70.1
668678,"Gallen, Zac",SL,Breaking,423,5.259501076442514,-0.046199862604440416,88.62505910165487,0.49430465306057764,0.44998499972748873,0.3006246916642745,70.0
676661,"Lazar, Max",KC,Breaking,169,5.259346700550982,-0.046205462680471536,81.10118343195262,0.4265536550195228,0.3835695116767281,0.32525017712106485,70.0
623465,"Phillips, Evan",ST,Breaking,49,5.259129266237824,-0.046213350237741015,85.12857142857143,0.4524618340776253,0.4350358583052205,0.30759516180535346,70.0
622608,"Senzatela, Antonio",SL,Breaking,432,5.258903128717152,-0.0462215535089688,86.7743055555556,0.44437694831988206,0.4972138428502787,0.3030505181495225,69.9
521230,"Hendriks, Liam",CU,Breaking,28,5.25851251605708,-0.04623572321236879,82.11428571428573,0.3189859358476845,0.495519222750385,0.29920020755576976,69.9
665795,"Cabrera, Edward",CH,Offspeed,580,5.257361758775579,-0.04627746760785588,94.24603448275862,0.5662588954233672,0.43622985224031924,0.2954077186780405,69.9
671106,"Allen, Logan",ST,Breaking,636,5.257253890695661,-0.046281380585737095,78.07154088050306,0.404272132484958,0.3962253812705306,0.31267621135806245,69.8
621199,"Bowman, Matt",FS,Offspeed,38,5.257058656684684,-0.046288462814020465,84.05263157894737,0.5077628226265668,0.4630801303992995,0.29984844943531147,69.8
687396,"Headrick, Brent",FF,Fastball,262,5.256972113719125,-0.04629160221086739,94.05725190839692,0.5369199692309837,0.25154974300934796,0.3657630769690195,69.8
458677,"Wilson, Justin",FS,Offspeed,42,5.256736102260224,-0.04630016366499685,85.16190476190475,0.4914696385810843,0.49404909259408364,0.3048082571299127,69.7
690829,"Joyce, Ben",FF,Fastball,57,5.256402713515011,-0.04631225753731457,101.03859649122806,0.5837878652379092,0.3583762304290055,0.35985798701662153,69.7
690925,"Beeter, Clayton",SL,Breaking,214,5.2557461859566015,-0.04633607345965312,87.43177570093461,0.47527182127274537,0.4663206307235618,0.31150345655299755,69.7
622554,"Domínguez, Seranthony",FS,Offspeed,213,5.255079331721335,-0.04636026398825248,86.90516431924883,0.4330288503379173,0.47806679176669736,0.29006354247399735,69.6
667755,"Soriano, José",SL,Breaking,178,5.254710264333491,-0.04637365212426283,89.03876404494385,0.49814120822890634,0.543173141443514,0.2766169536849161,69.6
681895,"Sisk, Evan",ST,Breaking,88,5.254560301538728,-0.04637909211261963,79.88749999999997,0.42603113922433417,0.4259512129173489,0.2931549009531276,69.6
657746,"Ryan, Joe",FS,Offspeed,310,5.253236307197725,-0.04642712078407118,87.61032258064515,0.4222401100827578,0.5135380190416448,0.2874225607914494,69.5
621057,"Garza, Justin",FF,Fastball,32,5.252563024838104,-0.04645154449665292,96.07187499999999,0.4453458264215241,0.2714572260196279,0.3379900340231998,69.5
693313,"Seymour, Carson",SL,Breaking,131,5.252385938646405,-0.046457968402145784,86.94732824427483,0.440784384617762,0.4642846715729953,0.2983138657347224,69.5
605280,"Holmes, Clay",CH,Offspeed,448,5.252286606059066,-0.046461571750025785,88.12142857142858,0.5661661915362012,0.43127119612651044,0.2904272095268376,69.4
682842,"Uribe, Abner",SL,Breaking,579,5.251708937411133,-0.04648252701912347,87.12918825561316,0.5010580773529872,0.43163879127697646,0.31271654821839384,69.4
681867,"Criswell, Cooper",FC,Fastball,89,5.25169735878379,-0.04648294704062285,87.02359550561798,0.5251297039005202,0.2803590174508499,0.3294508685983114,69.4
679775,"Backhus, Kyle",ST,Breaking,118,5.250750961718305,-0.04651727814938466,78.41186440677964,0.42858627116235143,0.4344340442128922,0.3126170029873423,69.3
642152,"Trivino, Lou",ST,Breaking,171,5.25035789209941,-0.04653153698040762,80.46374269005847,0.4493623837932433,0.4153831580661537,0.30294472396196087,69.3
593958,"Rodriguez, Eduardo",SL,Breaking,107,5.249658700514117,-0.046556900565350244,84.5943925233645,0.5104390966400925,0.5190879503870576,0.30157428433165057,69.3
829272,"Ogasawara, Shinnosuke",SL,Breaking,125,5.2495869466543645,-0.046559503478707874,81.62479999999996,0.4402978108169971,0.4836096455463135,0.29048375232432205,69.2
663372,"Feltner, Ryan",SL,Breaking,103,5.248760758171632,-0.04658947395060886,88.03592233009707,0.48282170295361077,0.41102732484765003,0.333468308517924,69.2
680689,"Richardson, Lyon",CU,Breaking,65,5.248631090100895,-0.04659417773594558,79.20615384615384,0.2875586104736173,0.4797669322231823,0.284325957531656,69.2
681168,"Curvelo, Luis",FF,Fastball,101,5.247523351557781,-0.04663436160146058,96.26732673267325,0.4514520716038337,0.23783204371104635,0.3551617541709114,69.1
683232,"Mears, Nick",FF,Fastball,472,5.2469424867103704,-0.04665543281456946,95.41758474576274,0.5347605496515004,0.26314007265015327,0.36202256215821965,69.1
680736,"Wrobleski, Justin",CU,Breaking,97,5.246932178732547,-0.04665580674251206,81.35670103092785,0.37371611498562474,0.24481625692933337,0.34478953599451884,69.1
670990,"Ramírez, Yohan",CU,Breaking,116,5.246536515343488,-0.04667015966406926,83.84827586206899,0.41648677525473043,0.36772673778773596,0.31415848367134436,69.0
663903,"Singer, Brady",SL,Breaking,835,5.246089361151217,-0.046686380444720246,82.55041916167676,0.49871247775658534,0.44447987749655626,0.31330928115864304,69.0
690953,"Abel, Mick",FF,Fastball,303,5.2458355273622574,-0.04669558841432838,96.44158415841585,0.5393944688115649,0.29990524085921033,0.35087014841867664,69.0
702056,"Yesavage, Trey",FS,Offspeed,186,5.245450941117523,-0.0467095395059769,83.7575268817204,0.5268794312279457,0.45469366073110307,0.3114897338340301,68.9
676775,"Winn, Keaton",FS,Offspeed,72,5.24504591962436,-0.04672423189825031,89.12361111111112,0.5848224638346161,0.43341265819203495,0.3080420273611042,68.9
669854,"Blanco, Ronel",CU,Breaking,161,5.244805836902478,-0.046732941039833095,80.1608695652174,0.4428225108154934,0.36779709739835054,0.3244336657041378,68.9
650633,"King, Michael",SL,Breaking,70,5.244734810295552,-0.04673551757166754,83.76571428571431,0.41630358599285056,0.4913513720071056,0.31113760968031057,68.8
690925,"Beeter, Clayton",FF,Fastball,251,5.244123000456614,-0.04675771133249809,96.47290836653384,0.43663527544355546,0.28586071785296313,0.34777524020676626,68.8
683618,"Henriquez, Edgardo",SL,Breaking,41,5.243728160760342,-0.046772034374116166,90.3609756097561,0.5483342349192737,0.47503522818737387,0.2930942743914497,68.8
674072,"Henry, Tommy",CU,Breaking,30,5.242469686219487,-0.046817686276379625,77.7166666666667,0.45456925940180554,0.17274791766051797,0.348173633185997,68.7
686613,"Brown, Hunter",SL,Breaking,252,5.241781979635383,-0.046842633236166525,91.42817460317454,0.5089806858200107,0.49072067933680813,0.29802305905076254,68.7
678022,"Perkins, Jack",CH,Offspeed,66,5.241576468182568,-0.04685008828468238,89.31212121212117,0.4712683945549851,0.400190842858172,0.2837783753211393,68.7
676130,"Buttó, José",FF,Fastball,334,5.241552976962369,-0.04685094044247645,95.21317365269468,0.43678568533015616,0.30885853382360284,0.35700295033424356,68.6
701581,"Festa, David",FF,Fastball,278,5.2413358199279765,-0.04685881794129585,94.11402877697843,0.4967219827521593,0.24985752342411574,0.35901917011692247,68.6
664062,"Gonsolin, Tony",SL,Breaking,98,5.241308051160012,-0.04685982526964447,88.09795918367351,0.4573657179667642,0.543892419789018,0.2832434714530428,68.6
690953,"Abel, Mick",CU,Breaking,154,5.240415266822847,-0.046892211545234055,82.66168831168835,0.4721673917931674,0.4013067807569697,0.32801221479803877,68.5
657424,"Gage, Matt",SL,Breaking,270,5.240342720954771,-0.04689484318915818,85.4111111111111,0.4812269709722423,0.3953221454243729,0.3271909667910684,68.5
663738,"Lynch IV, Daniel",KC,Breaking,112,5.240040076603804,-0.04690582179053815,82.47767857142854,0.41311558015765903,0.32210645334424487,0.3549872475808363,68.5
676742,"Sanders, Cam",FF,Fastball,77,5.239887194943257,-0.04691136766246376,95.73116883116884,0.43139066951282246,0.2884547732720189,0.3463480261146734,68.4
676395,"Garcia, Robert",SL,Breaking,262,5.2394500532433215,-0.04692722523408154,86.88969465648856,0.502366526253153,0.39908250786009614,0.3308849669645201,68.4
670329,"Garcia, Rico",CU,Breaking,114,5.238856206183473,-0.04694876738456252,85.2561403508772,0.49385666259214117,0.43035386776829726,0.31751532110044106,68.4
657097,"Webb, Jacob",FF,Fastball,439,5.238308720353671,-0.04696862775422552,93.37357630979497,0.5226419512616711,0.2771656021856246,0.37205058008681846,68.3
641312,"Anderson, Shaun",SL,Breaking,67,5.237875754674614,-0.04698433383823599,88.30149253731345,0.5040302826361066,0.35662181408192406,0.3490663754165474,68.3
622503,"Crismatt, Nabil",SL,Breaking,30,5.237729938581214,-0.04698962340256819,81.83666666666667,0.4840527293178371,0.42865976036281245,0.3187309835908818,68.3
670280,"Bednar, David",FS,Offspeed,224,5.237459674270605,-0.046999427398988304,92.33169642857149,0.6120938162067675,0.44803714255336896,0.31192948275060145,68.2
477132,"Kershaw, Clayton",FS,Offspeed,99,5.237442710977839,-0.047000042752385014,83.14141414141416,0.38461550598826055,0.48250602900119954,0.2791166008901751,68.2
643338,"Green, Chad",FF,Fastball,359,5.236889970949508,-0.047020093721182085,95.17771587743728,0.540429714158601,0.26121233139513245,0.3588145241208641,68.2
608650,"Enns, Dietrich",FC,Fastball,123,5.236832125544925,-0.04702219209716873,85.23821138211383,0.4519058013104123,0.4433318865696348,0.3108550067317247,68.1
669713,"Wesneski, Hayden",CU,Breaking,47,5.236826444495441,-0.04702239818057156,77.13191489361702,0.37007728577596166,0.3213873465990126,0.3340851172074677,68.1
680729,"McDaniels, Garrett",SL,Breaking,116,5.236652499320345,-0.047028708143844404,85.048275862069,0.4253685624293239,0.4600824915042368,0.32013215706012527,68.1
669308,"Reynolds, Sean",SL,Breaking,158,5.236108784862792,-0.04704843170476645,87.13860759493669,0.4205311724073474,0.387078496642226,0.32333636174620045,68.0
650644,"Civale, Aaron",SL,Breaking,135,5.236052779922258,-0.04705046331684021,83.32962962962964,0.514112399697958,0.3891721142320381,0.3096093725422186,68.0
672582,"Zerpa, Angel",FF,Fastball,232,5.2360165043163445,-0.04705177923572605,96.2228448275862,0.4780933873867813,0.26669266886603465,0.3445477411100503,68.0
692024,"Carrillo, Alex",FF,Fastball,35,5.235771358658928,-0.04706067203826543,97.75999999999999,0.4398515005624021,0.30949300531501506,0.36417971447319336,67.9
605154,"Brebbia, John",SL,Breaking,207,5.235688039594058,-0.04706369448622344,83.95024154589368,0.4858858781857695,0.39385642790785524,0.32365987629545456,67.9
643410,"Leiter Jr., Mark",FS,Offspeed,264,5.235418211650002,-0.0470734826531908,85.83977272727276,0.5115518900579852,0.5432721789675486,0.29139135332517435,67.9
694851,"Hoffmann, Andrew",CH,Offspeed,123,5.23428677918141,-0.047114526029752614,88.1764227642277,0.5005390442920133,0.5036623940103772,0.2953959394192764,67.8
675911,"Strider, Spencer",SL,Breaking,744,5.234105072509831,-0.04712111754586374,84.1233870967741,0.46500984649215094,0.5476631803707199,0.30281906305480527,67.8
663765,"Woodford, Jake",FF,Fastball,108,5.233981310151593,-0.047125607098015054,93.06111111111112,0.361136345384259,0.3653539409148144,0.3414998566672133,67.8
669022,"Gore, MacKenzie",SL,Breaking,340,5.233393525330854,-0.04714692933721596,86.70911764705879,0.5097799428869928,0.44206218692975097,0.30034217862263873,67.7
660761,"Suarez, José",FF,Fastball,132,5.2330845294669786,-0.04715813834345281,93.40303030303033,0.3906894579882546,0.3037543965193916,0.3632784987027372,67.7
695418,"Lord, Brad",SL,Breaking,430,5.232870564635243,-0.04716590004324829,85.52744186046525,0.4669514861592824,0.4269889137675393,0.31149658726228296,67.7
663738,"Lynch IV, Daniel",SL,Breaking,335,5.232802382357635,-0.04716837339536813,86.8244776119403,0.5096031822123599,0.42893763137987206,0.30994546922698074,67.6
690928,"Dobbins, Hunter",FS,Offspeed,81,5.231742292352887,-0.04720682878220037,90.5456790123457,0.472571354393143,0.45024582315773054,0.2953913740581109,67.6
676917,"Cavalli, Cade",KC,Breaking,238,5.230786020797304,-0.047241518093883605,86.15084033613445,0.45262433103690886,0.44558465448698104,0.3159085079950159,67.6
640462,"Puk, A.J.",SL,Breaking,66,5.230409043615828,-0.04725519316229811,85.42424242424241,0.539363678619977,0.5066210965948181,0.3278061879451949,67.5
686826,"Jarvis, Bryce",SL,Breaking,87,5.2303080184064354,-0.047258857911036116,85.11609195402299,0.45863788356256263,0.5026858856036366,0.2851562393630531,67.5
689225,"Brieske, Beau",FF,Fastball,211,5.230252990127792,-0.04726085409412665,95.6881516587678,0.44093156303649306,0.26377074478742707,0.35850891463049306,67.5
641816,"Mahle, Tyler",SL,Breaking,148,5.229930321595348,-0.0472725590844371,83.45810810810812,0.4873162248468782,0.4747702343921741,0.3067597818543964,67.4
679358,"Orze, Eric",SL,Breaking,177,5.2298443823542105,-0.04727567658082634,88.91694915254237,0.46278136009015264,0.3506279804087204,0.3238664432104308,67.4
601713,"Pivetta, Nick",FF,Fastball,1437,5.229820307067524,-0.04727654992597499,93.81496172581778,0.5373142615558256,0.25990142081110384,0.3378224745428189,67.4
606303,"Payamps, Joel",FF,Fastball,162,5.229233754140673,-0.04729782747750225,94.69876543209874,0.48384481709908267,0.2927193496950473,0.35886813216824337,67.3
681857,"Olson, Reese",CU,Breaking,73,5.228867198764122,-0.04731112448882925,79.74657534246575,0.26350236247368286,0.5747613168249727,0.27687937840409343,67.3
702070,"Cameron, Noah",SL,Breaking,306,5.228481040888633,-0.047325132592305,84.14215686274507,0.5330230713130961,0.4028929095178506,0.3306974567294677,67.3
672391,"Ort, Kaleb",ST,Breaking,183,5.227986988669216,-0.047343054626403897,83.91202185792349,0.44826332272677216,0.45142075030509926,0.3185757955545521,67.2
668970,"Hollowell, Gavin",FF,Fastball,78,5.227871581377748,-0.047347241093606655,94.43461538461536,0.5121098691391015,0.26636708944823484,0.350437949697262,67.2
657006,"Steele, Justin",SL,Breaking,67,5.227469530082764,-0.04736182574019871,81.32388059701493,0.5388232989059051,0.3662652297973866,0.31759244315901936,67.2
657024,"Swanson, Erik",FS,Offspeed,56,5.2274541243751145,-0.047362384591281594,83.32857142857142,0.5011253271071148,0.5544466907188957,0.3045755698184303,67.1
547184,"Kelly, Michael",ST,Breaking,331,5.226698754113954,-0.047389786090649005,82.92749244712988,0.4440028238072112,0.3528689881397381,0.3338290445158612,67.1
669456,"Bieber, Shane",SL,Breaking,207,5.2266415917358335,-0.04739185968945016,85.4135265700483,0.5013505090613266,0.5225890550656392,0.29225220625798476,67.1
571945,"Mikolas, Miles",CU,Breaking,430,5.226003432521254,-0.04741500928934027,76.14116279069772,0.3864604563470819,0.33644832808335406,0.3147804927580785,67.0
518876,"Kelly, Merrill",CH,Offspeed,767,5.225998889118915,-0.047415174103925574,88.33911342894396,0.5610189895078523,0.4458115909679133,0.28967922557575626,67.0
666808,"Doval, Camilo",FC,Fastball,465,5.225835773776068,-0.047421091208680065,98.17354838709672,0.46796191073745386,0.33181718976063934,0.31278142200226805,67.0
673540,"Senga, Kodai",ST,Breaking,148,5.225455202549761,-0.04743489665317957,80.04459459459457,0.37565546930349714,0.40584524424200985,0.3350333954404269,66.9
678906,"Teng, Kai-Wei",CU,Breaking,79,5.225144988107436,-0.047446149864064424,82.97215189873414,0.4217927134660043,0.3461521780553046,0.3119806194567636,66.9
687074,"Owens, Tyler",FF,Fastball,28,5.224983270962463,-0.0474520162483711,95.49642857142858,0.5077479112010829,0.24308221463755997,0.3677330447684909,66.9
642547,"Peralta, Freddy",CU,Breaking,423,5.224815599205353,-0.04745809863972631,79.4354609929078,0.48442576059951137,0.4293932801607769,0.3217702516239484,66.8
656302,"Cease, Dylan",ST,Breaking,110,5.2243621303270285,-0.04747454848931846,84.32727272727274,0.4714322583018782,0.3903047021603241,0.31610209663007666,66.8
690928,"Dobbins, Hunter",SL,Breaking,252,5.22414774737165,-0.047482325356794405,87.66507936507938,0.4881811436644675,0.42585108860118337,0.3221642879542647,66.8
676760,"Marinaccio, Ron",FC,Fastball,33,5.223985246142365,-0.04748822018421925,87.5090909090909,0.4644163769456938,0.3014211428187244,0.33141943114330324,66.7
676684,"Vest, Will",CH,Offspeed,98,5.2239650236494075,-0.04748895376701498,90.25612244897958,0.4268066404879249,0.5037047855550647,0.26014717475916666,66.7
621381,"Strahm, Matt",SI,Fastball,155,5.223851940751899,-0.047493055915463066,92.38838709677427,0.44005967638234605,0.19967767517274634,0.3325899492648399,66.7
595928,"Curtiss, John",CH,Offspeed,37,5.223676542004387,-0.04749941860792815,87.66486486486485,0.33037994735851794,0.6054929515247676,0.2652212872582907,66.6
669302,"Gilbert, Logan",CU,Breaking,187,5.223386096338819,-0.04750995469483887,82.16310160427807,0.45437906602125766,0.5107428064802539,0.2957850642936184,66.6
680885,"Schwellenbach, Spencer",FF,Fastball,555,5.223076838544172,-0.04752117320276835,97.08936936936936,0.5519481967802649,0.24955209507172646,0.3802729494222461,66.6
669432,"Rogers, Trevor",ST,Breaking,122,5.222908442231059,-0.04752728187781756,78.3032786885246,0.54574357017212,0.3507658984363147,0.3178808575336809,66.5
605452,"Ross, Joe",SL,Breaking,194,5.222095244409274,-0.04755678110587149,87.20567010309276,0.5330212026209918,0.4704249609550766,0.2984681180628927,66.5
642100,"Speier, Gabe",FF,Fastball,463,5.221634735130027,-0.04757348635013766,95.03714902807782,0.5703604477184133,0.260873310932752,0.36842958251437263,66.5
665152,"Kremer, Dean",CU,Breaking,344,5.221554652116012,-0.047576391408452434,78.30581395348842,0.37394765730691815,0.32776099180919316,0.33040837947157436,66.4
620454,"Castillo, José",SL,Breaking,237,5.221539136862051,-0.04757695423339202,84.16202531645568,0.5643865156375967,0.4069397795169037,0.3275089686630604,66.4
622503,"Crismatt, Nabil",CU,Breaking,83,5.2212410598844885,-0.04758776715062218,73.80722891566266,0.4016731107564036,0.29522015767119064,0.32936285750072974,66.4
669084,"Hall, DL",FF,Fastball,175,5.221210071395587,-0.04758889127623663,94.19714285714288,0.476715493917666,0.2953506194957178,0.371085244335792,66.3
518876,"Kelly, Merrill",CU,Breaking,274,5.2211203231397585,-0.0475921469468685,81.67299270072988,0.4329265052560931,0.26901826010156893,0.34510690128770427,66.3
681911,"Vesia, Alex",SL,Breaking,399,5.220551023639855,-0.04761279862021141,84.90325814536338,0.52919919517138,0.41084599998864707,0.3269049679791274,66.3
605463,"Scott, Tayler",FS,Offspeed,159,5.219821965195037,-0.047639245643005174,83.93396226415094,0.5913128091549482,0.37649078399858704,0.3028360427867401,66.2
641816,"Mahle, Tyler",FF,Fastball,719,5.219635774508413,-0.04764599981939249,91.98803894297625,0.49971898739144827,0.2579138586864439,0.3628970619304085,66.2
656240,"Blewett, Scott",SL,Breaking,332,5.2194033347239515,-0.04765443170893658,83.99608433734947,0.5117604589435338,0.4337359074719632,0.32362456625131353,66.2
594902,"Lively, Ben",SL,Breaking,63,5.218636900935376,-0.047682234544251474,82.73809523809524,0.493015825830452,0.3502433193546269,0.3269785935889848,66.1
669199,"Bachar, Lake",SL,Breaking,273,5.218408878630795,-0.04769050618712141,89.19194139194127,0.5185745725959461,0.501386584430156,0.3061128950402862,66.1
668941,"Romero, JoJo",FF,Fastball,64,5.218301873565496,-0.047694387858640386,94.20156250000001,0.37509635134672287,0.31515529683681515,0.330646685541928,66.1
686654,"Adcock, Ty",SL,Breaking,25,5.21816724245066,-0.047699271681313465,86.90000000000002,0.5285738388527011,0.3779181429280445,0.31462810799886076,66.0
672335,"Pérez, Cionel",SV,Breaking,98,5.217804938649502,-0.0477124144642488,83.0122448979592,0.45318914589955167,0.372179817758646,0.3151937021268743,66.0
656234,"Bird, Jake",FC,Fastball,31,5.217711354895037,-0.04771580926984376,92.76774193548388,0.44108744532965766,0.39766414729000654,0.2926379769127452,66.0
674944,"Guenther, Sean",SL,Breaking,56,5.217499829409888,-0.047723482480910566,78.67678571428571,0.408531063276735,0.30745133883769793,0.3231111434956831,65.9
681810,"Warren, Austin",ST,Breaking,42,5.217294424974097,-0.047730933647320964,83.95952380952382,0.42157880213166365,0.3841739210117426,0.3224849324629198,65.9
592662,"Ray, Robbie",KC,Breaking,371,5.217294182243562,-0.04773094245251342,81.19946091644206,0.4093336704498462,0.45474918287642924,0.32869631483314893,65.9
666277,"Soriano, George",ST,Breaking,111,5.216605534803325,-0.04775592354240864,85.15675675675676,0.5205970536884563,0.36540245907972657,0.33434729868305463,65.8
676508,"Casparius, Ben",FF,Fastball,382,5.21626501154608,-0.047768276223335925,96.1287958115183,0.4943589864804075,0.28590892607563384,0.3413522224286407,65.8
681810,"Warren, Austin",FC,Fastball,25,5.216117562053704,-0.04777362504017415,88.352,0.34142691842509587,0.45619436228264176,0.3064208108452522,65.8
687134,"Blalock, Bradley",SL,Breaking,161,5.215236532997439,-0.047805584886052625,85.28881987577635,0.4770651896661832,0.436889688857178,0.3139776066103652,65.7
686790,"McDonald, Trevor",SL,Breaking,107,5.214688272688529,-0.04782547335039967,85.9943925233645,0.5159722948493849,0.40425394036660295,0.3138324902875233,65.7
685314,"Saalfrank, Andrew",CU,Breaking,191,5.21396689965741,-0.04785164158030272,79.65654450261776,0.45163404870634494,0.40954059711943935,0.3281400901375069,65.7
665660,"Alvarado, Elvis",FF,Fastball,372,5.213560562673895,-0.04786638169276061,98.6860215053763,0.47850421425625816,0.29923600217229335,0.3388871642566257,65.6
669060,"Wilson, Bryse",CU,Breaking,145,5.213196727422265,-0.04787958002996016,80.80206896551725,0.49400478821905386,0.46531740988321324,0.30394409232163183,65.6
695549,"Jobe, Jackson",SL,Breaking,285,5.212308899218018,-0.04791178651892054,88.77929824561406,0.511998711285303,0.39996120895363874,0.3188354537142703,65.6
663574,"Santillan, Tony",SV,Breaking,281,5.2122589303057145,-0.04791359917052912,86.10498220640572,0.43735257327715926,0.4529750399099554,0.3225981271549217,65.5
689254,"Fluharty, Mason",FC,Fastball,579,5.212056528784875,-0.04792094140443789,90.26407599309154,0.4597838665001394,0.35499302072725153,0.33022214574065395,65.5
668970,"Hollowell, Gavin",ST,Breaking,58,5.21201289192454,-0.047922524357146556,85.07586206896549,0.46069794874672665,0.405471009998003,0.32817636648765525,65.5
664854,"Helsley, Ryan",SL,Breaking,470,5.211839700781599,-0.04792880696746046,88.85000000000001,0.5444187367446963,0.485446843313846,0.31298542207113916,65.4
518397,"Alexander, Scott",CH,Offspeed,47,5.211722662928645,-0.047933052584237745,83.33404255319151,0.3934359868997251,0.5668850828439435,0.2987881869090952,65.4
592254,"De León, José",FF,Fastball,48,5.210896519083079,-0.04796302143689951,90.57083333333333,0.4338030422318068,0.26712108832315673,0.353581800335893,65.3
571510,"Boyd, Matthew",SL,Breaking,430,5.210671494743361,-0.04797118432683501,82.01976744186044,0.4749525480615465,0.420094634815942,0.3113004343168233,65.3
669084,"Hall, DL",SI,Fastball,38,5.210596249926427,-0.04797391387671229,94.79473684210525,0.3327400725187223,0.3104164018598445,0.30761078622035815,65.3
656271,"Burke, Brock",SL,Breaking,281,5.210576651574624,-0.0479746248184215,87.88825622775809,0.4834915765121741,0.38468082709451035,0.3311683042332956,65.2
676282,"Cantillo, Joey",SL,Breaking,148,5.210526139271147,-0.04797645718186354,85.09391891891894,0.46589219790036746,0.446222562963069,0.3181868907823154,65.2
681676,"Fernandez, Ryan",FF,Fastball,208,5.210043345099483,-0.04799397082367563,95.1538461538462,0.4360808256124778,0.3091830620714482,0.35988332132223255,65.2
670059,"Holderman, Colin",FF,Fastball,38,5.210028479561532,-0.047994510079785745,96.99473684210527,0.4477783593081795,0.258925736819393,0.33899493475632547,65.1
664208,"Maton, Phil",CU,Breaking,393,5.209924006285096,-0.04799829990917876,75.9114503816794,0.5462924060160617,0.37223022174673764,0.30250714551950997,65.1
681867,"Criswell, Cooper",CH,Offspeed,95,5.2098702526963505,-0.048000249852145314,84.40947368421054,0.5578596243435624,0.41351809153928776,0.31092795888063474,65.1
806188,"Gibson, Cade",SL,Breaking,87,5.209712730527075,-0.04800596406124735,85.40689655172412,0.5224725615472788,0.3580365008106526,0.3411529902354512,65.0
663992,"Lovelady, Richard",SL,Breaking,34,5.209411514038473,-0.04801689086608237,86.38823529411765,0.5416095773926218,0.3556261550951761,0.3341570101371885,65.0
663559,"Falter, Bailey",SI,Fastball,195,5.20929051489814,-0.04802128018088305,92.1723076923077,0.5387084490975043,0.25991980650886176,0.35049383230982345,65.0
663671,"Enright, Nic",SL,Breaking,135,5.209105992365665,-0.04802797384400019,85.02148148148146,0.48731268639603126,0.49504629638225217,0.298674028217084,64.9
666974,"Cano, Yennier",FC,Fastball,28,5.209074642724559,-0.048029111070622875,92.02499999999999,0.45616740051795684,0.27984591917079793,0.3301860232505895,64.9
671111,"Peralta, Sammy",SL,Breaking,74,5.208612161432233,-0.04804588785082016,80.86351351351351,0.4849450647529497,0.37020521313959587,0.33530771094681844,64.9
661403,"Clase, Emmanuel",FC,Fastball,522,5.208607434988497,-0.048046059305339776,98.91954022988511,0.5667963213382913,0.3149042062763992,0.30915462607242195,64.8
678316,"Cruz, Omar",FF,Fastball,50,5.208194446688107,-0.048061040698219065,92.65800000000002,0.48360656864643436,0.3105705354597865,0.3452485964616041,64.8
688158,"Morgan, David",CU,Breaking,182,5.207916093464103,-0.04807113812471801,83.16813186813188,0.46113378707077163,0.41726567326357467,0.312792993852873,64.8
670955,"Uceta, Edwin",ST,Breaking,36,5.207591597117355,-0.048082909420064504,82.13888888888891,0.5110929190372446,0.39519025093028237,0.30826096523502206,64.7
691441,"Mena, Cristian",FF,Fastball,29,5.207098447311642,-0.04810079871857695,95.3206896551724,0.39023822485060583,0.29697908994464284,0.3421502919862622,64.7
641835,"Mayza, Tim",SL,Breaking,94,5.2069999672043865,-0.048104371142241885,87.09574468085104,0.555401627947525,0.4615984382652251,0.3190804085259388,64.7
642397,"Soto, Gregory",SL,Breaking,341,5.206842863127153,-0.04811007018480985,86.21173020527861,0.48717043275136596,0.49864418621675977,0.31527663246470694,64.6
686642,"Ellard, Fraser",CH,Offspeed,32,5.206571737362537,-0.04811990543097931,89.69375000000001,0.3507474288376737,0.5559109887303837,0.283690352344707,64.6
694973,"Skenes, Paul",SI,Fastball,318,5.2060485004826385,-0.04813888615575867,97.60188679245276,0.503611621037532,0.2922638589128189,0.286241256366842,64.6
656557,"Houck, Tanner",FF,Fastball,44,5.205503550439568,-0.04815865453827022,94.9590909090909,0.28355926053905306,0.39432309448004976,0.3017194400980147,64.5
608566,"Márquez, Germán",KC,Breaking,686,5.205482579215566,-0.04815941528172401,85.52784256559758,0.49180117975751425,0.48007762530464076,0.3134982387328227,64.5
682990,"Priester, Quinn",SL,Breaking,687,5.205134665941074,-0.048172036039862,86.09985443959248,0.5136008884284454,0.4749505787331118,0.30733747525205773,64.5
676477,"Whitlock, Garrett",SL,Breaking,376,5.2049969581307245,-0.04817703147146981,84.67579787234044,0.48853464856984774,0.43610673988413706,0.3158224178655032,64.4
663423,"Thornton, Trent",FF,Fastball,219,5.204273744666001,-0.048203266464181715,94.42054794520548,0.47566204444462007,0.31700942147327055,0.3647471966806567,64.4
663546,"Hjelle, Sean",FC,Fastball,36,5.203866525845069,-0.04821803856580901,89.58333333333331,0.4315524970474102,0.291581671328365,0.3091745227948896,64.4
519242,"Sale, Chris",SL,Breaking,960,5.203780733138149,-0.04822115074658342,79.07375000000003,0.47273709654180907,0.3741834125956884,0.3320884405070212,64.3
571760,"Heaney, Andrew",SL,Breaking,346,5.20367322839297,-0.048225050544283506,80.53468208092491,0.4985320213030576,0.44590027214679023,0.3253198587749852,64.3
692024,"Carrillo, Alex",SL,Breaking,27,5.2035477149173355,-0.04822960361924552,86.88148148148149,0.37396261261127467,0.5690169501016183,0.2764500097494445,64.3
519326,"Strickland, Hunter",ST,Breaking,46,5.203380312203451,-0.04823567625089973,81.4717391304348,0.5365482800988117,0.4346231417416154,0.29360900858862715,64.2
676979,"Crochet, Garrett",CH,Offspeed,141,5.203351063920088,-0.0482367372495375,87.58581560283689,0.4161217461391503,0.4962663296834458,0.2868498175291672,64.2
664126,"Fairbanks, Pete",SL,Breaking,396,5.202708472979404,-0.04826004761289189,85.29797979797983,0.46556065023898374,0.3656403761116847,0.3343347413870172,64.2
448179,"Hill, Rich",FC,Fastball,27,5.202499688732898,-0.048267621383918796,83.70370370370368,0.47145266968035493,0.3428637835874041,0.3422263678422447,64.1
679885,"Martinez, Justin",FS,Offspeed,106,5.202318623434507,-0.04827418963384135,88.31509433962262,0.42896250610527864,0.46538143408748633,0.29099874742202797,64.1
700363,"Smith-Shawver, AJ",FS,Offspeed,241,5.201180074684349,-0.0483154911576918,83.18838174273858,0.5224433728124862,0.4440589595802722,0.29538707258049807,64.1
622608,"Senzatela, Antonio",CU,Breaking,349,5.20109595663919,-0.04831854258912853,80.34957020057304,0.40419321372055816,0.41461577726399623,0.3102142867096233,64.0
686701,"Bergert, Ryan",FF,Fastball,558,5.20102209298525,-0.04832122203650791,93.42473118279567,0.5078344439280182,0.24748709262015647,0.373047567315467,64.0
671737,"Bradley, Taj",FF,Fastball,934,5.2010218771881735,-0.04832122986467339,96.20556745182007,0.5150882115983505,0.2663527698663572,0.35963184866658154,64.0
547179,"Lorenzen, Michael",SL,Breaking,277,5.200819989464669,-0.04832855346028259,85.19097472924189,0.500814564313414,0.4304467244411192,0.32291826138724616,63.9
670167,"Schreiber, John",FF,Fastball,335,5.200186374727449,-0.04835153820659027,93.7555223880597,0.5172593636911681,0.29465263672525865,0.36061977607443946,63.9
676083,"Junk, Janson",SL,Breaking,468,5.19982757147209,-0.04836455400517309,86.92414529914535,0.5562596763342116,0.3927169588318908,0.32880970068245646,63.9
657612,"Hill, Tim",FC,Fastball,44,5.199712384224618,-0.04836873249015063,84.63409090909092,0.380136318849892,0.29295744451902644,0.2992666391273345,63.8
650644,"Civale, Aaron",CU,Breaking,351,5.199699336471982,-0.04836920580503222,77.85213675213672,0.4542667494751505,0.3034551146035171,0.3353327093482631,63.8
656427,"Flaherty, Jack",CH,Offspeed,87,5.198945329766941,-0.04839655784060142,85.95632183908045,0.281921612578516,0.49001005026380473,0.272642050782867,63.8
801403,"Dollander, Chase",SL,Breaking,219,5.198484764458857,-0.04841326511734658,89.64246575342462,0.47036953504342544,0.48410715500927354,0.30782941426941723,63.7
607625,"Lugo, Seth",SL,Breaking,139,5.1980329164372305,-0.04842965616941112,83.19136690647484,0.4251566541903004,0.45583050160526145,0.31620763915512484,63.7
669372,"Ginn, J.T.",CH,Offspeed,148,5.197971352504426,-0.048431889437190505,88.497972972973,0.41464342966004913,0.5106233359877341,0.27745339642008315,63.7
673929,"Leasure, Jordan",SL,Breaking,485,5.197528363126168,-0.04844795913677003,87.31319587628865,0.4855262065378499,0.49503148794777796,0.31105418360216597,63.6
669713,"Wesneski, Hayden",CH,Offspeed,36,5.197499354773143,-0.04844901143179408,85.73333333333335,0.5222928899094991,0.4416014543077989,0.29626887086636583,63.6
518585,"Cruz, Fernando",SL,Breaking,57,5.196658253489237,-0.0484795228743064,82.31052631578949,0.3676003339103653,0.49761077037386886,0.3257911459988925,63.6
674841,"Alvarez, Andrew",SL,Breaking,121,5.196381775699071,-0.04848955226834269,82.38099173553721,0.4425704903329828,0.4075582223248251,0.3566121329921393,63.5
660787,"De los Santos, Yerry",SL,Breaking,59,5.196343485298825,-0.04849094127507489,85.02881355932203,0.4312637202909534,0.5290291544885721,0.2949997256438604,63.5
678024,"Vasil, Mike",ST,Breaking,265,5.196326992265134,-0.04849153956954773,81.67358490566038,0.43277076089779837,0.4074296148939483,0.30299144638995207,63.5
621363,"Poche, Colin",FF,Fastball,175,5.1962162642008245,-0.04849555629504013,92.16285714285715,0.42749987129890604,0.29597581114471494,0.33070752713944657,63.4
571948,"Milner, Hoby",FF,Fastball,170,5.195866174734467,-0.048508255995815056,87.92588235294113,0.4816829815671432,0.2538608192588166,0.3432895982542416,63.4
608718,"Suter, Brent",SL,Breaking,145,5.195684609117043,-0.04851484239510395,78.57931034482765,0.441695894203307,0.4158127305980986,0.30128095426963414,63.4
681867,"Criswell, Cooper",ST,Breaking,37,5.194860647467687,-0.048544732087317896,76.62972972972975,0.49388408899003283,0.43911123255076806,0.29293693880851945,63.3
608665,"Graveman, Kendall",SL,Breaking,71,5.194455634159157,-0.0485594241826891,85.24929577464788,0.4225390730172936,0.578536764085298,0.27894866760417375,63.3
608379,"Wacha, Michael",SL,Breaking,335,5.19442183260291,-0.04856065035397175,84.88268656716423,0.4895713054361409,0.43289401443543746,0.3098626817348394,63.3
689520,"Laweryson, Cody",CH,Offspeed,25,5.194161571633282,-0.048570091473329226,83.428,0.5188021811191981,0.3314038464492989,0.31024205304256136,63.2
681006,"Simpson, Josh",CU,Breaking,159,5.193640515621262,-0.04858899308584682,80.47421383647796,0.4163016453792665,0.3376011186747509,0.3293315282629293,63.2
554430,"Wheeler, Zack",FS,Offspeed,218,5.193026995292302,-0.04861124889570641,87.07018348623848,0.5728923414476309,0.4140909244717649,0.30796028260544456,63.2
571945,"Mikolas, Miles",ST,Breaking,71,5.192747551760484,-0.048621385873760914,80.71267605633804,0.538294278226841,0.4520239841316842,0.28416753722696886,63.1
690986,"Harrison, Kyle",FF,Fastball,345,5.192156799582005,-0.048642815755604564,94.64405797101453,0.5274799734505806,0.24381430853902344,0.36785533946822474,63.1
694350,"Brzykcy, Zach",CU,Breaking,112,5.192101319671162,-0.04864482832191814,83.12321428571428,0.4247820025974231,0.38401953572770514,0.31226453927764425,63.1
543101,"DeSclafani, Anthony",SL,Breaking,140,5.191916499762912,-0.04865153277251592,88.16642857142858,0.4733617343641645,0.4318753894358383,0.3289044196442358,63.0
573204,"Thielbar, Caleb",FF,Fastball,372,5.191573195301255,-0.048663986343264805,92.9338709677419,0.5389794102081275,0.23759088766897743,0.3555151131146238,63.0
592779,"Stewart, Brock",CH,Offspeed,66,5.1912507845940175,-0.04867568198081463,90.6318181818182,0.46874243115844727,0.46399030369915395,0.27272556241057583,63.0
571927,"Matz, Steven",CU,Breaking,256,5.190950613287782,-0.04868657087104638,79.51210937500001,0.4479223234204691,0.3116385914781858,0.3167714059616752,62.9
605288,"Houser, Adrian",SL,Breaking,304,5.190790584941911,-0.04869237599317481,87.96019736842105,0.5369549372491995,0.435360492295416,0.3047652793083859,62.9
676106,"Hancock, Emerson",ST,Breaking,56,5.190368934457323,-0.048707671611867655,78.6125,0.476498573872634,0.4001564613002405,0.30174656303371616,62.9
680702,"Gerber, Joey",FF,Fastball,45,5.189937914385888,-0.048723307117820164,93.83333333333336,0.4735760046120589,0.21053684873386388,0.3508704369007503,62.8
605135,"Bassitt, Chris",FS,Offspeed,114,5.1899140045523335,-0.048724174461059186,83.44649122807016,0.40038513646953666,0.48048991259883933,0.28357591702882534,62.8
668964,"Myers, Tobias",FF,Fastball,382,5.189805725218334,-0.04872810235742306,93.49607329842927,0.5211654220965082,0.24172825606270623,0.36688582144798804,62.8
675512,"Melton, Troy",SL,Breaking,167,5.189422041981728,-0.04874202069192168,85.53113772455087,0.5135437805488795,0.4382552065957342,0.31943588229881253,62.7
543101,"DeSclafani, Anthony",FF,Fastball,114,5.189375875814271,-0.04874369539672997,93.91578947368423,0.36912845029061475,0.2457672265633135,0.36819096631559967,62.7
666171,"Zeferjahn, Ryan",SL,Breaking,172,5.189026448034491,-0.0487563710944359,88.19941860465114,0.4874694095402447,0.422766311541423,0.3133940144511528,62.7
689147,"Kerkering, Orion",FF,Fastball,375,5.188153603158542,-0.04878803405437232,97.544,0.5331545504906618,0.25975725927031695,0.35581306010816477,62.6
670174,"Winckowski, Josh",CH,Offspeed,36,5.187366890263195,-0.04881657252618238,91.87777777777777,0.5636928410001503,0.40037256031164004,0.304958971999542,62.6
663941,"Beck, Tristan",CU,Breaking,141,5.186582205123835,-0.048845037439954296,80.60212765957448,0.37186659517518333,0.2264930244130159,0.3407633009271101,62.6
643338,"Green, Chad",SL,Breaking,343,5.185967891661515,-0.04886732202119188,88.03148688046643,0.48046834394026455,0.4975589984688996,0.30378441091610986,62.5
645261,"Alcantara, Sandy",SL,Breaking,495,5.185164557414228,-0.048896463442294584,85.26303030303023,0.47399888388499467,0.45277152805431,0.3114553050465383,62.5
678020,"Halvorsen, Seth",FF,Fastball,352,5.184642793013464,-0.04891539075202923,100.01590909090906,0.4365185788239481,0.3051761451877203,0.3395669189419424,62.5
815083,"Farris, Mitch",SL,Breaking,95,5.184554845637062,-0.04891858109470337,81.54736842105264,0.4466686967524697,0.3723378608501033,0.3515538391699755,62.4
694462,"Waldrep, Hurston",SL,Breaking,100,5.1844917193022475,-0.048920871039532424,87.17899999999997,0.506605757927152,0.3926705228196052,0.331879599045959,62.4
669302,"Gilbert, Logan",SL,Breaking,877,5.184020918604675,-0.04893794961103571,87.45416191562134,0.5179587127722778,0.42568194230786616,0.3348500760206114,62.4
682052,"Lopez, Jacob",SL,Breaking,509,5.183967176833306,-0.0489398991253202,78.11434184675832,0.5230864429517839,0.36720842941356213,0.3380797358099129,62.3
672782,"Gómez, Yoendrys",CU,Breaking,162,5.18395438393167,-0.04894036319533193,80.77530864197536,0.36991779374892114,0.29692177509677947,0.3309136370800249,62.3
682610,"Muñoz, Roddery",FF,Fastball,38,5.183899315125681,-0.04894236084857586,96.0605263157895,0.4917430438045112,0.3070595111905239,0.35063214553897043,62.3
641329,"Baker, Bryan",SL,Breaking,278,5.183800756671759,-0.048945936114312104,88.53237410071942,0.48108222014886703,0.3924796492952616,0.3210853193338754,62.2
669387,"Mlodzinski, Carmen",FS,Offspeed,250,5.183766928623274,-0.048947163246616354,87.60759999999999,0.48389132357021375,0.41421583191312744,0.29323650857949385,62.2
686747,"La Sorsa, Joe",ST,Breaking,31,5.183616668231626,-0.04895261403047478,78.38064516129032,0.4943639557431013,0.324817323249151,0.30889500193506586,62.2
622786,"Tinoco, Jesus",FF,Fastball,35,5.182856416652125,-0.04898019260252863,95.15714285714286,0.43808290669668803,0.23543262440546847,0.3500765021149578,62.1
656288,"Canning, Griffin",SL,Breaking,441,5.182832816452753,-0.0489810487136062,87.7092970521542,0.512948704238867,0.4490260725001878,0.31717428154570004,62.1
641482,"Cortes, Nestor",FF,Fastball,264,5.182747860741122,-0.04898413053188545,90.2098484848485,0.47981796774551855,0.23234756935686582,0.36586886913618333,62.1
684320,"Rodríguez, Yariel",SL,Breaking,510,5.18191139366343,-0.04901447386584877,85.69705882352952,0.48408957150880333,0.4217192283149232,0.3153799709785993,62.0
622663,"Severino, Luis",FF,Fastball,766,5.181833362088719,-0.04901730450699923,96.10365535248037,0.5204705218332402,0.2663184348451207,0.3631760194824358,62.0
661563,"Gil, Luis",SL,Breaking,261,5.181705061286932,-0.04902195869385269,86.6727969348659,0.4886674644425004,0.44291031412669346,0.3142663006142495,62.0
663773,"Hoeing, Bryan",FS,Offspeed,51,5.181678462903828,-0.04902292356580402,86.47058823529412,0.47387089178944636,0.49393111663723416,0.287539051590897,61.9
663554,"Mize, Casey",SL,Breaking,415,5.181115915070132,-0.04904333031849442,88.19277108433735,0.4690737872023854,0.3665125249131958,0.34647857388185305,61.9
680732,"Burke, Sean",FF,Fastball,1059,5.18015942792428,-0.04907802745084099,94.41586402266299,0.5108212157793285,0.27910838766632434,0.3504359574034631,61.9
621381,"Strahm, Matt",SL,Breaking,330,5.180064435121329,-0.049081473370496155,82.57424242424239,0.5134474627863364,0.3959919549918112,0.32838009659519923,61.8
680573,"Woods Richardson, Simeon",CH,Offspeed,87,5.179092143777887,-0.04911674380938195,83.2022988505747,0.39975896679737527,0.5463696904181935,0.2982464069492244,61.8
668834,"McGee, Easton",FC,Fastball,29,5.1789820361596215,-0.04912073802783001,87.82758620689654,0.4778934197968239,0.2656805416538768,0.35190083086014506,61.8
668390,"Winn, Cole",FF,Fastball,171,5.178797428973193,-0.049127434761818946,96.2046783625731,0.48652683755328063,0.2983223717520937,0.3595254037126771,61.7
686973,"Varland, Louis",SI,Fastball,68,5.178020361748342,-0.04915562333127312,97.13823529411765,0.4166806608737233,0.22046165708169774,0.31426912160246423,61.7
675512,"Melton, Troy",FF,Fastball,346,5.177659209796448,-0.04916872433020068,97.26329479768795,0.5022814149938805,0.2750868391546708,0.3604081470788241,61.7
656550,"Holmes, Grant",SL,Breaking,702,5.177080861844829,-0.04918970424143823,85.35313390313381,0.5216938344367366,0.47981152933873694,0.3129963266229286,61.6
642585,"Bautista, Félix",SL,Breaking,57,5.176376574877213,-0.049215252664363746,85.39298245614032,0.41035458795107566,0.4168335837612159,0.32667159391315537,61.6
676092,"Snider, Collin",FF,Fastball,129,5.176256478095852,-0.04921960924556331,92.46046511627907,0.5344350823157854,0.3104718186805394,0.3415946542201384,61.6
676961,"Boushley, Caleb",FC,Fastball,142,5.175985985572918,-0.049229421520519304,89.71619718309866,0.44718827102223757,0.3068679649747715,0.32066057303903467,61.5
690544,"Horn, Bailey",ST,Breaking,75,5.175790354798731,-0.04923651814162122,84.66799999999998,0.5379190838240301,0.3710633673779005,0.3182687849294738,61.5
693645,"Schlittler, Cam",FF,Fastball,817,5.175580007883877,-0.0492441485993593,97.87246022031822,0.5364602408163243,0.2607591622644872,0.35054640688627187,61.5
656849,"Peterson, David",CU,Breaking,370,5.174286041553712,-0.04929108798710142,78.68837837837836,0.4075632682103724,0.3258212785231843,0.3366788574684238,61.4
678020,"Halvorsen, Seth",SL,Breaking,132,5.174184541897768,-0.04929476994666654,89.43863636363639,0.5273181975234418,0.44758924958704455,0.3036558066935894,61.4
663455,"Pilkington, Konnor",FF,Fastball,310,5.173223658632868,-0.04932962655081039,94.43451612903229,0.4501353096781712,0.27200814617995767,0.36709295172383327,61.4
666974,"Cano, Yennier",SL,Breaking,202,5.172281613071142,-0.049363799806220465,86.1544554455446,0.49267620486124863,0.4316825368843695,0.31115848887134995,61.3
643377,"Jax, Griffin",FF,Fastball,203,5.172087599906914,-0.049370837747572165,97.01871921182257,0.5258139660803449,0.2554727156011302,0.36247953665055893,61.3
669193,"Little, Jack",FF,Fastball,33,5.171799419438522,-0.049381291663126464,93.99393939393939,0.46413031535216376,0.314350332205904,0.34700168422847194,61.3
681882,"Selby, Colin",SL,Breaking,36,5.171398507303623,-0.04939583498601819,88.075,0.4766912318784818,0.47668998020474507,0.3079323804271216,61.2
666277,"Soriano, George",SL,Breaking,128,5.171325169931185,-0.04939849534222732,86.57812500000007,0.45767707082418524,0.4932116194209866,0.31167203021850587,61.2
608718,"Suter, Brent",CH,Offspeed,258,5.170850711052088,-0.049415706616411564,76.73720930232564,0.4548486062538183,0.48214815724153165,0.3041463874289235,61.2
643377,"Jax, Griffin",CH,Offspeed,252,5.170351645123523,-0.04943381052575112,92.2908730158731,0.5450426546008194,0.4365137521530799,0.2914646075628617,61.1
680767,"Vodnik, Victor",FF,Fastball,525,5.170113208451016,-0.04944245995592681,98.6613333333333,0.4793536925996872,0.3194011868169628,0.3464803501274744,61.1
676604,"Zuber, Tyler",SL,Breaking,41,5.170103141219154,-0.04944282515066903,87.60243902439028,0.5450279349592407,0.37764785224782227,0.33750060724625547,61.1
694738,"Roupp, Landen",FC,Fastball,124,5.169499723075542,-0.04946471449782853,90.325,0.43865661786737997,0.3560189447082366,0.3245944389271812,61.0
605135,"Bassitt, Chris",FC,Fastball,500,5.169267641019908,-0.049473133410549534,88.58059999999993,0.4648229586361274,0.3611024833312785,0.3167307458130169,61.0
453286,"Scherzer, Max",SL,Breaking,381,5.168735609527003,-0.04949243316507497,86.37007874015747,0.5597436269225937,0.42818934477919773,0.31694759654528887,61.0
806185,"Birdsong, Hayden",FF,Fastball,527,5.168592169511463,-0.04949763653578882,95.51081593927888,0.4531229438975262,0.27920818176038903,0.34907968744871165,60.9
669461,"Liberatore, Matthew",SL,Breaking,519,5.168392239589508,-0.0495048891109982,86.4065510597302,0.5578106989124586,0.4533381438922807,0.32414444035898343,60.9
671131,"Rutledge, Jackson",SL,Breaking,353,5.168321910586263,-0.04950744033685007,85.26600566572245,0.42310385170730597,0.47400224244554834,0.2971843258330575,60.9
608650,"Enns, Dietrich",FF,Fastball,340,5.168224044032878,-0.04951099050348821,93.9911764705882,0.5651935078295891,0.2244651596826334,0.3650231509693486,60.8
519141,"Pomeranz, Drew",FF,Fastball,694,5.167445436867153,-0.04953923493520068,92.82046109510075,0.5390520831679523,0.24720553578784116,0.3545659400717175,60.8
606930,"Barnes, Jacob",FC,Fastball,82,5.167341276535997,-0.0495430134123201,87.41097560975608,0.4084504759461505,0.5236608476286688,0.28858152003776233,60.8
641778,"Lauer, Eric",CU,Breaking,267,5.16652809071001,-0.049572512205219736,75.08764044943815,0.4081806463948245,0.27222264790254275,0.3420794610638241,60.7
699134,"Rodriguez, Bradgley",SI,Fastball,32,5.166491163949884,-0.04957385174510667,98.73125,0.3380564696888796,0.2989108892916744,0.2757581772524287,60.7
518489,"Brasier, Ryan",FC,Fastball,47,5.165803482597784,-0.04959879778958765,89.2085106382979,0.49710064951889965,0.3239334060893908,0.31641508525733103,60.7
663462,"Campbell, Isaiah",SL,Breaking,46,5.16565076597691,-0.04960433767460231,90.47173913043481,0.5100440818193832,0.3659259575817179,0.3382493965346248,60.6
680951,"Nikhazy, Doug",SL,Breaking,31,5.16521372847015,-0.04962019146655147,86.23548387096773,0.5329409830000998,0.425384123737186,0.33183171038870674,60.6
701656,"Henderson, Logan",FC,Fastball,32,5.1645066665708335,-0.04964584055175262,87.61874999999996,0.5111106379685407,0.2545849374728071,0.3464924621768643,60.6
668678,"Gallen, Zac",FF,Fastball,1444,5.1644378574569,-0.049648336642728136,93.5218836565096,0.44377719154468137,0.23769024472496844,0.3608100768859829,60.5
592351,"Gray, Jon",SL,Breaking,89,5.164344311096646,-0.0496517300918259,87.31123595505616,0.4929747532143777,0.4905089726068074,0.3086143088041199,60.5
657277,"Webb, Logan",CH,Offspeed,792,5.164067979992101,-0.04966175416475502,86.49330808080799,0.5830452036145309,0.39018955929297067,0.30555279244504596,60.5
669194,"Nelson, Ryne",SL,Breaking,358,5.164064854406286,-0.049661867547214154,86.61648044692726,0.5091593183771552,0.484098375175341,0.299572813541449,60.4
686218,"Sheehan, Emmet",SL,Breaking,398,5.163615622245604,-0.04967816370738838,87.89974874371852,0.4878728995586516,0.47965555514299774,0.3040378950679532,60.4
669704,"Strowd, Kade",FF,Fastball,74,5.162865473099401,-0.04970537580774794,95.81756756756756,0.5032657251640394,0.2449436474993957,0.34123254805283276,60.4
663623,"Irvin, Jake",CU,Breaking,870,5.162840031199155,-0.04970629872760501,77.80114942528738,0.45744437947151584,0.3249807435023765,0.32832308542743344,60.3
676702,"Stratton, Hunter",SL,Breaking,103,5.162632919521373,-0.04971381182522024,84.83786407766989,0.49955596303832545,0.43231732342542367,0.3153509181204681,60.3
681799,"Roberts, Ethan",FC,Fastball,52,5.162593622922571,-0.049715237332395454,91.37307692307692,0.4696614861844761,0.32205892187082047,0.3411609265463525,60.3
660761,"Suarez, José",SL,Breaking,68,5.161741436130966,-0.04974615090820294,82.52205882352942,0.45767838899610336,0.4584941982712055,0.31846542979467146,60.2
676395,"Garcia, Robert",FF,Fastball,441,5.16157871022276,-0.04975205388598738,94.4251700680272,0.5174042441484579,0.26040849692704715,0.3712583078765725,60.2
663554,"Mize, Casey",SV,Breaking,328,5.161428629407625,-0.04975749815560265,83.63506097560975,0.44429772978545046,0.45191100340384366,0.3103974204137372,60.2
642397,"Soto, Gregory",SI,Fastball,554,5.161244559622569,-0.04976417539504167,96.85956678700356,0.42091619677058795,0.25352411033634903,0.3010925109008568,60.1
664208,"Maton, Phil",FC,Fastball,368,5.161113334984469,-0.049768935645772644,90.57663043478259,0.511072218214503,0.322256493913841,0.3436220484507773,60.1
687064,"Young, Brandon",FS,Offspeed,167,5.160326757696653,-0.04979746919833989,87.26646706586823,0.6184805428755354,0.4521423789601739,0.3234561089372792,60.1
677958,"Rocker, Kumar",CU,Breaking,123,5.160055212637613,-0.049807319654660454,77.83739837398373,0.3919473978302686,0.34283466471727336,0.31550033022282026,60.0
571760,"Heaney, Andrew",CU,Breaking,120,5.159749730069267,-0.04981840121404123,76.82499999999999,0.4775883198659807,0.316132451457956,0.3353991235132808,60.0
605463,"Scott, Tayler",SL,Breaking,35,5.159580577242735,-0.04982453733205833,86.3142857142857,0.4457239183974179,0.4855969327112817,0.310002582442833,60.0
681168,"Curvelo, Luis",SL,Breaking,132,5.15953187414685,-0.04982630406543365,84.55075757575761,0.45722701552795164,0.4172182063610224,0.3197145451536001,59.9
806185,"Birdsong, Hayden",CU,Breaking,155,5.159317231716481,-0.04983409034551694,80.30903225806452,0.3551988976831424,0.4605372900847643,0.31139589321355166,59.9
656605,"Keller, Mitch",SL,Breaking,401,5.15918068617321,-0.04983904361520463,86.93715710723185,0.5436852757306407,0.4826849542092217,0.3139629414938252,59.9
686790,"McDonald, Trevor",SI,Fastball,82,5.158484266071716,-0.0498643066629466,93.0231707317073,0.3592215927212574,0.23889392554448743,0.3223645256801914,59.8
663855,"Hicks, Jordan",FF,Fastball,123,5.158440483087632,-0.049865894916379924,97.39430894308943,0.47291487463213605,0.31698333093630854,0.3253193401934914,59.8
434378,"Verlander, Justin",CU,Breaking,381,5.1581025442102115,-0.04987815384741286,78.47007874015749,0.3828675055225989,0.2778631186092117,0.33506252912453416,59.8
669373,"Skubal, Tarik",SI,Fastball,740,5.157759532688343,-0.049890596791598844,97.37891891891881,0.4691827160297467,0.20764234013761032,0.3416076742351248,59.7
605280,"Holmes, Clay",SL,Breaking,309,5.15747783202936,-0.049900815648265685,85.35307443365696,0.5094908101661192,0.4304966446157799,0.31992202190104774,59.7
641672,"Hatch, Thomas",SL,Breaking,108,5.1574021858134005,-0.049903559759128,85.45648148148146,0.5184842640005926,0.5189517231513868,0.31142890805929635,59.7
694037,"Palencia, Daniel",SL,Breaking,226,5.156897096876996,-0.04992188215661056,88.53982300884955,0.5165421720967005,0.4040205964538698,0.31999062903216025,59.6
453286,"Scherzer, Max",FF,Fastball,812,5.156632440910118,-0.049931482707071304,93.70800492610837,0.5003815908268152,0.2465940700113143,0.366396562024965,59.6
641755,"Kinley, Tyler",SL,Breaking,788,5.156612372728512,-0.04993221069213224,87.37791878172597,0.5451727766841421,0.43191229070911313,0.32507772777490956,59.6
690928,"Dobbins, Hunter",CU,Breaking,112,5.155141326627927,-0.0499855737524318,78.6580357142857,0.4747460697788501,0.3869739310448251,0.3253507820915268,59.5
650893,"Cabrera, Génesis",FF,Fastball,168,5.154500642946296,-0.05000881492884488,95.6565476190476,0.5549603982442053,0.2481968319767243,0.35395820708183523,59.5
608032,"Estévez, Carlos",FF,Fastball,588,5.154305188127867,-0.050015905167048826,95.72602040816325,0.4967166751474668,0.2539635334437134,0.36172561061954495,59.5
673965,"Freeman, Caleb",FF,Fastball,50,5.153964309347321,-0.05002827074479226,96.03399999999998,0.44633505787101313,0.2738872692313647,0.35997485663132134,59.4
656641,"Latz, Jacob",SL,Breaking,290,5.1537883191049225,-0.05003465489408144,84.42379310344826,0.5388195797124217,0.4048201270234474,0.32290395724150917,59.4
641329,"Baker, Bryan",FF,Fastball,524,5.153736575686696,-0.05003653191693328,96.75171755725188,0.5259676633272675,0.2435225858769886,0.349289310924721,59.4
681517,"Leahy, Kyle",SL,Breaking,288,5.153549212296188,-0.050043328633842,91.07430555555551,0.513264720546428,0.40360845712082427,0.335168123104147,59.3
621345,"Minter, A.J.",FC,Fastball,103,5.1531764539517795,-0.05005685066146703,89.32621359223302,0.49532784952310827,0.4657217083130244,0.30645457811937366,59.3
657514,"Bernardino, Brennan",CU,Breaking,219,5.152887083622512,-0.050067347739922705,79.21598173515984,0.4235309342457306,0.4171670118824427,0.29307252640502784,59.3
677020,"Walker, Josh",FF,Fastball,37,5.152006031236432,-0.05009930843210395,93.18648648648647,0.41741079662359676,0.3508648596694246,0.3638203566112631,59.2
650633,"King, Michael",SI,Fastball,363,5.151666073697534,-0.05011164059126629,92.68044077134986,0.419901300538233,0.21439318928016482,0.32078871001880843,59.2
680736,"Wrobleski, Justin",SL,Breaking,291,5.151126095239116,-0.05013122862662799,87.69347079037799,0.5839651439054263,0.3808093631202691,0.3283477613837499,59.2
622253,"Tate, Dillon",ST,Breaking,60,5.151055693033451,-0.05013378250794056,79.2833333333333,0.47489268278868835,0.3567083423185753,0.31432710063697245,59.1
687424,"Maldonado, Anthony",SL,Breaking,67,5.15087029064436,-0.05014050808837236,83.94029850746267,0.4065829482869855,0.5742662505020005,0.2912216017543882,59.1
665152,"Kremer, Dean",FF,Fastball,715,5.150630665191531,-0.0501492006422519,93.32293706293697,0.502524812926212,0.24278771733666435,0.3661434124816415,59.1
683618,"Henriquez, Edgardo",SI,Fastball,91,5.150615742953557,-0.05014974195518878,100.91758241758244,0.4364557566032367,0.29096793772432433,0.30243315544332916,59.0
685299,"Gordon, Tanner",SL,Breaking,319,5.1501541141796405,-0.050166487809780766,84.18401253918498,0.5102446974328994,0.4418094704597597,0.3190089257682642,59.0
683175,"Phillips, Connor",FF,Fastball,198,5.1487644009250575,-0.05021690047337696,98.17929292929291,0.44934481027444884,0.291529560618364,0.3474599564146378,59.0
665795,"Cabrera, Edward",SL,Breaking,389,5.148760126635011,-0.050217055525755956,88.49074550128533,0.5014436464499223,0.4471890596801379,0.3131909152784516,58.9
691951,"Aldegheri, Sam",SL,Breaking,53,5.148639136636804,-0.05022144450892064,82.3584905660377,0.43748099770852567,0.489440249161598,0.3044042896048992,58.9
641386,"Bowden, Ben",FF,Fastball,110,5.148611612451206,-0.05022244296490042,93.4036363636364,0.4790140106975423,0.2158228087408474,0.36534954942862274,58.9
666200,"Luzardo, Jesús",FF,Fastball,1053,5.148452831141859,-0.050228202850047234,96.53029439696104,0.4846623322090074,0.24902573560074548,0.35730647380918645,58.8
622786,"Tinoco, Jesus",CH,Offspeed,53,5.147930702968069,-0.050247143355862174,89.15283018867925,0.45661935116378277,0.539530421882471,0.26313244330891017,58.8
669684,"Murphy, Chris",SL,Breaking,114,5.147651730191973,-0.050257263256976714,87.59122807017549,0.4151195399271304,0.36779922110014945,0.33767834586443973,58.8
666215,"Whitley, Forrest",FF,Fastball,86,5.147572201416147,-0.05026014820997596,96.2779069767442,0.4622460271935289,0.25508143615902135,0.35949917717238444,58.7
678692,"Henriquez, Ronny",SI,Fastball,25,5.146071848656335,-0.05031457438653178,95.036,0.3529359470330076,0.2947216383375557,0.3012224039470836,58.7
592779,"Stewart, Brock",FF,Fastball,332,5.145805834124026,-0.05032422421975065,96.18614457831328,0.5813908981754927,0.28061547984410934,0.36946680564546747,58.7
680732,"Burke, Sean",KC,Breaking,574,5.145487429923369,-0.05033577451892384,79.70749128919857,0.41499396072251565,0.3046167294608033,0.33822691631527174,58.6
608337,"Giolito, Lucas",SL,Breaking,606,5.145480968268736,-0.050336008919236605,85.97838283828382,0.46152324193724187,0.4795427863561511,0.30762304007466884,58.6
701519,"Adams, Travis",SL,Breaking,133,5.1454687411075675,-0.050336452466681114,85.62330827067667,0.4753473042297507,0.5472214082679804,0.2945172990720766,58.6
669923,"Kirby, George",FS,Offspeed,59,5.145467019204128,-0.05033651492973854,86.0440677966102,0.5724088254774756,0.38517725129690006,0.2974206489249732,58.5
694819,"Misiorowski, Jacob",CH,Offspeed,71,5.144425783195,-0.050374286376818886,92.29577464788731,0.49189667822566585,0.36243868555124054,0.2736468520477337,58.5
676879,"Ashby, Aaron",FF,Fastball,51,5.144173698790626,-0.050383430886474956,97.57058823529411,0.4909222971385306,0.3341956454383066,0.30867702705966665,58.5
664285,"Valdez, Framber",SL,Breaking,95,5.143807168788894,-0.05039672697731543,84.31157894736839,0.49183976222330433,0.4752493578854232,0.3114177759963565,58.4
592791,"Taillon, Jameson",ST,Breaking,330,5.143116562339387,-0.05042177913142113,80.19515151515144,0.5472569888488982,0.4340004276464597,0.3028384441809375,58.4
605488,"Springs, Jeffrey",SL,Breaking,575,5.142788836763467,-0.05043366756895026,83.48730434782607,0.4214974038835857,0.3598998198062632,0.34151677462251534,58.4
668909,"Williams, Gavin",FF,Fastball,1160,5.141640866043718,-0.050475310880275036,96.60344827586209,0.5104433256134792,0.26882067625129036,0.3660143649081525,58.3
682243,"Miller, Bryce",SL,Breaking,150,5.141638743760831,-0.05047538786733194,85.94600000000004,0.4172020468084057,0.40539929606085806,0.3275067831168804,58.3
657585,"Garrett, Reed",FF,Fastball,39,5.141536530498653,-0.05047909571338181,97.88717948717948,0.4861453892323381,0.2830009081076561,0.3371419424153621,58.3
676571,"Poulin, PJ",FF,Fastball,189,5.140811770249925,-0.05050538681659067,90.82645502645505,0.4327000123955807,0.2339345797279256,0.3537418119008373,58.2
606996,"Hart, Kyle",SL,Breaking,87,5.140758275040102,-0.05050732738671046,87.0425287356322,0.5223584382456699,0.3659582249333672,0.34177082936063685,58.2
650671,"Quijada, José",FF,Fastball,59,5.140522317101917,-0.05051588689934458,94.17796610169492,0.4008593033887318,0.3639486437696241,0.3345128597716862,58.2
671109,"Eder, Jake",SL,Breaking,55,5.14051923622131,-0.050515998660096074,87.79636363636365,0.5485439192264739,0.4195804675268069,0.3302928488856389,58.1
570632,"Ureña, José",SL,Breaking,243,5.140231602169538,-0.050526432754066986,87.53950617283952,0.49817962538151583,0.43567084879764134,0.3176928988347046,58.1
605447,"Romano, Jordan",SL,Breaking,454,5.139864650023057,-0.05053974415845594,85.8233480176211,0.5255264708784592,0.37522459088328364,0.3307859371491687,58.1
679885,"Martinez, Justin",SL,Breaking,31,5.138920448074026,-0.05057399563808042,91.46774193548387,0.42757070260266206,0.4715576575153366,0.3114083417317161,58.0
669020,"Rolison, Ryan",SL,Breaking,112,5.1389059840295905,-0.05057452032977778,85.46160714285713,0.4988371098488672,0.3571542982886832,0.3163609665962486,58.0
608372,"Sugano, Tomoyuki",FS,Offspeed,602,5.138644091044954,-0.05058402065143699,87.34152823920273,0.5228633677010511,0.46580096480704364,0.300194334256395,58.0
677958,"Rocker, Kumar",SL,Breaking,187,5.138400437480008,-0.05059285932744666,84.23957219251335,0.5055775138520784,0.4576712094135686,0.3114712751683183,57.9
677944,"Cecconi, Slade",CU,Breaking,346,5.138169742027327,-0.050601227940332116,75.51676300578036,0.41572936147045425,0.3878887836913619,0.3103822804493328,57.9
518886,"Kimbrel, Craig",KC,Breaking,44,5.1376915750353715,-0.05061857372848561,83.98863636363636,0.42926156167151036,0.44956570602732476,0.31529469613433975,57.9
663546,"Hjelle, Sean",KC,Breaking,91,5.137505070720721,-0.050625339281913775,85.76263736263735,0.4815305412315032,0.5025375308195801,0.292384975185125,57.8
668820,"Kranick, Max",SL,Breaking,213,5.13738210203784,-0.05062980004302597,89.94272300469487,0.5663714255910153,0.3350612218853101,0.34022858311340587,57.8
687362,"Gillispie, Connor",FF,Fastball,164,5.136650427352016,-0.05065634197149685,91.35243902439022,0.4392497857400908,0.30343784109553923,0.3365908626135053,57.8
662253,"Muñoz, Andrés",SL,Breaking,610,5.136480081121694,-0.05066252138093667,85.83245901639349,0.4499340963957335,0.4353639642703594,0.3122826089262018,57.7
669456,"Bieber, Shane",KC,Breaking,172,5.136412243410833,-0.05066498223369575,82.72209302325581,0.4934279711703962,0.39714789633604064,0.34115087209429773,57.7
623474,"Herget, Jimmy",ST,Breaking,405,5.136309307801419,-0.05066871628331526,77.7725925925926,0.5027748106445661,0.3434326481935596,0.31723155742980425,57.6
686973,"Varland, Louis",SL,Breaking,96,5.135736520310691,-0.05068949448557159,91.69270833333327,0.5042352801537376,0.4645327713258896,0.3185476549292598,57.6
571510,"Boyd, Matthew",CU,Breaking,332,5.135539234708874,-0.05069665113651664,73.53253012048197,0.36283752104265576,0.22636509134788213,0.329539959822587,57.6
696147,"Bachman, Sam",SI,Fastball,114,5.134760033758823,-0.05072491710810421,97.21228070175434,0.3646738846016487,0.22316184538659609,0.3385968885326857,57.5
605400,"Nola, Aaron",FC,Fastball,122,5.134757455442219,-0.05072501063805143,86.18524590163932,0.5114158821571776,0.3347173902910938,0.29827132323733696,57.5
682120,"Herrin, Tim",SL,Breaking,146,5.134305621584405,-0.05074140117631562,87.31301369863013,0.4699991395078549,0.4650638217755808,0.32004075833222956,57.5
682274,"Hiraldo, Yaramil",SL,Breaking,82,5.1342187053115484,-0.05074455411510371,86.5378048780488,0.48613955865286984,0.46742518840694885,0.3169827351727266,57.4
669194,"Nelson, Ryne",CU,Breaking,272,5.133785165511635,-0.05076028102568495,80.0095588235294,0.4416063945895225,0.3929375029674845,0.32102080104118697,57.4
663978,"Paddack, Chris",FF,Fastball,1177,5.133584819729444,-0.050767548686468364,93.73653355989815,0.5308235850698453,0.22519203952455752,0.3614406024263649,57.4
700249,"Povich, Cade",FF,Fastball,733,5.1334145289069735,-0.05077372608595588,92.22755798090041,0.481019639476189,0.24358047117984566,0.37824166159769845,57.3
621242,"Díaz, Edwin",SL,Breaking,505,5.13338289993904,-0.05077487344532292,89.12316831683174,0.4967800662862516,0.43744598264593637,0.31343188339848077,57.3
683627,"Molina, Anthony",SI,Fastball,29,5.133372889968351,-0.050775236562882346,94.91034482758621,0.2983161017930758,0.3235433057889345,0.28998515466117175,57.3
621107,"Eflin, Zach",ST,Breaking,162,5.132841782885225,-0.05079450278390097,79.22839506172838,0.4793428367216186,0.43251453904823217,0.31011823003145217,57.2
663878,"Pearson, Nate",FF,Fastball,137,5.132656118994648,-0.0508012378504527,97.47591240875913,0.5283874240680312,0.29130027278848625,0.36245596117808626,57.2
656186,"Altavilla, Dan",SL,Breaking,141,5.132106589534582,-0.05082117235400243,90.53758865248227,0.4925282007261603,0.4387200554278095,0.3190417220659647,57.2
663568,"Kolek, Stephen",CH,Offspeed,199,5.1303824939752944,-0.05088371493186978,87.4834170854271,0.4654512491705391,0.39031582568976647,0.28196782944953647,57.1
571578,"Corbin, Patrick",CH,Offspeed,240,5.12956707542913,-0.05091329471800368,81.55666666666669,0.4320162519181201,0.5455310702973039,0.29739066488375226,57.1
663559,"Falter, Bailey",CU,Breaking,259,5.1295111383637435,-0.05091532386786638,77.78764478764474,0.4354868868545893,0.3567542135542879,0.34706309494838017,57.1
622491,"Castillo, Luis",CH,Offspeed,356,5.12903973134052,-0.05093242443418859,87.14775280898874,0.4678887741525041,0.43526085361996497,0.2814152585009358,57.0
642121,"Sulser, Cole",CH,Offspeed,151,5.128722261351852,-0.05094394084427364,84.02913907284767,0.552106071555504,0.4917618432018318,0.3024943053951827,57.0
688107,"Gasser, Robert",SI,Fastball,29,5.127856137530593,-0.05097535999400821,92.80344827586205,0.27257746921606624,0.27980941793824776,0.318081940467908,57.0
664192,"Lucchesi, Joey",CU,Breaking,169,5.126494783045297,-0.05102474392661167,77.80887573964495,0.3750980727370993,0.42908625100464864,0.30782755487115043,56.9
808963,"Sasaki, Roki",ST,Breaking,97,5.126277287874126,-0.05103263369154103,81.92783505154637,0.3651335760911672,0.40512740832841293,0.3225317302820786,56.9
676755,"Mattson, Isaac",FF,Fastball,610,5.1257915512627426,-0.051050254072080366,93.8788524590163,0.519004627903106,0.25462387738467945,0.36130978229929295,56.9
471911,"Carrasco, Carlos",SL,Breaking,194,5.125712844015102,-0.051053109223662595,84.40206185567008,0.478897550837761,0.42626254017969023,0.31331608162552876,56.8
595345,"Okert, Steven",FF,Fastball,441,5.125075108764335,-0.05107624344401639,91.97823129251701,0.47110993549968183,0.24806755251095453,0.3715417406122806,56.8
622491,"Castillo, Luis",FF,Fastball,1474,5.124450831765758,-0.05109888945837703,94.97055630936227,0.522609757538567,0.2747425927384418,0.3545841107609873,56.8
680730,"Parker, Mitchell",CU,Breaking,594,5.1244486066736386,-0.05109897017489889,81.1382154882155,0.46619811565454766,0.33906937100721957,0.35173531665257923,56.7
668984,"Legumina, Casey",SI,Fastball,198,5.123994651220219,-0.05111543767528839,93.91818181818186,0.460328043557602,0.18167018716366432,0.3323194641562341,56.7
663423,"Thornton, Trent",CU,Breaking,123,5.123959391392663,-0.05111671674621841,80.96260162601628,0.480987375629855,0.3098135947948465,0.33647004901674243,56.7
676917,"Cavalli, Cade",FC,Fastball,63,5.123277132143003,-0.05114146610075254,93.64285714285714,0.4890991368482192,0.3175595789000434,0.29562460871622337,56.6
506433,"Darvish, Yu",FF,Fastball,198,5.123132580711367,-0.051146709788737234,93.88737373737372,0.4755306851282234,0.23973743479720647,0.36982398391384647,56.6
625643,"López, Reynaldo",SL,Breaking,59,5.122819951572928,-0.05115805059414058,82.96610169491525,0.44037759557317874,0.5464815091696623,0.2931270444611132,56.6
657277,"Webb, Logan",SI,Fastball,1104,5.122730190818424,-0.051161306718168924,92.5657608695652,0.36847462545072013,0.20332561945952327,0.33186012408901977,56.5
623167,"Flexen, Chris",SL,Breaking,60,5.12201449443602,-0.051187269024309624,80.98833333333336,0.5094644279542339,0.470932447114213,0.31724846070823065,56.5
608371,"Sims, Lucas",FF,Fastball,125,5.121916101584776,-0.051190838282711495,94.82560000000001,0.3876061510366436,0.3255219842477653,0.35227621696516065,56.5
645261,"Alcantara, Sandy",CH,Offspeed,671,5.121574911659046,-0.0512032151474288,90.42771982116257,0.5651462108450539,0.3970018162366662,0.2967111968037149,56.4
678368,"Bellozo, Valente",ST,Breaking,227,5.121116325491623,-0.05121985062968556,78.67577092511019,0.5043918579482534,0.4089324419790875,0.3087488277818028,56.4
621139,"Kriske, Brooks",FF,Fastball,133,5.120642547277997,-0.0512370372123304,93.38571428571433,0.3879966862750684,0.29177038807036865,0.3646236093474082,56.4
663559,"Falter, Bailey",SL,Breaking,369,5.1202416931911285,-0.05125157842949578,85.02601626016259,0.5247775337777804,0.40382062735257357,0.3209806938058768,56.3
579328,"Kikuchi, Yusei",CU,Breaking,481,5.1202219786307825,-0.051252293586738114,79.92349272349269,0.4758347091953662,0.3113544691796484,0.34445589901732515,56.3
615698,"Quantrill, Cal",FS,Offspeed,419,5.119846683312038,-0.05126590764459543,86.34176610978523,0.5292336543853109,0.3993013727330843,0.3004617253467899,56.3
670912,"Oviedo, Johan",CU,Breaking,105,5.119236292411218,-0.0512880499326133,77.74,0.40709277227788876,0.2953030333694562,0.33867792034175004,56.2
682120,"Herrin, Tim",CU,Breaking,312,5.119110083461929,-0.05129262823629032,81.30416666666669,0.45579975863592653,0.4278151408866803,0.3153204215093255,56.2
519326,"Strickland, Hunter",CH,Offspeed,30,5.119056306508272,-0.05129457902683288,87.65333333333334,0.4998767340491311,0.38448483825941604,0.28327216955045714,56.2
670990,"Ramírez, Yohan",FF,Fastball,270,5.118527386894749,-0.05131376589610828,96.4081481481482,0.4846302579127233,0.2750844748991294,0.36840906729489253,56.1
676760,"Marinaccio, Ron",FF,Fastball,111,5.1184920106097715,-0.051315049191599585,94.07027027027029,0.47318353275934694,0.2750995170363857,0.35199674476551024,56.1
554431,"Matzek, Tyler",SL,Breaking,42,5.118406612580864,-0.05131814705519771,84.35000000000001,0.5770056263224516,0.43410278619144016,0.3210284018929801,56.1
660853,"De Los Santos, Enyel",SL,Breaking,397,5.118314951283909,-0.05132147212251849,88.34911838790939,0.5079612684021639,0.4630825723056838,0.3047846562411292,56.0
608566,"Márquez, Germán",SL,Breaking,243,5.117055695133849,-0.051367152378114456,88.82016460905345,0.45030959672011944,0.42966314327992916,0.31628222262589745,56.0
667297,"Nance, Tommy",SL,Breaking,207,5.116990287351473,-0.0513695250837922,88.68212560386476,0.47204955752274,0.39498587919330314,0.3235504586481997,56.0
666120,"Anderson, Ian",CU,Breaking,28,5.1165731386811055,-0.05138465739653321,80.94285714285714,0.41983075502373834,0.4859534941203382,0.3209370004428359,55.9
678692,"Henriquez, Ronny",SL,Breaking,270,5.1163232167702,-0.051393723460470025,87.66851851851848,0.4965149013715399,0.44333704941773305,0.32703145130096095,55.9
628317,"Maeda, Kenta",FS,Offspeed,69,5.116253809004369,-0.051396241267894195,84.40289855072466,0.4672252117688045,0.4725831242988771,0.28861594738963275,55.9
687863,"Hodge, Porter",SL,Breaking,105,5.116129699108698,-0.05140074342716959,86.25999999999999,0.5430388881537473,0.4063023550566827,0.3188500705076471,55.8
605347,"López, Jorge",KC,Breaking,65,5.115481977684808,-0.051424239901812156,81.28615384615384,0.47128925281812095,0.28059775136775994,0.3361763066268701,55.8
693645,"Schlittler, Cam",FC,Fastball,294,5.115299181342915,-0.05143087094635313,92.33367346938773,0.4973420788316392,0.37862110525988757,0.3139619349656724,55.8
663765,"Woodford, Jake",FC,Fastball,62,5.115082103572452,-0.05143874556982715,88.96451612903225,0.43422333284983733,0.3522486292502504,0.311594507776965,55.7
453286,"Scherzer, Max",CU,Breaking,205,5.1148674251383985,-0.05144653315596518,76.77170731707315,0.4268674192437606,0.3053882941808603,0.3340242272440884,55.7
573204,"Thielbar, Caleb",SL,Breaking,131,5.114465293110537,-0.05146112073118978,88.69083969465649,0.5708952180004254,0.4065734164705131,0.30926943910272076,55.7
683232,"Mears, Nick",SL,Breaking,375,5.113704769420888,-0.051488709174198934,86.59999999999994,0.5645959299633626,0.44011057514467217,0.3212439348220799,55.6
621053,"Ferguson, Tyler",FC,Fastball,108,5.113623262800111,-0.05149166587468415,89.85555555555554,0.4617465831841746,0.28988660316989945,0.3393863667731382,55.6
700363,"Smith-Shawver, AJ",SL,Breaking,30,5.113153213978094,-0.05150871717146069,86.93333333333334,0.3949248612100947,0.4133078220723044,0.32887527590618354,55.6
669704,"Strowd, Kade",ST,Breaking,53,5.113112109915665,-0.05151020824543933,84.58301886792455,0.49350782874167365,0.3863474837685064,0.3178099070825176,55.5
693312,"Nicolas, Kyle",FF,Fastball,330,5.1130990774478615,-0.0515106810058547,97.60999999999997,0.4895394716638486,0.29342069998617304,0.35958379229108883,55.5
683004,"Leiter, Jack",SL,Breaking,621,5.112856497688015,-0.051519480728954,87.61545893719808,0.5035755078190121,0.4375776500333921,0.3190751618877744,55.5
656686,"Martin, Corbin",FF,Fastball,147,5.112588809525798,-0.05152919127408002,95.87619047619047,0.4890099439360888,0.30145514658958555,0.3535968048033055,55.4
663554,"Mize, Casey",FS,Offspeed,615,5.11253691172293,-0.05153107389732528,88.6107317073171,0.5737022347601898,0.42675510433073083,0.3085807107527355,55.4
641656,"Hamilton, Ian",SL,Breaking,245,5.112515518340225,-0.0515318499548336,87.85714285714286,0.46927362140003576,0.5240394268247521,0.2933751375189854,55.4
642546,"Hernández, Jonathan",SL,Breaking,28,5.111955830351128,-0.05155215296498346,88.68928571428572,0.5603231132532469,0.5106766932701808,0.31439429779276323,55.3
663436,"Martin, Davis",ST,Breaking,107,5.111686332017907,-0.05156192917512431,83.4785046728972,0.45847146574325354,0.46702004598217356,0.3184331068883738,55.3
641401,"Brogdon, Connor",FC,Fastball,136,5.111059329868623,-0.05158467404592533,86.81470588235295,0.40023485294274075,0.3874811347759262,0.3217276119806818,55.3
641401,"Brogdon, Connor",FF,Fastball,352,5.110982917567832,-0.051587445946964294,95.46392045454546,0.48539230840997777,0.27089798277861016,0.3698098697133883,55.2
669432,"Rogers, Trevor",FC,Fastball,191,5.110502839283674,-0.051604861068363934,81.2303664921466,0.4330294092675812,0.4184862746803116,0.3232026056853788,55.2
614179,"Ruiz, José",CH,Offspeed,52,5.1104367456386735,-0.05160725865411074,88.94615384615386,0.5675933728217485,0.4230709839129705,0.3035659214357423,55.2
804636,"Tong, Jonah",CU,Breaking,46,5.109177631256417,-0.05165293376699642,77.4608695652174,0.47819409344957015,0.3405153159269386,0.3222130245645081,55.1
641941,"Pagán, Emilio",FS,Offspeed,219,5.108136076334853,-0.051690716782812486,83.87990867579907,0.5500434816625422,0.4249948704838109,0.30983432889613716,55.1
500779,"Quintana, Jose",CU,Breaking,310,5.1078710081693695,-0.051700332286019564,78.22741935483872,0.42857254293307767,0.3688248102438771,0.3258323278293169,55.1
669020,"Rolison, Ryan",CU,Breaking,226,5.107793471744957,-0.051703144965302664,79.50530973451328,0.43143636844428024,0.32425478707700717,0.3303721761629529,55.0
685326,"Brown, McCade",FF,Fastball,286,5.107786101016226,-0.05170341234281145,94.33986013986022,0.4626980917335817,0.2842818871030606,0.36183736479791845,55.0
690990,"Horton, Cade",ST,Breaking,387,5.107606600922037,-0.051709923814033346,83.36072351421183,0.4902486131252476,0.4562439607066072,0.31319964285312807,55.0
694477,"Patrick, Chad",CH,Offspeed,134,5.107422772323819,-0.05171659230427812,88.69850746268656,0.41644778684148626,0.46125794020712446,0.2884901541142417,54.9
660730,"Rodríguez, Elvin",CU,Breaking,70,5.107111760279086,-0.05172787444865848,78.68428571428568,0.40938044286747766,0.36999435745835174,0.3267637414589891,54.9
594902,"Lively, Ben",ST,Breaking,78,5.106969096046799,-0.0517330496773798,78.50641025641026,0.45887634456930815,0.3712301579326735,0.3202795143963826,54.9
621112,"Blackburn, Paul",FF,Fastball,26,5.10601078468101,-0.0517678129843747,92.4769230769231,0.3809054738237153,0.28849161956668057,0.35174606559566945,54.8
806185,"Birdsong, Hayden",CH,Offspeed,201,5.1055045242742585,-0.05178617787763126,88.7208955223881,0.48374005826884503,0.49232056620025677,0.3077822894096677,54.8
663878,"Pearson, Nate",SL,Breaking,107,5.105373893290719,-0.0517909165931949,89.41775700934578,0.5035945974437566,0.4117468469676435,0.3323207562339062,54.8
673513,"Matsui, Yuki",FS,Offspeed,348,5.105260015775202,-0.051795047566877375,83.98275862068961,0.5077400488391192,0.49270092045238156,0.30089027610138996,54.7
608032,"Estévez, Carlos",SL,Breaking,339,5.104829880328339,-0.051810650982554655,87.31327433628317,0.48365804915081634,0.3782792179307928,0.33063875701164575,54.7
676272,"Miller, Bobby",FF,Fastball,31,5.104658844888813,-0.05181685539346277,97.59032258064516,0.5284960396179413,0.18750222916209033,0.3733560051951376,54.7
675911,"Strider, Spencer",FF,Fastball,1081,5.103950193095092,-0.05184256215301615,95.50379278445862,0.5037677896218211,0.2647021503291688,0.3708402715850797,54.6
681151,"Murray, Jayden",FF,Fastball,83,5.103606355152001,-0.051855035076116905,96.17228915662649,0.5055595612062811,0.27654534219761107,0.3511632955207419,54.6
615698,"Quantrill, Cal",SL,Breaking,168,5.103173797162537,-0.05187072637094838,85.00654761904757,0.4912842983865281,0.45782693444137496,0.3089654250459633,54.6
694477,"Patrick, Chad",SV,Breaking,55,5.10279307089642,-0.0518845374396078,85.67272727272723,0.37531938743100574,0.6375834222914492,0.29089375624023417,54.5
674370,"Bido, Osvaldo",SL,Breaking,411,5.102446850447735,-0.051897096789496826,85.24695863746953,0.5328747438995443,0.40788702013098016,0.3233667799738219,54.5
683004,"Leiter, Jack",SI,Fastball,323,5.101136886445984,-0.05194461650216098,96.16068111455108,0.4682052358641222,0.27352816200382274,0.3441241894813235,54.5
664991,"Wolfram, Grant",ST,Breaking,28,5.100161596752586,-0.05197999570795035,84.69642857142858,0.4477548302588801,0.4245101363699727,0.29181639919780744,54.4
687606,"Schultz, Paxton",CH,Offspeed,87,5.099918154641168,-0.05198882671335918,86.33218390804599,0.4577661047842585,0.4742278245757202,0.2910814588691417,54.4
676571,"Poulin, PJ",SI,Fastball,49,5.0995156075802655,-0.05200342934415087,89.78367346938774,0.5594898455093407,0.22705663789886613,0.29616051251714665,54.4
689017,"Knack, Landon",FF,Fastball,361,5.097579680811864,-0.0520736562234013,93.04432132963991,0.503623964275292,0.24978014833468407,0.3646997968288449,54.3
673965,"Freeman, Caleb",CU,Breaking,32,5.09728027240654,-0.05208451743895478,82.80937500000002,0.3375459193608267,0.33406573501636105,0.32425033835772477,54.3
801403,"Dollander, Chase",CU,Breaking,379,5.096520827417671,-0.05211206675146029,79.20290237467015,0.4194264380041749,0.40256257676763096,0.303824951275618,54.3
669084,"Hall, DL",CU,Breaking,56,5.096390088731591,-0.0521168093739968,79.98928571428571,0.426488221810235,0.3534116182544271,0.3281709480586296,54.2
671106,"Allen, Logan",FC,Fastball,306,5.096369561612576,-0.05211755400728161,85.67973856209144,0.4626724803842071,0.32671912134307846,0.33508003829826716,54.2
621111,"Buehler, Walker",FF,Fastball,554,5.094651041372352,-0.05217989433717887,93.98772563176901,0.42018039655306205,0.28929412787282327,0.3592790461784097,54.2
702056,"Yesavage, Trey",FF,Fastball,272,5.093461397785099,-0.052223049356220186,94.31323529411759,0.45276215658826285,0.24638235524438928,0.34850491537416795,54.1
669704,"Strowd, Kade",FC,Fastball,167,5.093457529485711,-0.05222318968104984,91.74910179640717,0.4778573968372963,0.398087040908003,0.31797350903575244,54.1
641540,"Dunning, Dane",SL,Breaking,46,5.093220340124559,-0.052231793864274755,80.38695652173912,0.484688951450956,0.431983858898262,0.29398219557088223,54.1
571927,"Matz, Steven",SI,Fastball,698,5.091978988295224,-0.05227682463013251,94.5183381088826,0.46218850379880894,0.20929254189713298,0.34171205348934697,54.0
640448,"Finnegan, Kyle",FS,Offspeed,382,5.09084106007447,-0.05231810364391498,87.39685863874341,0.556462459914555,0.45412400047954304,0.3141082698610714,54.0
677955,"Hill, Jaden",FF,Fastball,113,5.090194951728023,-0.052341541603226974,96.68407079646018,0.44808963222288506,0.28487404722738596,0.33492561012965527,54.0
664126,"Fairbanks, Pete",FF,Fastball,511,5.09009222733779,-0.05234526799074665,97.31330724070459,0.5243734808334942,0.24232208308612505,0.3411162193872238,53.9
650911,"Sánchez, Cristopher",CH,Offspeed,1163,5.090005345192179,-0.052348419691548735,86.31573516766986,0.5359224389377444,0.4257290287923525,0.30625851276168514,53.9
694918,"Tidwell, Blade",FF,Fastball,121,5.089824347609376,-0.0523549854850487,95.80578512396697,0.48830904975008677,0.24942303751441885,0.3601310488155584,53.9
663321,"Hernandez, Nick",FF,Fastball,95,5.089542608133786,-0.05236520574981043,91.3221052631579,0.385153053448439,0.32499241697442843,0.34555865131173047,53.8
669199,"Bachar, Lake",FS,Offspeed,147,5.089192467766159,-0.05237790729705864,83.85986394557828,0.46411092339646637,0.450041909838354,0.28994587066683625,53.8
672335,"Pérez, Cionel",SL,Breaking,104,5.08848689363007,-0.05240350241277592,88.18365384615383,0.5433336026545578,0.4035358641519012,0.3306591980203136,53.8
676263,"Dreyer, Jack",SL,Breaking,561,5.088409402276859,-0.052406313457074645,88.05490196078436,0.5365358580480346,0.4518058414559424,0.33103151442663536,53.7
668964,"Myers, Tobias",FS,Offspeed,133,5.08834916261461,-0.05240849868616272,83.06466165413532,0.5479824510586694,0.3820285754519623,0.3264358023331206,53.7
663893,"Little, Brendon",FC,Fastball,131,5.087463490435878,-0.05244062696403278,93.5541984732824,0.4667056255039366,0.35401072551387464,0.3044967329648959,53.7
664076,"Cleavinger, Garrett",SI,Fastball,330,5.0871888398785305,-0.052450590074126356,96.30121212121207,0.4304186500741875,0.25888273908063175,0.3150410219753052,53.6
642759,"Fernández, Julian",FF,Fastball,52,5.086105522095734,-0.052489888062234306,97.35576923076925,0.5493634275956489,0.2273178002605659,0.3720280045185864,53.6
605463,"Scott, Tayler",ST,Breaking,79,5.085641999859213,-0.05250670260329313,82.7620253164557,0.37470307737238573,0.3816891905931099,0.33850485149816045,53.6
686730,"Spiers, Carson",FF,Fastball,41,5.085627320660937,-0.05250723509982219,92.15365853658537,0.4661900887586674,0.29848524099270524,0.3559149138519642,53.5
663671,"Enright, Nic",FF,Fastball,353,5.085339932522643,-0.05251766027313725,93.17025495750701,0.4874275920381887,0.23764040905593087,0.3540886866377936,53.5
669620,"Basso, Brady",CU,Breaking,36,5.084939374069069,-0.05253219076603147,77.7472222222222,0.47708507290513125,0.35726080715264796,0.32185390803387265,53.5
687424,"Maldonado, Anthony",FF,Fastball,62,5.08482186094991,-0.05253645362336894,92.54838709677419,0.3684665032483771,0.1964115175265539,0.3608630201119854,53.4
664299,"Javier, Cristian",FF,Fastball,246,5.08443105368951,-0.052550630386010266,92.8711382113821,0.4775021463613316,0.3404671038299107,0.3454526823112853,53.4
670912,"Oviedo, Johan",CH,Offspeed,39,5.084375069678174,-0.05255266123886479,88.5769230769231,0.33981940166971564,0.361341257859791,0.29978833010793077,53.4
477132,"Kershaw, Clayton",CU,Breaking,323,5.083952868256755,-0.05256797684311448,72.34922600619196,0.41631457276113115,0.3654583098058161,0.31658334591085513,53.3
691587,"Pérez, Eury",SL,Breaking,366,5.0837553369465125,-0.05257514240727681,86.08442622950815,0.49637052188639835,0.4818882450770937,0.31503153095278597,53.3
672456,"Montero, Keider",KC,Breaking,240,5.083600208375144,-0.05258076978721071,79.13416666666662,0.4614217967307552,0.332937105957625,0.32260058805894926,53.3
642100,"Speier, Gabe",SI,Fastball,302,5.083167041932509,-0.0525964831540378,94.40264900662253,0.465172250899042,0.18831453624523706,0.3027503106144989,53.2
802419,"Harrington, Thomas",FS,Offspeed,57,5.083166680719577,-0.052596496257248784,83.11754385964909,0.5104514700161441,0.45536005022931836,0.30385912781507785,53.2
663855,"Hicks, Jordan",FS,Offspeed,81,5.082670547634829,-0.05261449377595838,89.19259259259255,0.5042351395061746,0.5072870351327868,0.29526093845770274,53.2
663574,"Santillan, Tony",FF,Fastball,821,5.08258923690124,-0.05261744337052106,96.24981729598046,0.5285588975613514,0.29193382400131584,0.36129698719947045,53.1
664126,"Fairbanks, Pete",FC,Fastball,41,5.082462020184269,-0.05262205823156174,90.55365853658535,0.6264689646888384,0.32005690150707994,0.31753618753851687,53.1
680755,"Fisher, Braydon",FF,Fastball,201,5.081906262571795,-0.0526422186649938,95.57611940298511,0.4651625604354502,0.30303253435866756,0.34355927855186197,53.1
434378,"Verlander, Justin",ST,Breaking,206,5.08118635609082,-0.05266833369492981,80.66796116504854,0.47292568332670837,0.37454206761396475,0.3108847187133789,53.0
663460,"Bubic, Kris",FF,Fastball,746,5.081185305580497,-0.05266837180280816,92.16126005361933,0.507431853967257,0.250202841560866,0.3662898435472741,53.0
663687,"Harris, Hogan",ST,Breaking,35,5.080440147072684,-0.05269540286483212,78.17999999999999,0.48837752540293017,0.49754808930234357,0.2794610035978951,53.0
543135,"Eovaldi, Nathan",FF,Fastball,432,5.079402935509857,-0.05273302832276204,94.1157407407408,0.4558773567456887,0.2095090104255738,0.3692172086713202,52.9
623474,"Herget, Jimmy",SL,Breaking,371,5.079382899862111,-0.05273375512763806,85.45390835579506,0.4698523449676315,0.3747707044130448,0.33430792262634673,52.9
664351,"Contreras, Luis",FF,Fastball,134,5.079029643003935,-0.05274656972740939,91.08731343283586,0.48611307205283677,0.27577791266898394,0.3575490580056988,52.9
670970,"Morejon, Adrian",SI,Fastball,669,5.078191078765732,-0.05277698913710068,97.70702541106118,0.5208706937314481,0.21669031981117454,0.31239043836062963,52.8
669923,"Kirby, George",SI,Fastball,671,5.077853651834735,-0.05278922949697646,96.35991058122205,0.3882514622357139,0.21359275475863734,0.31615411737671484,52.8
681892,"Funderburk, Kody",SL,Breaking,78,5.07708624969946,-0.05281706745963618,86.31153846153849,0.4753856963175589,0.4047565504391357,0.32123608592629194,52.8
624133,"Suarez, Ranger",CU,Breaking,404,5.076396849390209,-0.05284207586029616,74.01336633663364,0.466048850485244,0.3014173336708497,0.3349787029637049,52.7
682847,"Ortiz, Luis",SL,Breaking,407,5.0761462181524575,-0.05285116765548062,85.43636363636364,0.4911110908266125,0.4288284436834696,0.31208307601909235,52.7
592836,"Walker, Taijuan",SL,Breaking,254,5.076058961014735,-0.05285433295934142,83.60944881889759,0.5190602603808353,0.44968553342286877,0.30268583766333196,52.7
700241,"McGreevy, Michael",FC,Fastball,149,5.075966533434111,-0.052857685824052064,88.58523489932888,0.5326885199116619,0.30176997917277737,0.34341371763558237,52.6
690544,"Horn, Bailey",FF,Fastball,76,5.075947488068391,-0.05285837670586662,95.48421052631579,0.5229366190492729,0.22627580607273856,0.3558875109545406,52.6
669276,"Lee, Dylan",SL,Breaking,612,5.0759009064104,-0.05286006648283746,85.97745098039213,0.5261629809055934,0.46237416258839487,0.32136505629228557,52.6
685326,"Brown, McCade",KC,Breaking,90,5.075711086197441,-0.05286695232242241,78.71111111111111,0.3771934530021572,0.3265043198721276,0.31112406098586826,52.5
669358,"Baz, Shane",KC,Breaking,731,5.074265257843799,-0.05291940059415747,84.97564979480168,0.4910193860443713,0.343916519649323,0.3254549176547119,52.5
681676,"Fernandez, Ryan",SL,Breaking,257,5.073122065947359,-0.052960870550862946,86.60544747081707,0.5247727168818087,0.4581885109269511,0.3142593192079312,52.5
670280,"Bednar, David",CU,Breaking,416,5.073068344894683,-0.05296281931356484,77.62860576923084,0.4216304871442877,0.34643092143614446,0.3263170090991645,52.4
656186,"Altavilla, Dan",FF,Fastball,135,5.072796891425809,-0.05297266644739854,95.9259259259259,0.4294340669584017,0.33336698377199586,0.35089557321106163,52.4
669372,"Ginn, J.T.",FC,Fastball,210,5.07270586780181,-0.05297596838275889,91.95809523809517,0.42674099587103764,0.3386217712797922,0.3100935500207926,52.4
668881,"Greene, Hunter",FS,Offspeed,204,5.072523830487978,-0.05298257189311174,88.3397058823529,0.4671623032703782,0.4879817408606355,0.3064381484382899,52.3
664875,"Lawrence, Justin",SI,Fastball,115,5.072231021223314,-0.052993193720966246,95.01478260869565,0.3920987197762222,0.27005708300934606,0.29538212415425935,52.3
605400,"Nola, Aaron",SI,Fastball,297,5.071832228091733,-0.05300766017576955,90.70606060606059,0.4055139115780148,0.1893230955350539,0.3308753615212859,52.3
664139,"Gibaut, Ian",FF,Fastball,217,5.071695769927675,-0.05301261027572484,94.07004608294937,0.5055506028209392,0.2459702330185768,0.37143750742020326,52.2
686751,"Johnson, Seth",SL,Breaking,73,5.071547189526395,-0.053018000116947156,87.94520547945206,0.5513821120577028,0.356213013697635,0.34367276222244947,52.2
671212,"Boyle, Joe",SL,Breaking,328,5.0712424267357425,-0.05302905556596965,90.84329268292687,0.5182780092855714,0.3711350911937222,0.3269175972133054,52.2
701487,"Ohl, Pierson",FC,Fastball,64,5.0709918011294635,-0.05303814715686882,85.2875,0.40017832426027183,0.46827496796674417,0.30328613808850113,52.1
608717,"Stratton, Chris",CH,Offspeed,83,5.070779485965921,-0.05304584901398282,84.73614457831327,0.46928836079372155,0.5078960121003254,0.2952392904999914,52.1
669923,"Kirby, George",FF,Fastball,661,5.069936233227058,-0.05307643850178582,96.21633888048412,0.4915321934908544,0.2840853795694258,0.3469945114792014,52.1
687396,"Headrick, Brent",SL,Breaking,95,5.069593206139055,-0.05308888201064267,81.87263157894738,0.5416845261703922,0.455978892452975,0.3086712340699261,52.0
500779,"Quintana, Jose",SV,Breaking,202,5.069344251806583,-0.0530979129751042,78.6519801980198,0.4113642026337263,0.5096837856923985,0.2797744502972202,52.0
593423,"Montas, Frankie",FC,Fastball,72,5.069232965637715,-0.053101949946166724,91.40138888888889,0.471895462864184,0.3444664181332344,0.3094318425599536,52.0
657277,"Webb, Logan",FF,Fastball,258,5.069035409928449,-0.053109116395418085,92.77209302325579,0.49243442486776146,0.3308655973023846,0.33495204363027936,51.9
683409,"Chivilli, Angel",SL,Breaking,184,5.068953471405608,-0.053112088763403904,90.18260869565215,0.5312886536555304,0.47707715180745425,0.30103573670432204,51.9
605130,"Barlow, Scott",SL,Breaking,252,5.068928743854533,-0.0531129857698256,84.26150793650804,0.47794994706468624,0.4660862608202136,0.31501020223279186,51.9
641386,"Bowden, Ben",SL,Breaking,53,5.068491515677382,-0.0531288464784553,83.99811320754722,0.5424924738528565,0.4302954804919015,0.3077076216790531,51.8
660787,"De los Santos, Yerry",CH,Offspeed,168,5.067879743417739,-0.05315103887607479,88.23988095238096,0.5325419611436805,0.4373995464076159,0.2993073226490398,51.8
669212,"Morgan, Eli",CH,Offspeed,47,5.067333839425463,-0.05317084186365358,79.41914893617022,0.48625311728672815,0.40119993974286844,0.299464182680575,51.8
666659,"Lao, Sauryn",SL,Breaking,89,5.066983992245945,-0.053183532775331055,86.85168539325842,0.4902939814397871,0.475439143651273,0.3055488300525953,51.7
687362,"Gillispie, Connor",ST,Breaking,166,5.066541283412129,-0.05319959229799649,81.18855421686747,0.45538078395489445,0.3631101776514268,0.32586866591736957,51.7
666157,"Lodolo, Nick",SI,Fastball,560,5.066329011892885,-0.05320729257188782,93.69196428571429,0.4661968933020281,0.19403324946670253,0.32265627614908765,51.7
641927,"Ober, Bailey",CH,Offspeed,690,5.06616875324077,-0.05321310604851025,83.27144927536216,0.5614044956006413,0.40047998753997716,0.30475800523716473,51.6
606930,"Barnes, Jacob",FF,Fastball,54,5.066131037728023,-0.053214474200861166,94.1351851851852,0.45585771289737476,0.26996552230869697,0.3679040195830371,51.6
702056,"Yesavage, Trey",SL,Breaking,221,5.065537392033839,-0.05323600904668456,88.4633484162896,0.5113247450401147,0.4502868889470912,0.3149439718247268,51.6
674841,"Alvarez, Andrew",CU,Breaking,113,5.065238508393131,-0.053246851226093794,82.4557522123894,0.5299898220014112,0.3307784538318228,0.3349847937276371,51.5
688297,"Roycroft, Chris",FC,Fastball,92,5.064913539806498,-0.05325863965221926,88.36195652173913,0.45454242597113764,0.41711945283502966,0.30261353487651776,51.5
527048,"Pérez, Martín",CU,Breaking,81,5.064825867516051,-0.053261820015988844,76.36790123456791,0.3954887989880767,0.3390721388528762,0.3259926158208211,51.5
641656,"Hamilton, Ian",FF,Fastball,87,5.064245723837006,-0.053282865068292024,95.42068965517242,0.5116788933225278,0.22322688623251138,0.3482783829162885,51.4
695445,"Lee, Chase",FF,Fastball,126,5.063429524924819,-0.053312473162661175,89.4531746031746,0.517390498818379,0.30776118944091424,0.3426808285770039,51.4
641793,"Littell, Zack",ST,Breaking,155,5.06291801120813,-0.05333102862281752,79.43032258064517,0.4183875779957278,0.3588586901946809,0.31093679727386087,51.4
671109,"Eder, Jake",ST,Breaking,59,5.062891029387747,-0.05333200740418104,82.98474576271182,0.490815116793219,0.4044827236986211,0.30959806882103874,51.3
642121,"Sulser, Cole",FF,Fastball,153,5.061071325740016,-0.053398018221545863,92.93529411764709,0.5672065923508055,0.2523698698926273,0.37744196260926116,51.3
677944,"Cecconi, Slade",SL,Breaking,383,5.0607846848966425,-0.053408416286299276,84.26109660574409,0.4836844199309563,0.4520119354744598,0.3105541640981484,51.3
674384,"Núñez, Eduarniel",FF,Fastball,155,5.060766744035912,-0.053409067101547546,98.07612903225802,0.44553584835054216,0.3474376904251685,0.34348442201545665,51.2
642701,"Santana, Dennis",SL,Breaking,466,5.0603518176325135,-0.05342411880025091,86.95922746781117,0.5609279792953317,0.4114158429676206,0.31972453809542434,51.2
680736,"Wrobleski, Justin",CH,Offspeed,36,5.060309548013298,-0.05342565215548551,88.06111111111112,0.36219854851651906,0.5042840630229772,0.2832264133396867,51.2
656457,"Gilbert, Tyler",FF,Fastball,102,5.0597782306036825,-0.053444926006220916,90.528431372549,0.45481897737207183,0.28301897038683255,0.35172632920158353,51.1
657756,"Seabold, Connor",FC,Fastball,40,5.059693976731976,-0.05344798236484518,86.36250000000001,0.43539777591833406,0.4065281764156582,0.32927491308486323,51.1
692285,"Guerrero, Luis",FF,Fastball,107,5.057813433349473,-0.05351620017928107,96.49065420560747,0.4047757484110995,0.3060522900384258,0.35634026517163886,51.1
573009,"Mantiply, Joe",CU,Breaking,73,5.056924971003405,-0.05354842967210802,78.6849315068493,0.4343164143717445,0.36426249329299143,0.32605402205623535,51.0
660730,"Rodríguez, Elvin",ST,Breaking,34,5.056683262330527,-0.053557197796017066,82.18235294117645,0.4688696744271071,0.45162515549900734,0.31218447115528547,51.0
622780,"Perdomo, Angel",SL,Breaking,35,5.056272604847962,-0.05357209463711253,83.78,0.36596141039414437,0.38041131258074096,0.3162919827485315,51.0
642121,"Sulser, Cole",FC,Fastball,81,5.055669252601077,-0.05359398159382963,87.56049382716049,0.4521016699504239,0.4007763978362037,0.31138169678513294,50.9
681751,"Estrada, Lazaro",FF,Fastball,58,5.054612486089111,-0.053632316419011554,93.66034482758623,0.5162503556580329,0.24166664544368438,0.3660101598520328,50.9
683769,"Gaddis, Hunter",FF,Fastball,360,5.053838622899916,-0.053660388760192565,94.6822222222223,0.5280540769353504,0.24771235840621805,0.3665718387842535,50.9
681347,"Burrows, Mike",SL,Breaking,300,5.053695139218997,-0.053665593714893906,87.27699999999999,0.5162163006559624,0.43794439259937823,0.3092344683835873,50.8
663687,"Harris, Hogan",FC,Fastball,29,5.053308696518387,-0.05367961215056793,89.05862068965517,0.47861051173098623,0.28165439064440473,0.3279129211567713,50.8
663372,"Feltner, Ryan",CH,Offspeed,106,5.052637130133364,-0.05370397361516439,84.73396226415093,0.4008666691913864,0.4787784819025662,0.3015686849882232,50.8
500779,"Quintana, Jose",CH,Offspeed,497,5.052226297052058,-0.05371887682620729,85.63762575452718,0.4664481124065995,0.4883668950799779,0.28733150624680814,50.7
668964,"Myers, Tobias",FC,Fastball,173,5.050854765395023,-0.053768629941685867,87.72485549132954,0.4374512625712268,0.35101144889965596,0.3251293571085044,50.7
670912,"Oviedo, Johan",SL,Breaking,214,5.050811703849786,-0.053770192024501826,86.71495327102802,0.5021551464283781,0.38839029884103493,0.3381314368522178,50.7
594902,"Lively, Ben",CU,Breaking,51,5.050810363993101,-0.05377024062858912,77.27450980392157,0.48293888890743614,0.32270036099900834,0.32380302593495713,50.6
684320,"Rodríguez, Yariel",FF,Fastball,491,5.050528452003902,-0.05378046715138316,95.6875763747454,0.40853378661926165,0.2999937122781419,0.34241251591321825,50.6
670102,"Francis, Bowden",FF,Fastball,689,5.050526941378192,-0.05378052195021699,92.46865021770681,0.4981537896562423,0.2271686354384599,0.3644267084007092,50.6
607625,"Lugo, Seth",SV,Breaking,230,5.04993766388891,-0.05380189833684501,79.04608695652176,0.3822310777747078,0.2809444526376881,0.3403388290801152,50.5
445926,"Chavez, Jesse",FC,Fastball,72,5.048949495418807,-0.0538377447278148,87.77500000000002,0.4432867298941583,0.2874793907873392,0.3454641682864426,50.5
682825,"Mey, Luis",SL,Breaking,104,5.048909019168668,-0.05383921302753431,86.55000000000003,0.4736120524924311,0.4307622566686474,0.3061417306095923,50.5
594798,"deGrom, Jacob",CH,Offspeed,307,5.048693527393093,-0.05384703011811335,89.7713355048861,0.4435525009365664,0.4488192445599813,0.2856465410768936,50.4
471911,"Carrasco, Carlos",CH,Offspeed,166,5.048467413395478,-0.0538552325360284,84.87710843373492,0.5676494976677736,0.44134784764088536,0.3013720215887968,50.4
548384,"Raley, Brooks",FC,Fastball,78,5.0484491563444935,-0.0538558948212634,87.12435897435897,0.49490749612634305,0.30516887430669315,0.34021508898070324,50.4
663903,"Singer, Brady",FC,Fastball,280,5.047617513509315,-0.05388606315299912,87.57000000000001,0.44031886883342103,0.37895664899052445,0.31606678223428125,50.3
663687,"Harris, Hogan",FF,Fastball,639,5.0475214175906675,-0.05388954908882387,93.45007824726126,0.5229299334295323,0.2197083204152461,0.36902505482985826,50.3
670036,"Festa, Matt",SI,Fastball,66,5.04751390963077,-0.05388982144447346,93.15303030303028,0.4458276087837449,0.25048219528974724,0.33673011686966686,50.3
519326,"Strickland, Hunter",SL,Breaking,111,5.047481582050985,-0.053890994146395414,84.90540540540543,0.46535798269780554,0.3794296235279966,0.3271904346676178,50.2
607536,"Freeland, Kyle",ST,Breaking,328,5.046467812924724,-0.053927769216186174,83.58902439024392,0.5708376625973951,0.37251300754364913,0.31668324683316973,50.2
695534,"Petty, Chase",FF,Fastball,37,5.046427126293307,-0.05392924514760997,96.46216216216216,0.33773228002133404,0.2924872289813613,0.32697167133834465,50.2
685801,"Bigge, Hunter",SL,Breaking,108,5.046097721465396,-0.05394119450099035,89.0675925925926,0.5025326460847264,0.47328786528967276,0.31018735255205904,50.1
672582,"Zerpa, Angel",SI,Fastball,489,5.0456638334481765,-0.05395693404335888,96.61799591002054,0.47833038628505903,0.18873557827600718,0.29342053834703163,50.1
663436,"Martin, Davis",FC,Fastball,41,5.04552706489083,-0.05396189540301288,90.00731707317073,0.567296599265492,0.28494576942810096,0.34157880091388826,50.1
694973,"Skenes, Paul",FF,Fastball,1189,5.044824473043863,-0.05398738233444285,98.18511354079057,0.5270541262498628,0.23671692504198147,0.3524363537308043,50.0
641927,"Ober, Bailey",SL,Breaking,427,5.044332193701112,-0.05400524005640038,83.6519906323185,0.537128622418568,0.39816316685388,0.32205848942582027,50.0
642048,"Saucedo, Tayler",SL,Breaking,28,5.044174019965506,-0.05401097790145347,83.00357142857142,0.45732910410086297,0.4702831025340986,0.3159161203137613,49.9
676106,"Hancock, Emerson",CH,Offspeed,298,5.043571359427767,-0.05403283976601552,86.51711409395972,0.47085700864590335,0.47781160315610594,0.28684304757467577,49.9
694363,"Shuster, Jared",SL,Breaking,88,5.043448304632968,-0.0540373036508879,85.83409090909089,0.5170959566863602,0.3774535421791981,0.3270271235464107,49.9
687003,"Van Belle, Brian",CH,Offspeed,56,5.042794762656939,-0.05406101126947389,84.32678571428573,0.6169488697828249,0.38287681985288824,0.3173838266050736,49.8
669724,"Hanifee, Brenan",CH,Offspeed,44,5.042659733872962,-0.054065909517828345,89.70227272727271,0.36942284854543456,0.5697776448369226,0.2695669908941854,49.8
596295,"Gomber, Austin",KC,Breaking,248,5.0423430605091735,-0.05407739702987881,76.03064516129034,0.46425842105656534,0.2992638428427951,0.34149794409469336,49.8
663465,"Allard, Kolby",CU,Breaking,135,5.04209349977208,-0.05408644999202361,72.08296296296297,0.40007379423895373,0.2872496654336108,0.3156804213187839,49.7
669674,"Long, Sam",CU,Breaking,150,5.041574140972161,-0.05410529003717661,76.72066666666663,0.400942009557463,0.31192918906817807,0.32880105304491763,49.7
685126,"Eisert, Brandon",SI,Fastball,41,5.0404884596336235,-0.054144673764655475,87.99756097560979,0.4197391901538354,0.23695759982507833,0.2669482399411029,49.7
592662,"Ray, Robbie",SL,Breaking,713,5.040156574443175,-0.054156713094641845,87.85834502103786,0.5127230372160869,0.4385090437838047,0.3300977020449659,49.6
543518,"McGough, Scott",FS,Offspeed,109,5.039666699676018,-0.054174483589209586,84.87798165137612,0.5039846815377254,0.4782461918284894,0.30249664322441067,49.6
672841,"Vargas, Carlos",FC,Fastball,187,5.039496992858843,-0.05418063980356242,95.2197860962567,0.5359270926410143,0.3262219180258962,0.3117016619529561,49.6
656222,"Beeks, Jalen",FC,Fastball,92,5.039214954260515,-0.0541908709191769,84.16521739130435,0.39311754525252557,0.4649300615916871,0.2965089235255288,49.5
670912,"Oviedo, Johan",SI,Fastball,61,5.039205467121585,-0.054191215070707247,95.10327868852457,0.31968147209669134,0.3475536730798974,0.29057819872531343,49.5
672578,"Hernández, Carlos",FS,Offspeed,151,5.038246175917742,-0.0542260139219025,88.81523178807952,0.5196890394218471,0.4417262727262449,0.3195734328343853,49.5
571945,"Mikolas, Miles",SL,Breaking,580,5.038089806725235,-0.05423168630609591,87.775,0.5270424832826622,0.35855922638181487,0.3192253060829756,49.4
808967,"Yamamoto, Yoshinobu",SL,Breaking,90,5.037467908783632,-0.05425424601876876,86.45111111111109,0.6091462895676186,0.43839493769188054,0.30655808539460216,49.4
671305,"Otañez, Michel",FF,Fastball,51,5.037286823657802,-0.05426081498794324,97.38823529411765,0.4062197630892106,0.3663340246121359,0.3575137923900027,49.4
801139,"Tolle, Payton",SL,Breaking,29,5.036918454210496,-0.05427417780575115,88.59655172413792,0.5759754282573023,0.4047975884637161,0.3249265224645309,49.3
669713,"Wesneski, Hayden",FC,Fastball,58,5.036517967251286,-0.05428870570514525,88.29137931034481,0.5364908576310731,0.3087268912821241,0.33405048597782,49.3
686799,"Kochanowicz, Jack",ST,Breaking,106,5.035277960165991,-0.05433368768962426,82.36981132075472,0.36590457265146215,0.4344817387107279,0.30838740079456367,49.3
688138,"Evans, Logan",CH,Offspeed,168,5.0345800886489815,-0.05435900338831559,87.35714285714289,0.47314496494499086,0.3931596913494661,0.2848468590371012,49.2
679775,"Backhus, Kyle",SI,Fastball,283,5.034456275172386,-0.054363494794815274,91.00070671378093,0.4411189044903702,0.18941004258542282,0.32900257451313647,49.2
681870,"Sabrowski, Erik",SL,Breaking,89,5.033785142942307,-0.05438784051018633,87.03370786516852,0.47430538264586086,0.4273834624683191,0.3085738409229918,49.2
506433,"Darvish, Yu",SL,Breaking,163,5.033502745145915,-0.05439808465592139,85.85460122699389,0.5139488295818708,0.31559310166555793,0.35573170242201096,49.1
625643,"López, Reynaldo",FF,Fastball,78,5.0334315154650175,-0.05440066855438342,94.7179487179487,0.5182410341671199,0.19564248278928423,0.4015752886900857,49.1
606965,"Devenski, Chris",CH,Offspeed,109,5.033341343056116,-0.054403939611416645,83.048623853211,0.5504690637330744,0.415398477125775,0.31748613119235924,49.1
701656,"Henderson, Logan",CH,Offspeed,164,5.03298044583537,-0.054417031369822504,81.85,0.5165022065783228,0.3190799921134937,0.30273733579274104,49.0
687922,"Lucas, Easton",SL,Breaking,53,5.0329469293558,-0.054418247199781514,86.42452830188682,0.4831054464515991,0.4814897940378555,0.30359600992820657,49.0
664991,"Wolfram, Grant",FF,Fastball,79,5.031405911617524,-0.05447414852228769,95.46582278481013,0.5186589734578723,0.27708073665974053,0.3439329926519428,49.0
696147,"Bachman, Sam",CH,Offspeed,29,5.031307970278854,-0.05447770140180598,90.76206896551726,0.47483373567903964,0.3878986360542585,0.2834173770852063,48.9
656420,"Feyereisen, J.P.",CH,Offspeed,38,5.031278477439171,-0.054478771271867565,87.02631578947367,0.5956037668638213,0.3811943229908186,0.30965096749470394,48.9
641778,"Lauer, Eric",FC,Fastball,366,5.031267078783178,-0.054479184764801035,86.51803278688526,0.49363773469927413,0.321984277347658,0.3338140539305794,48.9
677952,"Ashcraft, Braxton",SL,Breaking,344,5.030798009859214,-0.054496200515200495,92.02412790697672,0.5839723981351063,0.41068278815615267,0.3166987417298191,48.8
671096,"Abbott, Andrew",FF,Fastball,1293,5.030733954450024,-0.05449852416274761,92.74709976798138,0.48708778001567143,0.2381456050972877,0.37680244636341353,48.8
677161,"Kelly, Zack",FF,Fastball,115,5.029885510909804,-0.05452930194991515,96.08608695652175,0.5280055231941201,0.29000608183887505,0.36494985749327696,48.8
674444,"Cruz, Steven",SL,Breaking,156,5.029815440764474,-0.05453184378554433,89.34615384615384,0.5597613397621851,0.3940494333873837,0.3228692784396519,48.7
805123,"Blubaugh, AJ",CH,Offspeed,98,5.029706624402062,-0.05453579116292874,86.3948979591837,0.4973516228471609,0.4300014818886464,0.2985782499416454,48.7
669371,"Henry, Cole",FC,Fastball,35,5.029621449251421,-0.054538880941486956,87.72000000000003,0.45101640423554906,0.3030784536273776,0.31602709341240404,48.7
694973,"Skenes, Paul",SL,Breaking,169,5.029486599838323,-0.054543772683057344,85.25325443786986,0.4953799587558972,0.4140526628068664,0.3291682570029613,48.6
547179,"Lorenzen, Michael",ST,Breaking,214,5.02945986602187,-0.054544742467932956,82.32102803738321,0.4906356030569478,0.38034460873918996,0.3213103806430079,48.6
623433,"Anderson, Nick",CU,Breaking,72,5.029280232011636,-0.05455125879703785,83.42361111111113,0.48549640023892926,0.35596546246542565,0.3386614590792423,48.6
687606,"Schultz, Paxton",FF,Fastball,166,5.028516917945249,-0.05457894846260025,93.78132530120484,0.5211062063276506,0.25090482561939376,0.3697046733961055,48.5
640448,"Finnegan, Kyle",SL,Breaking,39,5.0280376394017905,-0.05459633457293668,84.26153846153845,0.4318986262432057,0.5554019428011597,0.2865915494412601,48.5
678606,"Ferrer, Jose A.",CH,Offspeed,265,5.028035398847441,-0.05459641585036019,87.80113207547168,0.44438182619034705,0.46088778323272805,0.2916166266366378,48.5
606160,"Montero, Rafael",FS,Offspeed,518,5.027109900107995,-0.05462998886008486,87.86756756756762,0.5494374782831797,0.3967904297838473,0.2992359700809552,48.4
678226,"Hernández, Daysbel",FF,Fastball,315,5.026860035378225,-0.05463905284974214,97.66063492063495,0.476168090830747,0.2881383074699948,0.3426349705173717,48.4
690916,"Fitts, Richard",SL,Breaking,206,5.026778443540565,-0.054642012641519806,87.81601941747574,0.5502286437774915,0.4126665635167897,0.33180387984745446,48.4
664294,"Moreta, Dauri",FF,Fastball,121,5.026616166540608,-0.05464789933489442,94.55619834710747,0.41855347330323217,0.28914150247098885,0.3482534286726428,48.3
554340,"García, Yimi",SI,Fastball,57,5.026393843423609,-0.05465596423639107,95.2298245614035,0.3972999059902474,0.28571389751415494,0.2961701380818885,48.3
642520,"Garabito, Gerson",SL,Breaking,44,5.026378127531671,-0.05465653433959095,89.03863636363639,0.5149329180101957,0.32156347259531287,0.35379348516893194,48.3
519242,"Sale, Chris",SI,Fastball,71,5.026134243120391,-0.05466538138968681,93.95070422535213,0.557718897878009,0.1887318135620822,0.27774269234544113,48.2
680730,"Parker, Mitchell",SL,Breaking,326,5.025786047296047,-0.054678012397486785,84.99294478527604,0.53618975256252,0.4034293428736321,0.31611860122986596,48.2
570632,"Ureña, José",FF,Fastball,99,5.025770843711588,-0.05467856391643229,96.32828282828281,0.40852638089652815,0.2313893588930207,0.34027298580056714,48.2
621112,"Blackburn, Paul",FC,Fastball,194,5.02547953808825,-0.05468913119881565,90.04845360824743,0.4979203288936957,0.34411777909690433,0.3205398636840743,48.1
676755,"Mattson, Isaac",SL,Breaking,67,5.0245719334340055,-0.05472205509010173,85.19402985074628,0.5075681965642023,0.4336165565728382,0.3089202548230704,48.1
677161,"Kelly, Zack",SI,Fastball,90,5.0244495965257645,-0.05472649293321806,96.12222222222225,0.5331251783895246,0.18658700316218366,0.2886288310378849,48.1
678024,"Vasil, Mike",FC,Fastball,90,5.024307361248691,-0.054731652601337485,86.11111111111107,0.4529154971666509,0.4608589202288768,0.31141257378019244,48.0
820862,"Fermin, José",SI,Fastball,30,5.023820726868221,-0.054749305548976765,96.2366666666667,0.5527443121654767,0.24331451982436217,0.3494008223115686,48.0
605218,"Edwards Jr., Carl",FF,Fastball,46,5.023676087980528,-0.05475455240948143,93.0717391304348,0.5301353033054889,0.2514986700646369,0.355691920459879,48.0
605154,"Brebbia, John",CH,Offspeed,34,5.0235319653348816,-0.05475978054300296,86.3529411764706,0.42025047158571865,0.4585338823602924,0.2916182967847754,47.9
682120,"Herrin, Tim",SI,Fastball,136,5.023464283964242,-0.05476223572442873,93.46691176470586,0.4064338353082559,0.2756387200596931,0.2823031223308768,47.9
663559,"Falter, Bailey",FF,Fastball,1023,5.022904290536937,-0.05478254981452875,92.15356793743892,0.5119719215944649,0.2533834605322704,0.35368386402392893,47.9
697812,"Rock, Joe",SI,Fastball,64,5.022285412949038,-0.054804999962099095,93.52812500000002,0.3760681150926022,0.21088064318314123,0.3056702601903109,47.8
547179,"Lorenzen, Michael",FF,Fastball,528,5.021769619051671,-0.05482371068832085,93.93200757575747,0.4826269045115845,0.23220484264976435,0.3739335737519086,47.8
678022,"Perkins, Jack",FC,Fastball,90,5.021676771140868,-0.05482707880075503,93.37444444444448,0.49694427986157014,0.31560240436898884,0.32237827971324373,47.8
642239,"Zastryzny, Rob",FC,Fastball,123,5.020913258183102,-0.05485477568121896,86.20325203252033,0.46261134195243453,0.4144570572554288,0.3261664927525003,47.7
663158,"Suarez, Robert",CH,Offspeed,276,5.020509325205715,-0.05486942858694397,90.3978260869565,0.5006801009092574,0.4492509783704113,0.30207067396167353,47.7
670059,"Holderman, Colin",ST,Breaking,137,5.019040681191512,-0.05492270451015083,82.92189781021897,0.49013457586770787,0.39075749996930287,0.31161205068967923,47.7
593576,"Neris, Héctor",FS,Offspeed,236,5.01833404123757,-0.0549483382890358,83.04788135593225,0.5281764662813276,0.42211782380632384,0.31010221981079783,47.6
656257,"Brigham, Jeff",FC,Fastball,27,5.0183049953868135,-0.05494939194431209,89.57407407407408,0.44745045753096435,0.271063062753067,0.3283511200660552,47.6
664991,"Wolfram, Grant",SL,Breaking,128,5.017785152080217,-0.054968249565229,86.75703124999997,0.5430558694389588,0.38003120827121173,0.32274895760111294,47.6
605135,"Bassitt, Chris",CU,Breaking,486,5.016785862255834,-0.055004499389849734,71.30617283950619,0.44764583700768723,0.32252934359303537,0.3036450650219712,47.5
696136,"Wicks, Jordan",FF,Fastball,86,5.0160943436518295,-0.055029584632894764,94.39186046511627,0.585362414126153,0.19516740497342538,0.38470957921551446,47.5
641793,"Littell, Zack",SL,Breaking,794,5.0160615475188255,-0.055030774331859426,87.26309823677592,0.5009731975027883,0.35271076733557233,0.3305087081912861,47.5
813349,"Early, Connelly",SI,Fastball,60,5.016045874915423,-0.055031342864742615,93.16666666666667,0.5111874972584138,0.1793703507660496,0.30220877355585957,47.4
605452,"Ross, Joe",CU,Breaking,52,5.0157971487382635,-0.05504036555273614,83.43076923076924,0.6039439117752254,0.37257713875760057,0.3243787330464923,47.4
680732,"Burke, Sean",SL,Breaking,551,5.0157539436658904,-0.055041932842083106,86.61288566243188,0.4988787558811691,0.43677984906626244,0.3206155164009595,47.4
669084,"Hall, DL",SL,Breaking,109,5.015024350010829,-0.055068399279942365,85.98256880733948,0.5308391489068567,0.42337235267308126,0.3121097092628879,47.3
682790,"González, Wikelman",SV,Breaking,86,5.014732936323041,-0.05507897048242691,79.37209302325583,0.35358204147040445,0.3779267112144359,0.3096661773752806,47.3
680767,"Vodnik, Victor",CH,Offspeed,243,5.014612263007205,-0.055083347977752814,92.03786008230456,0.4962981661818502,0.441328826140936,0.2881143460404019,47.3
656876,"Rasmussen, Drew",FC,Fastball,728,5.014455394130728,-0.05508903848827525,90.29217032967043,0.5575901456858853,0.3745497185377281,0.3180833910680157,47.2
669160,"May, Dustin",FF,Fastball,375,5.014173459085693,-0.05509926584743352,95.39680000000004,0.48276546026392325,0.3117395246554561,0.34768399770507213,47.2
656557,"Houck, Tanner",SI,Fastball,298,5.014005525784847,-0.05510535772644117,94.45637583892619,0.4267272078632688,0.2255318560893445,0.3101014550936805,47.2
699134,"Rodriguez, Bradgley",FF,Fastball,52,5.0139120770544645,-0.05510874763395811,98.31923076923076,0.44267597210392656,0.32404051627292296,0.3477719789193189,47.1
670955,"Uceta, Edwin",FC,Fastball,193,5.013644403090945,-0.05511845766401764,89.38963730569945,0.4872787826388651,0.3403067088227345,0.3329189903773908,47.1
684007,"Imanaga, Shota",SI,Fastball,28,5.01348400758885,-0.05512427610495357,88.30357142857144,0.5043426040790214,0.13737141909569786,0.31047084086607357,47.1
669093,"Estrada, Jeremiah",FS,Offspeed,306,5.013288996058946,-0.05513135026260599,83.58071895424835,0.4976343380592074,0.42536665744001023,0.31614841454327136,47.0
543135,"Eovaldi, Nathan",FS,Offspeed,603,5.0125453196736025,-0.055158327559767864,87.61094527363181,0.5791055922833624,0.42432734230970676,0.31577758079956,47.0
596271,"Lawrence, Casey",CH,Offspeed,60,5.012514069816874,-0.05515946116665363,80.64833333333334,0.539060882277518,0.3590877521017464,0.27967471617343104,47.0
656271,"Burke, Brock",FF,Fastball,436,5.012493145853982,-0.055160220195682515,96.1071100917431,0.5111053190527459,0.2503091199006549,0.36692047516270415,46.9
701121,"VanWey, Logan",FF,Fastball,112,5.011945295653999,-0.055180093783087705,93.03482142857145,0.48417056074517234,0.2383692317388856,0.37875499973142507,46.9
518585,"Cruz, Fernando",FF,Fastball,190,5.011839500028668,-0.05518393158146239,94.01631578947365,0.41184841212610046,0.27073385875751715,0.3720386900645898,46.9
669330,"Wells, Tyler",SL,Breaking,63,5.011828539293968,-0.055184329188543935,86.86190476190478,0.5074977522935558,0.3782768602573946,0.31714787609833883,46.8
664351,"Contreras, Luis",ST,Breaking,31,5.011330507297618,-0.0552023955913859,78.98064516129031,0.38842654363440277,0.434517691843667,0.29824460663782626,46.8
676206,"Tarnok, Freddy",CH,Offspeed,32,5.010796282099088,-0.05522177492387,83.67187499999999,0.3275931153450902,0.4182031559907232,0.3015412592083861,46.8
682847,"Ortiz, Luis",FF,Fastball,475,5.01075689640796,-0.05522320366292159,96.34884210526307,0.46782077533224936,0.2819593698027179,0.35386239501798983,46.7
669084,"Hall, DL",FC,Fastball,106,5.0106539394830465,-0.05522693848577337,92.29622641509432,0.44827351124730336,0.3267449962221325,0.3465699350102506,46.7
621057,"Garza, Justin",FC,Fastball,43,5.009676388939964,-0.05526239970521135,89.57441860465116,0.5244400627088032,0.3149680066832732,0.34118430154393947,46.7
663903,"Singer, Brady",FF,Fastball,313,5.009624909470016,-0.05526426715318454,91.28562300319496,0.4451906647384132,0.29339494834813273,0.3371726634032803,46.6
670036,"Festa, Matt",FF,Fastball,326,5.009369029671147,-0.0552735493430024,92.09785276073619,0.5235357579321375,0.27563687007995336,0.3536846142034304,46.6
641401,"Brogdon, Connor",CH,Offspeed,352,5.009359789329376,-0.055273884541821035,84.01136363636367,0.5570977085840881,0.41472398939867433,0.31103110750357177,46.6
680755,"Fisher, Braydon",FC,Fastball,35,5.009115630837381,-0.05528274153435569,93.11999999999998,0.5354928632194794,0.3086693256133231,0.31529355662406655,46.5
647315,"Pop, Zach",SI,Fastball,70,5.009057531922677,-0.05528484910657081,96.38285714285713,0.47924981937216515,0.19339481538392927,0.3109624760975426,46.5
683618,"Henriquez, Edgardo",FC,Fastball,56,5.008067975700603,-0.05532074583905744,95.95357142857145,0.4352947885969282,0.44053410024465656,0.2863637209972086,46.5
670950,"Richards, Trevor",FF,Fastball,68,5.008045617914654,-0.05532155688085904,91.38823529411766,0.571106996757598,0.24336688242139323,0.3541578805323598,46.4
668834,"McGee, Easton",CU,Breaking,66,5.008020218092327,-0.055322478274315065,79.7909090909091,0.5257498028894713,0.3089596326852563,0.32036773568524496,46.4
688138,"Evans, Logan",CU,Breaking,141,5.00725647607861,-0.05535018346391782,81.69078014184396,0.5016818825221727,0.31042336221719524,0.3332508073298424,46.4
678022,"Perkins, Jack",FF,Fastball,267,5.006870146146247,-0.05536419780885783,95.97453183520595,0.4526564073444052,0.29500821475532785,0.3527268170587362,46.3
554430,"Wheeler, Zack",SI,Fastball,419,5.006729267938689,-0.055369308248484475,95.40477326968976,0.5058771853290314,0.24330285496277806,0.28935099461843283,46.3
605280,"Holmes, Clay",FC,Fastball,242,5.006095539402844,-0.05539229712290386,89.84876033057847,0.395334737522315,0.3734483235663665,0.317268344293999,46.3
694738,"Roupp, Landen",SI,Fastball,739,5.0053571658039075,-0.0554190820583779,92.75602165087956,0.36874898021490204,0.213244447225729,0.32469623731487246,46.2
676092,"Snider, Collin",FC,Fastball,107,5.005288794408866,-0.05542156227084368,86.89065420560748,0.5167812991624149,0.3355224384142127,0.3334366746430665,46.2
700363,"Smith-Shawver, AJ",FF,Fastball,332,5.0049997775166055,-0.055432046528164566,95.59728915662653,0.47052547284882656,0.23978693687601785,0.3765323865270767,46.2
608372,"Sugano, Tomoyuki",FF,Fastball,485,5.004922185430599,-0.05543486122660424,92.74680412371137,0.4927085246076756,0.23896408268169106,0.356180166389862,46.1
666711,"Peguero, Joel",SI,Fastball,113,5.004256501876436,-0.055459009288060065,99.77168141592924,0.41798708582820154,0.27314473940227696,0.3044068924017576,46.1
686930,"Barnett, Mason",FF,Fastball,230,5.002342478874527,-0.05552844159533089,94.33260869565218,0.5097436339349489,0.2607407299392881,0.35495703286073205,46.1
677958,"Rocker, Kumar",FC,Fastball,291,5.001349949180748,-0.055564446192248075,90.05051546391746,0.4965753494772565,0.41007362861997126,0.3168796732881375,46.0
671131,"Rutledge, Jackson",FF,Fastball,252,5.000134928493462,-0.055608521780481035,95.60873015873024,0.471501377271018,0.24964476531092072,0.34970836124777527,46.0
677161,"Kelly, Zack",FC,Fastball,186,4.9998725756492615,-0.055618038783815674,91.80860215053762,0.5103846280729438,0.3067078898057478,0.34007130987322737,46.0
676534,"Faucher, Calvin",FF,Fastball,182,4.999850968315155,-0.0556188226025365,95.95659340659341,0.43390084587411315,0.2626623114969736,0.3507416358258218,45.9
666374,"Brash, Matt",CH,Offspeed,116,4.998069548914563,-0.05568344463637671,89.87068965517243,0.4772495069702442,0.4414794420892657,0.278657430456444,45.9
657097,"Webb, Jacob",CH,Offspeed,345,4.997879514462576,-0.055690338247607725,84.85420289855078,0.5251514971350729,0.37831854961783923,0.3058281454512294,45.9
676917,"Cavalli, Cade",CH,Offspeed,107,4.997483860352566,-0.055704690832561986,89.80841121495324,0.4842045704427291,0.384523648280531,0.3054342767164382,45.8
669060,"Wilson, Bryse",FF,Fastball,151,4.997136127896999,-0.05571730503138752,92.58543046357613,0.44917521743553324,0.27330606208951236,0.3513125604654061,45.8
663568,"Kolek, Stephen",SL,Breaking,290,4.996707568542719,-0.055732851273381664,85.43862068965518,0.5176045608129495,0.4034181580159135,0.32340820318443475,45.8
592426,"Jackson, Luke",FF,Fastball,274,4.99656606420816,-0.055737984426132516,94.18138686131391,0.4748054608957405,0.23601229083256214,0.358879525959326,45.7
641302,"Alexander, Tyler",FC,Fastball,271,4.9961400696215525,-0.05575343762967477,86.93505535055348,0.4478963713975092,0.3115270876082918,0.3454572347880144,45.7
694477,"Patrick, Chad",FF,Fastball,465,4.995918602055224,-0.05576147149556901,94.2847311827957,0.5056566068312317,0.2878876653294925,0.3531391526383415,45.7
622663,"Severino, Luis",FC,Fastball,481,4.995144096071733,-0.05578956715449035,93.23721413721411,0.48614881058037873,0.30999897730907067,0.31143173409781927,45.6
607455,"Banda, Anthony",SI,Fastball,270,4.994809196596625,-0.0558017158294212,95.79185185185182,0.44118896323909584,0.2279261640788582,0.3178378618029112,45.6
694037,"Palencia, Daniel",FS,Offspeed,42,4.9943043852450035,-0.0558200281573528,88.21190476190476,0.46504126716679955,0.292494764360766,0.3222518102431391,45.6
542881,"Anderson, Tyler",FF,Fastball,892,4.994045554761428,-0.055829417384989664,89.28778026905842,0.4692047041496874,0.20045455393806097,0.35637880216013196,45.5
628452,"Iglesias, Raisel",SI,Fastball,215,4.993810518684752,-0.05583794345655653,94.66093023255812,0.36275217168630314,0.22643115170401062,0.3272580618008073,45.5
570632,"Ureña, José",FS,Offspeed,32,4.99287525591829,-0.05587187066208922,85.0,0.5237802332426078,0.38255114841646987,0.2980634257280113,45.5
674370,"Bido, Osvaldo",FF,Fastball,523,4.992492681341121,-0.055885748779316596,94.50994263862329,0.4767039302782276,0.26592259799593165,0.3626977549299878,45.4
664875,"Lawrence, Justin",FF,Fastball,27,4.991706655923644,-0.05591426231246337,94.93703703703703,0.41916424263576885,0.2519359616449902,0.349489736855287,45.4
571760,"Heaney, Andrew",FF,Fastball,909,4.991441227916073,-0.055923890869153295,90.10209020902094,0.47928977197900113,0.2069173048843661,0.3728824505445529,45.4
686993,"Sterner, Justin",FC,Fastball,351,4.99009096337498,-0.05597287250752478,87.38404558404564,0.48042599510429834,0.42751451985973044,0.3117633643105104,45.3
592094,"Adam, Jason",ST,Breaking,95,4.9898089089885165,-0.05598310419586329,77.51684210526315,0.36079999275533375,0.3643419847485515,0.30278653971725916,45.3
680573,"Woods Richardson, Simeon",FS,Offspeed,187,4.989643282031134,-0.055989112410908703,86.10320855614978,0.5569461257624924,0.45261277928887644,0.3198216210692681,45.3
554430,"Wheeler, Zack",FC,Fastball,216,4.989508846552503,-0.05599398913676374,91.80324074074075,0.5180319304862994,0.2760357848685895,0.32370286826590133,45.2
668820,"Kranick, Max",ST,Breaking,41,4.988967434363999,-0.05601362918152542,82.51463414634148,0.6675397661188023,0.33550409793535496,0.3053404439527937,45.2
680689,"Richardson, Lyon",FF,Fastball,141,4.988711974454129,-0.05602289613962339,95.68297872340425,0.4245487728346556,0.27834138049126933,0.338237152656905,45.2
592332,"Gausman, Kevin",FF,Fastball,1822,4.988694598665974,-0.05602352645653259,94.4956641053788,0.5259925419884108,0.18598205333132484,0.38348660307616905,45.1
676083,"Junk, Janson",FF,Fastball,627,4.98838426821892,-0.05603478387555699,93.61626794258372,0.5386635909748616,0.2360057613514172,0.3634565140458589,45.1
669438,"Englert, Mason",FC,Fastball,140,4.988101202231654,-0.05604505226030805,87.73714285714284,0.5039968388009597,0.3227341032293877,0.3239376550490243,45.1
676477,"Whitlock, Garrett",CH,Offspeed,261,4.987752252218544,-0.056057710626747824,84.3065134099617,0.5840181595597522,0.40333153376354136,0.3082207179589091,45.0
669387,"Mlodzinski, Carmen",SI,Fastball,249,4.987594152640729,-0.05606344578168358,95.85180722891572,0.41142739973612075,0.25116299437654027,0.2998407748559385,45.0
670167,"Schreiber, John",FC,Fastball,201,4.987116073888138,-0.05608078836890244,89.41741293532341,0.4907153207749641,0.32263045981222055,0.3340450694922688,45.0
702674,"Dana, Caden",SL,Breaking,155,4.9870182680056185,-0.05608433633466939,85.55354838709675,0.49408653744073394,0.38454368199550537,0.32882522694906374,44.9
688297,"Roycroft, Chris",SI,Fastball,190,4.986077616570905,-0.05611845901730427,95.35684210526315,0.4407939948068987,0.2657032479154137,0.2976014754036635,44.9
682171,"Murfee, Penn",FF,Fastball,91,4.985678489049625,-0.056132937602289906,88.18461538461537,0.4825504145952356,0.2531812712598963,0.3473014782258595,44.9
670102,"Francis, Bowden",SL,Breaking,71,4.985245188800128,-0.05614865582303942,82.55070422535212,0.435201361577324,0.4703872970749743,0.30534630630694337,44.8
477132,"Kershaw, Clayton",SL,Breaking,761,4.984801914029526,-0.056164735875393536,85.75978975032844,0.5428698196522486,0.4342231249531763,0.3445981895710114,44.8
687064,"Young, Brandon",FF,Fastball,411,4.983293408154581,-0.05621945781098424,93.75352798053525,0.5245255257613181,0.21179504124371962,0.3538696624001786,44.8
506433,"Darvish, Yu",FS,Offspeed,121,4.983274130178435,-0.0562201571308784,86.33966942148757,0.46512442560546685,0.4083843411395534,0.2923901082263682,44.7
571760,"Heaney, Andrew",CS,Breaking,112,4.983121552425108,-0.056225691978391286,73.46428571428571,0.32983105258115325,0.2699558529914295,0.3516823280371684,44.7
519151,"Pressly, Ryan",SL,Breaking,134,4.98257890795928,-0.05624537672473582,88.77537313432838,0.5467256628852215,0.44878034237882164,0.33305884706180605,44.7
676534,"Faucher, Calvin",SI,Fastball,131,4.9822488363531425,-0.05625735026588756,95.81221374045799,0.3918745500889244,0.34015933736545956,0.2776152764793341,44.6
669456,"Bieber, Shane",FC,Fastball,122,4.98221292663542,-0.056258652911964635,87.51229508196722,0.4291296437474765,0.35212629775668297,0.3278271138083541,44.6
663978,"Paddack, Chris",FC,Fastball,384,4.981946361735551,-0.05626832271008963,87.13229166666666,0.46896265719569974,0.355171955450064,0.30965530162510296,44.6
663562,"Davis, Noah",FC,Fastball,47,4.981882345482314,-0.05627064493723154,87.97446808510641,0.4089087621022059,0.35108714738915353,0.3303940157226584,44.5
672710,"Contreras, Roansy",FF,Fastball,92,4.981162429958083,-0.05629676029521716,95.35652173913044,0.5194556550044613,0.22622274429275435,0.3634872443351986,44.5
642701,"Santana, Dennis",SI,Fastball,85,4.981047246140869,-0.0563009386557601,94.55882352941177,0.46294386769343854,0.196413075191469,0.3003099624704381,44.5
674072,"Henry, Tommy",CH,Offspeed,25,4.980860369396728,-0.0563077177192865,81.944,0.3731008003221982,0.5090095798779839,0.3166722660532144,44.4
592779,"Stewart, Brock",FC,Fastball,58,4.980579147291098,-0.05631791921614933,93.17241379310346,0.441373449300658,0.40225516637482156,0.31649217530730595,44.4
664126,"Fairbanks, Pete",CH,Offspeed,49,4.980464242455551,-0.05632208745646867,94.1857142857143,0.5721744105894272,0.3845161567368363,0.30598581368345795,44.4
686642,"Ellard, Fraser",SI,Fastball,49,4.980309822887184,-0.05632768911690261,93.71020408163265,0.35284520700447547,0.2945033073593854,0.28906140673506336,44.3
676962,"Brown, Ben",FF,Fastball,970,4.980268328489628,-0.056329194350517156,95.8740206185568,0.5048546835458915,0.23178250048826804,0.3695045455405302,44.3
690928,"Dobbins, Hunter",FF,Fastball,377,4.979752308063397,-0.05634791329420592,95.53527851458885,0.5035925737593407,0.23189963738397684,0.35818454845587744,44.3
801434,"Gervase, Paul",SL,Breaking,40,4.9793602143957365,-0.056362136722025204,84.17749999999998,0.4919716939599851,0.44830072526810183,0.31309005944244256,44.2
614179,"Ruiz, José",FF,Fastball,124,4.979021137612285,-0.05637443693126695,95.63790322580647,0.5525911794022963,0.26090659798512933,0.3520546610864507,44.2
641816,"Mahle, Tyler",FC,Fastball,174,4.978500377283894,-0.0563933278176874,85.41206896551721,0.5090036846006508,0.3429146022138629,0.32553534479862833,44.2
669371,"Henry, Cole",FF,Fastball,489,4.978356691751488,-0.05639854009466974,94.440899795501,0.45295564630967344,0.2616727633698122,0.352929003801635,44.1
543101,"DeSclafani, Anthony",KC,Breaking,136,4.977790468811656,-0.05641908016399128,83.20808823529413,0.46531636693282646,0.4075765728866706,0.302081793789907,44.1
681343,"Smith, Shane",SL,Breaking,268,4.977438110245001,-0.05643186217771045,89.47873134328348,0.526485562808422,0.4496582758049051,0.313803342148292,44.1
571948,"Milner, Hoby",SI,Fastball,389,4.977321764618737,-0.05643608268355844,87.5254498714653,0.4482938713181796,0.14659171656645997,0.32228121044159747,44.0
680684,"Hoglund, Gunnar",FF,Fastball,196,4.977260675936013,-0.05643829871136233,93.62346938775516,0.49349878691683247,0.20988722954360584,0.3797780468194114,44.0
663485,"Sands, Cole",FS,Offspeed,250,4.976969581332061,-0.056448858338893654,88.18360000000008,0.5911383380675718,0.34783381756292575,0.3054911823815399,44.0
661527,"Martinez, Seth",FF,Fastball,34,4.97662940400794,-0.056461198470893884,90.1470588235294,0.5389567504419103,0.2687256590576898,0.34071062422088544,43.9
683232,"Mears, Nick",CU,Breaking,35,4.976345448994617,-0.05647149910558664,82.67714285714287,0.5093299235627852,0.32800114858867957,0.33689539113123107,43.9
689520,"Laweryson, Cody",FF,Fastball,67,4.9763389659390045,-0.056471734282232344,93.10149253731343,0.5777657598890051,0.15695486123450533,0.3823805195649936,43.9
543243,"Gray, Sonny",FC,Fastball,352,4.976128071702719,-0.05647938459437641,87.80710227272732,0.476918606462602,0.39512381150622833,0.31679585305125557,43.8
656222,"Beeks, Jalen",CH,Offspeed,349,4.975671588810784,-0.05649594377908037,88.82034383954164,0.4404653159096884,0.46686705122757766,0.3114923879820028,43.8
685326,"Brown, McCade",SL,Breaking,97,4.9752197497776525,-0.05651233450508233,85.30824742268042,0.5231367220190513,0.46850653458549946,0.3080977889767636,43.8
669308,"Reynolds, Sean",CH,Offspeed,28,4.9751942176991895,-0.056513260696207136,88.00714285714285,0.5127343474071633,0.3966770013986091,0.3034584096345819,43.7
681869,"Dubin, Shawn",CH,Offspeed,80,4.975157518978902,-0.05651459196381507,87.71749999999999,0.49677955503792603,0.38621652962891406,0.2953322143104782,43.7
692285,"Guerrero, Luis",ST,Breaking,43,4.974698835097484,-0.05653123099070412,81.9720930232558,0.4967117284427778,0.37116250675747225,0.3318422391480605,43.7
623437,"Topa, Justin",FC,Fastball,197,4.974669480471897,-0.05653229584696841,91.15888324873097,0.5370159089539103,0.25887597542276614,0.33036275728912345,43.6
656986,"Sousa, Bennett",FF,Fastball,295,4.974648069225848,-0.056533072552479774,95.06779661016951,0.45996035338214264,0.24110061494612955,0.368396642929552,43.6
642232,"Yarbrough, Ryan",FC,Fastball,264,4.974531618268084,-0.05653729687928974,83.20151515151517,0.4531127817785579,0.27544786957031,0.3503452007370512,43.6
681892,"Funderburk, Kody",SI,Fastball,237,4.974334045247696,-0.05654446395651199,93.30590717299573,0.4030222589490647,0.21441873186418264,0.31685545638182144,43.5
669438,"Englert, Mason",CH,Offspeed,248,4.97398504436699,-0.05655712416820378,87.5209677419355,0.5574355159454897,0.38194143503902933,0.30548123946659067,43.5
681882,"Selby, Colin",FF,Fastball,32,4.973372496390219,-0.056579344705417145,95.821875,0.4327450782213855,0.2758818825841164,0.38724677598587737,43.5
693313,"Seymour, Carson",FF,Fastball,136,4.973234930793744,-0.05658433497813329,96.8154411764706,0.4798325781682229,0.26282535114551664,0.35841545468130376,43.4
668674,"Erceg, Lucas",FF,Fastball,293,4.973179586916866,-0.056586342609734754,97.56894197952217,0.5244889952674187,0.25284741521640686,0.3583159861640087,43.4
669920,"Alexander, Jason",FF,Fastball,127,4.973120526240364,-0.056588485070423356,91.93149606299214,0.35664209696667787,0.2564217771231755,0.32866952351612283,43.4
678215,"Arias, Luarbert",FF,Fastball,59,4.9727389348175475,-0.056602327523149636,93.95254237288135,0.38239044463196814,0.22107436205377473,0.3540532601033126,43.3
668933,"Ashcraft, Graham",FC,Fastball,600,4.970648064655348,-0.05667817506490872,96.97599999999996,0.5042914175078542,0.34015138689617513,0.30166586369722853,43.3
699911,"Darnell, Dugan",FS,Offspeed,50,4.970479584741812,-0.05668428677261244,84.498,0.47438299912468124,0.3809227457302607,0.3208699455909299,43.3
641585,"France, J.P.",FF,Fastball,27,4.970295068322457,-0.056690980213972536,92.4222222222222,0.40220299608499904,0.3828115514905061,0.3386332325202376,43.2
682052,"Lopez, Jacob",FF,Fastball,587,4.970219018299348,-0.05669373897317624,90.77018739352648,0.4005986023024894,0.3004919289832084,0.35410134682860384,43.2
656546,"Hoffman, Jeff",FS,Offspeed,322,4.9701245845086515,-0.05669716461433401,89.80683229813674,0.4938710135998674,0.37183696799531407,0.3004688603299113,43.2
669062,"Miller, Erik",CH,Offspeed,127,4.969973331372686,-0.056702651410574983,87.03700787401569,0.4405242380616134,0.44070847448391043,0.32483224782989284,43.1
642547,"Peralta, Freddy",CS,Breaking,80,4.969825068728449,-0.05670802972497414,74.64250000000001,0.49666051982225073,0.4394103251886964,0.30055339905608547,43.1
434378,"Verlander, Justin",SL,Breaking,607,4.969038176182536,-0.05673657471371406,87.12883031301475,0.559848450562506,0.38607841733608766,0.32901522408844586,43.1
670174,"Winckowski, Josh",FF,Fastball,61,4.9684413777453695,-0.056758223927138536,94.70983606557377,0.49400640700802473,0.28412150570245154,0.34924444802130794,43.0
621383,"Banks, Tanner",CH,Offspeed,75,4.966991837186483,-0.05681080686129649,82.82666666666665,0.4206571722025878,0.5032496426215267,0.28485032290461315,43.0
680951,"Nikhazy, Doug",FF,Fastball,50,4.9663429326940784,-0.056834346252443435,90.21600000000001,0.4225483558514717,0.2802018578723133,0.36832278720358497,43.0
669302,"Gilbert, Logan",FF,Fastball,902,4.965684278036891,-0.05685823933653783,95.43514412416849,0.5127115007199657,0.24285870896824438,0.3821665348439591,42.9
669060,"Wilson, Bryse",CH,Offspeed,152,4.965368823015484,-0.05686968265250351,85.89605263157895,0.517527034370003,0.4506821984213061,0.29345605227472504,42.9
605347,"López, Jorge",SL,Breaking,80,4.965340849221511,-0.05687069741829089,85.8225,0.5343370710414477,0.3857064003461211,0.320632060369273,42.9
678906,"Teng, Kai-Wei",CH,Offspeed,59,4.965078512832554,-0.05688021382470209,87.68644067796609,0.43799290972063076,0.4633250026144857,0.28169149885434547,42.8
672578,"Hernández, Carlos",SL,Breaking,147,4.96493157161523,-0.056885544203564835,86.57210884353745,0.5254067173459129,0.4223247520614596,0.32351805308021453,42.8
592155,"Booser, Cam",FC,Fastball,121,4.964795211066435,-0.05689049076246922,87.35371900826445,0.49417863274979484,0.36532724696536767,0.35281684779067224,42.8
684974,"Yoho, Craig",CH,Offspeed,81,4.963364785330997,-0.056942380295192746,77.12469135802469,0.5212378114331853,0.32933741803692357,0.3241629261128606,42.7
573186,"Stroman, Marcus",FC,Fastball,139,4.962358241991668,-0.05697889324532344,88.73956834532376,0.49400310110050377,0.2833685041255349,0.320197090015384,42.7
642701,"Santana, Dennis",FC,Fastball,103,4.961990072317588,-0.0569922488162404,90.6485436893204,0.4385318172401612,0.31744477184779635,0.3395099637039234,42.7
800311,"Fuentes, Didier",ST,Breaking,80,4.961975627898275,-0.05699277279602486,83.42500000000001,0.4763127121581996,0.4704040749342841,0.30893024873368813,42.6
656731,"Megill, Tylor",CH,Offspeed,94,4.9616745475594835,-0.057003694661945624,88.19893617021278,0.442288441723929,0.49562911443406765,0.28763847001109794,42.6
674072,"Henry, Tommy",FF,Fastball,27,4.961208273599438,-0.057020609023389575,89.02962962962964,0.4351418409221822,0.24460752784662074,0.3477085974340721,42.6
642397,"Soto, Gregory",FF,Fastball,75,4.96043116186945,-0.057048799207293624,97.16666666666667,0.566084259370283,0.2760150837186316,0.33974105334168164,42.5
676534,"Faucher, Calvin",FC,Fastball,390,4.958561113658556,-0.057116636303222355,92.07974358974369,0.5349140194579989,0.35328515838221675,0.3274078700128786,42.5
572955,"Johnson, Pierce",FF,Fastball,223,4.958413579899575,-0.05712198817688119,95.25291479820622,0.4958397057515593,0.2579853573981574,0.3566120087496897,42.5
679883,"Avila, Luinder",FF,Fastball,63,4.957591927212058,-0.057151794110149895,95.81428571428572,0.498116254790483,0.24394461738497447,0.33178032462233753,42.4
681347,"Burrows, Mike",FF,Fastball,602,4.955887210998348,-0.0572136336908874,95.50946843853825,0.5017487236470095,0.2523795873905651,0.3614639999724572,42.4
657571,"Ferguson, Caleb",FF,Fastball,355,4.955544139323478,-0.05722607881715899,93.92985915492959,0.511236664480692,0.26151396665507287,0.35600224983735046,42.4
678821,"Peralta, Luis",FF,Fastball,332,4.955038405119724,-0.05724442462209309,94.58403614457828,0.4948452491263748,0.2953516625374708,0.35762370156835194,42.3
676917,"Cavalli, Cade",FF,Fastball,231,4.954867420975355,-0.0572506271722393,97.14285714285711,0.5350302101302649,0.2495367716788621,0.3512107908458262,42.3
680573,"Woods Richardson, Simeon",SL,Breaking,539,4.9548556179047605,-0.05725105533554936,85.43395176252321,0.5328396712429686,0.43690728928347994,0.3179361510437496,42.2
676879,"Ashby, Aaron",SI,Fastball,605,4.954588622631891,-0.05726074074570757,97.56462809917367,0.4476075294560763,0.26903786054499884,0.30357746980683686,42.2
677161,"Kelly, Zack",CH,Offspeed,69,4.9542734047795705,-0.057272175458225605,83.10869565217392,0.46590721762346393,0.41433429381746095,0.282819046692952,42.2
641154,"López, Pablo",CH,Offspeed,277,4.953860819973517,-0.057287142214111186,87.32815884476537,0.538845392479551,0.41925498748880013,0.3002430012922686,42.1
678394,"Bello, Brayan",FC,Fastball,428,4.953218876247018,-0.05731042909939139,88.23761682242983,0.49938711039160155,0.3401718508598216,0.3384871041144022,42.1
657571,"Ferguson, Caleb",FC,Fastball,265,4.953000199754478,-0.057318361717446656,88.61283018867921,0.5728198479026294,0.37275953415666196,0.32453495751965905,42.1
690829,"Joyce, Ben",SI,Fastball,50,4.952680501603124,-0.05732995895544026,94.31600000000002,0.45465211031308184,0.261316843527398,0.2981757775348146,42.0
693313,"Seymour, Carson",FC,Fastball,62,4.952453306458962,-0.05733820059258064,93.49516129032257,0.4593883843514606,0.39098045468597514,0.2965504610960362,42.0
657240,"Merryweather, Julian",FF,Fastball,162,4.951425367800061,-0.05737548967048054,95.95555555555559,0.4953907933735336,0.2706896952350737,0.35475206696076933,42.0
687606,"Schultz, Paxton",FC,Fastball,129,4.9508175867099915,-0.0573975372860824,88.86899224806199,0.420379890199692,0.34408932307732787,0.3316309033476452,41.9
681006,"Simpson, Josh",CH,Offspeed,71,4.950673551674675,-0.05740276224148781,89.19014084507045,0.5359629139371279,0.3734447932462613,0.3118542926006887,41.9
605488,"Springs, Jeffrey",FC,Fastball,167,4.950614632036732,-0.05740489958591974,86.88802395209582,0.39397182480316045,0.34545136017938827,0.332391422228519,41.9
657514,"Bernardino, Brennan",FC,Fastball,103,4.950174579753607,-0.05742086274065024,86.45922330097086,0.43081425099143245,0.3180480919964814,0.35769837891546874,41.8
681982,"Anderson, Grant",SI,Fastball,298,4.94972520562002,-0.057437164050975036,93.15167785234904,0.38288635659321757,0.20770856929611714,0.320187705320029,41.8
676617,"O'Brien, Riley",SI,Fastball,366,4.94956110270668,-0.057443116980428796,98.02377049180325,0.43160032220002675,0.24195122001077216,0.3040486465265275,41.8
607067,"Rea, Colin",FS,Offspeed,316,4.949012602361167,-0.05746301415224422,87.39430379746837,0.5413495695307667,0.41184095203928295,0.29703034451685423,41.7
666374,"Brash, Matt",FF,Fastball,44,4.948961541844498,-0.057464866402441535,95.92727272727274,0.4156792020492228,0.38805106320673366,0.3251356601355851,41.7
688642,"Agnos, Zach",FC,Fastball,176,4.948254679124902,-0.057490508262281484,92.66875000000003,0.46985386051751715,0.35342128064777106,0.3150080397697863,41.7
623474,"Herget, Jimmy",SI,Fastball,360,4.947612606752368,-0.05751379981427204,91.9497222222222,0.33718120613878705,0.21811686014453457,0.3280344690454877,41.6
665795,"Cabrera, Edward",FF,Fastball,292,4.947451251220918,-0.05751965308083565,96.96404109589032,0.45689638707957375,0.23154925893667577,0.3570503455443212,41.6
694335,"Svanson, Matt",FC,Fastball,158,4.946712122559367,-0.05754646540664908,92.20379746835445,0.44626925972861975,0.3838992261456465,0.31472450466358437,41.6
699134,"Rodriguez, Bradgley",CH,Offspeed,30,4.9456609080464,-0.057584598829810284,88.23000000000002,0.5330027401507892,0.3136548610653443,0.3009271570883004,41.5
595014,"Treinen, Blake",FC,Fastball,64,4.9455715104070626,-0.05758784178162296,91.578125,0.4441106280967778,0.3098938093455218,0.32561749835954396,41.5
677944,"Cecconi, Slade",CH,Offspeed,162,4.944871450870412,-0.0576132368520105,84.42098765432095,0.4130340121137608,0.4842087913138607,0.2956200356141626,41.5
700249,"Povich, Cade",SL,Breaking,34,4.944727705727389,-0.05761845129140285,83.9176470588235,0.5536221511605608,0.43309952757847364,0.31461711256589603,41.4
694297,"Pfaadt, Brandon",FF,Fastball,711,4.944312715184212,-0.05763350531681386,93.58312236286925,0.46588374469958255,0.24241847067981653,0.3630374682751415,41.4
518876,"Kelly, Merrill",FC,Fastball,571,4.944116301946259,-0.05764063032224815,90.62416812609457,0.4932721077613687,0.28511362463744805,0.3370735027568143,41.4
669212,"Morgan, Eli",FF,Fastball,34,4.9440470658418505,-0.05764314190255343,91.85882352941177,0.5555175167537448,0.2666674649982183,0.3537362029854204,41.3
672456,"Montero, Keider",FF,Fastball,503,4.943433118346968,-0.05766541320810756,94.03956262425449,0.49304879587836997,0.24055095405883145,0.3638800074624028,41.3
502043,"Gibson, Kyle",CH,Offspeed,36,4.94341033132326,-0.057666239820760676,85.42777777777779,0.4411144453514575,0.5813192516607818,0.2891658622802359,41.3
671106,"Allen, Logan",FF,Fastball,899,4.942898990561755,-0.05768478900686621,91.2183537263627,0.46746695616147704,0.2392472635952647,0.3663740883810201,41.2
681857,"Olson, Reese",FF,Fastball,241,4.942502003336295,-0.057699189951365436,94.32863070539415,0.5034683324034713,0.22875046885590097,0.3785500384605636,41.2
677944,"Cecconi, Slade",FF,Fastball,917,4.942300340731031,-0.05770650538067836,94.36782988004359,0.5132129158605488,0.22051076108959058,0.37971957150169594,41.2
669358,"Baz, Shane",FC,Fastball,400,4.941666381320519,-0.057729502630211905,90.20200000000001,0.5021139025317737,0.3513004782652322,0.31908400148889066,41.1
660853,"De Los Santos, Enyel",FF,Fastball,540,4.941665036398535,-0.05772955141804599,96.15814814814826,0.5440471260832846,0.25483709057407516,0.36625771333464946,41.1
682847,"Ortiz, Luis",FC,Fastball,198,4.941124931862612,-0.0577491440269431,91.05353535353532,0.4348318996812097,0.3464525786595612,0.33364461400121737,41.1
543243,"Gray, Sonny",SL,Breaking,45,4.940949043825627,-0.057755524468670945,84.3933333333333,0.4991084776427677,0.39367770047121015,0.32852032397891906,41.0
680735,"Cox, Austin",FF,Fastball,152,4.940913968767206,-0.057756796836992225,92.74539473684212,0.5444119251991864,0.20048942801124917,0.3656131618200733,41.0
680885,"Schwellenbach, Spencer",FC,Fastball,177,4.939404645605063,-0.057811548420155214,94.09774011299437,0.5314877536146205,0.31275029832792567,0.3415705735558568,41.0
642216,"Winans, Allan",CH,Offspeed,56,4.939272557831798,-0.05781633998162068,82.77499999999999,0.5217568005104258,0.39380969020029805,0.29962677090064166,40.9
641672,"Hatch, Thomas",FC,Fastball,160,4.9391350906731235,-0.05782132668344782,90.09812499999995,0.49496915125746377,0.30334635189337433,0.321555844148935,40.9
607192,"Glasnow, Tyler",FF,Fastball,651,4.938417093023764,-0.05784737246939727,95.83179723502303,0.4912966628961617,0.27828329398120805,0.3620425091194896,40.9
628317,"Maeda, Kenta",SL,Breaking,32,4.937728838000431,-0.05787233932413896,81.38749999999999,0.329105848728434,0.4937189086410069,0.3065419572990876,40.8
592791,"Taillon, Jameson",FF,Fastball,808,4.93499942658021,-0.05797135032463822,92.2771039603961,0.495941046312699,0.20581175729208115,0.3738903324127412,40.8
641302,"Alexander, Tyler",CH,Offspeed,254,4.934660625856831,-0.05798364051963887,83.33897637795276,0.5213779106493744,0.42734363789629465,0.301670120520576,40.8
676440,"Bibee, Tanner",FC,Fastball,667,4.934181072343649,-0.05800103660466316,86.25262368815594,0.48484975509987965,0.3771809506316736,0.33053804871324716,40.7
672782,"Gómez, Yoendrys",FF,Fastball,385,4.9341332398647175,-0.058002771755897894,93.81142857142852,0.48367660221673553,0.2751979066931025,0.35670664716499423,40.7
656427,"Flaherty, Jack",FF,Fastball,1431,4.934080212920787,-0.058004695339397686,92.98050314465404,0.4751279266152606,0.23022144857149301,0.3740660332955729,40.7
676760,"Marinaccio, Ron",CH,Offspeed,53,4.933904103067517,-0.05801108382764114,82.02830188679245,0.4943964085862391,0.3711437073271123,0.2943584757348531,40.6
593958,"Rodriguez, Eduardo",CH,Offspeed,537,4.93377036225249,-0.058015935354166374,85.94208566108009,0.5208187742819885,0.47560171172376126,0.3007439518446097,40.6
663399,"Waddell, Brandon",SL,Breaking,89,4.933322346451779,-0.05803218739016922,86.38876404494384,0.6220035409689187,0.4046223415071187,0.3324865207904634,40.6
676974,"Meyer, Max",FF,Fastball,243,4.933297488805153,-0.058033089115883535,95.0135802469136,0.48667657608496795,0.24371265527197125,0.37253743999582645,40.5
693433,"Woo, Bryan",SI,Fastball,730,4.933279781276778,-0.05803373146686354,95.40863013698633,0.46660621472793273,0.1766544364915983,0.3137813664831576,40.5
607200,"Fedde, Erick",CH,Offspeed,297,4.933107708621573,-0.058039973503378896,87.58215488215488,0.4841337011039515,0.42889889077338017,0.295684557466742,40.5
641793,"Littell, Zack",FS,Offspeed,775,4.93277677726583,-0.05805197823245184,83.43896774193531,0.582306300147247,0.37602180317228495,0.31780244153365667,40.4
700187,"Taylor, Troy",FF,Fastball,64,4.932760819038245,-0.058052557126519626,96.378125,0.46002764134894464,0.2257368539711995,0.3589491838290171,40.4
622503,"Crismatt, Nabil",CH,Offspeed,203,4.932188519955006,-0.05807331761150783,81.39852216748766,0.5892339786220471,0.3903893458588016,0.31930642468011194,40.4
623211,"Brazobán, Huascar",CH,Offspeed,404,4.931889785492775,-0.05808415437938016,90.75841584158418,0.5237919448962691,0.40535657253482255,0.29355655290420024,40.3
671212,"Boyle, Joe",FF,Fastball,453,4.931587554915639,-0.058095117970871885,98.51677704194263,0.4840130963849885,0.27740553772373255,0.3490318891031488,40.3
656550,"Holmes, Grant",FF,Fastball,641,4.9315120487519515,-0.05809785700125574,94.47098283931352,0.44885965618868395,0.24770624453879653,0.36013978456381196,40.3
593974,"Peralta, Wandy",FF,Fastball,40,4.931164646708138,-0.05811045921420129,95.32499999999999,0.41382784489221675,0.2753428266926321,0.35786116320733324,40.2
806188,"Gibson, Cade",FF,Fastball,86,4.9304588640473686,-0.058136061894273595,91.93488372093022,0.3634811575120497,0.2889860647268156,0.33452548324277115,40.2
645261,"Alcantara, Sandy",FC,Fastball,482,4.929895312349766,-0.05815650506271635,89.26846473029042,0.49299240310945824,0.3889578493961942,0.3211548305851179,40.2
673820,"Piña, Robinson",SI,Fastball,26,4.92985047101319,-0.058158131708507046,93.87692307692308,0.45846050681106515,0.21147547858351629,0.34268876631761114,40.1
656288,"Canning, Griffin",FF,Fastball,491,4.929588475030748,-0.05816763576647222,93.990631364562,0.424546749394771,0.2688119088039101,0.3600111684954896,40.1
800048,"Messick, Parker",FF,Fastball,225,4.928546418659331,-0.05820543697267587,92.82311111111112,0.5153084378557045,0.24744935257211,0.37285383436724534,40.1
666215,"Whitley, Forrest",FC,Fastball,68,4.92829309274167,-0.05821462651895462,89.43088235294118,0.49452379642633987,0.34345722157389685,0.3371866020989307,40.0
641778,"Lauer, Eric",CH,Offspeed,139,4.92774752427181,-0.05823441733526081,85.03381294964026,0.4461149082416471,0.49528990351792623,0.2956381087888406,40.0
608717,"Stratton, Chris",SL,Breaking,73,4.927010683011069,-0.05826114668426777,85.69863013698632,0.4661108350677314,0.4299382710719787,0.31168837265623905,40.0
684974,"Yoho, Craig",FF,Fastball,67,4.926986160017944,-0.05826203627023019,92.74776119402983,0.36735805289639184,0.251868032551172,0.33697447579790735,39.9
681168,"Curvelo, Luis",SI,Fastball,76,4.926604006544172,-0.05827589911168453,95.52236842105262,0.48566371466046504,0.18624287369148335,0.3078562864713487,39.9
685126,"Eisert, Brandon",CH,Offspeed,362,4.926171065928104,-0.058291604286520485,83.59033149171269,0.46475472046152605,0.4669856566585901,0.29411564708298993,39.9
686642,"Ellard, Fraser",FF,Fastball,190,4.925556700768636,-0.05831389074310218,94.87421052631582,0.5193566466704304,0.2749427471616295,0.3689336385615044,39.8
669456,"Bieber, Shane",CH,Offspeed,138,4.925556286640303,-0.05831390576585053,88.96956521739132,0.48207131128848013,0.4079558226822013,0.29883793780493595,39.8
805299,"Garcia, Brandyn",SI,Fastball,148,4.925401313103211,-0.05831952752182493,96.84729729729737,0.466967992455249,0.235902379746207,0.29008642820734953,39.8
676742,"Sanders, Cam",SL,Breaking,37,4.925241536290744,-0.05832532351943154,86.76756756756755,0.4766851599529663,0.2951335660683294,0.34049076944036594,39.7
663978,"Paddack, Chris",CH,Offspeed,633,4.92509577840784,-0.0583306109721438,84.4933649289099,0.5741619983145821,0.42905859733720364,0.3145898049266145,39.7
600917,"Leclerc, José",FF,Fastball,86,4.924383057474012,-0.05835646534214181,94.13837209302325,0.5105358790422361,0.24148805787679717,0.36297306689744446,39.7
593974,"Peralta, Wandy",CH,Offspeed,407,4.92434915179356,-0.05835769529059108,88.91744471744465,0.548365621690115,0.43753152373532234,0.2990144238788717,39.6
650893,"Cabrera, Génesis",FS,Offspeed,93,4.924322546393025,-0.05835866041710397,85.03225806451617,0.48108770448843197,0.4445000098171182,0.31145181306124525,39.6
642528,"Loáisiga, Jonathan",SI,Fastball,270,4.923563476176644,-0.05838619613451764,96.82555555555561,0.4689420963665482,0.24637283882278596,0.2852642211812817,39.6
642547,"Peralta, Freddy",CH,Offspeed,714,4.92284783190147,-0.05841215655043784,88.85252100840336,0.4703530128935579,0.4151441145981376,0.29893463879512483,39.5
682842,"Uribe, Abner",FF,Fastball,26,4.922518395833227,-0.05842410703707969,99.73846153846155,0.6235523118179943,0.2550214694666387,0.3325476167229405,39.5
701542,"Warren, Will",FF,Fastball,1228,4.921751298234008,-0.058451933952515224,93.27874592833882,0.4723210783253718,0.23568663839023854,0.36896415700952384,39.5
687134,"Blalock, Bradley",FC,Fastball,104,4.921670178781864,-0.05845487660823115,89.8144230769231,0.4704084842585786,0.3630974270993723,0.32825289018291465,39.4
662253,"Muñoz, Andrés",SI,Fastball,141,4.921442273354777,-0.05846314401130096,97.69645390070919,0.41789414706965156,0.25244701935445013,0.2924436731531927,39.4
672391,"Ort, Kaleb",CH,Offspeed,65,4.921051971102097,-0.058477302454490974,89.58307692307689,0.38105137344286877,0.4478595742313421,0.29066471174812525,39.4
669203,"Burnes, Corbin",FC,Fastball,555,4.920526844414349,-0.058496351733158904,94.08468468468467,0.4677036346189717,0.3118834993966775,0.33045745854347314,39.3
664991,"Wolfram, Grant",SI,Fastball,211,4.920086217760606,-0.05851233572352042,96.00758293838862,0.46312778937714183,0.24062935093674143,0.32417793158654434,39.3
686613,"Brown, Hunter",FC,Fastball,42,4.920000422425191,-0.05851544799964511,93.35952380952382,0.4594213302592239,0.27070801868202266,0.33547944887452874,39.3
663372,"Feltner, Ryan",CU,Breaking,39,4.919493104994032,-0.058533851237082116,78.73589743589744,0.473213568991232,0.31286011317728435,0.33007861158198076,39.2
682990,"Priester, Quinn",FC,Fastball,545,4.919269372464854,-0.058541967265832585,92.2976146788991,0.4943210094094458,0.31037337267196063,0.3321731691342399,39.2
801403,"Dollander, Chase",FF,Fastball,867,4.919237301925072,-0.05854313064347782,97.95155709342558,0.5088043347666612,0.2562442721139403,0.35336672744760717,39.2
686563,"Cannon, Jonathan",CH,Offspeed,383,4.919215969539212,-0.05854390448828942,85.5869451697128,0.5721828570320654,0.3766384862644518,0.3106453060491226,39.1
622608,"Senzatela, Antonio",FC,Fastball,42,4.918505879561994,-0.058569663418792904,91.20238095238095,0.5058387795800835,0.28942428349962895,0.33905343389599385,39.1
660825,"Bazardo, Eduard",SI,Fastball,614,4.917593926207333,-0.05860274506173795,95.53697068403903,0.4445790728427474,0.1872343907652535,0.3361924359409304,39.1
548384,"Raley, Brooks",SI,Fastball,94,4.917035379912858,-0.05862300665624539,90.65319148936167,0.3681981755301273,0.22790543621460174,0.3205605220137175,39.0
660896,"Alcala, Jorge",SL,Breaking,175,4.916749731027357,-0.05863336873714508,89.92914285714285,0.5015608661443969,0.3573218109780468,0.3295982779946624,39.0
676254,"Walker, Ryan",SI,Fastball,637,4.916123523175636,-0.058656084794336184,95.95792778649923,0.43461670432172606,0.20413387146537587,0.3159497567588458,39.0
621366,"Borucki, Ryan",SL,Breaking,255,4.916027732075803,-0.05865955967267912,85.84470588235301,0.4933208989757094,0.41244135454836256,0.323192066756845,38.9
605288,"Houser, Adrian",FF,Fastball,238,4.915654692006517,-0.05867309192003933,95.1886554621849,0.4917684293853251,0.2516889650615998,0.35508113284814313,38.9
607455,"Banda, Anthony",CH,Offspeed,42,4.915151271784318,-0.058691353783935064,89.77857142857142,0.45880330433876826,0.41702821291176956,0.28340008204325545,38.9
675512,"Melton, Troy",FC,Fastball,71,4.914934468176565,-0.05869921846199585,90.89014084507046,0.49633663921543036,0.3187916950780733,0.33979185419285285,38.8
676979,"Crochet, Garrett",SI,Fastball,525,4.914577126142877,-0.05871218125390537,96.05180952380962,0.49317445736370896,0.23452089808876708,0.30783969154681823,38.8
623211,"Brazobán, Huascar",FF,Fastball,123,4.914454868215676,-0.05871661623193826,96.47886178861789,0.49265858407245516,0.23769785093123247,0.3532202602986159,38.8
664351,"Contreras, Luis",CH,Offspeed,39,4.914188044672281,-0.05872629541250897,83.61538461538463,0.3574938086170532,0.4532375370457798,0.29947834097940473,38.7
663855,"Hicks, Jordan",SI,Fastball,686,4.913515886777543,-0.05875067833446735,97.52682215743432,0.43697616331833994,0.20355611021317668,0.3196002763850422,38.7
547179,"Lorenzen, Michael",FC,Fastball,259,4.912987684977014,-0.05876983916465526,90.2073359073359,0.46921247697701524,0.3144227623284172,0.33213350900913113,38.7
666661,"Morillo, Juan",CH,Offspeed,82,4.912824981821155,-0.05877574131708509,91.88292682926829,0.4323337375696338,0.3954138471848401,0.2995536170516198,38.6
683155,"Estes, Joey",SL,Breaking,49,4.912650073904003,-0.05878208620439086,82.30204081632652,0.4687549745975464,0.36338979889792694,0.34333445617671077,38.6
650911,"Sánchez, Cristopher",SI,Fastball,1417,4.912631190226198,-0.05878277122088163,95.40035285815094,0.4423472644322686,0.19326089375620326,0.3194628144751431,38.6
663542,"Hudson, Bryan",SI,Fastball,26,4.911703677033644,-0.05881641730607428,89.04999999999998,0.2880109853631851,0.335185066156623,0.29980151331518246,38.5
669358,"Baz, Shane",SL,Breaking,82,4.911190831344028,-0.058835021084330114,86.7390243902439,0.402173218248301,0.37870570570940054,0.3233131585083929,38.5
660604,"Rangel, Alan",CH,Offspeed,54,4.910977612257901,-0.058842755731766,82.15740740740739,0.4494787348409878,0.41060538319603396,0.3164519720380262,38.5
628452,"Iglesias, Raisel",FF,Fastball,387,4.910523295162756,-0.0588592363509211,94.86795865633077,0.5514217999079536,0.23873992440785868,0.3779433347200065,38.4
701552,"Granillo, Andre",SL,Breaking,235,4.909953273650647,-0.058879914215680514,83.49574468085103,0.5080795832003975,0.42467608549488606,0.3215988853316894,38.4
701542,"Warren, Will",CH,Offspeed,288,4.909786730105507,-0.05888595568048459,86.98611111111109,0.5008432783643816,0.458688494415478,0.2783650946079725,38.4
686563,"Cannon, Jonathan",FC,Fastball,418,4.909645880955178,-0.0588910650660429,89.30837320574159,0.4675602291281894,0.33720384417062627,0.34019894269696005,38.3
656288,"Canning, Griffin",FC,Fastball,59,4.908167860377236,-0.058944681129600135,89.46101694915255,0.4297175306048956,0.3580237847126301,0.3115380680223418,38.3
702674,"Dana, Caden",FF,Fastball,253,4.908161208166664,-0.058944922442441185,94.89169960474305,0.4115620157746747,0.260391490572708,0.36714823569654303,38.3
592836,"Walker, Taijuan",FF,Fastball,210,4.90787627979095,-0.058955258386425805,92.22761904761904,0.4717537098361946,0.20749632768402756,0.36213423923789406,38.2
663558,"Morán, Jovani",FF,Fastball,29,4.907600753206588,-0.05896525327491326,92.27241379310344,0.4530509968596732,0.2464886867481115,0.3213757936389733,38.2
641672,"Hatch, Thomas",ST,Breaking,43,4.9070143502468,-0.05898652538629751,82.21860465116278,0.4531971631145344,0.5781343831860613,0.2937410957450831,38.2
656302,"Cease, Dylan",CH,Offspeed,47,4.906497758295814,-0.05900526506238224,78.65531914893616,0.41609165497014544,0.3490144665462977,0.29872852941988215,38.1
694646,"McDermott, Chayce",FF,Fastball,105,4.905815413471379,-0.059030017521191525,93.50571428571435,0.3716926297875658,0.28637307019263836,0.341048672062579,38.1
687888,"Walter, Brandon",CH,Offspeed,149,4.905815199183716,-0.059030025294602266,80.88120805369127,0.5039667815200116,0.3867267415057399,0.3072264482934287,38.1
608372,"Sugano, Tomoyuki",FC,Fastball,308,4.905570929078575,-0.05903888633596914,88.16233766233763,0.4666747085562612,0.3511697842078281,0.322634946140973,38.0
682790,"González, Wikelman",FF,Fastball,206,4.905262107117135,-0.05905008903379329,95.10825242718447,0.4853485316920976,0.2358109510044559,0.37604331940231783,38.0
660825,"Bazardo, Eduard",FF,Fastball,180,4.904751458696724,-0.05906861310481965,94.85666666666663,0.49090561589060216,0.23397145198423663,0.3572574111487319,38.0
571760,"Heaney, Andrew",SI,Fastball,234,4.904525576056265,-0.05907680713011805,89.22393162393158,0.47345425424435633,0.18425930193055048,0.31573854256434286,37.9
687847,"Church, Marc",FF,Fastball,56,4.904067401648725,-0.05909342767554319,96.29107142857144,0.42487242038583634,0.23715027673864733,0.3514313428675803,37.9
542881,"Anderson, Tyler",FC,Fastball,480,4.903446590499814,-0.059115947964173694,84.3527083333333,0.44801381023437714,0.34857267949883836,0.3109336956196586,37.9
519008,"McFarland, T.J.",CH,Offspeed,29,4.903427012472625,-0.05911665816859556,80.88620689655171,0.545884076098503,0.40299135182629653,0.3175811222602328,37.8
671737,"Bradley, Taj",FC,Fastball,535,4.903026773881897,-0.05913117705827736,89.65551401869168,0.47459911462879123,0.38804201417053,0.3212670090065615,37.8
681217,"Silseth, Chase",FF,Fastball,75,4.9027328200793105,-0.059141840404916525,95.37733333333335,0.49080185708086144,0.25990130984919385,0.36937053009323945,37.8
592094,"Adam, Jason",SL,Breaking,391,4.902512493383164,-0.05914983288507563,83.9296675191816,0.48481955963863654,0.36000104089835017,0.3380251853267088,37.7
669160,"May, Dustin",SI,Fastball,753,4.902301303292713,-0.05915749392950295,94.5519256308099,0.4297513174955681,0.20142552166717353,0.31955660079226916,37.7
669371,"Henry, Cole",CH,Offspeed,27,4.901969696283948,-0.059169523168285804,87.29629629629632,0.376683656606842,0.39366104518039,0.30205292331570605,37.7
680730,"Parker, Mitchell",FS,Offspeed,284,4.901596499688213,-0.059183061093734904,85.42007042253526,0.5342912063892774,0.4161374300442898,0.3258013468266017,37.6
694477,"Patrick, Chad",FC,Fastball,890,4.901258286856941,-0.059195329962604494,88.03235955056167,0.5188251434186476,0.3207494549236607,0.3327528524734277,37.6
687922,"Lucas, Easton",FF,Fastball,218,4.901176240545582,-0.05919830624068216,93.8133027522936,0.5594119060937575,0.2258788883298587,0.3622424314690505,37.6
669022,"Gore, MacKenzie",FC,Fastball,130,4.901080142111928,-0.059201792267739715,90.32384615384613,0.520832421679307,0.36128002021354866,0.3159092920811705,37.5
669711,"Weissert, Greg",CH,Offspeed,106,4.900997347678097,-0.059204795684399056,86.02075471698116,0.46722926735559095,0.42195971762361195,0.29787936961437605,37.5
489446,"Yates, Kirby",FF,Fastball,434,4.900569831166229,-0.05922030409667299,92.74400921658982,0.5073527842868486,0.21961501249913742,0.3736220326158869,37.5
701487,"Ohl, Pierson",CH,Offspeed,205,4.898554774686336,-0.059293401452629804,81.07951219512194,0.6043743683657351,0.4045202636878997,0.32060407578025646,37.4
663423,"Thornton, Trent",FC,Fastball,155,4.898263420124181,-0.0593039705102974,90.07354838709678,0.5751691884184502,0.33666458546474837,0.3230814221233143,37.4
663568,"Kolek, Stephen",FF,Fastball,449,4.898129391120025,-0.05930883249105223,94.0218262806236,0.4643954388212064,0.2532775769445227,0.3575853471533517,37.4
800049,"Mazur, Adam",SL,Breaking,140,4.898107697507093,-0.05930961943958822,87.02714285714289,0.5504683576036964,0.38817616418143136,0.33903005144343806,37.3
647336,"Soroka, Michael",FF,Fastball,712,4.897671389569362,-0.059325446765992926,93.69662921348316,0.5172273301363186,0.2527862229125363,0.3751240460798773,37.3
650644,"Civale, Aaron",FC,Fastball,625,4.8976649925331275,-0.059325678822235065,89.26672000000003,0.47983770424249916,0.31621256865047387,0.3326287576883721,37.3
656794,"Newcomb, Sean",FF,Fastball,461,4.897642908475367,-0.05932647993438595,93.29826464208239,0.5018992890911681,0.23579038511339984,0.37491394736765726,37.2
666374,"Brash, Matt",SI,Fastball,207,4.897205710582888,-0.05934233954442144,96.48212560386473,0.42987598444038516,0.21592995346397367,0.3125165921477609,37.2
624133,"Suarez, Ranger",FC,Fastball,435,4.896909441667243,-0.05935308687314498,86.43586206896548,0.5750960715772976,0.2589664382299258,0.3484807311835734,37.2
678906,"Teng, Kai-Wei",SI,Fastball,71,4.896863749057798,-0.05935474439935856,92.8887323943662,0.278941063655047,0.26137634034026036,0.31610360807228677,37.1
679885,"Martinez, Justin",SI,Fastball,106,4.896251560362119,-0.05937695190343962,99.46981132075476,0.4476537866249916,0.25956976972827983,0.3021580268736576,37.1
690382,"Darrell-Hicks, Michael",FC,Fastball,53,4.8958828601367,-0.05939032672041751,87.42264150943396,0.4642317927572811,0.42276371725167977,0.31191356334880166,37.1
669062,"Miller, Erik",FF,Fastball,177,4.89578363915241,-0.05939392601983142,97.12824858757065,0.3805770706410891,0.28510091279445193,0.3405530094392631,37.0
815083,"Farris, Mitch",CH,Offspeed,108,4.895536977995283,-0.059402873798011895,77.62407407407409,0.4726249471074438,0.48827495192586373,0.301960451083054,37.0
656557,"Houck, Tanner",FS,Offspeed,142,4.893935615816874,-0.05946096415048536,89.42676056338026,0.543318457118014,0.40290058332540657,0.30249247666988316,37.0
671162,"Thomas, Connor",SI,Fastball,60,4.893509439878983,-0.05947642393265187,89.70166666666661,0.3020054296325258,0.3550425645597793,0.29678414642249124,36.9
806185,"Birdsong, Hayden",SL,Breaking,291,4.893232654612371,-0.05948646448057645,88.92439862542956,0.485160703950356,0.4196042074827354,0.3216923935922255,36.9
660730,"Rodríguez, Elvin",FC,Fastball,57,4.893174492139238,-0.05948857435841078,87.69824561403507,0.4422579801488849,0.3993190478689277,0.33100007039792395,36.9
664199,"Clarke, Taylor",CH,Offspeed,183,4.893128245319286,-0.05949025198893577,89.61530054644813,0.5027154087846378,0.3840972311252552,0.3154730847655705,36.8
615698,"Quantrill, Cal",FF,Fastball,301,4.89277018166334,-0.059503240958115995,93.65548172757471,0.43875050114114933,0.2545536037057287,0.35278048278101376,36.8
663568,"Kolek, Stephen",FC,Fastball,272,4.891744176527809,-0.05954045989632125,90.50441176470596,0.5183687029668258,0.3121435740291966,0.3403310005342448,36.8
688158,"Morgan, David",SL,Breaking,144,4.891494949270858,-0.059549500761278344,87.98680555555553,0.4889355066138724,0.45053284006077043,0.30984590311026,36.7
657571,"Ferguson, Caleb",SI,Fastball,264,4.891421145339884,-0.05955217804217211,93.86287878787871,0.4920688431616707,0.2037169283641091,0.3188327112583654,36.7
700241,"McGreevy, Michael",CH,Offspeed,151,4.891032408400249,-0.05956627970271281,88.00463576158938,0.47919952154280954,0.43643003871620495,0.28297248550532805,36.7
628452,"Iglesias, Raisel",CH,Offspeed,267,4.890993256519882,-0.059567699960142086,88.75430711610485,0.5905749606901176,0.36943084777444823,0.305502177492931,36.6
647336,"Soroka, Michael",SV,Breaking,544,4.89070198212315,-0.05957826610976182,80.46470588235289,0.4150043794056453,0.36823829026233756,0.3343132007005461,36.6
663465,"Allard, Kolby",FC,Fastball,205,4.8904123592255315,-0.05958877235028254,84.88585365853659,0.5357766689758144,0.3024145810156028,0.3400146193118461,36.6
669145,"Zimmermann, Bruce",SI,Fastball,28,4.889758209496233,-0.05961250201547487,89.77857142857142,0.324867966612053,0.14417493731485503,0.3523976702821096,36.5
687377,"Ribalta, Orlando",SL,Breaking,124,4.8896246708175815,-0.05961734620938448,87.241935483871,0.5329103673745039,0.4298252793722271,0.3228480731106166,36.5
622253,"Tate, Dillon",SI,Fastball,47,4.889393755005116,-0.05962572281595021,92.10638297872342,0.3763790188287551,0.17942622499569869,0.3152240065434509,36.5
592836,"Walker, Taijuan",FS,Offspeed,481,4.8892465368148725,-0.05963106324216783,87.34802494802491,0.5621156405481723,0.3844997975548694,0.30436328331938184,36.4
686826,"Jarvis, Bryce",FC,Fastball,26,4.88913492699436,-0.059635111953883935,88.23076923076923,0.4856481752354163,0.3127274514300539,0.334904856583304,36.4
621139,"Kriske, Brooks",FC,Fastball,42,4.88898916536066,-0.05964039954265853,86.06666666666665,0.3851986137322563,0.587999215230565,0.278368392967567,36.4
641540,"Dunning, Dane",CH,Offspeed,75,4.887677532999086,-0.05968797977605415,85.51200000000004,0.5180667751492494,0.3349245653628184,0.3148228718580705,36.3
669947,"Scholtens, Jesse",FF,Fastball,59,4.887585629702821,-0.059691313622041865,95.25084745762713,0.4796291596492046,0.2424616246998492,0.36480959120639517,36.3
679775,"Backhus, Kyle",CH,Offspeed,42,4.8873410044497785,-0.05970018754660736,78.31190476190474,0.33375508827935585,0.34622058759551144,0.31484141717940956,36.3
677651,"Garcia, Luis",FC,Fastball,27,4.887121760399715,-0.05970814075314458,81.9962962962963,0.4652615142671406,0.5272279161374327,0.2864982007319743,36.2
605182,"Clevinger, Mike",FF,Fastball,52,4.8869930806202735,-0.05971280868763486,93.75,0.4669938256280744,0.25073267824215395,0.37496325554584187,36.2
674444,"Cruz, Steven",FC,Fastball,164,4.886224126831111,-0.059740702937449534,93.67439024390242,0.4463086072569543,0.3433178947679921,0.3292250513363462,36.2
693855,"Seymour, Ian",SI,Fastball,54,4.8858021005666465,-0.05975601218777798,90.67407407407407,0.34978223924234414,0.22137170803358663,0.3216821205590856,36.1
621244,"Berríos, José",FF,Fastball,479,4.885738079601656,-0.05975833458584152,92.97223382045927,0.44342854935222586,0.22235427549975295,0.3596741427104296,36.1
676106,"Hancock, Emerson",SL,Breaking,162,4.885736593276181,-0.059758388503170015,81.80123456790119,0.45837095257292,0.43903418763713326,0.3086931572159749,36.1
672841,"Vargas, Carlos",FF,Fastball,39,4.8853648931001015,-0.059771872145118116,97.57435897435899,0.49915589233613433,0.30995615119871356,0.3358477843834199,36.0
621366,"Borucki, Ryan",FS,Offspeed,107,4.885063643325032,-0.05978280015743936,83.85607476635512,0.5567907603332833,0.40923484734746735,0.3141008853590576,36.0
642520,"Garabito, Gerson",CH,Offspeed,28,4.884675106849856,-0.059796894546014334,86.81428571428569,0.5187971858708673,0.35848808084676737,0.3046072753441353,36.0
607200,"Fedde, Erick",FC,Fastball,680,4.884515292924189,-0.059802691889923834,90.2661764705883,0.4958096373434085,0.31807442621439436,0.3312489866534164,35.9
701581,"Festa, David",CH,Offspeed,256,4.884504793250587,-0.05980307277174361,87.76171875000003,0.49400875893943796,0.4393259896627186,0.3107627010239696,35.9
571948,"Milner, Hoby",CH,Offspeed,205,4.883977630869198,-0.059822195896392434,81.09951219512195,0.5734464802428675,0.4040168156854344,0.29914359635112325,35.9
664141,"Brubaker, JT",CH,Offspeed,72,4.883890396997364,-0.059825360356269605,87.92638888888891,0.5465081501339413,0.39060724197033925,0.28719989562376247,35.8
502085,"Robertson, David",FC,Fastball,162,4.883875635956796,-0.05982589582167604,91.75555555555552,0.46833489760519753,0.26997489774457456,0.352287917072208,35.8
686752,"Pepiot, Ryan",CH,Offspeed,685,4.883672520553269,-0.05983326395209803,86.75941605839418,0.5673163145577743,0.3479558555685609,0.31479341632569696,35.8
691172,"Zulueta, Yosver",SL,Breaking,55,4.883670398625357,-0.059833340926277984,86.58363636363636,0.5382595447257187,0.4067684157521106,0.314840553047578,35.7
669711,"Weissert, Greg",SI,Fastball,301,4.88366336273659,-0.059833596157270755,93.87574750830565,0.42860499029119764,0.20982242874961313,0.31193307839854617,35.7
506433,"Darvish, Yu",FC,Fastball,139,4.883451339839141,-0.05984128741226048,90.7287769784173,0.5415496569834453,0.2599890862149196,0.34950777240970826,35.7
663947,"Holton, Tyler",SI,Fastball,287,4.8833718941539255,-0.05984416935109908,91.45017421602797,0.4663211664124078,0.17347928140460367,0.3152086514217309,35.6
686654,"Adcock, Ty",FF,Fastball,34,4.883013455095529,-0.05985717193822363,97.11176470588232,0.6180338951514699,0.19207051060519817,0.35253072797323126,35.6
679358,"Orze, Eric",FF,Fastball,174,4.882420014661314,-0.05987869933812124,93.92068965517247,0.4837592379320613,0.2825885626275336,0.3581272713816905,35.6
641540,"Dunning, Dane",FC,Fastball,155,4.8823646780166,-0.05988070670737196,88.66193548387099,0.499155357667615,0.31231590031677303,0.33713990319233655,35.5
608331,"Fried, Max",FC,Fastball,924,4.881902407816006,-0.05989747583009289,93.5801948051948,0.5648320821131475,0.2997033959097829,0.327646245713889,35.5
571578,"Corbin, Patrick",FF,Fastball,69,4.881613989254752,-0.05990793838260542,91.15797101449274,0.4276555865960047,0.26967386161651324,0.36795019800502027,35.5
663623,"Irvin, Jake",SL,Breaking,128,4.881395078057804,-0.05991587951470069,83.625,0.5168738096269299,0.40421529475830226,0.3112826990064296,35.4
665660,"Alvarado, Elvis",SI,Fastball,117,4.880053890434134,-0.05996453188256755,98.25555555555559,0.4998632283125914,0.15963696262218866,0.3187660695257627,35.4
679358,"Orze, Eric",FS,Offspeed,330,4.879572072240919,-0.05998201012018862,84.1148484848485,0.5774170137273801,0.33914311604612934,0.32091967864671234,35.4
678394,"Bello, Brayan",FF,Fastball,412,4.8792588939827946,-0.059993370845230744,95.06504854368933,0.5039915446972922,0.2839764435432371,0.34947235606100635,35.3
621121,"McCullers Jr., Lance",FF,Fastball,62,4.87894692375973,-0.06000468774809222,91.82580645161292,0.348627102325511,0.3144745937178849,0.34999114206420306,35.3
677865,"Bruihl, Justin",SI,Fastball,115,4.878903050018361,-0.06000627929379923,90.21391304347824,0.4463265978897013,0.170871806197847,0.3123853293581477,35.3
688297,"Roycroft, Chris",FF,Fastball,112,4.877786678188523,-0.06004677633685495,95.65178571428574,0.4591561404298828,0.32150546578204153,0.3286030879112861,35.2
663767,"Shugart, Chase",CH,Offspeed,49,4.87760853136556,-0.06005323871736911,88.1795918367347,0.4120137020621335,0.36689336014295526,0.2988678176537297,35.2
691251,"Lara, Andry",SL,Breaking,83,4.8771605480907,-0.060069489573477554,85.98674698795182,0.4757565039549621,0.42026718799582585,0.32088202577127245,35.2
678215,"Arias, Luarbert",SL,Breaking,96,4.876492263481448,-0.060093731989732675,82.45208333333333,0.5106013409688656,0.351245468233729,0.34159499405615495,35.1
527048,"Pérez, Martín",FF,Fastball,38,4.876269852247245,-0.06010180008773269,89.64473684210526,0.3731472756410501,0.2398480667236738,0.35340259251679357,35.1
683769,"Gaddis, Hunter",CH,Offspeed,152,4.87621840858185,-0.06010366623687481,78.86776315789477,0.46713731132891706,0.3781620514830401,0.29062631902232977,35.1
686228,"Burgos, Juan",FC,Fastball,84,4.87573945955893,-0.06012104039366037,91.84642857142853,0.420696534484017,0.47783354794495136,0.3081211704106958,35.0
623437,"Topa, Justin",SI,Fastball,361,4.875281531726061,-0.06013765199444469,94.11191135734069,0.463725037503486,0.17081291564973944,0.31355547009558926,35.0
676702,"Stratton, Hunter",FC,Fastball,78,4.875049620915471,-0.06014606469515106,93.43333333333335,0.5671505335940359,0.2892453366957164,0.33385902696595426,35.0
691799,"Taylor, Grant",FC,Fastball,102,4.874837392500055,-0.06015376340542574,95.26078431372548,0.5403037886849051,0.3302104099446628,0.3097163233144192,34.9
663485,"Sands, Cole",FC,Fastball,287,4.874579288112196,-0.060163126293514196,89.45156794425081,0.5245340060326753,0.32260616502856354,0.33096242046475527,34.9
675512,"Melton, Troy",CU,Breaking,35,4.873592199686439,-0.06019893350524181,78.75714285714282,0.43424512554034156,0.2208167764396545,0.33684766928151905,34.9
683004,"Leiter, Jack",CH,Offspeed,447,4.873515390712852,-0.060201719795819286,90.75100671140935,0.4445381724157098,0.44136911702576165,0.30277338805145765,34.8
668964,"Myers, Tobias",SL,Breaking,141,4.873466109277286,-0.06020350750880577,84.48085106382982,0.4835171154279038,0.4265660354196724,0.3159754360358354,34.8
678906,"Teng, Kai-Wei",FF,Fastball,143,4.87345878199951,-0.06020377331010565,93.16643356643357,0.46091014498846655,0.2714533291793228,0.3570727871275696,34.8
687911,"King, Bryan",FF,Fastball,663,4.873303334922687,-0.06020941224401188,91.99095022624424,0.5483054737282264,0.24610077763065888,0.3667668542755756,34.7
802686,"Harris, Hayden",FF,Fastball,42,4.873207318457214,-0.06021289529762554,91.87619047619044,0.5428760393648604,0.21520826496414291,0.39721750910203774,34.7
663941,"Beck, Tristan",FF,Fastball,270,4.8710386079102745,-0.06029156654500698,94.67259259259252,0.4527661894920947,0.22023979714609726,0.37053599833827777,34.7
669422,"Sauer, Matt",SL,Breaking,96,4.870959428121151,-0.06029443883830871,83.76666666666664,0.49246015712408275,0.40649995854588955,0.33034743993671245,34.6
445276,"Jansen, Kenley",SL,Breaking,55,4.8707233651627915,-0.0603030021606114,83.69636363636363,0.619493559559713,0.30811831319082905,0.3285552084542279,34.6
677952,"Ashcraft, Braxton",FF,Fastball,327,4.869823075450718,-0.06033566069807899,96.95932721712538,0.490351176365579,0.23778524444196197,0.36363817548855154,34.5
657649,"Koenig, Jared",SI,Fastball,627,4.869272160870392,-0.06035564544767863,95.8631578947369,0.4731505960717712,0.1916783403707736,0.3342251268100858,34.5
642239,"Zastryzny, Rob",FF,Fastball,160,4.867525587842515,-0.06041900340890568,91.86562499999995,0.5108051429289754,0.2450679067746347,0.359263000640912,34.5
606160,"Montero, Rafael",SI,Fastball,54,4.867502379470677,-0.06041984530620942,95.04629629629629,0.542032461648859,0.16521772612313312,0.29724782873107974,34.4
687765,"Spence, Mitch",FC,Fastball,628,4.866577526152813,-0.06045339490288755,91.12611464968155,0.5080641274647638,0.32356850123578373,0.333576812204848,34.4
681867,"Criswell, Cooper",SI,Fastball,78,4.865177173131752,-0.06050419353025449,89.42179487179486,0.38544872729634805,0.21429698547737652,0.3219793573651762,34.4
686930,"Barnett, Mason",CH,Offspeed,44,4.865040977863372,-0.060509134093515084,85.38409090909093,0.5451995234426689,0.3410571892917929,0.3262856714782815,34.3
690990,"Horton, Cade",FF,Fastball,899,4.864930597223518,-0.060513138215981366,95.73804226918797,0.5057683723793106,0.2272206969114936,0.36332731208718594,34.3
678020,"Halvorsen, Seth",FS,Offspeed,170,4.864676660875452,-0.060522349905981265,90.82764705882356,0.5791310195709471,0.37830630507520424,0.3131376048088784,34.3
688138,"Evans, Logan",FC,Fastball,363,4.8642656597769305,-0.06053725921194711,87.83415977961431,0.48739159808007315,0.3702032366263128,0.3312941984460392,34.2
673380,"Núñez, Dedniel",SL,Breaking,93,4.864170302156743,-0.06054071836556183,88.7548387096774,0.6300862613009257,0.37628010441884535,0.321864508266211,34.2
669854,"Blanco, Ronel",SL,Breaking,250,4.864126158767763,-0.06054231969289395,85.53600000000002,0.5334934290140027,0.4438885147159306,0.3135767032162,34.2
666277,"Soriano, George",SI,Fastball,145,4.863977586711554,-0.06054770923139397,95.4144827586207,0.42742379066043096,0.22199535027026185,0.31046867893411545,34.1
665152,"Kremer, Dean",FS,Offspeed,567,4.863963906718363,-0.060548205481172616,81.87248677248682,0.5252673907145132,0.42275582184434335,0.3061039570775789,34.1
694918,"Tidwell, Blade",SI,Fastball,57,4.863862163660485,-0.060551896270285385,94.75964912280702,0.46394448395230975,0.21024213941471762,0.32735636559066084,34.1
641816,"Mahle, Tyler",FS,Offspeed,396,4.863816909447164,-0.06055353789342253,84.07803030303035,0.6117224846578528,0.3478498557853013,0.3200954684966652,34.0
666277,"Soriano, George",FF,Fastball,131,4.8637265089383375,-0.060556817224914274,95.99083969465654,0.49947019650237084,0.2767012784439942,0.3583294540673769,34.0
621363,"Poche, Colin",SL,Breaking,69,4.863443279476472,-0.060567091539802116,82.60434782608698,0.3742902181464256,0.5039635872057503,0.3019563941858251,34.0
685068,"Ragsdale, Carson",FF,Fastball,27,4.863375556798712,-0.06056954821966794,93.92962962962963,0.5016870224793138,0.23664815717494714,0.35188386056741444,33.9
663436,"Martin, Davis",CH,Offspeed,577,4.863124085086632,-0.06057867050355137,90.1759098786828,0.5480226518894876,0.3853612562053555,0.31186376313442976,33.9
608379,"Wacha, Michael",FF,Fastball,750,4.863079387060002,-0.06058029195068965,93.05306666666675,0.4609194534588279,0.19754973830937245,0.36189463857636806,33.9
672841,"Vargas, Carlos",SI,Fastball,778,4.861629717692808,-0.0606328795574447,97.73367609254502,0.47177850877794897,0.21970139820711324,0.3022629274267692,33.8
668941,"Romero, JoJo",CH,Offspeed,227,4.861200640041497,-0.060648444600967896,87.26387665198232,0.504833324857165,0.43883138271883587,0.29577615166760385,33.8
670059,"Holderman, Colin",SI,Fastball,183,4.861099947950626,-0.06065209726563601,97.38579234972681,0.430439798068262,0.24871603055282854,0.29822330399077357,33.8
689690,"Jacob, Alek",SI,Fastball,95,4.860944072325705,-0.06065775174537568,84.26315789473686,0.4629956243402296,0.18046065528494573,0.3279745279540275,33.7
689266,"Dodd, Dylan",FC,Fastball,289,4.860762821417585,-0.060664326728400116,86.89653979238749,0.5095936437040195,0.3908160299428416,0.3316732466305333,33.7
701542,"Warren, Will",SI,Fastball,633,4.860584070276336,-0.06067081103091484,93.21216429699838,0.40849759198693747,0.241390808397246,0.31591317988260503,33.7
695549,"Jobe, Jackson",CH,Offspeed,158,4.860543525634218,-0.06067228181159339,85.37784810126583,0.5165146741905827,0.371009454724613,0.3066428280642278,33.6
676979,"Crochet, Garrett",FC,Fastball,903,4.859556771653635,-0.06070807689112585,90.88327796234773,0.5547569106578342,0.30929460405911746,0.3496278608654413,33.6
669387,"Mlodzinski, Carmen",FF,Fastball,596,4.859406228650927,-0.060713537926866346,96.05687919463087,0.4808900533633844,0.2628066468224133,0.3521135680572702,33.6
676467,"Gordon, Colton",SI,Fastball,157,4.858440473936858,-0.06074857124568683,91.54649681528666,0.4453820262601245,0.19718194081027324,0.3276134682302794,33.5
678394,"Bello, Brayan",CH,Offspeed,414,4.858254145998072,-0.060755330400977046,88.77946859903386,0.4625200993900826,0.4220105055119051,0.28850283143766836,33.5
593958,"Rodriguez, Eduardo",FC,Fastball,415,4.857586839832567,-0.060779537323611,89.20433734939756,0.48622145084980467,0.2695176420485952,0.34430634444601416,33.5
680732,"Burke, Sean",CH,Offspeed,160,4.8574921700689595,-0.06078297152482472,85.644375,0.39181543343929964,0.46917773299222637,0.30012826072264237,33.4
688158,"Morgan, David",SI,Fastball,166,4.85726887387956,-0.06079107172509364,96.88072289156628,0.46089002542969915,0.22333862075909286,0.29171803263856444,33.4
672710,"Contreras, Roansy",CU,Breaking,38,4.8569934299626265,-0.06080106361477179,78.94999999999997,0.48439931673028513,0.362502298871886,0.31309272171065916,33.4
696149,"Chandler, Bubba",CH,Offspeed,104,4.856731816201464,-0.060810553807435726,91.73461538461538,0.4724778263325931,0.3452080642295988,0.30227822669084214,33.3
650644,"Civale, Aaron",FS,Offspeed,102,4.856469482414636,-0.06082007011945311,85.69509803921568,0.4997144615028391,0.3878980519541295,0.310545962364015,33.3
663804,"Kowar, Jackson",FF,Fastball,162,4.856294840965972,-0.06082640534045814,97.3395061728395,0.5166901264656203,0.2298621576865396,0.3653622550218577,33.3
680730,"Parker, Mitchell",FF,Fastball,1501,4.856247524383016,-0.06082812177726379,92.95016655562938,0.4863299460681586,0.2305322653681617,0.3648973709255524,33.2
595014,"Treinen, Blake",FF,Fastball,82,4.8553072144864,-0.06086223207040352,95.23658536585366,0.45815707007388035,0.26438223595085525,0.34458571704111646,33.2
673540,"Senga, Kodai",FF,Fastball,597,4.854899799917495,-0.06087701127290324,94.67839195979903,0.4656794399786252,0.2516695453319725,0.3713484722182505,33.2
676130,"Buttó, José",CH,Offspeed,166,4.854715053571331,-0.06088371305499338,88.35000000000005,0.45825488218026145,0.43051239210716485,0.28647784689588857,33.1
605400,"Nola, Aaron",CH,Offspeed,258,4.854456132897222,-0.06089310555434449,84.80348837209307,0.5306160926314043,0.36472419875071427,0.3017773720881943,33.1
668390,"Winn, Cole",FC,Fastball,118,4.854322646044222,-0.060897947868248266,91.28559322033895,0.5046309217239818,0.3133322905077973,0.33847994964924155,33.1
687922,"Lucas, Easton",CH,Offspeed,92,4.853633070708233,-0.06092296261810599,87.35978260869565,0.44027806585725926,0.471632365399944,0.3106339496343518,33.0
642520,"Garabito, Gerson",FF,Fastball,40,4.852670809045408,-0.06095786922444346,93.63249999999998,0.46640745139174405,0.26335508833342813,0.36971306572822876,33.0
656257,"Brigham, Jeff",FF,Fastball,46,4.852657392325713,-0.060958355923821345,94.2804347826087,0.5193031704359504,0.3010397807280956,0.36530684095555443,33.0
608337,"Giolito, Lucas",FF,Fastball,1145,4.852655680880853,-0.060958418007487976,93.258864628821,0.4827079611880584,0.2199113078013851,0.36516509720120494,32.9
506433,"Darvish, Yu",CU,Breaking,180,4.851934379461621,-0.06098458363962752,71.0838888888889,0.4654890701766596,0.34503297534819233,0.3167310645929556,32.9
605182,"Clevinger, Mike",FC,Fastball,35,4.851902462275055,-0.06098574145429464,89.57428571428572,0.3879147429054533,0.4619534094309401,0.2952590571938645,32.9
592836,"Walker, Taijuan",FC,Fastball,649,4.851028538159414,-0.06101744356428394,87.11325115562406,0.4685829192838185,0.2850227522884481,0.3398840866666002,32.8
681895,"Sisk, Evan",FC,Fastball,34,4.850716158510304,-0.06102877531931541,87.05588235294117,0.38987867783367725,0.3660663584139079,0.33377441117660145,32.8
681151,"Murray, Jayden",SI,Fastball,39,4.849859618594739,-0.06105984680724838,95.49230769230769,0.5236310827334467,0.1319512461627089,0.33461353557594603,32.8
686752,"Pepiot, Ryan",FC,Fastball,174,4.849427378533718,-0.061075526569038974,91.58735632183904,0.5011942507109495,0.29595426085567367,0.32775014949358544,32.7
605135,"Bassitt, Chris",CH,Offspeed,104,4.848350727005225,-0.061114582734861096,84.47019230769223,0.4479874527837827,0.36199888782442563,0.31400777267833274,32.7
664747,"Díaz, Alexis",SL,Breaking,157,4.84829874629502,-0.061116468365618674,87.49617834394907,0.5134772620960184,0.39554181088369206,0.3241178336962966,32.7
669422,"Sauer, Matt",FC,Fastball,163,4.847952431625307,-0.06112903113343068,89.95092024539872,0.5149865743465434,0.3357356424224744,0.3275779291786874,32.6
676051,"Heuer, Codi",SL,Breaking,43,4.847553159949221,-0.0611435149477166,84.34418604651165,0.4225382000294553,0.5084390411712154,0.3111187257739933,32.6
691548,"Muñoz, Rolddy",SI,Fastball,42,4.847418709013188,-0.06114839223429795,96.59761904761905,0.37634390413065993,0.3123993926420086,0.2576359042391555,32.6
681343,"Smith, Shane",FF,Fastball,1088,4.847342079888911,-0.06115117200073629,95.65496323529426,0.5376123652357129,0.22929192915539592,0.3702461946161959,32.5
656794,"Newcomb, Sean",SI,Fastball,351,4.847067463080954,-0.06116113388655098,92.4561253561254,0.44378040722142537,0.21648355289758678,0.31139323067877944,32.5
669674,"Long, Sam",FF,Fastball,293,4.845980122868392,-0.061200577790658156,93.19385665529005,0.4824671548752826,0.24898198816650557,0.3722209892571552,32.5
664849,"Young, Danny",SI,Fastball,105,4.845553314833838,-0.061216060502502,93.01619047619045,0.4011773459152754,0.2302744917127043,0.3031111798912512,32.4
687075,"Sproat, Brandon",CU,Breaking,43,4.845349007110749,-0.061223471885015784,79.94651162790696,0.541104114880541,0.21189923561693175,0.340247163868757,32.4
573124,"Rogers, Taylor",SI,Fastball,453,4.84525596474629,-0.06122684705137055,92.70728476821189,0.3848886592649717,0.18197796450144013,0.32454581611384486,32.4
805427,"Sommers, Drew",SI,Fastball,34,4.8452409027014465,-0.061227393435883556,93.50588235294119,0.39462214681074814,0.20369481364015435,0.3165906596191891,32.3
621244,"Berríos, José",FC,Fastball,161,4.844779803248751,-0.06124412008903768,89.49130434782607,0.5304137144620933,0.31182881734783874,0.31442215949568986,32.3
678692,"Henriquez, Ronny",CH,Offspeed,192,4.844048742490405,-0.0612706397469292,91.70156250000002,0.4664816003328367,0.42978067538073556,0.2908404588171621,32.3
641778,"Lauer, Eric",SL,Breaking,200,4.84362131816564,-0.06128614481506196,83.14000000000004,0.534469319778392,0.40934386161263353,0.33111597550484506,32.2
663623,"Irvin, Jake",FC,Fastball,125,4.8435961338841205,-0.061287058389648645,87.39280000000002,0.5148565236148798,0.35419673003896784,0.3155926740577281,32.2
571510,"Boyd, Matthew",SI,Fastball,91,4.84238192682863,-0.06133110446291063,91.56703296703296,0.5088739995858964,0.18666574243551126,0.29018832320874616,32.2
657649,"Koenig, Jared",FC,Fastball,209,4.841787523602718,-0.06135266678864189,90.75789473684213,0.46447953331553704,0.33298250165315574,0.33966612710179866,32.1
650644,"Civale, Aaron",FF,Fastball,287,4.841467197303763,-0.0613642868130583,92.14599303135886,0.4516069084415871,0.2504211472100763,0.35327924729165566,32.1
622379,"Castillo, Luis F.",SI,Fastball,27,4.841114176048986,-0.06137709286617817,91.13703703703703,0.4258023239917866,0.2926585578627243,0.3109796423201559,32.1
672710,"Contreras, Roansy",SL,Breaking,37,4.840074422245422,-0.061414810545382184,84.21351351351352,0.48743964829454306,0.38667291485224725,0.31638096710412306,32.0
663795,"Hagenman, Justin",FC,Fastball,125,4.839683581736633,-0.061428988514128265,86.72959999999998,0.5550744783412618,0.31058643553418447,0.34496427038177946,32.0
677952,"Ashcraft, Braxton",CH,Offspeed,36,4.839138186959368,-0.06144877302963362,91.62777777777777,0.4318484913696852,0.3313322656809755,0.3025380920283451,32.0
663893,"Little, Brendon",SI,Fastball,624,4.838079487348245,-0.061487177979121496,93.41490384615395,0.39559087566867207,0.3688483943349503,0.2896934333959166,31.9
657585,"Garrett, Reed",FC,Fastball,276,4.837701904777905,-0.06150087500837253,92.4945652173913,0.4929134356029589,0.32573573578093884,0.33403812054849513,31.9
641745,"Keller, Brad",FF,Fastball,504,4.837169305096589,-0.06152019537426579,97.13611111111106,0.48649038562794006,0.21996310712605527,0.3454917447209381,31.9
687330,"Kelly, Kevin",SI,Fastball,354,4.836974971155478,-0.06152724495198729,91.00367231638418,0.4417203048631592,0.19423356254551052,0.332354161194821,31.8
680736,"Wrobleski, Justin",SI,Fastball,244,4.836905456814957,-0.061529766625470834,95.13073770491815,0.4910855738412158,0.19484231467904592,0.33560843920193745,31.8
664199,"Clarke, Taylor",FF,Fastball,195,4.8368339130592375,-0.061532361917181214,94.84564102564103,0.45574090486242375,0.24706850346199538,0.3558731884286492,31.8
675650,"Mercado, Michael",FF,Fastball,52,4.83681750379336,-0.061532957172927547,96.7826923076923,0.4757889570230543,0.29469616191863357,0.36232139367625193,31.7
694297,"Pfaadt, Brandon",CH,Offspeed,471,4.8360430831678345,-0.06156104973543852,87.34458598726121,0.5305009282345415,0.38426047731213653,0.30744646924357744,31.7
813349,"Early, Connelly",CH,Offspeed,73,4.834773744079111,-0.0616070957555496,84.0876712328767,0.506265363293162,0.3974991538403309,0.30878248586130524,31.7
527048,"Pérez, Martín",CH,Offspeed,278,4.834185914056201,-0.061628419634485926,82.2370503597122,0.5400058039576039,0.42616323950271684,0.3119694351624687,31.6
660787,"De los Santos, Yerry",FF,Fastball,66,4.834127343736158,-0.0616305443072061,95.14848484848487,0.44509699181564094,0.2289777739110485,0.38315997662633694,31.6
596112,"Stephenson, Robert",FC,Fastball,101,4.833509561366042,-0.06165295472510894,87.36237623762376,0.541154822327937,0.42904785824346386,0.32176068226661186,31.6
601713,"Pivetta, Nick",FC,Fastball,259,4.833444422922444,-0.061655317660364334,90.29652509652504,0.4926632863239606,0.3156492045297574,0.3382956472453634,31.5
671131,"Rutledge, Jackson",FC,Fastball,186,4.833115568043882,-0.06166724706400963,88.97634408602151,0.4749171721066793,0.35170368299809307,0.32514719906356504,31.5
670036,"Festa, Matt",FC,Fastball,118,4.8329887650477295,-0.06167184691708496,90.61440677966104,0.48930081129988345,0.3186989349062153,0.34095149737589536,31.5
608337,"Giolito, Lucas",CH,Offspeed,534,4.832887862572183,-0.06167550721358084,81.66142322097372,0.5301261215722693,0.40078518466013513,0.32816575808811904,31.4
685326,"Brown, McCade",CH,Offspeed,28,4.83229976185428,-0.061696840912136446,87.57857142857141,0.3676169786263271,0.41718999790358985,0.2826155237681693,31.4
607536,"Freeland, Kyle",FC,Fastball,397,4.831354587009835,-0.061731127684112916,87.2876574307305,0.5277557804123929,0.2738076282966037,0.3522202888889482,31.4
543135,"Eovaldi, Nathan",FC,Fastball,385,4.830962764439643,-0.06174534127771258,90.4945454545454,0.5561763078658493,0.26386048714062804,0.34199208686084476,31.3
527048,"Pérez, Martín",FC,Fastball,269,4.830629174354578,-0.061757442453751546,86.00148698884757,0.456814159808963,0.29781202270303236,0.34482633777911925,31.3
595928,"Curtiss, John",FC,Fastball,168,4.830582833191335,-0.06175912350663449,90.49404761904763,0.5037250980383513,0.3144988630634945,0.32317437528659443,31.3
682274,"Hiraldo, Yaramil",FS,Offspeed,111,4.830563012741692,-0.06175984250507309,86.86486486486488,0.5215308406966046,0.47700969190681813,0.31335597103947394,31.2
676879,"Ashby, Aaron",CH,Offspeed,135,4.830483743826804,-0.06176271803146443,91.42370370370368,0.5497809415424293,0.41782702723246895,0.31448549978016177,31.2
656186,"Altavilla, Dan",SI,Fastball,118,4.830093519587475,-0.061776873644674164,96.51355932203391,0.48003991578857697,0.20673976231528524,0.3134525815156563,31.2
663546,"Hjelle, Sean",SI,Fastball,127,4.8287608114707865,-0.06182521841345085,93.58740157480318,0.34641906776370807,0.20412087151074962,0.3292404479307448,31.1
622503,"Crismatt, Nabil",FF,Fastball,83,4.828380235419646,-0.06183902403297389,89.05180722891566,0.33087013813589206,0.2423456840947141,0.3550338646020014,31.1
687064,"Young, Brandon",FC,Fastball,86,4.828078563106993,-0.06184996737309372,86.78837209302327,0.4515690708307885,0.3844795100384202,0.31493330085748755,31.1
623211,"Brazobán, Huascar",SI,Fastball,397,4.828046677916778,-0.06185112402707446,96.42141057934515,0.47273886279395894,0.18634050292313042,0.3047720206862427,31.0
680689,"Richardson, Lyon",SI,Fastball,196,4.827499399632537,-0.061870976867900454,95.05357142857137,0.4018711381248888,0.21212804860367138,0.3080624292124904,31.0
669308,"Reynolds, Sean",FF,Fastball,256,4.82726854079959,-0.061879351407500595,95.95312499999993,0.48553729049199673,0.22760495195703345,0.3606095987271679,31.0
605483,"Snell, Blake",CH,Offspeed,407,4.827228324076061,-0.06188081029274027,85.44938574938585,0.5700726288129377,0.435201639063926,0.31452899409646784,30.9
666214,"Wentz, Joey",FF,Fastball,807,4.8268530609915485,-0.06189442318128188,93.4395291201982,0.4966313010925161,0.22724268040262313,0.3568399467882218,30.9
640455,"Manaea, Sean",CH,Offspeed,61,4.826828957362855,-0.061895297554553426,84.68360655737706,0.5016463452663811,0.3637245037410376,0.3017948678164415,30.9
667297,"Nance, Tommy",SI,Fastball,147,4.82674037896261,-0.061898510787987554,94.57551020408157,0.4211837383095174,0.20664360193925727,0.3274899860710808,30.8
675911,"Strider, Spencer",CH,Offspeed,97,4.82590486611952,-0.06192881950653066,85.87835051546392,0.35243688165306847,0.5108262613386291,0.28698863053669693,30.8
543518,"McGough, Scott",FF,Fastball,128,4.825802048752863,-0.06193254926682476,92.3625,0.47973433882900235,0.21795785311492552,0.3755398240754283,30.8
681343,"Smith, Shane",CH,Offspeed,406,4.825579343236707,-0.06194062804007535,90.0108374384236,0.5121531784332142,0.44505543798573927,0.3005682055558615,30.7
665795,"Cabrera, Edward",SI,Fastball,460,4.825546317294283,-0.06194182607551168,96.87000000000005,0.46825995830982886,0.20330712165059509,0.32790531212609975,30.7
686228,"Burgos, Juan",SI,Fastball,77,4.82536709462731,-0.0619483274828985,95.76363636363641,0.3715093970434617,0.3142669049373939,0.2966827662508681,30.7
686752,"Pepiot, Ryan",SI,Fastball,70,4.824902216606972,-0.061965191205810594,94.65571428571431,0.3838587025808299,0.23350986356034045,0.33469770638936674,30.6
621053,"Ferguson, Tyler",SI,Fastball,147,4.824640784543046,-0.061974674807300706,94.18367346938774,0.44502996391502586,0.2670346312311297,0.28699935552854616,30.6
688107,"Gasser, Robert",FF,Fastball,50,4.823794531282964,-0.06200537314077133,93.542,0.43112208701199867,0.24480099467860433,0.3388142144827703,30.6
666200,"Luzardo, Jesús",SI,Fastball,355,4.82290086871882,-0.06203779127455979,95.84985915492965,0.5133450047380897,0.1800144232570846,0.3151961738780458,30.5
608334,"Fulmer, Carson",FF,Fastball,114,4.822614021519355,-0.0620481968250016,92.74122807017545,0.45962388458510334,0.21124901890136355,0.3708266350450435,30.5
664123,"Effross, Scott",SI,Fastball,74,4.822176670368861,-0.0620640619945612,89.1810810810811,0.41754901243543135,0.1501906355093858,0.3309230432224678,30.5
607625,"Lugo, Seth",FC,Fastball,349,4.8221717001012525,-0.062064242293934674,89.27707736389684,0.46978852390273174,0.32665943400273856,0.3349233182968475,30.4
676974,"Meyer, Max",CH,Offspeed,195,4.822010601401522,-0.06207008624377709,89.26000000000002,0.5094406552366422,0.3524357126567093,0.3093625420827403,30.4
668390,"Winn, Cole",FS,Offspeed,75,4.8215981566802,-0.062085047918006946,87.77733333333335,0.4552174840350226,0.4353927746973607,0.2842385024411838,30.4
605242,"Fulmer, Michael",FC,Fastball,39,4.82131824124011,-0.06209520201481075,88.94615384615386,0.4580071442910699,0.3959011738867959,0.3170511744460951,30.3
686580,"Slaten, Justin",FC,Fastball,180,4.821203330194651,-0.062099370480398375,92.61777777777776,0.4866885754777931,0.30217497940066634,0.3460894650596131,30.3
450203,"Morton, Charlie",FF,Fastball,702,4.820769334221068,-0.062115113938947204,94.21339031339038,0.43773699956724843,0.27860621877302694,0.35388770754268806,30.3
593833,"Suero, Wander",CH,Offspeed,32,4.820746613190334,-0.06211593815766661,85.209375,0.5208342095375325,0.2837634164372579,0.29235019085531394,30.2
670810,"Gillaspie, Logan",SL,Breaking,33,4.820570182593532,-0.06212233828106993,86.2939393939394,0.48897795648066356,0.3168655009445617,0.335151756164669,30.2
657424,"Gage, Matt",CH,Offspeed,47,4.82055642971471,-0.0621228371748175,85.6212765957447,0.4887396943125909,0.4665296221007159,0.31411199940465023,30.2
676051,"Heuer, Codi",FF,Fastball,38,4.820301923737564,-0.06213206952844632,94.45263157894738,0.4180911674603783,0.30011408403022555,0.3559063735243678,30.1
687830,"Gipson-Long, Sawyer",CH,Offspeed,98,4.820163795464854,-0.06213708021257298,84.1887755102041,0.436210914936712,0.44139757443358585,0.30281636180300253,30.1
681006,"Simpson, Josh",SL,Breaking,35,4.81991774267311,-0.06214600592194224,88.04857142857142,0.5353049700720898,0.3502947124324877,0.34980043870856825,30.1
450203,"Morton, Charlie",CH,Offspeed,253,4.817987518332457,-0.062216025942280775,87.51620553359687,0.5397068552976967,0.3746325103935777,0.30553160328796614,30.0
676508,"Casparius, Ben",FC,Fastball,282,4.817623080986102,-0.06222924612081966,92.07695035460989,0.5318003588255561,0.31648589705877445,0.3319993270858918,30.0
663795,"Hagenman, Justin",CH,Offspeed,88,4.8176219434971665,-0.062229287383898296,86.84318181818183,0.5565186080530067,0.3486990909874415,0.28807916279495527,30.0
682847,"Ortiz, Luis",SI,Fastball,299,4.817393665411267,-0.062237568305385245,95.49565217391307,0.4546181137157367,0.1901816571429523,0.3152050501881517,29.9
667463,"King, John",CH,Offspeed,153,4.817106946297919,-0.06224796920942805,85.68692810457517,0.5161749112526928,0.41393657989739674,0.3032917242354705,29.9
676395,"Garcia, Robert",CH,Offspeed,280,4.8161726629904145,-0.06228186088451247,88.8935714285714,0.5227471259580458,0.3734309099571503,0.29273433377787345,29.9
681857,"Olson, Reese",SI,Fastball,342,4.81536812918676,-0.062311045820225994,94.4535087719298,0.38437074919801645,0.20605539603762335,0.32689173986479353,29.8
663992,"Lovelady, Richard",FF,Fastball,34,4.815269215476555,-0.062314633973092316,91.70588235294117,0.5643332651389832,0.293360622326746,0.3517237099156075,29.8
641585,"France, J.P.",FC,Fastball,30,4.8151732782161485,-0.062318114153495884,85.45333333333333,0.5464394552656223,0.384803245809662,0.3426325041453674,29.8
681006,"Simpson, Josh",SI,Fastball,142,4.814924129760537,-0.062327152159888016,93.93309859154924,0.401270891879088,0.2538343047932913,0.30249791194090103,29.7
643361,"Herget, Kevin",CH,Offspeed,79,4.814801272591679,-0.062331608875763535,81.4151898734177,0.5283513262390895,0.3113412615861734,0.3190410955396374,29.7
541640,"Ramírez, Erasmo",FC,Fastball,70,4.814224909241196,-0.06235251679443041,88.85714285714285,0.5238332353299977,0.2605564301949607,0.3499361206879813,29.7
666661,"Morillo, Juan",SI,Fastball,123,4.813938601598156,-0.062362902772146345,98.8910569105691,0.5719842720600304,0.17199207604618227,0.33006816326095406,29.6
669422,"Sauer, Matt",SI,Fastball,90,4.81372857935062,-0.062370521452386904,94.31333333333335,0.44861955770854284,0.20522130846197809,0.32119311871417944,29.6
645261,"Alcantara, Sandy",FF,Fastball,495,4.813512043097833,-0.06237837643198942,97.73616161616164,0.5603357440665846,0.21471914530898353,0.34947955639194167,29.6
655889,"Rodríguez, Manuel",FF,Fastball,72,4.8133517239507135,-0.06238419210310367,96.88333333333334,0.47520897622142283,0.21332781585935956,0.34667680932341094,29.5
605135,"Bassitt, Chris",FF,Fastball,292,4.813259811588034,-0.062387526277981116,91.5671232876713,0.4532211783185517,0.29941956619591165,0.33589399483586746,29.5
623211,"Brazobán, Huascar",FC,Fastball,92,4.812723277645454,-0.06240698936150983,91.01195652173914,0.41093889002723144,0.40034195562859926,0.30866602902140783,29.5
623437,"Topa, Justin",CH,Offspeed,147,4.812658288597518,-0.062409346877350134,87.13673469387756,0.5250190991155779,0.3552472264094604,0.30185660636954637,29.4
605488,"Springs, Jeffrey",FF,Fastball,1211,4.812594126276263,-0.06241167440319507,90.70495458298909,0.4582685409318448,0.23100010687332426,0.37314043603756314,29.4
666974,"Cano, Yennier",SI,Fastball,455,4.811940703612865,-0.062435377693645266,95.12769230769229,0.48013408679317315,0.2873596391855111,0.29919613147498086,29.4
641302,"Alexander, Tyler",FF,Fastball,414,4.811798349243903,-0.06244054168189288,90.81207729468595,0.5296058203479382,0.24236405208825867,0.3707072988796796,29.3
605288,"Houser, Adrian",CH,Offspeed,296,4.811698776924142,-0.062444153726206944,85.80472972972966,0.5117684670698546,0.4248419424406422,0.29746557589428707,29.3
682990,"Priester, Quinn",CH,Offspeed,37,4.811567615901063,-0.06244891166926578,88.41621621621621,0.4212880768835428,0.42384087849853574,0.3054232314596623,29.3
801403,"Dollander, Chase",CH,Offspeed,138,4.811337005391389,-0.06245727720079367,89.28985507246375,0.4298692145738297,0.4153614828273919,0.29621970747466014,29.2
670955,"Uceta, Edwin",CH,Offspeed,472,4.811147832113909,-0.06246413957241415,88.42521186440675,0.5292331394852879,0.3615514056546836,0.3068666358260158,29.2
686973,"Varland, Louis",CH,Offspeed,92,4.810534168460801,-0.0624864005814412,92.89891304347823,0.47143782158181285,0.4505452358730678,0.29992111767373386,29.2
664285,"Valdez, Framber",CH,Offspeed,535,4.81020108874427,-0.06249848324356221,89.75738317757012,0.5478096038430194,0.3959325067697473,0.3148096228220332,29.1
445926,"Chavez, Jesse",CH,Offspeed,35,4.81005811545321,-0.0625036696835719,83.78571428571429,0.3129971111501286,0.5877844538818106,0.2754889668054452,29.1
518489,"Brasier, Ryan",FF,Fastball,134,4.809961328908548,-0.06250718067226022,94.06268656716418,0.5153814792754904,0.2499243798733706,0.36898761770806215,29.1
680704,"Sandlin, Nick",FS,Offspeed,66,4.809730125513766,-0.06251556771104315,84.18636363636362,0.5300062193121621,0.33600048907739805,0.30060375703460784,29.0
606965,"Devenski, Chris",FF,Fastball,60,4.809203769682859,-0.06253466157760013,92.40666666666667,0.43232514725254134,0.18018165785070367,0.36098307884184033,29.0
671131,"Rutledge, Jackson",SI,Fastball,442,4.809070679875956,-0.06253948948842378,95.23393665158365,0.4462806157055912,0.18484933658323963,0.3268618962705382,29.0
694363,"Shuster, Jared",CH,Offspeed,110,4.809034775334821,-0.06254079194671695,84.1081818181818,0.5140635851289971,0.4034616750343926,0.3148070815969694,28.9
681676,"Fernandez, Ryan",FC,Fastball,37,4.808480281425832,-0.06256090653856375,91.3189189189189,0.40625251020861175,0.4067527484090762,0.30510483824337464,28.9
542881,"Anderson, Tyler",SI,Fastball,85,4.80814921020834,-0.06257291634120382,88.46117647058823,0.5139837818411379,0.18784380611713403,0.3099911508193092,28.9
688642,"Agnos, Zach",FS,Offspeed,108,4.808017643498231,-0.0625776890007977,86.74629629629628,0.5233552769630125,0.42532330452974343,0.3142787455638928,28.8
663947,"Holton, Tyler",FC,Fastball,377,4.808001016231398,-0.0625782921646566,88.69946949602125,0.4997211496495049,0.2768176133647321,0.3530310003813251,28.8
673929,"Leasure, Jordan",FS,Offspeed,32,4.807656778906484,-0.06259077957556737,87.10625,0.47095459216613306,0.40930817723648427,0.3126613209503231,28.8
656849,"Peterson, David",CH,Offspeed,412,4.80737839669268,-0.06260087805368827,84.55509708737861,0.540804251872586,0.41301817780844857,0.3193515704778172,28.7
608331,"Fried, Max",FF,Fastball,422,4.806971677376718,-0.06261563203547976,95.70758293838857,0.5625204590718165,0.26065893881744695,0.35191940266791544,28.7
676092,"Snider, Collin",SI,Fastball,57,4.806323932917938,-0.0626391293457265,92.62631578947368,0.485077582570728,0.24598440195130014,0.3265050892261125,28.7
671737,"Bradley, Taj",FS,Offspeed,361,4.805364991902056,-0.06267391549364791,91.23351800554008,0.5071627773420647,0.3820271658624802,0.3254767256723872,28.6
663767,"Shugart, Chase",FC,Fastball,176,4.805075982042512,-0.06268439949585271,89.85568181818181,0.4954145711083411,0.331455568361441,0.33795567125100956,28.6
518876,"Kelly, Merrill",FF,Fastball,658,4.804802554201567,-0.0626943182511915,91.85015197568377,0.4401290771271283,0.2023693044831747,0.3689576387516792,28.6
663623,"Irvin, Jake",FF,Fastball,941,4.804534294773446,-0.06270404951932294,92.3634431455898,0.4715188455355274,0.24203600585425117,0.3603905398548315,28.5
663738,"Lynch IV, Daniel",SI,Fastball,218,4.804456036904913,-0.06270688836941479,93.76467889908258,0.48113428339363423,0.2356847318815996,0.30688555005725404,28.5
693855,"Seymour, Ian",FF,Fastball,316,4.804367267011737,-0.06271010854936718,91.5990506329114,0.5251618823902267,0.23886435982807766,0.3636547861998718,28.5
683409,"Chivilli, Angel",CH,Offspeed,385,4.804087207921763,-0.06272026785715497,88.6571428571429,0.507923837384335,0.4175105057446342,0.31162476329261285,28.4
621366,"Borucki, Ryan",SI,Fastball,163,4.803951142447025,-0.06272520371207506,93.9552147239264,0.4710646057266085,0.2375146652045662,0.30314043771286847,28.4
691769,"Abner, Philip",FF,Fastball,55,4.803838444345851,-0.06272929190181029,90.32545454545453,0.46530064449210423,0.2933873772640416,0.35018925738800294,28.4
596001,"Junis, Jakob",CH,Offspeed,215,4.803265048576072,-0.06275009216974617,86.3004651162791,0.5409276818907719,0.3768698971856903,0.31659527663590054,28.3
669622,"Bender, Anthony",CH,Offspeed,28,4.803249973517192,-0.06275063902635096,89.38571428571427,0.4576308853964166,0.40714436196810677,0.2901488757288324,28.3
805673,"Matthews, Zebby",SI,Fastball,58,4.802485138574393,-0.0627783838625974,95.80172413793102,0.5103192495480771,0.14481570349949346,0.32553322521279443,28.3
806188,"Gibson, Cade",SI,Fastball,215,4.802137632321552,-0.06279098985578647,91.62093023255811,0.4214438230624214,0.2151577393463677,0.3251758363842396,28.2
687849,"Kent, Zak",SL,Breaking,118,4.801600206841383,-0.06281048528036455,85.78050847457628,0.45546887586940243,0.35274338508470615,0.3318007747222126,28.2
692230,"Rodriguez, Carlos",FF,Fastball,54,4.801125377793496,-0.06282770998263876,93.85185185185182,0.5093360326484351,0.22354124852151155,0.3539808677709316,28.2
605540,"Woodruff, Brandon",CH,Offspeed,170,4.800986466196194,-0.06283274908232454,83.60000000000002,0.5256488915913863,0.386721912134803,0.31469272350990896,28.1
641745,"Keller, Brad",CH,Offspeed,141,4.800736603063226,-0.06284181301405714,92.65106382978719,0.4992293384658046,0.33935718428646894,0.29226381012275426,28.1
620454,"Castillo, José",SI,Fastball,211,4.8003715076695075,-0.06285505706365026,93.00094786729859,0.431642359147711,0.2075337901787834,0.31372725615349023,28.1
669684,"Murphy, Chris",SI,Fastball,28,4.800086458156957,-0.06286539740194455,92.30714285714289,0.47722560975520706,0.266915025057646,0.3048859742012354,28.0
655889,"Rodríguez, Manuel",SI,Fastball,148,4.799963013374772,-0.06286987543383833,97.23783783783787,0.4720155898466519,0.2274640604549296,0.30238906914661906,28.0
801434,"Gervase, Paul",FF,Fastball,80,4.799762840269073,-0.06287713683068047,93.82124999999999,0.45361084107536226,0.22562975385035866,0.3718200873772648,28.0
607067,"Rea, Colin",FC,Fastball,202,4.7996959531256085,-0.06287956320104969,88.23762376237627,0.4606635040522771,0.3217199102198473,0.3237231997887186,27.9
691172,"Zulueta, Yosver",FF,Fastball,27,4.799618408689911,-0.06288237617094657,97.8851851851852,0.4827280194547845,0.20817151856668245,0.3427856585361418,27.9
669373,"Skubal, Tarik",CH,Offspeed,972,4.799503525962258,-0.06288654360928901,88.11028806584382,0.5400328914200574,0.4130508065762122,0.310295754741825,27.9
676106,"Hancock, Emerson",SI,Fastball,580,4.798993791133451,-0.06290503453924409,94.68844827586209,0.43407523963791894,0.20493718074139686,0.3166479345999706,27.8
657376,"Schmidt, Clarke",FC,Fastball,501,4.798159304848845,-0.06293530601877595,92.18343313373249,0.507174894086687,0.3182080717440922,0.3376290072251416,27.8
669194,"Nelson, Ryne",FC,Fastball,259,4.7980536871263935,-0.06293913736361931,90.83204633204643,0.5015108009327258,0.30003493878969895,0.3207935723059296,27.8
664294,"Moreta, Dauri",SL,Breaking,162,4.797846215773453,-0.06294666350866202,83.52037037037036,0.5195168960459501,0.3215441293477381,0.33899907540898333,27.7
661395,"Duran, Jhoan",SI,Fastball,471,4.797794292144578,-0.06294854706876066,97.77154989384286,0.5392974763340513,0.31143833685646266,0.3053268007423749,27.7
656222,"Beeks, Jalen",FF,Fastball,488,4.797323562532262,-0.06296562306160482,94.37069672131153,0.4920204302695545,0.26092011404426463,0.35820132066067395,27.7
657746,"Ryan, Joe",SI,Fastball,346,4.79689555321101,-0.06298114935082835,93.20317919075143,0.46880173987359064,0.18189857575627114,0.3301203000390373,27.6
656457,"Gilbert, Tyler",SI,Fastball,263,4.796849960546961,-0.06298280325146405,89.85703422053233,0.4163652514216325,0.19676360785842018,0.32792576533305445,27.6
687888,"Walter, Brandon",FF,Fastball,157,4.796197207127014,-0.0630064822647154,91.78025477707008,0.46949832950107545,0.27057467192369894,0.35993262150056804,27.6
687223,"Palmquist, Carson",FC,Fastball,88,4.795679940256603,-0.06302524642389826,81.92840909090907,0.4216592190510607,0.3730298558103634,0.33354060729546464,27.5
622554,"Domínguez, Seranthony",SI,Fastball,174,4.795593740091698,-0.06302837338545023,97.82701149425286,0.42505228359424074,0.23042113812007878,0.30489014618013327,27.5
594580,"Moll, Sam",FF,Fastball,84,4.795427606764865,-0.06303439996934448,91.99166666666667,0.40466292930908104,0.2137013355149326,0.3360032900584421,27.5
666171,"Zeferjahn, Ryan",FC,Fastball,247,4.794263226270059,-0.06307663855488656,90.92307692307695,0.4686255669443824,0.3380047275181724,0.3359403832314217,27.4
596295,"Gomber, Austin",FC,Fastball,46,4.794038738669242,-0.06308478197430363,85.96956521739129,0.5005367300391159,0.3092890344426413,0.3266356101159707,27.4
681190,"Vásquez, Randy",CH,Offspeed,149,4.793878628100003,-0.06309059007913291,86.92751677852353,0.5120160379773142,0.3836676320465376,0.29712230774233084,27.4
669923,"Kirby, George",CH,Offspeed,46,4.793209108810522,-0.06311487728413748,87.86086956521741,0.5175429437149169,0.3265703500170733,0.3040702285248476,27.3
657585,"Garrett, Reed",SI,Fastball,238,4.792999578657492,-0.0631224781133612,96.95084033613443,0.4966785081228117,0.2549541252132985,0.29198262963990385,27.3
687003,"Van Belle, Brian",SI,Fastball,33,4.792585130114267,-0.06313751247740618,90.91212121212122,0.410109267773912,0.20936913839018864,0.33090808460641735,27.3
672391,"Ort, Kaleb",FC,Fastball,112,4.79229382771416,-0.06314807964286498,90.57410714285716,0.5175128410997412,0.34750243895202587,0.32006369851007915,27.2
669194,"Nelson, Ryne",CH,Offspeed,70,4.792004508717179,-0.06315857485921174,87.03999999999999,0.40561214032629406,0.4236087564632192,0.29983018200176154,27.2
571510,"Boyd, Matthew",FF,Fastball,1368,4.791813695411119,-0.06316549672383111,93.27119883040932,0.5194555097459235,0.20634307501371832,0.36949427008565255,27.2
687473,"Gusto, Ryan",CH,Offspeed,170,4.791666348038494,-0.06317084183621563,87.31117647058815,0.47703192566218244,0.3504960138706507,0.3086980144985227,27.1
676664,"Sears, JP",FF,Fastball,973,4.791589364924591,-0.06317363444383521,92.19506680369996,0.5017644429427047,0.23387363562724214,0.3683702311123523,27.1
453286,"Scherzer, Max",CH,Offspeed,227,4.79133303003641,-0.0631829331422849,84.96916299559473,0.5173433905323737,0.3572220895089232,0.30401678138002475,27.1
681892,"Funderburk, Kody",CH,Offspeed,87,4.791324542007726,-0.06318324105050498,89.03563218390806,0.48240346782727844,0.31233830405769164,0.34074971998040443,27.0
689225,"Brieske, Beau",CH,Offspeed,106,4.790592022929635,-0.06320981360980078,89.73584905660375,0.5184572374449128,0.4090278189713907,0.3085586002703816,27.0
680694,"Bradish, Kyle",FF,Fastball,112,4.789854889730272,-0.06323655354905257,94.41607142857148,0.4269550478317421,0.25561046457617015,0.34426810526576085,27.0
607074,"Rodón, Carlos",SI,Fastball,327,4.78968640706374,-0.06324266535662265,91.97217125382258,0.44299892078020475,0.3299894419829882,0.2901904485009765,26.9
445926,"Chavez, Jesse",SI,Fastball,67,4.7890366232370996,-0.06326623664613487,89.46865671641793,0.4033804031226285,0.16798442714873058,0.3392542985977524,26.9
656464,"Ginkel, Kevin",FF,Fastball,250,4.787858759751956,-0.0633089643350615,94.93920000000001,0.4928724419855133,0.2517604971368691,0.36062710653661106,26.8
595928,"Curtiss, John",FF,Fastball,294,4.78781530308582,-0.06331054075111943,94.31530612244902,0.5494214296202822,0.21921213829705913,0.3719270456159804,26.8
676604,"Zuber, Tyler",SI,Fastball,30,4.787674190249813,-0.06331565970203075,93.91999999999999,0.4553689471008859,0.20370413598798637,0.3218694088579869,26.8
688642,"Agnos, Zach",FF,Fastball,155,4.787588251024147,-0.06331877719785879,95.82451612903223,0.4501288311819856,0.25463616201184797,0.3616361990004592,26.7
800048,"Messick, Parker",CH,Offspeed,146,4.787455310587201,-0.06332359969019938,84.58150684931506,0.5215373662306578,0.44933063940694185,0.3070064523255692,26.7
694297,"Pfaadt, Brandon",FC,Fastball,267,4.787380382294675,-0.06332631775796806,89.75955056179774,0.5785724167703069,0.28684237351289676,0.32766885489607944,26.7
594902,"Lively, Ben",FF,Fastball,238,4.787125108369721,-0.06333557796935434,89.83823529411764,0.45430500458593553,0.2270180103072163,0.3769920920978403,26.6
677651,"Garcia, Luis",FF,Fastball,52,4.786666923082558,-0.06335219890944421,91.00576923076925,0.46408477495077965,0.22804286159720516,0.37887292793978344,26.6
686730,"Spiers, Carson",FC,Fastball,53,4.7859065719245475,-0.06337978109376695,87.88490566037737,0.46696597967727604,0.3659709384217564,0.3368745413195494,26.6
434378,"Verlander, Justin",FF,Fastball,1182,4.78590445568099,-0.06337985786174342,93.92131979695439,0.4950084853159484,0.184633012033452,0.35259474552519227,26.5
579328,"Kikuchi, Yusei",SI,Fastball,39,4.785793809533341,-0.06338387161566092,92.51538461538462,0.39568054367166655,0.3334823862947654,0.29795078883505394,26.5
608334,"Fulmer, Carson",CH,Offspeed,130,4.785349294537327,-0.06339999665791947,86.95230769230768,0.5540817275485496,0.4083242621807038,0.31118510213787054,26.5
681869,"Dubin, Shawn",FF,Fastball,193,4.78465792196727,-0.06342507660349746,94.27253886010368,0.43367639029423005,0.2277180491554568,0.36508492157764527,26.4
702352,"Bivens, Spencer",SI,Fastball,487,4.7845821607886165,-0.06342782488469899,94.79774127310064,0.4545102341641146,0.1836780340256259,0.3300901026055409,26.4
672710,"Contreras, Roansy",SI,Fastball,25,4.784322042313185,-0.06343726083499585,95.54400000000001,0.47484994573404604,0.24407464710598006,0.3123594491198316,26.4
678024,"Vasil, Mike",FF,Fastball,231,4.7839234492097695,-0.06345172003365993,94.61038961038965,0.4509731585168369,0.2850914515180987,0.3436313276830123,26.3
605540,"Woodruff, Brandon",FC,Fastball,151,4.78314338431933,-0.0634800173451919,89.47549668874171,0.5402938551693689,0.2636215289769225,0.3426794172642409,26.3
694477,"Patrick, Chad",SI,Fastball,487,4.782546800309843,-0.06350165878012663,94.1989733059548,0.42363417879391946,0.18953893575450617,0.34240596652515276,26.3
502043,"Gibson, Kyle",FF,Fastball,26,4.782523751209831,-0.0635024948997516,91.51923076923075,0.4132232913679106,0.1713144046743735,0.3592924040909271,26.2
681892,"Funderburk, Kody",FC,Fastball,179,4.782446324800682,-0.06350530358816626,92.03240223463686,0.5433843980868932,0.29514343749945426,0.34676725860973684,26.2
680880,"Holman, Grant",FF,Fastball,179,4.780132218116868,-0.06358924916571061,94.60335195530722,0.42006144898650155,0.268518675466249,0.3608968546443013,26.2
670970,"Morejon, Adrian",CH,Offspeed,72,4.779509724757493,-0.06361183047751238,90.55416666666666,0.5484098196909194,0.4148579254156671,0.29932726868053305,26.1
592779,"Stewart, Brock",SI,Fastball,67,4.779446072560037,-0.06361413949831722,96.23582089552237,0.43928041269134727,0.26428301212282423,0.29499833780362594,26.1
543056,"Coulombe, Danny",FC,Fastball,295,4.779391236000515,-0.06361612872668418,85.23050847457631,0.5700053590008154,0.34804830764778116,0.3282772332369358,26.1
489119,"Miley, Wade",FC,Fastball,70,4.778342900349301,-0.06365415771744636,88.30285714285715,0.45872723130799775,0.30827982882676336,0.3451797556086947,26.0
663559,"Falter, Bailey",FS,Offspeed,151,4.778178940171392,-0.06366010546908853,85.27350993377482,0.4405969039450964,0.4091097926778427,0.3301435034951208,26.0
650893,"Cabrera, Génesis",FC,Fastball,149,4.777733085760007,-0.06367627909942548,89.91476510067113,0.5145615645236249,0.38238796752731724,0.3181705397190961,26.0
665152,"Kremer, Dean",FC,Fastball,543,4.777462092386963,-0.0636861095430131,86.88637200736643,0.48416556987241816,0.40218557787986126,0.30717346566219106,25.9
686563,"Cannon, Jonathan",FF,Fastball,325,4.77736901814794,-0.06368948586563626,93.76276923076918,0.5241865819864309,0.2452458297787367,0.35663624946240363,25.9
808967,"Yamamoto, Yoshinobu",FC,Fastball,373,4.77680398505565,-0.06370998277254034,91.18445040214468,0.5847901791592814,0.3201197735307616,0.3219569529764237,25.9
656427,"Flaherty, Jack",SI,Fastball,59,4.776578355950051,-0.06371816760071297,90.96610169491525,0.32456183307083764,0.33073253635787564,0.2951108217945147,25.8
668834,"McGee, Easton",SI,Fastball,71,4.776261319630195,-0.06372966827920756,93.50845070422535,0.43342533094124275,0.14886552544556164,0.33986934032613353,25.8
455119,"Martin, Chris",FC,Fastball,238,4.774447893999649,-0.06379545135781614,91.37521008403368,0.5487254046798572,0.25549654278529466,0.3420338738291427,25.8
678368,"Bellozo, Valente",FC,Fastball,478,4.773841044584199,-0.06381746517637454,84.54916317991633,0.5068510649993815,0.2792337594273649,0.34916339081587133,25.7
687931,"Whisenhunt, Carson",CH,Offspeed,152,4.773207976182436,-0.06384043010404311,81.14868421052633,0.5352598272176626,0.4446845856203872,0.32392417957919556,25.7
642701,"Santana, Dennis",CH,Offspeed,61,4.773079792032105,-0.0638450800592966,88.46885245901639,0.42723660727714236,0.4450549922463193,0.3052592248057926,25.7
489119,"Miley, Wade",CH,Offspeed,49,4.7728131342756175,-0.06385475322584994,84.45714285714283,0.4828494974987083,0.5248646143397905,0.29810124936738897,25.6
701519,"Adams, Travis",CH,Offspeed,111,4.772644776201193,-0.06386086051376831,87.38108108108108,0.43794356267288087,0.43204675368486667,0.30294631945333156,25.6
665660,"Alvarado, Elvis",CH,Offspeed,31,4.77150509007785,-0.06390220329649837,89.47419354838709,0.37484316463488304,0.31718040237698786,0.31381946568543034,25.6
641941,"Pagán, Emilio",FC,Fastball,207,4.771081470729688,-0.06391757033687251,86.74299516908216,0.47472240126407195,0.420683394824957,0.31486257221876296,25.5
682052,"Lopez, Jacob",FC,Fastball,243,4.770677053555937,-0.0639322408071049,87.60370370370369,0.5274121459713798,0.2804472859162954,0.34871254665943674,25.5
607481,"Bummer, Aaron",SI,Fastball,324,4.769650348777737,-0.06396948512525856,90.82283950617281,0.4258304320860433,0.21221853986840228,0.3145024284965103,25.5
666974,"Cano, Yennier",FF,Fastball,113,4.768249959349025,-0.06402028507333445,94.90884955752213,0.4192284849281481,0.23827589354692474,0.34588984988210636,25.4
571578,"Corbin, Patrick",FC,Fastball,648,4.76722537551803,-0.06405745245288408,87.52762345679011,0.5653644474489208,0.28326855543070983,0.3462833559121767,25.4
552640,"Kittredge, Andrew",SI,Fastball,309,4.767184420885722,-0.06405893810619723,95.24692556634301,0.4618167774163873,0.22646080575684427,0.3117319089281534,25.4
455119,"Martin, Chris",SI,Fastball,93,4.766918103419046,-0.06406859892853824,94.26451612903226,0.5421198914280662,0.171849253043809,0.3101644996295536,25.3
663947,"Holton, Tyler",CH,Offspeed,185,4.766849377069201,-0.0640710920171978,84.57999999999994,0.5199404658724102,0.46091184589790934,0.30240689559276457,25.3
702352,"Bivens, Spencer",CH,Offspeed,198,4.766188983981719,-0.0640950481638708,88.47929292929294,0.5354090543132385,0.3729519184382901,0.3074181650668274,25.3
660604,"Rangel, Alan",FF,Fastball,76,4.765757917254428,-0.06411068536229197,92.77631578947368,0.5295439135216667,0.19477404661886874,0.3687849232954018,25.2
592454,"Kahnle, Tommy",CH,Offspeed,932,4.765712069129967,-0.06411234852990388,86.68690987124465,0.49835550133052575,0.36166258976570975,0.3205851214393923,25.2
664062,"Gonsolin, Tony",FF,Fastball,245,4.7650145904711305,-0.06413764997743472,93.50122448979589,0.4691554241734671,0.20133550720352786,0.36724684457859036,25.2
640455,"Manaea, Sean",FF,Fastball,663,4.764813454557228,-0.06414494630070952,91.71990950226248,0.554443454247613,0.22428559379628682,0.37140959127917444,25.1
676206,"Tarnok, Freddy",FF,Fastball,44,4.764367710476029,-0.06416111592875422,95.3931818181818,0.4784715957420756,0.25503445905518457,0.34540890613612707,25.1
668941,"Romero, JoJo",SI,Fastball,320,4.763530297703731,-0.06419149356834422,93.68343750000005,0.43325531583530924,0.18609976979306392,0.32126542063178737,25.1
663158,"Suarez, Robert",SI,Fastball,145,4.762326694180635,-0.06423515499224797,98.36206896551721,0.6131573629030215,0.19426930268318873,0.3329175899514206,25.0
656420,"Feyereisen, J.P.",FF,Fastball,39,4.762191853047847,-0.06424004643344541,91.33846153846154,0.5269507651813647,0.13375201095774167,0.3688350462842568,25.0
693433,"Woo, Bryan",CH,Offspeed,198,4.761954368450685,-0.06424866132652965,89.57020202020205,0.48200806103278204,0.3559813345945124,0.2981001523472544,25.0
621107,"Eflin, Zach",FC,Fastball,253,4.761900526996175,-0.06425061445687844,88.46166007905143,0.49042278608638823,0.26742696398168375,0.34145439153756196,24.9
669432,"Rogers, Trevor",FF,Fastball,665,4.761326403220846,-0.06427144113364278,93.04601503759392,0.5334670497038747,0.20462435669640663,0.3853209059602944,24.9
702070,"Cameron, Noah",FC,Fastball,468,4.7612840609219,-0.06427297712537748,88.15427350427358,0.5189773985927865,0.28588028789155545,0.3319309790332435,24.9
676106,"Hancock, Emerson",FF,Fastball,400,4.760060785720814,-0.06431735215094092,94.95275000000001,0.49648311180585325,0.24925622412741064,0.348540920520425,24.8
702070,"Cameron, Noah",FF,Fastball,571,4.759813021921158,-0.06432633992812622,92.33555166374775,0.45441282100210734,0.23027341105444254,0.3554141394935094,24.8
663362,"Waldron, Matt",KN,Offspeed,77,4.759565119717433,-0.06433533272600003,79.43636363636367,0.3959019650608077,0.3610033723123415,0.34126626181691627,24.8
605154,"Brebbia, John",FF,Fastball,238,4.759035331743055,-0.06435455109557463,92.55294117647057,0.5102722811461161,0.18526285366735276,0.3745076697356188,24.7
663558,"Morán, Jovani",CH,Offspeed,31,4.758488424991156,-0.06437439045884705,83.13870967741934,0.49807405731184123,0.48237544473477423,0.3286351308139873,24.7
664351,"Contreras, Luis",SL,Breaking,50,4.758094898194926,-0.06438866587424583,85.37599999999996,0.4474492447271188,0.43518214512104086,0.3255430695231864,24.7
700669,"Graceffo, Gordon",FF,Fastball,329,4.758005139296371,-0.06439192193094888,95.73617021276597,0.5444238203096159,0.22858334318732804,0.3736288431006362,24.6
663767,"Shugart, Chase",FF,Fastball,128,4.757797882069691,-0.06439944030843558,95.35625,0.4814260751434031,0.29418718005369093,0.36198373478711227,24.6
605452,"Ross, Joe",SI,Fastball,254,4.757629156742879,-0.06440556091864953,94.58346456692918,0.45960856475382555,0.1866616900399776,0.32351582790228517,24.6
660787,"De los Santos, Yerry",SI,Fastball,316,4.75661930972269,-0.06444219371174191,95.50094936708864,0.4280755274951737,0.2165564562200672,0.3130223800549347,24.5
663738,"Lynch IV, Daniel",FF,Fastball,262,4.756203337973358,-0.06445728333098187,94.06603053435113,0.4295557355449892,0.24480715272204093,0.3711846949900378,24.5
641656,"Hamilton, Ian",SI,Fastball,318,4.754622450843636,-0.06451463093905248,94.78207547169815,0.4230712048729876,0.2016036670360302,0.3198224396922124,24.5
593974,"Peralta, Wandy",SI,Fastball,531,4.753987261855581,-0.06453767279223266,95.36327683615819,0.43791245868385115,0.2434764786320493,0.3076679445162118,24.4
620454,"Castillo, José",FF,Fastball,81,4.753933773106782,-0.06453961312797507,93.34444444444446,0.5244590301235186,0.24630972268585447,0.35609257673228145,24.4
664062,"Gonsolin, Tony",FS,Offspeed,163,4.753131800817728,-0.06456870514324384,84.16871165644169,0.5139433371856686,0.3604807536051553,0.3154814564026106,24.4
694361,"Klein, Will",FC,Fastball,51,4.752881673617366,-0.06457777865417595,92.55098039215687,0.5239050455844693,0.34548543641880414,0.3137805267200177,24.3
593576,"Neris, Héctor",FF,Fastball,221,4.752772110094241,-0.06458175313525377,92.3651583710407,0.49301156151723696,0.21098901909804496,0.3643932187428723,24.3
676467,"Gordon, Colton",FF,Fastball,595,4.752666875275421,-0.06458557059004322,91.08235294117651,0.5195771420823492,0.1968009486860235,0.38835751318635664,24.3
666168,"Thompson, Mason",SI,Fastball,96,4.751107435847163,-0.06464214017016068,94.97916666666663,0.3877910107308817,0.2671610901667893,0.32635323518788867,24.2
687362,"Gillispie, Connor",CH,Offspeed,82,4.750736673695214,-0.06465558978473315,87.13414634146345,0.49814456221227044,0.3515600732752429,0.31217118268572247,24.2
688138,"Evans, Logan",SI,Fastball,246,4.749719078456912,-0.06469250364898278,93.01829268292678,0.40316859794659493,0.22709819019863622,0.31869616565082964,24.2
607074,"Rodón, Carlos",CH,Offspeed,568,4.749386264119425,-0.06470457668432329,85.00228873239446,0.5059092100795941,0.44781410302146557,0.3053509215050531,24.1
687134,"Blalock, Bradley",FS,Offspeed,159,4.749114188045532,-0.06471444640351932,86.86792452830187,0.563730357797054,0.38866801601329226,0.31906466506908665,24.1
606996,"Hart, Kyle",CH,Offspeed,109,4.748924024657407,-0.0647213446919844,83.12752293577981,0.5141113999196534,0.4375801290195682,0.29866138819733007,24.1
607259,"Martinez, Nick",FF,Fastball,536,4.748684081233322,-0.06473004878045764,92.64067164179107,0.5544135021838024,0.20643152597287678,0.36582662341351374,24.0
674285,"Salazar, Eduardo",FF,Fastball,119,4.7484265438337685,-0.06473939110071292,95.27478991596635,0.44930891154628694,0.2956623299726854,0.3464709673947205,24.0
552640,"Kittredge, Andrew",FF,Fastball,91,4.747693941364302,-0.0647659666850798,94.71098901098904,0.5793971557241657,0.2208914037533052,0.3576823212150736,24.0
676969,"de Geus, Brett",SI,Fastball,27,4.746992949402431,-0.0647913955797391,95.52962962962964,0.5040681354564428,0.15972116737143047,0.34051378070547983,23.9
641482,"Cortes, Nestor",CH,Offspeed,97,4.7467590769829995,-0.06479987943895708,82.15876288659796,0.43318582223867735,0.49515510431444937,0.2891006541869173,23.9
607536,"Freeland, Kyle",CH,Offspeed,158,4.746275142772325,-0.06481743443635313,86.31898734177217,0.5168038116929327,0.4215184830879884,0.3129958508574479,23.9
643377,"Jax, Griffin",FC,Fastball,44,4.745647322831643,-0.06484020897301683,93.40000000000005,0.5377404159419278,0.37609002676597814,0.32781959845582515,23.8
664948,"Misiewicz, Anthony",FC,Fastball,72,4.745626112872569,-0.0648409783767252,87.6263888888889,0.5088090157142251,0.33781636912742763,0.3381544898715034,23.8
702352,"Bivens, Spencer",SV,Breaking,69,4.74262474976013,-0.06494985458440221,79.86376811594207,0.4923960973284149,0.3319179509608263,0.34315687361341907,23.8
641482,"Cortes, Nestor",FC,Fastball,226,4.742121372100263,-0.06496811490432436,86.62787610619469,0.4799029767823926,0.3056348838081422,0.3440031727906333,23.7
621244,"Berríos, José",SI,Fastball,892,4.741899812395974,-0.06497615211257733,92.1558295964126,0.41550694338577504,0.1904678167778865,0.33011722802006993,23.7
570632,"Ureña, José",CH,Offspeed,237,4.741759952641105,-0.06498122560723503,88.79493670886072,0.4655289805627009,0.40685496025068996,0.3097681883883288,23.7
676702,"Stratton, Hunter",FF,Fastball,161,4.7407033823600475,-0.06501955331402544,95.98447204968944,0.5363007596415819,0.24760149375928142,0.353604323524022,23.6
669422,"Sauer, Matt",FF,Fastball,112,4.7406249532109745,-0.06502239837741922,94.14999999999999,0.553446148884121,0.25944356375380895,0.36114703216977256,23.6
621111,"Buehler, Walker",FC,Fastball,370,4.7398389867470225,-0.0650509097719924,90.5945945945946,0.5555916734378462,0.28674899549582317,0.33220872287977304,23.6
805673,"Matthews, Zebby",CH,Offspeed,143,4.7393518312891185,-0.06506858162202157,87.49160839160838,0.47393985484602513,0.3741882519942164,0.3164629144459873,23.5
693313,"Seymour, Carson",SI,Fastball,263,4.739064802530829,-0.06507899375861619,96.0650190114068,0.4249929925256527,0.24613780051104897,0.32169937902756784,23.5
607625,"Lugo, Seth",FF,Fastball,524,4.738714643678657,-0.06509169597640216,91.7606870229007,0.41076390671212165,0.2264815440205702,0.365301703091057,23.5
682052,"Lopez, Jacob",SI,Fastball,103,4.73851955633448,-0.06509877288426175,90.19514563106799,0.4239894831697905,0.26637238988844975,0.3392177222083487,23.4
663465,"Allard, Kolby",FF,Fastball,407,4.738417843729879,-0.06510246256866421,90.05601965601976,0.5202929140297047,0.21856430488393028,0.38043842179888565,23.4
676961,"Boushley, Caleb",CH,Offspeed,100,4.738363631729932,-0.06510442914076597,85.02600000000002,0.4898778873986343,0.41142317672227185,0.28842734246514196,23.4
687209,"Maxwell, Zach",FC,Fastball,39,4.738089691092802,-0.06511436649808736,94.25897435897436,0.517680539081629,0.2650088531828197,0.340774416829294,23.3
686730,"Spiers, Carson",SI,Fastball,68,4.738074414570653,-0.06511492066289037,92.0,0.4210644649496999,0.1826048320338119,0.3276197526671254,23.3
547184,"Kelly, Michael",FF,Fastball,192,4.7376051427476575,-0.06513194377357155,95.82187500000003,0.4521129561673065,0.26273613839705634,0.34818776320698563,23.3
695418,"Lord, Brad",FF,Fastball,1032,4.737431053445725,-0.06513825896513006,94.75436046511624,0.5179150754709057,0.2099843067374324,0.35661870977431875,23.2
669060,"Wilson, Bryse",FC,Fastball,208,4.7372890560954,-0.06514341000231688,88.03461538461535,0.47508548635609416,0.31391172221760755,0.33691177457804283,23.2
677958,"Rocker, Kumar",CH,Offspeed,75,4.737108916859327,-0.06514994465878549,89.47466666666668,0.46881437225537476,0.3906647420188202,0.3071560085487886,23.2
543243,"Gray, Sonny",CH,Offspeed,240,4.73701195570985,-0.06515346198136587,86.22916666666666,0.42779800479928576,0.3644381819425429,0.3166747457079255,23.1
622253,"Tate, Dillon",CH,Offspeed,29,4.736833164289957,-0.0651599477450119,82.66896551724136,0.4616988083961978,0.4141820681417937,0.299667494779934,23.1
664192,"Lucchesi, Joey",SI,Fastball,304,4.736098210251776,-0.06518660863391351,92.46052631578945,0.48521863676764593,0.2028146209115885,0.32867407443810714,23.1
681217,"Silseth, Chase",FS,Offspeed,38,4.734781849074291,-0.06523436040788037,87.22631578947367,0.6064446235167779,0.3757074082697782,0.29797139098738523,23.0
690990,"Horton, Cade",SI,Fastball,98,4.734356190004914,-0.06524980144033819,95.08979591836734,0.42187004523970817,0.25503893237183306,0.3008805675794782,23.0
694918,"Tidwell, Blade",SL,Breaking,53,4.734024559974482,-0.0652618315142455,88.35283018867923,0.4932753603884016,0.40665080028862155,0.31044632729569666,23.0
542888,"Armstrong, Shawn",FF,Fastball,323,4.7337057779314575,-0.06527339551987217,93.52321981424146,0.514718801743588,0.2479663428439423,0.3658640705155623,22.9
685299,"Gordon, Tanner",CH,Offspeed,263,4.733539959489338,-0.06527941068113881,83.20684410646392,0.5752023423390814,0.3917747257937995,0.32396606550915974,22.9
682243,"Miller, Bryce",SI,Fastball,306,4.732801510349447,-0.06530619835690527,94.67745098039215,0.42135433773408565,0.2041270725801343,0.34864748597984035,22.9
695418,"Lord, Brad",CH,Offspeed,278,4.732476789264421,-0.06531797780476482,85.88920863309355,0.5172901683296866,0.34969051489930536,0.3102944660639734,22.8
642016,"Robert, Daniel",FC,Fastball,66,4.7323529696627,-0.06532246943345693,90.95303030303032,0.49318457541096106,0.3249674792921176,0.32751226515470044,22.8
692230,"Rodriguez, Carlos",CH,Offspeed,46,4.731942233183952,-0.06533736914018537,86.11086956521737,0.4288557833260552,0.43510360085274014,0.29173595830836324,22.8
696131,"Black, Mason",FF,Fastball,32,4.7314126994571115,-0.06535657828678165,92.73125,0.5416893397788072,0.24337781142774156,0.358557886795172,22.7
682989,"Mederos, Victor",SI,Fastball,153,4.73114918743529,-0.0653661373399646,94.57189542483663,0.47018237481756525,0.18668235487002807,0.3155915724821223,22.7
663542,"Hudson, Bryan",FF,Fastball,231,4.730541334453442,-0.06538818756348296,90.63679653679657,0.43180262474362185,0.19959180831094567,0.37211950933442384,22.7
670810,"Gillaspie, Logan",CH,Offspeed,33,4.730336259795795,-0.06539562676699771,88.30909090909088,0.5425198529569704,0.4330520940246323,0.30171679580829674,22.6
608379,"Wacha, Michael",CH,Offspeed,696,4.730334788623974,-0.06539568013461855,79.86077586206886,0.6203909558206925,0.35732872068328875,0.33485574879969726,22.6
573009,"Mantiply, Joe",SI,Fastball,78,4.728914809065034,-0.06544719072616119,88.34230769230767,0.4683248335531787,0.16480683888850797,0.3244684665812589,22.6
500779,"Quintana, Jose",FF,Fastball,268,4.7288209169099265,-0.06545059671917046,90.48843283582086,0.5177060087176852,0.24959578014725148,0.3455699307872866,22.5
681151,"Murray, Jayden",ST,Breaking,34,4.728629056313107,-0.06545755657487651,82.12352941176471,0.55269028877454,0.38965151460593417,0.3225321237799027,22.5
669372,"Ginn, J.T.",SI,Fastball,810,4.728565680924866,-0.06545985555426474,93.37987654320987,0.4418125908875327,0.23533666098253977,0.31957907461522694,22.5
656605,"Keller, Mitch",FF,Fastball,999,4.726751720187035,-0.06552565804420386,94.09409409409413,0.5122281980332999,0.22150694508269203,0.37151686524610783,22.4
694335,"Svanson, Matt",SI,Fastball,457,4.726550962065855,-0.06553294066282582,96.84595185995626,0.475531151395768,0.20651159410189487,0.3203025859245034,22.4
671131,"Rutledge, Jackson",FS,Offspeed,128,4.725819895732357,-0.0655594605229594,85.23281249999997,0.44744586609106596,0.41018064602039905,0.30284834613110223,22.4
677944,"Cecconi, Slade",FC,Fastball,69,4.725290562500462,-0.06557866239648388,88.81159420289855,0.5081346954705531,0.3592234997082798,0.3285158077774974,22.3
666659,"Lao, Sauryn",SI,Fastball,27,4.725201001591278,-0.06558191127100609,93.12962962962963,0.4602048692213656,0.2006161656893731,0.3312766162026496,22.3
519151,"Pressly, Ryan",SI,Fastball,77,4.724916429490137,-0.06559223429092145,93.36363636363642,0.3360366632812493,0.3794854865678726,0.299673027097677,22.3
608566,"Márquez, Germán",CH,Offspeed,57,4.72460708820756,-0.06560345582742445,88.58245614035086,0.3774016385231096,0.3494220802760756,0.30084418927539075,22.2
660761,"Suarez, José",CH,Offspeed,95,4.7244493965602565,-0.06560917618444138,83.27157894736843,0.5132976407582546,0.4714033751766976,0.31329109247785986,22.2
668716,"Murdock, Noah",SI,Fastball,223,4.724343879507858,-0.06561300387741963,94.56412556053809,0.45999465657832594,0.22723246207788786,0.3052704425223663,22.2
678024,"Vasil, Mike",CH,Offspeed,200,4.724110920196215,-0.06562145461311703,86.5745,0.5205461991950365,0.3526835813492064,0.3141634123718429,22.1
668678,"Gallen, Zac",CH,Offspeed,506,4.723681433280117,-0.06563703450296016,86.28695652173913,0.5505078422800611,0.3957892102747193,0.30920704017985745,22.1
687075,"Sproat, Brandon",FF,Fastball,40,4.72309929305574,-0.06565815198111662,96.69000000000001,0.4455486376761465,0.292341363941228,0.3613270852872347,22.1
687847,"Church, Marc",SL,Breaking,59,4.722605001982709,-0.06567608267977049,87.18135593220339,0.5171614267019609,0.37938672326987277,0.33074578183845205,22.0
702795,"Loutos, Ryan",CH,Offspeed,39,4.722326794547429,-0.06568617481769781,89.03846153846153,0.5061749771362363,0.36819354580648284,0.31225391613779113,22.0
676083,"Junk, Janson",CH,Offspeed,134,4.721802823325014,-0.06570518218118285,88.1507462686568,0.4895220013494773,0.3969972727618906,0.31457098689945084,22.0
665871,"Assad, Javier",FC,Fastball,124,4.721535352500712,-0.06571488484224827,89.01532258064516,0.48625899414486495,0.32705071084288484,0.3315208220351302,21.9
607192,"Glasnow, Tyler",SI,Fastball,393,4.721510560679799,-0.06571578418009608,96.17659033078883,0.4638955496096354,0.27457823520665786,0.34728922795379485,21.9
670059,"Holderman, Colin",FC,Fastball,119,4.720869765408025,-0.06573902940450736,90.47983193277311,0.5055745272698572,0.3786005394711039,0.3204096686595346,21.9
647336,"Soroka, Michael",CH,Offspeed,157,4.720166776935408,-0.06576453072376529,84.38089171974524,0.4643812456694623,0.29911829520840777,0.29956259575163857,21.8
663436,"Martin, Davis",FF,Fastball,764,4.720010693197844,-0.06577019275291329,93.95196335078532,0.5097981976686792,0.23675439906723403,0.35525177792826285,21.8
677952,"Ashcraft, Braxton",SI,Fastball,163,4.71994596297173,-0.0657725408798399,96.57791411042945,0.49446951988297616,0.2669846678456352,0.30983832262901384,21.8
686218,"Sheehan, Emmet",CH,Offspeed,207,4.719408148092935,-0.06579205043008143,86.17729468599035,0.549877462360061,0.3867742577983999,0.3101310265645401,21.7
681293,"Arrighetti, Spencer",FC,Fastball,86,4.719088353486819,-0.0658036511670284,87.08720930232558,0.49938231775407704,0.2938138937510559,0.3610830914457917,21.7
476594,"Stock, Robert",FC,Fastball,26,4.71882073506866,-0.06581335918214752,88.85384615384613,0.44778379792057693,0.28973322721824674,0.35559472343307585,21.7
572955,"Johnson, Pierce",FC,Fastball,47,4.718729359722833,-0.06581667387642347,92.3936170212766,0.4410152528678164,0.3427409543448855,0.3219025800506368,21.6
691951,"Aldegheri, Sam",FF,Fastball,143,4.718395922193021,-0.06582876951843115,91.60069930069923,0.40779655624301386,0.24435364833977063,0.341615869411458,21.6
645261,"Alcantara, Sandy",SI,Fastball,747,4.7182901052413095,-0.06583260809043302,97.14364123159318,0.5106070509574163,0.1687480937773815,0.3264743775130815,21.6
600917,"Leclerc, José",FC,Fastball,42,4.7182161836414185,-0.0658352896398356,88.91904761904763,0.4558393307017296,0.36870078350611674,0.32374645078055564,21.5
669432,"Rogers, Trevor",SI,Fastball,242,4.716491950587425,-0.06589783720540407,92.82975206611565,0.46460865728036094,0.1856791317079926,0.32727007536071456,21.5
669724,"Hanifee, Brenan",SI,Fastball,616,4.7164006717483815,-0.06590114839883968,95.21006493506493,0.4605784616121287,0.22622986748859725,0.31462263496264264,21.5
623167,"Flexen, Chris",CU,Breaking,115,4.71612262689355,-0.06591123463906598,72.84260869565217,0.47924386446903555,0.2707294024986852,0.3237681809248217,21.4
608665,"Graveman, Kendall",CH,Offspeed,66,4.71517740508682,-0.065945523114627,87.8787878787879,0.4665762066568524,0.41206087853011547,0.3063492632054279,21.4
643377,"Jax, Griffin",SI,Fastball,129,4.715045948353228,-0.06595029178475806,96.45581395348839,0.5380066254633695,0.22957811611348458,0.30201830497191245,21.4
669160,"May, Dustin",FC,Fastball,216,4.715019086867754,-0.06595126620090233,91.35648148148148,0.5109676478537932,0.34932600244512985,0.3336950855337985,21.3
670174,"Winckowski, Josh",FC,Fastball,55,4.7144698676737455,-0.06597118944936863,89.38000000000002,0.5048875873715064,0.3494814903732935,0.3230476519270972,21.3
681895,"Sisk, Evan",SI,Fastball,103,4.714028766184015,-0.06598719066468425,89.97475728155338,0.3767533221671033,0.2758373260813503,0.2962116050431623,21.3
689017,"Knack, Landon",CH,Offspeed,194,4.714007868007766,-0.06598794875828773,84.5427835051546,0.4859229949570227,0.31951798207496357,0.3148911108009435,21.2
682610,"Muñoz, Roddery",FC,Fastball,64,4.713753927524015,-0.06599716059831207,91.79062499999998,0.4953862929891115,0.406203009278626,0.3201383964919827,21.2
666142,"Ragans, Cole",CH,Offspeed,207,4.713108551421684,-0.066020571995039,84.39951690821262,0.5224367344720952,0.40295041878356197,0.33370755499919436,21.2
622780,"Perdomo, Angel",FF,Fastball,74,4.712536832852681,-0.06604131142153279,92.81216216216218,0.49440502638916695,0.24491250541228723,0.3539893944176734,21.1
663903,"Singer, Brady",SI,Fastball,1198,4.710254244361944,-0.06612411365813288,92.15592654424046,0.4221449587500147,0.1871385029332032,0.34565579281590775,21.1
621121,"McCullers Jr., Lance",CH,Offspeed,195,4.7100253985248095,-0.06613241517512888,86.71076923076924,0.4845655666760964,0.3696526478628297,0.31352457008291024,21.1
702070,"Cameron, Noah",CH,Offspeed,402,4.709470662480568,-0.06615253855057412,81.28308457711444,0.5022083637986443,0.473796562639794,0.32402169033260697,21.0
677976,"Dobnak, Randy",SI,Fastball,28,4.709372323974351,-0.06615610583757824,92.01428571428572,0.40238293233892974,0.28959317997814216,0.314963586067249,21.0
621053,"Ferguson, Tyler",FF,Fastball,381,4.709327528949877,-0.06615773080337049,94.7490813648294,0.5529571942152719,0.22027252117151003,0.3715888355183975,21.0
621139,"Kriske, Brooks",FS,Offspeed,204,4.709323236735847,-0.06615788650595233,82.26960784313731,0.5377150964347317,0.36899340351590154,0.3268093532820853,20.9
669920,"Alexander, Jason",CH,Offspeed,410,4.709101640473724,-0.06616592504036194,80.31975609756098,0.5148584700494664,0.37553163766202186,0.3050569765186586,20.9
606996,"Hart, Kyle",FF,Fastball,121,4.708842277787315,-0.06617533357396883,91.36528925619831,0.48049086188925194,0.2300544117756928,0.3533290290875375,20.9
669022,"Gore, MacKenzie",CH,Offspeed,301,4.708162944394962,-0.06619997679131251,86.15847176079741,0.4020445885714887,0.46472055739549134,0.3052796412545536,20.8
689147,"Kerkering, Orion",SI,Fastball,217,4.707621457632183,-0.06621961954129989,96.35714285714286,0.5090138562441711,0.20665036939660628,0.3006570163319185,20.8
687888,"Walter, Brandon",SI,Fastball,102,4.70759275264754,-0.06622066083145779,91.5088235294118,0.5040414029664153,0.1644896154942375,0.33083530683892887,20.8
670990,"Ramírez, Yohan",SI,Fastball,40,4.707515745823238,-0.06622345429918604,96.69500000000002,0.40115706135562046,0.24977586746283223,0.29793097188461365,20.7
596133,"Weaver, Luke",CH,Offspeed,328,4.706737227787732,-0.06625169549764778,88.14969512195115,0.5055110584342292,0.4144513852138807,0.30768522751382393,20.7
641672,"Hatch, Thomas",CH,Offspeed,102,4.705871692673951,-0.06628309329167303,88.60000000000002,0.47128680454061594,0.39632643123915856,0.3042373810553382,20.7
657756,"Seabold, Connor",FF,Fastball,115,4.705622546538252,-0.0662921312139091,92.22434782608697,0.5945924268293951,0.22006400028050382,0.37428642534823786,20.6
605288,"Houser, Adrian",SI,Fastball,893,4.705543912306256,-0.06629498371680607,94.38320268756989,0.45670574499483624,0.19205957766232779,0.3293361913525589,20.6
669674,"Long, Sam",SI,Fastball,93,4.7051599782440245,-0.06630891115015153,92.66881720430106,0.48107573022862704,0.2260991186106173,0.3231584525226376,20.6
670167,"Schreiber, John",SI,Fastball,210,4.7048116442893075,-0.0663215471687117,93.20476190476187,0.49414157436286205,0.20798758779500345,0.3143968168485834,20.5
663992,"Lovelady, Richard",SI,Fastball,79,4.703934413778906,-0.06635336922011076,91.41898734177215,0.43695987979161155,0.2808347239545127,0.29912966920386663,20.5
543294,"Hendricks, Kyle",CH,Offspeed,987,4.703792341222493,-0.06635852298544269,79.45937183383971,0.5729263509633326,0.3664843955098099,0.2975564603860034,20.5
663485,"Sands, Cole",FF,Fastball,311,4.702255350211211,-0.06641427823606465,95.0067524115755,0.5601904146348934,0.2221536498057614,0.3764424350526454,20.4
678368,"Bellozo, Valente",CH,Offspeed,191,4.70160375739194,-0.06643791514784585,81.51832460732987,0.489447097226035,0.37575680189221605,0.2979904964949311,20.4
641672,"Hatch, Thomas",FF,Fastball,70,4.700671736235579,-0.06647172476207029,93.27857142857144,0.49013710835978086,0.2758647150229529,0.34919869434735784,20.4
687830,"Gipson-Long, Sawyer",FC,Fastball,50,4.700665369682304,-0.06647195571252534,87.65400000000001,0.5819311588621491,0.2419800122855792,0.35849836142226943,20.3
681810,"Warren, Austin",SI,Fastball,52,4.699821786903777,-0.06650255717271092,94.00576923076925,0.525159760568765,0.18380307171935656,0.33132769312457466,20.3
663947,"Holton, Tyler",FF,Fastball,141,4.699785484889673,-0.06650387404956927,91.96595744680853,0.49771225679587994,0.21608986149405482,0.36201516348999074,20.3
642232,"Yarbrough, Ryan",CH,Offspeed,210,4.69930277230378,-0.06652138473180977,77.93238095238092,0.5179143030574551,0.4149764603065098,0.29433670517163396,20.2
680573,"Woods Richardson, Simeon",FF,Fastball,884,4.699242979001018,-0.0665235537689456,93.16979638009049,0.5071782839768567,0.21095245293910286,0.3657768252438482,20.2
678215,"Arias, Luarbert",FS,Offspeed,33,4.698907198573165,-0.06653573440095434,83.05454545454545,0.6116297424899094,0.38515942311995577,0.3127179036275637,20.2
650644,"Civale, Aaron",SI,Fastball,296,4.6987936305568745,-0.06653985414737075,92.2881756756757,0.41145957198968364,0.20305397278570247,0.33532631351317815,20.1
669622,"Bender, Anthony",SI,Fastball,210,4.698730743217059,-0.06654213542251596,96.60285714285718,0.4735620614310777,0.211315265475894,0.30781325961976275,20.1
650893,"Cabrera, Génesis",SI,Fastball,178,4.698363911621701,-0.06655544245384215,95.42696629213485,0.43205923893189985,0.2246491723393552,0.32515773541296744,20.1
621107,"Eflin, Zach",CH,Offspeed,193,4.698268885467317,-0.06655888958334034,86.58134715025908,0.5878046473596926,0.3281672268446374,0.3157864773208515,20.0
680704,"Sandlin, Nick",SI,Fastball,33,4.697914916694156,-0.06657173000824529,91.7151515151515,0.4610592603135756,0.2215931829183757,0.3193146932641778,20.0
669704,"Strowd, Kade",SI,Fastball,62,4.697898015710308,-0.06657234310134943,96.27096774193544,0.4616271140513056,0.19448103817769785,0.3140099013567156,20.0
682610,"Muñoz, Roddery",SI,Fastball,50,4.697837229401333,-0.06657454816036826,95.49,0.42879860558281896,0.24299648049449885,0.30764300027198477,19.9
675512,"Melton, Troy",SI,Fastball,86,4.697385327122564,-0.0665909411806427,95.76279069767438,0.4445984933660079,0.22376621780229894,0.3096009121881439,19.9
641835,"Mayza, Tim",SI,Fastball,207,4.697254381288209,-0.06659569131760426,93.5676328502415,0.4737504959851765,0.22236571629767785,0.3224758978586824,19.9
669461,"Liberatore, Matthew",FF,Fastball,703,4.696488338064294,-0.06662347998495706,93.91721194879086,0.481715036631779,0.21212475948880707,0.38073703570051254,19.8
607179,"Weems, Jordan",FF,Fastball,57,4.695933669884084,-0.06664360089859468,95.73157894736839,0.470343113196835,0.24908291812074487,0.37351451713314787,19.8
694350,"Brzykcy, Zach",CH,Offspeed,102,4.6947330456823915,-0.06668715424586673,88.28235294117647,0.4753239424211654,0.3733402254012681,0.30184635055473896,19.8
458677,"Wilson, Justin",FC,Fastball,127,4.694477577096821,-0.06669642151868081,91.45433070866136,0.4609697506391038,0.30966492422990194,0.34207585741762486,19.7
605130,"Barlow, Scott",FF,Fastball,290,4.6942696757903315,-0.06670396326054072,92.27137931034486,0.4905807701458853,0.23667917453912524,0.3532756506920639,19.7
667755,"Soriano, José",FF,Fastball,242,4.693440578641504,-0.06673403924601083,97.86033057851242,0.4524631253792752,0.2514997225895448,0.3430886723299873,19.7
477132,"Kershaw, Clayton",FF,Fastball,631,4.692889982500173,-0.06675401244404935,89.0302694136291,0.3935797584522204,0.2047492560265771,0.3753655276540644,19.6
543056,"Coulombe, Danny",SI,Fastball,144,4.6928845713187926,-0.0667542087378283,90.17500000000001,0.3976958964668341,0.21499041806712668,0.33943028847458795,19.6
676440,"Bibee, Tanner",FF,Fastball,888,4.692738652522406,-0.06675950202777159,94.33434684684684,0.4498655388800159,0.23703213702047812,0.3579876663388695,19.6
657514,"Bernardino, Brennan",SI,Fastball,371,4.691386443703409,-0.06680855419596479,90.73072776280326,0.43310205455964346,0.1824971725580998,0.32560445419396183,19.5
671737,"Bradley, Taj",SI,Fastball,202,4.691249934873108,-0.06681350613386777,96.04108910891088,0.4964724323429874,0.21674768367665914,0.314495109439983,19.5
668909,"Williams, Gavin",FC,Fastball,429,4.691129851901228,-0.06681786221412032,91.71911421911418,0.4893852225065612,0.30548879621156705,0.33362167018192934,19.5
702352,"Bivens, Spencer",FC,Fastball,357,4.689765307178161,-0.06686736187447037,90.99943977591035,0.5178758682909685,0.29913074586096533,0.3240486525115674,19.4
681190,"Vásquez, Randy",FF,Fastball,452,4.689532460868256,-0.06687580851096339,93.48318584070793,0.4774071918939499,0.19048234409992557,0.3790359095399524,19.4
693821,"Elder, Bryce",CH,Offspeed,266,4.689514710969572,-0.06687645239895108,86.62293233082704,0.5400794389845773,0.40560475146101793,0.3095525209907582,19.4
605540,"Woodruff, Brandon",FF,Fastball,296,4.689364020114966,-0.06688191879810604,93.06486486486487,0.5826082885855687,0.187842702448632,0.37043935943598977,19.3
676661,"Lazar, Max",FF,Fastball,357,4.689155192680453,-0.0668894941358032,94.49383753501404,0.5127685449471059,0.24657835821036028,0.36138755574774306,19.3
676428,"Hurter, Brant",SI,Fastball,570,4.688521857691413,-0.06691246873408181,92.23666666666665,0.4289156033949447,0.2153241220411883,0.3170320041807255,19.3
450203,"Morton, Charlie",SI,Fastball,385,4.6882703366661005,-0.06692159280683162,94.01350649350641,0.4287568572840455,0.23940055823874476,0.31313512643593056,19.2
681190,"Vásquez, Randy",FC,Fastball,535,4.687496013079506,-0.0669496818491987,90.2082242990654,0.5250629365161762,0.3030050488968695,0.32727777725722823,19.2
665625,"Peguero, Elvis",SI,Fastball,102,4.687421881983574,-0.06695237099819298,95.0774509803922,0.41845582293180245,0.3152764953237774,0.2974315489541642,19.1
621112,"Blackburn, Paul",CH,Offspeed,69,4.687381731714914,-0.06695382747274309,86.59565217391308,0.5887586089159212,0.35499185190507315,0.3188449792259988,19.1
592094,"Adam, Jason",CH,Offspeed,378,4.687041432090583,-0.06696617204125492,88.1298941798941,0.5166199259254558,0.34339956189095655,0.3086086600972083,19.1
656457,"Gilbert, Tyler",FC,Fastball,154,4.686313018091799,-0.06699259568639077,87.73051948051946,0.5111637492854705,0.29480803755476115,0.35235727164179625,19.0
643410,"Leiter Jr., Mark",FC,Fastball,27,4.686141358129235,-0.0669988227522385,91.15555555555555,0.46999559546679337,0.2627104520774556,0.3686255923732857,19.0
450203,"Morton, Charlie",FC,Fastball,232,4.686116762726634,-0.06699971496489689,88.03534482758626,0.45801905731131304,0.3547578372442444,0.3374185845240993,19.0
656186,"Altavilla, Dan",CH,Offspeed,118,4.686037138919527,-0.06700260336521167,91.63559322033896,0.5267768332887939,0.3504952217230121,0.2933545164992581,18.9
666711,"Peguero, Joel",FF,Fastball,103,4.68551280218232,-0.06702162398796017,99.93689320388347,0.4945266711128337,0.260961326023788,0.3522498026598803,18.9
656550,"Holmes, Grant",FC,Fastball,297,4.684820407079587,-0.06704674102651073,92.14781144781143,0.5247072708132863,0.28746837671785563,0.3449690614714471,18.9
668716,"Murdock, Noah",FC,Fastball,89,4.684811531388828,-0.06704706299739994,89.3247191011236,0.4937660856379875,0.33569315072255995,0.3282430124156298,18.8
669713,"Wesneski, Hayden",SI,Fastball,56,4.684573421043033,-0.06705570058988299,91.90892857142853,0.5071974852380078,0.187595242572836,0.3288578779139236,18.8
675848,"Mejia, Juan",FF,Fastball,721,4.683781332310457,-0.06708443407334201,96.62579750346734,0.4859923638718762,0.24900288407796706,0.3301819044631303,18.8
668909,"Williams, Gavin",SI,Fastball,201,4.682752507399572,-0.06712175530055293,95.92437810945275,0.48611748964593904,0.1951931912159529,0.3236366738097287,18.7
641540,"Dunning, Dane",SI,Fastball,129,4.68265966633425,-0.06712512316466342,90.19612403100776,0.39454135391380424,0.21282518544372261,0.32813309170995086,18.7
680684,"Hoglund, Gunnar",CH,Offspeed,126,4.682437620855931,-0.06713317799465401,85.9571428571428,0.5467499670808069,0.3809009399473191,0.3085601727909081,18.7
656641,"Latz, Jacob",CH,Offspeed,324,4.682076833947463,-0.06714626575141722,84.70555555555548,0.49595291214863413,0.40032507117771543,0.31032643482347644,18.6
663969,"Phillips, Tyler",SI,Fastball,354,4.682076315138513,-0.06714628457151632,95.44096045197746,0.4647355893024759,0.23859055604936613,0.3129517593599947,18.6
674370,"Bido, Osvaldo",FC,Fastball,94,4.681677195110325,-0.06716076288468581,86.57340425531916,0.5066406393255126,0.4004526022654726,0.3239684190588035,18.6
676661,"Lazar, Max",FC,Fastball,99,4.681430230279131,-0.06716972167882118,88.29797979797982,0.5240277381231987,0.42957311240710017,0.3068187490748229,18.5
692230,"Rodriguez, Carlos",FC,Fastball,43,4.681144778270505,-0.0671800766178967,88.68372093023255,0.48376333949176614,0.3551323675450701,0.3303792083411417,18.5
668674,"Erceg, Lucas",CH,Offspeed,163,4.680594797951074,-0.0672000274766343,90.03128834355829,0.5096514857292415,0.4150513455251692,0.29713451822188247,18.5
686747,"La Sorsa, Joe",SI,Fastball,57,4.679860277505262,-0.06722667263671833,91.68596491228071,0.363635238220183,0.19493233751507003,0.3312779717743226,18.4
594580,"Moll, Sam",SI,Fastball,90,4.678844930746124,-0.06726350493606721,91.40444444444448,0.34198011637322834,0.23018999095344,0.3127778622297211,18.4
542888,"Armstrong, Shawn",FC,Fastball,269,4.678541092404161,-0.06727452685017109,90.83531598513014,0.5267899225821614,0.32235408408387595,0.3365780137856664,18.4
669461,"Liberatore, Matthew",FC,Fastball,263,4.678432142557202,-0.06727847906978571,90.24562737642587,0.5017103035966353,0.31168878441980485,0.33600019956038324,18.3
681432,"Little, Luke",FF,Fastball,41,4.677610536582467,-0.06730828330852096,93.31219512195122,0.3786785796905317,0.3392209900871065,0.3332081627176955,18.3
641312,"Anderson, Shaun",FF,Fastball,60,4.676798084130782,-0.06733775549783742,92.27666666666667,0.48392751415982105,0.20957392268205127,0.36774468433249935,18.3
621381,"Strahm, Matt",FC,Fastball,146,4.67666124128736,-0.06734271955226252,87.7109589041096,0.5178549663427746,0.28323688678009173,0.3461284401159634,18.2
693855,"Seymour, Ian",CH,Offspeed,314,4.6765328319378945,-0.06734737767674674,83.55668789808924,0.551754961474663,0.37281115940318904,0.3239546921523126,18.2
672782,"Gómez, Yoendrys",FC,Fastball,75,4.676009021136284,-0.06736637922087274,90.27466666666669,0.4596481563758304,0.3596349426346448,0.3274176082743819,18.2
696136,"Wicks, Jordan",CH,Offspeed,53,4.675815108477055,-0.06737341351634678,82.9679245283019,0.49931484079782756,0.44938279209867743,0.31944924191924085,18.1
669432,"Rogers, Trevor",CH,Offspeed,407,4.675771747521849,-0.06737498646043502,86.24840294840294,0.5937156724725613,0.37603516015960353,0.32102859268270817,18.1
669674,"Long, Sam",FS,Offspeed,80,4.675678519112949,-0.06737836837566094,86.40375000000002,0.5081797754934574,0.35021444574038185,0.3146023058855363,18.1
696270,"Johnson, Ryan",FC,Fastball,142,4.674934632474385,-0.06740535329988187,90.88591549295772,0.5580535199388198,0.30964130630944187,0.33675269031206606,18.0
593423,"Montas, Frankie",FF,Fastball,178,4.674444126130376,-0.06742314670527014,95.6157303370786,0.5417670329593354,0.21928312287795673,0.35685814379908043,18.0
669620,"Basso, Brady",FC,Fastball,38,4.673383659894573,-0.06746161574010474,88.31578947368423,0.5378891115346891,0.28856085167286205,0.3232329829831122,18.0
676282,"Cantillo, Joey",CH,Offspeed,520,4.671224217334634,-0.0675399507858204,78.31884615384621,0.5033238335286393,0.3998718651357738,0.32602462163985413,17.9
573186,"Stroman, Marcus",FS,Offspeed,83,4.670674800851935,-0.06755988119104984,82.60602409638554,0.5317513195587843,0.35374593070164345,0.29591623047991195,17.9
624133,"Suarez, Ranger",CH,Offspeed,470,4.669347326554132,-0.06760803609997577,79.52978723404252,0.540482676574019,0.37955621862080346,0.30741587754835503,17.9
686701,"Bergert, Ryan",CH,Offspeed,99,4.669264306551125,-0.06761104769928934,87.55151515151516,0.4254344855104393,0.4248172207012786,0.2966098879305248,17.8
701487,"Ohl, Pierson",FF,Fastball,238,4.668771429485588,-0.06762892710399189,91.883193277311,0.5160978333220568,0.1790574536343187,0.3803112424495179,17.8
669438,"Englert, Mason",FF,Fastball,143,4.668546271485893,-0.06763709484252138,93.92027972027975,0.5568175046078193,0.2305958209098592,0.367483905651578,17.8
642048,"Saucedo, Tayler",SI,Fastball,118,4.667709455047168,-0.06766745084976125,90.89322033898303,0.43808576310483827,0.24451583992885928,0.3124627933326677,17.7
622786,"Tinoco, Jesus",SI,Fastball,105,4.666811198485809,-0.06770003563349372,95.15047619047617,0.5214001530900252,0.1822110526579664,0.3195605312418579,17.7
622491,"Castillo, Luis",SI,Fastball,708,4.6667197886994165,-0.06770335157712135,94.80437853107347,0.4870493142338098,0.17721259291327002,0.3106301937998194,17.7
607259,"Martinez, Nick",FC,Fastball,545,4.666284473159682,-0.06771914290370641,89.105504587156,0.5153267292095246,0.2681039614640406,0.34535844832950957,17.6
547179,"Lorenzen, Michael",CH,Offspeed,414,4.666137377160657,-0.06772447889736635,83.74202898550723,0.49547857014836333,0.3740021881056068,0.3081336988413066,17.6
542881,"Anderson, Tyler",CH,Offspeed,795,4.666116159251449,-0.06772524858947053,78.67559748427672,0.5382980506042201,0.4193998235363285,0.3200279796743246,17.6
641154,"López, Pablo",FF,Fastball,540,4.665203165786947,-0.06775836796300999,94.46462962962971,0.5663903144725333,0.2188227803817669,0.37962347784088246,17.5
669203,"Burnes, Corbin",CH,Offspeed,73,4.664290275791678,-0.06779148358314238,88.34931506849313,0.4514913092005195,0.3926657337681747,0.2950082882003137,17.5
608379,"Wacha, Michael",FC,Fastball,405,4.663748021448314,-0.06781115417756572,88.15209876543206,0.505184702218975,0.2683765464759434,0.3408103967749059,17.5
676962,"Brown, Ben",CH,Offspeed,81,4.662868271566248,-0.0678430676206498,90.51234567901234,0.4228695235130417,0.3537149607670523,0.31897828812458157,17.4
605452,"Ross, Joe",FF,Fastball,322,4.66277999118907,-0.06784627004312241,94.21304347826087,0.47846431100515907,0.25302910017812424,0.3454474848507462,17.4
543859,"Tonkin, Michael",FF,Fastball,226,4.662755977122866,-0.06784714116746207,92.42964601769911,0.5120769922148457,0.19490908309659216,0.36314306052448225,17.4
607067,"Rea, Colin",FF,Fastball,1090,4.662198520100661,-0.06786736324797918,93.90577981651373,0.5013999745123947,0.21862608673841077,0.3734972781657536,17.3
621244,"Berríos, José",CH,Offspeed,448,4.662064437030769,-0.06787222719000031,85.19151785714278,0.5807779137010394,0.35752445850765774,0.30935915835552175,17.3
656302,"Cease, Dylan",SI,Fastball,128,4.66058762636173,-0.06792579936340233,95.84921875,0.5048937397764384,0.19670582580320986,0.3266019000148035,17.3
682842,"Uribe, Abner",SI,Fastball,645,4.660161270628409,-0.06794126566775341,98.6302325581396,0.4249301069164595,0.2548523031603741,0.3113519169212204,17.2
666619,"Santos, Gregory",SL,Breaking,98,4.659423724392083,-0.06796802059016328,88.73469387755097,0.5214926090031593,0.36276121269451445,0.33168146900971207,17.2
687830,"Gipson-Long, Sawyer",FF,Fastball,131,4.659229373155385,-0.0679750707952924,92.78549618320613,0.5351755267646521,0.18977209651126073,0.38245308410961937,17.2
666157,"Lodolo, Nick",CH,Offspeed,550,4.659137005409834,-0.06797842148945038,87.86018181818191,0.5607410891517873,0.36676733284483415,0.3073837818378385,17.1
605452,"Ross, Joe",CH,Offspeed,81,4.657206270332781,-0.06804846003705144,89.98888888888892,0.5593595297880656,0.3323046026093964,0.3136021421389939,17.1
701519,"Adams, Travis",SI,Fastball,74,4.656983878218108,-0.06805652744147923,94.09054054054053,0.49909619220647167,0.18940458236979665,0.31913055713921173,17.1
676282,"Cantillo, Joey",FF,Fastball,708,4.656917591246364,-0.068058932040267,91.74110169491533,0.4566206080817223,0.22403932061740123,0.3820318412036047,17.0
678394,"Bello, Brayan",SI,Fastball,955,4.6568588331656775,-0.06806106352411483,95.29361256544499,0.45606796655662546,0.23013557965851095,0.31527045877759313,17.0
676974,"Meyer, Max",SI,Fastball,151,4.656795821339824,-0.06806334931506414,94.26622516556291,0.4747438143133089,0.23657764720021923,0.3093760838563895,17.0
693855,"Seymour, Ian",FC,Fastball,215,4.6567228765616875,-0.06806599542968453,88.26651162790694,0.5065090002645647,0.2905316930611603,0.3584225045369128,16.9
647315,"Pop, Zach",FC,Fastball,26,4.6562561899350365,-0.06808292476085175,93.41538461538462,0.5095863520623856,0.27756978859776404,0.3155595326781591,16.9
702674,"Dana, Caden",CH,Offspeed,109,4.655973631375348,-0.06809317473836962,87.04495412844038,0.4724220400066759,0.4087853666076597,0.3036316809905142,16.9
614179,"Ruiz, José",SI,Fastball,55,4.654929194891304,-0.06813106228455519,95.13818181818179,0.49056864600403954,0.2058555239233929,0.31220123515733683,16.8
829272,"Ogasawara, Shinnosuke",FF,Fastball,261,4.654924291797848,-0.06813124014714682,91.08927203065132,0.4900596587942402,0.205151895130993,0.3781073089807415,16.8
642701,"Santana, Dennis",FF,Fastball,287,4.654236509619351,-0.0681561898491645,94.681881533101,0.5190428268843728,0.20766162929775658,0.3804580676296712,16.8
622608,"Senzatela, Antonio",CH,Offspeed,187,4.6541634374359795,-0.06815884058548469,87.57914438502671,0.4540261985373155,0.36643928016785393,0.3083547143978988,16.7
621111,"Buehler, Walker",CH,Offspeed,150,4.653159819241141,-0.06819524742428304,89.68733333333333,0.4885999198310725,0.3520750943509745,0.2984805261377625,16.7
666619,"Santos, Gregory",SI,Fastball,63,4.652499365076541,-0.06821920578656451,97.22539682539684,0.3871103338290704,0.3061311302983788,0.29664354121583203,16.7
666214,"Wentz, Joey",CH,Offspeed,63,4.65244708247511,-0.06822110236860342,86.04444444444445,0.5163182132703447,0.4688195073198394,0.32591463406818005,16.6
680732,"Burke, Sean",SI,Fastball,119,4.652388733073845,-0.06822321902736539,93.97563025210081,0.48622205978046096,0.22185701531871296,0.31799129914787494,16.6
669276,"Lee, Dylan",CH,Offspeed,146,4.65156778285929,-0.06825299947801527,86.68356164383562,0.5375019885508443,0.3938456106268299,0.3239384733362069,16.6
681916,"Smith, Dylan",FF,Fastball,82,4.651167805669462,-0.06826750888522609,94.66707317073165,0.5226059067199599,0.236518838990038,0.37776687745346876,16.5
701328,"Ferris, Jackson",FF,Fastball,37,4.6507451679766385,-0.06828284031547696,94.12432432432433,0.420885836578171,0.2958168618086789,0.3710771163060333,16.5
694851,"Hoffmann, Andrew",FF,Fastball,106,4.649760613760176,-0.0683185555972756,94.54905660377358,0.45244814359504587,0.2249892909854682,0.36457435763630913,16.5
681895,"Sisk, Evan",FF,Fastball,66,4.649753354092698,-0.06831881894597233,90.64242424242424,0.508550561589365,0.25887977204998586,0.37074994897360075,16.4
656849,"Peterson, David",FF,Fastball,603,4.649475982432207,-0.06832888076567875,92.25787728026542,0.4924258633053415,0.27636059180215944,0.35672793886137627,16.4
571945,"Mikolas, Miles",CH,Offspeed,285,4.649091031045199,-0.06834284510307724,85.91333333333337,0.5371694881912699,0.3278994543966775,0.3289031635554163,16.4
676664,"Sears, JP",SI,Fastball,162,4.648707781811345,-0.06835674769387157,90.42283950617285,0.4422697355379485,0.1626835635515887,0.34737290473236027,16.3
669391,"White, Owen",FC,Fastball,26,4.648687927492568,-0.06835746792093288,88.57692307692307,0.5133173706604554,0.3258360580647176,0.3417540990890704,16.3
642232,"Yarbrough, Ryan",FF,Fastball,146,4.648232446133487,-0.06837399077444539,88.21780821917804,0.5125626146850171,0.18775530675204716,0.36058055304896636,16.3
689690,"Jacob, Alek",CH,Offspeed,201,4.647403788371847,-0.06840405082088745,74.25422885572138,0.5007745628605401,0.3120233676113413,0.31430812363587546,16.2
641302,"Alexander, Tyler",SI,Fastball,291,4.64653831691211,-0.06843544630582485,90.49690721649488,0.5007892794137297,0.14811525453755642,0.33103856288907896,16.2
687134,"Blalock, Bradley",FF,Fastball,485,4.646443550863289,-0.06843888399984109,94.59979381443301,0.49483773355916744,0.20596176695015697,0.35851042469143385,16.2
656794,"Newcomb, Sean",FC,Fastball,229,4.646217701521426,-0.06844707681721347,89.26899563318773,0.44778802860189904,0.31364531433686005,0.3537107857402995,16.1
700249,"Povich, Cade",CH,Offspeed,296,4.645910337923762,-0.06845822661203613,83.63310810810815,0.4709724687556472,0.4217057190214388,0.3113669964469254,16.1
663687,"Harris, Hogan",CH,Offspeed,148,4.645714884962135,-0.0684653167828831,81.98040540540543,0.5574562738573523,0.32581205579098704,0.33187178328728045,16.1
641927,"Ober, Bailey",FF,Fastball,863,4.643935907033223,-0.06852985025090587,90.23765932792581,0.5060263840453234,0.2168664310767364,0.3751200919501144,16.0
676775,"Winn, Keaton",SI,Fastball,42,4.643694912576369,-0.06853859246620944,94.99047619047619,0.34131802931578153,0.1833541737491388,0.3262702853042591,16.0
691172,"Zulueta, Yosver",SI,Fastball,64,4.643524949068488,-0.06854475799216822,95.30624999999999,0.35706316382346426,0.30327124388825827,0.3093189116557239,16.0
600917,"Leclerc, José",CH,Offspeed,51,4.6435213710912935,-0.06854488778539,86.41176470588239,0.427568599325655,0.4185213170923011,0.31067398968329596,15.9
668390,"Winn, Cole",SI,Fastball,130,4.643502257426585,-0.06854558114479056,95.34692307692308,0.38197579033115864,0.24102907274966867,0.31702302928257653,15.9
669724,"Hanifee, Brenan",FF,Fastball,118,4.643411475966908,-0.06854887429549801,96.05593220338984,0.5463260404728908,0.2375080676584598,0.3480254108090764,15.9
543101,"DeSclafani, Anthony",SI,Fastball,113,4.642544570127212,-0.06858032181341006,94.05486725663714,0.4836940339716853,0.18133823557750847,0.32427078369714823,15.8
669020,"Rolison, Ryan",FF,Fastball,315,4.640173412030137,-0.06866633696444005,92.85714285714278,0.4624056457165854,0.2808383531017323,0.34359966944878095,15.8
596295,"Gomber, Austin",CH,Offspeed,164,4.640085733734941,-0.0686695175460354,80.96463414634145,0.5905916820351659,0.3943533113412648,0.35165459151789286,15.8
664192,"Lucchesi, Joey",FF,Fastball,158,4.639735335724216,-0.06868222843943815,92.76075949367086,0.5342467791366622,0.22682526069424316,0.3621614234797786,15.7
643410,"Leiter Jr., Mark",SI,Fastball,326,4.639115462909189,-0.0687047146894565,93.74785276073622,0.4695965025189442,0.20170286644075025,0.35661569350090694,15.7
570632,"Ureña, José",SI,Fastball,346,4.638802625903994,-0.0687160630353484,96.10028901734097,0.458643407218513,0.18597084503189346,0.3241943345001373,15.7
666120,"Anderson, Ian",CH,Offspeed,71,4.638802376323092,-0.06871607208904193,88.1774647887324,0.4507665320393584,0.4759167902475105,0.31866953586884406,15.6
663321,"Hernandez, Nick",SL,Breaking,101,4.638196252450294,-0.06873805958811495,81.97623762376239,0.45088140424417783,0.4711833997977853,0.3138710564857301,15.6
701519,"Adams, Travis",FF,Fastball,195,4.638041646619807,-0.06874366800531657,94.76512820512822,0.5062048992898815,0.2352391932003703,0.3566100587724507,15.6
489119,"Miley, Wade",FF,Fastball,45,4.6379766168057825,-0.06874602699997064,92.14666666666663,0.5783625222050165,0.19613107567620638,0.35044025090246167,15.5
534910,"Hahn, Jesse",SI,Fastball,55,4.637008928657103,-0.06878113045526586,95.19818181818187,0.36695813183670856,0.18749923307176258,0.3121633416372268,15.5
592866,"Williams, Trevor",SI,Fastball,124,4.635927135947354,-0.06882037312045418,86.66290322580647,0.43599634873789794,0.2702422684691475,0.32024956196346566,15.5
656794,"Newcomb, Sean",CH,Offspeed,112,4.63582371670617,-0.06882412471409984,85.27053571428567,0.5360670322206096,0.4135891202905588,0.3118819416877689,15.4
682243,"Miller, Bryce",FS,Offspeed,339,4.635457516237695,-0.06883740885092808,83.99528023598816,0.5866648694056505,0.32711525788648976,0.3222135806315511,15.4
673540,"Senga, Kodai",FC,Fastball,389,4.635297460537931,-0.06884321496533506,89.59383033419022,0.46822562200993983,0.32807232078218007,0.34310120954064044,15.4
687287,"Monteverde, Patrick",FC,Fastball,39,4.635149664041341,-0.06884857636995478,86.4,0.5953986042710616,0.2678164837264241,0.3391331071125461,15.3
666277,"Soriano, George",CH,Offspeed,226,4.634714201522873,-0.06886437302827966,88.46238938053101,0.5378742030198521,0.33849826420092916,0.3177184411328939,15.3
544150,"Suárez, Albert",FF,Fastball,75,4.633897863460504,-0.06889398617040329,93.81333333333333,0.5233392796477694,0.243289324292667,0.3526184569683555,15.3
661563,"Gil, Luis",CH,Offspeed,236,4.631239490432438,-0.06899042021155177,90.82033898305087,0.4824079688697155,0.33604323536678704,0.31247534777472175,15.2
621199,"Bowman, Matt",SI,Fastball,194,4.631223880545344,-0.0689909864693638,91.11649484536086,0.44442152998858386,0.18796502515111854,0.3226029473501538,15.2
607536,"Freeland, Kyle",SI,Fastball,161,4.630819242946204,-0.06900566493565642,91.37391304347828,0.4774799683465641,0.16416508689943016,0.3523742678284612,15.2
623167,"Flexen, Chris",FC,Fastball,190,4.6307649057229945,-0.06900763605030573,89.06210526315793,0.5184372745020834,0.3221760581340566,0.3404000619230885,15.1
656457,"Gilbert, Tyler",FS,Offspeed,66,4.629138979350542,-0.06906661748332901,82.9833333333333,0.44258476861863694,0.39111414265291355,0.3154707530757868,15.1
687362,"Gillispie, Connor",FC,Fastball,135,4.628747623665471,-0.0690808141403968,86.78888888888896,0.5339486278114985,0.3182049065565234,0.33845342134635936,15.1
621051,"Wilson, Steven",CH,Offspeed,72,4.628347989732044,-0.06909531109578021,84.95416666666667,0.4441807678710534,0.41565285935764124,0.2985221421592914,15.0
805673,"Matthews, Zebby",FC,Fastball,179,4.627787931531679,-0.069115627535561,91.73184357541902,0.5287264058743079,0.2572870033315225,0.34475526521167094,15.0
684320,"Rodríguez, Yariel",SI,Fastball,72,4.626684774915293,-0.06915564518899592,95.50972222222225,0.5159381842343038,0.23201319384710142,0.3057311382649251,15.0
543243,"Gray, Sonny",FF,Fastball,605,4.6264704986439025,-0.06916341818644745,91.68512396694209,0.46074267654223755,0.24545724974726024,0.34985320370274253,14.9
605347,"López, Jorge",FF,Fastball,97,4.625954606340646,-0.06918213248240032,94.67938144329892,0.3710819511840526,0.2003525530747443,0.36545537790049,14.9
668834,"McGee, Easton",FF,Fastball,45,4.624983041641618,-0.06921737656183359,92.9688888888889,0.6376755811629926,0.1824137464525216,0.379563825943333,14.9
670810,"Gillaspie, Logan",FF,Fastball,52,4.624485331989069,-0.06923543127146506,95.15576923076922,0.5727995377166621,0.19188329282815206,0.3742952256574691,14.8
434378,"Verlander, Justin",CH,Offspeed,222,4.624484688666828,-0.06923545460835674,84.67882882882881,0.5027521029531148,0.36246722247877783,0.31629780272922553,14.8
571927,"Matz, Steven",CH,Offspeed,224,4.623578676123023,-0.06926832074490266,83.89955357142857,0.5895125351738019,0.35224684940774237,0.31370994056216717,14.8
595014,"Treinen, Blake",SI,Fastball,187,4.623538044992977,-0.06926979466298178,95.85401069518718,0.49332296580330176,0.20182325041401256,0.30270032534087654,14.7
642528,"Loáisiga, Jonathan",CH,Offspeed,88,4.622755001197508,-0.06929820003604113,90.25795454545458,0.5299360950364742,0.37857664244611194,0.3096996815919735,14.7
680736,"Wrobleski, Justin",FC,Fastball,154,4.622326697845874,-0.06931373699138926,92.09610389610384,0.5467364628855262,0.2768809956712161,0.3666380050479979,14.7
547179,"Lorenzen, Michael",SI,Fastball,434,4.622215730280568,-0.06931776240492073,92.94193548387096,0.44794299687480515,0.20542292930965583,0.328633630844325,14.6
642152,"Trivino, Lou",CH,Offspeed,140,4.621237905095878,-0.06935323358714413,87.26214285714288,0.5330448837254258,0.3302146172204564,0.31049488928634156,14.6
680885,"Schwellenbach, Spencer",SI,Fastball,158,4.617807876480825,-0.06947765988740834,95.5506329113924,0.5475757171563913,0.18306301369662578,0.30694819361328224,14.6
608331,"Fried, Max",SI,Fastball,595,4.617557587689267,-0.06948673926015603,94.08420168067222,0.4911711786303733,0.2843372640537508,0.3111691032892644,14.5
676428,"Hurter, Brant",CH,Offspeed,114,4.617174644509601,-0.06950063074865506,85.81666666666669,0.4756833406215917,0.4124594938660606,0.30791435385190286,14.5
702352,"Bivens, Spencer",FF,Fastball,81,4.61614368917974,-0.06953802925806382,95.20987654320986,0.49580138444475264,0.2682583809835361,0.3387653020399794,14.5
672782,"Gómez, Yoendrys",CH,Offspeed,85,4.615433205461847,-0.06956380247174138,89.30941176470586,0.49663065462011813,0.3175566125799917,0.3209587272077881,14.4
543859,"Tonkin, Michael",SI,Fastball,32,4.615156491349053,-0.06957384043851936,91.78125000000001,0.3385180698504187,0.23399623304378997,0.3042260553615485,14.4
622663,"Severino, Luis",CH,Offspeed,147,4.61490027073039,-0.06958313499177526,86.18707482993194,0.4696073482802801,0.39007459516464515,0.3185107196719431,14.4
672456,"Montero, Keider",SI,Fastball,321,4.61360447924388,-0.06963014058813445,93.85389408099681,0.46894373652799914,0.1694451455755325,0.32452320589251904,14.3
676917,"Cavalli, Cade",SI,Fastball,147,4.613470163990574,-0.06963501295274552,96.87687074829937,0.5022291191871505,0.20638672000487251,0.30430888182465565,14.3
693821,"Elder, Bryce",SI,Fastball,1074,4.613346590607266,-0.06963949564971994,91.49180633147098,0.41073567451047593,0.24612416141030863,0.3243480073969846,14.3
677958,"Rocker, Kumar",FF,Fastball,270,4.611179804550774,-0.06971809708508168,96.01111111111108,0.5092050394149781,0.23206491868505527,0.36627468918821,14.2
801139,"Tolle, Payton",FC,Fastball,42,4.610258434190949,-0.0697515203354133,89.51904761904763,0.46205709573311865,0.31486009841581397,0.3605519703753856,14.2
623433,"Anderson, Nick",CH,Offspeed,53,4.609943925509378,-0.06976292932234633,88.38301886792452,0.5265526640614218,0.38957538765122085,0.3082019495367283,14.2
605488,"Springs, Jeffrey",CH,Offspeed,720,4.609910849771135,-0.06976412916415524,79.14986111111116,0.5770580470707728,0.39520336140734597,0.30633126537953775,14.1
592662,"Ray, Robbie",CH,Offspeed,415,4.60941375189364,-0.06978216168128758,84.80963855421689,0.4441709075158681,0.42770156949182203,0.3168248703814794,14.1
663399,"Waddell, Brandon",FF,Fastball,116,4.609311609347338,-0.06978586696207754,90.74655172413794,0.43257220904476334,0.24668025750567174,0.3562631365608249,14.1
605347,"López, Jorge",SI,Fastball,107,4.608974010189701,-0.06979811356957599,94.73457943925237,0.5256994926893546,0.17062301325703744,0.3160107865167091,14.0
656464,"Ginkel, Kevin",SI,Fastball,35,4.60875183777131,-0.06980617300439237,94.13714285714286,0.4570796306946348,0.24012175279075174,0.32312551052728394,14.0
693645,"Schlittler, Cam",SI,Fastball,118,4.608573019450661,-0.06981265974387905,97.91864406779666,0.5333170186729557,0.19393208291361552,0.3230374877296666,14.0
543056,"Coulombe, Danny",FF,Fastball,142,4.608297766270788,-0.0698226447144585,90.28873239436624,0.4614933810978873,0.225579293121264,0.3466597143508257,13.9
676775,"Winn, Keaton",FF,Fastball,43,4.607744642851032,-0.06984270959100425,95.80000000000001,0.5131552658453411,0.23202360736967947,0.3556293211019848,13.9
623474,"Herget, Jimmy",FF,Fastball,98,4.60762090170241,-0.06984719837376424,92.98367346938781,0.3668673240255269,0.32606247841740665,0.3040522691622526,13.9
642016,"Robert, Daniel",FF,Fastball,60,4.607187331694833,-0.06986292638014627,96.18,0.499679715311502,0.23529441867638307,0.35150694250818426,13.8
690953,"Abel, Mick",CH,Offspeed,63,4.605660525750806,-0.06991831216147856,89.12857142857143,0.4586618360654802,0.3121692624409121,0.31286358582378154,13.8
690997,"McLean, Nolan",SI,Fastball,206,4.603799509164409,-0.06998582162993014,94.74999999999993,0.5068901304099505,0.17535490606111448,0.31910805082733634,13.8
642216,"Winans, Allan",SI,Fastball,53,4.603347644500763,-0.07000221328569389,89.90943396226413,0.4486002850449015,0.13803774214209227,0.3556014127499069,13.7
669854,"Blanco, Ronel",CH,Offspeed,99,4.603056226367124,-0.0700127846494545,84.36262626262624,0.5406085617751885,0.33993860691664474,0.31450125722412153,13.7
686730,"Spiers, Carson",CH,Offspeed,66,4.603030334804761,-0.07001372388106859,87.08787878787881,0.49127441798514315,0.4306297648763281,0.29444481710814285,13.7
669330,"Wells, Tyler",FF,Fastball,125,4.602012659766947,-0.07005064064009227,92.81040000000006,0.5049999882276747,0.22064499302099003,0.360071720195191,13.6
663562,"Davis, Noah",SI,Fastball,93,4.601751011681245,-0.07006013207789907,94.41182795698924,0.44862390169559024,0.19349867215473932,0.32181554231598275,13.6
519326,"Strickland, Hunter",FF,Fastball,115,4.601694752431341,-0.0700621729151943,93.59130434782608,0.49797637575107295,0.20700201898281678,0.3742295938036057,13.6
605347,"López, Jorge",CH,Offspeed,37,4.6014121393655,-0.07007242486995478,87.03243243243242,0.501618929679301,0.3296282171289933,0.31033422696542246,13.5
605540,"Woodruff, Brandon",SI,Fastball,299,4.601350586475626,-0.07007465773714538,92.85217391304353,0.4382943345986736,0.19787277390229527,0.3564582071305596,13.5
621107,"Eflin, Zach",FF,Fastball,154,4.600941302933812,-0.07008950473773423,91.92532467532466,0.4454067747672028,0.2498037454969198,0.35732142609076706,13.5
621121,"McCullers Jr., Lance",SI,Fastball,283,4.598687027332003,-0.07017127990767834,91.45759717314483,0.4127018923696729,0.24322338511151395,0.3233403211582433,13.4
664199,"Clarke, Taylor",SI,Fastball,161,4.598527061261637,-0.0701770827707263,94.68633540372669,0.47288490820273094,0.20534500828032468,0.3242618723495045,13.4
592454,"Kahnle, Tommy",FF,Fastball,155,4.596700237508719,-0.07024335187408377,93.49548387096772,0.46575500670757924,0.2670748136822735,0.35402529418969625,13.4
686826,"Jarvis, Bryce",SI,Fastball,44,4.596085063868411,-0.07026566765878242,93.01136363636364,0.41630647747034116,0.2190840871193029,0.3389247172078137,13.3
701519,"Adams, Travis",FC,Fastball,123,4.595744481379523,-0.07027802248837234,90.83495934959346,0.5200987329803362,0.34251548070145954,0.3314875263929936,13.3
695418,"Lord, Brad",SI,Fastball,384,4.595055923294605,-0.0703030003368507,94.34713541666666,0.5009682260340642,0.18187269042241105,0.30725208659774444,13.3
669711,"Weissert, Greg",FF,Fastball,360,4.594780978941302,-0.07031297410456501,94.13333333333337,0.5905725941268153,0.22638359071744438,0.3654269857092218,13.2
641778,"Lauer, Eric",FF,Fastball,845,4.594684836645996,-0.07031646172272984,91.74875739644966,0.5324913527656087,0.20089252440813501,0.3719635282845268,13.2
689225,"Brieske, Beau",SI,Fastball,69,4.5943369904153295,-0.07032908004881398,95.71159420289852,0.42451787586494194,0.2881234228356501,0.3338036399244434,13.2
519008,"McFarland, T.J.",SI,Fastball,139,4.5937196320411715,-0.07035147508601482,87.90431654676259,0.44291692326200144,0.28124296392635334,0.30740755159823246,13.1
676664,"Sears, JP",CH,Offspeed,360,4.593513140852357,-0.0703589656750286,83.38888888888883,0.45613680742688273,0.3581668282640713,0.3206366393171216,13.1
596271,"Lawrence, Casey",SI,Fastball,110,4.593388152231879,-0.07036349971056205,87.49181818181819,0.45311083036433,0.1665124920731526,0.33434383582787375,13.1
548384,"Raley, Brooks",CH,Offspeed,53,4.5929879094376105,-0.07037801875272971,84.03207547169812,0.5551859143987898,0.31187709298905864,0.2889194344192038,13.0
671111,"Peralta, Sammy",SI,Fastball,49,4.5925752413851635,-0.07039298852842718,88.98163265306123,0.4962767447016528,0.16433860074827827,0.34148267332991794,13.0
671096,"Abbott, Andrew",FC,Fastball,115,4.591153491999329,-0.07044456332147878,88.64869565217398,0.5838184135946144,0.2823460884404799,0.3531844654159052,13.0
674944,"Guenther, Sean",FS,Offspeed,36,4.589949123298137,-0.07048825250266685,83.19722222222222,0.5204222677377782,0.4311020306868292,0.29680734186309904,12.9
683155,"Estes, Joey",FF,Fastball,129,4.589860938605501,-0.0704914514541266,91.18449612403096,0.49793964088430953,0.21536681846191333,0.38014470710555265,12.9
666214,"Wentz, Joey",FC,Fastball,174,4.589205340716487,-0.07051523365216211,86.88965517241377,0.5442188000074822,0.37868739268993373,0.33016053344939794,12.9
686799,"Kochanowicz, Jack",SI,Fastball,921,4.5878279283692835,-0.07056520009312695,95.51009771986979,0.45164428572980236,0.29273969769392616,0.30961179838591585,12.8
650633,"King, Michael",CH,Offspeed,265,4.587369129621354,-0.07058184328686565,86.79433962264153,0.5344299281261,0.31763450980174757,0.3047341313613216,12.8
642152,"Trivino, Lou",FC,Fastball,207,4.58607436874109,-0.07062881149737905,91.76859903381647,0.5104028786545395,0.3195695581297787,0.33330327590708575,12.8
683155,"Estes, Joey",CH,Offspeed,27,4.584975008107342,-0.0706686914493167,83.87777777777775,0.4393939692726383,0.5044108232688738,0.3137800051737948,12.7
660853,"De Los Santos, Enyel",CH,Offspeed,168,4.584652261213045,-0.0706803992822493,87.62559523809531,0.5473647099652313,0.3412109004601018,0.31561780854651156,12.7
621112,"Blackburn, Paul",SI,Fastball,215,4.584566246364237,-0.07068351952135117,92.69069767441864,0.4367233139299797,0.21601676119021754,0.3276618653977589,12.7
607067,"Rea, Colin",SI,Fastball,286,4.5843672696369495,-0.07069073751886494,93.02132867132867,0.47521417118326553,0.20553635444616242,0.3055515263041716,12.6
448179,"Hill, Rich",FF,Fastball,63,4.583601902319362,-0.07071850166731894,88.52380952380952,0.40698711113965,0.23003026158634543,0.3528236564784728,12.6
680735,"Cox, Austin",FS,Offspeed,44,4.583515731044835,-0.07072162758085554,82.17954545454543,0.5610256293151068,0.3797739335114917,0.3212306939154569,12.6
665871,"Assad, Javier",CU,Breaking,36,4.582994382863783,-0.0707405397919762,76.94722222222222,0.49705253860675414,0.29020817027161927,0.34471733112874814,12.5
663399,"Waddell, Brandon",SI,Fastball,111,4.58225831623638,-0.07076724104070456,90.97117117117116,0.49594909188512154,0.2011311664697381,0.3225173643343708,12.5
676961,"Boushley, Caleb",SI,Fastball,210,4.582135874099881,-0.07077168270103755,92.20428571428565,0.43269000637232063,0.16263812773264463,0.33971367772398225,12.5
657044,"Thompson, Ryan",SI,Fastball,341,4.581963444443024,-0.07077793768799741,89.6618768328445,0.48276421116559554,0.23780540325206426,0.31564448261406464,12.4
801403,"Dollander, Chase",SI,Fastball,175,4.581815903979852,-0.07078328980485477,97.18171428571428,0.515481696505867,0.20819700440110758,0.3058383962143064,12.4
683409,"Chivilli, Angel",FF,Fastball,487,4.581464155237658,-0.070796049696834,97.06303901437371,0.44254289045196155,0.21131447049056568,0.3375070631730836,12.4
660271,"Ohtani, Shohei",SI,Fastball,59,4.581232477194524,-0.07080445395376438,96.2491525423729,0.3945319191652066,0.3289628597751263,0.30351548137703943,12.3
664299,"Javier, Cristian",SI,Fastball,59,4.581068150715298,-0.07081041499320162,92.61186440677965,0.383960046599074,0.20568410569402612,0.34851935574789017,12.3
594580,"Moll, Sam",CH,Offspeed,38,4.5804978939777055,-0.07083110139090344,85.55000000000001,0.39258550286361926,0.44341301092234325,0.3080461225990488,12.3
608665,"Graveman, Kendall",SI,Fastball,128,4.578565034572269,-0.07090121699976282,94.56406250000005,0.4012853067669542,0.2619516130817864,0.31516902395486746,12.2
656876,"Rasmussen, Drew",SI,Fastball,531,4.57808058827806,-0.0709187905732896,95.40018832391702,0.5283886553474225,0.16877530320137552,0.33353822743528866,12.2
674841,"Alvarez, Andrew",FF,Fastball,142,4.577180901068781,-0.07095142725461477,91.28521126760563,0.4017171133155297,0.24702630545964765,0.36701912726996666,12.2
643361,"Herget, Kevin",FF,Fastball,95,4.577031355616614,-0.07095685210362401,92.07052631578951,0.5141221784847556,0.18799454270892868,0.374820789885889,12.1
688138,"Evans, Logan",FF,Fastball,148,4.576467852094793,-0.07097729352446167,92.82432432432437,0.43634973817346484,0.2027124220449654,0.3512025077779644,12.1
541640,"Ramírez, Erasmo",SI,Fastball,51,4.576239986871844,-0.07098555946910329,90.66666666666667,0.44309180984067187,0.22338705784385043,0.32113308702609095,12.1
686799,"Kochanowicz, Jack",FF,Fastball,355,4.576150231181271,-0.07098881540943468,95.5166197183099,0.48212021034062147,0.2422544542340779,0.35313847388081665,12.0
687075,"Sproat, Brandon",CH,Offspeed,41,4.575474667088619,-0.07101332189322068,90.0048780487805,0.5256687717052928,0.32204332733943913,0.299076483919487,12.0
690953,"Abel, Mick",SL,Breaking,83,4.574913468575922,-0.07103367969850019,87.33734939759036,0.5948228260108731,0.2986521327683624,0.33790922254228856,12.0
687473,"Gusto, Ryan",FC,Fastball,198,4.5723680074975315,-0.07112601779243351,89.13333333333338,0.5968656778793111,0.2758716963630257,0.35372641252900333,11.9
455119,"Martin, Chris",FF,Fastball,190,4.572336427106469,-0.07112716338964628,94.74000000000001,0.5687143783846614,0.2060406857491129,0.376124320018847,11.9
669371,"Henry, Cole",SI,Fastball,98,4.5721852773074,-0.07113264643728066,94.51428571428569,0.42416300355723235,0.20570145902719592,0.3099684639544481,11.9
690953,"Abel, Mick",SI,Fastball,95,4.571832036199988,-0.07114546046568378,95.40842105263157,0.531044036391256,0.1776777891781522,0.3200745644468725,11.8
605177,"Chafin, Andrew",FF,Fastball,127,4.571020825463886,-0.07117488761103892,89.52125984251968,0.4378600866027689,0.160131374373288,0.3760090388783879,11.8
593958,"Rodriguez, Eduardo",SI,Fastball,232,4.570867771690888,-0.07118043972644478,91.47758620689655,0.45762729778308087,0.20071906868108813,0.320471558562461,11.8
663399,"Waddell, Brandon",CH,Offspeed,75,4.570842870872263,-0.07118134301824858,83.51600000000005,0.5178073024782963,0.4052969616535221,0.3119183360074454,11.7
606303,"Payamps, Joel",SI,Fastball,70,4.570628899908569,-0.07118910494048436,94.86000000000001,0.46284989879193655,0.21275275266723648,0.3284193256765089,11.7
671305,"Otañez, Michel",SI,Fastball,27,4.569225306778444,-0.07124002110470855,96.5777777777778,0.4263769639701016,0.23504963817666907,0.3094718778922794,11.7
686613,"Brown, Hunter",SI,Fastball,672,4.56921815910516,-0.07124028039074996,95.70491071428566,0.5428000345360269,0.20293429224232548,0.31897512759798985,11.6
657612,"Hill, Tim",SI,Fastball,783,4.568501149814918,-0.07126629032339281,88.33716475095792,0.49848541729749846,0.20089530912450124,0.3064777474097048,11.6
690990,"Horton, Cade",CH,Offspeed,227,4.567600580583796,-0.07129895900057778,87.98193832599122,0.4532742140604142,0.39718802212258214,0.2966332980754194,11.6
691008,"Rajcic, Max",FF,Fastball,30,4.5664790876433266,-0.07133964181492596,93.27999999999999,0.48231729392971895,0.20456970939154923,0.3731369858331837,11.5
542888,"Armstrong, Shawn",SI,Fastball,264,4.566242783908763,-0.07134821387152666,94.10795454545453,0.452683299190547,0.1904165593752954,0.3394408649394614,11.5
669438,"Englert, Mason",SI,Fastball,123,4.565515372193585,-0.07137460115823661,92.87317073170735,0.4075508936250507,0.1866569456815607,0.3404767486519627,11.4
664141,"Brubaker, JT",SI,Fastball,231,4.564863960385471,-0.07139823150373174,93.40432900432899,0.3872856848204903,0.19848452348622367,0.33655788421601807,11.4
669684,"Murphy, Chris",CH,Offspeed,29,4.562627314529556,-0.07147936714430098,83.84137931034483,0.4781710501103886,0.3713907574871262,0.303538563295044,11.4
669461,"Liberatore, Matthew",SI,Fastball,300,4.562565153747473,-0.07148162206313816,94.037,0.5022657653780873,0.1725678878392209,0.35953527266055746,11.3
700241,"McGreevy, Michael",FF,Fastball,387,4.562245300974411,-0.07149322491012505,92.96899224806207,0.49437261289653134,0.22841311773554618,0.3747956626464416,11.3
669461,"Liberatore, Matthew",CH,Offspeed,294,4.5615693297646365,-0.07151774616232352,88.43741496598649,0.5087725815211441,0.3958051867892414,0.3442827919967771,11.3
571578,"Corbin, Patrick",SI,Fastball,748,4.560801125205975,-0.07154561323336228,91.56644385026739,0.45606647112422777,0.16203238713923207,0.3481404301816114,11.2
677960,"Weathers, Ryan",CH,Offspeed,188,4.560390763481586,-0.07156049934565625,87.2686170212766,0.5360425356566382,0.3770315334366243,0.31587092164442016,11.2
669084,"Hall, DL",CH,Offspeed,104,4.559990738261016,-0.07157501049521037,84.66250000000001,0.48462394913779466,0.37469824344694397,0.3225679124792632,11.2
690916,"Fitts, Richard",SI,Fastball,66,4.5596162841140355,-0.07158859403906866,94.8409090909091,0.559184902492728,0.17502181772752204,0.3061859843943358,11.1
642520,"Garabito, Gerson",SI,Fastball,32,4.557499423315827,-0.07166538440639668,92.75,0.4894021795386324,0.1634852719491388,0.32907265731551844,11.1
674370,"Bido, Osvaldo",SI,Fastball,204,4.557443057929836,-0.07166742909384062,94.74117647058826,0.46226517007283946,0.21009712559185242,0.3266506285713261,11.1
686826,"Jarvis, Bryce",CH,Offspeed,92,4.557057141737586,-0.07168142843011527,82.620652173913,0.4743654446236611,0.33554881878114984,0.3044337531795617,11.0
687922,"Lucas, Easton",FC,Fastball,32,4.556826082900465,-0.07168981022498437,91.48124999999997,0.4951357749526781,0.3575535095835167,0.32379899214364505,11.0
694462,"Waldrep, Hurston",FC,Fastball,188,4.556457669576638,-0.07170317463443883,93.06808510638298,0.5170736146665622,0.2890723578752544,0.33673488226053194,11.0
448179,"Hill, Rich",CU,Breaking,59,4.555935896437005,-0.07172210226118125,72.4135593220339,0.46878750200546704,0.2260003632720506,0.3239137748991915,10.9
664285,"Valdez, Framber",SI,Fastball,1360,4.55559687461715,-0.07173440047658645,94.21683823529416,0.4561092600632532,0.18537061125170234,0.3342426561462687,10.9
690997,"McLean, Nolan",CH,Offspeed,64,4.555124119042092,-0.07175154996241734,86.75624999999998,0.5174025662954598,0.32796546629010687,0.3178900191425839,10.9
700249,"Povich, Cade",SI,Fastball,242,4.554684197774695,-0.07176750836447532,91.8880165289257,0.49659348422107064,0.18398627280508295,0.33288778313964773,10.8
685107,"Veneziano, Anthony",SI,Fastball,56,4.554602064890601,-0.07177048778302984,92.68571428571427,0.5294607677702549,0.19775411598121823,0.301716293454204,10.8
527048,"Pérez, Martín",SI,Fastball,295,4.553946391366517,-0.07179427272477198,89.53050847457627,0.41494566658496845,0.17743262795009607,0.3362505411476761,10.8
682825,"Mey, Luis",SI,Fastball,302,4.552709284664137,-0.07183914949615902,98.90894039735097,0.45576583614491617,0.28533240345974326,0.30061539177923713,10.7
592791,"Taillon, Jameson",FC,Fastball,313,4.55262245878237,-0.07184229915595727,85.738338658147,0.5218292068750124,0.29343610072367715,0.3400233420596245,10.7
695445,"Lee, Chase",CH,Offspeed,36,4.551627876536333,-0.0718783782104119,85.83055555555555,0.5538092961429573,0.3514208012522363,0.3004771171160477,10.7
676440,"Bibee, Tanner",CH,Offspeed,470,4.549372723510185,-0.07196018520943842,81.80382978723404,0.5405248711741372,0.330825356761843,0.3226041648045446,10.6
642048,"Saucedo, Tayler",CH,Offspeed,45,4.549251194100486,-0.07196459376007161,85.19333333333336,0.5657832390262166,0.36637364163986014,0.31380522412692713,10.6
628317,"Maeda, Kenta",FF,Fastball,39,4.548427430793456,-0.07199447625730135,90.35384615384613,0.4061041107014696,0.22084352151658598,0.34653927117595795,10.6
695505,"Burns, Chase",CH,Offspeed,43,4.548400033000663,-0.07199547012830805,91.16511627906976,0.5396633475362496,0.37307134687366406,0.30174337973839116,10.5
579328,"Kikuchi, Yusei",CH,Offspeed,384,4.547875438478774,-0.07201450010234708,85.5528645833333,0.4922704215092401,0.36875863254538316,0.3141999383037872,10.5
641793,"Littell, Zack",FF,Fastball,689,4.546942959126038,-0.07204832633791407,92.10029027576196,0.5035096280755279,0.20554824841093317,0.3729008984933976,10.5
543294,"Hendricks, Kyle",FF,Fastball,385,4.5455816874160355,-0.07209770726779481,86.50181818181818,0.4601256857680079,0.1706642860288119,0.35581622096418186,10.4
663485,"Sands, Cole",SI,Fastball,104,4.544412630031221,-0.07214011551026583,93.97115384615383,0.46274257562651677,0.1707838454260406,0.31011668186035735,10.4
593958,"Rodriguez, Eduardo",FF,Fastball,1252,4.54414087584323,-0.07214997355286173,91.99017571884978,0.47535701180109724,0.21983793226149786,0.3664805265286521,10.4
682052,"Lopez, Jacob",CH,Offspeed,224,4.54288678351546,-0.07219546648777499,82.79732142857141,0.5086331996519723,0.35902257253068515,0.31207057411254774,10.3
692230,"Rodriguez, Carlos",SL,Breaking,39,4.542886533237853,-0.07219547556674191,80.07692307692308,0.6365305686541182,0.24954382321840002,0.34739914310744896,10.3
663460,"Bubic, Kris",CH,Offspeed,414,4.542837543203584,-0.07219725270897537,85.42584541062803,0.5355506211494652,0.4095822469460272,0.319657263617266,10.3
677955,"Hill, Jaden",SI,Fastball,148,4.542643326398825,-0.07220429803750686,96.95405405405407,0.4999338314425813,0.18032107996788485,0.31888482099653687,10.2
622608,"Senzatela, Antonio",FF,Fastball,1351,4.542518565025416,-0.07220882382951961,94.99304219096972,0.48679561363848795,0.21408745172577182,0.3516465166457783,10.2
657649,"Koenig, Jared",CH,Offspeed,102,4.541724194369169,-0.07223764009109872,86.55784313725489,0.47737295111696965,0.3849569695790774,0.32342287351147186,10.2
657424,"Gage, Matt",FF,Fastball,146,4.541571937058462,-0.07224316331436749,92.48356164383566,0.5067474524367152,0.24909895018528497,0.3523600419562651,10.1
681882,"Selby, Colin",SI,Fastball,90,4.541507746521934,-0.07224549186373792,95.51777777777777,0.4303189139363184,0.2179286981111987,0.3396942007857358,10.1
657424,"Gage, Matt",SI,Fastball,50,4.541282166368848,-0.0722536749161295,93.02000000000002,0.48462007573140076,0.23622113641933346,0.317947839017274,10.1
687931,"Whisenhunt, Carson",FF,Fastball,195,4.541257267801584,-0.072254578126264,92.5820512820513,0.4575476017792577,0.20680964280508995,0.3649396755021204,10.0
680689,"Richardson, Lyon",CH,Offspeed,281,4.540015890391533,-0.07229960982007726,86.54839857651243,0.5255052807339702,0.3728596520188124,0.32083798225660864,10.0
641755,"Kinley, Tyler",FF,Fastball,283,4.53888422019801,-0.07234066182025067,95.10918727915197,0.43528303355116654,0.24109564104822315,0.3336256468054231,10.0
683627,"Molina, Anthony",CH,Offspeed,110,4.538653389512675,-0.07234903533877975,87.02090909090911,0.4901610019796635,0.42001410129562133,0.3073002910710235,9.9
641329,"Baker, Bryan",CH,Offspeed,309,4.538324154088062,-0.07236097854695617,85.07702265372164,0.5420152616170334,0.35626415324094995,0.3286866882701177,9.9
676571,"Poulin, PJ",CH,Offspeed,95,4.537564811113576,-0.07238852415883018,80.32210526315791,0.4231864721205269,0.4145191343192685,0.31394401880956146,9.9
641745,"Keller, Brad",SI,Fastball,180,4.536874435095841,-0.07241356795388798,96.60222222222222,0.5044940178873243,0.24052409476090816,0.29600895380499687,9.8
623167,"Flexen, Chris",FF,Fastball,277,4.5362603821322205,-0.07243584308538237,92.42599277978337,0.5015809603741035,0.21059578980767155,0.3678571166354204,9.8
594902,"Lively, Ben",SI,Fastball,175,4.5359461937127055,-0.07244724045462142,90.44971428571428,0.5085481537433912,0.1880563296161995,0.3470823671257086,9.8
656271,"Burke, Brock",SI,Fastball,83,4.53585823653524,-0.07245043115283471,93.49036144578311,0.4818979801446754,0.19484417982325478,0.3057963438014964,9.7
669358,"Baz, Shane",CH,Offspeed,311,4.535568525284041,-0.07246094059843339,89.27073954983925,0.5027516013098077,0.3216246068921695,0.3166130810031488,9.7
672335,"Pérez, Cionel",SI,Fastball,188,4.535153214425371,-0.07247600624347691,95.61808510638296,0.40229207921959786,0.26828707668822066,0.3022003821020273,9.7
666200,"Luzardo, Jesús",CH,Offspeed,553,4.5342231830160316,-0.07250974367846091,87.8925858951175,0.5684028136335049,0.3492220144139468,0.3182095745039377,9.6
674944,"Guenther, Sean",SI,Fastball,68,4.533089804162833,-0.07255085766126645,90.0191176470588,0.45745924679742,0.18889204328603226,0.34513635826141886,9.6
518489,"Brasier, Ryan",SI,Fastball,64,4.531064632497728,-0.07262432195150098,93.92968750000003,0.5424137600598872,0.1571694717322343,0.3260911348205696,9.6
666142,"Ragans, Cole",FC,Fastball,51,4.530458304880301,-0.07264631684152993,89.94901960784313,0.5752216818178757,0.23453551095850197,0.3727384447399696,9.5
669203,"Burnes, Corbin",SI,Fastball,97,4.530413720191864,-0.07264793417725894,95.61443298969067,0.5227888476519126,0.2503793970787214,0.30368521747854393,9.5
663455,"Pilkington, Konnor",CH,Offspeed,114,4.529532054007742,-0.07267991713532433,85.54561403508778,0.3915318693713445,0.47574244651675046,0.297269195686922,9.5
681006,"Simpson, Josh",FF,Fastball,75,4.529227312233804,-0.0726909718219532,94.3133333333333,0.4873336514709818,0.2722981344277256,0.36292161223504454,9.4
671109,"Eder, Jake",CH,Offspeed,53,4.529155500404568,-0.07269357683818767,84.51320754716978,0.47176514313812973,0.37743804398912745,0.32457177832513984,9.4
666215,"Whitley, Forrest",SI,Fastball,45,4.528659677952301,-0.07271156308852177,96.11777777777776,0.4765611725018688,0.20642369138199343,0.3510757864286464,9.4
671109,"Eder, Jake",FF,Fastball,135,4.528523222288934,-0.07271651309776322,93.0659259259259,0.4926500744830267,0.24609285964218758,0.379913921820893,9.3
667755,"Soriano, José",SI,Fastball,1424,4.528208861162528,-0.07272791673204561,97.14360955056164,0.48996749596892125,0.26309959394103954,0.31118959142023084,9.3
615698,"Quantrill, Cal",FC,Fastball,432,4.525456316130053,-0.07282776691790106,88.91319444444441,0.5213063579857723,0.2953580544115826,0.3508199951356785,9.3
605280,"Holmes, Clay",SI,Fastball,1159,4.525396731106881,-0.07282992839957271,93.75012942191533,0.4702793185554595,0.23617050507321657,0.32730217999772215,9.2
806188,"Gibson, Cade",CH,Offspeed,132,4.5235392714281915,-0.07289730883911051,84.85909090909091,0.5730068675014649,0.3565100092440617,0.3222747301547905,9.2
608331,"Fried, Max",CH,Offspeed,377,4.521724026676155,-0.07296315790741828,85.29655172413791,0.5314759916282109,0.35143585462280136,0.3137086570479764,9.2
668678,"Gallen, Zac",SI,Fastball,79,4.5209461894627685,-0.07299137440865812,93.18734177215188,0.5484695847972224,0.1713248860778184,0.3072927046369427,9.1
643361,"Herget, Kevin",FC,Fastball,40,4.520502799097061,-0.07300745865429271,86.81000000000002,0.5167003728431925,0.3068095758541589,0.3559952309206404,9.1
669330,"Wells, Tyler",CH,Offspeed,79,4.520443159378652,-0.07300962212006605,86.4151898734177,0.6693845316367792,0.32868098037687715,0.3321976724320309,9.1
641154,"López, Pablo",SI,Fastball,84,4.519435062124733,-0.07304619143936028,93.67023809523809,0.5223899754492338,0.23301483490087604,0.3028069925063124,9.0
808963,"Sasaki, Roki",FF,Fastball,357,4.5184186337939725,-0.07308306297335414,96.58459383753497,0.509027961560123,0.20041138110675422,0.3780757057545576,9.0
518585,"Cruz, Fernando",SI,Fastball,115,4.516514804609842,-0.07315212549390486,93.04782608695649,0.40084445192248436,0.21467520385766098,0.3225801709905322,9.0
676755,"Mattson, Isaac",CH,Offspeed,91,4.516501919157768,-0.07315259292123814,85.98571428571431,0.5161401964898669,0.35051824229057404,0.3178588318281668,8.9
665871,"Assad, Javier",FF,Fastball,72,4.516282008411341,-0.07316057031257713,92.18472222222225,0.49890075800793654,0.20086636047822196,0.36199823674914333,8.9
676961,"Boushley, Caleb",FF,Fastball,146,4.515876493954832,-0.07317528058738512,91.95890410958903,0.5147366564907679,0.18723232568346884,0.3744403586195989,8.9
682120,"Herrin, Tim",FF,Fastball,211,4.5156161214471515,-0.07318472575285104,94.65402843601899,0.4757577078286432,0.26067805414404505,0.3655614742602874,8.8
666808,"Doval, Camilo",SI,Fastball,138,4.515250383828153,-0.07319799309954307,96.5637681159421,0.48764976306426355,0.252534063281864,0.30996068955433237,8.8
608650,"Enns, Dietrich",CH,Offspeed,219,4.514912572112631,-0.07321024741770342,84.5881278538813,0.5698921383840997,0.35797305537051516,0.3355664024823844,8.8
623352,"Hader, Josh",CH,Offspeed,40,4.514033458285564,-0.07324213778751934,88.51249999999999,0.4166070792000848,0.5212060360122168,0.29611741982413303,8.7
607481,"Bummer, Aaron",FF,Fastball,116,4.513728787178837,-0.07325318991065358,91.58017241379311,0.5290459798891912,0.2195986643686644,0.36978209016020397,8.7
672335,"Pérez, Cionel",FF,Fastball,51,4.5130367862660945,-0.07327829264973104,95.63529411764709,0.5345818503943065,0.25543546213435947,0.37105541352404897,8.7
684007,"Imanaga, Shota",FS,Offspeed,676,4.511821476363276,-0.07332237872942704,82.99926035502969,0.5897739192889381,0.3296031177408656,0.32608574921614303,8.6
663767,"Shugart, Chase",SI,Fastball,140,4.511049242550219,-0.07335039196403259,94.29642857142855,0.5078354524496684,0.1800755918856264,0.32141753420182073,8.6
701552,"Granillo, Andre",FF,Fastball,102,4.510466193876866,-0.07337154239670862,94.57843137254906,0.5306845196533723,0.2686425135477208,0.3682992888324163,8.6
642152,"Trivino, Lou",SI,Fastball,189,4.510010500014537,-0.07338807295890086,95.15555555555552,0.4603221722034606,0.20980547434478344,0.315326217531237,8.5
624133,"Suarez, Ranger",FF,Fastball,363,4.509986183584151,-0.07338895505167871,91.3694214876033,0.5161734990728786,0.21740504199400787,0.36272802098024703,8.5
682847,"Ortiz, Luis",CH,Offspeed,201,4.509434157654533,-0.07340898011612576,89.36965174129352,0.5425586385448271,0.34454106978243326,0.3140571017999062,8.5
681676,"Fernandez, Ryan",CH,Offspeed,42,4.509341467764957,-0.0734123424962475,87.15,0.504852021752461,0.34486638718535484,0.32588384327593384,8.4
669920,"Alexander, Jason",SI,Fastball,500,4.507406366283817,-0.07348253943771836,90.88379999999998,0.4390031264116461,0.18003444093907486,0.3430418187711718,8.4
671096,"Abbott, Andrew",CH,Offspeed,532,4.507184850995475,-0.07349057503475671,84.80582706766921,0.5322562419820243,0.3571178293096949,0.3136613660378355,8.4
800049,"Mazur, Adam",CH,Offspeed,41,4.505327993002429,-0.07355793364779468,89.26829268292683,0.48026212731200474,0.35560496144793385,0.318307719869021,8.3
595897,"Burdi, Nick",SI,Fastball,36,4.505102411601516,-0.07356611674545187,93.60833333333335,0.4373612888411176,0.2079591959759094,0.31970258787900263,8.3
671106,"Allen, Logan",SI,Fastball,366,4.504362567823182,-0.07359295501254602,88.98797814207656,0.44551748591433493,0.18899913021570627,0.3395695111439684,8.3
670329,"Garcia, Rico",CH,Offspeed,129,4.503685601465945,-0.07361751236430258,86.46821705426349,0.5133240532721877,0.33794088654042553,0.3340983696203381,8.2
668984,"Legumina, Casey",CH,Offspeed,92,4.50355588293736,-0.07362221798002733,87.69673913043476,0.49443723920559096,0.24299521782721015,0.31369206835830815,8.2
656288,"Canning, Griffin",CH,Offspeed,336,4.503150602472987,-0.0736369197666334,89.39970238095236,0.5876314561781991,0.32523286253594286,0.32404990971735836,8.2
642232,"Yarbrough, Ryan",SI,Fastball,208,4.502617741641175,-0.07365624960591437,86.92499999999998,0.4809400446938873,0.1912232903077666,0.31456126887741687,8.1
592791,"Taillon, Jameson",CH,Offspeed,238,4.502000774764129,-0.07367863044132769,83.93823529411773,0.5868137388435385,0.3522991422312431,0.3141695164082015,8.1
606996,"Hart, Kyle",SI,Fastball,166,4.501183904034353,-0.0737082629062739,91.31144578313251,0.4253526200440948,0.2054853878079118,0.3348216747879458,8.1
607536,"Freeland, Kyle",FF,Fastball,846,4.4987664435675745,-0.07379595770292878,91.57813238770673,0.5140340285714617,0.16137027180916286,0.3935130827118571,8.0
656240,"Blewett, Scott",FF,Fastball,273,4.497982977888205,-0.07382437838007395,93.41062271062272,0.46434235401396007,0.24593088205193045,0.3686216895068917,8.0
687223,"Palmquist, Carson",FF,Fastball,370,4.49667016608625,-0.07387200139836145,90.36675675675679,0.4836039490814669,0.20265596056896779,0.3774705446337865,8.0
687888,"Walter, Brandon",FC,Fastball,223,4.4961355858516585,-0.0738913936099867,88.22914798206277,0.6157435605488855,0.2489429410603076,0.36842434976028987,7.9
519151,"Pressly, Ryan",FF,Fastball,239,4.496104111841935,-0.07389253534815395,93.36861924686193,0.5264435006139528,0.22448249956227645,0.3746234535465031,7.9
686613,"Brown, Hunter",CH,Offspeed,356,4.496005011478928,-0.07389613027196008,88.20056179775277,0.4895982306370176,0.4154522658386926,0.3104471234387129,7.9
672582,"Zerpa, Angel",CH,Offspeed,43,4.494267324448411,-0.07395916588841972,90.68837209302328,0.5181932739180439,0.380082572388109,0.32612033954491193,7.8
683627,"Molina, Anthony",FF,Fastball,270,4.493932153394432,-0.07397132441503357,95.62703703703707,0.47301984312710427,0.19124091647347025,0.36326256877569146,7.8
694363,"Shuster, Jared",FF,Fastball,106,4.492423413225397,-0.07402605484977962,92.41698113207549,0.5119055652327551,0.23032738997645147,0.3856218487548686,7.8
690986,"Harrison, Kyle",CH,Offspeed,47,4.492313766289476,-0.07403003235670544,86.30212765957444,0.5332913724780459,0.3456488041751624,0.31056148442282056,7.7
697812,"Rock, Joe",FF,Fastball,33,4.491807229362913,-0.07404840728088036,94.16363636363639,0.5083036916188838,0.22413211782741704,0.36495416077371845,7.7
607625,"Lugo, Seth",CH,Offspeed,238,4.4910328767684975,-0.07407649737552276,86.24285714285712,0.5159871466656296,0.34114321876410003,0.31384982931717076,7.7
571760,"Heaney, Andrew",CH,Offspeed,361,4.4893591136817115,-0.07413721411342246,82.00055401662047,0.4903730657847822,0.3288444172229028,0.3176166514566134,7.6
682990,"Priester, Quinn",SI,Fastball,1062,4.487850518149048,-0.07419193930139918,93.89934086629007,0.4265356726246963,0.21257510627564985,0.32858098384101037,7.6
681293,"Arrighetti, Spencer",SI,Fastball,55,4.487796894629733,-0.07419388452602081,92.47454545454546,0.5552224736491077,0.15970909517639623,0.3339985129644242,7.6
806960,"Morales, Luis",CH,Offspeed,107,4.487504974850471,-0.0742044740872706,89.77663551401874,0.46204703153072946,0.3806654886013907,0.31789719719626375,7.5
506433,"Darvish, Yu",SI,Fastball,236,4.486549898424356,-0.07423912004493104,93.38728813559321,0.4477549728239589,0.2128896379498285,0.3277282841575633,7.5
660896,"Alcala, Jorge",SI,Fastball,146,4.4864522594182885,-0.07424266195715684,96.8047945205479,0.48999089275539515,0.21699788976645257,0.30216378910988767,7.5
677958,"Rocker, Kumar",SI,Fastball,327,4.484988083801241,-0.07429577578663543,95.65902140672779,0.4794398217499086,0.21383103579803245,0.318877673020193,7.4
656605,"Keller, Mitch",CH,Offspeed,200,4.482849756159855,-0.07437334487629335,89.18799999999996,0.5152277667647344,0.3027425054088374,0.31718168460497426,7.4
664139,"Gibaut, Ian",FC,Fastball,57,4.482559335940666,-0.07438388004012166,90.57192982456138,0.5948109344638188,0.2618303601022908,0.3499257832374395,7.4
669467,"Pallante, Andre",SI,Fastball,363,4.480748838927004,-0.07444955688143459,94.97217630853997,0.5289473690160248,0.2111541139542013,0.3072533685996208,7.3
660825,"Bazardo, Eduard",FS,Offspeed,28,4.480713689478885,-0.07445083194828575,90.17499999999998,0.6267197040549222,0.2496918605017903,0.3305857755989829,7.3
687064,"Young, Brandon",CH,Offspeed,43,4.48059665999003,-0.07445507726165022,87.12558139534885,0.4374345858043312,0.35745789410361495,0.3414432919220035,7.3
665871,"Assad, Javier",SI,Fastball,230,4.4791381911291905,-0.0745079840751995,92.1839130434783,0.4368752557287698,0.18164608607734756,0.35158871102023515,7.2
605135,"Bassitt, Chris",SI,Fastball,1266,4.478066772223943,-0.07454685042454355,91.61137440758283,0.4672020122634971,0.17754663955864422,0.33360786610121185,7.2
657756,"Seabold, Connor",CH,Offspeed,58,4.477446491006475,-0.07456935148960013,81.33793103448278,0.4934240246111566,0.2738859988922952,0.2987521708021283,7.2
657006,"Steele, Justin",FF,Fastball,143,4.477174066427202,-0.07457923385103338,90.82237762237759,0.5327001711305933,0.18403504015359282,0.3679180852327539,7.1
676130,"Buttó, José",SI,Fastball,189,4.476632585915617,-0.07459887637425484,94.6888888888889,0.4808789783766859,0.21672742703443676,0.3279633609779719,7.1
663765,"Woodford, Jake",SI,Fastball,196,4.4763262413518845,-0.07460998920302366,93.25459183673468,0.5224432423686121,0.16964966473675286,0.3201833735546916,7.1
594902,"Lively, Ben",CH,Offspeed,56,4.475831739238788,-0.0746279275572798,84.77500000000002,0.4920308903323911,0.35388219701944207,0.3117281577012334,7.0
701581,"Festa, David",SI,Fastball,112,4.475246669872486,-0.07464915129177793,93.93750000000003,0.4809297559793378,0.17682244369032163,0.3603219516956754,7.0
657376,"Schmidt, Clarke",FF,Fastball,93,4.474795405003421,-0.07466552118964133,94.26236559139778,0.5333760249093764,0.21488337349192954,0.36483451254339133,7.0
680742,"Bowlan, Jonathan",CH,Offspeed,61,4.473567793366287,-0.07471005352196641,88.35245901639344,0.551297669781138,0.3400258993976836,0.3114666604728464,6.9
686563,"Cannon, Jonathan",SI,Fastball,393,4.469975198963614,-0.07484037699154712,93.01806615776077,0.4227618931131105,0.20137986231900395,0.32879151429482023,6.9
681347,"Burrows, Mike",CH,Offspeed,365,4.46969576087382,-0.07485051377218892,87.30767123287671,0.5858521402746932,0.33610411934467593,0.32818328261792534,6.9
607200,"Fedde, Erick",SI,Fastball,815,4.469528899396744,-0.07485656677016043,93.19546012269939,0.4173970128125945,0.19607343007182879,0.34258684539761325,6.8
621383,"Banks, Tanner",FF,Fastball,241,4.46889796484643,-0.07487945429111584,92.6551867219917,0.6220109260454332,0.20135070617323714,0.35848520246931637,6.8
677944,"Cecconi, Slade",SI,Fastball,227,4.467730448446437,-0.07492180663345822,93.65550660792951,0.4637320269764676,0.16332829808799834,0.33541657884720166,6.8
612434,"Castro, Miguel",FF,Fastball,50,4.46725101682476,-0.0749391982967969,95.1,0.4095978531258118,0.24663773812112347,0.3379105268813117,6.7
685107,"Veneziano, Anthony",FF,Fastball,151,4.467225952749258,-0.07494010751083971,94.00264900662249,0.5579866779025773,0.18109145439670254,0.37693975966147236,6.7
674285,"Salazar, Eduardo",SI,Fastball,245,4.465659498006603,-0.0749969315756027,94.34897959183682,0.4621822333153501,0.19496289291382826,0.3339894913529179,6.7
682790,"González, Wikelman",CH,Offspeed,57,4.465456910363349,-0.07500428056121124,88.88421052631578,0.4304963176551074,0.4036639913655819,0.3025008464342408,6.6
519242,"Sale, Chris",CH,Offspeed,154,4.465039151398907,-0.07501943501272795,86.8363636363636,0.5307276185977272,0.2929040917003175,0.3213603460854613,6.6
608717,"Stratton, Chris",FF,Fastball,187,4.464724098563054,-0.07503086373917668,91.26844919786095,0.44996040167138635,0.22055069958458537,0.3746262983850383,6.6
472610,"García, Luis",SI,Fastball,378,4.4637201820896095,-0.07506728139820659,96.91560846560843,0.5229385080383355,0.1648752639098567,0.33135333754484403,6.5
657514,"Bernardino, Brennan",CH,Offspeed,104,4.461468283001322,-0.07514897035872835,79.80192307692309,0.5087053047415411,0.3736392498346167,0.29897930846056187,6.5
663460,"Bubic, Kris",SI,Fastball,128,4.460859622603115,-0.07517104987174877,91.58593749999999,0.46602480191262036,0.20861316296867322,0.32938307817977425,6.5
681343,"Smith, Shane",SI,Fastball,300,4.460825301233563,-0.07517229489956417,95.65633333333336,0.48774994195990057,0.19759462815481504,0.3303226831377409,6.4
592866,"Williams, Trevor",FF,Fastball,613,4.460353049478974,-0.07518942610901211,87.74306688417614,0.5679562750620357,0.17076606756376736,0.3744852776228543,6.4
607259,"Martinez, Nick",CH,Offspeed,515,4.459169217672025,-0.07523237030231328,78.55165048543685,0.5712868094461134,0.3581689039699146,0.3258666189088744,6.4
687830,"Gipson-Long, Sawyer",SI,Fastball,85,4.459079633918701,-0.07523562000552012,91.0729411764706,0.5027937077758313,0.18948232562911796,0.3261593810726814,6.3
681982,"Anderson, Grant",CH,Offspeed,49,4.4584357861065005,-0.0752589759626261,86.85102040816328,0.5771645935893438,0.30995443018380436,0.31975737886753663,6.3
702795,"Loutos, Ryan",FF,Fastball,107,4.458356464750765,-0.07526185339133984,95.38785046728968,0.4548287620224729,0.1989644715461343,0.35165417472085236,6.3
663738,"Lynch IV, Daniel",CH,Offspeed,223,4.455503176169522,-0.07536535810852871,85.95067264573999,0.5318356327254155,0.30580627574161895,0.33973833146251453,6.2
667463,"King, John",SI,Fastball,474,4.453391648564404,-0.07544195501114849,92.98206751054852,0.5007505113557313,0.20927648600702856,0.3183744476012203,6.2
663372,"Feltner, Ryan",SI,Fastball,74,4.453339962688471,-0.0754438299466199,93.34864864864865,0.48541980576935284,0.20509820918103314,0.32699075840431824,6.2
656731,"Megill, Tylor",SI,Fastball,255,4.451355888193764,-0.0755158034128883,94.23647058823525,0.4986004558667819,0.2218418337368354,0.3211444831357788,6.1
607259,"Martinez, Nick",SI,Fastball,447,4.449018762078576,-0.07560058403381015,92.51521252796421,0.5030091868895179,0.1542511393182799,0.33937353471803416,6.1
671162,"Thomas, Connor",CH,Offspeed,29,4.447740905122377,-0.0756469390445612,84.37241379310343,0.6060019722199159,0.39313485959642025,0.3173879119860131,6.1
663465,"Allard, Kolby",SI,Fastball,89,4.445555587100457,-0.07572621273784033,90.61573033707867,0.5479078791339395,0.165534768645494,0.33753377017481195,6.0
680729,"McDaniels, Garrett",SI,Fastball,100,4.444974701821582,-0.0757472846921123,92.06900000000003,0.4216000613555043,0.24529401066839107,0.3211563838689504,6.0
608379,"Wacha, Michael",SI,Fastball,352,4.442867357270756,-0.07582372985198393,93.13721590909087,0.5032267582745484,0.1590281893649165,0.3488354923930717,6.0
623474,"Herget, Jimmy",CH,Offspeed,71,4.44255540587173,-0.07583504607199226,86.64084507042253,0.485321400410924,0.24310411903859674,0.31780061590515146,5.9
592791,"Taillon, Jameson",SI,Fastball,152,4.438262901062896,-0.07599075920216433,92.32631578947368,0.519730505936797,0.14832705625538614,0.3376318867862595,5.9
670174,"Winckowski, Josh",SI,Fastball,36,4.438160279368827,-0.07599448186432059,94.85555555555555,0.514295042126339,0.1752963696593613,0.3087677715593763,5.9
624133,"Suarez, Ranger",SI,Fastball,717,4.4380354051027044,-0.07599901175158259,90.14993026499303,0.48647483199755587,0.1534946168933078,0.326325625750283,5.8
656271,"Burke, Brock",CH,Offspeed,225,4.4377425919656925,-0.07600963371990883,88.7506666666667,0.567405156227072,0.3450861563184032,0.3279088558934896,5.8
671162,"Thomas, Connor",FC,Fastball,42,4.436681094189771,-0.07604814017446643,86.79761904761905,0.5397450758500614,0.2738115333385923,0.3709966390038232,5.8
622663,"Severino, Luis",SI,Fastball,551,4.4361579580895265,-0.07606711724340484,95.62649727767695,0.5302940751834946,0.16785717212493792,0.3284111982936038,5.7
686799,"Kochanowicz, Jack",CH,Offspeed,261,4.4360206497976415,-0.07607209818224567,89.8578544061303,0.5802713784622081,0.33818975306563454,0.3180958903354549,5.7
674370,"Bido, Osvaldo",CH,Offspeed,146,4.435035470806317,-0.07610783612811908,88.7513698630137,0.4979623867627813,0.32485933348359725,0.33205430665023905,5.7
681293,"Arrighetti, Spencer",CH,Offspeed,58,4.434561744120803,-0.07612502084155158,84.96034482758618,0.5195192236834654,0.3417476885859898,0.31925928313634006,5.6
673540,"Senga, Kodai",SI,Fastball,114,4.434251954977614,-0.07613625862446101,88.60438596491231,0.3367847118495541,0.3535193133754847,0.30379775779236784,5.6
671106,"Allen, Logan",CH,Offspeed,497,4.433566963447546,-0.07616110709406988,82.42696177062375,0.5289441612746317,0.3717570573839213,0.3221611214262005,5.6
800049,"Mazur, Adam",SI,Fastball,78,4.432584188541206,-0.07619675783034999,94.34487179487179,0.523619849207122,0.20535624885194678,0.3385330084276395,5.5
695534,"Petty, Chase",SI,Fastball,39,4.431511071311975,-0.07623568578739306,95.33846153846154,0.48309179301135796,0.26919920311708767,0.3165798511915416,5.5
621383,"Banks, Tanner",SI,Fastball,143,4.4311464217376235,-0.07624891366462717,92.1594405594406,0.5273012118841867,0.21823759271794513,0.3136804292997691,5.5
687765,"Spence, Mitch",SI,Fastball,132,4.430387243596504,-0.076276453297074,92.63030303030298,0.46534258136673445,0.24083064071535606,0.3105249636993921,5.4
663765,"Woodford, Jake",CH,Offspeed,116,4.429475389426386,-0.07630953134204142,86.51551724137931,0.5638839581061901,0.37372968874169116,0.32526265594916265,5.4
678024,"Vasil, Mike",SI,Fastball,657,4.4292296052036715,-0.07631844730891163,94.37168949771682,0.43957753811660577,0.21680536672522283,0.32551923256304194,5.4
663773,"Hoeing, Bryan",SI,Fastball,61,4.429089076179378,-0.07632354508171041,92.54918032786887,0.43331185478130574,0.2174446243573006,0.3309039159446943,5.3
681517,"Leahy, Kyle",CH,Offspeed,130,4.42847446308511,-0.07634584053227254,90.27692307692305,0.5494458575472619,0.3248734340065894,0.32920300287917525,5.3
623433,"Anderson, Nick",FF,Fastball,120,4.4273708528062,-0.07638587464258169,95.16999999999999,0.5764339756841654,0.1737944780499422,0.3711300748679384,5.3
642152,"Trivino, Lou",FF,Fastball,132,4.426612902526059,-0.07641336973365148,94.8189393939394,0.515292133987347,0.2023103335819096,0.3717215010478052,5.2
686826,"Jarvis, Bryce",FF,Fastball,169,4.426512785955085,-0.07641700152099766,94.04260355029584,0.5366414589138512,0.17071494754634287,0.3906754068669048,5.2
656849,"Peterson, David",SI,Fastball,798,4.425323279054628,-0.07646015158164517,91.25012531328319,0.46507619126154026,0.19917361752310161,0.3372097380164647,5.2
657024,"Swanson, Erik",FF,Fastball,59,4.422096189720792,-0.07657721614042738,92.94406779661018,0.5431922058211365,0.18774845937821055,0.37097717898080107,5.1
665152,"Kremer, Dean",SI,Fastball,520,4.4220905584692325,-0.07657742041738119,92.82807692307692,0.5005222481144859,0.16805723256589833,0.3522525915689941,5.1
680694,"Bradish, Kyle",SI,Fastball,161,4.421626164169545,-0.07659426659304304,94.82919254658383,0.5513975574928128,0.19322763610022925,0.3504305327892888,5.1
502043,"Gibson, Kyle",FC,Fastball,29,4.421196769049595,-0.07660984315292732,87.5448275862069,0.5092531552926308,0.32574493138616234,0.33288917297146386,5.0
519151,"Pressly, Ryan",CH,Offspeed,36,4.419534917729986,-0.07667012778448426,88.65833333333336,0.45613745367947306,0.3966694120911547,0.31092873223748346,5.0
676428,"Hurter, Brant",FF,Fastball,57,4.4190276585712684,-0.07668852890805422,92.06842105263159,0.5059422977795737,0.25393487823565997,0.34103401260785765,5.0
695549,"Jobe, Jackson",SI,Fastball,124,4.418397378421478,-0.07671139269024678,95.20241935483874,0.47859411506642136,0.23989567957618216,0.300182070412997,4.9
669060,"Wilson, Bryse",SI,Fastball,206,4.417326647263126,-0.07675023409116875,91.93932038834953,0.4845560887429153,0.17467187375869514,0.32974888825448734,4.9
657376,"Schmidt, Clarke",SI,Fastball,102,4.4151288960758315,-0.07682995880481597,92.63431372549019,0.4515999144574941,0.23964624784599828,0.3308994177929733,4.9
672782,"Gómez, Yoendrys",SI,Fastball,212,4.414683489890029,-0.07684611617550689,93.24386792452827,0.46235822887560635,0.19702802757274804,0.3421053662258528,4.8
608566,"Márquez, Germán",FF,Fastball,779,4.41425910389086,-0.07686151102659619,94.82772785622595,0.4806462478254089,0.20196327546003612,0.3716164366000332,4.8
622379,"Castillo, Luis F.",FF,Fastball,77,4.411304021168864,-0.0769687083859591,92.18441558441558,0.48115953626742447,0.2157257696005512,0.35713732405582677,4.8
815083,"Farris, Mitch",FF,Fastball,202,4.41082079637409,-0.07698623764887702,90.29752475247528,0.46599435267726175,0.2101076171820316,0.3683509077233841,4.7
664208,"Maton, Phil",SI,Fastball,125,4.409438667856925,-0.07703637517167389,89.59439999999996,0.3879319178303368,0.22958007303846598,0.3384107695529298,4.7
663372,"Feltner, Ryan",FF,Fastball,203,4.408976143988223,-0.07705315349635422,93.64926108374385,0.467742429692702,0.26472859629606976,0.35081669783175057,4.7
663568,"Kolek, Stephen",SI,Fastball,435,4.408873370957448,-0.07705688164833824,93.61379310344819,0.49636647804587275,0.19744750354884982,0.323474130747733,4.6
699911,"Darnell, Dugan",FF,Fastball,98,4.406764070968997,-0.07713339774285674,93.66428571428568,0.4525990877375651,0.18525335021511927,0.3607284181757744,4.6
622503,"Crismatt, Nabil",SI,Fastball,135,4.405367215045625,-0.07718406951095355,89.16148148148145,0.4382150456325436,0.15703310823403477,0.36230788961895394,4.6
678368,"Bellozo, Valente",FF,Fastball,402,4.400242265193045,-0.07736998007344822,90.81343283582086,0.5106376681470417,0.20798058111959655,0.3651934766117525,4.5
660271,"Ohtani, Shohei",FC,Fastball,69,4.400017312017484,-0.077378140381862,93.75797101449274,0.529112395989023,0.28288468762155977,0.3413133793016464,4.5
518876,"Kelly, Merrill",SI,Fastball,365,4.398654475588315,-0.07742757807284881,92.31479452054793,0.4710484189229023,0.19231312711140774,0.323712572776743,4.5
663554,"Mize, Casey",SI,Fastball,317,4.396860881886779,-0.07749264173659785,94.79968454258675,0.5961533382595878,0.14274467989481254,0.34231408130456276,4.4
656605,"Keller, Mitch",SI,Fastball,510,4.394506099352737,-0.07757806285447166,92.8933333333333,0.46061200624490045,0.21092668021677594,0.3344270905719778,4.4
676684,"Vest, Will",SI,Fastball,208,4.3932250035632805,-0.07762453535579932,96.01105769230777,0.5767370859880554,0.1663149545947315,0.3073472317706719,4.4
641312,"Anderson, Shaun",CH,Offspeed,48,4.392726055360653,-0.07764263499456159,85.74791666666668,0.5457747664877496,0.39181665559170703,0.31855634722614573,4.3
663623,"Irvin, Jake",CH,Offspeed,227,4.392016936627608,-0.07766835869261277,85.58722466960351,0.5660383850341376,0.30222835764905703,0.3315952138124296,4.3
596001,"Junis, Jakob",FF,Fastball,95,4.391537273415771,-0.0776857587570204,91.13999999999999,0.43160782038444306,0.18549671349325816,0.3752875908936245,4.3
601713,"Pivetta, Nick",SI,Fastball,83,4.390413350452965,-0.07772652972185445,93.55060240963854,0.5271518202562316,0.1739394329738065,0.3410062823215937,4.2
687377,"Ribalta, Orlando",SI,Fastball,99,4.390105285107262,-0.07773770497299884,95.60000000000001,0.5141169751595379,0.22611324958561166,0.30060323167372033,4.2
694462,"Waldrep, Hurston",SI,Fastball,162,4.389846021664347,-0.07774710990648949,95.92037037037036,0.45739910513527754,0.19606535784404602,0.33929966743422424,4.2
621111,"Buehler, Walker",SI,Fastball,359,4.386252375416581,-0.07787747153236792,93.77158774373265,0.4749308359040473,0.18881874981766295,0.3341962535415658,4.1
502043,"Gibson, Kyle",SI,Fastball,100,4.384142747738368,-0.0779539995140248,90.90400000000001,0.42781168296898076,0.21357261752285456,0.3364679812429705,4.1
669620,"Basso, Brady",FF,Fastball,108,4.376614245285632,-0.07822710035715291,92.69166666666662,0.5354928429772309,0.1855894853824204,0.3672688210352217,4.1
607625,"Lugo, Seth",SI,Fastball,363,4.376028712687112,-0.07824834089567158,91.33774104683194,0.45978354001344,0.18033830281700688,0.34115718449042726,4.0
544150,"Suárez, Albert",FC,Fastball,34,4.375183990383196,-0.07827898369280907,86.22941176470586,0.510021335458743,0.360008629049289,0.3335452630171816,4.0
518397,"Alexander, Scott",SI,Fastball,226,4.373622923765381,-0.07833561230018236,91.10044247787611,0.46927117437267346,0.2414715198966277,0.32718868188516315,4.0
519326,"Strickland, Hunter",SI,Fastball,39,4.368077340750661,-0.07853678157740113,92.87948717948717,0.4975615368938992,0.26176712487228454,0.30316284036418495,3.9
808967,"Yamamoto, Yoshinobu",SI,Fastball,250,4.366322003612735,-0.07860045746186176,94.84559999999999,0.5315167958902081,0.2009750055428097,0.3117948048957181,3.9
691251,"Lara, Andry",SI,Fastball,41,4.366264973235083,-0.0786025262722684,94.49512195121952,0.5025761466183654,0.20038731621413783,0.3371930477338107,3.9
608718,"Suter, Brent",FF,Fastball,505,4.3657467443986775,-0.07862132532733201,87.21306930693073,0.5372569990520955,0.2320716333763301,0.3650019768600128,3.8
669391,"White, Owen",FF,Fastball,38,4.364334053176444,-0.07867257153018486,92.3157894736842,0.5243729022078925,0.15530776071321256,0.3949382470483616,3.8
672456,"Montero, Keider",CH,Offspeed,209,4.36345467120796,-0.07870447162698793,86.93971291866036,0.4920398539885052,0.3396524304097662,0.3214931218474738,3.7
669211,"Akin, Keegan",CH,Offspeed,211,4.359387286756644,-0.07885201838412256,86.57819905213269,0.587816835498032,0.31610715200906253,0.31656086596234756,3.7
681347,"Burrows, Mike",SI,Fastball,87,4.3576050858394355,-0.0789166687679364,95.7126436781609,0.5209486990571279,0.16924152528492709,0.3227004392668575,3.7
676467,"Gordon, Colton",CH,Offspeed,114,4.35758305085204,-0.07891746810003128,83.89385964912283,0.5397253736459868,0.37562583251982584,0.32907643757232297,3.6
571945,"Mikolas, Miles",SI,Fastball,421,4.355655645655987,-0.07898738585424532,92.3593824228029,0.5028374292550277,0.13620626873766958,0.34150723759929846,3.6
500779,"Quintana, Jose",SI,Fastball,994,4.355246809129939,-0.07900221663907464,90.56237424547287,0.462405478245732,0.1603667272855048,0.35816088471144,3.6
687377,"Ribalta, Orlando",CH,Offspeed,111,4.349410636675428,-0.07921392721869881,85.336036036036,0.5427669616278619,0.33518269880999757,0.3236643760118564,3.5
666120,"Anderson, Ian",FF,Fastball,104,4.347402963351393,-0.07928675674634553,93.74807692307688,0.45654512872785963,0.24442253869760286,0.37325058602349653,3.5
606965,"Devenski, Chris",FC,Fastball,45,4.343656358672911,-0.07942266702903249,86.27999999999999,0.4689877639945726,0.3020525583880694,0.3294188768941608,3.5
677955,"Hill, Jaden",CH,Offspeed,126,4.342759364547775,-0.07945520601715042,84.68333333333337,0.5364834159137617,0.3249341142152625,0.3195937781396545,3.4
693821,"Elder, Bryce",FF,Fastball,313,4.342677172249625,-0.07945818759098465,92.80287539936097,0.5112498939003813,0.23414446707902473,0.3495141857661529,3.4
615698,"Quantrill, Cal",SI,Fastball,442,4.342405720475266,-0.07946803466334897,93.65067873303167,0.5154594468273858,0.16310528204585936,0.3430856676438062,3.4
681217,"Silseth, Chase",SI,Fastball,29,4.341918386972587,-0.07948571297205653,94.87586206896552,0.5437782931944184,0.15529662345505446,0.3064149444119106,3.3
641927,"Ober, Bailey",SI,Fastball,77,4.341871849227006,-0.07948740115607919,90.28441558441557,0.47634718094447626,0.1477150474557484,0.34223332767477527,3.3
695445,"Lee, Chase",SI,Fastball,229,4.341523650602143,-0.07950003226546958,88.9113537117904,0.4704744920744944,0.19041499570809897,0.3489209979554113,3.3
592351,"Gray, Jon",FF,Fastball,99,4.336108120506241,-0.07969648379676174,94.75252525252525,0.4900850901299973,0.2083152063120311,0.3747672199798147,3.2
605513,"Turnbull, Spencer",FF,Fastball,47,4.335813170146379,-0.07970718329410062,90.88936170212766,0.4956714998999509,0.2392480647433955,0.35210507259970825,3.2
676440,"Bibee, Tanner",SI,Fastball,459,4.331992294132896,-0.07984578781303671,94.07494553376908,0.4972759435413304,0.17878054979885738,0.3365406897229134,3.2
681517,"Leahy, Kyle",SI,Fastball,105,4.330834071064881,-0.07988780303430963,95.26,0.591525406707951,0.16776718028853324,0.3334006980574877,3.1
543135,"Eovaldi, Nathan",SI,Fastball,97,4.3294647796850505,-0.07993747488241842,93.34226804123713,0.6204722660920655,0.12046962197310006,0.3192634462048237,3.1
596001,"Junis, Jakob",SI,Fastball,291,4.3245935029209175,-0.0801141833048103,90.95532646048113,0.47497805533392434,0.157219201247881,0.33758798703579185,3.1
643511,"Rogers, Tyler",SI,Fastball,736,4.323093349433846,-0.08016860225263063,83.4824728260869,0.5425555320709401,0.1515681713133838,0.3268952283236448,3.0
804636,"Tong, Jonah",CH,Offspeed,102,4.319659414475906,-0.08029317025777474,85.77450980392157,0.47062199820948025,0.43188649479239055,0.33196563718669,3.0
543294,"Hendricks, Kyle",SI,Fastball,987,4.318379829289255,-0.08033958796109902,86.19523809523815,0.4705318936202294,0.14343027331239194,0.34399972286314645,3.0
691951,"Aldegheri, Sam",CH,Offspeed,72,4.3179340776324775,-0.08035575786395252,82.15833333333335,0.5374615103708321,0.3414508888608336,0.32170588859254273,2.9
573186,"Stroman, Marcus",SI,Fastball,282,4.315967453701022,-0.08042709830080152,89.73297872340432,0.4342219079736146,0.2180330341505518,0.3341445507367139,2.9
668674,"Erceg, Lucas",SI,Fastball,235,4.31541879445312,-0.0804470012368945,97.4795744680851,0.574254226802534,0.1702132796564679,0.3163377382716696,2.9
605280,"Holmes, Clay",FF,Fastball,150,4.31518482980891,-0.08045548844162036,93.22800000000005,0.5188511477616035,0.22988975509037737,0.35156597427249536,2.8
663623,"Irvin, Jake",SI,Fastball,653,4.311331437361508,-0.08059527251327267,91.88621745788666,0.4961799915914353,0.17981310884703233,0.33842830325710993,2.8
641672,"Hatch, Thomas",SI,Fastball,103,4.3107752891954165,-0.08061544711426635,93.32621359223302,0.4917746935429087,0.15094883073144383,0.3360259028212735,2.8
592836,"Walker, Taijuan",SI,Fastball,430,4.306161007088965,-0.08078283290468286,92.02837209302325,0.48197339580983983,0.15199712341481003,0.3443683869107323,2.7
663978,"Paddack, Chris",SI,Fastball,133,4.30502626209028,-0.08082399644521714,93.41578947368421,0.624546667477533,0.12687503804701178,0.3387826958423265,2.7
681911,"Vesia, Alex",CH,Offspeed,72,4.303401254285365,-0.08088294455666402,83.76944444444449,0.5165252745336282,0.3490361122075815,0.34379356638934955,2.7
676467,"Gordon, Colton",FC,Fastball,30,4.301200400633318,-0.08096278181404015,84.49333333333331,0.6011947426093791,0.2821577730008894,0.3548144356705439,2.6
687075,"Sproat, Brandon",SI,Fastball,101,4.300028066093691,-0.08100530893722442,95.68118811881186,0.48967729133221594,0.17043367476810398,0.3113513316524588,2.6
669713,"Wesneski, Hayden",FF,Fastball,186,4.297686717449782,-0.08109024273285269,93.85483870967742,0.5416909818504329,0.1889966715742363,0.37928233861013344,2.6
571945,"Mikolas, Miles",FF,Fastball,687,4.294893931371256,-0.081191552686261,92.97481804949051,0.5294319698836035,0.16705216158044525,0.3871681763192611,2.5
681869,"Dubin, Shawn",SI,Fastball,82,4.29025356500822,-0.08135988469838769,93.87926829268292,0.4790169480856021,0.16796611355765706,0.3212209583890894,2.5
608718,"Suter, Brent",SI,Fastball,274,4.288381646204208,-0.08142778965117912,89.1551094890511,0.47765616706477965,0.2002353623750378,0.34643234417583435,2.5
608566,"Márquez, Germán",SI,Fastball,442,4.27537408119874,-0.08189964670274269,94.23325791855201,0.47518700276340425,0.19200267639166466,0.33654614125532706,2.4
694297,"Pfaadt, Brandon",SI,Fastball,702,4.268448723533725,-0.08215086811485668,93.13689458689454,0.5037825585014052,0.16699207573536495,0.3408602561981622,2.4
608372,"Sugano, Tomoyuki",SI,Fastball,412,4.264468925132623,-0.0822952376366366,92.9087378640777,0.493107034772521,0.1571673720954742,0.34331279366274264,2.4
656234,"Bird, Jake",SI,Fastball,348,4.262883632575177,-0.08235274505418233,94.36724137931036,0.4701886433311141,0.20083804276827025,0.31769035267436424,2.3
829272,"Ogasawara, Shinnosuke",CH,Offspeed,150,4.260463488636017,-0.08244053719537166,80.65333333333331,0.5669497868989546,0.3122690426721464,0.3577578721837355,2.3
663465,"Allard, Kolby",CH,Offspeed,215,4.2567391858312575,-0.08257563846450587,81.50604651162791,0.5510882111995509,0.3138713242878997,0.3203732331308965,2.3
543243,"Gray, Sonny",SI,Fastball,504,4.255563462858599,-0.08261828850508629,92.3085317460317,0.49730046296655117,0.2030804457032075,0.34051695215058325,2.2
681190,"Vásquez, Randy",SI,Fastball,409,4.255544508964803,-0.08261897606870315,93.14278728606358,0.5185212442086568,0.14663827979672703,0.3394401631736736,2.2
669330,"Wells, Tyler",FC,Fastball,45,4.252368795089561,-0.08273417695258495,90.4711111111111,0.713757654015684,0.18955807169267477,0.3583341621195513,2.2
608032,"Estévez, Carlos",CH,Offspeed,171,4.252353631068353,-0.08273472703635044,87.68187134502925,0.5247732875581125,0.2821531761547064,0.3332303214361501,2.1
696270,"Johnson, Ryan",SI,Fastball,71,4.25196045696591,-0.08274898965757523,94.39577464788735,0.5027825187922399,0.21974771584155844,0.3269292518200298,2.1
600917,"Leclerc, José",SI,Fastball,25,4.251637398008045,-0.08276070881079685,93.73200000000003,0.5139873857111464,0.16205021135118047,0.3186934664329524,2.1
691251,"Lara, Andry",FF,Fastball,116,4.249553457154352,-0.0828363049878248,94.21120689655169,0.44796477704767296,0.19358604823237338,0.3601792498796249,2.0
687849,"Kent, Zak",FF,Fastball,93,4.2468307171294,-0.08293507397954675,92.59462365591399,0.4289181963743155,0.19522547026499482,0.35050053993583213,2.0
690382,"Darrell-Hicks, Michael",SI,Fastball,78,4.240729544721463,-0.08315639758794545,94.28846153846152,0.49582049967570174,0.18683584207352796,0.3260764514825438,2.0
573009,"Mantiply, Joe",CH,Offspeed,56,4.2395903752588575,-0.08319772162850407,80.53035714285716,0.5663925550308707,0.296059392406141,0.3205826085728784,1.9
641793,"Littell, Zack",SI,Fastball,460,4.2371460074628775,-0.08328639250431079,91.48260869565217,0.5235181636566185,0.153708355680378,0.3528296963729462,1.9
687473,"Gusto, Ryan",SI,Fastball,189,4.235663593095694,-0.08334016795515059,93.43809523809527,0.5235111955121952,0.18495758613145122,0.328775273130131,1.9
664129,"Hartlieb, Geoff",FF,Fastball,39,4.233610438601345,-0.08341464733893222,94.86923076923077,0.47595987852643956,0.26344390717278054,0.3571279760508595,1.8
680684,"Hoglund, Gunnar",SI,Fastball,91,4.233302184970386,-0.08342582942023474,93.24945054945057,0.551082827993261,0.17783070420108446,0.3399896925088369,1.8
608334,"Fulmer, Carson",SI,Fastball,106,4.230247027873801,-0.08353665703624522,92.29999999999998,0.4841997745700865,0.17517354712013583,0.34064049445919903,1.8
685299,"Gordon, Tanner",FF,Fastball,657,4.226745942477449,-0.08366366096293712,92.26499238965002,0.5317542378098707,0.15041631059754051,0.37836573346943525,1.7
621107,"Eflin, Zach",SI,Fastball,220,4.2265410647243,-0.08367109302362573,91.63772727272723,0.5378050323343637,0.18363052315822934,0.32976733117940876,1.7
571510,"Boyd, Matthew",CH,Offspeed,680,4.223619806826527,-0.08377706336764623,78.66250000000002,0.5769521674322546,0.2958643158258699,0.33786915844157334,1.7
669721,"Daniel, Davis",FF,Fastball,93,4.218043596115034,-0.08397934368253364,89.77311827956991,0.4699855235864955,0.20396853581916072,0.3913695968401064,1.6
700270,"Díaz, Yilber",FF,Fastball,34,4.217207519030413,-0.08400967286926946,94.6,0.4433148114338806,0.3483409624174464,0.3693708791252243,1.6
647336,"Soroka, Michael",SI,Fastball,158,4.214846760087692,-0.08409531078487449,93.36139240506334,0.5449465441889073,0.16896719362016027,0.3117769110506398,1.6
605177,"Chafin, Andrew",SI,Fastball,259,4.213610769340644,-0.08414014707432728,89.7088803088803,0.46523976610938444,0.20421315215639482,0.34636545597591045,1.5
688497,"Rashi, Taylor",FF,Fastball,190,4.213051801422701,-0.08416042396347363,89.9884210526315,0.5034466597504359,0.20226926286962366,0.3629092561597365,1.5
605130,"Barlow, Scott",SI,Fastball,188,4.20744062369822,-0.08436397272727061,92.51170212765958,0.46560576961783906,0.2003262733103121,0.33855696389792217,1.5
685314,"Saalfrank, Andrew",SI,Fastball,195,4.205669768830756,-0.08442821152647377,89.30153846153846,0.4733023425550615,0.2681975949805522,0.333148593155169,1.4
664299,"Javier, Cristian",CH,Offspeed,115,4.20529991893165,-0.08444162804853922,84.11304347826085,0.5803639859349742,0.30051242509460685,0.3384617499595863,1.4
680742,"Bowlan, Jonathan",SI,Fastball,125,4.204749603941306,-0.08446159104766056,96.10159999999996,0.5810894300350483,0.1779973426423194,0.31617291129777625,1.4
802419,"Harrington, Thomas",FF,Fastball,102,4.20405309395052,-0.08448685735618941,91.86568627450978,0.5394874223655811,0.1761171070993966,0.3827932826597379,1.3
547184,"Kelly, Michael",SI,Fastball,30,4.204030737138633,-0.08448766836265638,95.01,0.514601653065872,0.2983917282697632,0.2899912568668188,1.3
471911,"Carrasco, Carlos",FF,Fastball,162,4.192365106553255,-0.08491084595587486,91.47530864197529,0.4509628188951721,0.18930747334400821,0.35379094266778177,1.3
593423,"Montas, Frankie",SI,Fastball,124,4.186736016608749,-0.0851150444959616,95.10080645161295,0.5306279210389758,0.18215303096226493,0.3283144900447471,1.2
596295,"Gomber, Austin",FF,Fastball,340,4.180979572942967,-0.08532386286700083,89.44617647058824,0.47030802177236475,0.17157607479328915,0.38173151372473835,1.2
686701,"Bergert, Ryan",SI,Fastball,86,4.174852366079944,-0.08554613089053101,92.46395348837208,0.5693825957313733,0.16856983562222036,0.3420464032314091,1.2
679883,"Avila, Luinder",SI,Fastball,52,4.168492795085552,-0.0857768280592449,95.80192307692309,0.4763971111845801,0.22418654005190003,0.3319175374893674,1.1
669467,"Pallante, Andre",FF,Fastball,1199,4.164615961523747,-0.08591746247107428,94.46680567139279,0.5052107970320896,0.1971938783398635,0.3514096073331521,1.1
700249,"Povich, Cade",FC,Fastball,33,4.138914064177097,-0.08684981387554395,91.49696969696967,0.48875112216361993,0.25481112625664587,0.36269030256054574,1.1
666659,"Lao, Sauryn",FF,Fastball,55,4.135399117902017,-0.08697732061374323,92.78181818181817,0.49087278387496974,0.20945174834822133,0.35501184658584956,1.0
471911,"Carrasco, Carlos",SI,Fastball,177,4.094336539275563,-0.08846688974310224,90.34293785310736,0.4665232175790931,0.19818669903633832,0.3447825381736534,1.0
682171,"Murfee, Penn",SI,Fastball,34,4.091501097614373,-0.0885697470527961,88.17941176470588,0.4811728673921512,0.217531767636333,0.32203898297727773,1.0
690544,"Horn, Bailey",SI,Fastball,44,4.0636991923234556,-0.08957827747743036,95.2272727272727,0.471913366014733,0.27017183600838535,0.31025903959102474,0.9
489119,"Miley, Wade",SI,Fastball,31,4.039988971543228,-0.09043837964602039,91.52903225806455,0.49012198406893687,0.19156409976483565,0.3146942037597777,0.9
800048,"Messick, Parker",SI,Fastball,84,4.016392240505962,-0.09129436490760488,91.4309523809524,0.5210797915077835,0.1429143247058789,0.35648523091711876,0.9
663436,"Martin, Davis",SI,Fastball,250,3.979861134955828,-0.09261955219269613,92.96480000000003,0.5261542861146594,0.15063133759804734,0.3493014680289706,0.8
573186,"Stroman, Marcus",FF,Fastball,32,3.9687193994886205,-0.0930237251831557,89.51249999999999,0.3945803434018947,0.24234520360175452,0.33571501179694396,0.8
700241,"McGreevy, Michael",SI,Fastball,344,3.9625729514484704,-0.09324669119167424,91.69273255813953,0.5599726280692923,0.15964823321099836,0.3466192626434458,0.8
593576,"Neris, Héctor",SI,Fastball,44,3.957505401068587,-0.09343051955462277,92.64772727272728,0.5464286431259102,0.20079535057731748,0.32901262597129705,0.7
685314,"Saalfrank, Andrew",FF,Fastball,41,3.9169334485803877,-0.09490229093298687,89.17560975609756,0.5662371930890027,0.20712225848487023,0.339719462497985,0.7
663969,"Phillips, Tyler",FF,Fastball,102,3.912263687371575,-0.0950716892603887,94.67941176470588,0.5037055246058143,0.213710041061336,0.35977897095734807,0.7
607625,"Lugo, Seth",CS,Breaking,117,3.9020271081218847,-0.09544302717804087,71.19316239316238,0.5598301215098898,0.20493746496865312,0.33491169496799,0.6
571771,"Hernández, Enrique",CS,Breaking,51,3.7925772671581193,-0.09941338436861058,51.54313725490194,0.37511493651864525,0.15307476890263877,0.3397680189406027,0.6
687911,"King, Bryan",SI,Fastball,55,3.7925629368216676,-0.09941390420997236,91.0472727272727,0.5991130911493203,0.15786140534984136,0.33325082771396003,0.6
642216,"Winans, Allan",FF,Fastball,25,3.7797366574550386,-0.09987918501863437,89.7,0.5120959948385768,0.1787456017614001,0.37538065571413315,0.5
542932,"Berti, Jon",EP,Offspeed,25,3.7466051052308598,-0.10108105151245196,49.644,0.2689872959738947,0.04724671443643516,0.322714859778643,0.5
642708,"Rosario, Amed",EP,Offspeed,26,3.6978209470743546,-0.10285072546918886,48.92692307692308,0.33691466094955563,0.13254826671423084,0.3267213215858836,0.5
672724,"Peraza, Oswald",CU,Breaking,32,3.5850832880239962,-0.10694035018967411,38.753125000000004,0.4038853163156483,0.059299943158959485,0.3437274019232383,0.4
645444,"Herrera, Jose",EP,Offspeed,25,3.5623599289347925,-0.10776465337147215,43.632000000000005,0.39140546186665826,0.01956028745017419,0.3324922012703393,0.4
571771,"Hernández, Enrique",EP,Offspeed,69,3.3525994835787203,-0.11537383658437697,53.860869565217385,0.38325965378570387,0.08555537239436474,0.35438208155524514,0.4
500743,"Rojas, Miguel",EP,Offspeed,58,2.7895827354358658,-0.13579759942145816,45.251724137931035,0.4881112090631832,0.04141631020072733,0.34612600796528536,0.3
642215,"Wilson, Weston",EP,Offspeed,25,2.780361857823094,-0.13613209216636177,49.78,0.5450269297908581,0.07556906808823988,0.3493130196962501,0.3
676679,"Vázquez, Luis",EP,Offspeed,31,2.7385406851137346,-0.13764917974111332,36.099999999999994,0.41968528430658736,0.007979638654967714,0.33495496942901387,0.3
664068,"Kingery, Scott",EP,Offspeed,36,2.6285691453616042,-0.14163846186128973,38.736111111111114,0.47476611978819694,0.019957251022101642,0.33318689729140805,0.2
656896,"Rivera, Emmanuel",EP,Offspeed,37,2.6037656070709696,-0.14253822476397315,52.85135135135135,0.554320827875048,0.10038843971510052,0.36634896992141486,0.2
623168,"Heineman, Tyler",EP,Offspeed,53,2.2312619337617505,-0.15605101404547184,51.52830188679244,0.5773787329547473,0.02934716364339638,0.36690644180497284,0.2
621028,"Newman, Kevin",EP,Offspeed,27,2.2091046081096555,-0.1568547840322708,54.16296296296296,0.6017098257010555,0.055131613557577897,0.37897860949681755,0.1
663897,"Williams, Luke",EP,Offspeed,52,2.189066795702204,-0.15758166743269117,59.43076923076921,0.5840493329615131,0.033843663043707256,0.3655009237004982,0.1
683766,"Koss, Christian",EP,Offspeed,37,2.1343850952672754,-0.1595652781954174,51.05945945945947,0.5796673646675774,0.08537647960111365,0.384447997544661,0.1
681962,"Capra, Vinny",EP,Offspeed,31,2.123110283204917,-0.1599742786174366,52.10000000000001,0.5885949074655523,0.022612423789019204,0.3608697580977998,0.0
