rank,batter,player_name,team,primary_position,pa_to,pa_last21,prior_fp_per_pa,recency_form_gap,xfp_rh3_per_pa,xfp_rh3_per_game,xfp_rh3_sigma,xfp_rh3_p25,xfp_rh3_p75,expected_pa_remaining,expected_total_fp_remaining,replacement_xfp_per_pa,replacement_delta,signal,slump_pct_rank,slump_n_comparable,slump_bounce_pct,slump_next_rate,slump_delta,mlb_id,atc,steamer,thebatx,zips,ext_n_systems,ext_mean_fp_per_pa,ensemble_fp_per_pa,ensemble_fp_per_game
1,670541,Yordan Alvarez,HOU,OF,158,86.0,0.7224165864832832,-0.0135,0.7610159958463601,2.66,0.108886238340358,0.6875722280857887,0.8344597636069316,466.0,354.6,0.4875489928467939,0.2735,add,95.8,616,52.9,0.4254,0.0156,670541,0.42778881153921877,0.44587735741353846,0.45278573345979717,0.42071881606765327,4,0.43679267962005186,0.6313266693558368,2.206693354216384
2,592450,Aaron Judge,NYY,OF,145,85.0,0.8615519372128695,0.0183,0.7324976143406785,2.56,0.108886238340358,0.659053846580107,0.80594138210125,428.0,313.5,0.4875489928467939,0.2449,add,65.7,730,64.0,0.3728,0.0447,592450,0.43604270107677967,0.40843745411080357,0.4341197317617094,0.42788461538461536,4,0.42662112558347703,0.610147018837798,2.1323978913306068
3,608070,José Ramírez,CLE,3B,153,84.0,0.7799643594551983,0.0106,0.6658497156944623,2.33,0.108886238340358,0.5924059479338908,0.7392934834550338,452.0,301.0,0.5051139729307533,0.1607,add,29.7,439,90.2,0.435,0.1128,608070,0.42066221858484415,0.4204851957342518,0.4130817531545778,0.415625,4,0.4174635418684185,0.5664952461640448,1.9823300850786891
4,700250,Ben Rice,NYY,1B,131,76.0,0.5739225767317601,-0.0033,0.6623487607119546,2.32,0.108886238340358,0.5889049929513831,0.7357925284725261,387.0,256.3,0.5547926149577068,0.1076,add,100.0,152,87.5,0.3573,0.09,700250,0.3177453468697123,0.3174386223163405,0.3204041333244667,0.32335329341317365,4,0.31973534898092326,0.525303396019542,1.8399730641231367
5,621566,Matt Olson,ATL,1B,158,87.0,0.6155560220025533,0.0061,0.6501773920097481,2.28,0.108886238340358,0.5767336242491766,0.7236211597703196,466.0,303.0,0.5547926149577068,0.0954,add,85.7,1014,55.8,0.3134,0.0142,621566,0.28239268295616504,0.2997299218631246,0.25854534137584717,0.2850609756097561,4,0.28143223045122323,0.5026793273863381,1.7627633327854428
6,665742,Juan Soto,NYM,OF,82,48.0,0.7753260106358768,0.0156,0.6467740146694533,2.26,0.108886238340358,0.5733302469088818,0.7202177824300248,242.0,156.5,0.4875489928467939,0.1592,add,45.5,490,85.8,0.4378,0.1083,665742,0.4396538434887221,0.44022644328212346,0.4300474231029506,0.43843843843843844,4,0.4370915370780586,0.5629010236328954,1.966925517347051
7,660271,Shohei Ohtani,LAD,TWP,153,80.0,0.8306761795322842,-0.0129,0.642087026925698,2.25,0.108886238340358,0.5686432591651265,0.7155307946862695,452.0,290.2,0.642087026925698,0.0,hold,29.0,285,88.1,0.3284,0.0983,660271,0.41074766411769714,0.3888903575943211,0.41920820861155883,0.4083694083694084,4,0.4068039096732464,0.5479737800247173,1.9202085595139884
8,571970,Max Muncy,LAD,3B,127,71.0,0.6456853004033417,0.0071,0.6169266178933123,2.16,0.108886238340358,0.5434828501327408,0.6903703856538838,375.0,231.3,0.5051139729307533,0.1118,add,81.6,797,62.9,0.3054,0.0432,571970,0.2785980653491092,0.27109971146424067,0.2736999240650652,0.26730310262529833,4,0.27267520087592834,0.4792260510863587,1.6778790869508957
9,669127,Shea Langeliers,ATH,C,146,85.0,0.5379035357290696,0.0152,0.6161743666661352,2.16,0.108886238340358,0.5427305989055637,0.6896181344267067,431.0,265.6,0.5229780414478192,0.0932,add,92.7,369,63.1,0.2512,0.0399,669127,0.30369461514584256,0.29458834947907886,0.3001988303648112,0.32051282051282054,4,0.3047486538756383,0.49160408154993646,1.723318712352762
10,518692,Freddie Freeman,LAD,1B,141,74.0,0.6844488116247129,-0.0125,0.6133591919819805,2.15,0.108886238340358,0.539915424221409,0.686802959742552,416.0,255.2,0.5547926149577068,0.0586,hold,28.4,430,86.0,0.4089,0.125,518692,0.3428598756111416,0.34118879971810956,0.3294198034960293,0.3589315525876461,4,0.3431000078532316,0.505255518330481,1.771065598446999
11,650490,Yandy Díaz,TB,1B,135,67.0,0.6083374427061953,0.0009,0.6126922408080224,2.14,0.108886238340358,0.5392484730474509,0.6861360085685939,398.0,243.9,0.5547926149577068,0.0579,hold,85.9,746,64.2,0.3507,0.0323,650490,0.3473377414602692,0.35449716759994787,0.3592597205370963,0.3599320882852292,4,0.35525667947063566,0.5097180162730677,1.7803335543890932
12,671739,Michael Harris II,ATL,OF,114,61.0,0.5099959003350587,0.0106,0.6123893759724762,2.14,0.108886238340358,0.5389456082119047,0.6858331437330477,336.0,205.8,0.4875489928467939,0.1248,add,85.0,415,59.8,0.3035,0.0403,671739,0.2673021939432597,0.29766775996864486,0.2540870710883624,0.2835820895522388,4,0.27565977863812646,0.47769753703873635,1.6693181974940756
13,641355,Cody Bellinger,NYY,OF,138,78.0,0.6727859412748304,0.0096,0.6118913196683871,2.14,0.108886238340358,0.5384475519078156,0.6853350874289585,407.0,249.0,0.4875489928467939,0.1243,add,77.3,866,56.7,0.3085,0.0183,641355,0.3343412359113874,0.3509869859684033,0.3147305125128846,0.3543046357615894,4,0.33859084253856614,0.5025711288164587,1.7576686922934082
14,686948,Drake Baldwin,ATL,C,161,88.0,0.6568649511120116,-0.0015,0.6113376394487374,2.14,0.108886238340358,0.5378938716881659,0.6847814072093089,475.0,290.4,0.5229780414478192,0.0884,add,66.3,59,89.8,0.4109,0.0948,686948,0.31683901944879506,0.3286113619216069,0.2719481614664907,0.32783505154639175,4,0.3113083985958211,0.4913259431075709,1.719896584804293
15,691406,Junior Caminero,TB,3B,143,76.0,0.6403503070218519,0.0093,0.605372243144874,2.12,0.108886238340358,0.5319284753843025,0.6788160109054455,422.0,255.5,0.5051139729307533,0.1003,add,64.5,111,92.8,0.405,0.1036,691406,0.3445104885759969,0.36294160841060397,0.3390986411936995,0.3486529318541997,4,0.348800917508625,0.5027437128903745,1.7605971918876517
16,677951,Bobby Witt Jr.,KC,SS,154,84.0,0.7343907714388441,-0.0061,0.6015137546923084,2.11,0.108886238340358,0.5280699869317369,0.6749575224528799,454.0,273.1,0.5122785872217428,0.0892,add,29.0,172,71.5,0.2716,0.0287,677951,0.379689544688794,0.38711002043698856,0.3885321077268103,0.3780487804878049,4,0.38334511333509946,0.5142462981494248,1.8038817577003297
17,666126,Carlos Cortes,ATH,OF,84,59.0,0.5700458002909183,0.0092,0.594340688104705,2.08,0.108886238340358,0.5208969203441335,0.6677844558652765,248.0,147.4,0.4875489928467939,0.1068,add,100.0,13,100.0,0.5122,0.0396,666126,0.21871336948123432,0.24570169059354827,0.21346850277946816,0.22388059701492538,4,0.22544103996729403,0.4467808288497406,1.563588262770502
18,694208,Moisés Ballesteros,CHC,C,92,54.0,0.6343053418909212,-0.0005,0.5930493855652059,2.08,0.108886238340358,0.5196056178046344,0.6664931533257774,272.0,161.3,0.5229780414478192,0.0701,hold,,0,,,,694208,0.2781692995512256,0.2839936160897137,0.24798694269670515,0.2719449225473322,4,0.2705236952212442,0.4640391094276212,1.6275227175044904
19,656941,Kyle Schwarber,PHI,OF,153,86.0,0.6316357015513445,-0.0028,0.5928505806222923,2.07,0.108886238340358,0.5194068128617209,0.6662943483828638,452.0,268.0,0.4875489928467939,0.1053,add,64.5,811,73.2,0.285,0.0642,656941,0.291520462033648,0.29537623748150066,0.29369019700347737,0.2747747747747748,4,0.28884041782335024,0.4712465155027155,1.6454066487827288
20,689414,Liam Hicks,MIA,C,113,63.0,0.4982323292602723,0.0022,0.592041261972271,2.07,0.108886238340358,0.5185974942116995,0.6654850297328425,333.0,197.1,0.5229780414478192,0.0691,hold,98.9,88,64.8,0.34,0.1597,689414,0.25938216778990497,0.2750573560530126,0.2423538347451398,0.2722772277227723,4,0.2622676465777074,0.46013181581444557,1.6087947241429137
21,547180,Bryce Harper,PHI,1B,145,81.0,0.6342855730104914,-0.015,0.5894320280255936,2.06,0.108886238340358,0.5159882602650221,0.6628757957861651,428.0,252.3,0.5547926149577068,0.0346,hold,48.6,678,77.4,0.3657,0.0762,547180,0.33595515724639124,0.3435729756469306,0.33851972751432663,0.32727272727272727,4,0.3363301469200939,0.4881912755833937,1.706174723946497
22,663538,Nico Hoerner,CHC,2B,152,83.0,0.609573404825212,-0.0106,0.5893817011904907,2.06,0.108886238340358,0.5159379334299192,0.6628254689510622,449.0,264.6,0.5152107477469386,0.0742,add,95.8,635,59.7,0.3317,0.0245,663538,0.32719826855780615,0.3397777748246685,0.3162457285663283,0.34330708661417325,4,0.33163221464074405,0.486281906570592,1.6996468087013998
23,701398,Sal Stewart,CIN,1B,148,79.0,0.5840445534738538,-0.0173,0.5873051945809791,2.06,0.108886238340358,0.5138614268204076,0.6607489623415506,437.0,256.7,0.5547926149577068,0.0325,hold,,0,,,,701398,0.297195952983187,0.3087779975628691,0.3081096687000942,0.30129390018484287,4,0.3038443798577483,0.47392086869168676,1.6622992585676224
24,665489,Vladimir Guerrero Jr.,TOR,1B,145,80.0,0.676687435523143,-0.0104,0.5868266823248478,2.05,0.108886238340358,0.5133829145642763,0.6602704500854193,428.0,251.2,0.5547926149577068,0.032,hold,53.0,499,83.0,0.3881,0.0689,665489,0.42172238987940763,0.4476579348736096,0.4414618214410738,0.4264036418816389,4,0.4343114470189325,0.5258205882024817,1.8368834244970131
25,545121,Ildemaro Vargas,AZ,1B,108,73.0,0.4990248550872623,-0.0073,0.583812943439755,2.04,0.108886238340358,0.5103691756791835,0.6572567112003265,319.0,186.2,0.5547926149577068,0.029,hold,100.0,405,54.1,0.3,0.0157,545121,0.2458373564764345,0.2917917946395347,0.22680135695849626,0.2746268656716418,4,0.2597643434365268,0.4541935034384637,1.587074691347742
26,676475,Alec Burleson,STL,1B,147,81.0,0.5717496191469357,-0.0095,0.5818540765774958,2.04,0.108886238340358,0.5084103088169243,0.6552978443380673,434.0,252.5,0.5547926149577068,0.0271,hold,78.5,299,66.6,0.3433,0.038,676475,0.3285066222456627,0.3540608137709973,0.32253742104044714,0.34205607476635513,4,0.33679023295586563,0.4838285391288437,1.696319162406665
27,661388,William Contreras,MIL,C,138,79.0,0.5807158443536078,-0.0029,0.5803289833013446,2.03,0.108886238340358,0.5068852155407731,0.6537727510619161,407.0,236.2,0.5229780414478192,0.0574,hold,81.8,464,61.0,0.3105,0.0287,661388,0.3048827646442102,0.32248495769725644,0.29943985052012917,0.3091190108191654,4,0.3089816459201903,0.47179004834888294,1.650329081790689
28,545361,Mike Trout,LAA,OF,158,88.0,0.5045127277334035,0.0159,0.5798818646273266,2.03,0.108886238340358,0.5064380968667551,0.6533256323878981,466.0,270.2,0.4875489928467939,0.0923,add,45.9,514,73.2,0.395,0.0662,545361,0.23237485564095411,0.21209325147500568,0.2355178208753136,0.21691973969631237,4,0.22422641692189646,0.4376196855451545,1.531980935854223
29,572233,Christian Walker,HOU,1B,144,80.0,0.5341372198241341,0.0039,0.5787793929728914,2.03,0.108886238340358,0.5053356252123199,0.6522231607334629,425.0,246.0,0.5547926149577068,0.024,hold,98.1,926,56.7,0.2822,0.0155,572233,0.22341743683228768,0.220163728773091,0.22684527796619747,0.22300884955752212,4,0.22335882328227455,0.43661116509664466,1.5313618209411641
30,668930,Brice Turang,MIL,2B,141,81.0,0.5153295751847756,-0.0002,0.5785438914722,2.02,0.108886238340358,0.5051001237116285,0.6519876592327715,416.0,240.7,0.5152107477469386,0.0633,hold,94.1,383,57.4,0.2277,0.0225,668930,0.23633206505343993,0.24386161242277768,0.21944522626081717,0.24262295081967214,4,0.23556546363917671,0.44135252033899064,1.5409930071443867
31,663656,Kyle Tucker,LAD,OF,146,79.0,0.7534798759131925,0.0051,0.5732405044691787,2.01,0.108886238340358,0.4997967367086072,0.6466842722297502,431.0,247.1,0.4875489928467939,0.0857,add,5.5,40,100.0,0.3871,0.1971,663656,0.41677275511849116,0.4107496723040449,0.41345697243269386,0.423407917383821,4,0.4160968293097628,0.5103830344054123,1.7895977188576986
32,606466,Ketel Marte,AZ,2B,136,69.0,0.709040857701609,0.0027,0.5707396751941558,2.0,0.108886238340358,0.4972959074335842,0.6441834429547273,401.0,228.9,0.5152107477469386,0.0555,hold,10.2,121,86.8,0.31,0.1535,606466,0.39230303287921625,0.3851882845188284,0.3939237782896791,0.375886524822695,4,0.3868254051276047,0.49717396716753537,1.7422092375071185
33,668939,Adley Rutschman,BAL,C,76,37.0,0.5254332277814474,0.0022,0.5675651226273697,1.99,0.108886238340358,0.4941213548667981,0.6410088903879412,224.0,127.1,0.5229780414478192,0.0446,hold,92.6,451,55.2,0.3333,0.012,668939,0.3137514544781842,0.3312650812597558,0.3164561136342919,0.32737030411449014,4,0.3222107383716805,0.46942336892509406,1.645894835532816
34,666160,Mickey Moniak,COL,OF,107,71.0,0.4990637060245215,0.004,0.5671393985702062,1.98,0.108886238340358,0.4936956308096347,0.6405831663307777,316.0,179.2,0.4875489928467939,0.0796,add,96.5,356,69.1,0.2344,0.0919,666160,0.24118896632463913,0.24313609167427241,0.24327877718440225,0.25842696629213485,4,0.24650770036886216,0.4388867192896686,1.5322435831196637
35,660670,Ronald Acuña Jr.,ATL,OF,152,80.0,0.7609157166452808,-0.0104,0.5670495565747667,1.98,0.108886238340358,0.4936057888141952,0.6404933243353382,449.0,254.6,0.4875489928467939,0.0795,add,23.0,180,95.6,0.3921,0.1756,660670,0.35235476563307294,0.369658202446249,0.3529210934208748,0.3867924528301887,4,0.36543162858259637,0.4864023853778986,1.6983995699875931
36,686469,Vinnie Pasquantino,KC,1B,138,69.0,0.6214042619568522,0.0161,0.5666381138877585,1.98,0.108886238340358,0.493194346127187,0.64008188164833,407.0,230.6,0.5547926149577068,0.0118,hold,6.6,26,100.0,0.3672,0.1824,686469,0.35630973875059047,0.37772183089160893,0.345834055800443,0.3679092382495948,4,0.3619437159230593,0.48476035470187884,1.6938950606839085
37,800050,Chase DeLauter,CLE,OF,130,72.0,0.5059091560109416,-0.0137,0.5641907201894858,1.97,0.108886238340358,0.4907469524289142,0.6376344879500573,384.0,216.6,0.4875489928467939,0.0766,add,,0,,,,800050,0.25831853130188964,0.2743527712583499,0.23306179857195403,0.285,4,0.26268327528304836,0.44358774222691083,1.548887319333296
38,608324,Alex Bregman,CHC,3B,156,87.0,0.6339434907029985,0.0087,0.5640858195082515,1.97,0.108886238340358,0.49064205174768,0.637529587268823,460.0,259.5,0.5051139729307533,0.059,hold,5.5,65,98.5,0.3762,0.1361,608324,0.35048681098894585,0.36071076726479556,0.3437128862741064,0.3397548161120841,4,0.34866632015998295,0.4779180197689441,1.6690696103043015
39,671056,Iván Herrera,STL,C,156,87.0,0.5929090946291966,-0.0027,0.5628975268122564,1.97,0.108886238340358,0.4894537590516848,0.6363412945728278,460.0,258.9,0.5229780414478192,0.0399,hold,74.4,122,91.8,0.4,0.1513,671056,0.29212465041949665,0.31137135292560225,0.2883057160900008,0.30603448275862066,4,0.2994590505484301,0.45752213630672584,1.6012125930424765
40,672695,Geraldo Perdomo,AZ,SS,124,60.0,0.6361911604206346,0.0022,0.5618564666896888,1.97,0.108886238340358,0.4884126989291172,0.6353002344502603,366.0,205.6,0.5122785872217428,0.0496,hold,73.8,383,62.9,0.2723,0.0454,672695,0.3305293463799373,0.353073997867,0.3034649710398073,0.34724540901502504,4,0.33357843107544244,0.47054525244399026,1.6498415561115631
41,621439,Byron Buxton,MIN,OF,147,85.0,0.6227842687992347,0.0153,0.5615916980544179,1.97,0.108886238340358,0.4881479302938463,0.6350354658149894,434.0,243.7,0.4875489928467939,0.074,add,70.5,585,74.4,0.25,0.0969,621439,0.2635247253323369,0.2558067076638558,0.2587452887561173,0.266384778012685,4,0.2611153749412487,0.4414011688091502,1.5483852513606176
42,624413,Pete Alonso,BAL,1B,147,80.0,0.610220969330916,0.0113,0.5547926149577068,1.94,0.108886238340358,0.4813488471971353,0.6282363827182783,434.0,240.8,0.5547926149577068,0.0,hold,15.2,148,96.6,0.3448,0.1581,624413,0.3135494336789352,0.31717851856348384,0.3103735490979456,0.34603658536585363,4,0.3217845216765545,0.4615893776452459,1.6140867208552188
43,645277,Ozzie Albies,ATL,2B,151,83.0,0.5785501357689482,0.0075,0.5545118699186521,1.94,0.108886238340358,0.4810681021580805,0.6279556376792236,446.0,247.3,0.5152107477469386,0.0393,hold,96.4,955,55.4,0.3267,0.0132,645277,0.3018682227109667,0.31530952220475483,0.29442513280297206,0.2966666666666667,4,0.30206738609634004,0.45353407638972726,1.5867218646287
44,663993,Nathaniel Lowe,CIN,1B,69,46.0,0.468180638315855,0.0112,0.5538160867459013,1.94,0.108886238340358,0.4803723189853298,0.6272598545064728,204.0,113.0,0.5547926149577068,-0.001,hold,96.6,788,52.6,0.2338,0.0077,663993,0.21411024070778276,0.22888769269996484,0.20689505178043407,0.24451939291736932,4,0.22360309452638777,0.4217308898580959,1.477309789125155
45,693307,Dillon Dingler,DET,C,114,61.0,0.4275989755701131,-0.0037,0.5523716126356419,1.93,0.108886238340358,0.4789278448750704,0.6258153803962134,336.0,185.6,0.5229780414478192,0.0294,hold,100.0,121,76.0,0.2637,0.0599,693307,0.18750181531478635,0.20488847432410442,0.1768582952097258,0.19347319347319347,4,0.19068044458045252,0.4076951454135662,1.424496865242077
46,608369,Corey Seager,TEX,SS,143,78.0,0.6819435249314175,0.0053,0.547546413345513,1.92,0.108886238340358,0.4741026455849415,0.6209901811060845,422.0,231.1,0.5122785872217428,0.0353,hold,5.7,63,100.0,0.355,0.1705,608369,0.3708862689521668,0.3717271908647017,0.37731438417450147,0.3448275862068966,4,0.36618885754956665,0.4750033910271344,1.6656241161360748
47,673548,Seiya Suzuki,CHC,OF,92,79.0,0.5618668394624137,0.0087,0.5472447420689256,1.92,0.108886238340358,0.473800974308354,0.6206885098294971,272.0,148.9,0.4875489928467939,0.0597,hold,72.8,370,71.1,0.2786,0.0715,673548,0.2671080031080031,0.2574028378710298,0.2699078599303319,0.2835820895522388,4,0.2695001976154009,0.43614692428751567,1.530214966462956
48,663757,Trent Grisham,NYY,OF,123,70.0,0.5068939282128299,-0.0019,0.5454507372957662,1.91,0.108886238340358,0.4720069695351946,0.6188945050563377,363.0,198.0,0.4875489928467939,0.0579,hold,70.9,503,70.0,0.205,0.0544,663757,0.24684140917354783,0.23932605437449234,0.2661177935826423,0.2570888468809074,4,0.25234352600289744,0.4282078527786187,1.4994516330879475
49,682998,Corbin Carroll,AZ,OF,129,71.0,0.6812176603534003,-0.0226,0.5447403151788817,1.91,0.108886238340358,0.4712965474183101,0.6181840829394532,381.0,207.5,0.4875489928467939,0.0572,hold,35.5,160,90.0,0.358,0.1125,682998,0.3350421223180639,0.3468727712131322,0.3332630854721725,0.32575757575757575,4,0.33523388869023607,0.4609377445834234,1.6161665799698266
50,596019,Francisco Lindor,NYM,SS,105,30.0,0.668765942870591,0.0007,0.5426774290245235,1.9,0.108886238340358,0.469233661263952,0.616121196785095,310.0,168.2,0.5122785872217428,0.0304,hold,13.5,204,99.5,0.3614,0.152,596019,0.31822156932724915,0.3206093835378272,0.3101297734978459,0.3209509658246657,4,0.317477923046897,0.4525976266334729,1.5846162832851818
51,677594,Julio Rodríguez,SEA,OF,153,83.0,0.5746146828546682,0.0184,0.5421117354715652,1.9,0.108886238340358,0.4686679677109936,0.6155555032321367,452.0,245.0,0.4875489928467939,0.0546,hold,41.0,227,92.1,0.2624,0.1047,677594,0.2984836711788467,0.3126932012271629,0.2987582795249412,0.2911010558069382,4,0.3002590519344723,0.44537066205672804,1.5609406742905094
52,656811,Ryan O'Hearn,PIT,OF,140,78.0,0.5635064525095028,-0.0101,0.5418464399370112,1.9,0.108886238340358,0.4684026721764396,0.6152902076975827,413.0,223.8,0.4875489928467939,0.0543,hold,77.6,544,58.6,0.2624,0.0205,656811,0.2799327259492333,0.29570809597481684,0.2734758455240644,0.2869022869022869,4,0.28400473858760034,0.4387097593972468,1.5383482872964296
53,805808,Kevin McGonigle,DET,SS,151,82.0,0.5059091560109416,-0.0013,0.5410511939057213,1.89,0.108886238340358,0.4676074261451498,0.6144949616662928,446.0,241.3,0.5122785872217428,0.0288,hold,,0,,,,805808,0.3373936733428398,0.33225375046232397,0.3220453400729328,0.362962962962963,4,0.3386639317102649,0.46009628902753874,1.6072083308508025
54,607043,Brandon Nimmo,TEX,OF,147,80.0,0.5427531718077344,-0.0023,0.5404373078794339,1.89,0.108886238340358,0.4669935401188623,0.6138810756400054,434.0,234.5,0.4875489928467939,0.0529,hold,61.6,628,86.6,0.3069,0.066,607043,0.2616008180598434,0.2670223853508295,0.2732473100420755,0.26009693053311794,4,0.2654918609964666,0.43045912912624695,1.5053878445973339
55,647304,Josh Naylor,SEA,1B,139,72.0,0.6779911576687596,0.0065,0.5387681462565155,1.89,0.108886238340358,0.4653243784959439,0.612211914017087,410.0,220.9,0.5547926149577068,-0.016,hold,10.7,76,98.7,0.2691,0.0833,647304,0.3320944100283753,0.3399419420472882,0.313585567986544,0.35213675213675216,4,0.33443966804973996,0.45703675497380525,1.6032860756567893
56,682928,CJ Abrams,WSH,SS,143,81.0,0.5622056415505923,0.0035,0.5387438557201687,1.89,0.108886238340358,0.4653000879595971,0.6121876234807402,422.0,227.3,0.5122785872217428,0.0265,hold,98.1,474,57.6,0.2847,0.0196,682928,0.264443192659475,0.2855392406611098,0.24443124281625567,0.28095238095238095,4,0.2688415142723054,0.43078291914102335,1.5112556895673084
57,677800,Wilyer Abreu,BOS,OF,141,78.0,0.5447836326573312,0.0014,0.5377724344302476,1.88,0.108886238340358,0.464328666669676,0.6112162021908191,416.0,223.7,0.4875489928467939,0.0502,hold,90.8,216,50.5,0.2605,0.001,677800,0.25758397174982267,0.267583411520114,0.25508542825096997,0.2543478260869565,4,0.2586501594019658,0.42612352441893486,1.4896862959447705
58,687462,Spencer Horwitz,PIT,1B,116,71.0,0.5588638200375862,0.0069,0.5364699582546,1.88,0.108886238340358,0.4630261904940284,0.6099137260151715,342.0,183.5,0.5547926149577068,-0.0183,hold,64.9,122,76.2,0.315,0.1057,687462,0.2847432751961161,0.30507344899208316,0.26597076144858395,0.3088803088803089,4,0.29116694862927306,0.43834875440446924,1.5361450265763057
59,678246,Miguel Vargas,CWS,3B,145,83.0,0.4784484381267186,0.0167,0.5360587251049073,1.88,0.108886238340358,0.4626149573443357,0.6095024928654788,428.0,229.4,0.5051139729307533,0.0309,hold,87.3,240,53.8,0.2494,0.0224,678246,0.27601636602577034,0.28009506240885784,0.3001490545011738,0.29061371841155237,4,0.2867185503368386,0.43632265519767977,1.5302177790522986
60,669364,Xavier Edwards,MIA,2B,145,79.0,0.5243669947991166,0.0116,0.5358609930173215,1.88,0.108886238340358,0.4624172252567499,0.609304760777893,428.0,229.3,0.5152107477469386,0.0207,hold,99.5,201,49.3,0.2611,-0.0027,669364,0.2632569079275256,0.29189028199503125,0.24997740638601854,0.2791519434628975,4,0.2710691349428682,0.4299442497875402,1.5084046051742521
61,662139,Daulton Varsho,TOR,OF,124,65.0,0.5117964584022009,-0.012,0.5338530626550014,1.87,0.108886238340358,0.4604092948944299,0.6072968304155729,366.0,195.4,0.4875489928467939,0.0463,hold,79.3,470,60.4,0.2574,0.0283,662139,0.22417217766392353,0.21893443081379535,0.2175960874209999,0.24836601307189543,4,0.22726717724265355,0.41121870849006226,1.4404319065850586
62,664034,Ty France,SD,1B,56,40.0,0.4403384050576578,-0.0094,0.5337269878330765,1.87,0.108886238340358,0.4602832200725049,0.607170755593648,165.0,88.1,0.5547926149577068,-0.0211,hold,94.6,778,52.0,0.2709,0.0042,664034,0.24033592498923215,0.2462080370629078,0.2461604912365953,0.25098039215686274,4,0.2459212113613995,0.4186046772444057,1.466650111932989
63,676391,Ernie Clement,TOR,2B,139,77.0,0.5672378195929052,-0.0086,0.5324984795731666,1.86,0.108886238340358,0.4590547118125951,0.6059422473337381,410.0,218.3,0.5152107477469386,0.0173,hold,76.9,280,71.4,0.345,0.0562,676391,0.304538427773272,0.3320154507907295,0.28822461104377367,0.3227722772277228,4,0.3118876917088745,0.44425416442744975,1.5517654557387692
64,683002,Gunnar Henderson,BAL,SS,153,82.0,0.6098794475054519,-0.014,0.5311604562536868,1.86,0.108886238340358,0.4577166884931152,0.6046042240142583,452.0,240.1,0.5122785872217428,0.0189,hold,9.7,45,100.0,0.28,0.1295,683002,0.31854984335616426,0.3410478787742193,0.3050293356694762,0.3230293663060278,4,0.3219141060264719,0.44746191616280084,1.566907239166362
65,669257,Will Smith,LAD,C,107,56.0,0.6153766592752704,-0.0076,0.5308647382307783,1.86,0.108886238340358,0.4574209704702067,0.6043085059913498,316.0,167.8,0.5229780414478192,0.0079,hold,18.9,130,95.4,0.3507,0.1439,669257,0.3291075632651174,0.3140467512003372,0.36613648015344064,0.3141683778234086,4,0.3308647931105759,0.4508647601826973,1.5797026879853826
66,621493,Taylor Ward,BAL,OF,156,86.0,0.5234293580469699,0.0078,0.5306470930273743,1.86,0.108886238340358,0.4572033252668028,0.6040908607879458,460.0,244.1,0.4875489928467939,0.0431,hold,83.4,551,69.7,0.2906,0.0685,621493,0.25626846993738134,0.2565069996985148,0.26069743244872196,0.2672268907563025,4,0.26017494821023013,0.42245823510051667,1.480781347173847
67,695578,James Wood,WSH,OF,168,94.0,0.5013355649014967,0.0041,0.530536718140616,1.86,0.108886238340358,0.4570929503800444,0.6039804859011875,496.0,263.1,0.4875489928467939,0.043,hold,55.4,112,82.1,0.26,0.0941,695578,0.2210799690784325,0.2527920446767312,0.21332492567236153,0.24461538461538462,4,0.23295308101072748,0.41150326328866055,1.4426825581449094
68,805779,Jacob Wilson,ATH,SS,144,84.0,0.610068551051356,0.0048,0.5295479997986587,1.85,0.108886238340358,0.4561042320380872,0.6029917675592302,425.0,225.1,0.5122785872217428,0.0173,hold,17.5,21,100.0,0.325,0.0517,805779,0.3620907208602301,0.3990746478637346,0.34187775129191095,0.37649402390438247,4,0.3698842859800645,0.46568251427122104,1.6268830242571357
69,543807,George Springer,TOR,DH,75,13.0,0.6107638285791995,0.006,0.5287942616070841,1.85,0.108886238340358,0.4553504938465125,0.6022380293676556,221.0,116.9,0.4377499773394342,0.091,add,20.9,281,95.7,0.3202,0.1791,543807,0.3225092559354126,0.3174663397865858,0.33159334065361673,0.3010948905109489,4,0.318165956721641,0.4445429396529068,1.5552446349521054
70,701762,Nick Kurtz,ATH,1B,154,91.0,0.7023327664913918,0.0087,0.5280976398936746,1.85,0.108886238340358,0.4546538721331031,0.6015414076542461,454.0,239.8,0.5547926149577068,-0.0267,hold,3.5,3,100.0,0.495,0.3322,701762,0.27230824887713106,0.3031935150155177,0.2603355569101549,0.2842465753424658,4,0.2800209740363173,0.42886697355073167,1.5023810771595094
71,592518,Manny Machado,SD,3B,130,66.0,0.6042814452818683,-0.0187,0.5278128266764773,1.85,0.108886238340358,0.4543690589159058,0.6012565944370488,384.0,202.7,0.5051139729307533,0.0227,hold,20.9,329,92.4,0.3695,0.1568,592518,0.3008608579224893,0.3124187152784826,0.3062231641616365,0.2909967845659164,4,0.3026248804821312,0.43773764819873884,1.5342837616639475
72,691016,Tyler Soderstrom,ATH,OF,138,74.0,0.5089720765146379,0.0043,0.5268495195153602,1.84,0.108886238340358,0.4534057517547886,0.6002932872759317,407.0,214.4,0.4875489928467939,0.0393,hold,54.3,125,98.4,0.3251,0.1457,691016,0.26509421415836326,0.29892593066837975,0.25913830327335013,0.2711267605633803,4,0.27357130216586834,0.42553823257556345,1.4861745506749178
73,514888,Jose Altuve,HOU,2B,144,73.0,0.6021504078582063,-0.0214,0.5265445695821386,1.84,0.108886238340358,0.453100801821567,0.5999883373427101,425.0,223.8,0.5152107477469386,0.0113,hold,14.3,205,97.1,0.3431,0.113,514888,0.30284036011052634,0.3118303407872922,0.29063203663767956,0.2980599647266314,4,0.30084067556553235,0.4362630119754961,1.524512811274358
74,650333,Luis Arraez,SF,2B,136,77.0,0.602681170753593,-0.0001,0.5257985366051185,1.84,0.108886238340358,0.452354768844547,0.59924230436569,401.0,210.8,0.5152107477469386,0.0106,hold,21.4,173,94.8,0.3924,0.0842,650333,0.37215983594386715,0.3894929869304575,0.348732641627099,0.39384615384615385,4,0.37605790458689436,0.46590228379782883,1.6303967061662221
75,666182,Bo Bichette,NYM,3B,150,76.0,0.559462068461047,0.0078,0.5242889422686114,1.84,0.108886238340358,0.4508451745080399,0.5977327100291829,443.0,232.3,0.5051139729307533,0.0192,hold,5.7,41,100.0,0.2956,0.1618,666182,0.31003495289499333,0.32122979546480124,0.30429815949085726,0.31719532554257096,4,0.3131895583483057,0.43984918870048917,1.5436574033145565
76,673962,Josh Jung,TEX,3B,126,81.0,0.4335276783852312,0.0088,0.5236303146291723,1.83,0.108886238340358,0.4501865468686007,0.5970740823897438,372.0,194.8,0.5051139729307533,0.0185,hold,99.3,292,57.2,0.1809,0.0305,673962,0.18377506562870424,0.20577555651885662,0.18468599796062865,0.1862348178137652,4,0.19011785948048868,0.3902253325696988,1.3637719945765043
77,701538,Jackson Merrill,SD,OF,136,69.0,0.5921074323208267,-0.0199,0.5232212129211407,1.83,0.108886238340358,0.4497774451605691,0.5966649806817121,401.0,209.8,0.4875489928467939,0.0357,hold,5.5,13,100.0,0.325,0.1976,701538,0.2964762353903385,0.3089950068998391,0.29511694324987475,0.3131868131868132,4,0.3034437496817164,0.43531022762537097,1.522525648581634
78,680777,Ryan Jeffers,MIN,C,105,59.0,0.5127165027221233,0.0021,0.5229780414478192,1.83,0.108886238340358,0.4495342736872477,0.5964218092083907,310.0,162.1,0.5229780414478192,0.0,hold,88.6,419,63.7,0.2512,0.0444,680777,0.2544118345443321,0.26838682817549214,0.24132363347105473,0.2553191489361702,4,0.25486036128176226,0.4157309693813964,1.4547220220982529
79,643446,Jeff McNeil,ATH,2B,117,69.0,0.5463862868499192,0.0011,0.5221929306598592,1.83,0.108886238340358,0.4487491628992876,0.5956366984204307,345.0,180.2,0.5152107477469386,0.007,hold,45.2,398,70.6,0.3465,0.0533,643446,0.3249883101762597,0.33165317040009423,0.3147929029697607,0.36363636363636365,4,0.3337676867956195,0.44682283311416326,1.5658691196099987
80,664023,Ian Happ,CHC,OF,147,87.0,0.5406254525830002,0.0054,0.5217024425445966,1.83,0.108886238340358,0.4482586747840251,0.5951462103051681,434.0,226.4,0.4875489928467939,0.0342,hold,75.7,827,64.4,0.2611,0.0496,664023,0.25571580439971164,0.25243956499553516,0.25367956696683347,0.26373626373626374,4,0.256392800024586,0.4155785855365924,1.4577443951049809
81,672580,Maikel Garcia,KC,3B,141,70.0,0.54284723473256,-0.0208,0.5212068510061989,1.82,0.108886238340358,0.4477630832456273,0.5946506187667704,416.0,216.8,0.5051139729307533,0.0161,hold,67.9,281,59.1,0.2178,0.029,672580,0.2985604295600887,0.31943649659523815,0.30225706682011083,0.2911392405063291,4,0.3028483083704417,0.433863433951896,1.5150058911697986
82,642086,Dominic Smith,ATL,1B,72,39.0,0.4655954143359286,-0.0063,0.5207872322073476,1.82,0.108886238340358,0.447343464446776,0.5942309999679191,212.0,110.4,0.5547926149577068,-0.034,hold,93.5,660,62.4,0.2537,0.0392,642086,0.2121537256948975,0.2143064539635206,0.21569528035147242,0.22950819672131148,4,0.2179159141828005,0.39963870499752874,1.3966211114905298
83,695734,Daylen Lile,WSH,OF,151,81.0,0.6374331617402498,0.0042,0.5201173947467539,1.82,0.108886238340358,0.4466736269861823,0.5935611625073254,446.0,232.0,0.4875489928467939,0.0326,hold,6.9,4,100.0,0.4269,0.2055,695734,0.27863080498166365,0.29738748645632873,0.25465640318071237,0.26548672566371684,4,0.27404035507060537,0.42168657887629446,1.4755699026919455
84,669134,Luis Campusano,SD,C,54,36.0,0.5789040634729437,-0.0069,0.519720173042892,1.82,0.108886238340358,0.4462764052823204,0.5931639408034635,159.0,82.6,0.5229780414478192,-0.0033,hold,74.2,115,54.5,0.2414,0.0103,669134,0.20045190971661228,0.2606221096463454,0.1949720813002875,0.26136363636363635,4,0.2293524342567204,0.4035730775284233,1.413266290591173
85,664040,Brandon Lowe,PIT,2B,135,76.0,0.5358340562847919,0.004,0.5186340950673429,1.82,0.108886238340358,0.4451903273067714,0.5920778628279144,398.0,206.4,0.5152107477469386,0.0034,hold,81.5,582,54.1,0.2624,0.0147,664040,0.22726153145718925,0.23501034460199863,0.21718071877756592,0.20934959349593496,4,0.2222005470831722,0.40006067587367466,1.4039000463236901
86,609280,Miguel Andujar,SD,3B,83,43.0,0.5506177430316396,-0.0029,0.5184634435901521,1.81,0.108886238340358,0.4450196758295805,0.5919072113507235,245.0,127.0,0.5051139729307533,0.0133,hold,65.0,286,78.9,0.3,0.066,609280,0.2770869768963474,0.2982490836499357,0.2583961544016009,0.2878411910669975,4,0.2803933515037204,0.4232354067555794,1.477550820021112
87,681624,Andy Pages,LAD,OF,136,75.0,0.5193008953175634,-0.0072,0.5173313451655882,1.81,0.108886238340358,0.4438875774050166,0.5907751129261597,401.0,207.4,0.4875489928467939,0.0298,hold,74.9,176,81.2,0.2874,0.0886,681624,0.2605458339575052,0.2725372867732428,0.263073817179765,0.2614601018675722,4,0.2644042599445213,0.41616051107716145,1.4560310951360595
88,681082,Bryson Stott,PHI,2B,106,56.0,0.5469650832459413,-0.0058,0.5169485735697339,1.81,0.108886238340358,0.4435048058091623,0.5903923413303054,313.0,161.8,0.5152107477469386,0.0017,hold,22.7,123,100.0,0.2687,0.1262,681082,0.2758844869440475,0.28548116450341754,0.27306371996878614,0.2807017543859649,4,0.278782781450554,0.42168225672206194,1.4764425780236223
89,593428,Xander Bogaerts,SD,SS,134,69.0,0.518643389433729,-0.0054,0.5164691073229482,1.81,0.108886238340358,0.4430253395623766,0.5899128750835196,395.0,204.0,0.5122785872217428,0.0042,hold,46.2,677,77.8,0.32,0.073,593428,0.26809795868110214,0.28409510512104497,0.27372397780142665,0.2593283582089552,4,0.2713113499531322,0.4184060043750218,1.466331397523919
90,672640,Otto Lopez,MIA,SS,141,80.0,0.5214219615483072,-0.0041,0.5158317339726395,1.81,0.108886238340358,0.4423879662120679,0.589275501733211,416.0,214.6,0.5122785872217428,0.0036,hold,74.4,169,81.1,0.3064,0.0606,672640,0.2806093108534328,0.29046133538844976,0.2869859266924266,0.2830188679245283,4,0.2852688602147094,0.4236065844694674,1.486391525362037
91,607208,Trea Turner,PHI,SS,148,81.0,0.6160112109720727,0.0072,0.5157964104304614,1.81,0.108886238340358,0.4423526426698899,0.5892401781910329,437.0,225.4,0.5122785872217428,0.0035,hold,13.7,167,81.4,0.2886,0.0996,607208,0.29669749430451287,0.2973562260212605,0.2938366778211593,0.2980132450331126,4,0.29647591079501134,0.4280682105762814,1.5021497735830536
92,671277,Luis García Jr.,WSH,1B,112,63.0,0.5613962884450637,-0.0133,0.5153962107280333,1.8,0.108886238340358,0.4419524429674618,0.5888399784886048,331.0,170.6,0.5547926149577068,-0.0394,hold,16.4,93,96.8,0.2759,0.1126,671277,0.2912614541558001,0.3147280959627946,0.28254865307794735,0.28860294117647056,4,0.29428528609325316,0.42695184087412125,1.4911116876234678
93,802139,JJ Wetherholt,STL,2B,157,88.0,0.5059091560109416,0.0098,0.5152107477469386,1.8,0.108886238340358,0.4417669799863671,0.5886545155075101,463.0,238.5,0.5152107477469386,0.0,hold,,0,,,,802139,0.25984556930239644,0.28390582794383856,0.22545237306241236,0.27566539923954375,4,0.2612172923870478,0.4136133656029823,1.4450476069087244
94,669016,Brandon Marsh,PHI,OF,114,59.0,0.4677341742326488,-0.0026,0.5142272039178712,1.8,0.108886238340358,0.4407834361572997,0.5876709716784427,336.0,172.8,0.4875489928467939,0.0267,hold,85.9,483,61.9,0.1733,0.0335,669016,0.18574178706407296,0.1804814374486757,0.16725970025996564,0.1939655172413793,4,0.1818621105035234,0.3812811665521321,1.3346359246747472
95,668715,Spencer Steer,CIN,OF,120,65.0,0.5390566702987344,0.0214,0.5139200093174805,1.8,0.108886238340358,0.4404762415569089,0.587363777078052,354.0,181.9,0.4875489928467939,0.0264,hold,36.0,163,90.8,0.297,0.1055,668715,0.24689800765576725,0.26043502486740827,0.23675328598441173,0.26182432432432434,4,0.2514776607079779,0.40894306987367945,1.432319256746218
96,666018,Jonathan Aranda,TB,1B,143,73.0,0.5349551897346442,-0.0039,0.5139026570816885,1.8,0.108886238340358,0.4404588893211169,0.58734642484226,422.0,216.9,0.5547926149577068,-0.0409,hold,65.4,119,96.6,0.2906,0.1131,666018,0.24093918407708093,0.2291123243245532,0.2562093683688228,0.24498886414253898,4,0.24281243522824897,0.4054665683403127,1.4201907948036736
97,680977,Brendan Donovan,SEA,3B,71,20.0,0.5647844263638329,0.0071,0.5130606211211105,1.8,0.108886238340358,0.4396168533605389,0.586504388881682,210.0,107.7,0.5051139729307533,0.0079,hold,86.1,403,56.3,0.3433,0.0129,680977,0.32062147488086395,0.3222392260915199,0.32184835247063537,0.3081081081081081,4,0.31820429038778186,0.435118088827779,1.5265497441190699
98,695657,Colson Montgomery,CWS,SS,141,78.0,0.6087542167914741,0.0166,0.5122785872217428,1.79,0.108886238340358,0.4388348194611712,0.5857223549823143,416.0,213.1,0.5122785872217428,0.0,hold,63.2,24,75.0,0.3003,0.0672,695657,0.1675609627725993,0.18072541260642702,0.15325992028922383,0.15779467680608364,4,0.16483524311858344,0.37330124958047906,1.3043864284333617
99,803011,Sam Antonacci,CWS,OF,62,62.0,0.5059091560109416,0.0074,0.5120804245295426,1.79,0.108886238340358,0.438636656768971,0.5855241922901141,183.0,93.7,0.4875489928467939,0.0245,hold,,0,,,,803011,0.2176518094776574,0.22738633254307694,0.23121708185053386,0.2693798449612403,4,0.23640876720812715,0.4018117616009764,1.404550962725297
100,808982,Jung Hoo Lee,SF,OF,129,72.0,0.5425534417161574,0.0078,0.5117249805912885,1.79,0.108886238340358,0.4382812128307169,0.58516874835186,381.0,195.0,0.4875489928467939,0.0242,hold,45.4,69,97.1,0.3433,0.0452,808982,0.3291314162660539,0.3438951063829787,0.3188818673959934,0.35489833641404805,4,0.33670168161476854,0.4417156610006805,1.5451093129704412
101,664770,Nathan Lukes,TOR,OF,56,27.0,0.5923233832135268,0.0071,0.5116937436429738,1.79,0.108886238340358,0.4382499758824023,0.5851375114035453,165.0,84.4,0.4875489928467939,0.0241,hold,19.3,29,100.0,0.2971,0.1353,664770,0.26734517792251455,0.29695615020651017,0.24980267121593594,0.28860759493670884,4,0.27567789857041736,0.4172874056139512,1.4597490497561005
102,682829,Elly De La Cruz,CIN,SS,150,77.0,0.5435966364013096,-0.0044,0.510917255583598,1.79,0.108886238340358,0.4374734878230265,0.5843610233441695,443.0,226.3,0.5122785872217428,-0.0014,hold,79.5,307,66.1,0.2239,0.1025,682829,0.23387470609831357,0.26897413781922414,0.20625304056429125,0.24923076923076923,4,0.23958316342814956,0.4023836187214186,1.4097521069015584
103,691023,Jordan Walker,STL,OF,142,81.0,0.3674365608922871,-0.026,0.5109073222250494,1.79,0.108886238340358,0.4374635544644779,0.5843510899856209,419.0,214.1,0.4875489928467939,0.0234,hold,95.8,228,51.8,0.1443,0.0068,691023,0.1614780872806012,0.18986950891523072,0.17679517674663833,0.15283018867924528,4,0.17024324040542888,0.3746416894972012,1.312583701637758
104,808959,Munetaka Murakami,CWS,1B,149,84.0,0.5059091560109416,0.0132,0.5101606230849441,1.79,0.108886238340358,0.4367168553243726,0.5836043908455156,440.0,224.5,0.5547926149577068,-0.0446,hold,,0,,,,808959,0.18713075230457704,0.23712625221153807,0.15523050887106798,0.18,4,0.18987187834679575,0.3820451251896848,1.3404812977415346
105,621043,Carlos Correa,HOU,SS,137,80.0,0.50940908579571,-0.0033,0.5091029091046636,1.78,0.108886238340358,0.435659141344092,0.5825466768652351,404.0,205.7,0.5122785872217428,-0.0032,hold,59.1,721,74.3,0.3168,0.0683,621043,0.2694330615161899,0.28917082851272846,0.25300364296054684,0.2537313432835821,4,0.26633471906826184,0.4119956330901029,1.4404793486450445
106,672761,Wenceel Pérez,DET,OF,61,54.0,0.4755391431722643,-0.0037,0.5088708172220833,1.78,0.108886238340358,0.4354270494615117,0.5823145849826548,180.0,91.6,0.4875489928467939,0.0213,hold,52.9,100,81.1,0.2239,0.0767,672761,0.22450810575131785,0.22174769369286984,0.22105748840619924,0.2175824175824176,4,0.22122392635820112,0.39381206087653037,1.3775312803097872
107,695600,Carter Jensen,KC,C,115,69.0,0.6902418921141069,-0.0042,0.5086252246777017,1.78,0.108886238340358,0.4351814569171301,0.5820689924382731,339.0,172.4,0.5229780414478192,-0.0144,hold,,0,,,,695600,0.2159786124231038,0.23272698914039497,0.19501536666213967,0.20170940170940171,4,0.21135759248376002,0.389718171800125,1.363869332756344
108,807712,Luke Keaschall,MIN,2B,144,76.0,0.6608759766819339,-0.0083,0.5051544519973367,1.77,0.108886238340358,0.4317106842367651,0.5785982197579081,425.0,214.7,0.5152107477469386,-0.0101,hold,0.0,0,,,,807712,0.29254736558465727,0.29773381152372075,0.28903304036062394,0.31989247311827956,4,0.2998016726468204,0.42301334025713017,1.4821874959127708
109,642708,Amed Rosario,NYY,3B,67,40.0,0.4723921070630089,-0.0034,0.5051139729307533,1.77,0.108886238340358,0.4316702051701818,0.5785577406913248,198.0,100.0,0.5051139729307533,0.0,hold,85.2,828,63.7,0.2376,0.0412,642708,0.22585892237529537,0.23151764649025303,0.2237459432970541,0.22646310432569974,4,0.22689640412207557,0.3938269454072822,1.3800324891555755
110,657757,Gavin Sheets,SD,1B,96,48.0,0.4445865713906513,-0.004,0.5038199799657789,1.76,0.108886238340358,0.4303762122052073,0.5772637477263504,283.0,142.6,0.5547926149577068,-0.051,hold,58.8,322,77.3,0.25,0.0792,657757,0.24295592588138737,0.24890499137848213,0.24517674584438295,0.26403326403326405,4,0.2502677317843791,0.40239908069321895,1.4057052323890968
111,596142,Gary Sánchez,MIL,C,88,60.0,0.5059649414995011,-0.0107,0.5034491016992044,1.76,0.108886238340358,0.4300053339386329,0.5768928694597759,260.0,130.9,0.5229780414478192,-0.0195,hold,82.1,681,59.7,0.22,0.0401,596142,0.18691997008227373,0.18915095262632664,0.17164800644381792,0.18115942028985507,4,0.18221958736056834,0.37495729596375,1.3108074652807407
112,681198,TJ Rumfield,COL,1B,141,83.0,0.5059091560109416,-0.0036,0.5031260853032491,1.76,0.108886238340358,0.4296823175426775,0.5765698530638206,416.0,209.3,0.5547926149577068,-0.0517,hold,,0,,,,681198,0.2324328772875713,0.2462700813249321,0.2221938113252822,0.2737642585551331,4,0.2436652571232297,0.3993417540312413,1.3969490106468265
113,575929,Willson Contreras,BOS,1B,142,75.0,0.5393091421446711,-0.0049,0.5019812384622787,1.76,0.108886238340358,0.4285374707017071,0.5754250062228502,419.0,210.3,0.5547926149577068,-0.0528,hold,52.5,543,72.6,0.2822,0.0535,575929,0.25293222214132355,0.25650587678472825,0.25234051772360727,0.26556016597510373,4,0.2568346956561907,0.40392262133984347,1.41619598321212
114,660821,Jesús Sánchez,TOR,OF,114,65.0,0.4705988477516846,-0.0087,0.5014596069474716,1.76,0.108886238340358,0.4280158391869,0.5749033747080431,336.0,168.5,0.4875489928467939,0.0139,hold,65.7,352,71.0,0.2255,0.0527,660821,0.22787302655629987,0.23852551104662026,0.23318077119552985,0.23721881390593047,4,0.2341995306760951,0.394555576438921,1.3847931217423897
115,664702,Myles Straw,TOR,OF,59,43.0,0.4528106590342223,-0.0044,0.50093256682238,1.75,0.108886238340358,0.4274887990618084,0.5743763345829515,174.0,87.2,0.4875489928467939,0.0134,hold,99.3,605,56.0,0.198,0.0143,664702,0.17713015708722787,0.161992722144575,0.18156578540458324,0.17804878048780487,4,0.17468436128104775,0.37043328460584707,1.294102821408477
116,807799,Masataka Yoshida,BOS,OF,61,33.0,0.5760699809283051,-0.019,0.5005341557729656,1.75,0.108886238340358,0.427090388012394,0.573977923533537,180.0,90.1,0.4875489928467939,0.013,hold,57.7,164,80.0,0.33,0.0954,807799,0.3205820479882982,0.3348586674870144,0.3251457745356349,0.3492462311557789,4,0.3324581802916816,0.43330376558045197,1.5149447465673764
117,679529,Spencer Torkelson,DET,1B,132,73.0,0.48261291132938,0.0001,0.5001629266419795,1.75,0.108886238340358,0.4267191588814079,0.573606694402551,390.0,195.1,0.5547926149577068,-0.0546,hold,64.4,311,72.0,0.2079,0.038,679529,0.23539246528268593,0.22752510181154334,0.23276054598835683,0.25508607198748046,4,0.23769104626751664,0.39517417449219433,1.3826590667251921
118,807713,Matt Shaw,CHC,OF,86,41.0,0.5164954504060505,-0.0068,0.4991864026949315,1.75,0.108886238340358,0.42574263493436,0.572630170455503,254.0,126.8,0.4875489928467939,0.0116,hold,64.5,60,89.3,0.29,0.1022,807713,0.24422600767142835,0.2707158058608883,0.21242140608871832,0.27153558052434457,4,0.24972470003634487,0.39940172163149684,1.4001843982162143
119,621020,Dansby Swanson,CHC,SS,134,73.0,0.4872098128271352,0.0042,0.4991594114134138,1.75,0.108886238340358,0.4257156436528422,0.5726031791739853,395.0,197.2,0.5122785872217428,-0.0131,hold,75.6,936,68.4,0.2294,0.0405,621020,0.20396519333594826,0.1988979168959511,0.2010759130833864,0.1956882255389718,4,0.19990681221356438,0.379458371733474,1.3303408397194343
120,686217,Sal Frelick,MIL,OF,121,64.0,0.5304434424940503,0.0008,0.4988098011254449,1.75,0.108886238340358,0.4253660333648733,0.5722535688860164,357.0,178.1,0.4875489928467939,0.0113,hold,55.6,173,81.5,0.285,0.0457,686217,0.2798066087681665,0.2986133115092737,0.26597290876871504,0.30472854640980734,4,0.28728034386399065,0.41419801822086316,1.453152143865393
121,624585,Jorge Soler,LAA,OF,134,65.0,0.4950227687741257,0.0005,0.4985311201332335,1.74,0.108886238340358,0.425087352372662,0.571974887893805,395.0,196.9,0.4875489928467939,0.011,hold,45.5,471,87.0,0.2488,0.0941,624585,0.2124141525386253,0.21758791684761233,0.2243580208177593,0.19339622641509435,4,0.21193907915477284,0.38389430374184924,1.3398884473496855
122,660688,Keibert Ruiz,WSH,C,66,37.0,0.4943192852552195,-0.0086,0.4966598674469115,1.74,0.108886238340358,0.42321609968634,0.5701036352074831,195.0,96.8,0.5229780414478192,-0.0263,hold,13.5,61,92.2,0.315,0.1521,660688,0.2783492572866282,0.31592260940157485,0.2574441487115721,0.2898550724637681,4,0.2853927719658858,0.4121530292545012,1.4439384333373557
123,669477,Casey Schmitt,SF,1B,109,71.0,0.4214029882724753,0.0044,0.4964583228253924,1.74,0.108886238340358,0.4230145550648208,0.5699020905859639,322.0,159.9,0.5547926149577068,-0.0583,hold,100.0,190,62.6,0.2338,0.0428,669477,0.21039003961174446,0.20582660978048126,0.20577874875268362,0.22453703703703703,4,0.21163310879548658,0.38252823721343004,1.3406948824291618
124,671289,Tyler Freeman,COL,OF,69,46.0,0.5140729708423883,-0.0026,0.4945618116313377,1.73,0.108886238340358,0.4211180438707662,0.5680055793919092,204.0,100.9,0.4875489928467939,0.007,hold,72.4,202,70.3,0.2736,0.0657,671289,0.31249225295917005,0.32365112705313637,0.34070129006516825,0.3175355450236967,4,0.32359505377529285,0.4261751084889198,1.4907801620466112
125,702332,Caleb Durbin,BOS,3B,122,69.0,0.5982383295071987,0.0012,0.4943431322729012,1.73,0.108886238340358,0.4208993645123297,0.5677869000334728,360.0,178.0,0.5051139729307533,-0.0108,hold,0.0,0,,,,702332,0.3266540099774811,0.35279882537565754,0.30271997263147604,0.3538767395626243,4,0.33401238688680973,0.4302108341184646,1.5055630278566787
126,672515,Gabriel Moreno,AZ,C,54,9.0,0.5472561975290716,-0.0027,0.4941637511223279,1.73,0.108886238340358,0.4207199833617563,0.5676075188828994,159.0,78.6,0.5229780414478192,-0.0288,hold,30.0,87,93.1,0.335,0.1786,672515,0.29895876870940413,0.312505805562353,0.2964283629859738,0.29891304347826086,4,0.3017014951839979,0.4171788487469959,1.4604863401922101
127,672960,Kazuma Okamoto,TOR,3B,138,78.0,0.5059091560109416,0.016,0.4938640574146226,1.73,0.108886238340358,0.4204202896540511,0.5673078251751942,407.0,201.0,0.5051139729307533,-0.0112,hold,,0,,,,672960,0.3090859202324959,0.323972671750992,0.29156966463997563,0.32525252525252524,4,0.31247019546899724,0.4213065126363724,1.4758317717561922
128,521692,Salvador Perez,KC,C,141,77.0,0.5141877197015436,-0.0038,0.492222858665077,1.72,0.108886238340358,0.4187790909045055,0.5656666264256486,416.0,204.8,0.5229780414478192,-0.0308,hold,15.8,201,97.0,0.2822,0.1554,521692,0.2769419918674516,0.2856561268259266,0.2803915414560555,0.2643478260869565,4,0.2768343715590975,0.40606746382268516,1.4189427115782427
129,686527,Dominic Canzone,SEA,OF,80,42.0,0.4826527721428731,-0.0052,0.4903770997081028,1.72,0.108886238340358,0.4169333319475312,0.5638208674686743,236.0,115.7,0.4875489928467939,0.0028,hold,69.0,120,78.8,0.2655,0.0812,686527,0.21927201816558042,0.2381036644034152,0.20589232713246053,0.24276169265033407,4,0.22650742558794756,0.3848292300600407,1.3497903472598336
130,670623,Isaac Paredes,HOU,3B,126,79.0,0.5897055843234388,0.0067,0.4900670939959559,1.72,0.108886238340358,0.4166233262353843,0.5635108617565274,372.0,182.3,0.5051139729307533,-0.015,hold,44.1,233,88.8,0.35,0.0873,670623,0.33135063984780233,0.35425594665372606,0.31244721052374835,0.3333333333333333,4,0.3328467825896525,0.42717896943343453,1.4992800708867235
131,694671,Wyatt Langford,TEX,OF,84,30.0,0.5347119923110042,0.0042,0.4899054368123496,1.71,0.108886238340358,0.416461669051778,0.5633492045729211,248.0,121.5,0.4875489928467939,0.0024,hold,34.3,85,90.6,0.2836,0.1538,694671,0.280588456823132,0.29404736764869044,0.28351885605102195,0.32231404958677684,4,0.2951171825274053,0.41199013509837185,1.438039013410795
132,641487,J.P. Crawford,SEA,SS,115,80.0,0.4756806535167412,-0.0026,0.4893215844131195,1.71,0.108886238340358,0.4158778166525479,0.5627653521736911,339.0,165.9,0.5122785872217428,-0.023,hold,62.5,562,77.6,0.26,0.0599,641487,0.23892623958286446,0.24226776405815478,0.22990340238274123,0.2474747474747475,4,0.239643038374627,0.38945016599772253,1.3609859141097191
133,643289,Mauricio Dubón,ATL,SS,131,72.0,0.5015213520271826,-0.0067,0.4879121071808149,1.71,0.108886238340358,0.4144683394202433,0.5613558749413864,387.0,188.8,0.5122785872217428,-0.0244,hold,69.6,398,70.6,0.26,0.0501,643289,0.2607956230179378,0.2789023429521781,0.254050868425445,0.26865671641791045,4,0.26560138770336783,0.3989878193898361,1.398344417191882
134,665833,Oneil Cruz,PIT,OF,152,87.0,0.4529565553847375,-0.0134,0.4875489928467939,1.71,0.108886238340358,0.4141052250862224,0.5609927606073655,449.0,218.9,0.4875489928467939,0.0,hold,52.5,181,79.6,0.1634,0.0579,665833,0.19295371543425688,0.1982004370201343,0.21033052708230385,0.2126537785588752,4,0.20353461452389257,0.37394324151763336,1.3115460238394747
135,696100,Hunter Goodman,COL,C,134,73.0,0.5296498889630953,0.01,0.4869789020747985,1.7,0.108886238340358,0.4135351343142269,0.56042266983537,395.0,192.4,0.5229780414478192,-0.036,hold,29.4,60,96.7,0.2445,0.1231,696100,0.2501314345143574,0.2646708823209289,0.2500287850959173,0.25087719298245614,4,0.25392707372841494,0.3937581707362451,1.3745747246947477
136,694384,Nolan Schanuel,LAA,1B,138,73.0,0.5118971881854513,-0.0099,0.48670371893059,1.7,0.108886238340358,0.4132599511700184,0.5601474866911615,407.0,198.1,0.5547926149577068,-0.0681,hold,36.0,99,94.9,0.315,0.096,694384,0.3160655154026555,0.3540794188931332,0.29704391708358346,0.31413612565445026,4,0.3203312442584556,0.42015472906173623,1.4675520478338782
137,663728,Cal Raleigh,SEA,C,147,78.0,0.6050278962779413,0.0122,0.4856308603207815,1.7,0.108886238340358,0.4121870925602099,0.559074628081353,434.0,210.8,0.5229780414478192,-0.0373,hold,18.4,108,95.4,0.2494,0.1893,663728,0.2864025970457555,0.28411999082400125,0.2723346613803391,0.28019323671497587,4,0.28076262149126796,0.4036835647889761,1.413135194266591
138,592885,Christian Yelich,MIL,OF,56,0.0,0.6137432606891501,-0.0,0.4833694381456925,1.69,0.108886238340358,0.409925670385121,0.556813205906264,165.0,79.8,0.4875489928467939,-0.0042,hold,35.0,487,92.3,0.2941,0.133,592885,0.24714875020208496,0.25035878201233297,0.23885924975619424,0.2291296625222025,4,0.24137411112320364,0.386571307336697,1.351565609744042
139,682657,Angel Martínez,CLE,OF,110,62.0,0.392348856554062,-0.006,0.4823270739417836,1.69,0.108886238340358,0.408883306181212,0.5557708417023551,325.0,156.8,0.4875489928467939,-0.0052,hold,97.3,145,55.2,0.1741,0.0155,682657,0.18712587823826177,0.21163342097916085,0.18689800915465593,0.1958174904942966,4,0.19536869971659376,0.36754372425170767,1.2878167690424072
140,665487,Fernando Tatis Jr.,SD,OF,139,66.0,0.6149762032708793,-0.0041,0.481587423628242,1.69,0.108886238340358,0.4081436558676705,0.5550311913888135,410.0,197.5,0.4875489928467939,-0.006,hold,1.7,11,100.0,0.3054,0.1849,665487,0.34019475761731194,0.36252731121952164,0.3472295551548451,0.34365325077399383,4,0.34840121869141816,0.4283129416535124,1.5030477040721189
141,691594,Javier Sanoja,MIA,3B,76,37.0,0.5451213775927687,-0.002,0.4803412966288103,1.68,0.108886238340358,0.4068975288682387,0.5537850643893818,224.0,107.6,0.5051139729307533,-0.0248,hold,52.5,53,100.0,0.3458,0.1443,691594,0.3059771355716107,0.3217162284889272,0.31957516362090943,0.318,4,0.31631713192036187,0.41473163074543096,1.4505293310034626
142,663616,Trevor Larnach,MIN,OF,94,60.0,0.4942524798487561,-0.0074,0.479000302644102,1.68,0.108886238340358,0.4055565348835305,0.5524440704046736,277.0,132.7,0.4875489928467939,-0.0085,hold,96.4,400,59.4,0.2426,0.0178,663616,0.2285537483729494,0.23736915488601998,0.23329750812059527,0.22465208747514911,4,0.23096812471367842,0.37978743147193256,1.3320302332813212
143,664761,Alec Bohm,PHI,3B,132,71.0,0.5706159552122263,-0.0006,0.4779871262024533,1.67,0.108886238340358,0.4045433584418818,0.5514308939630248,390.0,186.4,0.5051139729307533,-0.0271,hold,11.8,81,100.0,0.2587,0.2216,664761,0.2941404151143468,0.31116639151674275,0.2852677462628678,0.3155080213903743,4,0.30152064357108294,0.40740053314990515,1.423383294369675
144,605137,Josh Bell,MIN,1B,135,72.0,0.4952701861821242,-0.0078,0.4777917860012431,1.67,0.108886238340358,0.4043480182406716,0.5512355537618147,398.0,190.2,0.5547926149577068,-0.077,drop,21.5,269,95.9,0.2759,0.0908,605137,0.292469189317358,0.29946807199717407,0.28662170057555264,0.31144465290806755,4,0.2975009036995381,0.4056754330805611,1.4179355800871267
145,669224,Austin Wells,NYY,C,92,51.0,0.4942683212938079,0.0024,0.4774331505026365,1.67,0.108886238340358,0.403989382742065,0.5508769182632081,272.0,129.9,0.5229780414478192,-0.0455,hold,48.9,110,78.7,0.2098,0.0485,669224,0.21186286735198226,0.22821891495183638,0.202837084128762,0.2345132743362832,4,0.21935803519221597,0.3742031043784683,1.3089145227015213
146,500743,Miguel Rojas,LAD,SS,56,29.0,0.5265021377324601,-0.0001,0.4774309773073731,1.67,0.108886238340358,0.4039872095468015,0.5508747450679446,165.0,78.8,0.5122785872217428,-0.0348,hold,56.3,632,81.1,0.2871,0.0731,500743,0.2602972261068334,0.27923331213241936,0.23919052192324755,0.26299694189602446,4,0.2604295005146312,0.3906303865902763,1.3663812710371588
147,687221,Dalton Rushing,LAD,C,57,43.0,0.2986480320022444,-0.0136,0.4773335768810658,1.67,0.108886238340358,0.4038898091204943,0.5507773446416374,168.0,80.2,0.5229780414478192,-0.0456,hold,100.0,35,100.0,0.2707,0.3167,687221,0.16114256209630576,0.18042261372478433,0.1668458204457331,0.20565552699228792,4,0.17851663081477778,0.35780679845455055,1.2518234257130083
148,681481,Kerry Carpenter,DET,OF,109,52.0,0.5825008514256317,0.0002,0.4772859528746147,1.67,0.108886238340358,0.4038421851140432,0.5507297206351862,322.0,153.7,0.4875489928467939,-0.0103,hold,10.8,36,97.2,0.3292,0.2023,681481,0.2715747885098076,0.2720228071590192,0.27184879613275076,0.2670940170940171,4,0.27063510222389864,0.3946256126143283,1.380775547859162
149,650859,Luis Rengifo,MIL,3B,108,61.0,0.4840689347203408,0.0027,0.4762689923230451,1.67,0.108886238340358,0.4028252245624735,0.5497127600836166,319.0,151.9,0.5051139729307533,-0.0288,hold,41.1,260,85.4,0.215,0.0943,650859,0.224122438592764,0.24465265158461555,0.19868211118089135,0.22453222453222454,4,0.22299735647262386,0.3749603379828766,1.3147691210740717
150,805300,Jakob Marsee,MIA,OF,151,79.0,0.6249502417534221,0.0053,0.4755612802880599,1.66,0.108886238340358,0.4021175125274883,0.5490050480486314,446.0,212.1,0.4875489928467939,-0.012,hold,0.0,0,,,,805300,0.22770997548624272,0.22517451773255331,0.21588232687491243,0.2577639751552795,4,0.231632698812247,0.37798984769773475,1.3194159684282305
151,608348,Carson Kelly,CHC,C,96,49.0,0.4854168120035479,-0.0129,0.4755123947887456,1.66,0.108886238340358,0.402068627028174,0.5489561625493171,283.0,134.6,0.5229780414478192,-0.0475,hold,73.4,449,75.0,0.2698,0.1118,608348,0.24421460043813958,0.248639958885393,0.25262061345039044,0.24512534818941503,4,0.24765013024083452,0.3843674889695812,1.3418157732207363
152,641343,Jake Bauers,MIL,1B,123,73.0,0.4232055406906724,-0.0084,0.4751117773076014,1.66,0.108886238340358,0.4016680095470298,0.548555545068173,363.0,172.5,0.5547926149577068,-0.0797,drop,91.9,523,59.7,0.1478,0.0331,641343,0.1648023183946137,0.16236460354112234,0.14338663799905318,0.2229299363057325,4,0.1733708740601304,0.354415416008613,1.23829721483287
153,669394,Jake Burger,TEX,1B,141,78.0,0.4948841021251972,-0.0038,0.4741536304858064,1.66,0.108886238340358,0.4007098627252348,0.5475973982463779,416.0,197.2,0.5547926149577068,-0.0806,drop,11.2,46,100.0,0.2966,0.2287,669394,0.22920304429223404,0.24544282952674157,0.23430247813959085,0.24130879345603273,4,0.2375642863536498,0.37951789283294374,1.3286826496661095
154,668885,Austin Martin,MIN,OF,95,53.0,0.4829731979382036,-0.0033,0.4740125051806412,1.66,0.108886238340358,0.4005687374200696,0.5474562729412127,280.0,132.7,0.4875489928467939,-0.0135,hold,100.0,99,79.6,0.28,0.0419,668885,0.24342826593029035,0.25611257998081494,0.2569169168526338,0.2548476454293629,4,0.25282635204827547,0.38553804392769486,1.3501609048817789
155,680757,Steven Kwan,CLE,OF,145,79.0,0.5809857573855026,-0.0023,0.4734307323041681,1.66,0.108886238340358,0.3999869645435966,0.5468745000647397,428.0,202.6,0.4875489928467939,-0.0141,hold,4.2,23,100.0,0.38,0.1283,680757,0.33709538981626386,0.356818709084344,0.31499799298170794,0.36085626911314983,4,0.3424420902488664,0.42103527548204744,1.476284722579353
156,678554,Curtis Mead,WSH,1B,82,53.0,0.3282698505579212,-0.0111,0.4733663991440223,1.66,0.108886238340358,0.3999226313834508,0.5468101669045938,242.0,114.6,0.5547926149577068,-0.0814,drop,100.0,125,67.5,0.175,0.0495,678554,0.19621272428112516,0.21934142058839015,0.21630006659876208,0.2211764705882353,4,0.21325767051412817,0.3693229076920646,1.2951405673859375
157,668227,Randy Arozarena,SEA,OF,147,79.0,0.5078897094537164,-0.0216,0.4711069654126074,1.65,0.108886238340358,0.3976631976520358,0.5445507331731789,434.0,204.5,0.4875489928467939,-0.0164,hold,59.7,453,74.2,0.2574,0.0763,668227,0.21819230745587878,0.2093031396967859,0.2247076415227722,0.21812596006144394,4,0.2175822621842202,0.3696970841212525,1.2948231157351133
158,571448,Nolan Arenado,AZ,3B,116,64.0,0.5459113094727631,0.0225,0.4699120577013513,1.64,0.108886238340358,0.3964682899407797,0.5433558254619228,342.0,160.7,0.5051139729307533,-0.0352,hold,9.1,138,92.8,0.33,0.1069,571448,0.30226500021459535,0.3104920714801348,0.30102848753201045,0.3022312373225152,4,0.3040041991373139,0.40354891427573636,1.4083916523649238
159,682985,Riley Greene,DET,OF,145,76.0,0.5148729964935221,0.0022,0.4693390259743819,1.64,0.108886238340358,0.3958952582138103,0.5427827937349534,428.0,200.9,0.4875489928467939,-0.0182,hold,67.0,303,71.3,0.2365,0.052,682985,0.23265115739747985,0.24509919782881293,0.2129861537997233,0.25363489499192243,4,0.23609285100448463,0.37604055598642294,1.313989414235064
160,542303,Marcell Ozuna,PIT,DH,121,73.0,0.5830958504705053,0.0162,0.4687026842328914,1.64,0.108886238340358,0.3952589164723198,0.5421464519934629,357.0,167.3,0.4377499773394342,0.031,hold,4.3,58,100.0,0.2544,0.2136,542303,0.2565794182413502,0.2620178547693943,0.23879536222527104,0.2753108348134991,4,0.2581758675123787,0.3844919575446863,1.3453449949946652
161,665926,Andrés Giménez,TOR,SS,119,60.0,0.4790459793599919,-0.014,0.4680578657129819,1.64,0.108886238340358,0.3946140979524103,0.5415016334735534,351.0,164.3,0.5122785872217428,-0.0442,hold,67.8,421,67.7,0.2398,0.0452,665926,0.23372418674240045,0.255769062517831,0.21831019808455543,0.255278310940499,4,0.24077043957132147,0.3771428952563177,1.321448465091367
162,655316,Andruw Monasterio,BOS,SS,51,38.0,0.4351682710226919,0.0014,0.4672441454642121,1.64,0.108886238340358,0.3938003777036405,0.5406879132247836,151.0,70.6,0.5122785872217428,-0.045,hold,74.0,128,72.2,0.1823,0.0632,655316,0.18051022261492772,0.1924110509995996,0.18076569390242908,0.22598870056497175,4,0.19491891702048206,0.35831405408672007,1.2576616623380035
163,694497,Evan Carter,TEX,OF,121,69.0,0.5495544552242008,-0.0151,0.4667377474781736,1.63,0.108886238340358,0.393293979717602,0.5401815152387451,357.0,166.6,0.4875489928467939,-0.0208,hold,25.3,24,100.0,0.2761,0.1833,694497,0.2271980051207427,0.2567131313957133,0.21484359170366005,0.2315035799522673,4,0.23256457704309585,0.3730684793041425,1.3028764537502708
164,543760,Marcus Semien,NYM,2B,134,70.0,0.5751257124737407,0.0053,0.4664690862063468,1.63,0.108886238340358,0.3930253184457752,0.5399128539669183,395.0,184.3,0.5152107477469386,-0.0487,hold,3.4,52,100.0,0.2953,0.2071,543760,0.2865083077776045,0.2863012595172656,0.29082875062806457,0.281786941580756,4,0.28635631487592267,0.39442397767417714,1.3782501405130867
165,673357,Luis Robert Jr.,NYM,OF,98,39.0,0.4751295278456595,-0.0222,0.4658415667584218,1.63,0.108886238340358,0.3923977989978502,0.5392853345189933,289.0,134.6,0.4875489928467939,-0.0217,hold,56.2,306,77.8,0.2173,0.0837,673357,0.17050233219926675,0.15976078267003338,0.17033421496011641,0.18763326226012794,4,0.17205764802238616,0.34832799926400754,1.2188148918337538
166,593871,Jorge Polanco,NYM,1B,61,7.0,0.5174898448327843,0.0008,0.4657570991218658,1.63,0.108886238340358,0.3923133313612942,0.5392008668824373,180.0,83.8,0.5547926149577068,-0.089,drop,18.7,200,94.0,0.3094,0.2277,593871,0.2808972261875656,0.28763702957448256,0.2684813514941676,0.30561330561330563,4,0.2856572282173803,0.39371715076007163,1.377883357975398
167,687859,Troy Johnston,COL,OF,118,68.0,0.4797289828598612,-0.0006,0.4652542606921386,1.63,0.108886238340358,0.3918104929315671,0.5386980284527102,348.0,161.9,0.4875489928467939,-0.0223,hold,57.1,8,100.0,0.3014,0.0538,687859,0.22853347988131423,0.23413434523061868,0.21618427956288896,0.2732793522267207,4,0.23803286422538567,0.3743657021054374,1.3115755103974136
168,668804,Bryan Reynolds,PIT,OF,156,89.0,0.4899708054918102,-0.0032,0.4643087623256369,1.63,0.108886238340358,0.3908649945650654,0.5377525300862085,460.0,213.6,0.4875489928467939,-0.0232,hold,42.6,389,79.7,0.2562,0.0733,668804,0.2271265798362916,0.2312947959508836,0.2267197285022076,0.21864951768488747,4,0.22594765549356757,0.3689643195928092,1.295284280063805
169,650402,Gleyber Torres,DET,2B,144,75.0,0.5357235926731699,0.0053,0.463678809075663,1.62,0.108886238340358,0.3902350413150915,0.5371225768362345,425.0,197.1,0.5152107477469386,-0.0515,hold,50.3,503,73.4,0.2703,0.0649,650402,0.29424938544583684,0.3012623077357531,0.29008131755344096,0.2904761904761905,4,0.2940173003028054,0.39581420556651997,1.3828947980090425
170,682626,Francisco Alvarez,NYM,C,107,59.0,0.4803095176419847,-0.036,0.4617949369820499,1.62,0.108886238340358,0.3883511692214784,0.5352387047426215,316.0,145.9,0.5229780414478192,-0.0612,hold,46.2,120,89.2,0.2382,0.1253,682626,0.226599353569421,0.26567391957192377,0.17703056023983516,0.22573363431151242,4,0.22375936692317308,0.36658070895849915,1.2859836714404087
171,683737,Michael Busch,CHC,1B,146,85.0,0.546533539628377,0.011,0.4612821140698728,1.61,0.108886238340358,0.3878383463093012,0.5347258818304443,431.0,198.8,0.5547926149577068,-0.0935,drop,28.8,85,95.3,0.255,0.1472,683737,0.28263767924582595,0.27614940710211766,0.24526740235535488,0.2883959044368601,4,0.27311259828503964,0.38601430775593953,1.3472948907637972
172,699912,Jose Fernandez,AZ,1B,98,62.0,0.5059091560109416,-0.0003,0.4596005283944545,1.61,0.108886238340358,0.3861567606338829,0.533044296155026,289.0,132.8,0.5547926149577068,-0.0952,drop,,0,,,,699912,,0.16890000000000002,,0.1220472440944882,2,0.14547362204724412,0.33394976585557035,1.1698400889696532
173,641584,Jake Fraley,TB,OF,74,38.0,0.5359226455791279,0.0014,0.4593150895285565,1.61,0.108886238340358,0.385871321767985,0.5327588572891281,218.0,100.1,0.4875489928467939,-0.0282,hold,35.1,152,91.5,0.2637,0.1234,641584,0.21967059154742977,0.24221493436418787,0.20875267730966268,0.2324159021406728,4,0.22576352634048827,0.36589446425332917,1.2825402449819476
174,663837,Matt Vierling,DET,OF,78,56.0,0.4610233510824455,0.0075,0.4588383468615506,1.61,0.108886238340358,0.3853945791009791,0.5322821146221222,230.0,105.5,0.4875489928467939,-0.0287,hold,49.3,208,89.5,0.2185,0.0927,663837,0.196871186430237,0.18998742941516855,0.21731267806925952,0.22323462414578588,4,0.20685147951511274,0.35804359992297546,1.256325239202224
175,606192,Teoscar Hernández,LAD,OF,122,70.0,0.5095665062327757,0.0003,0.4584980189692506,1.6,0.108886238340358,0.3850542512086791,0.5319417867298222,360.0,165.1,0.4875489928467939,-0.0291,hold,36.6,387,93.0,0.2206,0.1168,606192,0.23563348820747473,0.23371848701177894,0.2533685396626476,0.23893805309734514,4,0.2404146419948116,0.371264668179475,1.2955856830583135
176,702222,Justin Crawford,PHI,OF,107,58.0,0.5059091560109416,-0.0017,0.4569429216693361,1.6,0.108886238340358,0.3834991539087646,0.5303866894299076,316.0,144.4,0.4875489928467939,-0.0306,hold,,0,,,,702222,0.20113781052150928,0.21452411642869737,0.19574408812708008,0.22770398481973433,4,0.20977749997425527,0.3580767529913037,1.2538170034301965
177,641933,Tyler O'Neill,BAL,OF,54,20.0,0.4864640343239879,-0.0035,0.4566911505414586,1.6,0.108886238340358,0.3832473827808871,0.5301349183020302,159.0,72.6,0.4875489928467939,-0.0309,hold,45.3,276,96.4,0.2357,0.1607,641933,0.2178943423818664,0.20425159688095207,0.23552449893585073,0.23796033994334279,4,0.223907694535503,0.36357776813907633,1.2737808217497155
178,657656,Ramón Laureano,SD,OF,132,70.0,0.5097197294865985,-0.0205,0.4561971383155931,1.6,0.108886238340358,0.3827533705550215,0.5296409060761647,390.0,177.9,0.4875489928467939,-0.0314,hold,27.3,189,87.3,0.2118,0.1212,657656,0.21135324488109086,0.2010003908148967,0.2111923620822708,0.21846846846846846,4,0.2105036165616817,0.3579197296140285,1.2553160010974829
179,687957,Dustin Harris,HOU,OF,52,38.0,0.5059091560109416,-0.002,0.4549789819122414,1.59,0.108886238340358,0.3815352141516698,0.5284227496728129,153.0,69.6,0.4875489928467939,-0.0326,hold,66.66666666666666,2,,,,687957,0.1574066732298134,0.17792667685043742,0.1635860919359899,0.21414538310412573,4,0.1782662062800916,0.34429387165938147,1.2031924060263668
180,673237,Yainer Diaz,HOU,C,106,54.0,0.5349110024309359,0.006,0.4549739503737677,1.59,0.108886238340358,0.3815301826131962,0.5284177181343392,313.0,142.4,0.5229780414478192,-0.068,hold,17.1,64,92.2,0.2811,0.1466,673237,0.29474422768386555,0.30686156613268695,0.27976430581068207,0.2857142857142857,4,0.29177109633538,0.3896928087584126,1.3618616305765554
181,663743,Nick Fortes,TB,C,89,45.0,0.3798293209955037,-0.0079,0.4544624170108393,1.59,0.108886238340358,0.3810186492502677,0.5279061847714108,263.0,119.5,0.5229780414478192,-0.0685,hold,80.1,273,61.3,0.2,0.0375,663743,0.20008090359363653,0.23076974885237767,0.18609373325342543,0.22033898305084745,4,0.20932084218757177,0.3564057870815323,1.2469352365525102
182,690993,Colt Keith,DET,3B,104,48.0,0.4691817445848421,-0.0064,0.4544609188733847,1.59,0.108886238340358,0.3810171511128131,0.5279046866339562,307.0,139.5,0.5051139729307533,-0.0507,hold,34.1,87,96.6,0.2822,0.1271,690993,0.2641253014978616,0.2845785587587231,0.25646993128889073,0.24571428571428572,4,0.2627220193149403,0.3777653590500069,1.3216690279518941
183,657041,Lane Thomas,KC,OF,75,47.0,0.4769680266565829,0.0061,0.4543321080015619,1.59,0.108886238340358,0.3808883402409904,0.5277758757621335,221.0,100.4,0.4875489928467939,-0.0332,hold,66.3,366,75.8,0.2426,0.0865,657041,0.18496215019746604,0.19735291845327774,0.200012633719706,0.21085594989561587,4,0.19829591306651642,0.35191763002754367,1.2315859299600083
184,664983,Jake McCarthy,COL,OF,73,37.0,0.4996884498232541,-0.0026,0.4542474542713082,1.59,0.108886238340358,0.3808036865107366,0.5276912220318797,215.0,97.7,0.4875489928467939,-0.0333,hold,68.9,261,88.5,0.2461,0.074,664983,0.25244354403025393,0.2873255154210983,0.24652263641274988,0.2805907172995781,4,0.26672060329092007,0.3792367138791529,1.327440295807817
185,602104,Ramón Urías,STL,3B,68,34.0,0.443361562214892,-0.013,0.4535132874911644,1.59,0.108886238340358,0.3800695197305929,0.526957055251736,201.0,91.2,0.5051139729307533,-0.0516,hold,53.6,269,73.9,0.215,0.0568,602104,0.2081716970889119,0.22178666349024362,0.20988599589669832,0.215633423180593,4,0.2138694449141117,0.35765575046034326,1.2539271922501831
186,663647,Ke'Bryan Hayes,CIN,3B,90,49.0,0.4010273392147759,-0.0014,0.4533923385064683,1.59,0.108886238340358,0.3799485707458968,0.5268361062670398,266.0,120.6,0.5051139729307533,-0.0517,hold,11.9,71,100.0,0.165,0.1039,663647,0.19380131951064036,0.21046136418651978,0.19304379488576154,0.19842829076620824,4,0.19893369233728248,0.351608880038794,1.2330559468721738
187,802415,Chandler Simpson,TB,OF,143,84.0,0.5472689526828225,-0.0124,0.4530839804563929,1.59,0.108886238340358,0.3796402126958214,0.5265277482169645,422.0,191.2,0.4875489928467939,-0.0345,hold,38.7,29,100.0,0.2857,0.0486,802415,0.26648463127799055,0.27865034634448754,0.2712351489295167,0.26032315978456017,4,0.26917332158413876,0.37951971690749126,1.3318421659381288
188,642715,Willy Adames,SF,SS,136,73.0,0.5248445523743466,-0.0197,0.4530087045898661,1.59,0.108886238340358,0.3795649368292946,0.5264524723504377,401.0,181.7,0.5122785872217428,-0.0593,hold,6.1,61,100.0,0.27,0.2302,642715,0.22717852252963452,0.23504303466143173,0.2238933774099246,0.23483670295489892,4,0.23023790938897246,0.3639003865095086,1.277241714536057
189,663697,Jonathan India,KC,2B,58,11.0,0.4923609017840284,-0.0034,0.4529736999791615,1.59,0.108886238340358,0.3795299322185899,0.526417467739733,171.0,77.5,0.5152107477469386,-0.0622,hold,29.5,190,98.3,0.2941,0.1399,663697,0.2632887436104172,0.2690428077021345,0.27449143488086686,0.2798573975044563,4,0.2716700959244687,0.38045225835728436,1.3354397635357433
190,669065,Kyle Stowers,MIA,OF,53,53.0,0.5116336334442673,-0.0033,0.4516248908661108,1.58,0.108886238340358,0.3781811231055392,0.5250686586266823,156.0,70.5,0.4875489928467939,-0.0359,hold,41.4,87,92.7,0.1588,0.225,669065,0.22571992190303392,0.2114543197246563,0.20147381341008094,0.24782608695652175,4,0.22161853549857324,0.35962234871909576,1.2581310783966988
191,680700,Richie Palacios,TB,2B,63,38.0,0.519742890685852,-0.0105,0.4508567175073401,1.58,0.108886238340358,0.3774129497467686,0.5243004852679116,186.0,83.9,0.5152107477469386,-0.0644,hold,41.4,70,100.0,0.3085,0.164,680700,0.20697849411820002,0.22813604937125886,0.2040225165407261,0.20596205962059622,4,0.2112747799126953,0.35502394246948216,1.244159856823359
192,701350,Roman Anthony,BOS,OF,130,67.0,0.537132263091655,0.0086,0.4506792299938152,1.58,0.108886238340358,0.3772354622332437,0.5241229977543868,384.0,173.1,0.4875489928467939,-0.0369,hold,0.0,0,,,,701350,0.2594822466763782,0.2609627865750696,0.2663051530900166,0.26610169491525426,4,0.2632129703141797,0.37569272612196103,1.3171108579395694
193,592626,Joc Pederson,TEX,1B,93,56.0,0.5307606397005182,0.0137,0.4505614682951481,1.58,0.108886238340358,0.3771177005345766,0.5240052360557197,274.0,123.5,0.5547926149577068,-0.1042,drop,10.9,142,97.2,0.2675,0.1718,592626,0.2657038939994766,0.27992483944753677,0.26910466696189533,0.26685393258426965,4,0.27039683324829455,0.37849561427640666,1.3272840947086428
194,592206,Nick Castellanos,SD,OF,65,27.0,0.4957377294617101,-0.0191,0.4494079410813225,1.57,0.108886238340358,0.3759641733207509,0.522851708841894,192.0,86.3,0.4875489928467939,-0.0381,hold,5.4,81,100.0,0.2531,0.2285,592206,0.20891302602349876,0.20400802349586059,0.21368242469660065,0.19395017793594305,4,0.20513841303797578,0.3517001298639838,1.2286592056158994
195,670770,TJ Friedl,CIN,OF,134,64.0,0.5570651823118256,0.0098,0.4494079136105993,1.57,0.108886238340358,0.3759641458500278,0.5228516813711709,395.0,177.5,0.4875489928467939,-0.0381,hold,0.2,1,100.0,0.4428,0.3012,670770,0.2767614916101269,0.29354095614776576,0.256251921775495,0.28040540540540543,4,0.2767399437346983,0.3803407256602389,1.3287147849469727
196,694377,Nick Yorke,PIT,3B,78,37.0,0.4128246985753362,-0.0143,0.4492847114301286,1.57,0.108886238340358,0.3758409436695571,0.5227284791907002,230.0,103.3,0.5051139729307533,-0.0558,hold,100.0,12,100.0,0.2035,0.093,694377,0.1751441544282691,0.20024472209052618,0.17453661258256908,0.18164794007490637,4,0.18289335729406767,0.3427281697757042,1.1976441950029202
197,669236,Jeremiah Jackson,BAL,2B,112,70.0,0.4454949610686118,0.0013,0.4491565517750177,1.57,0.108886238340358,0.3757127840144461,0.5226003195355892,331.0,148.7,0.5152107477469386,-0.0661,hold,15.8,3,33.3,0.2205,-0.0139,669236,0.18137025803332016,0.20897287418851,0.16856547540551228,0.20038910505836577,4,0.18982442817142703,0.3454237023335814,1.2074079973242118
198,671218,Heliot Ramos,SF,OF,126,70.0,0.465021398886821,0.0306,0.4487496468025845,1.57,0.108886238340358,0.375305879042013,0.522193414563156,372.0,166.9,0.4875489928467939,-0.0388,hold,26.5,74,94.6,0.2078,0.082,671218,0.2246166859745792,0.23659418737836063,0.23995328360315182,0.24492979719188768,4,0.23652348853699484,0.36385918349634866,1.2730013765126764
199,642201,Eli White,ATL,OF,53,38.0,0.4975524558988386,-0.0011,0.4483197829264281,1.57,0.108886238340358,0.3748760151658566,0.5217635506869996,156.0,69.9,0.4875489928467939,-0.0392,hold,86.7,183,71.8,0.1532,0.0676,642201,0.14649066924715579,0.14475666655866248,0.1487523604083086,0.15309446254071662,4,0.14827353968871088,0.3283012856313412,1.1496994736138852
200,663886,Tyler Stephenson,CIN,C,94,52.0,0.4575220389294841,-0.0015,0.4481805189623399,1.57,0.108886238340358,0.3747367512017684,0.5216242867229115,277.0,124.1,0.5229780414478192,-0.0748,drop,13.7,71,95.8,0.1719,0.0807,663886,0.17517955828370801,0.1732472260054479,0.17730272935359392,0.1925754060324826,4,0.1795762299188081,0.3407388033449272,1.193626002509243
201,667472,Dane Myers,CIN,OF,53,32.0,0.4128908563702979,0.0064,0.4481520934993668,1.57,0.108886238340358,0.3747083257387953,0.5215958612599384,156.0,69.9,0.4875489928467939,-0.0394,hold,88.7,126,60.0,0.1825,0.0547,667472,0.16200439267332098,0.16672716784851166,0.1706003959240659,0.19843342036553524,4,0.17444134420285845,0.33866779378076345,1.1864463960973328
202,664728,Kyle Isbel,KC,OF,95,50.0,0.443504770231484,-0.0039,0.447612453680008,1.57,0.108886238340358,0.3741686859194365,0.5210562214405796,280.0,125.3,0.4875489928467939,-0.0399,hold,72.1,312,70.0,0.2074,0.0354,664728,0.19601483282127463,0.22715943150967977,0.1754113013043429,0.2222222222222222,4,0.20520194696437988,0.35064825099375674,1.2298982066610589
203,680776,Jarren Duran,BOS,OF,123,70.0,0.5668456139862974,-0.0041,0.4475972908362058,1.57,0.108886238340358,0.3741535230756343,0.5210410585967774,363.0,162.5,0.4875489928467939,-0.04,hold,13.2,63,100.0,0.209,0.1572,680776,0.2525220381734969,0.25007709933064937,0.26219050668296234,0.26697530864197533,4,0.257941238207271,0.3717348697846319,1.303903659630156
204,605170,Victor Caratini,MIN,C,101,46.0,0.4858701995407887,-0.0131,0.447178735183395,1.57,0.108886238340358,0.3737349674228235,0.5206225029439666,298.0,133.3,0.5229780414478192,-0.0758,drop,34.7,235,90.6,0.2217,0.0847,605170,0.25867484941212543,0.27511212736914287,0.2583863962802949,0.25609756097560976,4,0.26206773350929324,0.37313433451375433,1.3100374841087647
205,701807,Carson Benge,NYM,OF,106,54.0,0.5059091560109416,0.0064,0.4457591821364815,1.56,0.108886238340358,0.37231541437591,0.5192029498970531,313.0,139.5,0.4875489928467939,-0.0418,hold,,0,,,,701807,0.22943246269341602,0.20909492316733064,0.20959593252693592,0.25430210325047803,4,0.22560635540954016,0.35769805144570493,1.2518170855860233
206,701675,Nathan Church,STL,OF,104,69.0,0.3832034880041682,0.0117,0.4453868267311836,1.56,0.108886238340358,0.3719430589706121,0.5188305944917552,307.0,136.7,0.4875489928467939,-0.0422,hold,,0,,,,701675,0.23654437981412405,0.2748494178873926,0.23348092619767447,0.26666666666666666,4,0.2528853476414644,0.36838623509529594,1.2902997849451785
207,665019,Kody Clemens,MIN,1B,90,57.0,0.4807909311568217,0.0016,0.4437996688885369,1.55,0.108886238340358,0.3703559011279654,0.5172434366491084,266.0,118.1,0.5547926149577068,-0.111,drop,29.2,66,100.0,0.2203,0.1629,665019,0.23749698253522702,0.22494597024059976,0.22173854667765827,0.23469387755102042,4,0.22971884425112638,0.3581673390335727,1.250923365698746
208,691718,Pete Crow-Armstrong,CHC,OF,140,77.0,0.5593546902757355,0.0149,0.4435748374948147,1.55,0.108886238340358,0.3701310697342432,0.5170186052553862,413.0,183.2,0.4875489928467939,-0.044,hold,30.9,76,98.7,0.2673,0.1962,691718,0.224308866464698,0.24994926709681803,0.21381428049494167,0.24509803921568626,4,0.233292613318036,0.35946194782410323,1.2560812111752693
209,592663,J.T. Realmuto,PHI,C,68,28.0,0.4532897255384176,-0.0074,0.4427588000369607,1.55,0.108886238340358,0.3693150322763892,0.5162025677975323,201.0,89.0,0.5229780414478192,-0.0802,drop,33.1,443,94.0,0.2637,0.1039,592663,0.21245046983263197,0.20228738509541597,0.22180386201368896,0.22469635627530365,4,0.21530951830426015,0.35177908734388047,1.2315002781141733
210,686797,Brooks Lee,MIN,SS,119,74.0,0.4506094500564771,0.0003,0.4427042839396558,1.55,0.108886238340358,0.3692605161790842,0.5161480517002273,351.0,155.4,0.5122785872217428,-0.0696,hold,66.9,105,83.8,0.2376,0.0591,686797,0.2404268483289157,0.2777518658863939,0.21931884055290335,0.2495164410058027,4,0.24675349894350393,0.36432396994119504,1.2755741787351347
211,666176,Jo Adell,LAA,OF,152,84.0,0.5070587203169512,0.0011,0.4419935701030544,1.55,0.108886238340358,0.3685498023424828,0.5154373378636259,449.0,198.5,0.4875489928467939,-0.0456,hold,56.0,232,80.6,0.165,0.1166,666176,0.2245281403582941,0.2418646657120349,0.23171167362468947,0.22156862745098038,4,0.2299182767864997,0.3571634527764325,1.252514491725283
212,676356,Jonny DeLuca,TB,OF,72,42.0,0.4096267715029155,-0.0053,0.4410229392763701,1.54,0.108886238340358,0.3675791715157985,0.5144667070369416,212.0,93.5,0.4875489928467939,-0.0465,hold,69.0,80,84.5,0.2525,0.144,676356,0.19824023156947804,0.21656983405403407,0.20354481943094271,0.22590361445783133,4,0.21106462487807154,0.3490396135170507,1.2188050936720478
213,543877,Christian Vázquez,HOU,C,60,35.0,0.3312570960338941,-0.0087,0.4408390044826553,1.54,0.108886238340358,0.3673952367220838,0.5142827722432268,177.0,78.0,0.5229780414478192,-0.0821,drop,89.5,794,62.5,0.2315,0.0385,543877,0.1676335073564309,0.17524255326212346,0.16693270138499372,0.16236162361623616,4,0.16804259640494607,0.3317204412515716,1.1588118889954517
214,666969,Adolis García,PHI,OF,133,72.0,0.4881826811750153,0.0019,0.4406867368422889,1.54,0.108886238340358,0.3672429690817173,0.5141305046028604,393.0,173.2,0.4875489928467939,-0.0469,hold,43.6,315,80.0,0.18,0.0653,666969,0.20430596880874594,0.21433519999999998,0.20387300475036146,0.2354014598540146,4,0.21447890835328048,0.35020360544668555,1.223802550202238
215,686555,Isaac Collins,KC,OF,106,57.0,0.5585816726980034,0.0065,0.4405328194157238,1.54,0.108886238340358,0.3670890516551522,0.5139765871762954,313.0,137.9,0.4875489928467939,-0.047,hold,16.5,18,100.0,0.2921,0.1665,686555,0.21874843283799672,0.25103428878263323,0.2416220977131583,0.2533632286995516,4,0.24119201200833496,0.36079649645276823,1.261260410232744
216,687263,Zach Neto,LAA,SS,163,87.0,0.5321702463471603,-0.0167,0.4396693437753148,1.54,0.108886238340358,0.3662255760147433,0.5131131115358863,481.0,211.5,0.5122785872217428,-0.0726,hold,12.7,42,97.6,0.2843,0.1918,687263,0.25356459930181674,0.2616827129494589,0.2434438763840228,0.26174496644295303,4,0.25510903876956287,0.36584522177301404,1.2814212532824623
217,656775,Cedric Mullins,TB,OF,113,57.0,0.530753523488964,-0.0001,0.4396597877118314,1.54,0.108886238340358,0.3662160199512598,0.5131035554724029,333.0,146.4,0.4875489928467939,-0.0479,hold,7.7,59,100.0,0.2611,0.24,656775,0.21232656139105752,0.2034339651965284,0.2468604728530872,0.21621621621621623,4,0.21970930391422233,0.3516795941927877,1.2318310434427724
218,687551,Drew Gilbert,SF,OF,52,52.0,0.461575774936251,-0.0076,0.4379836424498986,1.53,0.108886238340358,0.3645398746893271,0.5114274102104701,153.0,67.0,0.4875489928467939,-0.0496,hold,16.666666666666664,3,,,,687551,0.20667504763094605,0.23029892545341876,0.1884319736390042,0.24439918533604887,4,0.21745128301485447,0.34977069867588095,1.2218473867669934
219,519317,Giancarlo Stanton,NYY,DH,92,41.0,0.5153774672352339,-0.0016,0.4377499773394342,1.53,0.108886238340358,0.3643062095788627,0.5111937451000058,272.0,119.1,0.4377499773394342,0.0,hold,20.6,220,96.8,0.2815,0.2007,519317,0.1977032782828116,0.212782713182092,0.1880074143434122,0.20113314447592068,4,0.19990663757105911,0.34261264143208414,1.1974811388388096
220,671732,Lawrence Butler,ATH,OF,113,62.0,0.4783249560803798,0.0004,0.4373801033197386,1.53,0.108886238340358,0.3639363355591671,0.5108238710803101,333.0,145.6,0.4875489928467939,-0.0502,hold,29.1,81,100.0,0.2687,0.1936,671732,0.2093455388080231,0.2280651721833764,0.20871537047513863,0.211864406779661,4,0.2144976220615498,0.34822711081646307,1.218133782276109
221,668904,Royce Lewis,MIN,3B,84,39.0,0.5387760374857989,-0.0148,0.4370787502001731,1.53,0.108886238340358,0.3636349824396016,0.5105225179607447,248.0,108.4,0.5051139729307533,-0.068,hold,16.1,38,100.0,0.2861,0.2065,668904,0.2449334408744538,0.271692082192893,0.22994541886865139,0.254320987654321,4,0.2502229823975798,0.36233644307913576,1.2683635561261797
222,677587,Brayan Rocchio,CLE,SS,128,70.0,0.3992247244524665,-0.0039,0.4363883340767422,1.53,0.108886238340358,0.3629445663161707,0.5098321018373138,378.0,165.0,0.5122785872217428,-0.0759,drop,100.0,232,71.1,0.195,0.0409,677587,0.20671686973162817,0.2479022954859008,0.19445541474382483,0.23529411764705882,4,0.22109217440210316,0.35026987020688655,1.2280642252968477
223,687637,Dylan Beavers,BAL,OF,95,54.0,0.4844739676429082,0.0029,0.4360845427576018,1.53,0.108886238340358,0.3626407749970303,0.5095283105181734,280.0,122.1,0.4875489928467939,-0.0515,hold,0.0,0,,,,687637,0.22070863527957804,0.24109103539201995,0.2151122499527611,0.2413162705667276,4,0.2295570477977717,0.3534735447736697,1.2401598095723545
224,665862,Jazz Chisholm Jr.,NYY,2B,130,74.0,0.5624991266680308,0.0207,0.4359744381564295,1.53,0.108886238340358,0.3625306703958579,0.509418205917001,384.0,167.4,0.5152107477469386,-0.0792,drop,6.4,35,100.0,0.235,0.1334,665862,0.2338263362532735,0.24034799917884947,0.22111968676071364,0.24214417744916822,4,0.23435954991050117,0.3553284828580582,1.246982692544383
225,687093,Vaughn Grissom,LAA,2B,57,48.0,0.3216315080381565,0.0007,0.435910042771358,1.53,0.108886238340358,0.3624662750107865,0.5093538105319295,168.0,73.2,0.5152107477469386,-0.0793,drop,98.7,78,50.0,0.1605,0.001,687093,0.20299039798457927,0.22019725985339833,0.20030877257214588,0.24468085106382978,4,0.2170443203684883,0.3483637538102101,1.2227214127507198
226,643217,Andrew Benintendi,CWS,OF,109,67.0,0.5080812749198018,0.0042,0.4333558511456616,1.52,0.108886238340358,0.3599120833850901,0.5067996189062332,322.0,139.5,0.4875489928467939,-0.0542,hold,0.1,1,100.0,0.3596,0.3437,643217,0.27981026337314596,0.2846451796071221,0.2948482663276722,0.2799188640973631,4,0.28480564335132585,0.37393576802792733,1.3115834617204747
227,621438,Tyrone Taylor,NYM,OF,64,44.0,0.4473612220778194,-0.0102,0.4333352698017717,1.52,0.108886238340358,0.3598915020412002,0.5067790375623432,189.0,81.9,0.4875489928467939,-0.0542,hold,31.1,152,88.8,0.2277,0.12,621438,0.17176926605667706,0.19014793711489497,0.17534542170002884,0.19047619047619047,4,0.18193470383694785,0.3327750434158422,1.167267243729008
228,663586,Austin Riley,ATL,3B,148,82.0,0.5155080234059115,-0.007,0.4324517656008732,1.51,0.108886238340358,0.3590079978403016,0.5058955333614447,437.0,189.0,0.5051139729307533,-0.0727,hold,9.3,73,93.2,0.2167,0.1976,663586,0.24368661004641182,0.2440822985471099,0.26060186909986416,0.26703499079189685,4,0.2538514421213207,0.3610116362090522,1.2605511505271285
229,682663,Agustín Ramírez,MIA,C,129,65.0,0.5243392431955873,0.0013,0.4314559576967714,1.51,0.108886238340358,0.3580121899361999,0.504899725457343,381.0,164.4,0.5229780414478192,-0.0915,drop,12.3,13,84.6,0.22,0.0358,682663,0.2690944134820811,0.2950920216343194,0.25658965996197186,0.2692913385826772,4,0.2725168584152624,0.36788031798416776,1.2874993849233156
230,672820,Lenyn Sosa,TOR,2B,77,44.0,0.4140756523300484,-0.0014,0.4304482539595681,1.51,0.108886238340358,0.3570044861989966,0.5038920217201397,227.0,97.7,0.5152107477469386,-0.0848,drop,28.9,80,100.0,0.2069,0.1441,672820,0.20027685386721764,0.2183669394511129,0.193209770604933,0.20454545454545456,4,0.20409975461717955,0.33990885422261263,1.192390409659684
231,691026,Masyn Winn,STL,SS,125,78.0,0.4746421321939115,0.0003,0.4289679899847473,1.5,0.108886238340358,0.3555242222241758,0.5024117577453189,369.0,158.3,0.5122785872217428,-0.0833,drop,49.8,141,87.9,0.2772,0.072,691026,0.2412640862402515,0.27815379068158463,0.23142411868500623,0.23450586264656617,4,0.24633696456335213,0.3559155798161892,1.2445529321273288
232,665750,Leody Taveras,BAL,OF,86,59.0,0.4255648086871928,0.001,0.428345057898155,1.5,0.108886238340358,0.3549012901375835,0.5017888256587265,254.0,108.8,0.4875489928467939,-0.0592,hold,88.2,434,59.9,0.1741,0.0336,665750,0.17943633602745357,0.2209745119854354,0.20371416796303607,0.21851851851851853,4,0.2056608836236109,0.3392713881883374,1.1880773990475357
233,681715,Heriberto Hernández,MIA,OF,74,29.0,0.5215368042870169,-0.0004,0.4281645393652884,1.5,0.108886238340358,0.3547207716047169,0.5016083071258599,218.0,93.3,0.4875489928467939,-0.0594,hold,20.0,13,100.0,0.2333,0.1528,681715,0.15609090771075926,0.15247758450117244,0.14083611410526956,0.1734475374732334,4,0.15571303594760866,0.31918393799821654,1.1182054163267765
234,668901,Mark Vientos,NYM,1B,91,50.0,0.453204828856554,0.0047,0.4276924227699156,1.5,0.108886238340358,0.354248655009344,0.5011361905304871,269.0,115.0,0.5547926149577068,-0.1271,drop,54.4,155,87.5,0.2488,0.1182,668901,0.20773326467085693,0.2377074789628135,0.1866354896109688,0.22413793103448276,4,0.2140535410697805,0.34223687008986153,1.200290858112678
235,686681,Michael Massey,KC,2B,67,56.0,0.4438027848821012,-0.009,0.4273106709466782,1.5,0.108886238340358,0.3538669031861066,0.5007544387072497,198.0,84.6,0.5152107477469386,-0.0879,drop,12.3,41,100.0,0.225,0.2139,686681,0.23258899657802043,0.2574290529643982,0.2340495362033961,0.22897196261682243,4,0.2382598870906593,0.35169035740427057,1.2345480044710473
236,667670,Brent Rooker,ATH,OF,77,28.0,0.5752207204451298,-0.003,0.4264823201961317,1.49,0.108886238340358,0.3530385524355602,0.4999260879567033,227.0,96.8,0.4875489928467939,-0.0611,hold,8.1,41,100.0,0.2886,0.29,667670,0.2904666335776389,0.2800101644904021,0.3053860847590582,0.3194888178913738,4,0.2988379251796182,0.3754245621895263,1.31161966433953
237,630105,Jake Cronenworth,SD,2B,112,52.0,0.4964290404607465,-0.0068,0.426448269526223,1.49,0.108886238340358,0.3530045017656514,0.4998920372867945,331.0,141.2,0.5152107477469386,-0.0888,drop,0.4,3,100.0,0.3498,0.2476,630105,0.25397676092686994,0.24964616849087215,0.2553250483787716,0.26481481481481484,4,0.25594069815283216,0.35824524097686666,1.2517002581545427
238,666310,Bo Naylor,CLE,C,80,43.0,0.4146635368239868,-0.0047,0.426426247113096,1.49,0.108886238340358,0.3529824793525245,0.4998700148736676,236.0,100.6,0.5229780414478192,-0.0966,drop,14.1,40,100.0,0.1762,0.2064,666310,0.2087599833937368,0.2237994002872491,0.18835454372047614,0.2304147465437788,4,0.2128321684863102,0.3409886156623817,1.1914675533614574
239,666152,David Hamilton,MIL,3B,99,56.0,0.5045528628673405,-0.0098,0.4254821684462913,1.49,0.108886238340358,0.3520384006857197,0.4989259362068628,292.0,124.2,0.5051139729307533,-0.0796,drop,51.4,74,93.2,0.1766,0.0536,666152,0.14533970074043615,0.16140446061457117,0.11520567667626493,0.15240641711229946,4,0.14358906378589292,0.3127249265821319,1.095134356179711
240,666139,Josh Lowe,LAA,OF,96,52.0,0.4749461185815453,0.0036,0.425174763404785,1.49,0.108886238340358,0.3517309956442134,0.4986185311653565,283.0,120.3,0.4875489928467939,-0.0624,hold,11.1,41,100.0,0.3235,0.2992,666139,0.17007774499388564,0.18580129685305796,0.15358030375672435,0.1905781584582441,4,0.17500937601547803,0.3251086084490622,1.1393240339806374
241,702284,Cole Young,SEA,2B,141,78.0,0.4048362499678035,0.0068,0.423624610486783,1.48,0.108886238340358,0.3501808427262114,0.4970683782473545,416.0,176.2,0.5152107477469386,-0.0916,drop,12.5,5,100.0,0.2178,0.0318,702284,0.244297675886431,0.26447068980199495,0.24862935325915447,0.25830258302583026,4,0.2539250754933527,0.3557447964894109,1.242851066181753
242,665561,Rafael Marchán,PHI,C,54,34.0,0.4839860953897824,-0.0025,0.422477003939684,1.48,0.108886238340358,0.3490332361791125,0.4959207717002556,159.0,67.2,0.5229780414478192,-0.1005,drop,0.0,0,,,,665561,0.21861177120058214,0.24195309244191215,0.20179944293188462,0.25257731958762886,4,0.22873540654050195,0.3449803649800112,1.2085177072580016
243,665804,Miguel Amaya,CHC,C,62,36.0,0.4890341823448205,-0.0004,0.4216728488973266,1.48,0.108886238340358,0.348229081136755,0.4951166166578981,183.0,77.2,0.5229780414478192,-0.1013,drop,56.0,94,64.8,0.2167,0.1019,665804,0.20755648816753414,0.2366326425009487,0.17821870723178754,0.22264150943396227,4,0.21126233683355816,0.33750864407181924,1.184597952020191
244,665966,Carlos Narváez,BOS,C,74,39.0,0.4511036342395836,-0.0111,0.4213558162354888,1.47,0.108886238340358,0.3479120484749173,0.4947995839960604,218.0,91.9,0.5229780414478192,-0.1016,drop,4.9,5,100.0,0.2574,0.1774,665966,0.16685206098938224,0.1903753694406918,0.16431116683293784,0.17142857142857143,4,0.17324179217289581,0.3221102066104516,1.1237580815847368
245,663968,Jake Mangum,PIT,OF,79,47.0,0.4909090964614875,0.0016,0.4210900873068678,1.47,0.108886238340358,0.3476463195462962,0.4945338550674393,233.0,98.1,0.4875489928467939,-0.0665,hold,19.6,18,100.0,0.2369,0.1572,663968,0.22376246265399982,0.23655721858187598,0.2000454408125025,0.2511415525114155,4,0.22787666863994843,0.3438047198401001,1.2002014613957035
246,687401,Joey Ortiz,MIL,SS,83,40.0,0.4760595978319825,0.0086,0.4207744149286184,1.47,0.108886238340358,0.3473306471680469,0.49421818268919,245.0,103.1,0.5122785872217428,-0.0915,drop,0.0,0,,,,687401,0.23376811706952755,0.26227397551180165,0.2274378787760914,0.25992063492063494,4,0.2458501515695139,0.35080470958497656,1.2255567467841355
247,805367,Chase Meidroth,CWS,2B,139,75.0,0.4297914976888763,0.0012,0.4191894265760287,1.47,0.108886238340358,0.3457456588154571,0.4926331943366002,410.0,171.9,0.5152107477469386,-0.096,drop,14.8,13,100.0,0.266,0.1125,805367,0.2644630108957552,0.3003898017419848,0.24612646306307318,0.26958105646630237,4,0.2701400830417789,0.3595696891623288,1.2609274222062388
248,646240,Rafael Devers,SF,1B,136,73.0,0.6065794573408851,-0.0148,0.4176132841484588,1.46,0.108886238340358,0.3441695163878873,0.4910570519090304,401.0,167.5,0.5547926149577068,-0.1372,drop,0.6,7,100.0,0.4483,0.468,646240,0.28866946516074693,0.2813236045872357,0.2873246601535842,0.2986425339366516,4,0.2889900659595546,0.36616399687289714,1.2801303400214232
249,595879,Javier Báez,DET,SS,82,41.0,0.3937054865307194,-0.0056,0.4175599785829855,1.46,0.108886238340358,0.344116210822414,0.4910037463435571,242.0,101.0,0.5122785872217428,-0.0947,drop,58.0,722,77.7,0.1912,0.0783,595879,0.14579394006763166,0.17109716650248993,0.1449905982705966,0.14797136038186157,4,0.15246326630564494,0.3115212936720493,1.0892353484274386
250,696285,Jacob Young,WSH,OF,119,75.0,0.4298887022346265,-0.0197,0.4175254408038149,1.46,0.108886238340358,0.3440816730432433,0.4909692085643864,351.0,146.6,0.4875489928467939,-0.07,hold,30.4,77,96.1,0.1724,0.0798,696285,0.1831793713104517,0.20846648448325492,0.1599364429164736,0.19547325102880658,4,0.1867638874347467,0.3252208194561876,1.1372298547650452
251,676609,José Caballero,NYY,SS,120,73.0,0.4771645272618895,0.0108,0.417299061348475,1.46,0.108886238340358,0.3438552935879035,0.4907428291090466,354.0,147.7,0.5122785872217428,-0.095,drop,86.5,257,58.4,0.1225,0.0157,676609,0.16805052450362157,0.15507063354745473,0.14167506108539982,0.17054263565891473,4,0.15883471369884772,0.31391332228862406,1.098285361726865
252,656305,Matt Chapman,SF,3B,141,78.0,0.5221735646736141,-0.0096,0.4171964626788431,1.46,0.108886238340358,0.3437526949182716,0.4906402304394147,416.0,173.6,0.5051139729307533,-0.0879,drop,21.6,240,94.6,0.2045,0.098,656305,0.24930021463211274,0.2463837750269304,0.25755604373414287,0.2797074954296161,4,0.2582368822057005,0.353612630489586,1.2374851819206878
253,543309,Kyle Higashioka,TEX,C,54,35.0,0.4642671649529764,-0.0064,0.4147763810319765,1.45,0.108886238340358,0.341332613271405,0.4882201487925481,159.0,65.9,0.5229780414478192,-0.1082,drop,28.1,125,100.0,0.2114,0.1784,543309,0.18003389444866477,0.19733085668057568,0.15361777586947192,0.18478260869565216,4,0.17894128392359115,0.32044234218862233,1.1202214432207065
254,693304,Nick Gonzales,PIT,3B,126,78.0,0.4194985256219379,0.0064,0.4133798482957197,1.45,0.108886238340358,0.3399360805351482,0.4868236160562912,372.0,153.8,0.5051139729307533,-0.0917,drop,64.8,125,70.4,0.2139,0.076,693304,0.2271958995644705,0.24181000048910123,0.2269271874453123,0.23721881390593047,4,0.23328797535120363,0.3413430991179133,1.1973188721258212
255,694212,Samuel Basallo,BAL,C,100,54.0,0.3812428243065674,0.01,0.4133521266769294,1.45,0.108886238340358,0.3399083589163578,0.4867958944375009,295.0,121.9,0.5229780414478192,-0.1096,drop,100.0,6,50.0,0.1681,0.0027,694212,0.22138075131451923,0.24244719263653194,0.21173080708200154,0.2408906882591093,4,0.2291123598230405,0.33965621993537387,1.1914817588230888
256,573262,Mike Yastrzemski,ATL,OF,109,51.0,0.4954718765460282,0.0034,0.4124708244101761,1.44,0.108886238340358,0.3390270566496046,0.4859145921707477,322.0,132.8,0.4875489928467939,-0.0751,drop,3.9,31,100.0,0.255,0.2007,573262,0.24636677309935442,0.23809924550203135,0.24194501410449437,0.2584745762711864,4,0.24622140224426664,0.3459710555438123,1.2078389318699134
257,643376,Danny Jansen,TEX,C,81,41.0,0.4794295757995092,-0.001,0.4119155862469654,1.44,0.108886238340358,0.3384718184863938,0.4853593540075369,239.0,98.4,0.5229780414478192,-0.1111,drop,15.2,84,100.0,0.2709,0.2134,643376,0.2207378969146353,0.24060535423021953,0.2012593625378549,0.2391304347826087,4,0.22543326211632964,0.33732265659471106,1.1792334199394776
258,596115,Trevor Story,BOS,SS,139,70.0,0.4813040724965224,0.0004,0.4115114968334483,1.44,0.108886238340358,0.3380677290728768,0.4849552645940199,410.0,168.7,0.5122785872217428,-0.1008,drop,4.4,45,100.0,0.1921,0.2051,596115,0.1776809958685159,0.1845190430701499,0.19263083033093603,0.18382352941176472,4,0.18466359967034163,0.3207723379682056,1.1224769422691645
259,677950,Alek Thomas,AZ,OF,92,43.0,0.3981739767982235,0.001,0.4114942231390115,1.44,0.108886238340358,0.33805045537844,0.484937990899583,272.0,111.9,0.4875489928467939,-0.0761,drop,30.0,109,91.6,0.1535,0.0777,677950,0.17821642635697058,0.1912075328031273,0.17772466906156198,0.19444444444444445,4,0.18539826816652605,0.32105584115001734,1.123516164405164
260,664056,Harrison Bader,SF,OF,52,0.0,0.4888977420960548,0.0049,0.4112913087318677,1.44,0.108886238340358,0.3378475409712962,0.4847350764924393,153.0,62.9,0.4875489928467939,-0.0763,drop,3.7,32,100.0,0.2325,0.3537,664056,0.19364421605979823,0.1956401229309431,0.18907062696145696,0.19908466819221968,4,0.1943599085361045,0.3245187486535624,1.1361946827954497
261,624428,Adam Frazier,LAA,2B,64,43.0,0.4593937016657788,-0.0116,0.4101074392326219,1.44,0.108886238340358,0.3366636714720504,0.4835512069931935,189.0,77.5,0.5152107477469386,-0.1051,drop,21.3,247,87.8,0.2426,0.0978,624428,0.19282219408972634,0.19581520385165785,0.1744089225291188,0.19852941176470587,4,0.1903939330588022,0.322222036763094,1.1314101831634042
262,691785,Marcelo Mayer,BOS,2B,97,51.0,0.3855161934488003,0.0017,0.4093025117469788,1.43,0.108886238340358,0.3358587439864073,0.4827462795075504,286.0,117.1,0.5152107477469386,-0.1059,drop,100.0,14,100.0,0.2008,0.0461,691785,0.1932899234788409,0.23001825023094427,0.1935328272066998,0.19382022471910113,4,0.20266530640889652,0.32664762961174587,1.1412246368855674
263,804606,Konnor Griffin,PIT,SS,115,81.0,0.5059091560109416,0.0095,0.4089426398239476,1.43,0.108886238340358,0.3354988720633761,0.4823864075845192,339.0,138.6,0.5122785872217428,-0.1033,drop,,0,,,,804606,0.1967890711330814,0.2023267046400853,0.18014449664789212,0.19561551433389546,4,0.19371894668873857,0.32285316256986396,1.1289603419043357
264,678391,Jorbit Vivas,WSH,3B,82,50.0,0.3795883607588458,-0.0121,0.4088259192334629,1.43,0.108886238340358,0.3353821514728913,0.4822696869940344,242.0,98.9,0.5051139729307533,-0.0963,drop,,0,,,,678391,0.20700055665820805,0.26262698407637214,0.24069375000000004,0.26591760299625467,4,0.2440597234327087,0.34291944091316123,1.1994709176591825
265,808975,Hyeseong Kim,LAD,SS,68,51.0,0.4154112678116078,-0.0006,0.4073898924528038,1.43,0.108886238340358,0.3339461246922323,0.4808336602133753,201.0,81.9,0.5122785872217428,-0.1049,drop,73.0,27,28.6,0.0685,-0.0755,808975,0.14423032142835382,0.19918406305399963,0.14952017385049585,0.08379888268156424,4,0.14418336025360337,0.30210727957312367,1.0604421410372022
266,656484,Tristan Gray,MIN,3B,62,34.0,0.4542568749241084,-0.0023,0.4066500305727167,1.42,0.108886238340358,0.3332062628121452,0.4800937983332883,183.0,74.4,0.5051139729307533,-0.0985,drop,48.1,13,100.0,0.2214,0.3881,656484,0.10676227635810412,0.12889484978540772,0.08881372592824273,0.1351981351981352,4,0.11491724681747245,0.289956917070619,1.012513934058717
267,666181,Will Benson,CIN,OF,57,25.0,0.4333620957048422,0.0111,0.4054365321584415,1.42,0.108886238340358,0.33199276439787,0.4788802999190131,168.0,68.1,0.4875489928467939,-0.0821,drop,61.3,192,82.4,0.1386,0.0998,666181,0.16158210666729073,0.1574589396647094,0.16386171631836374,0.20092378752886836,4,0.17095663754480805,0.3116445743129881,1.0915032574112085
268,676914,Davis Schneider,TOR,OF,65,38.0,0.4467285960921798,-0.0092,0.4051354612188837,1.42,0.108886238340358,0.3316916934583122,0.4785792289794552,192.0,77.8,0.4875489928467939,-0.0824,drop,38.6,86,83.7,0.2195,0.2171,676914,0.20655225607875596,0.18894907767828348,0.18208472852854873,0.20449438202247192,4,0.19552011107701503,0.32128932116213627,1.1261192359652377
269,687231,Darell Hernaiz,ATH,3B,57,42.0,0.3774967137403989,-0.0026,0.4048565404806861,1.42,0.108886238340358,0.3314127727201145,0.4783003082412576,168.0,68.0,0.5051139729307533,-0.1003,drop,65.3,49,78.9,0.2369,0.0633,687231,0.24788834569333387,0.2799318550118423,0.24763484484401546,0.2685025817555938,4,0.26098940682619637,0.3473096870188902,1.218159289167644
270,670042,Luke Raley,SEA,OF,96,45.0,0.4580677654986597,-0.0076,0.4045293324599134,1.42,0.108886238340358,0.3310855646993418,0.4779731002204849,283.0,114.5,0.4875489928467939,-0.083,drop,37.6,127,95.2,0.1921,0.1445,670042,0.14183177959023374,0.14905932799571203,0.14376641980663452,0.16619718309859155,4,0.15021367762279297,0.3028030705250652,1.0629151600229167
271,664954,Brett Sullivan,COL,C,56,30.0,0.3561428008724258,-0.0007,0.4039935846257482,1.41,0.108886238340358,0.3305498168651767,0.4774373523863198,165.0,66.7,0.5229780414478192,-0.119,drop,100.0,24,100.0,0.1725,0.1091,664954,0.19413806871675046,0.2336921939775685,0.19413509834615114,0.25722543352601157,4,0.2197976986416204,0.3303152302320971,1.1528511648488515
272,701358,Cam Smith,HOU,OF,137,73.0,0.3836193761503507,-0.0097,0.4036244481327195,1.41,0.108886238340358,0.330180680372148,0.477068215893291,404.0,163.1,0.4875489928467939,-0.0839,drop,56.0,56,100.0,0.1681,0.0767,701358,0.1664225980800775,0.1879590331226793,0.16824290474644077,0.18295218295218296,4,0.17639417972534513,0.31273234076976975,1.0924823868458573
273,553993,Eugenio Suárez,CIN,3B,100,36.0,0.5186135515035205,-0.0078,0.4026365085020242,1.41,0.108886238340358,0.3291927407414527,0.4760802762625958,295.0,118.8,0.5051139729307533,-0.1025,drop,15.8,239,97.5,0.2,0.1455,553993,0.2241415623246427,0.22603109308922087,0.21925712610658385,0.23114754098360657,4,0.2251443306260135,0.33163963735161994,1.1613747854249368
274,623168,Tyler Heineman,TOR,C,57,38.0,0.5431605899085872,-0.0216,0.4020975576222277,1.41,0.108886238340358,0.3286537898616561,0.4755413253827992,168.0,67.6,0.5229780414478192,-0.1209,drop,0.0,0,,,,623168,0.17296219354483666,0.17688026945533875,0.1507040833172825,0.20765027322404372,4,0.1770492048853754,0.3120782165274868,1.0943371253131724
275,656555,Rhys Hoskins,CLE,1B,95,50.0,0.4571016950925839,0.0035,0.4015533206895335,1.41,0.108886238340358,0.3281095529289619,0.474997088450105,280.0,112.4,0.5547926149577068,-0.1532,drop,21.9,189,95.1,0.27,0.1445,656555,0.19696816834647496,0.202132450044381,0.20333155389391794,0.21658986175115208,4,0.2047555085089815,0.32283419581731265,1.1335884741801254
276,686894,Joey Wiemer,WSH,OF,68,28.0,0.4010234527295739,-0.0147,0.4012378192560194,1.4,0.108886238340358,0.3277940514954479,0.4746815870165909,201.0,80.6,0.4875489928467939,-0.0863,drop,84.4,114,53.9,0.1337,0.0163,686894,0.10092326779093758,0.11192505022292261,0.10762359526248216,0.10311750599520383,4,0.10589735481788654,0.2831016334807662,0.9877989258539384
277,663368,Blake Perkins,MIL,OF,53,19.0,0.4392054115939873,-0.0007,0.4002627245399867,1.4,0.108886238340358,0.3268189567794152,0.4737064923005583,156.0,62.4,0.4875489928467939,-0.0873,drop,18.1,36,100.0,0.1782,0.1891,663368,0.13245093541601397,0.14567056156260902,0.11397786778856903,0.14244186046511628,4,0.13363530630807707,0.2936117572472228,1.0269666270286104
278,678882,Ceddanne Rafaela,BOS,OF,117,69.0,0.4798423158711707,-0.0106,0.3998931304403436,1.4,0.108886238340358,0.3264493626797721,0.4733368982009152,345.0,138.0,0.4875489928467939,-0.0877,drop,53.7,160,96.2,0.209,0.1021,678882,0.22448419305628334,0.24707522475269855,0.21666343558918574,0.23972602739726026,4,0.23198722019885698,0.33273076634374893,1.1648689047703968
279,677649,Ezequiel Duran,TEX,OF,77,48.0,0.3547754543814083,0.0004,0.3995139066235591,1.4,0.108886238340358,0.3260701388629876,0.4729576743841306,227.0,90.7,0.4875489928467939,-0.088,drop,85.9,275,64.2,0.134,0.0438,677649,0.15158479894078689,0.1800972320026,0.13908736633247434,0.19010416666666666,4,0.16521839098563196,0.3057957003683882,1.0715871798653875
280,660162,Yoán Moncada,LAA,3B,105,52.0,0.4618596000008039,-0.0047,0.3974833567315511,1.39,0.108886238340358,0.3240395889709795,0.4709271244921226,310.0,123.2,0.5051139729307533,-0.1076,drop,14.7,117,100.0,0.2,0.1792,660162,0.19500858140967836,0.17490133733395283,0.19372574925358926,0.19402985074626866,4,0.1894163796858723,0.3142565659132796,1.0989557656233442
281,680728,Adrian Del Castillo,AZ,C,66,49.0,0.4027902897707824,-0.0081,0.3971364836798289,1.39,0.108886238340358,0.3236927159192574,0.4705802514404005,195.0,77.4,0.5229780414478192,-0.1258,drop,66.7,34,68.2,0.1032,0.0416,680728,0.1604520558889323,0.1718471957196842,0.14972781663885237,0.14285714285714285,4,0.15622105277615295,0.3007703113183585,1.0527129838556122
282,686780,Pedro Pagés,STL,C,81,50.0,0.3515994144992347,-0.0028,0.3967309290358363,1.39,0.108886238340358,0.3232871612752648,0.4701746967964079,239.0,94.8,0.5229780414478192,-0.1262,drop,82.2,125,37.7,0.125,-0.0177,686780,0.13387388968879724,0.16512570664869886,0.11523563696919238,0.1279373368146214,4,0.13554314253032745,0.29225581443363274,1.0239574289053088
283,682177,Daniel Schneemann,CLE,OF,93,58.0,0.3610462840332462,0.003,0.3967262483806969,1.39,0.108886238340358,0.3232824806201254,0.4701700161412684,274.0,108.7,0.4875489928467939,-0.0908,drop,84.4,146,59.7,0.145,0.0411,682177,0.14258537431105597,0.14065926631675676,0.15077850677081434,0.16159250585480095,4,0.148903913313357,0.29759731435376097,1.0426843916684359
284,683083,Nasim Nuñez,WSH,2B,116,66.0,0.5294171685505931,0.0036,0.3958042405848642,1.39,0.108886238340358,0.3223604728242926,0.4692480083454357,342.0,135.4,0.5152107477469386,-0.1194,drop,8.6,3,100.0,0.2012,0.0891,683083,0.141255740287601,0.1692515864128406,0.12594434016022527,0.1187214611872146,4,0.13879328201197036,0.29299985715570664,1.0289677564965596
285,682668,Luisangel Acuña,CWS,OF,87,37.0,0.4301989967400758,0.011,0.395675459600537,1.38,0.108886238340358,0.3222316918399655,0.4691192273611086,257.0,101.7,0.4875489928467939,-0.0919,drop,36.5,19,92.3,0.0865,0.0462,682668,0.19069143157333066,0.2297514749574058,0.1791940403598668,0.18181818181818182,4,0.1953637821771963,0.31555078863120073,1.1005486383984628
286,682877,Juan Brito,CLE,2B,56,36.0,0.5059091560109416,-0.0109,0.3922536170048935,1.37,0.108886238340358,0.318809849244322,0.465697384765465,165.0,64.7,0.5152107477469386,-0.123,drop,,0,,,,682877,0.20846052138769616,0.23486724878560922,0.21764981839402825,0.22674418604651161,4,0.22193044365346132,0.32412434766432063,1.1320491056034792
287,680574,Matt McLain,CIN,2B,143,73.0,0.4322042893186381,-0.0065,0.3919468868051395,1.37,0.108886238340358,0.318503119044568,0.4653906545657111,422.0,165.4,0.5152107477469386,-0.1233,drop,36.5,73,82.2,0.16,0.0703,680574,0.17174105777769647,0.1774145527549255,0.178443142388926,0.2120689655172414,4,0.18491692960969736,0.30913490392696263,1.0805413504674517
288,810938,Ben Williamson,TB,2B,97,48.0,0.3589145260908586,0.0046,0.3918906879886751,1.37,0.108886238340358,0.3184469202281036,0.4653344557492467,286.0,112.1,0.5152107477469386,-0.1233,drop,90.9,50,100.0,0.1871,0.0916,810938,0.1730304477520847,0.19717415719642883,0.16945596862912643,0.2247191011235955,4,0.19109491867530887,0.31157238026332856,1.0892174120072367
289,669357,Nolan Gorman,STL,3B,127,74.0,0.3877430272261513,0.0009,0.3914904994922859,1.37,0.108886238340358,0.3180467317317144,0.4649342672528574,375.0,146.8,0.5051139729307533,-0.1136,drop,41.3,160,85.6,0.155,0.1165,669357,0.12662867313941928,0.1499332521800517,0.10906830217096278,0.16344086021505377,4,0.13726777192637188,0.2898014084659203,1.0141444814451597
290,666023,Freddy Fermin,SD,C,65,28.0,0.4188745040529454,0.0021,0.3909367747422618,1.37,0.108886238340358,0.3174930069816903,0.4643805425028334,192.0,75.1,0.5229780414478192,-0.132,drop,20.7,52,98.0,0.2239,0.177,666023,0.19459384913377642,0.22620968460498614,0.1738918065897866,0.1945288753799392,4,0.19730605392712208,0.3134844864162059,1.0985759696650363
291,671976,Tristan Peters,CWS,OF,83,44.0,0.5059091560109416,0.0126,0.3907881704149925,1.37,0.108886238340358,0.317344402654421,0.4642319381755641,245.0,95.7,0.4875489928467939,-0.0968,drop,,0,,,,671976,0.12628198039878336,0.17823026699044334,0.18511598513011163,0.2084130019120459,4,0.17451030860784605,0.3042770256921339,1.0667148003880078
292,694728,Brice Matthews,HOU,OF,78,53.0,0.5059091560109416,-0.0009,0.3907186978459249,1.37,0.108886238340358,0.3172749300853533,0.4641624656064964,230.0,89.9,0.4875489928467939,-0.0968,drop,,0,,,,694728,0.07673205316117984,0.1124410042779331,0.07595387098367946,0.12922465208747516,4,0.09858789512756688,0.27386637675858166,0.9602738190615366
293,695506,Jac Caglianone,KC,OF,110,56.0,0.3317513464721973,0.0053,0.3894472239747031,1.36,0.108886238340358,0.3160034562141316,0.4628909917352747,325.0,126.6,0.4875489928467939,-0.0981,drop,75.8,25,100.0,0.1793,0.0653,695506,0.24541046534439204,0.2872602799280872,0.20786684625979118,0.30337078651685395,4,0.2609770945122811,0.3380591721897343,1.1805462868260241
294,681393,Connor Norby,MIA,1B,118,65.0,0.4223236535040046,-0.0039,0.3877555531078082,1.36,0.108886238340358,0.3143117853472366,0.4611993208683797,348.0,134.9,0.5547926149577068,-0.167,drop,62.7,64,95.3,0.1796,0.0822,681393,0.16985154365494096,0.1715948335327337,0.16230154740328182,0.19423076923076923,4,0.17449467345543143,0.3024512012468575,1.0608065581496975
295,686452,Drew Millas,WSH,C,61,34.0,0.4717144445681906,-0.0074,0.3874950257827421,1.36,0.108886238340358,0.3140512580221705,0.4609387935433136,180.0,69.7,0.5229780414478192,-0.1355,drop,0.0,0,,,,686452,0.22235901413025824,0.24792710007402022,0.2006388825726815,0.22727272727272727,4,0.2245494310124218,0.322316787874614,1.1312424736911242
296,694374,Tim Tawa,AZ,OF,53,19.0,0.3820240235488213,-0.0032,0.3851943435048428,1.35,0.108886238340358,0.3117505757442713,0.4586381112654143,156.0,60.1,0.4875489928467939,-0.1024,drop,60.8,31,64.7,0.0419,0.0315,694374,0.15685706895137633,0.17978910529241807,0.15062419007842126,0.15604395604395604,4,0.16082858009154294,0.2954480381395228,1.0354639371368166
297,650489,Willi Castro,COL,2B,99,45.0,0.4653391814135857,0.0058,0.3843313407208981,1.35,0.108886238340358,0.3108875729603266,0.4577751084814697,292.0,112.2,0.5152107477469386,-0.1309,drop,4.3,28,96.4,0.1935,0.1618,650489,0.22757139764280473,0.22975180468175904,0.231278909445873,0.2484472049689441,4,0.23426232918484524,0.32430373610647695,1.139147390172591
298,669701,Josh Smith,TEX,2B,109,57.0,0.464297984426185,0.0023,0.3824541790217088,1.34,0.108886238340358,0.3090104112611372,0.4558979467822803,322.0,123.2,0.5152107477469386,-0.1328,drop,28.0,115,91.3,0.194,0.0879,669701,0.2408909486797753,0.2543200256101362,0.23080690503811896,0.27087198515769945,4,0.2492224661214325,0.32916149386159826,1.1532790749019515
299,666397,Edouard Julien,COL,2B,101,62.0,0.3380967721518053,-0.0002,0.3804653403024604,1.33,0.108886238340358,0.3070215725418889,0.453909108063032,298.0,113.4,0.5152107477469386,-0.1347,drop,70.0,163,85.3,0.133,0.0689,666397,0.16935667010850244,0.18344439194541332,0.16040127291500925,0.18809980806142035,4,0.17532553575758633,0.29840941848451075,1.0431555375553687
300,641857,Ryan McMahon,NYY,3B,86,48.0,0.3781287726642381,0.0041,0.3784378984030651,1.32,0.108886238340358,0.3049941306424935,0.4518816661636366,254.0,96.1,0.5051139729307533,-0.1267,drop,8.7,88,94.0,0.2143,0.1869,641857,0.1378134632929422,0.12147095109502128,0.13280223510300057,0.11775043936731107,4,0.1274592722145688,0.2780464479276666,0.96983233659546
301,683357,Owen Caissie,MIA,OF,101,55.0,0.5059091560109416,-0.0228,0.3768000820308372,1.32,0.108886238340358,0.3033563142702657,0.4502438497914088,298.0,112.3,0.4875489928467939,-0.1107,drop,,0,,,,683357,0.13714172464385443,0.16590845896441847,0.10305347153201762,0.1682600382409178,4,0.14359092334530207,0.28351641855662313,0.9932101672528689
302,677588,José Tena,WSH,2B,60,37.0,0.3998732313783777,0.0046,0.3762519758182536,1.32,0.108886238340358,0.302808208057682,0.4496957435788251,177.0,66.6,0.5152107477469386,-0.139,drop,36.1,30,93.3,0.1895,0.134,677588,0.1482939674934614,0.1660704783896391,0.13238406704081046,0.168,4,0.15368712823097774,0.28722603678334324,1.007671435424312
303,680779,Henry Davis,PIT,C,84,49.0,0.2542415846804277,0.0023,0.3737555673454104,1.31,0.108886238340358,0.3003117995848389,0.447199335105982,248.0,92.7,0.5229780414478192,-0.1492,drop,78.7,122,63.2,0.0542,0.0445,680779,0.15271416064448248,0.16578060328270733,0.15911865942724615,0.19047619047619047,4,0.1670224034576566,0.2910623017903089,1.0201630387833922
304,688363,Graham Pauley,MIA,3B,75,42.0,0.4232727388463896,0.0006,0.3734383308137353,1.31,0.108886238340358,0.2999945630531637,0.4468820985743068,221.0,82.5,0.5051139729307533,-0.1317,drop,42.2,19,100.0,0.245,0.1939,688363,0.20859088350097582,0.2508549561249696,0.1959301406195266,0.22566371681415928,4,0.22025992426490784,0.3121669681942043,1.0950636145017993
305,691723,Coby Mayo,BAL,3B,94,50.0,0.3899292402408313,0.0015,0.3726173994341323,1.3,0.108886238340358,0.2991736316735608,0.4460611671947039,277.0,103.2,0.5051139729307533,-0.1325,drop,40.8,31,100.0,0.1701,0.1963,691723,0.18054156391091544,0.2032480332334994,0.16474964904958833,0.2053742802303263,4,0.18847838160608238,0.2989617923029123,1.043027863390174
306,683146,Brett Baty,NYM,OF,108,54.0,0.4058850228454496,0.0127,0.3698467643003518,1.29,0.108886238340358,0.2964029965397802,0.4432905320609233,319.0,118.0,0.4875489928467939,-0.1177,drop,28.4,75,93.3,0.1188,0.1032,683146,0.2091346234938407,0.224376369329263,0.18309811231035622,0.24312896405919662,4,0.21493451729816412,0.3078818654994767,1.0738707076311906
307,691720,Kyle Karros,COL,3B,115,64.0,0.322634521634886,0.0088,0.369475751736887,1.29,0.108886238340358,0.2960319839763155,0.4429195194974586,339.0,125.3,0.5051139729307533,-0.1356,drop,100.0,10,100.0,0.1622,0.1133,691720,0.19882069173612946,0.22379595851949016,0.20535919737487274,0.20366598778004075,4,0.2079104588526333,0.3048496345831855,1.0643622125772323
308,543510,James McCann,AZ,C,52,30.0,0.4430499524618601,-0.01,0.3681900691152411,1.29,0.108886238340358,0.2947463013546695,0.4416338368758126,153.0,56.3,0.5229780414478192,-0.1548,drop,2.7,25,100.0,0.1592,0.2617,543510,0.15412514573638686,0.17015915558202635,0.13566860305970377,0.13671875,4,0.14916791359452924,0.2805812069069563,0.9830513837044468
309,672275,Patrick Bailey,SF,C,83,42.0,0.3427731059447306,-0.0051,0.3672766827211665,1.29,0.108886238340358,0.2938329149605949,0.440720450481738,245.0,90.0,0.5229780414478192,-0.1557,drop,28.3,90,96.7,0.0893,0.1312,672275,0.11818990083209847,0.13778065512132567,0.10723615385589623,0.14153132250580047,4,0.12618450807878023,0.270839812864212,0.9512810778137052
310,681351,Logan O'Hoppe,LAA,C,93,40.0,0.3625788738274889,-0.0035,0.3655765696734291,1.28,0.108886238340358,0.2921328019128575,0.4390203374340006,274.0,100.2,0.5229780414478192,-0.1574,drop,39.2,112,80.9,0.1102,0.1044,681351,0.16477398890469724,0.16874243351339716,0.1697311716242597,0.18568232662192394,4,0.17223248016606954,0.28823893387048527,1.0092163064055275
311,670242,Matt Wallner,MIN,OF,117,53.0,0.5038202896834898,0.001,0.3614724523047522,1.27,0.108886238340358,0.2880286845441807,0.4349162200653237,345.0,124.7,0.4875489928467939,-0.1261,drop,0.0,0,,,,670242,0.22035113253132288,0.2072158658258,0.1824266609558423,0.24015748031496062,4,0.21253778490698144,0.3018985853456439,1.060692733137294
312,700932,Kyle Manzardo,CLE,1B,107,58.0,0.4573342405969576,-0.0092,0.3573225845321833,1.25,0.108886238340358,0.2838788167716117,0.4307663522927548,316.0,112.9,0.5547926149577068,-0.1975,drop,0.0,0,,,,700932,0.27021680154584926,0.275137647410493,0.25579471579712637,0.26810176125244617,4,0.26731273150147866,0.32131864331990145,1.1240495886251523
313,691777,Max Muncy,ATH,3B,105,44.0,0.3239860240016833,-0.0108,0.3562541887154827,1.25,0.108886238340358,0.2828104209549112,0.4296979564760543,310.0,110.4,0.5051139729307533,-0.1489,drop,31.4,11,100.0,0.1455,0.0621,691777,0.14390862183931166,0.16744141145139818,0.12018313205829749,0.1722488038277512,4,0.15094549229418963,0.2741307101469655,0.9618508316189092
314,686668,Brenton Doyle,COL,OF,98,47.0,0.4312633557546911,0.0034,0.3546936559255943,1.24,0.108886238340358,0.2812498881650228,0.4281374236861658,289.0,102.5,0.4875489928467939,-0.1329,drop,14.9,56,82.1,0.1067,0.1863,686668,0.17939994620907568,0.18043864126178574,0.2039384040482124,0.18129770992366412,4,0.18626867536068448,0.28732366369963036,1.0044762206355344
315,687597,Jordan Beck,COL,OF,71,38.0,0.3535639863958228,-0.004,0.3543950222264361,1.24,0.108886238340358,0.2809512544658645,0.4278387899870076,210.0,74.4,0.4875489928467939,-0.1332,drop,31.6,56,79.6,0.1569,0.167,687597,0.16362600014423156,0.18641795740451128,0.1809776681453484,0.18230088495575222,4,0.17833062766246088,0.283969264400846,0.9935858738785145
316,678662,Ezequiel Tovar,COL,SS,134,68.0,0.4190014483208881,-0.0175,0.3536484410248991,1.24,0.108886238340358,0.2802046732643276,0.4270922087854706,395.0,139.7,0.5122785872217428,-0.1586,drop,1.8,7,100.0,0.0828,0.0525,678662,0.2081495044757033,0.2341163164414844,0.20647236253196932,0.22043010752688172,4,0.2172920727440097,0.29910589371254337,1.0487570852247605
317,670764,Taylor Walls,TB,SS,82,60.0,0.4045678958696254,-0.0135,0.3531864326195474,1.24,0.108886238340358,0.2797426648589759,0.426630200380119,242.0,85.5,0.5122785872217428,-0.1591,drop,32.0,132,93.2,0.1092,0.1122,670764,0.14601794442663074,0.150196104000321,0.1594637787701284,0.15988372093023256,4,0.15389038703182817,0.2734680143844597,0.9601171124316915
318,669003,Garrett Mitchell,MIL,OF,115,70.0,0.4231608140445805,-0.014,0.3510368670782284,1.23,0.108886238340358,0.2775930993176569,0.4244806348388,339.0,119.0,0.4875489928467939,-0.1365,drop,15.7,16,93.8,0.187,0.087,669003,0.12970345963756175,0.16549897617213483,0.09558501102951437,0.11467889908256881,4,0.12636658648044494,0.261168754839115,0.9151106296209162
319,672724,Oswald Peraza,LAA,2B,102,56.0,0.2428280967168911,0.0076,0.3488944148250912,1.22,0.108886238340358,0.2754506470645197,0.4223381825856628,301.0,105.0,0.5152107477469386,-0.1663,drop,100.0,132,50.0,0.0848,-0.0079,672724,0.12702949828019938,0.1545215840554903,0.13409697293434442,0.1396508728179551,4,0.1388247320219973,0.26486654170385365,0.9261747025692503
320,700337,Edgar Quero,CWS,C,88,46.0,0.4113687725517779,-0.0045,0.3484652642237457,1.22,0.108886238340358,0.2750214964631742,0.4219090319843173,260.0,90.6,0.5229780414478192,-0.1745,drop,0.0,0,,,,700337,0.24306848892842883,0.265544898474295,0.24780929297457852,0.21861471861471862,4,0.24375934974800526,0.30658289843344955,1.0733670597613632
321,677942,Blaze Alexander,BAL,3B,81,46.0,0.3798157846705675,-0.0158,0.3421303890120322,1.2,0.108886238340358,0.2686866212514606,0.4155741567726037,239.0,81.8,0.5051139729307533,-0.163,drop,0.0,0,,,,677942,0.11315142408761561,0.12117402695494131,0.08714244215165784,0.13537117903930132,4,0.11420976805837901,0.25096214063057093,0.8802333216477124
322,663604,Brandon Lockridge,MIL,OF,94,50.0,0.3789168417044556,0.0009,0.3414602372122637,1.2,0.108886238340358,0.2680164694516921,0.4149040049728352,277.0,94.6,0.4875489928467939,-0.1461,drop,93.5,29,88.9,0.1299,0.1025,663604,0.11713709523263371,0.12618012212433258,0.09662343540925958,0.14206128133704735,4,0.1205004835258183,0.2530763357376855,0.8893908273613633
323,660844,Leo Rivas,SEA,3B,99,52.0,0.4715030311211904,-0.0004,0.3407245716861354,1.19,0.108886238340358,0.2672808039255639,0.414168339446707,292.0,99.5,0.5051139729307533,-0.1644,drop,0.0,0,,,,660844,0.14517772084760158,0.15173356579625152,0.14076953577589535,0.16995073891625614,4,0.15190789033400115,0.2651978991452817,0.9262187884517835
324,678489,Jorge Barrosa,AZ,OF,76,39.0,0.2755244977815184,0.0092,0.3378520298618015,1.18,0.108886238340358,0.26440826210123,0.411295797622373,224.0,75.7,0.4875489928467939,-0.1497,drop,100.0,14,100.0,0.1112,0.1422,678489,0.14078884982981402,0.17026454108196556,0.14219574176371652,0.16470588235294117,4,0.15448875375710933,0.26450671941992465,0.9238302609671548
325,694388,Joey Loperfido,HOU,OF,66,16.0,0.3485191352953554,0.0046,0.3377527216243091,1.18,0.108886238340358,0.2643089538637375,0.4111964893848806,195.0,65.9,0.4875489928467939,-0.1498,drop,62.1,59,89.3,0.1625,0.1227,694388,0.1321114333068863,0.13894404384867995,0.10837683917473968,0.1683991683991684,4,0.13695787118236857,0.25743478144753285,0.8993948017567218
326,691781,Brady House,WSH,3B,128,67.0,0.3001158160523492,-0.0031,0.336815429553182,1.18,0.108886238340358,0.2633716617926104,0.4102591973137535,378.0,127.3,0.5051139729307533,-0.1683,drop,90.7,39,64.1,0.0714,0.0728,691781,0.1196697914378499,0.15267311354425583,0.10624235875697835,0.14963503649635038,4,0.1320550750588586,0.25491128775545263,0.8930568292268201
327,677592,Everson Pereira,CWS,OF,71,54.0,0.2118785254029614,-0.005,0.3321782909995487,1.16,0.108886238340358,0.2587345232389772,0.4056220587601203,210.0,69.8,0.4875489928467939,-0.1554,drop,100.0,31,100.0,0.0889,0.1924,677592,0.1279910583471705,0.11890301304997315,0.10649391310524865,0.13411764705882354,4,0.12187640789030396,0.2480575377558508,0.866241869482006
328,690976,Alex Freeland,LAD,2B,93,48.0,0.2936961039448004,-0.0005,0.3306265908280946,1.16,0.108886238340358,0.2571828230675231,0.4040703585886662,274.0,90.6,0.5152107477469386,-0.1846,drop,100.0,2,,,,690976,0.1464697170572183,0.17495213073874516,0.13912581135202318,0.17845117845117844,4,0.15974970939979127,0.26227583825677325,0.9201920862319357
329,687363,Victor Scott II,STL,OF,99,51.0,0.37119523134826,-0.0075,0.3264930683282759,1.14,0.108886238340358,0.2530493005677044,0.3999368360888475,292.0,95.3,0.4875489928467939,-0.1611,drop,3.3,5,100.0,0.16,0.189,687363,0.15020941964224066,0.16884628217349856,0.14187015784894563,0.16634429400386846,4,0.15681753841713833,0.2586228563638209,0.9030208750352879
330,681297,Colton Cowser,BAL,OF,70,35.0,0.408695478742402,-0.0027,0.3011859837964585,1.05,0.108886238340358,0.227742216035887,0.3746297515570301,207.0,62.3,0.4875489928467939,-0.1864,drop,3.0,7,100.0,0.0039,0.0338,681297,0.1623491121951219,0.16283893320680487,0.162907367804878,0.1600831600831601,4,0.16204464332249124,0.2455294476068716,0.8559691813595165
331,695336,Thomas Saggese,STL,OF,57,16.0,0.2964321992576677,-0.0058,0.2995229825377197,1.05,0.108886238340358,0.2260792147771481,0.3729667502982912,168.0,50.3,0.4875489928467939,-0.188,drop,1.2,1,100.0,0.0896,0.1636,695336,0.14652067204602015,0.17468700204871385,0.13735973924201067,0.14652014652014653,4,0.1512718899642228,0.24022254550832095,0.8421179257988077
332,672016,Denzel Clarke,ATH,OF,60,18.0,0.2775696796001892,-0.0012,0.2824440395252123,0.99,0.108886238340358,0.2090002717646408,0.3558878072857839,177.0,50.0,0.4875489928467939,-0.2051,drop,3.8,1,100.0,0.0408,0.2214,672016,0.08585734295027031,0.08957859665680012,0.0573398086212087,0.09574468085106383,4,0.08213010726983574,0.2023184666230617,0.7091503233473325
