mlbam,role,n_pitches_avail,velo_window,velo_window_n,fb_velo_window,fb_velo_window_n,velo_window_full,whiff_window,whiff_window_swings_n,whiff_window_swings_avail,whiff_window_full,swstr_window,swstr_window_n,swstr_window_full,window_crosses_prior_season,days_since_last_pitch,k,name,pos,tm,own,inj,owner,is_mine,asof_date,window_full
594027,RP,475,99.3,150,100.5,125,True,20.0,150,272,True,13.0,200,True,False,5,guerrerotyron,Tyron Guerrero,RP,Bos,1.25,ACTIVE,FA,False,2026-08-17,True
666711,RP,490,98.1,150,99.6,114,True,19.3,150,243,True,10.5,200,True,True,78,joelpeguero,Joel Peguero,RP,SF,0.03,SIXTY_DAY_DL,FA,False,2026-08-17,True
690829,RP,142,97.8,150,98.7,131,False,29.2,150,72,False,14.8,200,False,True,2,benjoyce,Ben Joyce,RP,LAA,,ACTIVE,2015 Draft First Round,False,2026-08-17,False
670970,RP,2058,96.9,150,99.7,96,True,27.3,150,1019,True,15.0,200,True,False,1,adrianmorejon,Adrian Morejon,RP,SD,17.19,ACTIVE,FA,False,2026-08-17,True
682254,RP,1708,96.9,150,99.3,109,True,32.7,150,853,True,14.5,200,True,False,1,masonmontgomery,Mason Montgomery,RP,Pit,3.56,ACTIVE,FA,False,2026-08-17,True
661395,RP,1802,96.8,150,100.1,44,True,27.3,150,941,True,13.0,200,True,False,0,duranjhoan,Jhoan Duran,RP,Phi,,ACTIVE,New York Ligers,True,2026-08-17,True
663855,RP,1873,96.6,150,99.9,109,True,30.7,150,813,True,12.0,200,True,False,0,hicksjordan,Jordan Hicks,RP,ChW,0.37,ACTIVE,FA,False,2026-08-17,True
666661,RP,1404,96.2,150,98.7,95,True,26.0,150,684,True,14.5,200,True,False,3,juanmorillo,Juan Morillo,RP,Ari,2.48,ACTIVE,FA,False,2026-08-17,True
674444,RP,1384,96.2,150,97.0,133,True,18.7,150,703,True,8.5,200,True,False,0,cruzsteven,Steven Cruz,RP,KC,1.41,ACTIVE,FA,False,2026-08-17,True
694037,RP,1138,96.2,150,99.6,93,True,27.3,150,581,True,12.5,200,True,False,63,danielpalencia,Daniel Palencia,RP,ChC,31.05,SIXTY_DAY_DL,FA,False,2026-08-17,True
656629,RP,231,96.1,150,96.2,148,True,25.5,150,94,False,10.0,200,True,False,333,kopechmichael,Michael Kopech,RP,FA,0.04,OUT,FA,False,2026-08-17,False
665660,RP,1443,96.1,150,98.6,113,True,30.7,150,705,True,14.5,200,True,False,1,alvaradoelvis,Elvis Alvarado,RP,Oak,0.32,ACTIVE,FA,False,2026-08-17,True
702193,RP,1028,96.1,150,96.7,125,True,16.0,150,478,True,5.5,200,True,False,1,andrewmorris,Andrew Morris,SP,Min,1.3,ACTIVE,FA,False,2026-08-17,True
695243,RP,1819,95.9,150,102.1,81,True,40.0,150,877,True,19.5,200,True,False,5,masonmiller,Mason Miller,RP,SD,,ACTIVE,U Just Lost To Edwin Diaz,False,2026-08-17,True
671922,RP,2163,95.7,150,98.9,105,True,27.3,150,1092,True,14.5,200,True,False,1,cadesmith,Cade Smith,RP,Cle,,ACTIVE,Late Night Bettsing,False,2026-08-17,True
699134,RP,1031,95.5,150,98.4,87,True,23.3,150,511,True,12.0,200,True,False,3,bradgleyrodriguez,Bradgley Rodriguez,RP,SD,1.12,ACTIVE,FA,False,2026-08-17,True
642528,RP,1219,95.4,150,97.6,98,True,22.7,150,634,True,10.5,200,True,False,2,jonathanloaisiga,Jonathan Loaisiga,RP,Ari,0.15,ACTIVE,FA,False,2026-08-17,True
663158,RP,1553,95.4,150,98.0,97,True,23.3,150,834,True,11.5,200,True,False,59,robertsuarez,Robert Suarez,RP,Atl,,FIFTEEN_DAY_DL,Boone's Bad Bullpen,False,2026-08-17,True
683618,RP,1075,95.4,150,99.1,109,True,30.7,150,527,True,14.5,200,True,False,1,edgardohenriquez,Edgardo Henriquez,RP,LAD,0.3,ACTIVE,FA,False,2026-08-17,True
656848,RP,1200,95.3,150,98.7,90,True,22.7,150,608,True,13.5,200,True,False,1,michaelpetersen,Michael Petersen,RP,Mia,2.0,ACTIVE,FA,False,2026-08-17,True
695380,RP,538,95.3,150,98.7,95,True,26.0,150,249,True,12.5,200,True,False,1,alexhoppe,Alex Hoppe,RP,Bal,0.03,ACTIVE,FA,False,2026-08-17,True
622608,RP,3187,94.9,150,95.7,138,True,15.3,150,1509,True,8.5,200,True,False,2,antoniosenzatela,Antonio Senzatela,SP,Mil,2.7,ACTIVE,FA,False,2026-08-17,True
656730,RP,1457,94.9,150,98.3,96,True,26.0,150,725,True,14.5,200,True,False,4,megilltrevor,Trevor Megill,RP,Mil,,ACTIVE,2015 Draft First Round,False,2026-08-17,True
547973,RP,1584,94.7,150,97.3,104,True,22.7,150,877,True,11.0,200,True,False,2,aroldischapman,Aroldis Chapman,RP,Bos,,ACTIVE,Late Night Bettsing,False,2026-08-17,True
642376,RP,91,94.7,150,97.9,65,False,29.7,150,37,False,12.1,200,False,False,2,jefryyan,Jefry Yan,RP,NYM,0.21,ACTIVE,FA,False,2026-08-17,False
623211,RP,1939,94.6,150,96.0,109,True,21.3,150,945,True,12.0,200,True,False,1,brazobanhuascar,Huascar Brazoban,RP,ChW,0.63,ACTIVE,FA,False,2026-08-17,True
621237,RP,1342,94.5,150,95.1,141,True,25.3,150,623,True,10.5,200,True,False,5,alvaradojose,Jose Alvarado,RP,Phi,0.55,ACTIVE,FA,False,2026-08-17,True
682982,RP,120,94.5,150,98.9,78,False,41.5,150,53,False,18.3,200,False,False,20,danielespino,Daniel Espino,SP,Cle,0.08,ACTIVE,FA,False,2026-08-17,False
687209,RP,415,94.5,150,96.9,114,True,18.0,150,180,True,6.0,200,True,True,59,maxwellzach,Zach Maxwell,RP,Cin,0.02,ACTIVE,FA,False,2026-08-17,True
662253,RP,1814,94.4,150,100.6,70,True,36.0,150,852,True,18.5,200,True,False,1,andresmunoz,Andres Munoz,RP,Sea,,ACTIVE,Boone's Bad Bullpen,False,2026-08-17,True
672442,RP,147,94.2,150,100.0,51,False,26.2,150,65,False,11.6,200,False,False,2,cruzyovanny,Yovanny Cruz,RP,Wsh,0.06,ACTIVE,FA,False,2026-08-17,False
592773,RP,1931,94.0,150,97.6,88,True,18.7,150,977,True,10.0,200,True,False,0,rynestanek,Ryne Stanek,RP,StL,1.54,ACTIVE,FA,False,2026-08-17,True
621242,RP,1386,94.0,150,96.8,87,True,21.3,150,647,True,9.0,200,True,True,0,diazedwin,Edwin Diaz,RP,LAD,,FIFTEEN_DAY_DL,Treasure Island Mashers,False,2026-08-17,True
668933,RP,1490,94.0,150,97.9,77,True,25.3,150,724,True,14.0,200,True,False,84,ashcraftgraham,Graham Ashcraft,RP,Cin,0.69,SIXTY_DAY_DL,FA,False,2026-08-17,True
686973,RP,2082,94.0,150,99.1,58,True,27.3,150,1087,True,15.0,200,True,False,2,louisvarland,Louis Varland,RP,Tor,,ACTIVE,Team Solomon,False,2026-08-17,True
688297,RP,806,93.9,150,94.0,148,True,16.0,150,383,True,8.0,200,True,False,3,chrisroycroft,Chris Roycroft,RP,TB,0.01,ACTIVE,FA,False,2026-08-17,True
696519,RP,462,93.8,150,95.2,126,True,36.0,150,220,True,17.5,200,True,False,6,jrnaterasamy,Samy Natera Jr.,RP,LAA,1.41,ACTIVE,FA,False,2026-08-17,True
622554,RP,1936,93.7,150,97.2,103,True,30.0,150,863,True,12.0,200,True,False,1,dominguezseranthony,Seranthony Dominguez,RP,Sea,9.85,ACTIVE,FA,False,2026-08-17,True
666808,RP,1937,93.7,150,98.0,76,True,24.0,150,904,True,10.0,200,True,False,0,camilodoval,Camilo Doval,RP,Pit,2.55,ACTIVE,FA,False,2026-08-17,True
678868,RP,140,93.7,150,96.6,84,False,12.1,150,66,False,5.7,200,False,False,14,eddyyean,Eddy Yean,RP,Wsh,0.01,ACTIVE,FA,False,2026-08-17,False
683175,RP,924,93.7,150,99.0,84,True,20.0,150,375,True,8.0,200,True,False,86,connorphillips,Connor Phillips,RP,Cin,0.07,ACTIVE,FA,False,2026-08-17,True
696070,RP,521,93.7,150,95.9,96,True,24.7,150,228,True,10.5,200,True,False,15,kendryrojas,Kendry Rojas,SP,Min,0.1,ACTIVE,FA,False,2026-08-17,True
647315,RP,257,93.6,150,95.9,112,True,15.5,150,110,False,6.0,200,True,True,127,popzach,Zach Pop,RP,Phi,0.02,ACTIVE,FA,False,2026-08-17,False
663878,RP,755,93.6,150,97.4,93,True,17.3,150,342,True,8.5,200,True,False,0,natepearson,Nate Pearson,RP,KC,0.14,ACTIVE,FA,False,2026-08-17,True
672582,RP,1316,93.6,150,95.5,113,True,12.7,150,566,True,6.0,200,True,True,114,angelzerpa,Angel Zerpa,RP,Mil,0.06,SIXTY_DAY_DL,FA,False,2026-08-17,True
672782,RP,2033,93.6,150,96.5,99,True,22.0,150,949,True,10.0,200,True,False,0,gomezyoendrys,Yoendrys Gomez,RP,Min,,ACTIVE,U Just Lost To Edwin Diaz,False,2026-08-17,True
682842,RP,1941,93.6,150,98.9,76,True,26.7,150,860,True,10.0,200,True,False,8,abneruribe,Abner Uribe,RP,Mil,,FIFTEEN_DAY_DL,Boone's Bad Bullpen,False,2026-08-17,True
693313,RP,850,93.6,150,96.0,102,True,17.3,150,377,True,9.5,200,True,True,2,carsonseymour,Carson Seymour,RP,SF,0.02,ACTIVE,FA,False,2026-08-17,True
696062,RP,491,93.6,150,96.2,98,True,23.3,150,227,True,10.0,200,True,False,2,dotelwilber,Wilber Dotel,SP,Pit,0.04,ACTIVE,FA,False,2026-08-17,True
669270,RP,565,93.5,150,94.1,136,True,21.3,150,265,True,9.0,200,True,False,46,joelkuhnel,Joel Kuhnel,RP,Mil,0.62,FIFTEEN_DAY_DL,FA,False,2026-08-17,True
686580,RP,1012,93.5,150,95.8,115,True,23.3,150,527,True,12.5,200,True,False,5,justinslaten,Justin Slaten,RP,Bos,0.63,FIFTEEN_DAY_DL,FA,False,2026-08-17,True
699823,RP,403,93.5,150,96.5,99,True,22.7,150,197,True,11.5,200,True,False,38,davistyler,Tyler Davis,RP,ChW,0.01,ACTIVE,FA,False,2026-08-17,True
801403,RP,2521,93.5,150,97.9,100,True,20.0,150,1192,True,7.5,200,True,False,95,chasedollander,Chase Dollander,SP,Col,2.43,SIXTY_DAY_DL,FA,False,2026-08-17,True
642546,RP,418,93.4,150,97.3,77,True,17.3,150,181,True,8.0,200,True,False,2,hernandezjonathan,Jonathan Hernandez,RP,LAD,0.01,ACTIVE,FA,False,2026-08-17,True
694477,RP,3443,93.4,150,93.7,141,True,26.0,150,1705,True,9.5,200,True,False,1,chadpatrick,Chad Patrick,SP,Mil,4.57,ACTIVE,FA,False,2026-08-17,True
800311,RP,1202,93.4,150,97.1,103,True,34.7,150,610,True,21.5,200,True,False,1,didierfuentes,Didier Fuentes,SP,Atl,3.59,ACTIVE,FA,False,2026-08-17,True
805299,RP,762,93.4,150,96.2,98,True,28.0,150,341,True,13.0,200,True,False,1,brandyngarcia,Brandyn Garcia,RP,Ari,3.86,ACTIVE,FA,False,2026-08-17,True
684665,RP,142,93.3,150,94.2,122,False,16.1,150,56,False,6.3,200,False,False,1,lukemurphy,Luke Murphy,RP,LAA,0.01,ACTIVE,FA,False,2026-08-17,False
689225,RP,558,93.3,150,95.6,94,True,20.0,150,259,True,11.5,200,True,True,36,beaubrieske,Beau Brieske,RP,Det,0.02,ACTIVE,FA,False,2026-08-17,True
593974,RP,2149,93.2,150,96.0,87,True,19.3,150,1060,True,11.0,200,True,False,2,peraltawandy,Wandy Peralta,RP,SD,0.1,ACTIVE,FA,False,2026-08-17,True
668674,RP,1808,93.2,150,96.7,92,True,17.3,150,858,True,8.5,200,True,False,0,erceglucas,Lucas Erceg,RP,KC,7.61,ACTIVE,FA,False,2026-08-17,True
669724,RP,1280,93.2,150,95.3,103,True,11.3,150,574,True,5.5,200,True,True,11,brenanhanifee,Brenan Hanifee,RP,Det,0.04,ACTIVE,FA,False,2026-08-17,True
682825,RP,751,93.2,150,98.2,93,True,32.7,150,299,True,13.0,200,True,True,0,luismey,Luis Mey,RP,Cin,0.11,ACTIVE,FA,False,2026-08-17,True
686751,RP,641,93.2,150,97.8,83,True,28.0,150,305,True,12.5,200,True,False,0,johnsonseth,Seth Johnson,RP,Oak,0.01,ACTIVE,FA,False,2026-08-17,True
669165,RP,630,93.1,150,96.6,82,True,28.7,150,325,True,15.5,200,True,False,1,hurtkyle,Kyle Hurt,RP,LAD,0.1,ACTIVE,FA,False,2026-08-17,True
677955,RP,978,93.1,150,97.3,83,True,29.3,150,475,True,14.5,200,True,False,58,hilljaden,Jaden Hill,RP,Col,0.08,FIFTEEN_DAY_DL,FA,False,2026-08-17,True
680742,RP,1470,93.1,150,96.8,88,True,30.0,150,721,True,15.0,200,True,False,0,bowlanjonathan,Jonathan Bowlan,RP,Phi,0.5,ACTIVE,FA,False,2026-08-17,True
676684,RP,1625,93.0,150,96.3,85,True,19.3,150,777,True,9.5,200,True,False,51,vestwill,Will Vest,RP,Det,3.46,SIXTY_DAY_DL,FA,False,2026-08-17,True
694360,RP,389,93.0,150,93.9,121,True,23.3,150,174,True,10.5,200,True,False,24,beckway,Beck Way,RP,KC,0.01,FIFTEEN_DAY_DL,FA,False,2026-08-17,True
660787,RP,790,92.9,150,95.1,104,True,18.7,150,370,True,8.5,200,True,True,2,delossantosyerry,Yerry De los Santos,RP,NYY,0.03,ACTIVE,FA,False,2026-08-17,True
668873,RP,794,92.9,150,96.7,102,True,27.3,150,383,True,12.5,200,True,False,8,calebkilian,Caleb Kilian,RP,Phi,0.64,FIFTEEN_DAY_DL,FA,False,2026-08-17,True
445276,RP,1441,92.8,150,93.0,141,True,22.7,150,756,True,13.5,200,True,False,0,jansenkenley,Kenley Jansen,RP,Det,39.45,ACTIVE,FA,False,2026-08-17,True
650556,RP,2019,92.8,150,95.8,100,True,26.7,150,889,True,13.0,200,True,False,1,abreubryan,Bryan Abreu,RP,Hou,31.88,ACTIVE,FA,False,2026-08-17,True
666974,RP,1649,92.8,150,94.7,90,True,24.7,150,744,True,9.5,200,True,False,0,canoyennier,Yennier Cano,RP,Bal,0.96,ACTIVE,FA,False,2026-08-17,True
687941,RP,249,92.8,150,95.7,95,True,14.8,150,142,False,7.5,200,True,False,0,alecgamboa,Alec Gamboa,RP,Bos,0.09,ACTIVE,FA,False,2026-08-17,False
673929,RP,1451,92.7,150,95.9,91,True,25.3,150,714,True,12.0,200,True,False,81,jordanleasure,Jordan Leasure,RP,ChW,0.26,SIXTY_DAY_DL,FA,False,2026-08-17,True
694361,RP,1072,92.7,150,96.7,82,True,22.7,150,462,True,9.0,200,True,False,17,kleinwill,Will Klein,RP,LAD,0.32,FIFTEEN_DAY_DL,FA,False,2026-08-17,True
820862,RP,1392,92.7,150,96.3,48,True,29.3,150,653,True,15.5,200,True,False,4,ferminjose,Jose Fermin,RP,LAA,0.06,ACTIVE,FA,False,2026-08-17,True
641745,RP,1647,92.6,150,96.9,75,True,19.3,150,742,True,6.5,200,True,False,40,bradkeller,Brad Keller,RP,Phi,1.61,SIXTY_DAY_DL,FA,False,2026-08-17,True
675848,RP,2075,92.6,150,96.2,106,True,16.7,150,983,True,7.0,200,True,False,0,juanmejia,Juan Mejia,RP,Col,0.1,ACTIVE,FA,False,2026-08-17,True
676879,RP,2271,92.6,150,98.1,75,True,30.7,150,941,True,15.0,200,True,False,1,aaronashby,Aaron Ashby,RP,Mil,15.14,ACTIVE,FA,False,2026-08-17,True
682989,RP,653,92.6,150,93.7,120,True,28.7,150,303,True,15.0,200,True,False,0,mederosvictor,Victor Mederos,SP,Atl,0.03,ACTIVE,FA,False,2026-08-17,True
687239,RP,241,92.6,150,96.2,85,True,21.1,150,128,False,11.5,200,True,False,4,benpeoples,Ben Peoples,RP,Tex,0.01,ACTIVE,FA,False,2026-08-17,False
691799,RP,1641,92.6,150,97.8,90,True,21.3,150,775,True,7.0,200,True,False,2,granttaylor,Grant Taylor,RP,ChW,,ACTIVE,Frendy's Fantastic Team,False,2026-08-17,True
694795,RP,187,92.6,150,97.5,87,True,16.4,150,73,False,6.4,200,False,False,1,eknessjosh,Josh Ekness,RP,Mia,0.02,ACTIVE,FA,False,2026-08-17,False
696147,RP,1100,92.6,150,98.5,63,True,28.7,150,488,True,13.0,200,True,False,15,bachmansam,Sam Bachman,RP,LAA,0.21,FIFTEEN_DAY_DL,FA,False,2026-08-17,True
805427,RP,495,92.6,150,95.1,112,True,32.0,150,234,True,18.5,200,True,False,0,drewsommers,Drew Sommers,RP,Det,0.04,ACTIVE,FA,False,2026-08-17,True
641835,RP,1205,92.5,150,94.3,107,True,23.3,150,541,True,10.5,200,True,False,1,mayzatim,Tim Mayza,RP,Phi,0.12,ACTIVE,FA,False,2026-08-17,True
680767,RP,1681,92.5,150,97.9,59,True,18.7,150,756,True,8.5,200,True,False,0,victorvodnik,Victor Vodnik,RP,Mia,0.37,ACTIVE,FA,False,2026-08-17,True
680916,RP,334,92.5,150,95.6,102,True,24.7,150,150,True,11.5,200,True,False,3,alemanfranco,Franco Aleman,RP,Cle,0.03,ACTIVE,FA,False,2026-08-17,True
656464,RP,1302,92.4,150,96.0,94,True,22.7,150,636,True,12.0,200,True,False,2,ginkelkevin,Kevin Ginkel,RP,Ari,1.21,ACTIVE,FA,False,2026-08-17,True
669062,RP,1224,92.4,150,97.1,86,True,36.7,150,512,True,16.0,200,True,False,2,erikmiller,Erik Miller,RP,Bos,0.99,ACTIVE,FA,False,2026-08-17,True
671345,RP,155,92.4,150,96.0,85,True,15.9,150,63,False,6.5,200,False,False,1,foleyjason,Jason Foley,RP,SF,0.03,ACTIVE,FA,False,2026-08-17,False
671382,RP,189,92.4,150,94.3,124,True,25.6,150,86,False,11.6,200,False,False,91,cameronfoster,Cameron Foster,RP,Bal,0.01,DAY_TO_DAY,FA,False,2026-08-17,False
686560,RP,450,92.4,150,94.7,113,True,24.7,150,166,True,11.0,200,True,False,31,collyergavin,Gavin Collyer,RP,Tex,0.01,ACTIVE,FA,False,2026-08-17,True
596133,RP,1745,92.3,150,94.1,103,True,33.3,150,917,True,18.0,200,True,False,2,lukeweaver,Luke Weaver,RP,Pit,,ACTIVE,New York Ligers,True,2026-08-17,True
666171,RP,2131,92.3,150,97.2,87,True,34.0,150,897,True,11.5,200,True,False,0,ryanzeferjahn,Ryan Zeferjahn,RP,ChC,1.87,ACTIVE,FA,False,2026-08-17,True
684049,RP,325,92.3,150,96.7,80,True,33.3,150,159,True,15.0,200,True,False,48,bidoisbrandan,Brandan Bidois,RP,Mia,0.01,ACTIVE,FA,False,2026-08-17,True
693312,RP,850,92.3,150,96.7,76,True,25.3,150,369,True,5.5,200,True,True,115,kylenicolas,Kyle Nicolas,RP,Wsh,0.01,ACTIVE,FA,False,2026-08-17,True
592155,RP,1005,92.2,150,92.8,139,True,25.3,150,507,True,12.5,200,True,False,0,boosercam,Cam Booser,RP,TB,0.17,ACTIVE,FA,False,2026-08-17,True
660825,RP,2129,92.2,150,96.2,99,True,18.0,150,939,True,8.5,200,True,False,1,bazardoeduard,Eduard Bazardo,RP,Sea,3.55,ACTIVE,FA,False,2026-08-17,True
664991,RP,1178,92.2,150,95.8,92,True,22.7,150,554,True,10.0,200,True,False,1,grantwolfram,Grant Wolfram,RP,Bal,0.06,ACTIVE,FA,False,2026-08-17,True
681402,RP,570,92.2,150,94.9,95,True,15.3,150,282,True,7.0,200,True,False,20,gusvarland,Gus Varland,RP,Wsh,0.26,ACTIVE,FA,False,2026-08-17,True
683409,RP,1313,92.2,150,98.2,30,True,30.7,150,656,True,17.5,200,True,True,14,angelchivilli,Angel Chivilli,RP,NYY,0.04,DAY_TO_DAY,FA,False,2026-08-17,True
607455,RP,1690,92.1,150,96.2,87,True,24.7,150,775,True,11.0,200,True,False,50,anthonybanda,Anthony Banda,RP,Min,0.09,FIFTEEN_DAY_DL,FA,False,2026-08-17,True
685005,RP,219,92.1,150,95.8,83,True,15.6,150,96,False,7.5,200,True,True,123,christianroa,Christian Roa,RP,ChC,0.0,ACTIVE,FA,False,2026-08-17,False
623465,RP,314,92.0,150,96.0,86,True,21.5,150,144,False,9.0,200,True,True,0,evanphillips,Evan Phillips,RP,LAD,0.12,ACTIVE,FA,False,2026-08-17,False
642100,RP,1439,92.0,150,95.3,102,True,21.3,150,736,True,7.5,200,True,False,1,gabespeier,Gabe Speier,RP,Sea,0.93,ACTIVE,FA,False,2026-08-17,True
663574,RP,1728,92.0,150,95.3,99,True,17.3,150,839,True,9.5,200,True,False,56,santillantony,Tony Santillan,RP,Cin,2.85,FIFTEEN_DAY_DL,FA,False,2026-08-17,True
666277,RP,1610,92.0,150,96.6,55,True,28.0,150,759,True,12.5,200,True,False,0,georgesoriano,George Soriano,RP,StL,0.84,ACTIVE,FA,False,2026-08-17,True
676254,RP,1524,92.0,150,94.7,112,True,12.0,150,651,True,5.5,200,True,False,40,ryanwalker,Ryan Walker,RP,SF,9.09,ACTIVE,FA,False,2026-08-17,True
685801,RP,550,92.0,150,96.4,76,True,23.3,150,257,True,10.0,200,True,True,80,biggehunter,Hunter Bigge,RP,TB,0.02,ACTIVE,FA,False,2026-08-17,True
689147,RP,1977,92.0,150,96.3,77,True,25.3,150,840,True,10.0,200,True,False,0,kerkeringorion,Orion Kerkering,RP,Phi,1.07,ACTIVE,FA,False,2026-08-17,True
665645,RP,94,91.9,150,93.5,83,False,22.9,150,48,False,11.7,200,False,False,8,castrokervin,Kervin Castro,RP,NYY,0.01,FIFTEEN_DAY_DL,FA,False,2026-08-17,False
672335,RP,1143,91.9,150,97.2,76,True,26.7,150,521,True,15.5,200,True,False,19,cionelperez,Cionel Perez,RP,NYM,0.08,FIFTEEN_DAY_DL,FA,False,2026-08-17,True
676617,RP,1601,91.9,150,97.0,94,True,24.0,150,701,True,9.5,200,True,False,0,brienoriley,Riley O'Brien,RP,StL,,ACTIVE,Team Solomon,False,2026-08-17,True
702752,RP,327,91.9,150,92.8,132,True,23.4,150,145,False,10.0,200,True,True,0,jonathanpintaro,Jonathan Pintaro,SP,NYM,0.03,ACTIVE,FA,False,2026-08-17,False
664199,RP,1639,91.8,150,95.3,52,True,14.7,150,786,True,8.5,200,True,False,1,clarketaylor,Taylor Clarke,RP,Ari,0.81,ACTIVE,FA,False,2026-08-17,True
676477,RP,1809,91.8,150,95.2,96,True,26.7,150,981,True,15.0,200,True,False,8,garrettwhitlock,Garrett Whitlock,RP,Bos,,FIFTEEN_DAY_DL,Boone's Bad Bullpen,False,2026-08-17,True
656271,RP,2025,91.7,150,95.3,84,True,28.7,150,983,True,14.5,200,True,False,0,brockburke,Brock Burke,RP,Cin,0.84,ACTIVE,FA,False,2026-08-17,True
656638,RP,917,91.7,150,94.3,70,True,20.0,150,429,True,13.0,200,True,False,3,alexlange,Alex Lange,RP,KC,1.26,ACTIVE,FA,False,2026-08-17,True
681916,RP,595,91.7,150,95.8,88,True,27.3,150,284,True,12.5,200,True,False,2,dylansmith,Dylan Smith,RP,SF,0.32,ACTIVE,FA,False,2026-08-17,True
688158,RP,1173,91.7,150,97.3,74,True,34.0,150,580,True,18.5,200,True,False,51,davidmorgan,David Morgan,RP,SD,0.04,ACTIVE,FA,False,2026-08-17,True
694335,RP,1753,91.7,150,94.7,98,True,13.3,150,809,True,5.0,200,True,False,20,mattsvanson,Matt Svanson,RP,StL,0.23,ACTIVE,FA,False,2026-08-17,True
552640,RP,1327,91.6,150,94.8,72,True,22.0,150,702,True,11.5,200,True,False,2,andrewkittredge,Andrew Kittredge,RP,Bal,1.72,ACTIVE,FA,False,2026-08-17,True
605452,RP,1070,91.6,150,95.3,64,True,24.0,150,548,True,14.0,200,True,True,51,joeross,Joe Ross,RP,Tex,0.01,ACTIVE,FA,False,2026-08-17,True
641941,RP,1535,91.6,150,93.5,123,True,26.0,150,809,True,16.5,200,True,False,0,emiliopagan,Emilio Pagan,RP,Cin,,ACTIVE,New York Ligers,True,2026-08-17,True
665622,RP,971,91.6,150,98.4,67,True,26.7,150,419,True,11.5,200,True,False,1,luismedina,Luis Medina,SP,Oak,0.09,ACTIVE,FA,False,2026-08-17,True
681217,RP,1083,91.6,150,95.7,81,True,27.3,150,512,True,11.0,200,True,False,1,chasesilseth,Chase Silseth,RP,Tex,0.14,ACTIVE,FA,False,2026-08-17,True
693686,RP,1224,91.6,150,97.0,85,True,14.0,150,590,True,7.5,200,True,False,2,milesspencer,Spencer Miles,SP,Tor,0.95,ACTIVE,FA,False,2026-08-17,True
518886,RP,847,91.5,150,93.2,117,True,23.3,150,389,True,11.5,200,True,False,2,craigkimbrel,Craig Kimbrel,RP,KC,0.06,ACTIVE,FA,False,2026-08-17,True
640448,RP,1706,91.5,150,96.2,78,True,27.3,150,818,True,12.5,200,True,False,0,finnegankyle,Kyle Finnegan,RP,Det,1.87,ACTIVE,FA,False,2026-08-17,True
656945,RP,1649,91.5,150,96.4,58,True,39.3,150,901,True,20.5,200,True,False,3,scotttanner,Tanner Scott,RP,LAD,32.0,ACTIVE,FA,False,2026-08-17,True
664854,RP,1271,91.5,150,98.9,51,True,35.3,150,643,True,18.5,200,True,True,51,helsleyryan,Ryan Helsley,RP,Bal,33.83,SIXTY_DAY_DL,FA,False,2026-08-17,True
670280,RP,1965,91.5,150,96.3,61,True,30.0,150,981,True,17.5,200,True,False,1,bednardavid,David Bednar,RP,NYY,,ACTIVE,Boone's Bad Bullpen,False,2026-08-17,True
686753,RP,319,91.5,150,96.1,68,True,26.6,150,143,False,13.0,200,True,True,29,dreyjameson,Drey Jameson,RP,Ari,0.02,FIFTEEN_DAY_DL,FA,False,2026-08-17,False
656686,RP,443,91.4,150,95.1,78,True,30.7,150,201,True,13.0,200,True,True,103,corbinmartin,Corbin Martin,RP,ChC,0.02,DAY_TO_DAY,FA,False,2026-08-17,True
664126,RP,1677,91.4,150,95.4,97,True,31.3,150,817,True,15.0,200,True,False,2,fairbankspete,Pete Fairbanks,RP,Mia,,ACTIVE,Team Solomon,False,2026-08-17,True
676534,RP,1977,91.4,150,94.9,84,True,30.0,150,838,True,18.0,200,True,False,2,calvinfaucher,Calvin Faucher,RP,Mia,0.3,ACTIVE,FA,False,2026-08-17,True
676755,RP,1475,91.4,150,94.6,101,True,20.7,150,737,True,10.0,200,True,False,0,isaacmattson,Isaac Mattson,RP,Pit,0.12,ACTIVE,FA,False,2026-08-17,True
676775,RP,813,91.4,150,94.9,67,True,18.0,150,396,True,7.0,200,True,False,1,keatonwinn,Keaton Winn,RP,SF,0.44,ACTIVE,FA,False,2026-08-17,True
695418,RP,3269,91.4,150,95.0,93,True,13.3,150,1628,True,7.0,200,True,False,2,bradlord,Brad Lord,RP,Wsh,0.79,ACTIVE,FA,False,2026-08-17,True
656529,RP,555,91.3,150,95.0,94,True,24.0,150,234,True,8.5,200,True,False,1,hentgessam,Sam Hentges,RP,SF,0.03,ACTIVE,FA,False,2026-08-17,True
663474,RP,123,91.3,150,93.7,99,False,17.3,150,52,False,7.3,200,False,False,488,mckenzietriston,Triston McKenzie,RP,SD,0.02,ACTIVE,FA,False,2026-08-17,False
676742,RP,488,91.3,150,96.1,69,True,36.7,150,229,True,16.0,200,True,False,0,camsanders,Cam Sanders,RP,Bal,0.08,ACTIVE,FA,False,2026-08-17,True
681151,RP,481,91.3,150,94.9,105,True,25.3,150,241,True,12.5,200,True,True,52,jaydenmurray,Jayden Murray,RP,ChC,0.0,ACTIVE,FA,False,2026-08-17,True
687377,RP,1139,91.3,150,97.3,62,True,28.7,150,566,True,16.0,200,True,False,2,orlandoribalta,Orlando Ribalta,RP,Wsh,0.04,ACTIVE,FA,False,2026-08-17,True
455119,RP,899,91.2,150,92.7,120,True,14.0,150,485,True,7.0,200,True,True,37,chrismartin,Chris Martin,RP,FA,0.11,ACTIVE,FA,False,2026-08-17,True
677961,RP,531,91.2,150,96.6,66,True,28.7,150,243,True,13.5,200,True,False,11,colewilcox,Cole Wilcox,RP,Sea,0.02,FIFTEEN_DAY_DL,FA,False,2026-08-17,True
680702,RP,193,91.2,150,92.2,121,True,15.7,150,83,False,6.7,200,False,True,44,gerberjoey,Joey Gerber,RP,FA,0.01,ACTIVE,FA,False,2026-08-17,False
694680,RP,180,91.2,150,93.1,110,True,22.1,150,86,False,10.6,200,False,False,50,martintrevor,Trevor Martin,RP,LAA,0.01,ACTIVE,FA,False,2026-08-17,False
646241,RP,654,91.1,150,92.8,108,True,27.3,150,310,True,12.0,200,True,False,3,deenmanueljesus,Enmanuel De Jesus,SP,Det,0.06,ACTIVE,FA,False,2026-08-17,True
689266,RP,1157,91.1,150,91.3,148,True,21.3,150,618,True,13.0,200,True,False,3,dodddylan,Dylan Dodd,RP,Atl,1.72,ACTIVE,FA,False,2026-08-17,True
689296,RP,777,91.1,150,95.0,74,True,26.0,150,364,True,11.0,200,True,False,15,anthonynunez,Anthony Nunez,RP,Bal,0.25,ACTIVE,FA,False,2026-08-17,True
702303,RP,118,91.1,150,94.5,65,False,18.6,150,59,False,9.3,200,False,False,116,martinriley,Riley Martin,RP,ChC,0.02,SIXTY_DAY_DL,FA,False,2026-08-17,False
595014,RP,889,91.0,150,94.0,105,True,24.0,150,409,True,12.0,200,True,False,59,blaketreinen,Blake Treinen,RP,LAD,0.31,SIXTY_DAY_DL,FA,False,2026-08-17,True
621074,RP,438,91.0,150,94.5,103,True,20.7,150,209,True,11.0,200,True,False,3,michaelrucker,Michael Rucker,RP,Sea,0.02,ACTIVE,FA,False,2026-08-17,True
668390,RP,1323,91.0,150,93.8,90,True,28.0,150,656,True,15.5,200,True,False,1,colewinn,Cole Winn,RP,Tex,0.11,ACTIVE,FA,False,2026-08-17,True
670329,RP,1373,91.0,150,95.6,58,True,25.3,150,678,True,10.5,200,True,False,0,garciarico,Rico Garcia,RP,Bal,8.59,ACTIVE,FA,False,2026-08-17,True
687531,RP,199,91.0,150,93.8,113,True,30.8,150,91,False,14.1,200,False,False,37,kempnerwilliam,William Kempner,RP,Mia,0.01,FIFTEEN_DAY_DL,FA,False,2026-08-17,False
696522,RP,250,91.0,150,93.2,83,True,13.0,150,115,False,6.5,200,True,False,0,haydenjuenger,Hayden Juenger,RP,Oak,0.01,ACTIVE,FA,False,2026-08-17,False
663767,RP,1402,90.9,150,93.7,96,True,25.3,150,577,True,10.0,200,True,False,2,chaseshugart,Chase Shugart,RP,Phi,0.04,ACTIVE,FA,False,2026-08-17,True
681870,RP,1122,90.9,150,94.2,97,True,29.3,150,518,True,11.5,200,True,False,2,eriksabrowski,Erik Sabrowski,RP,Cle,7.19,ACTIVE,FA,False,2026-08-17,True
805123,RP,1803,90.9,150,95.6,79,True,29.3,150,877,True,14.5,200,True,False,5,ajblubaugh,AJ Blubaugh,RP,Hou,0.64,ACTIVE,FA,False,2026-08-17,True
669084,RP,1228,90.8,150,95.6,82,True,22.7,150,519,True,10.5,200,True,False,1,dlhall,DL Hall,RP,Mil,0.12,ACTIVE,FA,False,2026-08-17,True
672629,RP,211,90.8,150,94.6,89,True,25.0,150,88,False,11.0,200,True,False,1,carrillogerardo,Gerardo Carrillo,RP,Ari,0.07,ACTIVE,FA,False,2026-08-17,False
674370,RP,1703,90.8,150,95.1,75,True,22.0,150,828,True,10.0,200,True,True,103,bidoosvaldo,Osvaldo Bido,RP,ChW,0.03,ACTIVE,FA,False,2026-08-17,True
676604,RP,659,90.8,150,95.4,82,True,24.0,150,313,True,14.0,200,True,False,1,tylerzuber,Tyler Zuber,RP,Mia,0.03,ACTIVE,FA,False,2026-08-17,True
682274,RP,459,90.8,150,95.7,66,True,41.3,150,250,True,23.5,200,True,True,5,hiraldoyaramil,Yaramil Hiraldo,RP,Bal,0.01,ACTIVE,FA,False,2026-08-17,True
695239,RP,460,90.8,150,94.3,89,True,26.7,150,223,True,15.0,200,True,False,3,ahlstromrobby,Robby Ahlstrom,RP,Tex,0.03,ACTIVE,FA,False,2026-08-17,True
695534,RP,646,90.8,150,95.8,77,True,20.7,150,302,True,6.5,200,True,False,10,chasepetty,Chase Petty,SP,Cin,0.11,ACTIVE,FA,False,2026-08-17,True
701719,RP,315,90.8,150,93.0,117,True,18.7,150,139,False,10.5,200,True,False,76,samaniegotyler,Tyler Samaniego,RP,Bos,0.02,ACTIVE,FA,False,2026-08-17,False
592351,RP,210,90.7,150,94.8,68,True,20.0,150,105,False,10.5,200,True,False,366,grayjon,Jon Gray,RP,FA,0.02,OUT,FA,False,2026-08-17,False
592779,RP,827,90.7,150,94.7,79,True,25.3,150,414,True,12.0,200,True,True,20,brockstewart,Brock Stewart,RP,LAD,0.05,FIFTEEN_DAY_DL,FA,False,2026-08-17,True
621053,RP,1254,90.7,150,94.5,93,True,28.0,150,591,True,15.0,200,True,True,12,fergusontyler,Tyler Ferguson,RP,ChC,0.03,ACTIVE,FA,False,2026-08-17,True
623352,RP,1307,90.7,150,94.7,91,True,31.3,150,711,True,16.0,200,True,False,1,haderjosh,Josh Hader,RP,Hou,,ACTIVE,Team Solomon,False,2026-08-17,True
641329,RP,1873,90.7,150,95.6,81,True,21.3,150,979,True,12.5,200,True,False,0,bakerbryan,Bryan Baker,RP,TB,,ACTIVE,2015 Draft First Round,False,2026-08-17,True
667297,RP,1193,90.7,150,94.8,46,True,21.3,150,564,True,10.0,200,True,False,4,nancetommy,Tommy Nance,RP,Min,0.07,ACTIVE,FA,False,2026-08-17,True
675916,RP,162,90.7,150,95.0,92,True,21.9,150,64,False,8.6,200,False,False,39,jameskarinchak,James Karinchak,RP,Atl,0.02,ACTIVE,FA,False,2026-08-17,False
682610,RP,342,90.7,150,93.5,89,True,32.0,150,160,True,14.5,200,True,True,136,munozroddery,Roddery Munoz,RP,Hou,0.01,ACTIVE,FA,False,2026-08-17,True
694851,RP,476,90.7,150,94.5,78,True,18.7,150,204,True,6.5,200,True,True,111,andrewhoffmann,Andrew Hoffmann,RP,Ari,0.01,OUT,FA,False,2026-08-17,True
806185,RP,1195,90.7,150,95.4,69,True,24.7,150,522,True,8.5,200,True,False,392,birdsonghayden,Hayden Birdsong,RP,SF,0.08,SIXTY_DAY_DL,FA,False,2026-08-17,True
628452,RP,1687,90.6,150,93.9,79,True,26.7,150,876,True,12.5,200,True,False,1,iglesiasraisel,Raisel Iglesias,RP,Atl,,ACTIVE,Boone's Bad Bullpen,False,2026-08-17,True
675989,RP,431,90.6,150,93.4,101,True,14.0,150,183,True,7.0,200,True,False,92,boltoncody,Cody Bolton,RP,Hou,0.05,ACTIVE,FA,False,2026-08-17,True
680723,RP,138,90.6,150,92.2,112,False,32.8,150,58,False,13.8,200,False,False,1,drewrom,Drew Rom,SP,Oak,0.02,ACTIVE,FA,False,2026-08-17,False
681892,RP,1382,90.6,150,93.4,106,True,26.0,150,583,True,13.5,200,True,False,1,funderburkkody,Kody Funderburk,RP,Min,0.18,ACTIVE,FA,False,2026-08-17,True
686930,RP,1179,90.6,150,94.6,95,True,20.0,150,522,True,6.5,200,True,False,0,barnettmason,Mason Barnett,SP,Oak,0.16,ACTIVE,FA,False,2026-08-17,True
805326,RP,388,90.6,150,94.0,73,True,16.7,150,208,True,8.0,200,True,False,0,schweitzertyler,Tyler Schweitzer,RP,ChW,0.02,ACTIVE,FA,False,2026-08-17,True
621345,RP,614,90.5,150,91.0,131,True,19.3,150,301,True,11.5,200,True,False,1,ajminter,A.J. Minter,RP,Min,0.28,ACTIVE,FA,False,2026-08-17,True
669711,RP,1846,90.5,150,94.2,90,True,19.3,150,877,True,10.0,200,True,False,0,gregweissert,Greg Weissert,RP,Bos,0.15,ACTIVE,FA,False,2026-08-17,True
676051,RP,276,90.5,150,95.4,65,True,27.6,150,127,False,10.5,200,True,True,30,codiheuer,Codi Heuer,RP,Bal,0.01,ACTIVE,FA,False,2026-08-17,False
656222,RP,1335,90.4,150,92.2,87,True,22.0,150,643,True,10.5,200,True,False,69,beeksjalen,Jalen Beeks,RP,Tex,0.05,SIXTY_DAY_DL,FA,False,2026-08-17,True
656641,RP,2285,90.4,150,94.4,83,True,25.3,150,1150,True,14.5,200,True,False,2,jacoblatz,Jacob Latz,RP,Tex,,ACTIVE,New York Ligers,True,2026-08-17,True
663893,RP,1596,90.4,150,95.7,43,True,35.3,150,641,True,15.5,200,True,True,1,brendonlittle,Brendon Little,RP,Tor,0.19,ACTIVE,FA,False,2026-08-17,True
677053,RP,378,90.4,150,94.7,69,True,25.3,150,181,True,13.5,200,True,False,82,andrewnardi,Andrew Nardi,RP,Mia,0.02,SIXTY_DAY_DL,FA,False,2026-08-17,True
682445,RP,129,90.4,150,92.9,81,False,18.0,150,61,False,8.5,200,False,False,68,domingogonzalez,Domingo Gonzalez,RP,Sea,0.01,ACTIVE,FA,False,2026-08-17,False
688642,RP,1688,90.4,150,93.1,91,True,13.3,150,839,True,8.5,200,True,False,1,agnoszach,Zach Agnos,RP,Col,0.05,ACTIVE,FA,False,2026-08-17,True
700669,RP,1674,90.4,150,94.9,67,True,17.3,150,771,True,7.5,200,True,False,0,gordongraceffo,Gordon Graceffo,RP,StL,0.2,ACTIVE,FA,False,2026-08-17,True
669093,RP,1719,90.3,150,96.0,85,True,30.0,150,866,True,15.0,200,True,False,1,estradajeremiah,Jeremiah Estrada,RP,SD,7.16,ACTIVE,FA,False,2026-08-17,True
676263,RP,1954,90.3,150,94.8,71,True,28.7,150,965,True,14.5,200,True,False,1,dreyerjack,Jack Dreyer,RP,LAD,1.08,ACTIVE,FA,False,2026-08-17,True
676395,RP,1134,90.3,150,94.2,67,True,20.0,150,558,True,9.0,200,True,True,123,garciarobert,Robert Garcia,RP,Tex,3.64,SIXTY_DAY_DL,FA,False,2026-08-17,True
676508,RP,1350,90.3,150,94.9,83,True,22.7,150,662,True,11.0,200,True,True,127,bencasparius,Ben Casparius,RP,LAD,0.08,SIXTY_DAY_DL,FA,False,2026-08-17,True
687396,RP,1344,90.3,150,94.1,87,True,24.7,150,735,True,12.0,200,True,False,2,brentheadrick,Brent Headrick,RP,NYY,9.84,ACTIVE,FA,False,2026-08-17,True
542888,RP,1719,90.2,150,92.2,110,True,16.0,150,822,True,7.5,200,True,False,24,armstrongshawn,Shawn Armstrong,RP,Cle,0.36,SIXTY_DAY_DL,FA,False,2026-08-17,True
660853,RP,2021,90.2,150,95.3,67,True,27.3,150,1066,True,16.0,200,True,False,3,deenyellossantos,Enyel De Los Santos,RP,Hou,0.27,ACTIVE,FA,False,2026-08-17,True
668970,RP,425,90.2,150,95.1,78,True,28.0,150,183,True,13.0,200,True,True,18,gavinhollowell,Gavin Hollowell,RP,ChC,0.01,FIFTEEN_DAY_DL,FA,False,2026-08-17,True
669371,RP,1251,90.2,150,93.9,98,True,19.3,150,547,True,10.0,200,True,True,42,colehenry,Cole Henry,RP,Wsh,0.08,ACTIVE,FA,False,2026-08-17,True
670036,RP,1667,90.2,150,93.4,97,True,25.3,150,819,True,12.5,200,True,False,1,festamatt,Matt Festa,RP,Cle,0.08,ACTIVE,FA,False,2026-08-17,True
680604,RP,393,90.2,150,93.6,93,True,18.7,150,182,True,6.5,200,True,False,62,blascastano,Blas Castano,SP,Col,0.01,ACTIVE,FA,False,2026-08-17,True
690155,RP,120,90.2,150,95.0,55,False,16.0,150,50,False,6.7,200,False,False,79,mattpushard,Matt Pushard,RP,StL,0.01,ACTIVE,FA,False,2026-08-17,False
519141,RP,1299,90.1,150,92.0,112,True,14.0,150,638,True,2.5,200,True,False,29,drewpomeranz,Drew Pomeranz,RP,ChC,0.09,ACTIVE,FA,False,2026-08-17,True
572955,RP,1590,90.1,150,96.1,50,True,24.0,150,718,True,10.5,200,True,False,0,johnsonpierce,Pierce Johnson,RP,Cin,0.09,ACTIVE,FA,False,2026-08-17,True
663738,RP,1841,90.1,150,94.5,70,True,21.3,150,820,True,10.5,200,True,False,5,danielivlynch,Daniel Lynch IV,RP,KC,0.67,ACTIVE,FA,False,2026-08-17,True
666374,RP,1091,90.1,150,97.2,40,True,30.0,150,451,True,10.5,200,True,True,70,brashmatt,Matt Brash,RP,Sea,1.8,FIFTEEN_DAY_DL,FA,False,2026-08-17,True
668984,RP,1742,90.1,150,92.6,110,True,18.0,150,880,True,12.0,200,True,False,0,caseylegumina,Casey Legumina,RP,TB,0.05,ACTIVE,FA,False,2026-08-17,True
669211,RP,1509,90.1,150,94.0,72,True,16.7,150,760,True,6.5,200,True,False,51,akinkeegan,Keegan Akin,RP,Bal,0.09,SIXTY_DAY_DL,FA,False,2026-08-17,True
670059,RP,1268,90.1,150,96.3,78,True,26.7,150,566,True,11.5,200,True,False,2,colinholderman,Colin Holderman,RP,Cle,0.56,DAY_TO_DAY,FA,False,2026-08-17,True
681676,RP,768,90.1,150,94.3,61,True,34.7,150,373,True,16.5,200,True,True,42,fernandezryan,Ryan Fernandez,RP,StL,0.02,ACTIVE,FA,False,2026-08-17,True
683742,RP,347,90.1,150,95.1,66,True,19.3,150,154,True,9.0,200,True,False,20,francojose,Jose Franco,SP,Cin,0.01,DAY_TO_DAY,FA,False,2026-08-17,True
690925,RP,1087,90.1,150,96.0,58,True,30.0,150,485,True,12.5,200,True,False,2,beeterclayton,Clayton Beeter,RP,Wsh,4.9,ACTIVE,FA,False,2026-08-17,True
656240,RP,958,90.0,150,92.1,106,True,21.3,150,478,True,10.0,200,True,True,0,blewettscott,Scott Blewett,RP,Oak,0.02,ACTIVE,FA,False,2026-08-17,True
664076,RP,1509,90.0,150,95.4,62,True,28.7,150,733,True,15.5,200,True,False,1,cleavingergarrett,Garrett Cleavinger,RP,TB,3.94,ACTIVE,FA,False,2026-08-17,True
669020,RP,1457,90.0,150,94.8,88,True,18.7,150,655,True,9.0,200,True,False,0,rolisonryan,Ryan Rolison,RP,ChC,0.25,ACTIVE,FA,False,2026-08-17,True
678022,RP,2086,90.0,150,93.2,77,True,22.7,150,1006,True,9.0,200,True,False,5,jackperkins,Jack Perkins,RP,Oak,1.18,ACTIVE,FA,False,2026-08-17,True
608650,RP,1048,89.9,150,92.3,114,True,20.7,150,535,True,8.0,200,True,True,84,dietrichenns,Dietrich Enns,RP,Bal,0.01,ACTIVE,FA,False,2026-08-17,True
621112,RP,1635,89.9,150,94.0,75,True,19.3,150,762,True,9.0,200,True,False,2,blackburnpaul,Paul Blackburn,RP,NYY,1.2,ACTIVE,FA,False,2026-08-17,True
623454,RP,1273,89.9,150,95.5,56,True,23.3,150,613,True,10.0,200,True,False,1,andersondrew,Drew Anderson,SP,Det,0.96,ACTIVE,FA,False,2026-08-17,True
657649,RP,1216,89.9,150,92.6,105,True,25.3,150,526,True,8.5,200,True,True,36,jaredkoenig,Jared Koenig,RP,Mil,0.22,ACTIVE,FA,False,2026-08-17,True
676272,RP,120,89.9,150,97.4,57,False,17.6,150,51,False,7.5,200,False,False,450,bobbymiller,Bobby Miller,RP,LAD,0.14,SIXTY_DAY_DL,FA,False,2026-08-17,False
681810,RP,798,89.9,150,94.0,84,True,26.0,150,328,True,9.0,200,True,False,41,austinwarren,Austin Warren,RP,NYM,0.04,FIFTEEN_DAY_DL,FA,False,2026-08-17,True
677161,RP,870,89.8,150,92.8,109,True,16.7,150,410,True,8.0,200,True,True,90,kellyzack,Zack Kelly,RP,Bos,0.01,SIXTY_DAY_DL,FA,False,2026-08-17,True
683000,RP,410,89.8,150,96.6,63,True,28.7,150,199,True,14.0,200,True,False,16,cornelioriley,Riley Cornelio,SP,Wsh,0.01,ACTIVE,FA,False,2026-08-17,True
684320,RP,1344,89.8,150,95.6,53,True,22.0,150,598,True,7.5,200,True,True,73,rodriguezyariel,Yariel Rodriguez,RP,Tor,0.06,DAY_TO_DAY,FA,False,2026-08-17,True
701519,RP,1343,89.8,150,93.7,68,True,22.0,150,633,True,10.0,200,True,False,0,adamstravis,Travis Adams,RP,Min,0.03,ACTIVE,FA,False,2026-08-17,True
642207,RP,1851,89.7,150,93.7,95,True,26.0,150,927,True,15.0,200,True,False,10,devinwilliams,Devin Williams,RP,NYM,61.96,FIFTEEN_DAY_DL,FA,False,2026-08-17,True
642701,RP,1716,89.7,150,93.3,71,True,24.7,150,870,True,13.0,200,True,False,0,dennissantana,Dennis Santana,RP,Ari,6.52,ACTIVE,FA,False,2026-08-17,True
656546,RP,2149,89.7,150,95.6,51,True,32.0,150,1077,True,17.5,200,True,False,0,hoffmanjeff,Jeff Hoffman,RP,Min,38.93,ACTIVE,FA,False,2026-08-17,True
669060,RP,1270,89.7,150,90.6,131,True,19.3,150,632,True,9.0,200,True,False,3,brysewilson,Bryse Wilson,RP,Mil,0.03,ACTIVE,FA,False,2026-08-17,True
670167,RP,1818,89.7,150,93.8,93,True,22.7,150,824,True,8.5,200,True,False,0,johnschreiber,John Schreiber,RP,KC,0.16,ACTIVE,FA,False,2026-08-17,True
681168,RP,524,89.7,150,95.2,74,True,20.0,150,248,True,9.5,200,True,True,17,curveloluis,Luis Curvelo,RP,Tex,0.01,ACTIVE,FA,False,2026-08-17,True
681799,RP,580,89.7,150,92.9,99,True,23.3,150,256,True,7.5,200,True,False,50,ethanroberts,Ethan Roberts,RP,ChC,0.02,ACTIVE,FA,False,2026-08-17,True
687606,RP,1060,89.7,150,90.7,119,True,16.0,150,474,True,8.0,200,True,False,19,paxtonschultz,Paxton Schultz,RP,Wsh,0.02,ACTIVE,FA,False,2026-08-17,True
687911,RP,1908,89.7,150,92.5,107,True,18.0,150,949,True,10.0,200,True,False,2,bryanking,Bryan King,RP,Hou,2.17,ACTIVE,FA,False,2026-08-17,True
689520,RP,389,89.7,150,91.0,126,True,18.7,150,185,True,9.5,200,True,True,47,codylaweryson,Cody Laweryson,RP,FA,0.01,DAY_TO_DAY,FA,False,2026-08-17,True
642397,RP,1948,89.6,150,96.4,72,True,30.0,150,875,True,13.0,200,True,False,0,gregorysoto,Gregory Soto,RP,Pit,,ACTIVE,U Just Lost To Edwin Diaz,False,2026-08-17,True
657756,RP,661,89.6,150,92.4,100,True,14.7,150,321,True,4.5,200,True,False,48,connorseabold,Connor Seabold,RP,KC,0.01,SIXTY_DAY_DL,FA,False,2026-08-17,True
670245,RP,938,89.6,150,92.1,98,True,21.3,150,465,True,10.0,200,True,False,3,ryanwatson,Ryan Watson,RP,LAA,0.04,ACTIVE,FA,False,2026-08-17,True
682120,RP,1485,89.6,150,94.7,79,True,28.0,150,644,True,13.0,200,True,False,1,herrintim,Tim Herrin,RP,Cle,0.18,ACTIVE,FA,False,2026-08-17,True
687330,RP,1337,89.6,150,91.8,91,True,18.7,150,631,True,11.0,200,True,False,0,kellykevin,Kevin Kelly,RP,TB,,ACTIVE,Late Night Bettsing,False,2026-08-17,True
688883,RP,442,89.6,150,95.4,75,True,26.0,150,176,True,8.0,200,True,False,86,pallettepeyton,Peyton Pallette,RP,Cle,0.03,ACTIVE,FA,False,2026-08-17,True
547184,RP,786,89.5,150,95.9,48,True,18.0,150,337,True,9.5,200,True,True,78,kellymichael,Michael Kelly,RP,FA,0.02,ACTIVE,FA,False,2026-08-17,True
592454,RP,1205,89.5,150,93.5,46,True,18.7,150,537,True,7.5,200,True,True,48,kahnletommy,Tommy Kahnle,RP,Bos,0.05,ACTIVE,FA,False,2026-08-17,True
621016,RP,223,89.5,150,91.5,110,True,25.0,150,108,False,12.0,200,True,False,3,cuasjose,Jose Cuas,RP,KC,0.01,ACTIVE,FA,False,2026-08-17,False
623437,RP,1349,89.5,150,92.4,98,True,12.7,150,619,True,7.0,200,True,False,91,justintopa,Justin Topa,RP,FA,0.1,ACTIVE,FA,False,2026-08-17,True
641401,RP,1121,89.5,150,93.3,90,True,23.3,150,544,True,11.5,200,True,True,102,brogdonconnor,Connor Brogdon,RP,Cle,0.05,ACTIVE,FA,False,2026-08-17,True
669199,RP,2283,89.5,150,93.6,43,True,25.3,150,1047,True,10.0,200,True,False,1,bacharlake,Lake Bachar,RP,Pit,0.28,ACTIVE,FA,False,2026-08-17,True
669330,RP,1261,89.5,150,91.8,87,True,28.7,150,669,True,14.5,200,True,False,0,tylerwells,Tyler Wells,SP,TB,2.52,ACTIVE,FA,False,2026-08-17,True
685299,RP,2364,89.5,150,93.0,84,True,21.3,150,1240,True,13.5,200,True,False,2,gordontanner,Tanner Gordon,SP,Col,0.08,ACTIVE,FA,False,2026-08-17,True
696131,RP,538,89.5,150,93.0,86,True,16.0,150,231,True,4.5,200,True,False,5,blackmason,Mason Black,SP,KC,0.26,ACTIVE,FA,False,2026-08-17,True
656794,RP,2628,89.4,150,94.4,84,True,26.0,150,1185,True,12.0,200,True,False,1,newcombsean,Sean Newcomb,RP,ChW,1.2,ACTIVE,FA,False,2026-08-17,True
664141,RP,1420,89.4,150,93.5,58,True,17.3,150,641,True,9.0,200,True,False,1,brubakerjt,JT Brubaker,RP,SF,0.08,ACTIVE,FA,False,2026-08-17,True
681911,RP,1812,89.4,150,92.6,91,True,30.0,150,868,True,10.5,200,True,False,0,alexvesia,Alex Vesia,RP,LAD,8.72,ACTIVE,FA,False,2026-08-17,True
681982,RP,1924,89.4,150,93.8,91,True,26.0,150,924,True,13.0,200,True,False,3,andersongrant,Grant Anderson,RP,Mil,0.09,ACTIVE,FA,False,2026-08-17,True
691008,RP,163,89.4,150,95.3,71,True,22.4,150,67,False,9.2,200,False,False,45,maxrajcic,Max Rajcic,SP,StL,0.01,SIXTY_DAY_DL,FA,False,2026-08-17,False
701121,RP,262,89.4,150,92.4,96,True,17.1,150,123,False,10.5,200,True,True,55,loganvanwey,Logan VanWey,RP,Hou,0.01,ACTIVE,FA,False,2026-08-17,False
608371,RP,450,89.3,150,94.2,69,True,29.3,150,176,True,8.5,200,True,True,117,lucassims,Lucas Sims,RP,ChW,0.01,ACTIVE,FA,False,2026-08-17,True
663423,RP,1220,89.3,150,93.9,89,True,20.0,150,597,True,8.5,200,True,False,1,thorntontrent,Trent Thornton,RP,ChC,0.13,ACTIVE,FA,False,2026-08-17,True
683769,RP,1774,89.3,150,95.1,43,True,30.7,150,896,True,15.0,200,True,False,2,gaddishunter,Hunter Gaddis,RP,Cle,5.86,ACTIVE,FA,False,2026-08-17,True
685112,RP,176,89.3,150,90.9,116,True,27.2,150,81,False,12.5,200,False,False,0,mccambleyzach,Zach McCambley,RP,Cin,0.01,ACTIVE,FA,False,2026-08-17,False
606303,RP,604,89.2,150,93.7,78,True,24.7,150,262,True,9.0,200,True,True,109,joelpayamps,Joel Payamps,RP,Atl,0.04,ACTIVE,FA,False,2026-08-17,True
657571,RP,1578,89.2,150,90.6,130,True,16.7,150,732,True,8.0,200,True,False,1,calebferguson,Caleb Ferguson,RP,StL,0.12,ACTIVE,FA,False,2026-08-17,True
669947,RP,820,89.2,150,93.3,68,True,16.0,150,401,True,8.5,200,True,False,3,jessescholtens,Jesse Scholtens,SP,TB,0.23,ACTIVE,FA,False,2026-08-17,True
687849,RP,568,89.2,150,93.8,62,True,18.0,150,260,True,9.5,200,True,True,45,kentzak,Zak Kent,RP,Wsh,0.01,ACTIVE,FA,False,2026-08-17,True
689546,RP,377,89.2,150,94.8,39,True,16.7,150,178,True,7.0,200,True,False,5,davilanick,Nick Davila,RP,Sea,0.01,ACTIVE,FA,False,2026-08-17,True
690978,RP,239,89.2,150,94.7,63,True,25.7,150,101,False,11.0,200,True,False,19,daxfulton,Dax Fulton,SP,Mia,0.02,ACTIVE,FA,False,2026-08-17,False
663485,RP,1361,89.1,150,90.9,109,True,23.3,150,657,True,10.5,200,True,True,22,colesands,Cole Sands,RP,Min,0.26,SIXTY_DAY_DL,FA,False,2026-08-17,True
663558,RP,896,89.1,150,93.1,90,True,32.7,150,413,True,14.5,200,True,False,0,jovanimoran,Jovani Moran,RP,Bos,0.15,ACTIVE,FA,False,2026-08-17,True
668941,RP,1737,89.1,150,94.0,70,True,20.7,150,699,True,8.5,200,True,False,36,jojoromero,JoJo Romero,RP,Mil,5.8,FIFTEEN_DAY_DL,FA,False,2026-08-17,True
683232,RP,1193,89.1,150,94.6,74,True,17.3,150,614,True,7.0,200,True,False,82,mearsnick,Nick Mears,RP,KC,0.04,SIXTY_DAY_DL,FA,False,2026-08-17,True
489446,RP,1334,89.0,150,91.0,111,True,22.0,150,692,True,11.5,200,True,False,0,kirbyyates,Kirby Yates,RP,Pit,0.72,ACTIVE,FA,False,2026-08-17,True
606996,RP,1519,89.0,150,93.9,62,True,24.7,150,668,True,14.0,200,True,False,0,hartkyle,Kyle Hart,RP,SD,0.09,ACTIVE,FA,False,2026-08-17,True
670990,RP,1780,89.0,150,96.1,63,True,28.0,150,806,True,13.0,200,True,False,0,ramirezyohan,Yohan Ramirez,RP,Pit,0.55,ACTIVE,FA,False,2026-08-17,True
676568,RP,171,89.0,150,93.8,78,True,11.8,150,68,False,4.7,200,False,False,81,rickyvanasco,Ricky Vanasco,RP,Det,0.01,ACTIVE,FA,False,2026-08-17,False
676661,RP,774,89.0,150,92.4,84,True,20.0,150,358,True,9.5,200,True,True,29,lazarmax,Max Lazar,RP,Phi,0.02,ACTIVE,FA,False,2026-08-17,True
694363,RP,461,89.0,150,91.8,88,True,14.0,150,217,True,5.0,200,True,True,41,jaredshuster,Jared Shuster,RP,StL,0.01,ACTIVE,FA,False,2026-08-17,True
663687,RP,2197,88.9,150,95.3,101,True,26.7,150,959,True,8.5,200,True,False,1,harrishogan,Hogan Harris,RP,Oak,5.42,ACTIVE,FA,False,2026-08-17,True
664875,RP,967,88.9,150,95.7,74,True,26.7,150,390,True,8.0,200,True,False,36,justinlawrence,Justin Lawrence,RP,Wsh,0.04,ACTIVE,FA,False,2026-08-17,True
681320,RP,64,88.9,150,92.8,38,False,29.4,150,34,False,15.6,200,False,False,0,lavendernate,Nate Lavender,RP,NYM,0.28,ACTIVE,FA,False,2026-08-17,False
686993,RP,1831,88.9,150,92.0,104,True,27.3,150,924,True,12.5,200,True,False,31,justinsterner,Justin Sterner,RP,Oak,0.35,SIXTY_DAY_DL,FA,False,2026-08-17,True
544150,RP,961,88.8,150,91.0,115,True,20.0,150,467,True,9.5,200,True,False,1,albertsuarez,Albert Suarez,RP,Bal,0.09,ACTIVE,FA,False,2026-08-17,True
621381,RP,1629,88.8,150,91.2,112,True,19.3,150,835,True,10.5,200,True,False,16,mattstrahm,Matt Strahm,RP,FA,1.53,ACTIVE,FA,False,2026-08-17,True
615698,RP,3134,88.7,150,91.6,97,True,17.3,150,1471,True,8.0,200,True,False,5,calquantrill,Cal Quantrill,SP,Tex,2.13,ACTIVE,FA,False,2026-08-17,True
624522,RP,195,88.7,150,90.7,111,True,20.6,150,97,False,10.3,200,False,False,71,keeganthompson,Keegan Thompson,RP,Col,0.01,ACTIVE,FA,False,2026-08-17,False
663941,RP,1064,88.7,150,94.6,66,True,16.7,150,521,True,7.0,200,True,True,12,becktristan,Tristan Beck,RP,SF,0.03,ACTIVE,FA,False,2026-08-17,True
669684,RP,1100,88.7,150,96.3,55,True,25.3,150,522,True,13.5,200,True,False,11,chrismurphy,Chris Murphy,RP,ChW,0.02,FIFTEEN_DAY_DL,FA,False,2026-08-17,True
682608,RP,811,88.7,150,93.4,69,True,22.7,150,401,True,14.0,200,True,False,1,graypeyton,Peyton Gray,RP,Tex,0.09,ACTIVE,FA,False,2026-08-17,True
471911,RP,1025,88.6,150,90.5,85,True,16.7,150,492,True,10.0,200,True,True,43,carloscarrasco,Carlos Carrasco,SP,Atl,0.02,ACTIVE,FA,False,2026-08-17,True
572143,RP,287,88.6,150,91.8,98,True,20.5,150,132,False,8.0,200,True,False,88,burchsmith,Burch Smith,RP,Det,0.01,SIXTY_DAY_DL,FA,False,2026-08-17,False
656234,RP,1599,88.6,150,93.8,78,True,22.7,150,672,True,6.5,200,True,False,1,birdjake,Jake Bird,RP,Wsh,0.05,ACTIVE,FA,False,2026-08-17,True
657424,RP,1063,88.6,150,92.3,76,True,18.7,150,501,True,11.0,200,True,False,45,gagematt,Matt Gage,RP,SF,0.05,SIXTY_DAY_DL,FA,False,2026-08-17,True
668820,RP,734,88.6,150,95.0,56,True,24.0,150,399,True,13.0,200,True,True,1,kranickmax,Max Kranick,RP,Wsh,0.01,ACTIVE,FA,False,2026-08-17,True
605182,RP,114,88.5,150,91.9,73,False,18.0,150,50,False,7.9,200,False,False,489,clevingermike,Mike Clevinger,RP,Pit,0.02,ACTIVE,FA,False,2026-08-17,False
641312,RP,568,88.5,150,93.1,47,True,26.0,150,263,True,12.5,200,True,False,8,andersonshaun,Shaun Anderson,SP,LAA,0.01,FIFTEEN_DAY_DL,FA,False,2026-08-17,True
657097,RP,1914,88.5,150,94.7,52,True,38.0,150,978,True,19.0,200,True,False,0,jacobwebb,Jacob Webb,RP,ChC,,ACTIVE,Late Night Bettsing,False,2026-08-17,True
663542,RP,1174,88.5,150,92.4,103,True,22.0,150,515,True,12.5,200,True,False,2,bryanhudson,Bryan Hudson,RP,ChW,0.4,ACTIVE,FA,False,2026-08-17,True
680744,RP,572,88.5,150,91.0,93,True,21.3,150,279,True,9.5,200,True,False,3,maddenty,Ty Madden,SP,Det,0.42,ACTIVE,FA,False,2026-08-17,True
680802,RP,530,88.5,150,94.1,65,True,20.7,150,236,True,9.5,200,True,False,105,ryanweiss,Ryan Weiss,RP,Hou,0.06,ACTIVE,FA,False,2026-08-17,True
682995,RP,397,88.4,150,93.4,77,True,16.0,150,160,True,7.0,200,True,True,1,barcohunter,Hunter Barco,SP,Pit,0.14,ACTIVE,FA,False,2026-08-17,True
687765,RP,1562,88.4,150,92.0,86,True,16.7,150,778,True,7.0,200,True,True,52,mitchspence,Mitch Spence,RP,KC,0.05,DAY_TO_DAY,FA,False,2026-08-17,True
621097,RP,371,88.3,150,90.0,117,True,20.0,150,184,True,9.5,200,True,False,1,jacobwaguespack,Jacob Waguespack,RP,Det,0.04,ACTIVE,FA,False,2026-08-17,True
641755,RP,1953,88.3,150,94.3,26,True,30.0,150,909,True,10.0,200,True,False,0,kinleytyler,Tyler Kinley,RP,Atl,0.27,ACTIVE,FA,False,2026-08-17,True
642121,RP,1175,88.3,150,92.0,84,True,26.7,150,606,True,15.5,200,True,False,23,colesulser,Cole Sulser,RP,TB,0.09,FIFTEEN_DAY_DL,FA,False,2026-08-17,True
670950,RP,994,88.3,150,91.5,102,True,28.0,150,478,True,9.5,200,True,False,0,richardstrevor,Trevor Richards,RP,ChW,0.05,ACTIVE,FA,False,2026-08-17,True
650960,RP,302,88.2,150,91.4,95,True,19.3,150,164,True,10.0,200,True,False,0,danielduarte,Daniel Duarte,RP,NYM,0.86,ACTIVE,FA,False,2026-08-17,True
664192,RP,749,88.2,150,92.5,104,True,12.0,150,326,True,5.5,200,True,True,111,joeylucchesi,Joey Lucchesi,RP,LAA,0.01,ACTIVE,FA,False,2026-08-17,True
665665,RP,163,88.2,150,91.9,69,True,22.5,150,71,False,9.8,200,False,True,1,reiversanmartin,Reiver Sanmartin,RP,SF,0.01,ACTIVE,FA,False,2026-08-17,False
676428,RP,1428,88.2,150,92.0,80,True,17.3,150,620,True,8.5,200,True,False,87,branthurter,Brant Hurter,RP,Det,0.1,SIXTY_DAY_DL,FA,False,2026-08-17,True
695001,RP,239,88.2,150,94.4,49,True,17.6,150,108,False,7.5,200,True,False,40,alimbersanta,Alimber Santa,RP,Hou,0.05,ACTIVE,FA,False,2026-08-17,False
696136,RP,397,88.2,150,93.2,71,True,22.0,150,222,True,11.5,200,True,True,47,jordanwicks,Jordan Wicks,RP,ChC,0.05,ACTIVE,FA,False,2026-08-17,True
663765,RP,1086,88.1,150,91.8,93,True,16.0,150,496,True,7.5,200,True,False,14,jakewoodford,Jake Woodford,RP,ChC,0.01,ACTIVE,FA,False,2026-08-17,True
669622,RP,1336,88.1,150,96.4,46,True,22.7,150,542,True,12.0,200,True,False,51,anthonybender,Anthony Bender,RP,Mia,0.36,FIFTEEN_DAY_DL,FA,False,2026-08-17,True
677020,RP,337,88.1,150,92.6,75,True,18.0,150,170,True,6.0,200,True,True,0,joshwalker,Josh Walker,RP,Bal,0.02,ACTIVE,FA,False,2026-08-17,True
641540,RP,376,88.0,150,89.5,107,True,23.3,150,175,True,13.0,200,True,False,334,danedunning,Dane Dunning,RP,Sea,0.02,DAY_TO_DAY,FA,False,2026-08-17,True
642048,RP,368,88.0,150,92.1,62,True,28.7,150,170,True,13.5,200,True,True,3,saucedotayler,Tayler Saucedo,RP,LAA,0.01,ACTIVE,FA,False,2026-08-17,True
656986,RP,966,87.8,150,93.4,39,True,36.7,150,500,True,15.5,200,True,True,1,bennettsousa,Bennett Sousa,RP,Hou,0.1,ACTIVE,FA,False,2026-08-17,True
657265,RP,189,87.8,150,92.5,79,True,14.6,150,82,False,6.3,200,False,False,0,peterstrzelecki,Peter Strzelecki,RP,StL,0.01,ACTIVE,FA,False,2026-08-17,False
657612,RP,1586,87.8,150,88.5,141,True,10.7,150,827,True,5.5,200,True,False,1,hilltim,Tim Hill,RP,NYY,0.46,ACTIVE,FA,False,2026-08-17,True
664849,RP,431,87.8,150,93.7,65,True,25.7,150,140,False,5.5,200,True,True,2,dannyyoung,Danny Young,RP,Atl,0.01,ACTIVE,FA,False,2026-08-17,False
694918,RP,751,87.8,150,94.3,59,True,22.7,150,335,True,10.0,200,True,False,1,bladetidwell,Blade Tidwell,SP,SF,1.31,ACTIVE,FA,False,2026-08-17,True
605447,RP,1127,87.7,150,93.3,62,True,26.7,150,510,True,11.5,200,True,False,5,jordanromano,Jordan Romano,RP,Col,5.17,ACTIVE,FA,False,2026-08-17,True
663992,RP,774,87.7,150,91.1,92,True,18.7,150,348,True,6.5,200,True,False,50,loveladyrichard,Richard Lovelady,RP,Wsh,0.09,SIXTY_DAY_DL,FA,False,2026-08-17,True
671936,RP,409,87.7,150,94.3,52,True,32.0,150,186,True,15.0,200,True,False,21,adammacko,Adam Macko,SP,Tex,0.04,ACTIVE,FA,False,2026-08-17,True
703725,RP,292,87.7,150,94.1,62,True,31.9,150,144,False,14.5,200,True,False,0,gastelumluis,Luis Gastelum,RP,StL,0.03,ACTIVE,FA,False,2026-08-17,False
621366,RP,983,87.6,150,92.8,67,True,26.0,150,463,True,11.5,200,True,False,79,boruckiryan,Ryan Borucki,RP,FA,0.01,ACTIVE,FA,False,2026-08-17,True
673513,RP,1872,87.6,150,92.1,59,True,28.0,150,894,True,12.5,200,True,False,1,matsuiyuki,Yuki Matsui,RP,SD,0.37,ACTIVE,FA,False,2026-08-17,True
679358,RP,1370,87.6,150,93.5,50,True,18.7,150,638,True,6.5,200,True,False,40,ericorze,Eric Orze,RP,Min,0.03,ACTIVE,FA,False,2026-08-17,True
702153,RP,109,87.6,150,93.7,43,False,21.4,150,56,False,11.0,200,False,False,73,brianfitzpatrick,Brian Fitzpatrick,RP,Mil,0.0,SIXTY_DAY_DL,FA,False,2026-08-17,False
676760,RP,1209,87.5,150,90.6,95,True,20.0,150,579,True,8.5,200,True,False,1,marinaccioron,Ron Marinaccio,RP,Cin,0.03,ACTIVE,FA,False,2026-08-17,True
623149,RP,968,87.4,150,91.4,81,True,24.0,150,489,True,13.0,200,True,False,1,paulsewald,Paul Sewald,RP,Tor,17.45,ACTIVE,FA,False,2026-08-17,True
815083,RP,1202,87.4,150,91.0,101,True,24.7,150,549,True,10.0,200,True,False,11,farrismitch,Mitch Farris,SP,LAA,0.02,ACTIVE,FA,False,2026-08-17,True
592094,RP,1648,87.3,150,93.6,27,True,28.0,150,824,True,16.0,200,True,False,49,adamjason,Jason Adam,RP,SD,9.48,SIXTY_DAY_DL,FA,False,2026-08-17,True
621383,RP,1643,87.3,150,92.0,54,True,21.3,150,819,True,8.5,200,True,False,40,bankstanner,Tanner Banks,RP,Phi,0.12,SIXTY_DAY_DL,FA,False,2026-08-17,True
668834,RP,346,87.3,150,91.2,91,True,19.3,150,191,True,10.5,200,True,True,8,eastonmcgee,Easton McGee,RP,KC,0.01,ACTIVE,FA,False,2026-08-17,True
680730,RP,3372,87.3,150,93.8,68,True,20.7,150,1720,True,9.0,200,True,False,50,mitchellparker,Mitchell Parker,SP,Wsh,0.04,SIXTY_DAY_DL,FA,False,2026-08-17,True
663947,RP,2081,87.2,150,89.8,102,True,15.3,150,981,True,8.0,200,True,False,1,holtontyler,Tyler Holton,RP,Det,1.22,ACTIVE,FA,False,2026-08-17,True
641302,RP,2472,87.1,150,90.9,82,True,26.0,150,1175,True,9.5,200,True,False,1,alexandertyler,Tyler Alexander,RP,Tex,1.41,ACTIVE,FA,False,2026-08-17,True
669276,RP,1968,87.1,150,93.3,53,True,28.7,150,1023,True,11.5,200,True,False,1,dylanlee,Dylan Lee,RP,Atl,,ACTIVE,U Just Lost To Edwin Diaz,False,2026-08-17,True
689254,RP,1712,87.1,150,91.0,76,True,22.7,150,806,True,14.0,200,True,False,2,fluhartymason,Mason Fluharty,RP,Tor,0.27,ACTIVE,FA,False,2026-08-17,True
594580,RP,1287,87.0,150,92.6,64,True,18.7,150,530,True,7.0,200,True,False,0,mollsam,Sam Moll,RP,Cin,0.04,ACTIVE,FA,False,2026-08-17,True
680755,RP,1860,87.0,150,94.6,28,True,18.7,150,805,True,6.0,200,True,False,1,braydonfisher,Braydon Fisher,RP,Tor,0.65,ACTIVE,FA,False,2026-08-17,True
701552,RP,559,87.0,150,94.2,59,True,24.0,150,252,True,3.5,200,True,True,104,andregranillo,Andre Granillo,RP,Det,0.01,ACTIVE,FA,False,2026-08-17,True
596001,RP,1651,86.8,150,92.4,57,True,20.0,150,748,True,8.5,200,True,False,1,jakobjunis,Jakob Junis,RP,Tex,,ACTIVE,2015 Draft First Round,False,2026-08-17,True
670090,RP,151,86.8,150,90.3,82,True,14.5,150,62,False,6.0,200,False,False,15,millswyatt,Wyatt Mills,RP,Wsh,0.01,ACTIVE,FA,False,2026-08-17,False
685126,RP,1879,86.8,150,90.5,62,True,28.7,150,860,True,9.0,200,True,False,20,brandoneisert,Brandon Eisert,RP,Pit,0.03,ACTIVE,FA,False,2026-08-17,True
543056,RP,1106,86.7,150,87.8,128,True,15.3,150,534,True,7.0,200,True,False,37,coulombedanny,Danny Coulombe,RP,FA,0.03,ACTIVE,FA,False,2026-08-17,True
656786,RP,117,86.7,150,90.7,62,False,10.6,150,47,False,4.3,200,False,False,1,mushinskiparker,Parker Mushinski,RP,Col,0.01,ACTIVE,FA,False,2026-08-17,False
666214,RP,1825,86.7,150,93.3,55,True,25.3,150,893,True,12.5,200,True,False,325,joeywentz,Joey Wentz,RP,Atl,0.03,SIXTY_DAY_DL,FA,False,2026-08-17,True
686610,RP,149,86.7,150,91.2,76,False,25.8,150,62,False,10.7,200,False,False,127,kenwaldichuk,Ken Waldichuk,SP,Wsh,0.01,SIXTY_DAY_DL,FA,False,2026-08-17,False
664353,RP,239,86.6,150,92.9,64,True,25.6,150,121,False,13.0,200,True,True,3,joseurquidy,Jose Urquidy,SP,ChW,0.14,ACTIVE,FA,False,2026-08-17,False
681751,RP,352,86.6,150,92.5,61,True,26.7,150,165,True,9.5,200,True,True,4,estradalazaro,Lazaro Estrada,SP,Tor,0.02,ACTIVE,FA,False,2026-08-17,True
669620,RP,535,86.5,150,92.0,77,True,20.0,150,270,True,10.5,200,True,False,2,bassobrady,Brady Basso,RP,Oak,0.02,ACTIVE,FA,False,2026-08-17,True
681006,RP,739,86.4,150,93.1,63,True,22.7,150,333,True,10.5,200,True,True,9,joshsimpson,Josh Simpson,RP,Sea,0.02,ACTIVE,FA,False,2026-08-17,True
693855,RP,2570,86.4,150,90.6,64,True,26.7,150,1270,True,14.5,200,True,False,2,ianseymour,Ian Seymour,RP,TB,39.65,ACTIVE,FA,False,2026-08-17,True
668964,RP,1540,86.3,150,90.9,80,True,14.0,150,792,True,7.0,200,True,False,37,myerstobias,Tobias Myers,RP,NYM,0.32,ACTIVE,FA,False,2026-08-17,True
675540,RP,298,86.3,150,91.0,64,True,14.3,150,133,False,8.0,200,True,True,9,curryxzavion,Xzavion Curry,SP,NYM,0.03,ACTIVE,FA,False,2026-08-17,False
681867,RP,742,86.3,150,89.2,80,True,20.7,150,357,True,6.0,200,True,False,70,coopercriswell,Cooper Criswell,SP,Sea,0.08,SIXTY_DAY_DL,FA,False,2026-08-17,True
670062,RP,436,86.2,150,92.0,52,True,29.3,150,200,True,16.0,200,True,False,1,garciajulian,Julian Garcia,RP,Cin,0.05,ACTIVE,FA,False,2026-08-17,True
681895,RP,1073,86.2,150,91.4,87,True,22.7,150,436,True,11.0,200,True,False,5,evansisk,Evan Sisk,RP,Pit,0.05,ACTIVE,FA,False,2026-08-17,True
663362,RP,694,86.1,150,90.5,83,True,17.3,150,325,True,6.5,200,True,False,5,mattwaldron,Matt Waldron,SP,Tor,0.06,ACTIVE,FA,False,2026-08-17,True
607481,RP,1275,85.9,150,90.2,82,True,19.3,150,556,True,8.5,200,True,False,11,aaronbummer,Aaron Bummer,RP,KC,0.06,ACTIVE,FA,False,2026-08-17,True
623167,RP,673,85.9,150,90.5,98,True,15.3,150,335,True,6.5,200,True,False,385,chrisflexen,Chris Flexen,RP,ChC,0.04,ACTIVE,FA,False,2026-08-17,True
695445,RP,739,85.9,150,89.8,74,True,16.0,150,315,True,5.0,200,True,True,4,chaselee,Chase Lee,RP,Tor,0.02,ACTIVE,FA,False,2026-08-17,True
548384,RP,1104,85.8,150,88.7,76,True,20.7,150,509,True,11.0,200,True,False,0,brooksraley,Brooks Raley,RP,Phi,0.96,ACTIVE,FA,False,2026-08-17,True
660761,RP,1317,85.8,150,92.0,64,True,25.3,150,625,True,10.0,200,True,False,7,josesuarez,Jose Suarez,SP,Oak,0.08,FIFTEEN_DAY_DL,FA,False,2026-08-17,True
691769,RP,316,85.8,150,90.7,75,True,16.8,150,149,False,8.0,200,True,True,2,abnerphilip,Philip Abner,RP,Ari,0.01,ACTIVE,FA,False,2026-08-17,False
592866,RP,1661,85.6,150,89.5,89,True,20.7,150,789,True,11.0,200,True,True,5,trevorwilliams,Trevor Williams,SP,Wsh,0.09,ACTIVE,FA,False,2026-08-17,True
664208,RP,1563,85.5,150,90.4,92,True,21.3,150,730,True,10.5,200,True,False,29,matonphil,Phil Maton,RP,ChC,0.45,FIFTEEN_DAY_DL,FA,False,2026-08-17,True
684974,RP,593,85.5,150,92.4,69,True,24.0,150,261,True,12.0,200,True,False,3,craigyoho,Craig Yoho,RP,Cle,0.06,ACTIVE,FA,False,2026-08-17,True
573204,RP,1491,85.4,150,93.6,58,True,22.7,150,748,True,10.5,200,True,False,1,calebthielbar,Caleb Thielbar,RP,ChC,0.27,ACTIVE,FA,False,2026-08-17,True
676571,RP,1058,85.4,150,89.8,89,True,17.3,150,438,True,6.5,200,True,False,37,pjpoulin,PJ Poulin,RP,Wsh,0.08,SIXTY_DAY_DL,FA,False,2026-08-17,True
608718,RP,2379,85.3,150,88.5,105,True,18.7,150,1113,True,9.0,200,True,False,2,brentsuter,Brent Suter,RP,Atl,0.15,ACTIVE,FA,False,2026-08-17,True
622088,RP,686,85.3,150,91.6,38,True,22.7,150,321,True,9.5,200,True,False,1,antonetejay,Tejay Antone,RP,Cin,0.11,ACTIVE,FA,False,2026-08-17,True
806188,RP,1546,85.2,150,91.7,52,True,20.7,150,664,True,7.0,200,True,False,0,cadegibson,Cade Gibson,RP,Mia,0.05,ACTIVE,FA,False,2026-08-17,True
669212,RP,454,85.1,150,91.4,55,True,22.0,150,216,True,11.0,200,True,False,30,elimorgan,Eli Morgan,RP,KC,0.03,ACTIVE,FA,False,2026-08-17,True
702021,RP,417,85.1,150,90.7,79,True,28.0,150,222,True,17.0,200,True,False,2,dionwill,Will Dion,RP,Wsh,0.28,ACTIVE,FA,False,2026-08-17,True
657044,RP,1323,85.0,150,89.6,87,True,20.7,150,634,True,10.0,200,True,False,13,ryanthompson,Ryan Thompson,RP,Ari,0.12,FIFTEEN_DAY_DL,FA,False,2026-08-17,True
679775,RP,784,84.9,150,90.4,81,True,18.7,150,350,True,9.0,200,True,False,14,backhuskyle,Kyle Backhus,RP,Phi,0.02,ACTIVE,FA,False,2026-08-17,True
681252,RP,182,84.9,150,90.7,50,True,26.3,150,95,False,13.7,200,False,False,20,andersonjack,Jack Anderson,RP,Min,0.01,ACTIVE,FA,False,2026-08-17,False
518585,RP,1682,84.8,150,92.7,51,True,34.0,150,724,True,13.0,200,True,False,4,cruzfernando,Fernando Cruz,RP,NYY,4.39,ACTIVE,FA,False,2026-08-17,True
623474,RP,1953,84.8,150,90.6,41,True,24.0,150,903,True,8.5,200,True,False,1,hergetjimmy,Jimmy Herget,RP,Col,0.11,ACTIVE,FA,False,2026-08-17,True
643410,RP,1384,84.8,150,91.3,62,True,31.3,150,632,True,15.0,200,True,False,30,jrleitermark,Mark Leiter Jr.,RP,Oak,0.12,SIXTY_DAY_DL,FA,False,2026-08-17,True
573009,RP,460,84.7,150,89.1,70,True,17.3,150,222,True,8.0,200,True,True,92,joemantiply,Joe Mantiply,RP,Tor,0.04,SIXTY_DAY_DL,FA,False,2026-08-17,True
667463,RP,1488,84.7,150,90.5,41,True,18.0,150,721,True,7.5,200,True,False,0,johnking,John King,RP,Mia,0.14,ACTIVE,FA,False,2026-08-17,True
669438,RP,1332,84.7,150,90.3,65,True,23.3,150,676,True,12.0,200,True,False,31,englertmason,Mason Englert,RP,TB,0.04,ACTIVE,FA,False,2026-08-17,True
573124,RP,1733,84.4,150,91.4,71,True,16.7,150,743,True,4.5,200,True,False,0,rogerstaylor,Taylor Rogers,RP,Min,0.37,ACTIVE,FA,False,2026-08-17,True
677865,RP,1251,84.4,150,90.4,72,True,13.3,150,549,True,7.5,200,True,False,0,bruihljustin,Justin Bruihl,RP,StL,0.07,ACTIVE,FA,False,2026-08-17,True
595345,RP,2004,84.3,150,90.6,56,True,32.0,150,1013,True,14.0,200,True,False,1,okertsteven,Steven Okert,RP,Hou,3.38,ACTIVE,FA,False,2026-08-17,True
657514,RP,1664,83.9,150,88.9,80,True,19.3,150,737,True,10.0,200,True,False,3,bernardinobrennan,Brennan Bernardino,RP,Col,0.1,ACTIVE,FA,False,2026-08-17,True
571948,RP,1742,83.5,150,87.1,82,True,17.3,150,762,True,8.0,200,True,False,53,hobymilner,Hoby Milner,RP,ChC,0.11,FIFTEEN_DAY_DL,FA,False,2026-08-17,True
680704,RP,447,82.0,150,91.5,32,True,26.7,150,190,True,10.0,200,True,True,106,nicksandlin,Nick Sandlin,RP,LAA,0.01,ACTIVE,FA,False,2026-08-17,True
642232,RP,1767,81.3,150,86.7,82,True,22.7,150,816,True,8.5,200,True,False,4,ryanyarbrough,Ryan Yarbrough,RP,NYY,0.28,ACTIVE,FA,False,2026-08-17,True
605130,RP,1875,80.9,150,89.1,33,True,29.3,150,774,True,9.5,200,True,False,58,barlowscott,Scott Barlow,RP,FA,0.08,ACTIVE,FA,False,2026-08-17,True
643511,RP,1818,80.6,150,83.2,108,True,10.0,150,948,True,6.0,200,True,False,2,rogerstyler,Tyler Rogers,RP,Tor,16.35,ACTIVE,FA,False,2026-08-17,True
676680,RP,244,79.1,150,88.5,57,True,12.6,150,127,False,5.5,200,True,True,2,cosgrovetom,Tom Cosgrove,RP,Wsh,0.02,ACTIVE,FA,False,2026-08-17,False
666126,RP,133,70.5,150,,0,False,3.4,150,58,False,1.5,200,False,False,10,carloscortes,Carlos Cortes,RF,Oak,3.07,ACTIVE,FA,False,2026-08-17,False
664954,RP,87,61.5,150,,0,False,0.0,150,40,False,0.0,200,False,False,22,brettsullivan,Brett Sullivan,C,Col,0.7,ACTIVE,FA,False,2026-08-17,False
691594,RP,243,61.2,150,,0,True,7.2,150,125,False,3.0,200,True,True,4,javiersanoja,Javier Sanoja,LF,Mia,5.7,ACTIVE,FA,False,2026-08-17,False
623168,RP,122,51.9,150,,0,False,0.0,150,68,False,0.0,200,False,True,8,heinemantyler,Tyler Heineman,C,LAA,0.13,ACTIVE,FA,False,2026-08-17,False
810938,RP,50,49.9,150,,0,False,0.0,150,21,False,0.0,200,False,False,31,benwilliamson,Ben Williamson,3B,TB,0.26,TEN_DAY_DL,FA,False,2026-08-17,False
686475,RP,106,46.6,150,,0,False,2.8,150,36,False,0.9,200,False,False,29,tolberttyler,Tyler Tolbert,CF,KC,0.82,ACTIVE,FA,False,2026-08-17,False
694819,SP,3250,97.2,150,100.3,108,True,32.0,150,1658,True,15.4,175,True,False,2,jacobmisiorowski,Jacob Misiorowski,SP,Mil,,ACTIVE,Treasure Island Mashers,False,2026-08-17,True
693645,SP,3642,96.8,150,97.8,136,True,31.3,150,1886,True,15.4,175,True,False,2,camschlittler,Cam Schlittler,SP,NYY,,ACTIVE,2015 Draft First Round,False,2026-08-17,True
700712,SP,1846,95.4,150,98.7,85,True,24.0,150,836,True,8.0,175,True,False,4,urenawalbert,Walbert Urena,SP,LAA,21.21,ACTIVE,FA,False,2026-08-17,True
696149,SP,2542,95.0,150,97.7,94,True,19.3,150,1224,True,7.4,175,True,False,3,bubbachandler,Bubba Chandler,SP,Pit,21.26,ACTIVE,FA,False,2026-08-17,True
693433,SP,4835,94.5,150,97.0,109,True,20.0,150,2575,True,9.7,175,True,False,1,bryanwoo,Bryan Woo,SP,Sea,,DAY_TO_DAY,Late Night Bettsing,False,2026-08-17,True
695505,SP,2899,94.0,150,97.7,81,True,30.0,150,1450,True,13.1,175,True,False,3,burnschase,Chase Burns,SP,Cin,,ACTIVE,Frendy's Fantastic Team,False,2026-08-17,True
686799,SP,2986,93.8,150,96.0,97,True,24.0,150,1384,True,10.3,175,True,False,72,jackkochanowicz,Jack Kochanowicz,SP,LAA,0.63,SIXTY_DAY_DL,FA,False,2026-08-17,True
594798,SP,4653,93.6,150,97.6,70,True,27.3,150,2398,True,13.1,175,True,False,4,degromjacob,Jacob deGrom,SP,Tex,,DAY_TO_DAY,2015 Draft First Round,False,2026-08-17,True
668881,SP,2204,93.6,150,97.7,88,True,23.3,150,1177,True,13.1,175,True,False,17,greenehunter,Hunter Greene,SP,Cin,26.94,SIXTY_DAY_DL,FA,False,2026-08-17,True
605288,SP,3518,93.4,150,95.8,112,True,14.7,150,1694,True,8.6,175,True,False,5,adrianhouser,Adrian Houser,SP,SF,1.11,ACTIVE,FA,False,2026-08-17,True
683003,SP,1048,93.4,150,97.6,74,True,27.3,150,506,True,15.4,175,True,False,2,jaredjones,Jared Jones,SP,Pit,,ACTIVE,Frendy's Fantastic Team,False,2026-08-17,True
667755,SP,5015,93.2,150,96.5,86,True,25.3,150,2290,True,13.7,175,True,False,5,josesoriano,Jose Soriano,SP,Tor,,ACTIVE,New York Ligers,True,2026-08-17,True
681190,SP,3973,93.2,150,94.4,120,True,14.7,150,1903,True,8.0,175,True,False,2,randyvasquez,Randy Vasquez,SP,SD,12.07,ACTIVE,FA,False,2026-08-17,True
645261,SP,5463,93.0,150,95.7,102,True,16.0,150,2739,True,5.1,175,True,False,3,alcantarasandy,Sandy Alcantara,SP,Mia,,ACTIVE,Treasure Island Mashers,False,2026-08-17,True
671212,SP,1283,93.0,150,97.8,68,True,22.7,150,567,True,7.4,175,True,False,1,boylejoe,Joe Boyle,SP,TB,0.38,ACTIVE,FA,False,2026-08-17,True
671737,SP,4658,93.0,150,94.4,124,True,19.3,150,2217,True,9.1,175,True,False,4,bradleytaj,Taj Bradley,SP,Min,,ACTIVE,U Just Lost To Edwin Diaz,False,2026-08-17,True
656876,SP,4312,92.9,150,93.9,128,True,26.7,150,2133,True,12.0,175,True,False,5,drewrasmussen,Drew Rasmussen,SP,TB,,ACTIVE,New York Ligers,True,2026-08-17,True
687075,SP,2012,92.9,150,95.4,105,True,20.0,150,927,True,10.9,175,True,False,14,brandonsproat,Brandon Sproat,SP,Mil,1.83,ACTIVE,FA,False,2026-08-17,True
691587,SP,3672,92.9,150,98.3,79,True,31.3,150,1869,True,13.1,175,True,False,1,euryperez,Eury Perez,SP,Mia,,ACTIVE,New York Ligers,True,2026-08-17,True
676979,SP,3669,92.8,150,95.1,119,True,22.0,150,1884,True,12.0,175,True,False,114,crochetgarrett,Garrett Crochet,SP,Bos,,SIXTY_DAY_DL,Team Solomon,False,2026-08-17,True
806960,SP,1167,92.8,150,98.0,82,True,17.3,150,512,True,9.1,175,True,False,17,luismorales,Luis Morales,SP,Oak,0.13,ACTIVE,FA,False,2026-08-17,True
808963,SP,2454,92.8,150,97.9,67,True,31.3,150,1184,True,10.9,175,True,False,4,rokisasaki,Roki Sasaki,SP,LAD,34.12,ACTIVE,FA,False,2026-08-17,True
543037,SP,1335,92.7,150,96.6,91,True,20.7,150,641,True,9.1,175,True,False,3,colegerrit,Gerrit Cole,SP,NYY,,ACTIVE,Boone's Bad Bullpen,False,2026-08-17,True
665795,SP,3533,92.7,150,97.3,56,True,22.7,150,1627,True,9.7,175,True,False,1,cabreraedward,Edward Cabrera,SP,ChC,19.82,FIFTEEN_DAY_DL,FA,False,2026-08-17,True
669194,SP,3764,92.6,150,96.0,88,True,14.7,150,1942,True,9.1,175,True,False,63,nelsonryne,Ryne Nelson,SP,Ari,3.45,SIXTY_DAY_DL,FA,False,2026-08-17,True
677952,SP,3211,92.6,150,97.0,78,True,20.0,150,1650,True,10.9,175,True,False,4,ashcraftbraxton,Braxton Ashcraft,RP,Pit,,ACTIVE,Late Night Bettsing,False,2026-08-17,True
679883,SP,1511,92.6,150,96.2,84,True,22.0,150,650,True,10.9,175,True,False,16,avilaluinder,Luinder Avila,RP,KC,0.28,SIXTY_DAY_DL,FA,False,2026-08-17,True
682847,SP,1502,92.6,150,95.9,99,True,23.3,150,697,True,10.3,175,True,False,416,luisortiz,Luis Ortiz,SP,Cle,0.03,OUT,FA,False,2026-08-17,True
669373,SP,4570,92.5,150,97.1,71,True,26.7,150,2483,True,15.4,175,True,False,1,skubaltarik,Tarik Skubal,SP,LAD,,ACTIVE,Team Solomon,False,2026-08-17,True
686613,SP,4166,92.5,150,96.3,87,True,19.3,150,1815,True,6.3,175,True,False,1,brownhunter,Hunter Brown,SP,Hou,,ACTIVE,Frendy's Fantastic Team,False,2026-08-17,True
680736,SP,2998,92.4,150,95.3,102,True,18.7,150,1505,True,9.7,175,True,False,2,justinwrobleski,Justin Wrobleski,RP,LAD,60.93,FIFTEEN_DAY_DL,FA,False,2026-08-17,True
686752,SP,2700,92.4,150,95.7,82,True,26.7,150,1352,True,12.0,175,True,False,328,pepiotryan,Ryan Pepiot,SP,TB,30.68,SIXTY_DAY_DL,FA,False,2026-08-17,True
691946,SP,315,92.2,150,96.1,68,True,28.5,150,144,False,12.6,175,True,False,5,georgeklassen,George Klassen,SP,LAA,0.69,ACTIVE,FA,False,2026-08-17,False
694973,SP,5270,92.1,150,96.4,78,True,27.3,150,2652,True,12.0,175,True,False,6,paulskenes,Paul Skenes,SP,Pit,,ACTIVE,Boone's Bad Bullpen,False,2026-08-17,True
801139,SP,2021,92.1,150,94.4,116,True,28.0,150,1109,True,13.7,175,True,False,4,paytontolle,Payton Tolle,SP,Bos,,ACTIVE,Frendy's Fantastic Team,False,2026-08-17,True
694346,SP,619,92.0,150,94.6,97,True,28.0,150,255,True,12.6,175,True,False,48,gibsontrey,Trey Gibson,SP,Bal,0.11,ACTIVE,FA,False,2026-08-17,True
666142,SP,1718,91.9,150,94.9,108,True,30.7,150,825,True,13.7,175,True,False,103,coleragans,Cole Ragans,SP,KC,45.78,SIXTY_DAY_DL,FA,False,2026-08-17,True
669160,SP,4114,91.9,150,94.3,107,True,24.0,150,1888,True,12.6,175,True,False,5,dustinmay,Dustin May,SP,Mil,22.56,ACTIVE,FA,False,2026-08-17,True
676962,SP,2698,91.9,150,95.6,93,True,20.7,150,1287,True,11.4,175,True,False,59,benbrown,Ben Brown,SP,ChC,,SIXTY_DAY_DL,Late Night Bettsing,False,2026-08-17,True
695549,SP,1022,91.9,150,97.7,72,True,24.0,150,455,True,9.7,175,True,True,3,jacksonjobe,Jackson Jobe,SP,Det,11.91,ACTIVE,FA,False,2026-08-17,True
622491,SP,5030,91.8,150,95.5,83,True,35.3,150,2604,True,16.0,175,True,False,0,castilloluis,Luis Castillo,SP,ChW,49.3,ACTIVE,FA,False,2026-08-17,True
808967,SP,4885,91.8,150,94.7,98,True,16.7,150,2328,True,8.6,175,True,False,3,yamamotoyoshinobu,Yoshinobu Yamamoto,SP,LAD,,ACTIVE,Treasure Island Mashers,False,2026-08-17,True
622663,SP,3821,91.7,150,95.4,94,True,18.0,150,1808,True,12.0,175,True,False,80,luisseverino,Luis Severino,SP,Oak,2.42,SIXTY_DAY_DL,FA,False,2026-08-17,True
678394,SP,4136,91.7,150,93.5,95,True,24.7,150,1938,True,10.3,175,True,False,0,bellobrayan,Brayan Bello,SP,Bos,5.2,ACTIVE,FA,False,2026-08-17,True
669923,SP,4196,91.6,150,96.2,72,True,18.0,150,2117,True,7.4,175,True,False,3,georgekirby,George Kirby,SP,Sea,,ACTIVE,Team Solomon,False,2026-08-17,True
690990,SP,1882,91.6,150,95.6,89,True,14.7,150,911,True,9.7,175,True,True,136,cadehorton,Cade Horton,SP,ChC,6.99,SIXTY_DAY_DL,FA,False,2026-08-17,True
702273,SP,1147,91.5,150,93.5,115,True,17.3,150,510,True,9.7,175,True,False,10,noahschultz,Noah Schultz,SP,ChW,2.24,ACTIVE,FA,False,2026-08-17,True
676974,SP,2831,91.4,150,94.9,55,True,24.0,150,1328,True,9.1,175,True,False,30,maxmeyer,Max Meyer,SP,Mia,,FIFTEEN_DAY_DL,Late Night Bettsing,False,2026-08-17,True
700842,SP,210,91.4,150,95.3,75,True,24.0,150,96,False,9.7,175,True,False,26,eduardorivera,Eduardo Rivera,SP,Bos,0.03,OUT,FA,False,2026-08-17,False
680694,SP,2697,91.3,150,94.1,92,True,20.7,150,1209,True,8.0,175,True,False,2,bradishkyle,Kyle Bradish,SP,Bal,67.38,ACTIVE,FA,False,2026-08-17,True
661563,SP,1307,91.2,150,94.6,91,True,16.7,150,557,True,4.0,175,True,True,113,gilluis,Luis Gil,SP,NYY,0.94,ACTIVE,FA,False,2026-08-17,True
689818,SP,409,91.0,150,93.8,101,True,20.7,150,184,True,8.6,175,True,False,10,davidsandlin,David Sandlin,RP,ChW,0.37,ACTIVE,FA,False,2026-08-17,True
608566,SP,3011,90.9,150,94.0,84,True,18.0,150,1436,True,5.7,175,True,False,13,germanmarquez,German Marquez,SP,FA,0.25,ACTIVE,FA,False,2026-08-17,True
675512,SP,1905,90.9,150,94.9,88,True,23.3,150,935,True,12.6,175,True,False,2,meltontroy,Troy Melton,RP,Det,,ACTIVE,2015 Draft First Round,False,2026-08-17,True
695611,SP,1363,90.9,150,96.1,76,True,25.3,150,652,True,12.0,175,True,False,3,gagejump,Gage Jump,SP,Oak,,ACTIVE,U Just Lost To Edwin Diaz,False,2026-08-17,True
800048,SP,2838,90.9,150,94.7,88,True,27.3,150,1351,True,13.7,175,True,False,4,messickparker,Parker Messick,SP,Cle,,ACTIVE,New York Ligers,True,2026-08-17,True
472610,SP,1154,90.8,150,95.7,75,True,18.0,150,564,True,8.0,175,True,True,92,garcialuis,Luis Garcia,SP,FA,0.03,DAY_TO_DAY,FA,False,2026-08-17,True
476594,SP,294,90.8,150,93.4,117,True,23.9,150,138,False,12.0,175,True,True,3,robertstock,Robert Stock,SP,NYM,0.3,ACTIVE,FA,False,2026-08-17,False
621111,SP,4259,90.8,150,92.7,109,True,15.3,150,1896,True,8.0,175,True,False,0,buehlerwalker,Walker Buehler,SP,SD,6.04,ACTIVE,FA,False,2026-08-17,True
669022,SP,5189,90.8,150,94.8,93,True,32.0,150,2566,True,16.0,175,True,False,2,goremackenzie,MacKenzie Gore,SP,Tex,,ACTIVE,U Just Lost To Edwin Diaz,False,2026-08-17,True
673540,SP,2819,90.8,150,95.4,92,True,26.0,150,1280,True,12.6,175,True,False,1,kodaisenga,Kodai Senga,SP,NYM,10.48,ACTIVE,FA,False,2026-08-17,True
579328,SP,3676,90.7,150,94.3,87,True,19.3,150,1768,True,6.9,175,True,False,110,kikuchiyusei,Yusei Kikuchi,SP,LAA,6.86,SIXTY_DAY_DL,FA,False,2026-08-17,True
837227,SP,1241,90.7,150,95.1,70,True,29.3,150,542,True,15.4,175,True,False,5,imaitatsuya,Tatsuya Imai,SP,Hou,14.9,ACTIVE,FA,False,2026-08-17,True
643377,SP,2515,90.6,150,94.9,60,True,29.3,150,1236,True,17.7,175,True,False,15,griffinjax,Griffin Jax,RP,TB,39.75,FIFTEEN_DAY_DL,FA,False,2026-08-17,True
690997,SP,3100,90.6,150,94.5,94,True,17.3,150,1354,True,8.0,175,True,False,0,mcleannolan,Nolan McLean,SP,NYM,,ACTIVE,Treasure Island Mashers,False,2026-08-17,True
680885,SP,1577,90.5,150,95.9,80,True,31.3,150,815,True,13.1,175,True,False,415,schwellenbachspencer,Spencer Schwellenbach,SP,Atl,9.62,SIXTY_DAY_DL,FA,False,2026-08-17,True
682990,SP,2469,90.5,150,93.0,99,True,24.7,150,1139,True,12.0,175,True,False,325,priesterquinn,Quinn Priester,SP,Mil,0.99,SIXTY_DAY_DL,FA,False,2026-08-17,True
683004,SP,3982,90.5,150,96.0,66,True,18.0,150,1905,True,12.0,175,True,False,60,jackleiter,Jack Leiter,SP,Tex,10.84,SIXTY_DAY_DL,FA,False,2026-08-17,True
669358,SP,5005,90.4,150,93.5,90,True,20.7,150,2448,True,10.9,175,True,False,5,bazshane,Shane Baz,SP,Bal,,ACTIVE,2015 Draft First Round,False,2026-08-17,True
669372,SP,3592,90.4,150,92.5,96,True,22.7,150,1595,True,10.9,175,True,False,2,ginnjt,J.T. Ginn,SP,Oak,17.51,ACTIVE,FA,False,2026-08-17,True
675660,SP,1540,90.4,150,93.8,94,True,23.3,150,742,True,8.6,175,True,False,4,drohanshane,Shane Drohan,SP,Mil,7.81,ACTIVE,FA,False,2026-08-17,True
650911,SP,5376,90.3,150,94.3,75,True,32.7,150,2672,True,14.3,175,True,False,0,cristophersanchez,Cristopher Sanchez,SP,Phi,,ACTIVE,Team Solomon,False,2026-08-17,True
656288,SP,2609,90.3,150,94.7,56,True,24.7,150,1185,True,13.1,175,True,False,2,canninggriffin,Griffin Canning,SP,SD,0.33,ACTIVE,FA,False,2026-08-17,True
665871,SP,1837,90.3,150,93.4,108,True,16.7,150,817,True,7.4,175,True,False,5,assadjavier,Javier Assad,SP,ChC,2.19,ACTIVE,FA,False,2026-08-17,True
668909,SP,5286,90.3,150,98.0,60,True,30.0,150,2508,True,12.0,175,True,False,3,gavinwilliams,Gavin Williams,SP,Cle,,ACTIVE,U Just Lost To Edwin Diaz,False,2026-08-17,True
669203,SP,1010,90.3,150,93.9,102,True,27.3,150,467,True,10.3,175,True,False,442,burnescorbin,Corbin Burnes,SP,Ari,5.41,SIXTY_DAY_DL,FA,False,2026-08-17,True
687570,SP,1507,90.2,150,96.0,59,True,27.3,150,710,True,13.1,175,True,False,2,connorprielipp,Connor Prielipp,SP,Min,1.95,ACTIVE,FA,False,2026-08-17,True
607067,SP,4563,90.1,150,93.5,85,True,12.0,150,2156,True,6.3,175,True,False,2,colinrea,Colin Rea,SP,ChC,3.03,ACTIVE,FA,False,2026-08-17,True
669387,SP,3404,90.1,150,94.2,84,True,18.7,150,1570,True,7.4,175,True,False,0,carmenmlodzinski,Carmen Mlodzinski,RP,Pit,3.02,ACTIVE,FA,False,2026-08-17,True
672456,SP,3330,90.1,150,94.5,81,True,14.0,150,1595,True,5.7,175,True,False,4,keidermontero,Keider Montero,SP,Det,23.24,ACTIVE,FA,False,2026-08-17,True
686563,SP,1813,90.1,150,94.8,75,True,24.0,150,869,True,11.4,175,True,True,127,cannonjonathan,Jonathan Cannon,SP,ChW,0.02,ACTIVE,FA,False,2026-08-17,True
695684,SP,318,90.1,150,94.9,93,True,23.8,150,126,False,9.7,175,True,False,57,elmerrodriguez,Elmer Rodriguez,SP,NYY,0.47,ACTIVE,FA,False,2026-08-17,False
601713,SP,3139,90.0,150,93.4,112,True,22.7,150,1497,True,10.3,175,True,True,127,nickpivetta,Nick Pivetta,SP,SD,,SIXTY_DAY_DL,New York Ligers,True,2026-08-17,True
607074,SP,4041,90.0,150,94.0,81,True,29.3,150,1861,True,17.1,175,True,False,50,carlosrodon,Carlos Rodon,SP,NYY,58.38,ACTIVE,FA,False,2026-08-17,True
663567,SP,1986,90.0,150,93.4,90,True,24.7,150,960,True,8.6,175,True,False,3,lambertpeter,Peter Lambert,RP,Hou,,ACTIVE,2015 Draft First Round,False,2026-08-17,True
669302,SP,4417,90.0,150,96.8,56,True,28.7,150,2248,True,13.1,175,True,False,4,gilbertlogan,Logan Gilbert,SP,Sea,,ACTIVE,2015 Draft First Round,False,2026-08-17,True
677944,SP,3929,90.0,150,93.2,107,True,18.0,150,1828,True,9.1,175,True,False,11,cecconislade,Slade Cecconi,SP,Cle,1.44,FIFTEEN_DAY_DL,FA,False,2026-08-17,True
677958,SP,3068,90.0,150,93.9,93,True,28.7,150,1485,True,10.3,175,True,False,3,kumarrocker,Kumar Rocker,SP,Tex,4.09,ACTIVE,FA,False,2026-08-17,True
680570,SP,1115,90.0,150,95.7,78,True,29.3,150,534,True,13.7,175,True,False,3,graysonrodriguez,Grayson Rodriguez,SP,LAA,2.12,ACTIVE,FA,False,2026-08-17,True
691725,SP,1473,90.0,150,96.5,55,True,24.0,150,708,True,8.0,175,True,False,1,andrewpainter,Andrew Painter,SP,Phi,7.06,ACTIVE,FA,False,2026-08-17,True
701581,SP,882,90.0,150,93.4,62,True,24.7,150,452,True,12.6,175,True,False,392,davidfesta,David Festa,SP,Min,0.06,SIXTY_DAY_DL,FA,False,2026-08-17,True
663568,SP,2531,89.9,150,93.4,90,True,17.3,150,1195,True,8.6,175,True,False,46,kolekstephen,Stephen Kolek,SP,KC,2.08,SIXTY_DAY_DL,FA,False,2026-08-17,True
669467,SP,4925,89.9,150,95.4,70,True,22.0,150,2238,True,7.4,175,True,False,0,andrepallante,Andre Pallante,SP,StL,23.09,ACTIVE,FA,False,2026-08-17,True
676106,SP,3434,89.9,150,94.5,108,True,18.0,150,1739,True,8.6,175,True,False,2,emersonhancock,Emerson Hancock,SP,Sea,65.55,ACTIVE,FA,False,2026-08-17,True
663554,SP,3921,89.8,150,93.2,63,True,11.3,150,1921,True,6.9,175,True,False,1,caseymize,Casey Mize,SP,SD,,ACTIVE,Boone's Bad Bullpen,False,2026-08-17,True
666157,SP,3713,89.8,150,93.8,77,True,24.0,150,1810,True,12.0,175,True,False,1,lodolonick,Nick Lodolo,SP,Cin,,ACTIVE,2015 Draft First Round,False,2026-08-17,True
669432,SP,3681,89.8,150,93.0,100,True,20.7,150,1937,True,9.7,175,True,False,1,rogerstrevor,Trevor Rogers,SP,Bal,,ACTIVE,Late Night Bettsing,False,2026-08-17,True
593423,SP,709,89.7,150,93.7,73,True,21.3,150,344,True,10.3,175,True,False,367,frankiemontas,Frankie Montas,SP,FA,0.01,OUT,FA,False,2026-08-17,True
682243,SP,2817,89.7,150,95.7,72,True,18.7,150,1497,True,10.9,175,True,False,5,brycemiller,Bryce Miller,SP,Sea,47.2,ACTIVE,FA,False,2026-08-17,True
805673,SP,2833,89.7,150,94.2,72,True,18.0,150,1377,True,5.1,175,True,False,5,matthewszebby,Zebby Matthews,SP,Min,3.56,ACTIVE,FA,False,2026-08-17,True
554430,SP,4240,89.6,150,93.5,92,True,29.3,150,2131,True,10.3,175,True,False,5,wheelerzack,Zack Wheeler,SP,Phi,,ACTIVE,Team Solomon,False,2026-08-17,True
607192,SP,2088,89.6,150,95.6,74,True,30.0,150,885,True,10.9,175,True,False,103,glasnowtyler,Tyler Glasnow,SP,LAD,,SIXTY_DAY_DL,New York Ligers,True,2026-08-17,True
641743,SP,2152,89.6,150,94.6,69,True,18.0,150,1006,True,10.3,175,True,False,2,anthonykay,Anthony Kay,SP,ChW,5.61,ACTIVE,FA,False,2026-08-17,True
642547,SP,5428,89.6,150,93.6,84,True,24.0,150,2548,True,12.6,175,True,False,1,freddyperalta,Freddy Peralta,SP,TB,,ACTIVE,Frendy's Fantastic Team,False,2026-08-17,True
656557,SP,749,89.6,150,94.9,68,True,18.0,150,333,True,5.1,175,True,False,462,houcktanner,Tanner Houck,SP,Bos,0.08,SIXTY_DAY_DL,FA,False,2026-08-17,True
681343,SP,2648,89.6,150,95.2,59,True,25.3,150,1263,True,10.3,175,True,True,132,shanesmith,Shane Smith,SP,ChW,1.63,ACTIVE,FA,False,2026-08-17,True
701542,SP,4817,89.6,150,93.1,88,True,21.3,150,2081,True,9.1,175,True,False,5,warrenwill,Will Warren,SP,NYY,37.61,ACTIVE,FA,False,2026-08-17,True
592332,SP,5369,89.5,150,94.6,68,True,22.0,150,2740,True,11.4,175,True,False,4,gausmankevin,Kevin Gausman,SP,ChC,,DAY_TO_DAY,U Just Lost To Edwin Diaz,False,2026-08-17,True
605483,SP,1284,89.5,150,96.3,72,True,31.3,150,616,True,14.9,175,True,True,0,blakesnell,Blake Snell,SP,LAD,,ACTIVE,Team Solomon,False,2026-08-17,True
641816,SP,3146,89.5,150,91.6,87,True,30.0,150,1477,True,15.4,175,True,False,5,mahletyler,Tyler Mahle,SP,Atl,21.06,ACTIVE,FA,False,2026-08-17,True
663436,SP,4350,89.5,150,92.6,90,True,14.7,150,2129,True,7.4,175,True,False,4,davismartin,Davis Martin,SP,ChW,35.14,FIFTEEN_DAY_DL,FA,False,2026-08-17,True
687312,SP,639,89.5,150,91.9,101,True,16.7,150,309,True,7.4,175,True,False,1,gabrielhughes,Gabriel Hughes,SP,Col,0.42,ACTIVE,FA,False,2026-08-17,True
813349,SP,1852,89.5,150,93.9,77,True,26.0,150,882,True,15.4,175,True,False,48,connellyearly,Connelly Early,SP,Wsh,,FIFTEEN_DAY_DL,Frendy's Fantastic Team,False,2026-08-17,True
656302,SP,5400,89.4,150,95.9,67,True,28.7,150,2580,True,11.4,175,True,False,1,ceasedylan,Dylan Cease,SP,Tor,,ACTIVE,Late Night Bettsing,False,2026-08-17,True
656731,SP,1234,89.4,150,94.9,83,True,34.7,150,554,True,17.7,175,True,False,429,megilltylor,Tylor Megill,SP,NYM,0.05,SIXTY_DAY_DL,FA,False,2026-08-17,True
663372,SP,1951,89.4,150,94.4,74,True,16.0,150,941,True,7.4,175,True,False,5,feltnerryan,Ryan Feltner,SP,Col,0.47,ACTIVE,FA,False,2026-08-17,True
690953,SP,1081,89.4,150,94.7,61,True,24.0,150,535,True,12.6,175,True,False,125,abelmick,Mick Abel,SP,Min,1.41,SIXTY_DAY_DL,FA,False,2026-08-17,True
650633,SP,3529,89.3,150,94.0,73,True,19.3,150,1608,True,10.9,175,True,False,3,kingmichael,Michael King,SP,SD,,ACTIVE,Boone's Bad Bullpen,False,2026-08-17,True
666200,SP,5453,89.3,150,95.7,57,True,32.0,150,2573,True,15.4,175,True,False,2,jesusluzardo,Jesus Luzardo,SP,Phi,,ACTIVE,Boone's Bad Bullpen,False,2026-08-17,True
681517,SP,3285,89.3,150,94.7,49,True,22.7,150,1568,True,13.1,175,True,False,5,kyleleahy,Kyle Leahy,RP,StL,32.45,ACTIVE,FA,False,2026-08-17,True
686701,SP,1316,89.3,150,93.6,71,True,20.7,150,615,True,9.1,175,True,False,338,bergertryan,Ryan Bergert,SP,KC,0.02,DAY_TO_DAY,FA,False,2026-08-17,True
695076,SP,1708,89.3,150,93.7,71,True,12.7,150,767,True,4.6,175,True,False,0,lowderrhett,Rhett Lowder,SP,Cin,2.91,ACTIVE,FA,False,2026-08-17,True
686790,SP,1351,89.2,150,92.3,90,True,16.7,150,614,True,7.4,175,True,False,28,mcdonaldtrevor,Trevor McDonald,SP,SF,1.0,SIXTY_DAY_DL,FA,False,2026-08-17,True
687134,SP,1035,89.2,150,93.4,73,True,14.7,150,491,True,7.4,175,True,False,326,blalockbradley,Bradley Blalock,SP,Mia,0.01,ACTIVE,FA,False,2026-08-17,True
518876,SP,4833,89.1,150,91.7,75,True,20.7,150,2369,True,9.7,175,True,False,5,kellymerrill,Merrill Kelly,SP,Ari,20.41,ACTIVE,FA,False,2026-08-17,True
547179,SP,4506,89.1,150,92.8,85,True,14.7,150,2084,True,5.7,175,True,False,2,lorenzenmichael,Michael Lorenzen,SP,Col,0.44,ACTIVE,FA,False,2026-08-17,True
621244,SP,2592,89.1,150,92.7,91,True,20.7,150,1190,True,8.0,175,True,False,327,berriosjose,Jose Berrios,SP,Tor,0.94,SIXTY_DAY_DL,FA,False,2026-08-17,True
641154,SP,1259,89.1,150,94.3,60,True,22.7,150,611,True,11.4,175,True,False,332,lopezpablo,Pablo Lopez,SP,Min,2.95,SIXTY_DAY_DL,FA,False,2026-08-17,True
657376,SP,1227,89.1,150,91.9,95,True,18.0,150,583,True,8.6,175,True,False,410,clarkeschmidt,Clarke Schmidt,SP,NYY,0.56,SIXTY_DAY_DL,FA,False,2026-08-17,True
681035,SP,1534,89.1,150,93.0,101,True,26.0,150,763,True,16.0,175,True,False,1,christianscott,Christian Scott,SP,NYM,11.83,ACTIVE,FA,False,2026-08-17,True
681857,SP,1167,89.1,150,93.3,68,True,23.3,150,515,True,12.0,175,True,False,389,olsonreese,Reese Olson,SP,Det,0.27,SIXTY_DAY_DL,FA,False,2026-08-17,True
656849,SP,4558,89.0,150,92.4,81,True,19.3,150,2132,True,11.4,175,True,False,0,davidpeterson,David Peterson,SP,ChC,5.26,ACTIVE,FA,False,2026-08-17,True
663556,SP,1604,89.0,150,95.2,61,True,27.3,150,777,True,12.6,175,True,False,0,mcclanahanshane,Shane McClanahan,SP,TB,,ACTIVE,Frendy's Fantastic Team,False,2026-08-17,True
607200,SP,4257,88.9,150,92.9,85,True,18.0,150,1854,True,6.3,175,True,False,4,erickfedde,Erick Fedde,SP,ChW,1.16,ACTIVE,FA,False,2026-08-17,True
664299,SP,1184,88.9,150,92.0,90,True,22.0,150,570,True,7.4,175,True,False,8,cristianjavier,Cristian Javier,SP,Hou,2.55,ACTIVE,FA,False,2026-08-17,True
669456,SP,1474,88.9,150,91.5,87,True,16.7,150,652,True,8.0,175,True,False,3,biebershane,Shane Bieber,SP,Tor,,ACTIVE,U Just Lost To Edwin Diaz,False,2026-08-17,True
519242,SP,4109,88.8,150,95.9,72,True,22.7,150,2042,True,10.3,175,True,False,3,chrissale,Chris Sale,SP,Atl,,ACTIVE,Team Solomon,False,2026-08-17,True
663623,SP,4226,88.8,150,93.3,81,True,18.7,150,1974,True,9.1,175,True,False,1,irvinjake,Jake Irvin,SP,Wsh,0.72,ACTIVE,FA,False,2026-08-17,True
681347,SP,3112,88.8,150,94.8,67,True,13.3,150,1519,True,5.7,175,True,False,42,burrowsmike,Mike Burrows,SP,Hou,1.55,FIFTEEN_DAY_DL,FA,False,2026-08-17,True
688138,SP,1344,88.8,150,91.3,86,True,17.3,150,602,True,6.3,175,True,False,324,evanslogan,Logan Evans,SP,Sea,0.04,SIXTY_DAY_DL,FA,False,2026-08-17,True
703615,SP,280,88.8,150,91.3,90,True,17.7,150,124,False,5.7,175,True,False,40,cabrerajose,Jose Cabrera,SP,Ari,0.08,ACTIVE,FA,False,2026-08-17,False
656550,SP,3850,88.7,150,92.9,68,True,27.3,150,1856,True,11.4,175,True,False,2,grantholmes,Grant Holmes,SP,Atl,10.66,ACTIVE,FA,False,2026-08-17,True
668678,SP,4783,88.7,150,92.9,52,True,15.3,150,2164,True,9.1,175,True,False,41,gallenzac,Zac Gallen,SP,Ari,33.52,SIXTY_DAY_DL,FA,False,2026-08-17,True
701656,SP,1353,88.7,150,92.3,91,True,26.7,150,733,True,13.7,175,True,False,1,hendersonlogan,Logan Henderson,SP,Mil,,ACTIVE,New York Ligers,True,2026-08-17,True
702275,SP,1027,88.7,150,93.5,72,True,20.0,150,420,True,7.4,175,True,False,15,jrritchie,JR Ritchie,SP,Atl,1.46,ACTIVE,FA,False,2026-08-17,True
489119,SP,205,88.6,150,90.5,107,True,10.7,150,84,False,5.1,175,True,False,428,mileywade,Wade Miley,SP,FA,0.01,ACTIVE,FA,False,2026-08-17,False
605280,SP,3744,88.6,150,92.0,86,True,14.0,150,1695,True,5.1,175,True,False,3,clayholmes,Clay Holmes,SP,ChC,,ACTIVE,U Just Lost To Edwin Diaz,False,2026-08-17,True
608331,SP,4406,88.6,150,93.3,97,True,21.3,150,2047,True,10.9,175,True,False,4,friedmax,Max Fried,SP,NYY,,FIFTEEN_DAY_DL,New York Ligers,True,2026-08-17,True
690986,SP,2209,88.6,150,93.7,86,True,22.7,150,1088,True,9.1,175,True,False,6,harrisonkyle,Kyle Harrison,SP,Mil,,ACTIVE,Treasure Island Mashers,False,2026-08-17,True
694462,SP,1102,88.6,150,93.1,81,True,25.3,150,482,True,8.0,175,True,True,41,hurstonwaldrep,Hurston Waldrep,SP,Atl,0.62,DAY_TO_DAY,FA,False,2026-08-17,True
702056,SP,1788,88.6,150,93.6,65,True,32.0,150,846,True,13.1,175,True,False,13,treyyesavage,Trey Yesavage,SP,Tor,,FIFTEEN_DAY_DL,U Just Lost To Edwin Diaz,False,2026-08-17,True
608372,SP,4476,88.5,150,92.5,71,True,17.3,150,2083,True,9.1,175,True,False,0,suganotomoyuki,Tomoyuki Sugano,SP,Col,3.45,ACTIVE,FA,False,2026-08-17,True
672282,SP,3412,88.5,150,93.9,77,True,33.3,150,1674,True,17.1,175,True,False,2,detmersreid,Reid Detmers,RP,LAA,,ACTIVE,New York Ligers,True,2026-08-17,True
676664,SP,2895,88.5,150,92.3,89,True,16.0,150,1369,True,8.6,175,True,False,15,jpsears,JP Sears,SP,SD,0.37,ACTIVE,FA,False,2026-08-17,True
694297,SP,4318,88.5,150,92.4,68,True,20.0,150,2120,True,11.4,175,True,False,3,brandonpfaadt,Brandon Pfaadt,SP,Ari,,ACTIVE,Late Night Bettsing,False,2026-08-17,True
592662,SP,5310,88.4,150,92.9,60,True,22.7,150,2571,True,10.3,175,True,False,5,rayrobbie,Robbie Ray,SP,SD,69.31,ACTIVE,FA,False,2026-08-17,True
593958,SP,4969,88.4,150,91.4,104,True,23.3,150,2359,True,12.0,175,True,False,2,eduardorodriguez,Eduardo Rodriguez,SP,Ari,,ACTIVE,Late Night Bettsing,False,2026-08-17,True
657277,SP,5348,88.4,150,91.2,84,True,18.0,150,2513,True,7.4,175,True,False,2,loganwebb,Logan Webb,SP,SF,,DAY_TO_DAY,Team Solomon,False,2026-08-17,True
663903,SP,5020,88.4,150,91.3,97,True,21.3,150,2226,True,7.4,175,True,False,2,bradysinger,Brady Singer,SP,Cin,8.78,ACTIVE,FA,False,2026-08-17,True
687562,SP,1158,88.4,150,92.5,88,True,22.7,150,604,True,11.4,175,True,False,3,bennettjake,Jake Bennett,SP,Bos,22.43,ACTIVE,FA,False,2026-08-17,True
450203,SP,2559,88.3,150,92.9,81,True,26.7,150,1193,True,10.3,175,True,False,323,charliemorton,Charlie Morton,SP,FA,0.05,ACTIVE,FA,False,2026-08-17,True
641778,SP,3304,88.3,150,90.4,112,True,17.3,150,1652,True,11.4,175,True,False,5,ericlauer,Eric Lauer,SP,LAD,7.39,ACTIVE,FA,False,2026-08-17,True
664285,SP,5119,88.3,150,93.4,79,True,16.0,150,2394,True,7.4,175,True,False,0,frambervaldez,Framber Valdez,SP,Det,,ACTIVE,Frendy's Fantastic Team,False,2026-08-17,True
687064,SP,2840,88.3,150,93.9,88,True,22.0,150,1400,True,11.4,175,True,False,0,brandonyoung,Brandon Young,SP,Bal,17.49,ACTIVE,FA,False,2026-08-17,True
625643,SP,1322,88.2,150,93.2,79,True,20.7,150,600,True,9.7,175,True,False,22,lopezreynaldo,Reynaldo Lopez,SP,Atl,4.85,FIFTEEN_DAY_DL,FA,False,2026-08-17,True
571927,SP,2257,88.1,150,94.1,75,True,16.0,150,1083,True,8.6,175,True,False,1,matzsteven,Steven Matz,RP,TB,2.39,ACTIVE,FA,False,2026-08-17,True
605540,SP,1607,88.1,150,91.3,103,True,23.3,150,813,True,12.6,175,True,False,44,brandonwoodruff,Brandon Woodruff,SP,Mil,41.92,SIXTY_DAY_DL,FA,False,2026-08-17,True
666129,SP,130,88.1,150,90.3,86,False,21.6,150,51,False,8.5,175,False,False,90,braxtongarrett,Braxton Garrett,SP,ChC,0.46,ACTIVE,FA,False,2026-08-17,False
669713,SP,829,88.1,150,92.6,84,True,27.3,150,398,True,12.0,175,True,False,2,haydenwesneski,Hayden Wesneski,SP,Hou,4.79,ACTIVE,FA,False,2026-08-17,True
677960,SP,2851,88.1,150,93.7,65,True,20.0,150,1304,True,8.0,175,True,False,1,ryanweathers,Ryan Weathers,SP,NYY,46.82,ACTIVE,FA,False,2026-08-17,True
687473,SP,2620,88.1,150,93.4,78,True,17.3,150,1288,True,8.6,175,True,False,2,gustoryan,Ryan Gusto,SP,Mia,0.39,ACTIVE,FA,False,2026-08-17,True
543243,SP,4647,88.0,150,91.1,94,True,24.0,150,2196,True,7.4,175,True,False,2,graysonny,Sonny Gray,SP,Bos,,ACTIVE,Team Solomon,False,2026-08-17,True
663460,SP,2611,88.0,150,91.9,76,True,18.0,150,1264,True,7.4,175,True,False,95,bubickris,Kris Bubic,SP,LAD,22.5,SIXTY_DAY_DL,FA,False,2026-08-17,True
663969,SP,2689,88.0,150,95.1,47,True,24.7,150,1261,True,12.6,175,True,False,4,phillipstyler,Tyler Phillips,RP,Mia,2.26,ACTIVE,FA,False,2026-08-17,True
680732,SP,4637,88.0,150,93.4,80,True,22.0,150,2218,True,12.0,175,True,False,1,burkesean,Sean Burke,SP,ChW,,ACTIVE,Late Night Bettsing,False,2026-08-17,True
686218,SP,2850,88.0,150,93.7,67,True,28.7,150,1431,True,16.0,175,True,False,15,emmetsheehan,Emmet Sheehan,SP,LAD,40.12,ACTIVE,FA,False,2026-08-17,True
693821,SP,4583,88.0,150,90.2,88,True,16.0,150,2126,True,8.6,175,True,False,1,bryceelder,Bryce Elder,SP,Atl,,ACTIVE,2015 Draft First Round,False,2026-08-17,True
671096,SP,4993,87.9,150,91.6,80,True,13.3,150,2411,True,4.6,175,True,False,4,abbottandrew,Andrew Abbott,SP,Cin,39.59,ACTIVE,FA,False,2026-08-17,True
683155,SP,257,87.9,150,91.8,90,True,19.5,150,133,False,12.0,175,True,True,65,estesjoey,Joey Estes,SP,Oak,0.01,ACTIVE,FA,False,2026-08-17,False
688107,SP,1318,87.9,150,91.0,86,True,18.0,150,657,True,8.6,175,True,False,3,gasserrobert,Robert Gasser,SP,Mil,4.11,ACTIVE,FA,False,2026-08-17,True
647336,SP,2976,87.8,150,91.6,86,True,16.0,150,1417,True,7.4,175,True,False,1,michaelsoroka,Michael Soroka,SP,Ari,51.81,ACTIVE,FA,False,2026-08-17,True
670912,SP,739,87.8,150,93.9,72,True,21.3,150,318,True,9.1,175,True,True,140,johanoviedo,Johan Oviedo,SP,Bos,0.23,SIXTY_DAY_DL,FA,False,2026-08-17,True
663559,SP,2132,87.7,150,92.0,88,True,22.0,150,996,True,7.4,175,True,True,83,baileyfalter,Bailey Falter,SP,Atl,0.04,ACTIVE,FA,False,2026-08-17,True
687273,SP,192,87.7,150,93.9,69,True,25.3,150,87,False,10.9,175,True,False,0,mathewsquinn,Quinn Mathews,SP,StL,1.62,ACTIVE,FA,False,2026-08-17,False
690928,SP,1790,87.7,150,93.7,63,True,19.3,150,818,True,8.0,175,True,False,1,dobbinshunter,Hunter Dobbins,SP,StL,2.05,ACTIVE,FA,False,2026-08-17,True
641793,SP,4705,87.6,150,91.6,52,True,10.7,150,2403,True,6.3,175,True,False,0,littellzack,Zack Littell,SP,Ari,1.47,ACTIVE,FA,False,2026-08-17,True
656605,SP,4759,87.6,150,92.0,75,True,18.7,150,2286,True,5.7,175,True,False,15,kellermitch,Mitch Keller,SP,Pit,13.76,SIXTY_DAY_DL,FA,False,2026-08-17,True
657746,SP,4889,87.5,150,92.3,68,True,16.7,150,2438,True,7.4,175,True,False,13,joeryan,Joe Ryan,SP,Min,,FIFTEEN_DAY_DL,Frendy's Fantastic Team,False,2026-08-17,True
663978,SP,3581,87.5,150,91.3,87,True,16.7,150,1824,True,7.4,175,True,False,49,chrispaddack,Chris Paddack,SP,Tex,0.12,ACTIVE,FA,False,2026-08-17,True
664062,SP,609,87.5,150,93.6,52,True,23.3,150,267,True,12.0,175,True,False,439,gonsolintony,Tony Gonsolin,SP,KC,0.04,FIFTEEN_DAY_DL,FA,False,2026-08-17,True
669854,SP,1184,87.5,150,93.0,59,True,19.3,150,576,True,8.0,175,True,False,2,blancoronel,Ronel Blanco,SP,Hou,0.67,ACTIVE,FA,False,2026-08-17,True
675911,SP,2802,87.5,150,94.2,64,True,20.7,150,1327,True,9.1,175,True,False,66,spencerstrider,Spencer Strider,SP,Atl,42.04,SIXTY_DAY_DL,FA,False,2026-08-17,True
663776,SP,579,87.4,150,93.2,57,True,24.0,150,274,True,8.0,175,True,False,1,patricksandoval,Patrick Sandoval,SP,Bos,2.57,ACTIVE,FA,False,2026-08-17,True
676440,SP,5318,87.3,150,90.5,102,True,22.7,150,2476,True,9.1,175,True,False,1,bibeetanner,Tanner Bibee,SP,Cle,,ACTIVE,Late Night Bettsing,False,2026-08-17,True
700249,SP,2429,87.3,150,91.3,86,True,20.0,150,1092,True,5.7,175,True,False,8,cadepovich,Cade Povich,SP,Bal,0.55,ACTIVE,FA,False,2026-08-17,True
657006,SP,246,87.2,150,90.4,100,True,14.5,150,131,False,9.1,175,True,False,497,justinsteele,Justin Steele,SP,ChC,2.56,SIXTY_DAY_DL,FA,False,2026-08-17,False
592836,SP,2486,87.1,150,90.2,94,True,14.0,150,1120,True,4.6,175,True,False,117,taijuanwalker,Taijuan Walker,SP,LAA,0.12,ACTIVE,FA,False,2026-08-17,True
656427,SP,4478,87.1,150,92.0,80,True,28.7,150,2031,True,14.3,175,True,False,28,flahertyjack,Jack Flaherty,SP,Det,30.4,FIFTEEN_DAY_DL,FA,False,2026-08-17,True
670102,SP,1143,87.1,150,92.6,82,True,25.3,150,533,True,8.6,175,True,False,429,bowdenfrancis,Bowden Francis,SP,Tor,0.03,SIXTY_DAY_DL,FA,False,2026-08-17,True
687931,SP,898,87.1,150,92.2,65,True,32.0,150,418,True,10.9,175,True,False,6,carsonwhisenhunt,Carson Whisenhunt,SP,SF,0.61,ACTIVE,FA,False,2026-08-17,True
702474,SP,552,87.1,150,90.8,65,True,16.7,150,274,True,9.7,175,True,False,27,mikeparedes,Mike Paredes,RP,Min,0.03,SIXTY_DAY_DL,FA,False,2026-08-17,True
434378,SP,2692,87.0,150,93.4,57,True,22.0,150,1311,True,12.0,175,True,True,140,justinverlander,Justin Verlander,SP,Det,1.39,SIXTY_DAY_DL,FA,False,2026-08-17,True
669461,SP,4400,87.0,150,93.4,50,True,24.0,150,2097,True,12.0,175,True,False,3,liberatorematthew,Matthew Liberatore,SP,StL,3.51,ACTIVE,FA,False,2026-08-17,True
608379,SP,5006,86.9,150,92.3,81,True,16.0,150,2478,True,9.7,175,True,False,0,michaelwacha,Michael Wacha,SP,KC,60.54,ACTIVE,FA,False,2026-08-17,True
674841,SP,1654,86.9,150,91.9,64,True,23.3,150,716,True,7.4,175,True,False,3,alvarezandrew,Andrew Alvarez,SP,Wsh,1.22,ACTIVE,FA,False,2026-08-17,True
502043,SP,280,86.8,150,90.3,88,True,19.0,150,126,False,8.0,175,True,False,457,gibsonkyle,Kyle Gibson,SP,FA,0.01,ACTIVE,FA,False,2026-08-17,False
571945,SP,4314,86.8,150,92.1,58,True,13.3,150,2076,True,5.1,175,True,False,6,mikolasmiles,Miles Mikolas,SP,FA,0.31,ACTIVE,FA,False,2026-08-17,True
592791,SP,3397,86.8,150,90.6,86,True,26.7,150,1615,True,13.1,175,True,False,7,jamesontaillon,Jameson Taillon,SP,Tor,2.51,FIFTEEN_DAY_DL,FA,False,2026-08-17,True
665152,SP,3620,86.8,150,91.2,85,True,23.3,150,1757,True,13.1,175,True,False,1,deankremer,Dean Kremer,SP,Min,3.53,ACTIVE,FA,False,2026-08-17,True
677976,SP,788,86.8,150,91.2,67,True,18.7,150,357,True,10.3,175,True,False,2,dobnakrandy,Randy Dobnak,SP,KC,3.58,ACTIVE,FA,False,2026-08-17,True
700241,SP,3601,86.8,150,90.9,72,True,18.7,150,1627,True,9.1,175,True,False,2,mcgreevymichael,Michael McGreevy,SP,StL,17.91,ACTIVE,FA,False,2026-08-17,True
678906,SP,1735,86.7,150,91.9,61,True,21.3,150,763,True,6.9,175,True,False,24,kaitengwei,Kai-Wei Teng,SP,Hou,0.58,ACTIVE,FA,False,2026-08-17,True
453286,SP,2153,86.6,150,93.1,66,True,20.7,150,1086,True,11.4,175,True,False,4,maxscherzer,Max Scherzer,SP,Tor,2.9,ACTIVE,FA,False,2026-08-17,True
607536,SP,4430,86.6,150,89.6,82,True,22.0,150,2261,True,8.6,175,True,False,3,freelandkyle,Kyle Freeland,SP,Col,1.11,ACTIVE,FA,False,2026-08-17,True
680573,SP,2965,86.6,150,91.9,66,True,17.3,150,1359,True,4.6,175,True,False,2,richardsonsimeonwoods,Simeon Woods Richardson,SP,Tor,0.31,ACTIVE,FA,False,2026-08-17,True
607259,SP,4484,86.5,150,90.9,95,True,16.0,150,2181,True,6.9,175,True,False,6,martineznick,Nick Martinez,SP,TB,,ACTIVE,Boone's Bad Bullpen,False,2026-08-17,True
543135,SP,3931,86.4,150,91.0,66,True,24.0,150,2021,True,10.3,175,True,False,10,eovaldinathan,Nathan Eovaldi,SP,Tex,,FIFTEEN_DAY_DL,Team Solomon,False,2026-08-17,True
573186,SP,705,86.4,150,89.4,92,True,18.0,150,333,True,11.4,175,True,False,382,marcusstroman,Marcus Stroman,SP,FA,0.05,ACTIVE,FA,False,2026-08-17,True
594902,SP,720,86.4,150,89.5,96,True,10.0,150,339,True,6.3,175,True,False,462,benlively,Ben Lively,SP,Cle,0.01,ACTIVE,FA,False,2026-08-17,True
605488,SP,4724,86.4,150,91.1,77,True,19.3,150,2188,True,9.7,175,True,False,17,jeffreysprings,Jeffrey Springs,SP,Oak,7.43,FIFTEEN_DAY_DL,FA,False,2026-08-17,True
656492,SP,2227,86.4,150,90.1,92,True,12.0,150,1079,True,5.1,175,True,False,5,fostergriffin,Foster Griffin,SP,Cle,,ACTIVE,2015 Draft First Round,False,2026-08-17,True
683352,SP,609,86.4,150,90.2,85,True,13.3,150,289,True,7.4,175,True,False,0,brattmitch,Mitch Bratt,SP,Ari,1.97,ACTIVE,FA,False,2026-08-17,True
691951,SP,914,86.4,150,91.7,89,True,18.0,150,407,True,9.1,175,True,False,44,aldegherisam,Sam Aldegheri,SP,LAA,0.07,ACTIVE,FA,False,2026-08-17,True
696270,SP,1367,86.4,150,89.6,83,True,16.0,150,630,True,6.3,175,True,False,1,johnsonryan,Ryan Johnson,RP,LAA,0.51,ACTIVE,FA,False,2026-08-17,True
702070,SP,4431,86.4,150,91.9,60,True,28.0,150,2100,True,12.0,175,True,False,1,cameronnoah,Noah Cameron,SP,KC,37.54,ACTIVE,FA,False,2026-08-17,True
650644,SP,3282,86.3,150,89.7,91,True,22.0,150,1512,True,14.9,175,True,False,1,aaroncivale,Aaron Civale,SP,ChC,1.5,ACTIVE,FA,False,2026-08-17,True
676083,SP,3108,86.3,150,93.1,43,True,8.0,150,1572,True,3.4,175,True,False,0,jansonjunk,Janson Junk,SP,Mia,1.61,ACTIVE,FA,False,2026-08-17,True
608344,SP,102,86.0,150,88.2,73,False,14.5,150,55,False,7.8,175,False,False,17,coleirvin,Cole Irvin,SP,LAD,0.01,ACTIVE,FA,False,2026-08-17,False
640455,SP,2987,86.0,150,92.1,92,True,29.3,150,1519,True,17.7,175,True,False,2,manaeasean,Sean Manaea,SP,NYM,10.84,ACTIVE,FA,False,2026-08-17,True
671106,SP,2891,86.0,150,88.1,112,True,20.0,150,1280,True,8.0,175,True,True,1,allenlogan,Logan Allen,SP,Cle,0.22,ACTIVE,FA,False,2026-08-17,True
676467,SP,1666,86.0,150,91.3,63,True,18.0,150,832,True,6.3,175,True,True,115,coltongordon,Colton Gordon,SP,Hou,0.03,ACTIVE,FA,False,2026-08-17,True
506433,SP,1160,85.9,150,93.0,70,True,18.7,150,544,True,8.0,175,True,False,325,darvishyu,Yu Darvish,SP,SD,0.07,OUT,FA,False,2026-08-17,True
605400,SP,3843,85.9,150,91.4,66,True,27.3,150,1771,True,15.4,175,True,False,4,aaronnola,Aaron Nola,SP,Phi,37.46,ACTIVE,FA,False,2026-08-17,True
621121,SP,1940,85.9,150,89.2,64,True,27.3,150,789,True,11.4,175,True,False,23,jrlancemccullers,Lance McCullers Jr.,SP,FA,1.75,ACTIVE,FA,False,2026-08-17,True
624133,SP,4161,85.9,150,89.8,98,True,18.0,150,1954,True,8.0,175,True,False,5,rangersuarez,Ranger Suarez,SP,Bos,,ACTIVE,Treasure Island Mashers,False,2026-08-17,True
682227,SP,518,85.9,150,90.3,85,True,22.0,150,224,True,9.7,175,True,False,110,brandonwilliamson,Brandon Williamson,SP,Cin,0.13,SIXTY_DAY_DL,FA,False,2026-08-17,True
607625,SP,4624,85.8,150,91.4,74,True,14.7,150,2075,True,6.9,175,True,False,3,lugoseth,Seth Lugo,SP,KC,,ACTIVE,Treasure Island Mashers,False,2026-08-17,True
684007,SP,4366,85.8,150,91.1,70,True,31.3,150,2296,True,18.3,175,True,False,0,imanagashota,Shota Imanaga,SP,ChC,,ACTIVE,New York Ligers,True,2026-08-17,True
684442,SP,325,85.8,150,90.2,82,True,18.8,150,144,False,4.6,175,True,False,11,drakekohl,Kohl Drake,SP,Ari,0.19,ACTIVE,FA,False,2026-08-17,False
571760,SP,2085,85.7,150,90.2,79,True,14.0,150,988,True,8.0,175,True,False,324,andrewheaney,Andrew Heaney,SP,FA,0.02,ACTIVE,FA,False,2026-08-17,True
605135,SP,3903,85.7,150,91.3,96,True,12.0,150,1809,True,2.3,175,True,False,3,bassittchris,Chris Bassitt,SP,Bal,2.79,ACTIVE,FA,False,2026-08-17,True
621107,SP,1201,85.7,150,90.3,64,True,22.0,150,599,True,12.0,175,True,True,139,eflinzach,Zach Eflin,SP,Bal,0.34,SIXTY_DAY_DL,FA,False,2026-08-17,True
669920,SP,1552,85.5,150,90.6,81,True,20.0,150,682,True,8.0,175,True,True,83,alexanderjason,Jason Alexander,SP,Hou,0.02,ACTIVE,FA,False,2026-08-17,True
608337,SP,2926,85.4,150,90.9,71,True,24.7,150,1344,True,9.7,175,True,False,57,giolitolucas,Lucas Giolito,SP,SD,0.96,FIFTEEN_DAY_DL,FA,False,2026-08-17,True
641482,SP,599,85.4,150,88.1,104,True,20.7,150,256,True,8.6,175,True,False,348,cortesnestor,Nestor Cortes,SP,FA,0.05,OUT,FA,False,2026-08-17,True
689441,SP,299,85.4,150,89.2,107,True,16.0,150,153,True,8.0,175,True,False,69,colemancrow,Coleman Crow,SP,Mil,0.07,ACTIVE,FA,False,2026-08-17,True
694738,SP,4138,85.3,150,92.0,59,True,26.0,150,1802,True,13.7,175,True,False,3,landenroupp,Landen Roupp,SP,SF,22.02,ACTIVE,FA,False,2026-08-17,True
500779,SP,2867,85.2,150,89.5,69,True,19.3,150,1262,True,10.3,175,True,False,85,josequintana,Jose Quintana,SP,Col,0.16,SIXTY_DAY_DL,FA,False,2026-08-17,True
641585,SP,193,85.2,150,89.4,86,True,18.1,150,83,False,7.4,175,True,True,122,francejp,J.P. France,SP,Hou,0.01,ACTIVE,FA,False,2026-08-17,False
656756,SP,131,85.2,150,89.7,63,False,15.8,150,57,False,6.9,175,False,False,4,jordanmontgomery,Jordan Montgomery,SP,Tex,0.15,ACTIVE,FA,False,2026-08-17,False
681293,SP,2124,85.1,150,92.2,74,True,23.3,150,903,True,6.3,175,True,False,24,arrighettispencer,Spencer Arrighetti,SP,Tor,13.21,FIFTEEN_DAY_DL,FA,False,2026-08-17,True
571510,SP,4078,84.8,150,92.5,74,True,12.7,150,2068,True,6.9,175,True,False,2,boydmatthew,Matthew Boyd,SP,ChC,55.34,ACTIVE,FA,False,2026-08-17,True
477132,SP,1772,84.6,150,89.1,57,True,28.7,150,802,True,12.0,175,True,False,323,claytonkershaw,Clayton Kershaw,SP,FA,0.11,ACTIVE,FA,False,2026-08-17,True
527048,SP,2627,84.6,150,87.7,90,True,16.7,150,1115,True,6.9,175,True,False,0,martinperez,Martin Perez,SP,Atl,13.22,ACTIVE,FA,False,2026-08-17,True
628317,SP,171,84.6,150,90.1,39,True,26.9,150,78,False,12.3,175,False,False,475,kentamaeda,Kenta Maeda,SP,FA,0.02,ACTIVE,FA,False,2026-08-17,False
571578,SP,4003,84.4,150,90.1,76,True,22.0,150,1867,True,12.6,175,True,False,27,corbinpatrick,Patrick Corbin,SP,Tor,0.44,SIXTY_DAY_DL,FA,False,2026-08-17,True
674003,SP,226,84.4,150,88.4,76,True,14.4,150,111,False,7.4,175,True,False,1,bradfordcody,Cody Bradford,SP,Tex,2.72,ACTIVE,FA,False,2026-08-17,False
660604,SP,665,84.2,150,92.8,45,True,22.7,150,321,True,9.1,175,True,False,7,alanrangel,Alan Rangel,SP,Phi,0.08,ACTIVE,FA,False,2026-08-17,True
676282,SP,3816,84.2,150,91.6,48,True,27.3,150,1687,True,13.1,175,True,False,2,cantillojoey,Joey Cantillo,RP,Cle,22.74,ACTIVE,FA,False,2026-08-17,True
542881,SP,2353,83.9,150,88.6,77,True,22.0,150,1145,True,10.3,175,True,False,353,andersontyler,Tyler Anderson,SP,LAA,0.06,ACTIVE,FA,False,2026-08-17,True
596295,SP,999,83.4,150,88.8,68,True,15.3,150,490,True,5.1,175,True,False,363,austingomber,Austin Gomber,SP,Tex,0.01,ACTIVE,FA,False,2026-08-17,True
641927,SP,3986,83.3,150,87.0,60,True,15.3,150,2014,True,9.1,175,True,False,0,baileyober,Bailey Ober,SP,Min,14.98,ACTIVE,FA,False,2026-08-17,True
543294,SP,2583,82.2,150,85.8,85,True,22.0,150,1235,True,11.4,175,True,False,325,hendrickskyle,Kyle Hendricks,SP,FA,0.01,ACTIVE,FA,False,2026-08-17,True
682052,SP,3265,82.0,150,88.1,75,True,25.3,150,1485,True,13.1,175,True,False,1,jacoblopez,Jacob Lopez,SP,Oak,6.51,ACTIVE,FA,False,2026-08-17,True
807743,SP,412,81.6,150,85.2,98,True,17.3,150,197,True,8.0,175,True,False,44,seansullivan,Sean Sullivan,SP,Col,0.01,ACTIVE,FA,False,2026-08-17,True
687223,SP,1018,81.2,150,89.3,72,True,21.3,150,456,True,9.1,175,True,False,13,carsonpalmquist,Carson Palmquist,SP,Wsh,0.02,ACTIVE,FA,False,2026-08-17,True
448179,SP,171,80.6,150,86.9,85,True,19.4,150,67,False,7.6,175,False,False,385,hillrich,Rich Hill,SP,FA,0.01,ACTIVE,FA,False,2026-08-17,False
