batter,Cold_lift_pct,Cool_lift_pct,Dome_lift_pct,Hot_lift_pct,Warm_lift_pct,Cold_pa,Cool_pa,Dome_pa,Hot_pa,Warm_pa,Cold_rate,Cool_rate,Dome_rate,Hot_rate,Warm_rate,annual_rate,total_pa,player_name,team,rank
405395,-39.8,-1.2,10.5,-4.1,8.6,100.0,403.0,210.0,481.0,496.0,0.21,0.34491315136476425,0.38571428571428573,0.33471933471933474,0.3790322580645161,0.34911242603550297,1690,,,
408234,-10.4,5.8,-70.4,5.7,19.1,349.0,366.0,189.0,508.0,623.0,0.19197707736389685,0.226775956284153,0.06349206349206349,0.2263779527559055,0.2552166934189406,0.21425061425061426,2035,,,
425783,47.2,-3.2,-85.8,10.5,10.6,79.0,182.0,149.0,622.0,293.0,0.4177215189873418,0.27472527472527475,0.040268456375838924,0.3135048231511254,0.31399317406143346,0.2837735849056604,1325,,,
425877,3.1,-12.2,20.9,-13.8,23.1,176.0,248.0,111.0,724.0,439.0,0.2840909090909091,0.24193548387096775,0.3333333333333333,0.23756906077348067,0.33940774487471526,0.2756183745583039,1698,,,
429664,27.2,-30.3,-23.2,-10.7,25.9,166.0,255.0,48.0,169.0,237.0,0.3795180722891566,0.20784313725490197,0.22916666666666666,0.26627218934911245,0.3755274261603376,0.29828571428571427,875,,,
429665,-36.7,17.2,-66.1,21.7,-2.2,168.0,242.0,61.0,306.0,287.0,0.21428571428571427,0.39669421487603307,0.11475409836065574,0.4117647058823529,0.3310104529616725,0.3383458646616541,1064,,,
430945,-43.7,17.5,-16.1,10.9,23.6,121.0,168.0,355.0,288.0,209.0,0.15702479338842976,0.3273809523809524,0.23380281690140844,0.3090277777777778,0.3444976076555024,0.2787028921998247,1141,,,
435079,56.4,-17.9,-42.6,43.8,0.1,16.0,344.0,56.0,174.0,225.0,0.4375,0.22965116279069767,0.16071428571428573,0.40229885057471265,0.28,0.27975460122699386,815,,,
435559,52.0,-24.5,21.2,-6.2,-2.9,94.0,140.0,100.0,414.0,355.0,0.48936170212765956,0.24285714285714285,0.39,0.30193236714975846,0.3126760563380282,0.32184950135992746,1103,,,
435622,-39.7,26.0,-11.9,2.8,1.5,139.0,190.0,77.0,357.0,338.0,0.1510791366906475,0.3157894736842105,0.22077922077922077,0.25770308123249297,0.25443786982248523,0.2506811989100817,1101,,,
443558,-20.9,20.2,-66.1,20.6,7.9,325.0,533.0,307.0,542.0,648.0,0.24307692307692308,0.3696060037523452,0.10423452768729642,0.37084870848708484,0.3317901234567901,0.30743099787685774,2355,,,
444482,-35.5,-16.7,12.2,4.0,-8.1,131.0,431.0,1252.0,342.0,590.0,0.183206106870229,0.23665893271461716,0.31869009584664537,0.2953216374269006,0.26101694915254237,0.28404952658412236,2746,,,
444876,13.2,-46.4,64.1,-21.9,24.8,97.0,145.0,92.0,369.0,308.0,0.24742268041237114,0.11724137931034483,0.358695652173913,0.17073170731707318,0.2727272727272727,0.218595450049456,1011,,,
446334,22.5,5.3,7.0,-60.6,16.2,202.0,674.0,273.0,278.0,419.0,0.30198019801980197,0.2596439169139466,0.26373626373626374,0.09712230215827339,0.2863961813842482,0.24647887323943662,1846,,,
448801,-100.0,6474.3,6996.6,-1650.6,-4796.7,120.0,113.0,117.0,310.0,214.0,0.0,-0.1504424778761062,-0.1623931623931624,0.035483870967741936,0.10747663551401869,-0.002288329519450801,874,,,
451594,-13.3,-6.9,-239.0,-13.5,33.8,101.0,162.0,14.0,343.0,309.0,0.1782178217821782,0.19135802469135801,-0.2857142857142857,0.17784256559766765,0.2750809061488673,0.20559741657696448,929,,,
452678,19.3,11.1,-9.8,-0.8,-5.3,128.0,216.0,254.0,480.0,380.0,0.328125,0.3055555555555556,0.24803149606299213,0.27291666666666664,0.26052631578947366,0.27503429355281206,1458,,,
453568,-10.8,-2.7,-39.2,24.8,-8.2,435.0,561.0,341.0,1106.0,957.0,0.3057471264367816,0.3333333333333333,0.20821114369501467,0.42766726943942135,0.31452455590386624,0.3426470588235294,3400,,,
453943,-53.5,20.3,57.3,18.9,-13.9,113.0,205.0,36.0,272.0,385.0,0.11504424778761062,0.2975609756097561,0.3888888888888889,0.29411764705882354,0.21298701298701297,0.24727992087042533,1011,,,
455117,-33.0,-44.5,24.9,-24.4,15.7,158.0,420.0,941.0,294.0,485.0,0.06329113924050633,0.05238095238095238,0.1179596174282678,0.07142857142857142,0.10927835051546392,0.09442993907745866,2298,,,
455139,-24.5,2.8,96.1,-38.7,-67.0,98.0,166.0,325.0,399.0,207.0,0.1326530612244898,0.18072289156626506,0.3446153846153846,0.10776942355889724,0.057971014492753624,0.17573221757322174,1195,,,
455976,5.9,-15.3,18.2,-3.0,4.1,108.0,119.0,53.0,483.0,411.0,0.3888888888888889,0.31092436974789917,0.4339622641509434,0.35610766045548653,0.3819951338199513,0.36712095400340716,1174,,,
456715,-30.3,24.2,-54.2,21.3,-1.0,163.0,398.0,248.0,432.0,444.0,0.1901840490797546,0.3391959798994975,0.125,0.33101851851851855,0.2702702702702703,0.27299703264094954,1685,,,
456781,-22.0,-22.0,33.2,7.9,3.4,121.0,479.0,228.0,502.0,484.0,0.19008264462809918,0.18997912317327767,0.32456140350877194,0.26294820717131473,0.25206611570247933,0.24366041896361632,1814,,,
457705,-3.0,-3.3,-21.0,11.1,5.8,403.0,723.0,580.0,876.0,1055.0,0.25806451612903225,0.2572614107883817,0.2103448275862069,0.295662100456621,0.28151658767772514,0.2661534231509486,3637,,,
457708,-51.2,36.8,-18.3,-18.8,4.9,53.0,276.0,152.0,363.0,444.0,0.09433962264150944,0.2644927536231884,0.15789473684210525,0.15702479338842976,0.20270270270270271,0.19332298136645962,1288,,,
457759,-20.0,-21.6,4.7,20.1,5.3,306.0,775.0,578.0,710.0,1102.0,0.2777777777777778,0.27225806451612905,0.3633217993079585,0.4169014084507042,0.36569872958257715,0.34716220109478535,3471,,,
457763,36.3,-7.3,-27.0,9.5,-4.4,193.0,517.0,133.0,186.0,318.0,0.43523316062176165,0.29593810444874274,0.23308270676691728,0.34946236559139787,0.3050314465408805,0.3192279138827023,1347,,,
458015,-6.8,4.4,-15.5,12.0,-13.7,213.0,362.0,163.0,969.0,675.0,0.29107981220657275,0.3259668508287293,0.26380368098159507,0.3498452012383901,0.2696296296296296,0.3123425692695214,2382,,,
458731,-39.3,-2.9,1.4,14.9,-0.3,158.0,256.0,259.0,451.0,495.0,0.17088607594936708,0.2734375,0.2857142857142857,0.3237250554323725,0.2808080808080808,0.2816553428042001,1619,,,
460075,-48.8,3.5,7.5,23.3,-7.0,102.0,264.0,20.0,259.0,307.0,0.16666666666666666,0.3371212121212121,0.35,0.4015444015444015,0.30293159609120524,0.32563025210084034,952,,,
460086,22.2,15.8,-17.8,-6.8,-3.4,135.0,179.0,70.0,535.0,282.0,0.31851851851851853,0.3016759776536313,0.21428571428571427,0.24299065420560748,0.25177304964539005,0.26061615320566195,1201,,,
462101,-15.2,-2.9,-28.0,12.6,4.0,218.0,539.0,284.0,772.0,787.0,0.21559633027522937,0.24675324675324675,0.18309859154929578,0.2862694300518135,0.26429479034307496,0.2542307692307692,2600,,,
467092,-56.5,-22.3,39.6,-1.4,18.2,146.0,188.0,182.0,277.0,309.0,0.136986301369863,0.24468085106382978,0.43956043956043955,0.3104693140794224,0.37216828478964403,0.31488203266787657,1102,,,
467793,10.9,-8.2,16.4,-9.5,1.6,561.0,708.0,476.0,1098.0,1374.0,0.3582887700534759,0.2966101694915254,0.3760504201680672,0.2923497267759563,0.3282387190684134,0.32297842067820726,4217,,,
467827,-66.0,25.8,-14.1,4.4,1.4,77.0,163.0,61.0,322.0,228.0,0.07792207792207792,0.2883435582822086,0.19672131147540983,0.2391304347826087,0.2324561403508772,0.2291421856639248,851,,,
474568,20.0,-23.4,5.9,12.2,-8.3,125.0,144.0,50.0,236.0,279.0,0.272,0.1736111111111111,0.24,0.2542372881355932,0.2078853046594982,0.22661870503597123,834,,,
474832,-7.1,-8.3,31.6,17.2,-19.1,269.0,723.0,374.0,307.0,482.0,0.24535315985130113,0.24204702627939143,0.34759358288770054,0.30944625407166126,0.21369294605809128,0.2640371229698376,2155,,,
475174,12.6,7.5,-88.8,-3.3,15.1,177.0,166.0,74.0,236.0,256.0,0.2711864406779661,0.25903614457831325,0.02702702702702703,0.2330508474576271,0.27734375,0.24092409240924093,909,,,
475253,2.1,33.2,-8.5,-15.6,22.7,80.0,120.0,633.0,122.0,139.0,0.2875,0.375,0.2575039494470774,0.23770491803278687,0.34532374100719426,0.28153564899451555,1094,,,
476704,18.5,-3.5,36.9,-15.0,-12.6,142.0,511.0,176.0,135.0,420.0,0.30985915492957744,0.25244618395303325,0.35795454545454547,0.2222222222222222,0.22857142857142856,0.2615606936416185,1384,,,
488726,6.3,-17.7,-3.9,11.3,5.6,155.0,248.0,868.0,369.0,468.0,0.432258064516129,0.3346774193548387,0.39055299539170507,0.45257452574525747,0.42948717948717946,0.40654648956356737,2108,,,
493329,-10.9,-1.6,4.0,8.8,-15.3,116.0,385.0,1479.0,356.0,471.0,0.3103448275862069,0.34285714285714286,0.36240703177822853,0.3792134831460674,0.2951167728237792,0.34841467759173494,2807,,,
500743,-2.0,-16.3,0.4,10.6,-0.6,141.0,432.0,794.0,718.0,1084.0,0.2765957446808511,0.2361111111111111,0.28337531486146095,0.31197771587743733,0.28044280442804426,0.28210792047964656,3169,Miguel Rojas,LAD,143.0
500871,-8.6,-3.8,16.1,-25.7,2.7,257.0,442.0,961.0,516.0,602.0,0.26459143968871596,0.27828054298642535,0.33610822060353795,0.21511627906976744,0.2973421926910299,0.2894168466522678,2778,,,
500874,59.8,-14.9,-54.6,-2.0,-9.6,115.0,180.0,15.0,382.0,271.0,0.46956521739130436,0.25,0.13333333333333333,0.2879581151832461,0.2656826568265683,0.29387331256490135,963,,,
501303,8.3,-25.6,-133.4,10.6,43.9,94.0,189.0,87.0,307.0,283.0,0.22340425531914893,0.15343915343915343,-0.06896551724137931,0.2280130293159609,0.2968197879858657,0.20625,960,,,
501981,9.3,9.5,-77.5,45.7,4.3,131.0,493.0,182.0,146.0,349.0,0.26717557251908397,0.26774847870182555,0.054945054945054944,0.3561643835616438,0.25501432664756446,0.2444273635664873,1301,,,
502054,-20.7,-12.4,9.4,21.0,-15.1,264.0,671.0,934.0,951.0,995.0,0.19696969696969696,0.21758569299552907,0.27194860813704497,0.3007360672975815,0.21105527638190955,0.24849279161205767,3815,,,
502110,23.5,17.4,-26.6,9.0,-16.7,472.0,643.0,465.0,862.0,1064.0,0.3940677966101695,0.374805598755832,0.23440860215053763,0.3480278422273782,0.26597744360902253,0.31916714204221336,3506,,,
502210,42.0,1.3,-6.7,12.5,-2.2,67.0,151.0,681.0,148.0,146.0,0.417910447761194,0.2980132450331126,0.2745961820851689,0.3310810810810811,0.2876712328767123,0.2942162615255658,1193,,,
502481,0.3,61.1,-17.8,-11.1,5.2,71.0,119.0,380.0,117.0,151.0,0.18309859154929578,0.29411764705882354,0.15,0.1623931623931624,0.19205298013245034,0.18257756563245822,838,,,
502517,-53.8,-16.8,13.6,26.7,-20.9,25.0,132.0,61.0,326.0,285.0,0.16,0.2878787878787879,0.39344262295081966,0.4386503067484663,0.2736842105263158,0.34620024125452353,829,,,
502671,-24.3,-8.3,-19.6,9.9,10.1,383.0,615.0,717.0,1744.0,1116.0,0.23237597911227154,0.2813008130081301,0.24686192468619247,0.33715596330275227,0.3378136200716846,0.30688524590163935,4575,,,
503556,-7.6,59.6,-24.0,-5.1,-5.2,202.0,253.0,425.0,303.0,346.0,0.18316831683168316,0.31620553359683795,0.15058823529411763,0.18811881188118812,0.18786127167630057,0.19816873773708307,1529,,,
506702,139.4,-334.8,-112.1,164.7,50.7,68.0,104.0,225.0,246.0,198.0,0.08823529411764706,-0.08653846153846154,-0.0044444444444444444,0.0975609756097561,0.05555555555555555,0.036860879904875146,841,,,
514888,-34.1,-15.8,1.6,16.2,3.0,219.0,396.0,2446.0,481.0,632.0,0.2511415525114155,0.3207070707070707,0.38716271463614066,0.44282744282744285,0.3924050632911392,0.38092956396741734,4174,Jose Altuve,HOU,71.0
514917,24.4,-9.8,-35.7,1.7,1.9,299.0,403.0,182.0,822.0,923.0,0.2976588628762542,0.21588089330024815,0.15384615384615385,0.24330900243309003,0.2437703141928494,0.2392544693799924,2629,,,
516416,12.7,-7.1,-10.5,-2.9,8.2,281.0,487.0,372.0,682.0,708.0,0.3487544483985765,0.2874743326488706,0.2768817204301075,0.30058651026392963,0.3347457627118644,0.30948616600790513,2530,,,
516770,-33.1,3.0,-19.0,7.7,1.6,102.0,232.0,89.0,391.0,855.0,0.17647058823529413,0.27155172413793105,0.21348314606741572,0.28388746803069054,0.26783625730994154,0.2636309167165968,1669,,,
516782,-13.6,-23.9,12.5,3.3,9.4,425.0,514.0,396.0,823.0,1100.0,0.2541176470588235,0.2237354085603113,0.33080808080808083,0.3037667071688943,0.32181818181818184,0.29404542664211175,3258,,,
518586,-80.3,-77.0,24.2,26.9,-5.6,53.0,91.0,244.0,247.0,227.0,0.03773584905660377,0.04395604395604396,0.23770491803278687,0.242914979757085,0.18061674008810572,0.191415313225058,862,,,
518595,-33.6,-63.3,12.0,13.4,16.2,114.0,279.0,366.0,609.0,552.0,0.14912280701754385,0.08243727598566308,0.25136612021857924,0.2545155993431856,0.2608695652173913,0.22447916666666667,1920,,,
518618,-17.9,6.1,18.1,12.1,-6.6,68.0,124.0,27.0,224.0,414.0,0.20588235294117646,0.2661290322580645,0.2962962962962963,0.28125,0.23429951690821257,0.2508751458576429,857,,,
518626,-33.4,-7.4,-44.4,25.8,8.5,200.0,318.0,315.0,677.0,646.0,0.19,0.2641509433962264,0.15873015873015872,0.35893648449039883,0.30959752321981426,0.2852504638218924,2156,,,
518692,-7.4,-6.9,30.8,4.4,-7.1,329.0,872.0,441.0,1499.0,1645.0,0.3738601823708207,0.3761467889908257,0.528344671201814,0.4216144096064043,0.3750759878419453,0.4038863351441705,4786,Freddie Freeman,LAD,9.0
518735,-20.4,-6.2,29.4,2.9,1.6,302.0,475.0,194.0,663.0,915.0,0.2251655629139073,0.26526315789473687,0.36597938144329895,0.2911010558069382,0.28743169398907104,0.28285602196939974,2549,,,
518792,-5.9,-3.1,-25.5,8.5,2.8,287.0,494.0,145.0,541.0,837.0,0.2613240418118467,0.2692307692307692,0.20689655172413793,0.30129390018484287,0.2855436081242533,0.2777777777777778,2304,,,
518934,-26.4,-22.5,11.1,23.7,-5.9,338.0,612.0,412.0,1014.0,1012.0,0.22189349112426035,0.23366013071895425,0.33495145631067963,0.3727810650887574,0.283596837944664,0.301357733175915,3388,,,
518960,-10.6,0.1,-2.5,60.4,-21.8,84.0,300.0,77.0,104.0,240.0,0.21428571428571427,0.24,0.23376623376623376,0.38461538461538464,0.1875,0.23975155279503105,805,,,
519048,28.7,10.3,23.1,-10.9,-30.3,167.0,237.0,160.0,189.0,293.0,0.3592814371257485,0.3080168776371308,0.34375,0.24867724867724866,0.1945392491467577,0.27915869980879543,1046,,,
519058,-8.7,4.8,13.6,-9.2,6.5,237.0,443.0,169.0,669.0,577.0,0.2616033755274262,0.3002257336343115,0.3254437869822485,0.2600896860986547,0.3050259965337955,0.2863961813842482,2095,,,
519203,16.2,-18.4,-2.0,12.0,-4.0,440.0,627.0,304.0,770.0,1057.0,0.41363636363636364,0.2902711323763955,0.34868421052631576,0.3987012987012987,0.3415326395458846,0.35584740462789244,3198,,,
519317,-22.8,-37.1,-30.7,31.4,13.5,299.0,491.0,434.0,828.0,911.0,0.18729096989966554,0.15274949083503056,0.16820276497695852,0.3188405797101449,0.27552140504939626,0.24265946675666555,2963,Giancarlo Stanton,NYY,229.0
520471,79.8,-61.2,-10.2,31.9,0.5,143.0,308.0,358.0,341.0,489.0,0.3916083916083916,0.08441558441558442,0.19553072625698323,0.2873900293255132,0.21881390593047034,0.2178157413056742,1639,,,
521692,6.9,-16.6,-40.9,17.3,-4.6,327.0,563.0,314.0,1400.0,950.0,0.29357798165137616,0.2291296625222025,0.1624203821656051,0.3221428571428571,0.26210526315789473,0.2746201463140124,3554,Salvador Perez,KC,138.0
527038,-9.0,-7.8,6.6,2.5,11.9,348.0,1043.0,410.0,497.0,612.0,0.3017241379310345,0.3058485139022052,0.35365853658536583,0.34004024144869216,0.3709150326797386,0.3316151202749141,2910,,,
541645,-2.2,-44.5,17.4,52.8,-77.1,169.0,184.0,936.0,350.0,340.0,0.20118343195266272,0.11413043478260869,0.24145299145299146,0.3142857142857143,0.047058823529411764,0.20565942395149064,1979,,,
542194,-59.4,-44.8,11.6,-84.6,77.2,63.0,139.0,361.0,83.0,166.0,0.06349206349206349,0.08633093525179857,0.1745152354570637,0.024096385542168676,0.27710843373493976,0.1564039408866995,812,,,
542255,-53.3,-0.5,-23.9,16.4,1.3,100.0,101.0,66.0,401.0,319.0,0.13,0.27722772277227725,0.21212121212121213,0.32418952618453867,0.28213166144200624,0.2786220871327254,987,,,
542303,-51.1,-6.9,0.0,20.2,-9.2,275.0,571.0,313.0,1425.0,1171.0,0.14545454545454545,0.276707530647986,0.2971246006389776,0.35719298245614034,0.2698548249359522,0.29720372836218373,3755,Marcell Ozuna,PIT,170.0
542340,18.0,-49.4,-60.9,47.4,0.7,191.0,317.0,256.0,578.0,612.0,0.2356020942408377,0.10094637223974763,0.078125,0.29411764705882354,0.20098039215686275,0.19959058341862845,1954,,,
542364,-78.6,-1.2,3.9,17.8,-9.1,43.0,172.0,84.0,390.0,404.0,0.046511627906976744,0.21511627906976744,0.2261904761904762,0.2564102564102564,0.19801980198019803,0.21774931381518756,1093,,,
542583,-19.6,-1.9,-5.0,24.3,-16.6,190.0,323.0,655.0,550.0,348.0,0.21052631578947367,0.25696594427244585,0.24885496183206107,0.32545454545454544,0.21839080459770116,0.26185866408518876,2066,,,
542932,3.8,-31.9,12.5,-16.5,4.8,124.0,189.0,656.0,261.0,345.0,0.20967741935483872,0.13756613756613756,0.22713414634146342,0.1685823754789272,0.21159420289855072,0.2019047619047619,1575,,,
543063,-5.5,-0.6,-3.4,-15.2,16.4,353.0,1019.0,239.0,388.0,562.0,0.22096317280453256,0.2325809617271835,0.22594142259414227,0.19845360824742267,0.2722419928825623,0.23389301054275674,2561,,,
543068,3.3,-10.1,-21.7,24.9,-4.2,334.0,403.0,511.0,663.0,605.0,0.2994011976047904,0.26054590570719605,0.22700587084148727,0.36199095022624433,0.27768595041322314,0.28974562798092207,2516,,,
543228,-2.7,29.4,-52.1,25.1,-19.7,239.0,381.0,204.0,509.0,643.0,0.20920502092050208,0.2782152230971129,0.10294117647058823,0.2691552062868369,0.17262830482115085,0.21508097165991902,1976,,,
543257,-10.7,-21.1,20.4,-9.1,13.0,318.0,537.0,537.0,634.0,734.0,0.20440251572327045,0.18063314711359404,0.2756052141527002,0.2082018927444795,0.25885558583106266,0.2289855072463768,2760,,,
543281,-2.2,-36.0,-13.5,25.4,3.4,257.0,285.0,136.0,430.0,510.0,0.24124513618677043,0.15789473684210525,0.21323529411764705,0.30930232558139537,0.2549019607843137,0.2466007416563659,1618,,,
543305,-37.4,-46.9,-15.0,18.4,27.5,192.0,273.0,273.0,532.0,520.0,0.15104166666666666,0.1282051282051282,0.20512820512820512,0.2857142857142857,0.3076923076923077,0.24134078212290502,1790,,,
543309,-34.5,-49.1,-22.3,-0.1,62.7,132.0,223.0,348.0,368.0,372.0,0.12121212121212122,0.09417040358744394,0.14367816091954022,0.18478260869565216,0.3010752688172043,0.18503118503118504,1443,Kyle Higashioka,TEX,256.0
543333,-3.8,9.8,-31.6,-0.2,1.0,170.0,752.0,239.0,385.0,882.0,0.23529411764705882,0.26861702127659576,0.16736401673640167,0.24415584415584415,0.2471655328798186,0.24464579901153213,2428,,,
543401,-14.5,-74.0,-63.8,52.9,5.1,176.0,155.0,71.0,312.0,398.0,0.23295454545454544,0.07096774193548387,0.09859154929577464,0.4166666666666667,0.2864321608040201,0.27248201438848924,1112,,,
543510,89.3,-40.7,6.5,-5.9,-14.3,278.0,355.0,284.0,608.0,606.0,0.28776978417266186,0.09014084507042254,0.1619718309859155,0.14309210526315788,0.13036303630363036,0.15204129516658846,2131,James McCann,AZ,308.0
543543,-36.5,-33.1,-9.1,-12.7,48.1,98.0,124.0,308.0,285.0,294.0,0.12244897959183673,0.12903225806451613,0.17532467532467533,0.16842105263157894,0.2857142857142857,0.19296663660955815,1109,,,
543592,-5.2,-3.1,28.9,12.2,-16.3,80.0,300.0,147.0,199.0,327.0,0.225,0.23,0.30612244897959184,0.2663316582914573,0.19877675840978593,0.23741690408357075,1053,,,
543685,13.7,-24.4,-30.2,23.3,-4.8,161.0,409.0,203.0,721.0,612.0,0.4409937888198758,0.293398533007335,0.270935960591133,0.478502080443828,0.369281045751634,0.3879392212725546,2106,,,
543760,-53.4,6.9,-1.4,24.7,0.6,386.0,945.0,1965.0,659.0,948.0,0.15544041450777202,0.3566137566137566,0.3287531806615776,0.4157814871016692,0.33544303797468356,0.33346930450744444,4903,Marcus Semien,NYM,175.0
543768,-60.9,20.9,-2.7,57.0,-42.9,144.0,283.0,138.0,273.0,288.0,0.09027777777777778,0.2791519434628975,0.2246376811594203,0.3626373626373626,0.13194444444444445,0.23090586145648312,1126,,,
543807,-8.6,6.9,-4.0,-6.3,18.8,201.0,366.0,2276.0,519.0,619.0,0.30845771144278605,0.36065573770491804,0.32381370826010547,0.3159922928709056,0.40064620355411956,0.33735242401406684,3981,George Springer,TOR,73.0
543829,-10.6,6.6,-7.5,-28.5,18.3,186.0,353.0,123.0,147.0,259.0,0.20430107526881722,0.24362606232294617,0.21138211382113822,0.16326530612244897,0.2702702702702703,0.22846441947565543,1068,,,
543877,13.2,-28.8,-28.3,14.9,15.1,369.0,464.0,416.0,651.0,698.0,0.24661246612466126,0.15517241379310345,0.15625,0.250384024577573,0.2507163323782235,0.2178598922247883,2598,Christian Vázquez,HOU,254.0
543939,-10.1,-16.0,1.2,18.3,-8.6,234.0,299.0,573.0,588.0,501.0,0.26495726495726496,0.24749163879598662,0.29842931937172773,0.3486394557823129,0.2694610778443114,0.2947608200455581,2195,,,
544369,47.7,-3.2,-38.1,5.6,0.9,118.0,216.0,220.0,534.0,465.0,0.4661016949152542,0.3055555555555556,0.19545454545454546,0.3333333333333333,0.31827956989247314,0.3155183515775918,1553,,,
544725,-25.8,14.0,-76.8,-8.9,35.0,305.0,236.0,132.0,470.0,539.0,0.12131147540983607,0.1864406779661017,0.03787878787878788,0.14893617021276595,0.22077922077922077,0.1634958382877527,1682,,,
545121,38.7,-8.7,-5.4,4.3,-8.6,97.0,159.0,318.0,397.0,275.0,0.3917525773195876,0.2578616352201258,0.2672955974842767,0.2947103274559194,0.2581818181818182,0.2825040128410915,1246,Ildemaro Vargas,AZ,28.0
545341,-53.6,-15.6,3.3,21.2,-2.3,224.0,369.0,1154.0,736.0,732.0,0.12053571428571429,0.21951219512195122,0.268630849220104,0.31521739130434784,0.2540983606557377,0.2600311041990669,3215,,,
545350,51.3,-60.0,10.9,18.3,-16.2,108.0,143.0,324.0,145.0,195.0,0.18518518518518517,0.04895104895104895,0.13580246913580246,0.14482758620689656,0.10256410256410256,0.12240437158469945,915,,,
545358,-28.4,145.9,-128.0,62.4,16.0,68.0,103.0,278.0,264.0,378.0,0.07352941176470588,0.2524271844660194,-0.02877697841726619,0.16666666666666666,0.11904761904761904,0.10265811182401467,1091,,,
545361,-5.4,6.0,-10.5,9.2,-4.9,224.0,778.0,408.0,573.0,913.0,0.3705357142857143,0.41516709511568123,0.35049019607843135,0.42757417102966844,0.3723986856516977,0.39157458563535913,2896,Mike Trout,LAA,15.0
546318,22.9,3.2,11.6,-8.8,-1.9,132.0,207.0,117.0,464.0,504.0,0.3106060606060606,0.2608695652173913,0.28205128205128205,0.23060344827586207,0.24801587301587302,0.25280898876404495,1424,,,
546991,6.0,-62.8,114.1,18.2,-8.2,153.0,205.0,78.0,331.0,364.0,0.2222222222222222,0.07804878048780488,0.44871794871794873,0.24773413897280966,0.19230769230769232,0.20954907161803712,1131,,,
547180,-4.0,-11.9,-17.5,6.8,5.0,389.0,650.0,389.0,1401.0,1330.0,0.34704370179948585,0.31846153846153846,0.2982005141388175,0.38615274803711636,0.37969924812030076,0.3616253907189228,4159,Bryce Harper,PHI,27.0
547379,-19.7,-86.5,-100.0,-0.9,74.2,209.0,124.0,64.0,220.0,289.0,0.09569377990430622,0.016129032258064516,0.0,0.11818181818181818,0.20761245674740483,0.11920529801324503,906,,,
547989,15.8,-29.8,-26.5,0.6,20.6,525.0,396.0,640.0,768.0,968.0,0.33714285714285713,0.20454545454545456,0.2140625,0.29296875,0.3512396694214876,0.2911737943585077,3297,,,
553869,-3.3,-13.3,0.6,10.6,0.2,251.0,511.0,271.0,693.0,795.0,0.22709163346613545,0.2035225048923679,0.23616236162361623,0.2597402597402597,0.23522012578616353,0.2348274494248314,2521,,,
553882,28.3,3.1,-23.4,11.5,-1.7,232.0,315.0,464.0,350.0,409.0,0.33189655172413796,0.26666666666666666,0.19827586206896552,0.2885714285714286,0.254278728606357,0.25875706214689265,1770,,,
553993,-28.3,-26.3,16.6,7.9,9.2,553.0,725.0,923.0,1099.0,1160.0,0.17721518987341772,0.1820689655172414,0.28819068255687974,0.26660600545950863,0.26982758620689656,0.24708520179372198,4460,Eugenio Suárez,CIN,279.0
570256,17.9,16.2,-27.9,-15.8,1.1,156.0,180.0,58.0,288.0,401.0,0.28205128205128205,0.2777777777777778,0.1724137931034483,0.2013888888888889,0.24189526184538654,0.23915050784856878,1083,,,
570482,-30.1,6.4,11.0,-0.1,2.2,277.0,446.0,359.0,604.0,706.0,0.18411552346570398,0.2802690582959641,0.2924791086350975,0.2632450331125828,0.26912181303116145,0.2633779264214047,2392,,,
570560,-20.2,-30.4,68.4,1.2,8.5,207.0,182.0,85.0,381.0,406.0,0.14492753623188406,0.12637362637362637,0.3058823529411765,0.1837270341207349,0.19704433497536947,0.18160190325138778,1261,,,
570731,-46.1,24.8,-5.2,9.9,0.6,330.0,383.0,242.0,665.0,680.0,0.11515151515151516,0.26631853785900783,0.2024793388429752,0.23458646616541354,0.21470588235294116,0.21347826086956523,2300,,,
571448,16.6,-8.4,4.0,5.0,-9.3,365.0,677.0,422.0,1688.0,1139.0,0.44931506849315067,0.35302806499261447,0.4004739336492891,0.4046208530805687,0.3494293239683933,0.3852248893031927,4291,Nolan Arenado,AZ,155.0
571466,-30.1,-25.1,-86.1,39.6,9.5,230.0,294.0,171.0,610.0,511.0,0.11739130434782609,0.12585034013605442,0.023391812865497075,0.23442622950819672,0.18395303326810175,0.16795154185022027,1816,,,
571657,-5.8,11.2,-25.5,-9.4,14.3,202.0,459.0,209.0,802.0,624.0,0.21782178217821782,0.2570806100217865,0.1722488038277512,0.20947630922693267,0.2644230769230769,0.2312717770034843,2296,,,
571718,-42.3,-12.6,-31.6,17.6,9.9,65.0,177.0,89.0,271.0,307.0,0.12307692307692308,0.1864406779661017,0.14606741573033707,0.25092250922509224,0.23452768729641693,0.21342134213421343,909,,,
571740,-32.5,2.1,-21.9,-30.9,59.2,148.0,186.0,64.0,376.0,295.0,0.06756756756756757,0.10215053763440861,0.078125,0.06914893617021277,0.15932203389830507,0.10009354536950421,1069,,,
571745,-8.5,16.6,6.0,15.7,-28.4,465.0,858.0,299.0,328.0,606.0,0.21935483870967742,0.27972027972027974,0.25418060200668896,0.2774390243902439,0.1716171617161716,0.23982785602503912,2556,,,
571771,-26.3,3.1,-35.4,30.4,1.0,368.0,694.0,359.0,633.0,1000.0,0.1875,0.2622478386167147,0.16434540389972144,0.33175355450236965,0.257,0.2544204322200393,3054,,,
571788,-22.1,-34.4,-28.2,45.6,12.4,73.0,130.0,232.0,198.0,289.0,0.1917808219178082,0.16153846153846155,0.17672413793103448,0.35858585858585856,0.2768166089965398,0.24620390455531455,922,,,
571912,-159.1,-6.2,33.2,-43.1,50.3,71.0,161.0,271.0,236.0,268.0,-0.07042253521126761,0.11180124223602485,0.15867158671586715,0.06779661016949153,0.1791044776119403,0.11916583912611718,1007,,,
571970,15.9,9.1,-26.0,-8.8,2.3,252.0,898.0,333.0,724.0,1260.0,0.38095238095238093,0.3585746102449889,0.24324324324324326,0.29972375690607733,0.33650793650793653,0.32881453706374386,3467,Max Muncy,LAD,8.0
571976,-88.4,21.5,95.9,25.5,-39.0,106.0,525.0,191.0,254.0,684.0,0.018867924528301886,0.1980952380952381,0.3193717277486911,0.2047244094488189,0.09941520467836257,0.1630681818181818,1760,,,
571980,-74.2,21.2,10.7,23.5,-0.1,204.0,163.0,111.0,448.0,347.0,0.058823529411764705,0.27607361963190186,0.25225225225225223,0.28125,0.2276657060518732,0.22780832678711704,1273,,,
572039,-41.5,-10.3,-69.8,4.4,65.8,168.0,517.0,169.0,113.0,358.0,0.1488095238095238,0.22823984526112184,0.07692307692307693,0.26548672566371684,0.42178770949720673,0.25433962264150944,1325,,,
572041,-46.6,-13.1,16.2,18.7,-2.8,202.0,272.0,380.0,451.0,590.0,0.15346534653465346,0.25,0.33421052631578946,0.34146341463414637,0.2796610169491525,0.287598944591029,1895,,,
572122,-19.4,-29.7,59.1,35.6,-3.0,245.0,573.0,258.0,220.0,447.0,0.20816326530612245,0.18150087260034903,0.4108527131782946,0.35,0.2505592841163311,0.25817555938037867,1743,,,
572191,-25.5,-97.7,-46.8,78.8,-11.6,357.0,411.0,232.0,855.0,623.0,0.0784313725490196,0.0024330900243309003,0.05603448275862069,0.18830409356725147,0.09309791332263243,0.1053268765133172,2478,,,
572228,-57.1,19.7,-19.0,28.7,-18.6,97.0,340.0,217.0,417.0,483.0,0.09278350515463918,0.25882352941176473,0.17511520737327188,0.27817745803357313,0.17598343685300208,0.21621621621621623,1554,,,
572233,-6.1,1.0,-10.5,26.9,19.6,175.0,470.0,2022.0,417.0,537.0,0.2571428571428571,0.2765957446808511,0.24530168150346193,0.34772182254196643,0.32774674115456237,0.27395747031206846,3621,Christian Walker,HOU,30.0
572287,-31.3,-138.5,36.9,221.6,-67.6,186.0,249.0,498.0,169.0,230.0,0.06451612903225806,-0.03614457831325301,0.1285140562248996,0.30177514792899407,0.030434782608695653,0.09384384384384384,1332,,,
572761,-77.8,-15.4,27.7,5.6,21.0,175.0,363.0,137.0,762.0,527.0,0.05714285714285714,0.21763085399449036,0.3284671532846715,0.27165354330708663,0.3111954459203036,0.25712830957230143,1964,,,
572816,-7.0,-17.6,6.3,-10.0,12.2,141.0,171.0,293.0,466.0,555.0,0.28368794326241137,0.25146198830409355,0.3242320819112628,0.27467811158798283,0.34234234234234234,0.3050430504305043,1626,,,
572821,-2.8,-10.4,-30.9,11.3,-2.2,107.0,232.0,43.0,417.0,315.0,0.2616822429906542,0.2413793103448276,0.18604651162790697,0.2997601918465228,0.2634920634920635,0.26929982046678635,1114,,,
573262,13.8,-13.7,3.9,11.2,5.1,346.0,1122.0,288.0,570.0,588.0,0.28901734104046245,0.2192513368983957,0.2638888888888889,0.2824561403508772,0.26700680272108845,0.2539464653397392,2914,Mike Yastrzemski,ATL,263.0
575929,-2.0,12.6,-24.8,-15.2,14.9,419.0,615.0,242.0,1052.0,1010.0,0.2744630071599045,0.3154471544715447,0.21074380165289255,0.2376425855513308,0.3217821782178218,0.2801078490113841,3338,Willson Contreras,BOS,106.0
578428,0.7,-4.0,-24.4,0.1,9.1,217.0,437.0,266.0,797.0,880.0,0.2903225806451613,0.2768878718535469,0.21804511278195488,0.28858218318695106,0.31477272727272726,0.2884097035040431,2597,,,
592178,20.8,-11.3,20.2,-8.0,-2.8,403.0,522.0,184.0,503.0,777.0,0.3548387096774194,0.26053639846743293,0.3532608695652174,0.27037773359840955,0.2857142857142857,0.29384679782335704,2389,,,
592192,-16.4,8.2,-5.3,-6.6,6.8,374.0,791.0,470.0,618.0,916.0,0.24598930481283424,0.3185840707964602,0.27872340425531916,0.2750809061488673,0.314410480349345,0.29441464184285265,3169,,,
592200,-45.2,-6.6,-37.7,6.9,21.4,92.0,294.0,63.0,257.0,314.0,0.09782608695652174,0.16666666666666666,0.1111111111111111,0.19066147859922178,0.21656050955414013,0.1784313725490196,1020,,,
592206,-21.4,-5.9,-40.8,16.9,6.8,530.0,714.0,431.0,1447.0,1282.0,0.2188679245283019,0.2619047619047619,0.16473317865429235,0.3255010366275052,0.297191887675507,0.27838328792007266,4404,Nick Castellanos,SD,219.0
592261,-90.1,14.6,14.4,41.2,-63.9,62.0,91.0,59.0,426.0,221.0,0.016129032258064516,0.18681318681318682,0.1864406779661017,0.2300469483568075,0.058823529411764705,0.1629802095459837,859,,,
592273,-61.9,45.3,1.4,-2.0,-16.7,148.0,404.0,500.0,489.0,530.0,0.08108108108108109,0.3094059405940594,0.216,0.2085889570552147,0.17735849056603772,0.21294060840173828,2071,,,
592325,-53.3,43.8,-39.1,54.9,-38.0,171.0,340.0,172.0,380.0,523.0,0.0935672514619883,0.28823529411764703,0.12209302325581395,0.3105263157894737,0.124282982791587,0.2005044136191677,1586,,,
592348,24.0,-77.6,-59.6,80.2,-20.9,242.0,238.0,132.0,359.0,396.0,0.1859504132231405,0.03361344537815126,0.06060606060606061,0.27019498607242337,0.11868686868686869,0.14996342355523043,1367,,,
592444,-0.1,-154.1,-147.0,96.1,58.2,209.0,193.0,37.0,213.0,253.0,0.11483253588516747,-0.06217616580310881,-0.05405405405405406,0.22535211267605634,0.18181818181818182,0.11491712707182321,905,,,
592450,-23.5,-0.3,-25.7,10.8,12.8,473.0,728.0,616.0,1127.0,1171.0,0.3192389006342495,0.41620879120879123,0.31006493506493504,0.4622892635314996,0.4705380017079419,0.4172539489671932,4115,Aaron Judge,NYY,2.0
592518,3.8,2.1,-19.6,6.3,0.0,286.0,1351.0,476.0,868.0,1585.0,0.36363636363636365,0.35751295336787564,0.2815126050420168,0.3721198156682028,0.3501577287066246,0.35019710906701706,4566,Manny Machado,SD,53.0
592567,32.4,-22.8,-36.1,3.8,0.5,180.0,222.0,72.0,415.0,566.0,0.31666666666666665,0.18468468468468469,0.1527777777777778,0.24819277108433735,0.24028268551236748,0.23917525773195877,1455,,,
592626,-28.6,-10.8,-15.4,18.8,15.4,263.0,725.0,606.0,654.0,803.0,0.22433460076045628,0.28,0.26567656765676567,0.3730886850152905,0.36239103362391034,0.3139954113405441,3051,Joc Pederson,TEX,206.0
592663,-7.4,-14.7,6.6,4.1,3.2,316.0,604.0,372.0,1103.0,1329.0,0.25,0.23013245033112584,0.28763440860215056,0.2810516772438803,0.27840481565086533,0.26987110633727174,3724,J.T. Realmuto,PHI,224.0
592669,-21.2,-5.1,-12.2,11.9,7.0,243.0,613.0,571.0,691.0,991.0,0.205761316872428,0.24796084828711257,0.22942206654991243,0.29232995658465993,0.2795156407669021,0.26117722740431004,3109,,,
592696,-30.7,17.1,-10.3,-4.7,8.7,309.0,511.0,214.0,868.0,805.0,0.18770226537216828,0.31702544031311153,0.24299065420560748,0.25806451612903225,0.29440993788819875,0.2707794606575545,2707,,,
592743,-46.0,3.2,31.3,-6.2,4.8,108.0,372.0,141.0,468.0,471.0,0.1574074074074074,0.3010752688172043,0.3829787234042553,0.27350427350427353,0.3057324840764331,0.2916666666666667,1560,,,
592885,15.5,22.1,-22.1,14.9,7.9,270.0,481.0,1536.0,849.0,831.0,0.3814814814814815,0.40332640332640335,0.2571614583333333,0.3792697290930506,0.3561973525872443,0.3302243508948828,3967,Christian Yelich,MIL,137.0
593160,-4.4,13.6,5.0,4.3,-16.0,392.0,524.0,607.0,1256.0,859.0,0.2729591836734694,0.3244274809160305,0.29983525535420097,0.29777070063694266,0.239813736903376,0.28559648158328754,3638,,,
593428,9.8,-16.2,-15.0,15.7,6.1,473.0,1032.0,580.0,829.0,1268.0,0.37209302325581395,0.28391472868217055,0.28793103448275864,0.39203860072376356,0.35962145110410093,0.33883309421329505,4182,Xander Bogaerts,SD,89.0
593643,-52.0,-16.4,-18.2,29.0,-0.9,108.0,194.0,103.0,377.0,301.0,0.14814814814814814,0.25773195876288657,0.2524271844660194,0.3978779840848806,0.30564784053156147,0.30840258541089566,1083,,,
593871,-8.1,2.9,1.9,23.6,-21.8,513.0,658.0,368.0,959.0,964.0,0.27680311890838205,0.3100303951367781,0.3070652173913043,0.3722627737226277,0.2354771784232365,0.3012709416522241,3462,Jorge Polanco,NYM,156.0
593934,-27.3,-2.0,-46.4,78.6,-58.1,171.0,241.0,116.0,463.0,445.0,0.11695906432748537,0.15767634854771784,0.08620689655172414,0.28725701943844495,0.06741573033707865,0.16086350974930363,1436,,,
594694,4.9,-32.4,-218.4,45.2,10.3,106.0,143.0,49.0,263.0,285.0,0.2169811320754717,0.13986013986013987,-0.24489795918367346,0.30038022813688214,0.22807017543859648,0.20685579196217493,846,,,
594777,23.8,-54.6,-19.5,11.4,50.1,85.0,406.0,523.0,444.0,505.0,0.23529411764705882,0.08620689655172414,0.15296367112810708,0.21171171171171171,0.2851485148514851,0.19001528273051452,1963,,,
594807,95.1,-39.0,-47.4,41.7,-39.6,171.0,269.0,376.0,778.0,515.0,0.34502923976608185,0.10780669144981413,0.09308510638297872,0.2506426735218509,0.10679611650485436,0.1768610715979137,2109,,,
594809,-12.2,-10.2,-53.4,17.0,-12.8,141.0,201.0,38.0,596.0,337.0,0.24822695035460993,0.2537313432835821,0.13157894736842105,0.33053691275167785,0.24629080118694363,0.28255902513328257,1313,,,
595281,-12.0,-2.4,-17.5,33.7,36.0,121.0,178.0,1195.0,306.0,346.0,0.15702479338842976,0.17415730337078653,0.14728033472803348,0.238562091503268,0.24277456647398843,0.17847157502329916,2146,,,
595751,0.5,-61.6,-17.0,65.0,-22.4,82.0,184.0,241.0,435.0,576.0,0.08536585365853659,0.03260869565217391,0.07053941908713693,0.14022988505747128,0.06597222222222222,0.08498023715415019,1518,,,
595777,7.4,-12.5,-0.7,7.7,3.0,265.0,983.0,430.0,957.0,1100.0,0.3471698113207547,0.28280773143438453,0.3209302325581395,0.34796238244514105,0.3327272727272727,0.32315930388219544,3735,,,
595879,17.1,-6.2,-42.8,-1.5,10.0,482.0,633.0,343.0,976.0,1182.0,0.23858921161825727,0.1911532385466035,0.11661807580174927,0.20081967213114754,0.22419627749576987,0.20381637168141592,3616,Javier Báez,DET,260.0
595909,34.7,-93.4,-127.9,45.9,5.9,172.0,221.0,104.0,561.0,383.0,0.18604651162790697,0.00904977375565611,-0.038461538461538464,0.2014260249554367,0.1462140992167102,0.13809854267869534,1441,,,
595978,-122.0,-44.8,-33.5,48.0,36.0,181.0,385.0,180.0,431.0,684.0,-0.016574585635359115,0.04155844155844156,0.05,0.11136890951276102,0.1023391812865497,0.07522837184309511,1861,,,
596019,-8.3,-7.4,-2.9,-2.1,9.7,610.0,813.0,471.0,1271.0,1567.0,0.32295081967213113,0.32595325953259535,0.34182590233545646,0.34461054287962234,0.3860880663688577,0.3520710059171598,4732,Francisco Lindor,NYM,54.0
596059,3.4,-41.2,-60.7,38.7,-11.3,163.0,339.0,208.0,836.0,559.0,0.20245398773006135,0.11504424778761062,0.07692307692307693,0.2715311004784689,0.1735241502683363,0.19572446555819478,2105,,,
596103,7.2,-2.8,20.6,-24.4,12.5,183.0,606.0,168.0,310.0,360.0,0.16939890710382513,0.15346534653465346,0.19047619047619047,0.11935483870967742,0.17777777777777778,0.15795943454210204,1627,,,
596115,-10.4,0.2,-25.7,19.0,-2.4,420.0,600.0,376.0,857.0,978.0,0.23095238095238096,0.25833333333333336,0.19148936170212766,0.30688448074679114,0.25153374233128833,0.2578149179820489,3231,Trevor Story,BOS,275.0
596129,-34.8,-2.6,12.7,14.5,2.1,284.0,372.0,353.0,382.0,386.0,0.16549295774647887,0.24731182795698925,0.28611898016997167,0.2905759162303665,0.25906735751295334,0.2537985368598762,1777,,,
596142,21.2,19.8,-32.6,-32.3,23.3,243.0,436.0,470.0,488.0,742.0,0.2716049382716049,0.268348623853211,0.15106382978723404,0.15163934426229508,0.27628032345013476,0.22404371584699453,2379,Gary Sánchez,MIL,112.0
596146,10.0,6.8,-34.0,2.5,0.9,455.0,635.0,364.0,1002.0,1051.0,0.33406593406593404,0.32440944881889766,0.20054945054945056,0.31137724550898205,0.30637488106565175,0.30367835757057315,3507,,,
596748,29.1,-20.6,-68.2,11.2,2.9,216.0,268.0,127.0,574.0,499.0,0.35185185185185186,0.21641791044776118,0.08661417322834646,0.30313588850174217,0.280561122244489,0.27256532066508316,1684,,,
596847,-79.2,-39.1,3.1,16.9,14.1,79.0,108.0,857.0,253.0,252.0,0.05063291139240506,0.14814814814814814,0.2508751458576429,0.2845849802371542,0.2777777777777778,0.2433828276307295,1549,,,
598265,29.4,14.5,-95.9,33.3,43.7,276.0,306.0,503.0,469.0,459.0,0.18840579710144928,0.16666666666666666,0.005964214711729622,0.19402985074626866,0.20915032679738563,0.14555389965226032,2013,,,
600303,-43.1,12.7,-58.9,15.7,7.0,103.0,345.0,75.0,152.0,297.0,0.18446601941747573,0.3652173913043478,0.13333333333333333,0.375,0.3468013468013468,0.32407407407407407,972,,,
600474,-23.2,-87.7,-29.7,27.5,30.7,99.0,133.0,139.0,328.0,295.0,0.1414141414141414,0.022556390977443608,0.12949640287769784,0.2347560975609756,0.24067796610169492,0.1841046277665996,994,,,
600524,-66.0,-22.3,22.8,14.8,-7.0,70.0,102.0,158.0,338.0,247.0,0.08571428571428572,0.19607843137254902,0.310126582278481,0.28994082840236685,0.23481781376518218,0.25245901639344265,915,,,
600869,-23.2,-18.7,2.9,2.8,20.2,531.0,518.0,336.0,932.0,911.0,0.17325800376647835,0.1833976833976834,0.23214285714285715,0.2317596566523605,0.2711306256860593,0.2255266418835192,3228,,,
602074,49.3,-26.2,-58.3,20.6,1.1,132.0,172.0,126.0,247.0,247.0,0.3409090909090909,0.1686046511627907,0.09523809523809523,0.27530364372469635,0.23076923076923078,0.22835497835497837,924,,,
602104,-10.9,-19.8,-12.4,14.5,1.0,163.0,181.0,347.0,630.0,508.0,0.19631901840490798,0.17679558011049723,0.1930835734870317,0.2523809523809524,0.22244094488188976,0.22033898305084745,1829,Ramón Urías,STL,187.0
605113,-28.6,-9.9,2.3,81.7,-47.3,171.0,323.0,1110.0,248.0,312.0,0.15204678362573099,0.19195046439628483,0.218018018018018,0.3870967741935484,0.11217948717948718,0.21303142329020333,2164,,,
605119,-11.3,-47.8,-10.5,15.6,14.7,118.0,209.0,658.0,419.0,799.0,0.2033898305084746,0.11961722488038277,0.20516717325227962,0.2649164677804296,0.26282853566958697,0.2292328642759873,2203,,,
605131,-0.5,19.5,-23.0,-33.1,10.9,95.0,369.0,131.0,273.0,449.0,0.15789473684210525,0.1897018970189702,0.12213740458015267,0.10622710622710622,0.1759465478841871,0.15869400151860288,1317,,,
605137,-33.3,-5.2,-12.0,7.8,15.8,460.0,588.0,810.0,1032.0,1274.0,0.21521739130434783,0.30612244897959184,0.2839506172839506,0.3478682170542636,0.37362637362637363,0.3227665706051873,4164,Josh Bell,MIN,147.0
605141,-1.6,1.9,-9.7,12.1,-4.8,453.0,1044.0,567.0,908.0,1398.0,0.4304635761589404,0.4454022988505747,0.3950617283950617,0.4900881057268722,0.41630901287553645,0.43729977116704805,4370,,,
605170,20.7,4.3,-15.0,16.9,4.2,100.0,281.0,766.0,354.0,534.0,0.28,0.24199288256227758,0.19712793733681463,0.2711864406779661,0.24157303370786518,0.23194103194103194,2035,Victor Caratini,MIN,198.0
605204,64.6,-18.1,-29.1,-9.9,7.0,242.0,527.0,203.0,378.0,502.0,0.34297520661157027,0.17077798861480076,0.1477832512315271,0.18783068783068782,0.22310756972111553,0.2084233261339093,1852,,,
605412,24.3,1.7,-18.2,-5.2,0.6,136.0,375.0,145.0,273.0,211.0,0.34558823529411764,0.2826666666666667,0.22758620689655173,0.26373626373626374,0.2796208530805687,0.27807017543859647,1140,,,
605480,-52.0,-20.9,28.6,40.7,-26.7,118.0,239.0,393.0,141.0,219.0,0.1016949152542373,0.16736401673640167,0.272264631043257,0.2978723404255319,0.1552511415525114,0.21171171171171171,1110,,,
605612,20.8,42.9,-24.6,-6.5,-10.9,114.0,222.0,135.0,429.0,531.0,0.20175438596491227,0.23873873873873874,0.1259259259259259,0.1561771561771562,0.1487758945386064,0.16701607267645002,1431,,,
606115,-20.3,-8.7,1.7,0.5,9.6,183.0,479.0,210.0,974.0,732.0,0.15300546448087432,0.17536534446764093,0.19523809523809524,0.19301848049281314,0.2103825136612022,0.19200930954228085,2578,,,
606132,-27.7,38.8,-12.7,20.0,-13.0,213.0,225.0,446.0,371.0,354.0,0.16901408450704225,0.3244444444444444,0.2040358744394619,0.2803234501347709,0.2033898305084746,0.23368551895587322,1609,,,
606192,1.3,-19.4,-3.2,-8.5,24.4,371.0,673.0,1282.0,717.0,931.0,0.23180592991913745,0.18424962852897475,0.22152886115444617,0.20920502092050208,0.284640171858217,0.22873678912934073,3974,Teoscar Hernández,LAD,184.0
606299,-23.8,-19.9,-33.2,25.0,-5.4,121.0,230.0,46.0,445.0,397.0,0.2231404958677686,0.23478260869565218,0.1956521739130435,0.36629213483146067,0.2770780856423174,0.2929782082324455,1239,,,
606466,-12.4,-8.6,6.5,15.5,-23.4,176.0,495.0,2141.0,477.0,640.0,0.3465909090909091,0.3616161616161616,0.42129845866417565,0.4570230607966457,0.303125,0.39552048867396283,3929,Ketel Marte,AZ,26.0
606992,158.4,-18.9,-41.0,65.9,-65.5,98.0,142.0,195.0,347.0,423.0,0.336734693877551,0.1056338028169014,0.07692307692307693,0.21613832853025935,0.04491725768321513,0.13029045643153528,1205,,,
607043,-10.9,-26.0,8.6,16.3,2.9,461.0,703.0,356.0,1003.0,1313.0,0.2603036876355748,0.21621621621621623,0.31741573033707865,0.33998005982053836,0.3008377760853008,0.29223149113660063,3836,Brandon Nimmo,TEX,68.0
607054,-64.1,-2.0,-39.4,69.5,4.5,112.0,240.0,483.0,369.0,236.0,0.0625,0.17083333333333334,0.10559006211180125,0.2953929539295393,0.18220338983050846,0.17430555555555555,1440,,,
607208,-34.5,-16.4,8.7,9.9,3.3,364.0,726.0,439.0,1641.0,1362.0,0.21153846153846154,0.2699724517906336,0.35079726651480636,0.3546617915904936,0.3333333333333333,0.32281553398058255,4532,Trea Turner,PHI,103.0
607680,-12.5,5.0,7.8,-7.9,-2.8,202.0,528.0,533.0,384.0,463.0,0.21782178217821782,0.26136363636363635,0.2682926829268293,0.22916666666666666,0.24190064794816415,0.24881516587677724,2110,,,
607732,-4.3,-4.7,-26.4,4.0,25.2,123.0,241.0,449.0,474.0,461.0,0.17073170731707318,0.17012448132780084,0.13140311804008908,0.18565400843881857,0.22342733188720174,0.17848970251716248,1748,,,
608070,-15.7,-0.2,-14.1,7.6,4.8,736.0,732.0,348.0,1195.0,1596.0,0.375,0.44398907103825136,0.382183908045977,0.4786610878661088,0.46616541353383456,0.44497503798567395,4607,José Ramírez,CLE,3.0
608324,-31.6,1.9,-0.1,6.7,7.5,303.0,467.0,2292.0,488.0,754.0,0.29042904290429045,0.43254817987152033,0.42408376963350786,0.45286885245901637,0.4562334217506631,0.42448884758364314,4304,Alex Bregman,CHC,42.0
608336,7.9,3.2,-38.2,20.7,-1.4,256.0,365.0,477.0,770.0,624.0,0.171875,0.1643835616438356,0.09853249475890985,0.19220779220779222,0.15705128205128205,0.15930979133226325,2492,,,
608348,35.2,9.5,-19.9,18.9,0.5,157.0,316.0,780.0,357.0,391.0,0.34394904458598724,0.27848101265822783,0.20384615384615384,0.3025210084033613,0.2557544757033248,0.2543728135932034,2001,Carson Kelly,CHC,116.0
608369,-29.9,-15.2,10.2,12.9,-11.9,181.0,507.0,1427.0,482.0,644.0,0.27071823204419887,0.32741617357001973,0.42536790469516467,0.43568464730290457,0.34006211180124224,0.3859919777846344,3241,Corey Seager,TEX,52.0
608385,-19.7,-9.9,-55.6,43.8,-0.8,431.0,426.0,351.0,746.0,582.0,0.25754060324825984,0.2887323943661972,0.14245014245014245,0.46112600536193027,0.3178694158075601,0.32058359621451105,2536,,,
608577,9.2,-18.3,11.4,32.9,-45.8,113.0,224.0,126.0,541.0,353.0,0.25663716814159293,0.19196428571428573,0.2619047619047619,0.3123844731977819,0.1274787535410765,0.23507737656595432,1357,,,
608596,-44.5,-13.7,-27.1,34.3,36.8,180.0,225.0,129.0,162.0,245.0,0.09444444444444444,0.14666666666666667,0.12403100775193798,0.22839506172839505,0.23265306122448978,0.17003188097768332,941,,,
608671,-15.4,17.9,27.9,-19.1,-24.1,71.0,191.0,356.0,235.0,323.0,0.16901408450704225,0.2356020942408377,0.2556179775280899,0.16170212765957448,0.15170278637770898,0.19982993197278912,1176,,,
608700,-43.3,-30.2,-44.5,9.6,34.6,127.0,116.0,73.0,193.0,301.0,0.12598425196850394,0.15517241379310345,0.1232876712328767,0.24352331606217617,0.29900332225913623,0.2222222222222222,810,,,
608701,24.7,59.3,2.7,-34.3,-18.2,167.0,196.0,219.0,323.0,290.0,0.2994011976047904,0.3826530612244898,0.2465753424657534,0.15789473684210525,0.19655172413793104,0.2401673640167364,1195,,,
608841,-37.1,5.3,-38.5,34.0,-12.9,150.0,183.0,120.0,404.0,353.0,0.15333333333333332,0.2568306010928962,0.15,0.32673267326732675,0.21246458923512748,0.24380165289256198,1210,,,
609275,-94.6,76.4,-74.9,-8.8,22.8,116.0,171.0,50.0,372.0,215.0,0.008620689655172414,0.2807017543859649,0.04,0.14516129032258066,0.19534883720930232,0.1590909090909091,924,,,
609280,12.8,-34.5,-40.9,29.2,7.5,149.0,306.0,246.0,513.0,493.0,0.348993288590604,0.20261437908496732,0.18292682926829268,0.3996101364522417,0.332657200811359,0.3093145869947276,1707,Miguel Andujar,SD,79.0
614177,-12.8,-11.7,35.2,11.8,-3.4,191.0,423.0,153.0,370.0,700.0,0.17277486910994763,0.17494089834515367,0.2679738562091503,0.22162162162162163,0.19142857142857142,0.19814915623298857,1837,,,
620443,-53.9,-1.3,-29.9,-32.3,83.2,163.0,240.0,132.0,222.0,243.0,0.07975460122699386,0.17083333333333334,0.12121212121212122,0.11711711711711711,0.3168724279835391,0.173,1000,,,
621020,-0.4,-11.9,-31.9,10.7,4.3,424.0,658.0,429.0,1535.0,1250.0,0.22169811320754718,0.196048632218845,0.15151515151515152,0.24625407166123778,0.232,0.22253258845437615,4296,Dansby Swanson,CHC,119.0
621028,-0.7,-12.7,-3.6,-1.0,7.9,187.0,330.0,334.0,551.0,769.0,0.2620320855614973,0.23030303030303031,0.25449101796407186,0.2613430127041742,0.2847854356306892,0.2639336711192999,2171,,,
621035,-66.0,2.7,51.8,-5.0,-5.4,159.0,744.0,325.0,627.0,954.0,0.05660377358490566,0.17069892473118278,0.2523076923076923,0.15789473684210525,0.15723270440251572,0.16625133499466002,2809,,,
621043,-28.1,-22.1,-8.6,23.4,19.0,343.0,591.0,1090.0,711.0,815.0,0.21865889212827988,0.23688663282571912,0.2779816513761468,0.3755274261603376,0.3619631901840491,0.30422535211267604,3550,Carlos Correa,HOU,95.0
621311,6.9,53.3,-106.4,8.2,38.5,100.0,173.0,201.0,257.0,244.0,0.25,0.3583815028901734,-0.014925373134328358,0.2529182879377432,0.3237704918032787,0.23384615384615384,975,,,
621433,6344.2,-735.9,324.0,-275.4,-1559.7,40.0,64.0,320.0,232.0,158.0,-0.475,0.046875,-0.03125,0.01293103448275862,0.10759493670886076,-0.007371007371007371,814,,,
621438,-40.3,-14.3,3.8,-6.7,27.8,136.0,200.0,595.0,372.0,307.0,0.1323529411764706,0.19,0.23025210084033612,0.20698924731182797,0.28338762214983715,0.2217391304347826,1610,Tyrone Taylor,NYM,227.0
621439,-23.1,-12.1,19.5,-7.2,20.1,402.0,477.0,217.0,490.0,716.0,0.21641791044776118,0.24737945492662475,0.33640552995391704,0.2612244897959184,0.33798882681564246,0.28149435273675066,2302,Byron Buxton,MIN,34.0
621446,-318.2,-88.3,47.7,144.4,-49.4,36.0,112.0,195.0,225.0,414.0,-0.16666666666666666,0.008928571428571428,0.11282051282051282,0.18666666666666668,0.03864734299516908,0.07637474541751528,982,,,
621453,-54.8,70.8,-47.1,32.9,-93.2,161.0,293.0,86.0,137.0,133.0,0.049689440993788817,0.18771331058020477,0.05813953488372093,0.145985401459854,0.007518796992481203,0.10987654320987654,810,,,
621466,-22.8,-35.6,-34.5,-7.4,37.5,72.0,115.0,99.0,300.0,303.0,0.16666666666666666,0.1391304347826087,0.1414141414141414,0.2,0.297029702970297,0.21597300337457817,889,,,
621493,-20.1,-19.4,8.9,14.3,2.1,166.0,566.0,430.0,587.0,982.0,0.20481927710843373,0.2067137809187279,0.27906976744186046,0.293015332197615,0.26171079429735233,0.25631636763090443,2731,Taylor Ward,BAL,84.0
621512,-152.4,-14.3,-53.3,9.8,91.4,120.0,202.0,101.0,258.0,263.0,-0.03333333333333333,0.054455445544554455,0.0297029702970297,0.06976744186046512,0.12167300380228137,0.0635593220338983,944,,,
621550,85.5,-60.3,-64.5,72.8,-33.3,166.0,310.0,154.0,400.0,441.0,0.2710843373493976,0.05806451612903226,0.05194805194805195,0.2525,0.09750566893424037,0.14615907545887152,1471,,,
621563,21.2,-28.7,-13.9,47.9,-1.8,96.0,127.0,1106.0,367.0,338.0,0.28125,0.16535433070866143,0.19981916817359854,0.34332425068119893,0.22781065088757396,0.232055063913471,2034,,,
621566,-29.1,3.8,-13.4,4.0,5.1,316.0,1070.0,555.0,1350.0,1407.0,0.23734177215189872,0.34766355140186916,0.29009009009009007,0.34814814814814815,0.35181236673773986,0.33482332907620266,4698,Matt Olson,ATL,7.0
622110,-56.6,5.0,-10.8,5.0,27.2,121.0,154.0,505.0,383.0,354.0,0.09917355371900827,0.24025974025974026,0.20396039603960395,0.2402088772845953,0.2909604519774011,0.22874093605800924,1517,,,
622534,-8.7,-12.1,-5.3,15.3,8.3,197.0,437.0,794.0,351.0,706.0,0.2233502538071066,0.2151029748283753,0.23173803526448364,0.28205128205128205,0.26487252124645894,0.24466800804828973,2485,,,
622666,-71.4,-41.6,70.6,-0.2,9.2,56.0,89.0,68.0,437.0,326.0,0.07142857142857142,0.14606741573033707,0.4264705882352941,0.2494279176201373,0.27300613496932513,0.25,976,,,
622682,-73.2,-10.0,-54.4,26.8,12.3,87.0,149.0,115.0,368.0,348.0,0.04597701149425287,0.15436241610738255,0.0782608695652174,0.21739130434782608,0.1925287356321839,0.17150890346766634,1067,,,
622761,81.1,-20.4,12.0,2.1,-26.6,147.0,251.0,218.0,384.0,383.0,0.24489795918367346,0.10756972111553785,0.15137614678899083,0.13802083333333334,0.09921671018276762,0.13521330441070137,1383,,,
623520,62.0,-47.4,15.2,3.1,-7.4,141.0,182.0,83.0,335.0,327.0,0.3049645390070922,0.0989010989010989,0.21686746987951808,0.19402985074626866,0.1743119266055046,0.18820224719101122,1068,,,
623912,-15.2,-11.2,-2.9,-5.6,14.0,120.0,172.0,766.0,311.0,553.0,0.21666666666666667,0.22674418604651161,0.24804177545691905,0.24115755627009647,0.2911392405063291,0.2554630593132154,1922,,,
623993,-13.3,-24.6,-32.9,21.7,15.0,310.0,422.0,590.0,994.0,824.0,0.24516129032258063,0.2132701421800948,0.18983050847457628,0.3440643863179074,0.32524271844660196,0.28280254777070063,3140,,,
624413,19.2,-22.5,-7.5,13.4,-3.1,466.0,732.0,388.0,1097.0,1386.0,0.41201716738197425,0.2677595628415301,0.31958762886597936,0.3919781221513218,0.3347763347763348,0.34553944458097813,4069,Pete Alonso,BAL,41.0
624414,-36.3,-19.9,-7.5,62.8,6.3,161.0,156.0,135.0,137.0,214.0,0.14285714285714285,0.1794871794871795,0.2074074074074074,0.36496350364963503,0.2383177570093458,0.22415940224159403,803,,,
624415,-148.5,19.8,13.3,14.1,-18.9,83.0,187.0,791.0,292.0,319.0,-0.08433734939759036,0.20855614973262032,0.1972187104930468,0.19863013698630136,0.14106583072100312,0.17404306220095694,1672,,,
624424,-25.8,-4.3,8.4,2.5,9.4,379.0,837.0,270.0,733.0,982.0,0.19261213720316622,0.24850657108721624,0.2814814814814815,0.2660300136425648,0.28411405295315684,0.25960637300843487,3201,,,
624428,5.8,-7.9,-24.0,9.4,2.2,484.0,609.0,346.0,832.0,1138.0,0.30578512396694213,0.2660098522167488,0.21965317919075145,0.3161057692307692,0.29525483304042177,0.2889410384276914,3409,Adam Frazier,LAA,261.0
624431,0.1,-23.6,-16.2,4.9,25.2,146.0,227.0,365.0,383.0,372.0,0.2191780821917808,0.16740088105726872,0.18356164383561643,0.2297650130548303,0.27419354838709675,0.21902210314802412,1493,,,
624503,15.4,-23.0,-10.3,17.1,-0.8,123.0,156.0,225.0,247.0,275.0,0.21138211382113822,0.14102564102564102,0.16444444444444445,0.2145748987854251,0.18181818181818182,0.18323586744639375,1026,,,
624512,-50.8,-2.0,49.4,-20.8,9.0,166.0,177.0,246.0,277.0,267.0,0.0963855421686747,0.192090395480226,0.2926829268292683,0.1552346570397112,0.21348314606741572,0.19593998234774934,1133,,,
624577,-46.5,-39.5,-108.6,30.4,17.5,61.0,232.0,38.0,268.0,456.0,0.16393442622950818,0.1853448275862069,-0.02631578947368421,0.39925373134328357,0.35964912280701755,0.3061611374407583,1055,,,
624585,-29.7,-14.7,-8.3,10.0,25.4,394.0,624.0,705.0,877.0,707.0,0.19035532994923857,0.23076923076923078,0.24822695035460993,0.2976054732041049,0.33946251768033947,0.27063804052010887,3307,Jorge Soler,LAA,183.0
624641,-14.3,-20.4,-14.8,7.8,10.7,89.0,203.0,179.0,516.0,377.0,0.19101123595505617,0.17733990147783252,0.18994413407821228,0.24031007751937986,0.246684350132626,0.22287390029325513,1364,,,
628338,122.8,16.3,-19.8,-5.0,-27.8,73.0,203.0,216.0,265.0,240.0,0.4246575342465753,0.22167487684729065,0.1527777777777778,0.1811320754716981,0.1375,0.1905717151454363,997,,,
628451,-15.7,19.4,4.9,-20.7,3.7,98.0,211.0,300.0,258.0,353.0,0.21428571428571427,0.3033175355450237,0.26666666666666666,0.20155038759689922,0.26345609065155806,0.2540983606557377,1220,,,
630105,-18.3,0.7,-10.5,23.3,-4.5,171.0,947.0,351.0,473.0,1068.0,0.23391812865497075,0.28827877507919747,0.2564102564102564,0.35306553911205074,0.27340823970037453,0.28637873754152826,3010,Jake Cronenworth,SD,237.0
640457,7.3,-33.7,-1.0,31.4,-8.5,105.0,147.0,735.0,241.0,313.0,0.3523809523809524,0.21768707482993196,0.3251700680272109,0.4315352697095436,0.3003194888178914,0.3283582089552239,1541,,,
640458,-14.5,9.0,-15.3,28.8,-16.3,66.0,107.0,71.0,254.0,382.0,0.22727272727272727,0.2897196261682243,0.22535211267605634,0.3425196850393701,0.22251308900523561,0.26590909090909093,880,,,
640461,-31.9,0.0,32.6,-19.8,4.2,116.0,463.0,183.0,190.0,363.0,0.1206896551724138,0.1771058315334773,0.23497267759562843,0.14210526315789473,0.18457300275482094,0.17718631178707225,1315,,,
641313,12.0,1.1,-86.2,35.6,-9.1,478.0,459.0,296.0,767.0,881.0,0.2196652719665272,0.19825708061002179,0.02702702702702703,0.26597131681877445,0.1782065834279228,0.19611246095105866,2881,,,
641343,-35.4,33.0,-3.0,21.6,-15.8,206.0,270.0,686.0,350.0,450.0,0.0970873786407767,0.2,0.1457725947521866,0.18285714285714286,0.12666666666666668,0.15035677879714576,1962,Jake Bauers,MIL,149.0
641355,-24.0,8.0,7.7,14.7,-13.0,283.0,802.0,388.0,1077.0,1423.0,0.24734982332155478,0.3516209476309227,0.35051546391752575,0.3732590529247911,0.2832044975404076,0.32544676566826075,3973,Cody Bellinger,NYY,10.0
641432,51.4,-34.3,0.4,3.9,11.0,64.0,214.0,327.0,361.0,228.0,0.484375,0.2102803738317757,0.3211009174311927,0.33240997229916897,0.35526315789473684,0.31993299832495814,1194,,,
641487,10.3,-14.7,5.2,5.0,1.3,642.0,902.0,530.0,546.0,946.0,0.2866043613707165,0.22172949002217296,0.27358490566037735,0.27289377289377287,0.2632135306553911,0.2599551318003365,3566,J.P. Crawford,SEA,129.0
641531,-1.2,-31.7,17.2,3.3,10.9,246.0,334.0,165.0,898.0,465.0,0.1991869918699187,0.1377245508982036,0.23636363636363636,0.20824053452115812,0.22365591397849463,0.20161290322580644,2108,,,
641553,-31.1,-40.3,-85.8,51.5,-9.0,176.0,145.0,61.0,383.0,352.0,0.07954545454545454,0.06896551724137931,0.01639344262295082,0.17493472584856398,0.10511363636363637,0.11548791405550582,1117,,,
641584,2.1,-30.8,-36.2,11.4,21.9,157.0,271.0,196.0,456.0,452.0,0.2611464968152866,0.17712177121771217,0.16326530612244897,0.2850877192982456,0.31194690265486724,0.2558746736292428,1532,Jake Fraley,TB,171.0
641598,-48.7,-14.4,0.6,4.5,31.7,269.0,410.0,537.0,479.0,521.0,0.13011152416356878,0.21707317073170732,0.25512104283054005,0.2651356993736952,0.33397312859884837,0.2536101083032491,2216,,,
641645,9.5,-17.8,-29.5,-24.2,36.9,100.0,161.0,123.0,259.0,320.0,0.24,0.18012422360248448,0.15447154471544716,0.16602316602316602,0.3,0.21910695742471442,963,,,
641658,-70.5,21.4,-21.2,33.6,-7.8,172.0,281.0,313.0,478.0,425.0,0.040697674418604654,0.16725978647686832,0.10862619808306709,0.18410041841004185,0.12705882352941175,0.1378070701018574,1669,,,
641680,-61.1,-11.3,1.5,11.8,13.0,103.0,226.0,1281.0,223.0,327.0,0.08737864077669903,0.19911504424778761,0.22794691647150664,0.25112107623318386,0.25382262996941896,0.22453703703703703,2160,,,
641820,-8.9,-29.1,-28.4,30.8,1.4,301.0,426.0,455.0,878.0,721.0,0.2292358803986711,0.1784037558685446,0.18021978021978022,0.32915717539863326,0.2552011095700416,0.25170801869830994,2781,,,
641856,56.6,-39.5,35.6,-11.4,-42.9,85.0,134.0,333.0,196.0,213.0,0.27058823529411763,0.1044776119402985,0.23423423423423423,0.15306122448979592,0.09859154929577464,0.17273673257023933,961,,,
641857,9.7,-19.9,-45.5,26.7,-5.9,463.0,614.0,456.0,1281.0,978.0,0.20734341252699784,0.15146579804560262,0.10307017543859649,0.23965651834504292,0.17791411042944785,0.18908227848101267,3792,Ryan McMahon,NYY,282.0
641933,14.0,-38.1,-22.7,12.5,3.6,190.0,253.0,280.0,913.0,525.0,0.24736842105263157,0.13438735177865613,0.16785714285714284,0.244249726177437,0.22476190476190477,0.2170291531698288,2161,Tyler O'Neill,BAL,238.0
642086,-17.7,-14.6,-5.9,-10.9,26.3,178.0,421.0,236.0,613.0,661.0,0.1853932584269663,0.19239904988123516,0.211864406779661,0.200652528548124,0.2844175491679274,0.22522522522522523,2109,Dominic Smith,ATL,76.0
642133,-62.3,-12.7,16.7,11.3,-16.9,227.0,285.0,1115.0,484.0,378.0,0.09251101321585903,0.21403508771929824,0.2860986547085202,0.2727272727272727,0.2037037037037037,0.24507834471675372,2489,,,
642136,30.7,-37.3,-69.6,-6.7,60.6,70.0,202.0,139.0,249.0,276.0,0.18571428571428572,0.0891089108910891,0.04316546762589928,0.13253012048192772,0.22826086956521738,0.1420940170940171,936,,,
642180,-89.6,11.1,-63.5,126.9,-27.2,88.0,215.0,151.0,162.0,202.0,0.011363636363636364,0.12093023255813953,0.039735099337748346,0.24691358024691357,0.07920792079207921,0.10880195599022005,818,,,
642336,53.1,-17.6,-12.7,18.9,2.8,71.0,110.0,441.0,160.0,260.0,0.3380281690140845,0.18181818181818182,0.1927437641723356,0.2625,0.22692307692307692,0.22072936660268713,1042,,,
642350,-284.6,131.3,1.4,139.6,-75.4,62.0,99.0,715.0,138.0,207.0,-0.14516129032258066,0.18181818181818182,0.07972027972027972,0.18840579710144928,0.01932367149758454,0.07862407862407862,1221,,,
642708,-56.9,-14.3,-31.5,33.2,11.7,434.0,582.0,382.0,908.0,1280.0,0.10368663594470046,0.20618556701030927,0.1649214659685864,0.32048458149779735,0.26875,0.24065811489124372,3586,Amed Rosario,NYY,113.0
642715,-20.7,4.1,-6.0,24.0,-1.2,283.0,524.0,1993.0,681.0,610.0,0.18021201413427562,0.2366412213740458,0.21374811841445057,0.28193832599118945,0.22459016393442624,0.22732828159374235,4091,Willy Adames,SF,209.0
642731,3.3,-8.2,-18.1,1.3,25.6,257.0,660.0,233.0,340.0,327.0,0.2490272373540856,0.22121212121212122,0.19742489270386265,0.24411764705882352,0.30275229357798167,0.24105668684645018,1817,,,
643217,-5.8,0.5,-29.3,7.7,6.3,550.0,767.0,429.0,1054.0,1148.0,0.27636363636363637,0.29465449804432853,0.20745920745920746,0.3159392789373814,0.3118466898954704,0.2933130699088146,3948,Andrew Benintendi,CWS,221.0
643265,-19.1,-30.5,7.0,8.7,2.3,129.0,186.0,618.0,302.0,515.0,0.16279069767441862,0.13978494623655913,0.215210355987055,0.2185430463576159,0.2058252427184466,0.20114285714285715,1750,,,
643289,-37.6,-13.9,3.0,7.6,14.2,147.0,262.0,906.0,238.0,328.0,0.16326530612244897,0.22519083969465647,0.2693156732891832,0.2815126050420168,0.29878048780487804,0.26156299840510366,1881,Mauricio Dubón,ATL,133.0
643376,-62.2,-10.3,10.4,-7.6,4.4,96.0,178.0,881.0,381.0,358.0,0.10416666666666667,0.24719101123595505,0.30419977298524403,0.2545931758530184,0.2877094972067039,0.27560718057022177,1894,Danny Jansen,TEX,258.0
643393,-45.2,-10.5,4.6,27.2,2.3,154.0,460.0,484.0,305.0,554.0,0.16233766233766234,0.26521739130434785,0.30991735537190085,0.3770491803278688,0.30324909747292417,0.2963719979560552,1957,,,
643396,-33.4,-7.0,12.7,2.0,-2.1,223.0,493.0,849.0,835.0,741.0,0.15246636771300448,0.2129817444219067,0.2579505300353357,0.23353293413173654,0.22402159244264508,0.22890799108564153,3141,,,
643446,-0.8,6.8,-21.1,3.8,-2.0,374.0,622.0,244.0,962.0,1210.0,0.35561497326203206,0.38263665594855306,0.2827868852459016,0.37214137214137216,0.3512396694214876,0.35844079718640093,3412,Jeff McNeil,ATH,85.0
643565,-11.1,-2.7,-19.2,18.8,-2.4,192.0,351.0,169.0,406.0,542.0,0.20833333333333334,0.22792022792022792,0.1893491124260355,0.27832512315270935,0.22878228782287824,0.23433734939759035,1660,,,
645277,8.5,-14.5,-10.5,6.5,-0.2,276.0,529.0,413.0,1523.0,1351.0,0.35507246376811596,0.27977315689981097,0.2929782082324455,0.3486539724228496,0.32642487046632124,0.3272238514173998,4092,Ozzie Albies,ATL,47.0
645302,-1.1,-16.7,5.0,7.2,2.8,218.0,406.0,140.0,658.0,572.0,0.2018348623853211,0.16995073891625614,0.21428571428571427,0.2188449848024316,0.2097902097902098,0.2041123370110331,1994,,,
646240,2.8,-7.5,-33.4,21.2,4.7,707.0,937.0,644.0,994.0,1173.0,0.3521923620933522,0.31696905016008536,0.22826086956521738,0.4154929577464789,0.3589087809036658,0.34276094276094277,4455,Rafael Devers,SF,223.0
647304,-11.0,-6.7,5.4,-7.2,9.5,337.0,492.0,421.0,572.0,937.0,0.29673590504451036,0.31097560975609756,0.3515439429928741,0.3094405594405594,0.3649946638207044,0.3334541500543675,2759,Josh Naylor,SEA,48.0
647351,10.5,-20.4,3.3,5.7,4.4,212.0,310.0,366.0,214.0,382.0,0.2688679245283019,0.1935483870967742,0.25136612021857924,0.2570093457943925,0.25392670157068065,0.24326145552560646,1484,,,
649557,-2.5,19.3,-5.9,-36.0,23.8,127.0,255.0,850.0,188.0,303.0,0.2755905511811024,0.33725490196078434,0.26588235294117646,0.18085106382978725,0.34983498349834985,0.2826465467208358,1723,,,
649966,-3.2,-69.3,14.4,35.8,-25.9,81.0,204.0,771.0,433.0,471.0,0.24691358024691357,0.0784313725490196,0.2918287937743191,0.3464203233256351,0.18895966029723993,0.25510204081632654,1960,,,
650333,-5.8,-5.2,8.4,-1.1,-0.3,258.0,658.0,717.0,721.0,1057.0,0.3682170542635659,0.3708206686930091,0.42398884239888424,0.3869625520110957,0.38978240302743616,0.39108765757842273,3411,Luis Arraez,SF,64.0
650391,-31.8,14.3,-58.3,36.4,-9.7,206.0,309.0,182.0,529.0,673.0,0.1796116504854369,0.30097087378640774,0.10989010989010989,0.3591682419659735,0.237741456166419,0.2632964718272775,1899,,,
650402,-10.2,-4.1,-21.8,10.7,5.4,353.0,809.0,564.0,1165.0,1249.0,0.26062322946175637,0.27812113720642767,0.22695035460992907,0.32103004291845494,0.3058446757405925,0.2900966183574879,4140,Gleyber Torres,DET,163.0
650489,-10.0,-16.4,-28.8,3.3,16.1,221.0,432.0,228.0,730.0,839.0,0.17194570135746606,0.1597222222222222,0.13596491228070176,0.19726027397260273,0.22169249106078665,0.1910204081632653,2450,Willi Castro,COL,298.0
650490,-13.4,4.5,3.4,2.3,-10.9,156.0,290.0,1666.0,725.0,600.0,0.3141025641025641,0.3793103448275862,0.3751500600240096,0.37103448275862067,0.3233333333333333,0.36281640965958684,3437,Yandy Díaz,TB,12.0
650559,65.9,-76.9,37.1,-48.5,-50.6,99.0,166.0,990.0,340.0,277.0,0.30303030303030304,0.04216867469879518,0.2505050505050505,0.09411764705882353,0.09025270758122744,0.18269230769230768,1872,,,
650859,-27.9,-15.7,-21.7,14.1,11.6,123.0,459.0,355.0,565.0,895.0,0.17886178861788618,0.20915032679738563,0.19436619718309858,0.2831858407079646,0.2770949720670391,0.24822695035460993,2397,Luis Rengifo,MIL,153.0
656180,132.7,15.9,-66.1,-10.8,-5.6,72.0,106.0,99.0,288.0,284.0,0.20833333333333334,0.10377358490566038,0.030303030303030304,0.0798611111111111,0.08450704225352113,0.0895170789163722,849,,,
656305,-44.6,11.0,-12.8,28.7,5.0,460.0,1293.0,1071.0,531.0,937.0,0.14347826086956522,0.2877030162412993,0.22595704948646125,0.3333333333333333,0.272145144076841,0.2590866728797763,4292,Matt Chapman,SF,246.0
656308,264.3,-136.3,-5.8,-23.1,-26.0,132.0,137.0,132.0,291.0,336.0,0.4393939393939394,-0.043795620437956206,0.11363636363636363,0.09278350515463918,0.08928571428571429,0.12062256809338522,1028,,,
656541,-51.3,-16.1,-124.2,-3.2,74.7,67.0,140.0,81.0,310.0,224.0,0.07462686567164178,0.12857142857142856,-0.037037037037037035,0.14838709677419354,0.26785714285714285,0.15328467153284672,822,,,
656555,-0.6,10.1,-34.1,32.6,-18.7,290.0,443.0,594.0,1039.0,959.0,0.2793103448275862,0.309255079006772,0.18518518518518517,0.37247353224254093,0.2283628779979145,0.28090225563909776,3325,Rhys Hoskins,CLE,255.0
656582,50.0,-22.2,-21.5,10.2,-8.5,200.0,300.0,207.0,495.0,460.0,0.36,0.18666666666666668,0.18840579710144928,0.26464646464646463,0.21956521739130436,0.24007220216606498,1662,,,
656669,-95.9,65.1,-51.4,46.4,3.4,95.0,131.0,178.0,188.0,289.0,0.010526315789473684,0.4198473282442748,0.12359550561797752,0.3723404255319149,0.2629757785467128,0.2542565266742338,881,,,
656716,49.4,-31.8,-14.4,8.0,-1.3,182.0,319.0,156.0,513.0,541.0,0.3021978021978022,0.13793103448275862,0.17307692307692307,0.21832358674463936,0.19963031423290203,0.2022209234365868,1711,,,
656775,10.2,-25.3,-8.3,24.4,-15.1,306.0,416.0,433.0,1009.0,900.0,0.29411764705882354,0.19951923076923078,0.24480369515011546,0.33201189296333,0.22666666666666666,0.2669712793733681,3064,Cedric Mullins,TB,197.0
656811,42.4,-30.6,24.8,5.9,-16.0,189.0,299.0,308.0,835.0,714.0,0.37037037037037035,0.1806020066889632,0.3246753246753247,0.2754491017964072,0.2184873949579832,0.2601279317697228,2345,Ryan O'Hearn,PIT,45.0
656896,-11.6,-20.9,2.6,-2.2,11.3,47.0,138.0,410.0,308.0,266.0,0.1702127659574468,0.15217391304347827,0.1975609756097561,0.18831168831168832,0.21428571428571427,0.1924721984602224,1169,,,
656941,-43.1,-2.8,-34.3,22.2,6.0,470.0,754.0,462.0,1353.0,1357.0,0.1723404255319149,0.29442970822281167,0.19913419913419914,0.37028824833702884,0.3212969786293294,0.30300272975432213,4396,Kyle Schwarber,PHI,24.0
656976,7.0,-23.7,5.7,46.0,-23.0,77.0,216.0,893.0,96.0,214.0,0.2597402597402597,0.18518518518518517,0.2564389697648376,0.3541666666666667,0.18691588785046728,0.2426470588235294,1496,,,
657041,-40.2,-63.7,26.4,29.9,-6.3,193.0,280.0,223.0,807.0,705.0,0.12953367875647667,0.07857142857142857,0.273542600896861,0.2812887236679058,0.2028368794326241,0.2164855072463768,2208,Lane Thomas,KC,179.0
657077,27.9,-1.2,-18.2,-10.4,6.8,400.0,660.0,466.0,750.0,870.0,0.3825,0.29545454545454547,0.2446351931330472,0.268,0.3195402298850575,0.29910998092816277,3146,,,
657136,119.5,-18.2,-87.6,6.0,-9.0,156.0,197.0,162.0,323.0,310.0,0.3269230769230769,0.1218274111675127,0.018518518518518517,0.15789473684210525,0.13548387096774195,0.1489547038327526,1148,,,
657557,0.3,22.9,-66.7,3.1,3.6,292.0,486.0,259.0,1053.0,793.0,0.17465753424657535,0.2139917695473251,0.05791505791505792,0.1794871794871795,0.18032786885245902,0.17412417620534165,2883,,,
657656,-65.6,33.8,4.6,17.3,-27.7,230.0,727.0,345.0,559.0,749.0,0.0782608695652174,0.30398899587345257,0.23768115942028986,0.26654740608228983,0.16421895861148197,0.22720306513409963,2610,Ramón Laureano,SD,178.0
657757,27.1,-11.1,-28.0,-10.9,12.7,208.0,451.0,178.0,431.0,711.0,0.3076923076923077,0.21507760532150777,0.17415730337078653,0.21577726218097448,0.27285513361462727,0.24204143506821627,1979,Gavin Sheets,SD,115.0
658668,28.3,-32.3,1.9,-2.2,10.8,103.0,141.0,126.0,304.0,192.0,0.34951456310679613,0.18439716312056736,0.2777777777777778,0.26644736842105265,0.3020833333333333,0.27251732101616627,866,,,
660162,18.0,10.5,-63.3,8.5,-4.8,438.0,481.0,239.0,818.0,973.0,0.2420091324200913,0.22661122661122662,0.07531380753138076,0.22249388753056235,0.19527235354573483,0.20515428958969142,2949,Yoán Moncada,LAA,281.0
660271,-0.1,-5.0,4.5,9.6,-5.5,262.0,878.0,575.0,1000.0,1417.0,0.38549618320610685,0.36674259681093396,0.40347826086956523,0.423,0.36485532815808047,0.3860116166505324,4132,Shohei Ohtani,LAD,6.0
660670,-12.1,-9.7,11.5,-0.1,2.6,205.0,393.0,318.0,1484.0,1064.0,0.3170731707317073,0.3256997455470738,0.4025157232704403,0.3605121293800539,0.37030075187969924,0.3608545034642032,3464,Ronald Acuña Jr.,ATL,36.0
660688,-22.2,1.3,18.2,-6.7,6.9,171.0,266.0,211.0,638.0,557.0,0.23391812865497075,0.30451127819548873,0.35545023696682465,0.28056426332288403,0.3213644524236984,0.3005968529571351,1843,Keibert Ruiz,WSH,140.0
660821,-48.1,-14.7,18.6,-6.7,-48.1,90.0,175.0,1153.0,360.0,252.0,0.1111111111111111,0.18285714285714286,0.2541196877710321,0.2,0.1111111111111111,0.21428571428571427,2030,Jesús Sánchez,TOR,104.0
661388,-32.0,0.8,17.5,-15.8,-15.5,130.0,189.0,1155.0,521.0,515.0,0.2,0.2962962962962963,0.34545454545454546,0.2476007677543186,0.24854368932038834,0.2940239043824701,2510,William Contreras,MIL,29.0
662139,64.5,-32.4,-3.4,40.8,-8.4,68.0,242.0,1314.0,272.0,376.0,0.38235294117647056,0.15702479338842976,0.22450532724505326,0.3272058823529412,0.2127659574468085,0.2323943661971831,2272,Daulton Varsho,TOR,105.0
663457,-14.2,-8.8,29.2,-3.4,0.6,121.0,271.0,219.0,778.0,573.0,0.2396694214876033,0.25461254612546125,0.3607305936073059,0.2699228791773779,0.28097731239092494,0.2793068297655454,1962,,,
663538,14.2,8.9,-27.0,-0.5,-2.1,358.0,531.0,282.0,718.0,857.0,0.3770949720670391,0.35969868173258,0.24113475177304963,0.3286908077994429,0.323220536756126,0.33029861616897305,2746,Nico Hoerner,CHC,23.0
663586,-24.3,-33.4,1.9,23.2,-12.0,182.0,457.0,377.0,1312.0,955.0,0.2087912087912088,0.1838074398249453,0.28116710875331563,0.3399390243902439,0.24293193717277486,0.27596710325921414,3283,Austin Riley,ATL,226.0
663611,10.4,-60.0,-43.2,60.2,16.4,232.0,182.0,61.0,121.0,235.0,0.31896551724137934,0.11538461538461539,0.16393442622950818,0.4628099173553719,0.33617021276595743,0.2888086642599278,831,,,
663616,27.3,14.0,-15.5,17.9,-29.0,210.0,332.0,191.0,415.0,512.0,0.2523809523809524,0.22590361445783133,0.16753926701570682,0.23373493975903614,0.140625,0.19819277108433736,1660,Trevor Larnach,MIN,188.0
663624,-21.9,-2.4,-18.7,34.2,-17.1,269.0,379.0,393.0,772.0,716.0,0.17100371747211895,0.21372031662269128,0.178117048346056,0.29404145077720206,0.18156424581005587,0.21905891656781337,2529,,,
663647,-8.6,-18.7,-20.7,7.8,12.1,261.0,362.0,301.0,744.0,779.0,0.18007662835249041,0.16022099447513813,0.15614617940199335,0.21236559139784947,0.220795892169448,0.19697588884348183,2447,Ke'Bryan Hayes,CIN,217.0
663656,-17.1,-25.4,4.9,15.8,-0.5,220.0,337.0,1494.0,330.0,540.0,0.33636363636363636,0.3026706231454006,0.42570281124497994,0.4696969696969697,0.40370370370370373,0.40568298527901403,2921,Kyle Tucker,LAD,31.0
663697,-37.7,-18.2,-47.3,28.3,2.8,245.0,419.0,339.0,1095.0,696.0,0.1673469387755102,0.21957040572792363,0.1415929203539823,0.34429223744292237,0.27586206896551724,0.2684323550465283,2794,Jonathan India,KC,182.0
663698,-83.9,-41.4,57.6,31.4,32.8,131.0,276.0,125.0,241.0,233.0,0.022900763358778626,0.08333333333333333,0.224,0.18672199170124482,0.1888412017167382,0.14214711729622267,1006,,,
663728,-28.6,-28.9,-14.0,30.8,34.1,429.0,594.0,383.0,397.0,662.0,0.18414918414918416,0.1835016835016835,0.22193211488250653,0.33753148614609574,0.3459214501510574,0.25801217038539553,2465,Cal Raleigh,SEA,135.0
663743,-72.8,-28.6,25.6,-14.7,-28.5,68.0,110.0,622.0,206.0,168.0,0.058823529411764705,0.15454545454545454,0.2717041800643087,0.18446601941747573,0.15476190476190477,0.21635434412265758,1174,Nick Fortes,TB,185.0
663757,-18.1,-47.1,28.0,18.1,16.1,167.0,642.0,302.0,615.0,853.0,0.17365269461077845,0.11214953271028037,0.271523178807947,0.25040650406504067,0.246189917936694,0.2120977122915859,2579,Trent Grisham,NYY,44.0
663837,-23.5,2.3,-21.2,-3.2,17.2,122.0,239.0,203.0,574.0,493.0,0.1721311475409836,0.2301255230125523,0.17733990147783252,0.21777003484320556,0.26369168356997974,0.22501532801961988,1631,Matt Vierling,DET,166.0
663886,12.5,6.1,-21.6,10.8,-14.6,161.0,305.0,198.0,759.0,535.0,0.2608695652173913,0.2459016393442623,0.18181818181818182,0.25691699604743085,0.19813084112149532,0.23186925434116445,1958,Tyler Stephenson,CIN,192.0
663898,-2.6,-33.8,-36.0,18.9,16.8,166.0,278.0,316.0,680.0,496.0,0.21686746987951808,0.1474820143884892,0.14240506329113925,0.2647058823529412,0.2600806451612903,0.22262396694214875,1936,,,
663993,-69.7,34.9,-5.3,8.5,7.8,187.0,381.0,1701.0,466.0,619.0,0.0748663101604278,0.3333333333333333,0.23398001175778954,0.26824034334763946,0.2665589660743134,0.24716756112104948,3354,Nathaniel Lowe,CIN,49.0
664023,-7.0,-13.9,-10.3,12.1,3.6,453.0,699.0,380.0,1009.0,1254.0,0.23178807947019867,0.2145922746781116,0.2236842105263158,0.2794846382556987,0.2583732057416268,0.2492753623188406,3795,Ian Happ,CHC,107.0
664034,-9.5,13.6,-24.5,13.7,1.9,572.0,714.0,537.0,535.0,796.0,0.25,0.3137254901960784,0.2085661080074488,0.31401869158878504,0.2814070351758794,0.2761572606214331,3154,Ty France,SD,67.0
664040,-0.5,-45.5,-3.8,35.3,-13.7,143.0,203.0,1376.0,590.0,458.0,0.2517482517482518,0.13793103448275862,0.24345930232558138,0.3423728813559322,0.2183406113537118,0.2530685920577617,2770,Brandon Lowe,PIT,81.0
664056,-2.0,57.2,-46.7,-4.3,-7.3,238.0,433.0,295.0,1025.0,832.0,0.20588235294117646,0.3302540415704388,0.11186440677966102,0.20097560975609757,0.19471153846153846,0.21006021962451293,2823,Harrison Bader,SF,249.0
664058,14.6,-2.8,-10.8,4.7,-0.1,92.0,350.0,267.0,549.0,701.0,0.33695652173913043,0.2857142857142857,0.26217228464419473,0.30783242258652094,0.29386590584878747,0.29402756508422667,1959,,,
664068,-61.3,9.4,248.6,-22.3,6.4,72.0,153.0,40.0,413.0,354.0,0.05555555555555555,0.1568627450980392,0.5,0.11138014527845036,0.15254237288135594,0.1434108527131783,1032,,,
664238,-11.5,-35.8,35.7,16.8,11.0,301.0,447.0,272.0,275.0,468.0,0.12956810631229235,0.09395973154362416,0.19852941176470587,0.1709090909090909,0.1623931623931624,0.14634146341463414,1763,,,
664702,-15.2,4.3,-9.2,-11.4,20.3,230.0,327.0,558.0,462.0,616.0,0.17391304347826086,0.21406727828746178,0.1863799283154122,0.18181818181818182,0.24675324675324675,0.2051983584131327,2193,Myles Straw,TOR,127.0
664728,-18.3,-34.4,30.0,9.7,2.1,130.0,243.0,139.0,586.0,411.0,0.15384615384615385,0.12345679012345678,0.2446043165467626,0.20648464163822525,0.1922141119221411,0.18820410868124585,1509,Kyle Isbel,KC,194.0
664761,-5.5,-4.0,-5.5,10.2,-4.7,267.0,499.0,329.0,876.0,798.0,0.25842696629213485,0.2625250501002004,0.25835866261398177,0.3013698630136986,0.2606516290726817,0.27338389310220296,2769,Alec Bohm,PHI,145.0
664774,24.5,0.1,-41.7,16.9,-6.8,252.0,745.0,197.0,275.0,394.0,0.3253968253968254,0.26174496644295303,0.15228426395939088,0.3054545454545455,0.2436548223350254,0.261406333870102,1863,,,
664913,-27.0,-31.9,-8.3,99.6,-9.5,183.0,528.0,286.0,291.0,511.0,0.14207650273224043,0.13257575757575757,0.17832167832167833,0.38831615120274915,0.1761252446183953,0.19455252918287938,1799,,,
664983,-6.4,63.8,-6.1,0.8,-17.7,72.0,144.0,834.0,188.0,215.0,0.2222222222222222,0.3888888888888889,0.22302158273381295,0.2393617021276596,0.19534883720930232,0.23743977976600136,1453,Jake McCarthy,COL,202.0
665120,170.2,-45.1,-37.4,-5.1,22.1,66.0,249.0,247.0,263.0,477.0,0.45454545454545453,0.09236947791164658,0.10526315789473684,0.1596958174904943,0.20545073375262055,0.16820276497695852,1302,,,
665161,5.8,2.3,7.2,-19.5,-19.8,151.0,179.0,1458.0,247.0,350.0,0.271523178807947,0.26256983240223464,0.27503429355281206,0.20647773279352227,0.2057142857142857,0.25660377358490566,2385,,,
665487,-4.1,19.5,-22.1,-10.0,-8.0,100.0,937.0,286.0,347.0,1002.0,0.31,0.3863393810032017,0.2517482517482518,0.2910662824207493,0.29740518962075846,0.32335329341317365,2672,Fernando Tatis Jr.,SD,110.0
665489,30.1,10.7,-12.0,30.2,-4.8,191.0,347.0,2145.0,640.0,654.0,0.518324607329843,0.4409221902017291,0.35058275058275057,0.51875,0.37920489296636084,0.39829016846869497,3977,Vladimir Guerrero Jr.,TOR,20.0
665742,-55.7,6.3,-4.9,10.7,-0.3,326.0,901.0,487.0,1429.0,1464.0,0.19325153374233128,0.46392896781354054,0.41478439425051333,0.4828551434569629,0.43510928961748635,0.43629259822009986,4607,Juan Soto,NYM,5.0
665750,-43.3,-41.4,21.7,26.8,-45.2,110.0,202.0,1009.0,172.0,296.0,0.09090909090909091,0.09405940594059406,0.1952428146679881,0.20348837209302326,0.08783783783783784,0.16042481833426495,1789,Leody Taveras,BAL,212.0
665828,-51.3,8.1,30.7,-5.4,5.5,149.0,191.0,188.0,183.0,238.0,0.087248322147651,0.193717277486911,0.23404255319148937,0.16939890710382513,0.18907563025210083,0.1791359325605901,949,,,
665833,92.9,-68.8,5.6,26.6,-36.9,175.0,236.0,186.0,538.0,418.0,0.3142857142857143,0.05084745762711865,0.17204301075268819,0.20631970260223048,0.10287081339712918,0.16291049581455247,1553,Oneil Cruz,PIT,151.0
665862,-19.7,7.8,1.0,-18.5,24.7,191.0,248.0,981.0,473.0,390.0,0.18324607329842932,0.24596774193548387,0.23037716615698267,0.18604651162790697,0.2846153846153846,0.22820849759088918,2283,Jazz Chisholm Jr.,NYY,208.0
665926,-35.2,14.3,13.1,4.9,-0.7,347.0,322.0,398.0,589.0,729.0,0.1585014409221902,0.2795031055900621,0.27638190954773867,0.2563667232597623,0.24279835390946503,0.24444444444444444,2385,Andrés Giménez,TOR,167.0
666023,-79.1,49.6,22.6,15.2,-37.0,44.0,129.0,105.0,379.0,299.0,0.045454545454545456,0.32558139534883723,0.26666666666666666,0.25065963060686014,0.13712374581939799,0.2175732217573222,956,Freddy Fermin,SD,293.0
666134,-94.7,3.8,0.4,13.3,11.4,113.0,166.0,142.0,477.0,320.0,0.008849557522123894,0.1746987951807229,0.16901408450704225,0.19077568134171907,0.1875,0.1683087027914614,1218,,,
666135,-43.6,27.3,-7.4,-30.2,25.0,83.0,180.0,96.0,248.0,277.0,0.12048192771084337,0.2722222222222222,0.19791666666666666,0.14919354838709678,0.26714801444043323,0.21380090497737556,884,,,
666139,51.6,-20.1,-5.5,8.7,-1.5,66.0,146.0,653.0,404.0,254.0,0.2727272727272727,0.14383561643835616,0.16998468606431852,0.19554455445544555,0.17716535433070865,0.1799080761654629,1523,Josh Lowe,LAA,241.0
666158,-33.4,-1.1,-12.3,19.0,-4.4,141.0,384.0,214.0,552.0,622.0,0.14893617021276595,0.22135416666666666,0.19626168224299065,0.266304347826087,0.21382636655948553,0.22373235755358076,1913,,,
666160,1.2,12.2,-90.1,7.9,21.7,101.0,263.0,172.0,400.0,415.0,0.1782178217821782,0.19771863117870722,0.01744186046511628,0.19,0.21445783132530122,0.17616580310880828,1351,Mickey Moniak,COL,32.0
666176,-124.4,-18.5,-17.1,29.1,5.4,46.0,255.0,244.0,396.0,570.0,-0.043478260869565216,0.1450980392156863,0.14754098360655737,0.2297979797979798,0.18771929824561404,0.17802779616148245,1511,Jo Adell,LAA,161.0
666181,-108.1,-117.8,-36.5,-5.9,99.5,88.0,120.0,112.0,408.0,303.0,-0.011363636363636364,-0.025,0.08928571428571429,0.1323529411764706,0.28052805280528054,0.14064015518913675,1031,Will Benson,CIN,271.0
666182,-57.3,-16.6,-4.4,32.0,12.6,184.0,310.0,1642.0,508.0,520.0,0.13043478260869565,0.25483870967741934,0.292326431181486,0.4035433070866142,0.34423076923076923,0.3056257901390645,3164,Bo Bichette,NYM,92.0
666185,24.5,-13.1,-12.4,12.9,-15.8,119.0,242.0,300.0,804.0,403.0,0.2605042016806723,0.18181818181818182,0.18333333333333332,0.236318407960199,0.1761786600496278,0.20931477516059957,1868,,,
666310,-81.1,-74.4,-51.0,40.9,47.7,121.0,179.0,105.0,268.0,368.0,0.03305785123966942,0.0446927374301676,0.08571428571428572,0.2462686567164179,0.25815217391304346,0.17483189241114314,1041,Bo Naylor,CLE,232.0
666397,-23.2,89.2,-49.6,30.1,-49.6,98.0,170.0,95.0,242.0,312.0,0.11224489795918367,0.27647058823529413,0.07368421052631578,0.19008264462809918,0.07371794871794872,0.14612868047982552,917,Edouard Julien,COL,300.0
666624,116.5,2.6,-3.2,21.4,-53.1,133.0,304.0,310.0,524.0,499.0,0.3609022556390977,0.17105263157894737,0.16129032258064516,0.20229007633587787,0.0781563126252505,0.16666666666666666,1770,,,
666915,-118.5,-27.2,-80.0,120.0,55.9,173.0,191.0,160.0,209.0,240.0,-0.017341040462427744,0.06806282722513089,0.01875,0.20574162679425836,0.14583333333333334,0.09352517985611511,973,,,
666969,-39.8,-31.2,11.4,7.0,-11.6,174.0,319.0,1800.0,317.0,502.0,0.1206896551724138,0.13793103448275862,0.22333333333333333,0.21451104100946372,0.17729083665338646,0.20051413881748073,3112,Adolis García,PHI,177.0
666971,-41.4,-14.9,5.3,19.0,-11.4,178.0,328.0,1742.0,506.0,577.0,0.17415730337078653,0.2530487804878049,0.31285878300803677,0.35375494071146246,0.2634315424610052,0.29720804563194236,3331,,,
667670,-30.7,-35.3,-25.9,38.2,9.1,192.0,447.0,272.0,619.0,558.0,0.18229166666666666,0.17002237136465326,0.1948529411764706,0.36348949919224555,0.2867383512544803,0.2629310344827586,2088,Brent Rooker,ATH,214.0
668227,-37.0,-51.3,9.6,17.8,15.0,297.0,410.0,1490.0,508.0,578.0,0.15151515151515152,0.11707317073170732,0.26375838926174494,0.28346456692913385,0.2768166089965398,0.24063356685957965,3283,Randy Arozarena,SEA,148.0
668670,-191.3,-0.3,46.5,-22.5,67.7,105.0,166.0,113.0,371.0,343.0,-0.10476190476190476,0.1144578313253012,0.168141592920354,0.0889487870619946,0.1924198250728863,0.11475409836065574,1098,,,
668709,1.0,42.9,-63.2,0.0,11.9,158.0,317.0,293.0,358.0,401.0,0.23417721518987342,0.3312302839116719,0.08532423208191127,0.23184357541899442,0.2593516209476309,0.2318271119842829,1527,,,
668715,15.7,-42.3,-21.6,25.3,-6.9,170.0,296.0,213.0,732.0,586.0,0.31176470588235294,0.1554054054054054,0.2112676056338028,0.337431693989071,0.2508532423208191,0.2694041061592389,1997,Spencer Steer,CIN,83.0
668731,-71.3,-55.2,74.6,14.6,18.1,127.0,190.0,101.0,313.0,412.0,0.047244094488188976,0.07368421052631578,0.2871287128712871,0.18849840255591055,0.1941747572815534,0.16447944006999124,1143,,,
668800,-4.4,-32.2,-28.1,5.4,27.9,73.0,131.0,150.0,361.0,243.0,0.1506849315068493,0.10687022900763359,0.11333333333333333,0.16620498614958448,0.20164609053497942,0.15762004175365343,958,,,
668804,11.2,-10.4,1.9,14.6,-11.3,370.0,619.0,337.0,1140.0,1326.0,0.327027027027027,0.2633279483037157,0.2997032640949555,0.3368421052631579,0.2609351432880845,0.29404008438818563,3792,Bryan Reynolds,PIT,169.0
668901,49.0,-28.9,-24.6,4.9,9.8,61.0,199.0,134.0,342.0,451.0,0.29508196721311475,0.1407035175879397,0.14925373134328357,0.20760233918128654,0.21729490022172948,0.1979780960404381,1187,Mark Vientos,NYM,201.0
668904,-48.8,6.5,-0.1,-2.9,3.2,21.0,128.0,140.0,340.0,379.0,0.14285714285714285,0.296875,0.2785714285714286,0.27058823529411763,0.287598944591029,0.2787698412698413,1008,Royce Lewis,MIN,218.0
668930,46.7,-48.2,-10.9,8.9,29.3,99.0,114.0,968.0,221.0,323.0,0.32323232323232326,0.11403508771929824,0.1962809917355372,0.2398190045248869,0.2848297213622291,0.22028985507246376,1725,Brice Turang,MIL,38.0
668939,5.2,22.8,17.7,1.3,-23.0,199.0,275.0,348.0,713.0,625.0,0.33668341708542715,0.3927272727272727,0.3764367816091954,0.32398316970546986,0.2464,0.3199074074074074,2160,Adley Rutschman,BAL,35.0
668942,51.9,-30.0,5.3,27.7,-22.0,173.0,368.0,933.0,288.0,492.0,0.28901734104046245,0.1331521739130435,0.20042872454448016,0.24305555555555555,0.1483739837398374,0.19032830523513752,2254,,,
669004,-49.9,-26.7,2.8,15.1,6.7,140.0,243.0,168.0,666.0,435.0,0.09285714285714286,0.13580246913580246,0.19047619047619047,0.2132132132132132,0.19770114942528735,0.18523002421307505,1652,,,
669016,-92.3,31.6,40.6,6.5,-17.3,168.0,329.0,308.0,625.0,664.0,0.011904761904761904,0.20364741641337386,0.21753246753246752,0.1648,0.1280120481927711,0.15472779369627507,2094,Brandon Marsh,PHI,90.0
669127,4.2,-53.5,4.2,26.6,18.2,180.0,394.0,268.0,428.0,430.0,0.25,0.1116751269035533,0.25,0.3037383177570093,0.2837209302325581,0.24,1700,Shea Langeliers,ATH,14.0
669221,-23.4,-29.1,56.9,-3.4,1.1,136.0,503.0,332.0,531.0,654.0,0.19117647058823528,0.17693836978131214,0.39156626506024095,0.24105461393596986,0.25229357798165136,0.24953617810760667,2156,,,
669222,1.5,-6.0,-3.0,-18.0,29.4,141.0,252.0,117.0,614.0,431.0,0.20567375886524822,0.19047619047619047,0.19658119658119658,0.16612377850162866,0.26218097447795824,0.20257234726688103,1555,,,
669224,-47.9,-57.4,7.4,48.9,-0.8,90.0,180.0,119.0,286.0,262.0,0.12222222222222222,0.1,0.25210084033613445,0.34965034965034963,0.23282442748091603,0.23479188900747064,937,Austin Wells,NYY,144.0
669242,-23.4,-18.4,-22.5,0.3,23.6,174.0,404.0,294.0,1091.0,755.0,0.21839080459770116,0.23267326732673269,0.22108843537414966,0.2859761686526123,0.352317880794702,0.2851361295069904,2718,,,
669257,-9.6,12.2,8.6,3.4,-10.7,194.0,615.0,342.0,639.0,999.0,0.30927835051546393,0.383739837398374,0.3713450292397661,0.3536776212832551,0.3053053053053053,0.3420580853352456,2789,Will Smith,LAD,51.0
669261,-5.1,52.9,-137.7,-46.7,70.5,160.0,211.0,151.0,415.0,423.0,0.15,0.24170616113744076,-0.059602649006622516,0.08433734939759036,0.2695035460992908,0.15808823529411764,1360,,,
669289,3.9,-29.7,10.0,4.4,-4.2,110.0,233.0,606.0,423.0,338.0,0.2727272727272727,0.18454935622317598,0.2887788778877888,0.27423167848699764,0.2514792899408284,0.2625730994152047,1710,,,
669304,-27.1,-10.3,41.7,-21.1,16.4,158.0,232.0,118.0,212.0,380.0,0.1962025316455696,0.2413793103448276,0.3813559322033898,0.21226415094339623,0.3131578947368421,0.2690909090909091,1100,,,
669357,47.4,-37.6,73.3,19.6,-58.5,93.0,208.0,179.0,700.0,400.0,0.20430107526881722,0.08653846153846154,0.24022346368715083,0.1657142857142857,0.0575,0.13860759493670885,1580,Nolan Gorman,STL,289.0
669364,-4.5,-40.4,-3.5,35.6,-3.5,35.0,81.0,596.0,167.0,127.0,0.2571428571428571,0.16049382716049382,0.2600671140939597,0.3652694610778443,0.25984251968503935,0.26938369781312127,1006,Xavier Edwards,MIA,62.0
669374,-100.0,62.5,-62.6,56.2,43.5,51.0,83.0,323.0,209.0,193.0,0.0,0.2289156626506024,0.05263157894736842,0.22009569377990432,0.20207253886010362,0.1408614668218859,859,,,
669394,30.5,-92.6,1.8,51.6,-13.8,201.0,175.0,739.0,261.0,344.0,0.3034825870646766,0.017142857142857144,0.2368064952638701,0.3524904214559387,0.2005813953488372,0.23255813953488372,1720,Jake Burger,TEX,213.0
669397,12.7,-19.1,-32.8,6.6,22.6,102.0,295.0,158.0,282.0,339.0,0.12745098039215685,0.09152542372881356,0.0759493670886076,0.12056737588652482,0.13864306784660768,0.1130952380952381,1176,,,
669701,-59.7,16.6,0.6,11.3,-2.1,87.0,173.0,963.0,193.0,224.0,0.09195402298850575,0.2658959537572254,0.22949117341640707,0.2538860103626943,0.22321428571428573,0.2280487804878049,1640,Josh Smith,TEX,251.0
669707,-31.5,30.2,-34.5,6.4,-3.0,70.0,175.0,119.0,321.0,346.0,0.11428571428571428,0.21714285714285714,0.1092436974789916,0.17757009345794392,0.16184971098265896,0.16682832201745879,1031,,,
669720,6.0,12.4,-21.6,-11.5,16.8,193.0,343.0,346.0,844.0,697.0,0.2694300518134715,0.2857142857142857,0.1994219653179191,0.22511848341232227,0.296987087517934,0.2542302930251754,2423,,,
669743,-2.0,-19.9,11.0,15.7,-14.3,111.0,117.0,125.0,350.0,302.0,0.26126126126126126,0.21367521367521367,0.296,0.30857142857142855,0.22847682119205298,0.26666666666666666,1005,,,
669911,-4.2,6.5,-62.3,65.9,-88.4,119.0,107.0,110.0,462.0,269.0,0.09243697478991597,0.102803738317757,0.03636363636363636,0.16017316017316016,0.011152416356877323,0.09653233364573571,1067,,,
670032,32.4,-20.9,-33.6,12.0,-4.3,211.0,342.0,230.0,861.0,538.0,0.3033175355450237,0.18128654970760233,0.15217391304347827,0.25667828106852497,0.21933085501858737,0.229147571035747,2182,,,
670042,11.3,25.3,-37.0,2.8,15.6,170.0,262.0,353.0,184.0,255.0,0.2,0.22519083969465647,0.11331444759206799,0.18478260869565216,0.20784313725490197,0.17973856209150327,1224,Luke Raley,SEA,270.0
670242,77.9,-55.9,-52.5,14.1,8.7,76.0,163.0,80.0,311.0,342.0,0.42105263157894735,0.10429447852760736,0.1125,0.27009646302250806,0.2573099415204678,0.2366255144032922,972,Matt Wallner,MIN,312.0
670541,-15.7,3.9,-2.0,-7.2,15.9,150.0,286.0,1736.0,270.0,416.0,0.36,0.44405594405594406,0.41877880184331795,0.3962962962962963,0.4951923076923077,0.427221833449965,2858,Yordan Alvarez,HOU,1.0
670623,-43.2,-15.2,14.9,-20.0,-3.2,135.0,198.0,1108.0,328.0,347.0,0.1925925925925926,0.2878787878787879,0.3898916967509025,0.27134146341463417,0.3285302593659942,0.3393194706994329,2116,Isaac Paredes,HOU,101.0
670764,-80.1,115.8,10.0,-6.5,-64.2,84.0,143.0,743.0,357.0,233.0,0.023809523809523808,0.25874125874125875,0.13189771197846567,0.11204481792717087,0.04291845493562232,0.11987179487179488,1560,Taylor Walls,TB,317.0
670770,-56.2,-5.6,-15.2,0.0,19.7,108.0,274.0,238.0,687.0,569.0,0.1388888888888889,0.29927007299270075,0.2689075630252101,0.3173216885007278,0.37961335676625657,0.31716417910447764,1876,TJ Friedl,CIN,204.0
671213,-22.4,33.3,-76.5,35.7,21.7,211.0,200.0,162.0,160.0,219.0,0.2037914691943128,0.35,0.06172839506172839,0.35625,0.319634703196347,0.26260504201680673,952,,,
671218,-32.9,-8.0,33.6,36.5,-14.8,149.0,563.0,136.0,223.0,224.0,0.1476510067114094,0.2024866785079929,0.29411764705882354,0.3004484304932735,0.1875,0.22007722007722008,1295,Heliot Ramos,SF,159.0
671277,-17.3,7.1,-10.0,-0.3,6.1,182.0,264.0,253.0,792.0,668.0,0.22527472527472528,0.2916666666666667,0.2450592885375494,0.27146464646464646,0.28892215568862273,0.27234830940250115,2159,Luis García Jr.,WSH,77.0
671289,-10.8,4.3,4.7,4.7,-7.2,79.0,153.0,124.0,397.0,312.0,0.24050632911392406,0.28104575163398693,0.28225806451612906,0.28211586901763225,0.25,0.26948356807511736,1065,Tyler Freeman,COL,125.0
671732,9.0,-24.5,-61.6,48.5,-14.9,115.0,230.0,163.0,396.0,306.0,0.22608695652173913,0.1565217391304348,0.07975460122699386,0.30808080808080807,0.17647058823529413,0.20743801652892563,1210,Lawrence Butler,ATH,235.0
671739,-44.9,-43.3,13.1,12.9,2.9,88.0,270.0,231.0,826.0,667.0,0.14772727272727273,0.15185185185185185,0.30303030303030304,0.3026634382566586,0.27586206896551724,0.2680115273775216,2082,Michael Harris II,ATL,25.0
672275,-117.5,21.3,-17.9,13.0,-5.8,96.0,568.0,133.0,223.0,232.0,-0.020833333333333332,0.1443661971830986,0.09774436090225563,0.13452914798206278,0.11206896551724138,0.11900958466453675,1252,Patrick Bailey,SF,309.0
672284,41.2,-85.6,-15.2,44.1,18.6,296.0,336.0,199.0,290.0,366.0,0.17567567567567569,0.017857142857142856,0.10552763819095477,0.1793103448275862,0.14754098360655737,0.12441156691324814,1487,,,
672356,20.3,-48.5,-117.3,53.9,14.9,179.0,223.0,83.0,224.0,325.0,0.08379888268156424,0.03587443946188341,-0.012048192771084338,0.10714285714285714,0.08,0.06963249516441006,1034,,,
672386,-13.8,3.2,-1.0,16.1,-6.0,105.0,150.0,1174.0,264.0,351.0,0.29523809523809524,0.35333333333333333,0.3390119250425894,0.3977272727272727,0.32193732193732194,0.3424657534246575,2044,,,
672515,-43.8,-51.0,1.1,19.3,44.9,80.0,134.0,619.0,113.0,167.0,0.1625,0.1417910447761194,0.2924071082390953,0.34513274336283184,0.41916167664670656,0.2893081761006289,1113,Gabriel Moreno,AZ,123.0
672580,-4.9,-42.0,-38.8,12.3,19.8,94.0,288.0,184.0,706.0,558.0,0.24468085106382978,0.14930555555555555,0.15760869565217392,0.28895184135977336,0.30824372759856633,0.2573770491803279,1830,Maikel Garcia,KC,58.0
672640,66.5,8.2,-2.7,15.7,-30.1,32.0,95.0,571.0,194.0,147.0,0.4375,0.28421052631578947,0.25569176882662,0.30412371134020616,0.1836734693877551,0.2627526467757459,1039,Otto Lopez,MIA,86.0
672695,-44.5,1.6,5.0,-2.9,-8.4,63.0,196.0,1255.0,270.0,355.0,0.15873015873015872,0.29081632653061223,0.300398406374502,0.2777777777777778,0.2619718309859155,0.2861150070126227,2139,Geraldo Perdomo,AZ,33.0
672761,50.6,24.8,-2.3,-1.1,-10.8,29.0,84.0,76.0,340.0,279.0,0.3448275862068966,0.2857142857142857,0.2236842105263158,0.22647058823529412,0.20430107526881722,0.22896039603960397,808,Wenceel Pérez,DET,98.0
672820,-29.9,-40.9,17.2,23.9,11.9,142.0,215.0,66.0,299.0,400.0,0.1267605633802817,0.10697674418604651,0.21212121212121213,0.22408026755852842,0.2025,0.18092691622103388,1122,Lenyn Sosa,TOR,239.0
673237,-64.8,-28.0,17.2,-29.3,-12.8,77.0,113.0,963.0,182.0,237.0,0.1038961038961039,0.21238938053097345,0.34579439252336447,0.2087912087912088,0.25738396624472576,0.2951653944020356,1572,Yainer Diaz,HOU,158.0
673357,-18.3,26.2,-54.4,-4.2,18.0,358.0,346.0,230.0,533.0,681.0,0.1871508379888268,0.28901734104046245,0.10434782608695652,0.21951219512195122,0.2701908957415565,0.22905027932960895,2148,Luis Robert Jr.,NYM,168.0
673490,2.1,-12.3,-7.5,10.5,7.9,125.0,668.0,250.0,397.0,717.0,0.256,0.22005988023952097,0.232,0.2770780856423174,0.2705718270571827,0.2508113120074177,2157,,,
673548,15.8,0.7,11.6,-4.5,-8.4,288.0,445.0,286.0,571.0,666.0,0.3229166666666667,0.2808988764044944,0.3111888111888112,0.266199649737303,0.2552552552552553,0.27881205673758863,2256,Seiya Suzuki,CHC,69.0
673962,109.9,-51.0,-15.6,79.0,-3.9,82.0,102.0,803.0,121.0,208.0,0.3780487804878049,0.08823529411764706,0.1519302615193026,0.32231404958677684,0.17307692307692307,0.18009118541033434,1316,Josh Jung,TEX,59.0
676059,3.3,-20.7,0.0,28.7,-42.0,92.0,115.0,133.0,437.0,249.0,0.2717391304347826,0.20869565217391303,0.2631578947368421,0.33867276887871856,0.15261044176706828,0.2631578947368421,1026,,,
676391,3.5,19.8,1.7,15.1,-29.7,66.0,134.0,662.0,270.0,272.0,0.30303030303030304,0.35074626865671643,0.297583081570997,0.337037037037037,0.20588235294117646,0.29273504273504275,1404,Ernie Clement,TOR,74.0
676475,-28.7,5.7,-0.7,10.5,-10.5,100.0,176.0,178.0,640.0,447.0,0.23,0.3409090909090909,0.3202247191011236,0.35625,0.28859060402684567,0.32251784555483454,1541,Alec Burleson,STL,16.0
676609,19.6,5.9,-12.6,8.3,0.8,78.0,151.0,389.0,277.0,238.0,0.1794871794871795,0.15894039735099338,0.13110539845758354,0.1624548736462094,0.15126050420168066,0.1500441306266549,1133,José Caballero,NYY,253.0
676694,112.2,-34.3,-18.9,71.8,-24.1,97.0,127.0,919.0,217.0,198.0,0.38144329896907214,0.11811023622047244,0.1458106637649619,0.3087557603686636,0.13636363636363635,0.1797175866495507,1558,,,
676801,-92.2,-14.4,15.6,28.7,-42.2,67.0,146.0,919.0,174.0,261.0,0.014925373134328358,0.1643835616438356,0.2219804134929271,0.2471264367816092,0.1111111111111111,0.19208679004467136,1567,,,
676914,-64.9,23.6,11.7,18.7,-77.5,15.0,81.0,467.0,142.0,117.0,0.06666666666666667,0.2345679012345679,0.21199143468950749,0.22535211267605634,0.042735042735042736,0.1897810218978102,822,Davis Schneider,TOR,267.0
677551,43.6,-24.4,-3.8,-0.7,5.4,89.0,81.0,689.0,134.0,149.0,0.5393258426966292,0.2839506172839506,0.3613933236574746,0.373134328358209,0.3959731543624161,0.37565674255691767,1142,,,
677587,-17.4,78.3,53.7,-7.0,-35.3,106.0,131.0,95.0,245.0,334.0,0.14150943396226415,0.3053435114503817,0.2631578947368421,0.15918367346938775,0.11077844311377245,0.1712403951701427,911,Brayan Rocchio,CLE,225.0
677594,-28.8,-21.1,-13.9,50.4,23.8,566.0,605.0,403.0,387.0,636.0,0.19081272084805653,0.2115702479338843,0.23076923076923078,0.40310077519379844,0.33176100628930816,0.268001540238737,2597,Julio Rodríguez,SEA,120.0
677649,-42.6,-7.7,9.8,-79.5,36.6,45.0,140.0,677.0,126.0,175.0,0.08888888888888889,0.14285714285714285,0.16986706056129985,0.031746031746031744,0.21142857142857144,0.15477214101461736,1163,Ezequiel Duran,TEX,280.0
677800,41.8,-54.0,85.4,-6.6,-34.3,144.0,148.0,149.0,240.0,268.0,0.3541666666666667,0.11486486486486487,0.46308724832214765,0.23333333333333334,0.16417910447761194,0.24973656480505796,949,Wilyer Abreu,BOS,57.0
677950,-28.4,-36.4,-6.1,103.1,-32.2,47.0,141.0,764.0,185.0,248.0,0.1276595744680851,0.11347517730496454,0.16753926701570682,0.3621621621621622,0.12096774193548387,0.17833935018050542,1385,Alek Thomas,AZ,240.0
677951,-32.8,-27.6,-18.0,12.8,15.2,221.0,426.0,301.0,1034.0,740.0,0.2398190045248869,0.25821596244131456,0.292358803986711,0.402321083172147,0.41081081081081083,0.3567229977957384,2722,Bobby Witt Jr.,KC,17.0
678246,5.6,12.1,41.6,-12.8,-11.4,179.0,247.0,90.0,257.0,387.0,0.24022346368715083,0.2550607287449393,0.32222222222222224,0.19844357976653695,0.20155038759689922,0.22758620689655173,1160,Miguel Vargas,CWS,61.0
678662,-19.5,-13.2,6.5,28.5,-25.6,169.0,333.0,197.0,609.0,427.0,0.14201183431952663,0.15315315315315314,0.18781725888324874,0.22660098522167488,0.13114754098360656,0.17636887608069166,1735,Ezequiel Tovar,COL,302.0
678882,-70.4,11.0,9.8,18.5,3.3,160.0,218.0,163.0,324.0,382.0,0.05625,0.21100917431192662,0.2085889570552147,0.22530864197530864,0.19633507853403143,0.19005613472333602,1247,Ceddanne Rafaela,BOS,233.0
679529,-16.0,10.6,-17.7,19.5,-12.3,291.0,413.0,185.0,587.0,642.0,0.18213058419243985,0.2397094430992736,0.1783783783783784,0.25894378194207834,0.19003115264797507,0.21671388101983002,2118,Spencer Torkelson,DET,122.0
680574,77.2,-63.6,-100.0,17.2,24.2,44.0,107.0,110.0,423.0,296.0,0.3181818181818182,0.06542056074766354,0.0,0.21040189125295508,0.22297297297297297,0.17959183673469387,980,Matt McLain,CIN,288.0
680757,9.6,-14.9,3.6,4.9,-1.8,389.0,424.0,236.0,683.0,857.0,0.3856041131105398,0.29952830188679247,0.3644067796610169,0.3689604685212299,0.3453908984830805,0.3518733101583623,2589,Steven Kwan,CLE,139.0
680776,21.7,-42.2,-5.5,11.8,6.0,292.0,366.0,262.0,575.0,633.0,0.3047945205479452,0.1448087431693989,0.2366412213740458,0.28,0.26540284360189575,0.25046992481203006,2128,Jarren Duran,BOS,173.0
680777,-53.7,24.9,0.0,34.2,-25.4,189.0,308.0,201.0,508.0,586.0,0.10582010582010581,0.2857142857142857,0.22885572139303484,0.30708661417322836,0.17064846416382254,0.22879464285714285,1792,Ryan Jeffers,MIN,72.0
680869,-151.9,-34.3,-10.4,30.9,48.3,71.0,252.0,113.0,239.0,273.0,-0.056338028169014086,0.07142857142857142,0.09734513274336283,0.14225941422594143,0.16117216117216118,0.10864978902953587,948,,,
680911,53.8,51.3,20.3,-54.5,-3.7,92.0,113.0,255.0,272.0,300.0,0.2608695652173913,0.25663716814159293,0.20392156862745098,0.07720588235294118,0.16333333333333333,0.1695736434108527,1032,,,
680977,-4.2,5.2,-41.8,5.6,6.0,148.0,309.0,208.0,828.0,513.0,0.32432432432432434,0.3559870550161812,0.1971153846153846,0.357487922705314,0.3586744639376218,0.33848454636091724,2006,Brendan Donovan,SEA,114.0
681082,-18.2,-15.9,30.3,-3.3,3.1,198.0,345.0,318.0,744.0,632.0,0.21717171717171718,0.22318840579710145,0.34591194968553457,0.2567204301075269,0.2737341772151899,0.26553419758605273,2237,Bryson Stott,PHI,87.0
681297,257.9,58.9,-20.4,-20.8,-14.3,39.0,101.0,149.0,432.0,277.0,0.5128205128205128,0.22772277227722773,0.11409395973154363,0.11342592592592593,0.12274368231046931,0.1432865731462926,998,Colton Cowser,BAL,321.0
681351,98.8,13.2,-68.6,14.0,-14.3,89.0,268.0,141.0,255.0,435.0,0.3146067415730337,0.1791044776119403,0.04964539007092199,0.1803921568627451,0.135632183908046,0.15824915824915825,1188,Logan O'Hoppe,LAA,311.0
681481,21.8,-56.9,-10.3,38.0,-5.3,149.0,254.0,126.0,387.0,416.0,0.35570469798657717,0.12598425196850394,0.2619047619047619,0.40310077519379844,0.2764423076923077,0.29204204204204204,1332,Kerry Carpenter,DET,128.0
681546,47.5,-85.4,-66.8,143.3,11.1,110.0,222.0,122.0,130.0,292.0,0.18181818181818182,0.018018018018018018,0.040983606557377046,0.3,0.136986301369863,0.1232876712328767,876,,,
681624,-14.7,14.4,-20.0,-5.6,1.7,62.0,288.0,117.0,263.0,328.0,0.20967741935483872,0.28125,0.19658119658119658,0.23193916349809887,0.25,0.24574669187145556,1058,Andy Pages,LAD,80.0
682626,-3.1,38.0,-7.0,42.9,-43.1,87.0,193.0,105.0,261.0,406.0,0.21839080459770116,0.31088082901554404,0.20952380952380953,0.3218390804597701,0.12807881773399016,0.2252851711026616,1052,Francisco Alvarez,NYM,165.0
682829,74.5,57.5,-18.7,5.8,-39.8,123.0,206.0,221.0,741.0,531.0,0.34959349593495936,0.3155339805825243,0.16289592760180996,0.21187584345479082,0.12052730696798493,0.20032930845225028,1822,Elly De La Cruz,CIN,50.0
682928,-5.7,-7.6,-8.4,-3.4,12.1,173.0,328.0,246.0,744.0,662.0,0.24277456647398843,0.23780487804878048,0.23577235772357724,0.24865591397849462,0.28851963746223563,0.2573153738968881,2153,CJ Abrams,WSH,39.0
682985,-19.4,-2.6,24.1,21.5,-21.2,235.0,313.0,227.0,642.0,656.0,0.17446808510638298,0.2108626198083067,0.2687224669603524,0.2632398753894081,0.17073170731707318,0.21659430776652194,2073,Riley Greene,DET,131.0
682998,-8.9,-38.5,3.8,35.1,-10.8,99.0,220.0,1202.0,238.0,327.0,0.30303030303030304,0.20454545454545456,0.3452579034941764,0.4495798319327731,0.2966360856269113,0.3326941514860978,2086,Corbin Carroll,AZ,60.0
683002,-62.2,20.4,-4.8,32.1,-25.8,190.0,279.0,281.0,741.0,633.0,0.11578947368421053,0.36917562724014336,0.2918149466192171,0.4048582995951417,0.22748815165876776,0.3064971751412429,2124,Gunnar Henderson,BAL,55.0
683011,30.5,33.1,-2.0,-1.2,-36.3,221.0,377.0,259.0,531.0,498.0,0.22624434389140272,0.23076923076923078,0.16988416988416988,0.1713747645951036,0.11044176706827309,0.17338282078472958,1886,,,
683146,15.1,19.7,6.4,12.6,-32.9,156.0,238.0,64.0,253.0,323.0,0.1858974358974359,0.19327731092436976,0.171875,0.18181818181818182,0.10835913312693499,0.16150870406189555,1034,Brett Baty,NYM,307.0
683734,-13.2,-33.7,18.3,9.0,11.0,407.0,480.0,374.0,591.0,853.0,0.22358722358722358,0.17083333333333334,0.3048128342245989,0.2808798646362098,0.28604923798358733,0.2576709796672828,2705,,,
683737,20.3,-49.8,31.3,32.4,-22.8,150.0,217.0,146.0,355.0,365.0,0.32,0.1336405529953917,0.3493150684931507,0.352112676056338,0.2054794520547945,0.2660178426601784,1233,Michael Busch,CHC,174.0
686217,-64.9,-24.1,8.8,-10.6,7.9,72.0,81.0,744.0,186.0,258.0,0.09722222222222222,0.20987654320987653,0.3010752688172043,0.24731182795698925,0.29844961240310075,0.2766592095451156,1341,Sal Frelick,MIL,108.0
686469,3.8,1.2,-39.1,16.0,-6.9,161.0,303.0,216.0,661.0,453.0,0.37888198757763975,0.3696369636963696,0.2222222222222222,0.4236006051437216,0.33995584988962474,0.36510590858416947,1794,Vinnie Pasquantino,KC,46.0
686668,34.3,13.4,-96.6,45.7,-35.7,152.0,234.0,203.0,570.0,413.0,0.19736842105263158,0.16666666666666666,0.0049261083743842365,0.21403508771929824,0.09443099273607748,0.14694656488549618,1572,Brenton Doyle,COL,313.0
686681,-153.7,-47.3,-49.5,41.2,28.3,100.0,195.0,124.0,475.0,394.0,-0.12,0.11794871794871795,0.11290322580645161,0.3157894736842105,0.2868020304568528,0.2236024844720497,1288,Michael Massey,KC,269.0
686823,-2.6,17.7,-11.4,27.7,-23.1,147.0,155.0,109.0,185.0,270.0,0.272108843537415,0.32903225806451614,0.24770642201834864,0.3567567567567568,0.21481481481481482,0.279445727482679,866,,,
687263,-54.7,11.0,30.5,-16.1,-2.2,73.0,384.0,206.0,340.0,482.0,0.1095890410958904,0.2682291666666667,0.3155339805825243,0.20294117647058824,0.23651452282157676,0.24175084175084174,1485,Zach Neto,LAA,215.0
687401,-33.3,44.2,-0.4,-8.0,-5.9,53.0,98.0,550.0,120.0,230.0,0.1509433962264151,0.32653061224489793,0.22545454545454546,0.20833333333333334,0.21304347826086956,0.22645099904852523,1051,Joey Ortiz,MIL,242.0
687462,-67.8,-37.8,-27.6,7.2,51.4,10.0,93.0,293.0,234.0,206.0,0.1,0.1935483870967742,0.22525597269624573,0.3333333333333333,0.470873786407767,0.31100478468899523,836,Spencer Horwitz,PIT,118.0
690993,-9.5,-34.2,-12.9,7.0,18.2,121.0,160.0,87.0,370.0,285.0,0.21487603305785125,0.15625,0.20689655172413793,0.25405405405405407,0.2807017543859649,0.2375366568914956,1023,Colt Keith,DET,180.0
691016,95.1,-9.0,-43.8,39.7,-52.5,72.0,168.0,125.0,349.0,261.0,0.4722222222222222,0.22023809523809523,0.136,0.33810888252148996,0.11494252873563218,0.24205128205128204,975,Tyler Soderstrom,ATH,70.0
691023,-72.3,-48.3,4.1,16.0,20.7,91.0,134.0,121.0,380.0,313.0,0.04395604395604396,0.08208955223880597,0.1652892561983471,0.18421052631578946,0.19169329073482427,0.1588065447545717,1039,Jordan Walker,STL,109.0
691026,-30.1,79.4,-31.9,17.7,-40.7,73.0,147.0,125.0,578.0,387.0,0.1643835616438356,0.4217687074829932,0.16,0.2768166089965398,0.13953488372093023,0.23511450381679388,1310,Masyn Winn,STL,231.0
691406,-66.9,-31.8,-3.1,19.0,-16.5,9.0,96.0,175.0,390.0,196.0,0.1111111111111111,0.22916666666666666,0.32571428571428573,0.4,0.28061224489795916,0.33602771362586603,866,Junior Caminero,TB,13.0
691718,-4.6,14.1,-36.9,52.0,-45.4,113.0,189.0,121.0,325.0,321.0,0.21238938053097345,0.25396825396825395,0.14049586776859505,0.3384615384615385,0.12149532710280374,0.2226379794200187,1069,Pete Crow-Armstrong,CHC,157.0
693304,-100.0,34.7,-46.0,-25.7,40.3,8.0,113.0,97.0,410.0,295.0,0.0,0.2831858407079646,0.1134020618556701,0.15609756097560976,0.29491525423728815,0.21018418201516792,923,Nick Gonzales,PIT,257.0
694192,-100.0,-19.9,4.8,13.1,16.7,68.0,83.0,671.0,130.0,210.0,0.0,0.2289156626506024,0.2995529061102832,0.3230769230769231,0.3333333333333333,0.2857142857142857,1162,,,
694384,-26.9,-20.6,-14.8,1.5,18.3,64.0,286.0,149.0,293.0,511.0,0.21875,0.23776223776223776,0.2550335570469799,0.3037542662116041,0.3542074363992172,0.2993092862624712,1303,Nolan Schanuel,LAA,134.0
694671,27.8,-21.0,-2.4,-6.3,21.6,68.0,105.0,692.0,135.0,130.0,0.3235294117647059,0.2,0.24710982658959538,0.23703703703703705,0.3076923076923077,0.25309734513274335,1130,Wyatt Langford,TEX,176.0
695578,131.9,3.1,-19.2,-0.7,-17.6,58.0,126.0,109.0,411.0,321.0,0.5,0.2222222222222222,0.1743119266055046,0.2141119221411192,0.17757009345794392,0.21560975609756097,1025,James Wood,WSH,63.0
696100,-7.5,-29.0,37.3,36.1,-50.1,91.0,172.0,92.0,331.0,194.0,0.21978021978021978,0.1686046511627907,0.32608695652173914,0.32326283987915405,0.11855670103092783,0.2375,880,Hunter Goodman,COL,132.0
696285,-22.3,-77.6,19.0,35.8,-17.2,80.0,126.0,133.0,387.0,280.0,0.1375,0.03968253968253968,0.21052631578947367,0.24031007751937986,0.14642857142857144,0.17693836978131214,1006,Jacob Young,WSH,252.0
701538,40.1,-20.8,-14.4,7.2,11.7,59.0,309.0,130.0,166.0,404.0,0.4406779661016949,0.24919093851132687,0.2692307692307692,0.3373493975903614,0.35148514851485146,0.3146067415730337,1068,Jackson Merrill,SD,136.0
702616,-89.3,-54.6,-40.3,35.3,2.4,54.0,76.0,106.0,357.0,264.0,0.018518518518518517,0.07894736842105263,0.10377358490566038,0.23529411764705882,0.17803030303030304,0.17386231038506417,857,,,
807799,24.7,-2.2,-27.5,-0.3,3.8,183.0,200.0,188.0,318.0,317.0,0.4207650273224044,0.33,0.24468085106382978,0.33647798742138363,0.3501577287066246,0.33747927031509123,1206,Masataka Yoshida,BOS,91.0
